2025.04.21 11:48:59 dotenv.main          WARNING  python-dotenv could not parse statement starting at line 5
2025.04.21 11:48:59 __main__             INFO     🤖 Starting bot...
2025.04.21 11:48:59 __main__             INFO     🚀 Starting bot initialization...
2025.04.21 11:48:59 __main__             INFO     ✅ Database initialized successfully
2025.04.21 11:48:59 core.spotify_handler INFO     Spotify API connection established.
2025.04.21 11:48:59 __main__             INFO     ✅ Spotify service initialized
2025.04.21 11:48:59 core.webprofile      INFO     Seçilmiş User-Agent: Mozilla/5.0 (Linux; Android 14; SM-G998B) AppleWebKit/537.36 (KHTML, like Gecko) Chrome/122.0.0.0 Mobile Safari/537.36
2025.04.21 11:48:59 core.youtube_handler INFO     firefox brauzerindən cookies istifadə edilir.
2025.04.21 11:48:59 __main__             INFO     ✅ YouTube services initialized (firefox)
2025.04.21 11:48:59 __main__             INFO     🔌 Loading plugins...
2025.04.21 11:48:59 __main__             INFO     🔍 Scanning plugins in: plugins
2025.04.21 11:48:59 __main__             INFO     🔄 Loading: plugins.spotify_plugin
2025.04.21 11:48:59 __main__             INFO     ✅ Loaded (sync): plugins.spotify_plugin
2025.04.21 11:48:59 __main__             INFO     🔄 Loading: plugins.menu_plugin
2025.04.21 11:48:59 __main__             INFO     ✅ Loaded (sync): plugins.menu_plugin
2025.04.21 11:48:59 __main__             INFO     🔄 Loading: plugins.sudo_plugin
2025.04.21 11:48:59 __main__             INFO     ✅ Loaded (sync): plugins.sudo_plugin
2025.04.21 11:48:59 __main__             INFO     🔄 Loading: plugins.youtube_plugin
2025.04.21 11:48:59 __main__             INFO     ✅ Loaded (sync): plugins.youtube_plugin
2025.04.21 11:48:59 __main__             INFO     🔄 Loading: plugins.neofetch_plugin
2025.04.21 11:48:59 __main__             INFO     ✅ Loaded (sync): plugins.neofetch_plugin
2025.04.21 11:48:59 __main__             INFO     🔄 Loading: plugins.id_command
2025.04.21 11:48:59 plugins.id_command   INFO     ✅ id_command plugin-i yükləndi
2025.04.21 11:48:59 __main__             INFO     ✅ Loaded (async): plugins.id_command
2025.04.21 11:48:59 __main__             INFO     🔄 Loading: plugins.report_plugin
2025.04.21 11:48:59 __main__             INFO     ✅ Loaded (async): plugins.report_plugin
2025.04.21 11:48:59 __main__             INFO     🔄 Loading: plugins.del_plugin
2025.04.21 11:48:59 __main__             INFO     ✅ Loaded (sync): plugins.del_plugin
2025.04.21 11:48:59 __main__             INFO     🔄 Loading: plugins.music_plugin
2025.04.21 11:48:59 __main__             INFO     ✅ Loaded (sync): plugins.music_plugin
2025.04.21 11:48:59 __main__             INFO     🔄 Loading: plugins.start_plugin
2025.04.21 11:48:59 __main__             INFO     ✅ Loaded (async): plugins.start_plugin
2025.04.21 11:48:59 __main__             INFO     🔄 Loading: plugins.stats_plugin
2025.04.21 11:48:59 __main__             INFO     ✅ Loaded (sync): plugins.stats_plugin
2025.04.21 11:48:59 __main__             INFO     🔄 Loading: plugins.dir_plugin
2025.04.21 11:48:59 __main__             INFO     ✅ Loaded (sync): plugins.dir_plugin
2025.04.21 11:48:59 __main__             INFO     🔄 Loading: plugins.broadcast_plugin
2025.04.21 11:48:59 __main__             INFO     ✅ Loaded (sync): plugins.broadcast_plugin
2025.04.21 11:48:59 __main__             INFO     🔄 Loading: plugins.speedtest_plugin
2025.04.21 11:48:59 __main__             INFO     ✅ Loaded (sync): plugins.speedtest_plugin
2025.04.21 11:48:59 __main__             INFO     🔄 Loading: plugins.bot_logs
2025.04.21 11:48:59 __main__             INFO     ✅ Loaded (async): plugins.bot_logs
2025.04.21 11:48:59 __main__             INFO     🔄 Loading: plugins.inline_youtube
2025.04.21 11:48:59 plugins.inline_youtube INFO     ✅ YouTube plugin aktiv oldu
2025.04.21 11:48:59 __main__             INFO     ✅ Loaded (sync): plugins.inline_youtube
2025.04.21 11:48:59 __main__             INFO     🚀 Starting polling...
2025.04.21 11:48:59 aiogram.dispatcher   INFO     Start polling
2025.04.21 11:48:59 aiogram.dispatcher   INFO     Run polling for bot @dllmasterbot id=8095621527 - 'DLLMaster 🍊'
2025.04.21 11:49:09 aiogram.event        INFO     Update id=511758153 is handled. Duration 147 ms by bot id=8095621527
2025.04.21 11:49:15 aiogram.event        INFO     Update id=511758154 is handled. Duration 1 ms by bot id=8095621527
2025.04.21 11:49:18 aiogram.event        INFO     Update id=511758155 is handled. Duration 122 ms by bot id=8095621527
2025.04.21 11:49:35 aiogram.event        INFO     Update id=511758156 is handled. Duration 54 ms by bot id=8095621527
2025.04.21 11:50:00 aiogram.event        INFO     Update id=511758159 is handled. Duration 2 ms by bot id=8095621527
2025.04.21 11:50:00 aiogram.event        INFO     Update id=511758157 is handled. Duration 4 ms by bot id=8095621527
2025.04.21 11:50:00 aiogram.event        INFO     Update id=511758158 is handled. Duration 4 ms by bot id=8095621527
2025.04.21 11:51:02 aiogram.event        INFO     Update id=511758160 is handled. Duration 1 ms by bot id=8095621527
2025.04.21 11:51:03 aiogram.event        INFO     Update id=511758161 is handled. Duration 58 ms by bot id=8095621527
2025.04.21 11:51:46 aiogram.event        INFO     Update id=511758162 is handled. Duration 1 ms by bot id=8095621527
2025.04.21 11:51:49 aiogram.event        INFO     Update id=511758163 is handled. Duration 73 ms by bot id=8095621527
2025.04.21 11:52:08 aiogram.event        INFO     Update id=511758164 is handled. Duration 1 ms by bot id=8095621527
2025.04.21 11:52:12 aiogram.event        INFO     Update id=511758165 is handled. Duration 101 ms by bot id=8095621527
2025.04.21 11:52:22 aiogram.event        INFO     Update id=511758166 is not handled. Duration 0 ms by bot id=8095621527
2025.04.21 11:52:40 aiogram.event        INFO     Update id=511758176 is handled. Duration 4 ms by bot id=8095621527
2025.04.21 11:52:40 aiogram.event        INFO     Update id=511758167 is handled. Duration 7 ms by bot id=8095621527
2025.04.21 11:52:40 aiogram.event        INFO     Update id=511758168 is handled. Duration 7 ms by bot id=8095621527
2025.04.21 11:52:40 aiogram.event        INFO     Update id=511758169 is handled. Duration 7 ms by bot id=8095621527
2025.04.21 11:52:40 aiogram.event        INFO     Update id=511758170 is handled. Duration 7 ms by bot id=8095621527
2025.04.21 11:52:40 aiogram.event        INFO     Update id=511758171 is handled. Duration 7 ms by bot id=8095621527
2025.04.21 11:52:40 aiogram.event        INFO     Update id=511758172 is handled. Duration 7 ms by bot id=8095621527
2025.04.21 11:52:40 aiogram.event        INFO     Update id=511758173 is handled. Duration 7 ms by bot id=8095621527
2025.04.21 11:52:40 aiogram.event        INFO     Update id=511758174 is handled. Duration 7 ms by bot id=8095621527
2025.04.21 11:52:40 aiogram.event        INFO     Update id=511758175 is handled. Duration 7 ms by bot id=8095621527
2025.04.21 11:53:37 aiogram.event        INFO     Update id=511758186 is handled. Duration 5 ms by bot id=8095621527
2025.04.21 11:53:37 aiogram.event        INFO     Update id=511758177 is handled. Duration 7 ms by bot id=8095621527
2025.04.21 11:53:37 aiogram.event        INFO     Update id=511758178 is handled. Duration 7 ms by bot id=8095621527
2025.04.21 11:53:37 aiogram.event        INFO     Update id=511758179 is handled. Duration 7 ms by bot id=8095621527
2025.04.21 11:53:37 aiogram.event        INFO     Update id=511758180 is handled. Duration 7 ms by bot id=8095621527
2025.04.21 11:53:37 aiogram.event        INFO     Update id=511758181 is handled. Duration 7 ms by bot id=8095621527
2025.04.21 11:53:37 aiogram.event        INFO     Update id=511758182 is handled. Duration 7 ms by bot id=8095621527
2025.04.21 11:53:37 aiogram.event        INFO     Update id=511758183 is handled. Duration 7 ms by bot id=8095621527
2025.04.21 11:53:37 aiogram.event        INFO     Update id=511758184 is handled. Duration 7 ms by bot id=8095621527
2025.04.21 11:53:37 aiogram.event        INFO     Update id=511758185 is handled. Duration 7 ms by bot id=8095621527
2025.04.21 11:54:57 aiogram.event        INFO     Update id=511758189 is handled. Duration 2 ms by bot id=8095621527
2025.04.21 11:54:57 aiogram.event        INFO     Update id=511758187 is handled. Duration 3 ms by bot id=8095621527
2025.04.21 11:54:57 aiogram.event        INFO     Update id=511758188 is handled. Duration 3 ms by bot id=8095621527
2025.04.21 11:55:02 aiogram.event        INFO     Update id=511758192 is handled. Duration 2 ms by bot id=8095621527
2025.04.21 11:55:02 aiogram.event        INFO     Update id=511758190 is handled. Duration 3 ms by bot id=8095621527
2025.04.21 11:55:02 aiogram.event        INFO     Update id=511758191 is handled. Duration 3 ms by bot id=8095621527
2025.04.21 11:59:38 aiogram.event        INFO     Update id=511758193 is handled. Duration 1 ms by bot id=8095621527
2025.04.21 12:03:48 core.webprofile      INFO     firefox brauzerindən cookies istifadə edilir.
2025.04.21 12:03:48 core.webprofile      INFO     Seçilmiş User-Agent: Mozilla/5.0 (X11; Linux x86_64) AppleWebKit/537.36 (KHTML, like Gecko) Chrome/122.0.0.0 Safari/537.36
2025.04.21 12:03:52 aiogram.event        INFO     Update id=511758194 is handled. Duration 4349 ms by bot id=8095621527
2025.04.21 12:03:56 core.webprofile      INFO     firefox brauzerindən cookies istifadə edilir.
2025.04.21 12:03:56 core.webprofile      INFO     Seçilmiş User-Agent: Mozilla/5.0 (Windows NT 10.0; Win64; x64; rv:120.0) Gecko/20100101 Firefox/120.0
2025.04.21 12:04:10 aiogram.event        INFO     Update id=511758195 is handled. Duration 14070 ms by bot id=8095621527
2025.04.21 12:14:40 aiogram.event        INFO     Update id=511758196 is handled. Duration 1 ms by bot id=8095621527
2025.04.21 12:14:49 aiogram.event        INFO     Update id=511758197 is handled. Duration 1 ms by bot id=8095621527
2025.04.21 12:15:04 aiogram.event        INFO     Update id=511758198 is handled. Duration 1 ms by bot id=8095621527
2025.04.21 12:15:22 aiogram.event        INFO     Update id=511758199 is handled. Duration 4 ms by bot id=8095621527
2025.04.21 12:15:22 aiogram.event        INFO     Update id=511758205 is handled. Duration 4 ms by bot id=8095621527
2025.04.21 12:15:22 aiogram.event        INFO     Update id=511758200 is handled. Duration 5 ms by bot id=8095621527
2025.04.21 12:15:22 aiogram.event        INFO     Update id=511758201 is handled. Duration 5 ms by bot id=8095621527
2025.04.21 12:15:22 aiogram.event        INFO     Update id=511758202 is handled. Duration 5 ms by bot id=8095621527
2025.04.21 12:15:22 aiogram.event        INFO     Update id=511758203 is handled. Duration 5 ms by bot id=8095621527
2025.04.21 12:15:22 aiogram.event        INFO     Update id=511758204 is handled. Duration 6 ms by bot id=8095621527
2025.04.21 12:17:08 aiogram.dispatcher   WARNING  Received SIGINT signal
2025.04.21 12:17:08 aiogram.dispatcher   INFO     Polling stopped for bot @dllmasterbot id=8095621527 - 'DLLMaster 🍊'
2025.04.21 12:17:08 aiogram.dispatcher   INFO     Polling stopped
2025.04.21 12:17:08 __main__             INFO     🛑 Polling stopped
2025.04.21 12:17:08 __main__             INFO     🔴 Bot stopped
2025.04.21 12:17:13 dotenv.main          WARNING  python-dotenv could not parse statement starting at line 5
2025.04.21 12:17:13 __main__             INFO     🤖 Starting bot...
2025.04.21 12:17:13 __main__             INFO     🚀 Starting bot initialization...
2025.04.21 12:17:13 __main__             INFO     ✅ Database initialized successfully
2025.04.21 12:17:13 core.spotify_handler INFO     Spotify API connection established.
2025.04.21 12:17:13 __main__             INFO     ✅ Spotify service initialized
2025.04.21 12:17:13 core.webprofile      INFO     Seçilmiş User-Agent: Mozilla/5.0 (X11; Linux x86_64) AppleWebKit/537.36 (KHTML, like Gecko) Chrome/122.0.0.0 Safari/537.36
2025.04.21 12:17:13 core.youtube_handler INFO     firefox brauzerindən cookies istifadə edilir.
2025.04.21 12:17:13 __main__             INFO     ✅ YouTube services initialized (firefox)
2025.04.21 12:17:13 __main__             INFO     🔌 Loading plugins...
2025.04.21 12:17:13 __main__             INFO     🔍 Scanning plugins in: plugins
2025.04.21 12:17:13 __main__             INFO     🔄 Loading: plugins.spotify_plugin
2025.04.21 12:17:13 __main__             INFO     ✅ Loaded (sync): plugins.spotify_plugin
2025.04.21 12:17:13 __main__             INFO     🔄 Loading: plugins.menu_plugin
2025.04.21 12:17:13 __main__             INFO     ✅ Loaded (sync): plugins.menu_plugin
2025.04.21 12:17:13 __main__             INFO     🔄 Loading: plugins.sudo_plugin
2025.04.21 12:17:13 __main__             INFO     ✅ Loaded (sync): plugins.sudo_plugin
2025.04.21 12:17:13 __main__             INFO     🔄 Loading: plugins.youtube_plugin
2025.04.21 12:17:13 __main__             INFO     ✅ Loaded (sync): plugins.youtube_plugin
2025.04.21 12:17:13 __main__             INFO     🔄 Loading: plugins.neofetch_plugin
2025.04.21 12:17:13 __main__             INFO     ✅ Loaded (sync): plugins.neofetch_plugin
2025.04.21 12:17:13 __main__             INFO     🔄 Loading: plugins.id_command
2025.04.21 12:17:13 plugins.id_command   INFO     ✅ info_command plugin successfully loaded
2025.04.21 12:17:13 __main__             INFO     ✅ Loaded (async): plugins.id_command
2025.04.21 12:17:13 __main__             INFO     🔄 Loading: plugins.report_plugin
2025.04.21 12:17:13 __main__             INFO     ✅ Loaded (async): plugins.report_plugin
2025.04.21 12:17:13 __main__             INFO     🔄 Loading: plugins.del_plugin
2025.04.21 12:17:13 __main__             INFO     ✅ Loaded (sync): plugins.del_plugin
2025.04.21 12:17:13 __main__             INFO     🔄 Loading: plugins.music_plugin
2025.04.21 12:17:13 __main__             INFO     ✅ Loaded (sync): plugins.music_plugin
2025.04.21 12:17:13 __main__             INFO     🔄 Loading: plugins.start_plugin
2025.04.21 12:17:13 __main__             INFO     ✅ Loaded (async): plugins.start_plugin
2025.04.21 12:17:13 __main__             INFO     🔄 Loading: plugins.stats_plugin
2025.04.21 12:17:13 __main__             INFO     ✅ Loaded (sync): plugins.stats_plugin
2025.04.21 12:17:13 __main__             INFO     🔄 Loading: plugins.dir_plugin
2025.04.21 12:17:13 __main__             INFO     ✅ Loaded (sync): plugins.dir_plugin
2025.04.21 12:17:13 __main__             INFO     🔄 Loading: plugins.broadcast_plugin
2025.04.21 12:17:13 __main__             INFO     ✅ Loaded (sync): plugins.broadcast_plugin
2025.04.21 12:17:13 __main__             INFO     🔄 Loading: plugins.speedtest_plugin
2025.04.21 12:17:13 __main__             INFO     ✅ Loaded (sync): plugins.speedtest_plugin
2025.04.21 12:17:13 __main__             INFO     🔄 Loading: plugins.bot_logs
2025.04.21 12:17:13 __main__             INFO     ✅ Loaded (async): plugins.bot_logs
2025.04.21 12:17:13 __main__             INFO     🔄 Loading: plugins.inline_youtube
2025.04.21 12:17:13 plugins.inline_youtube INFO     ✅ YouTube plugin aktiv oldu
2025.04.21 12:17:13 __main__             INFO     ✅ Loaded (sync): plugins.inline_youtube
2025.04.21 12:17:13 __main__             INFO     🚀 Starting polling...
2025.04.21 12:17:13 aiogram.dispatcher   INFO     Start polling
2025.04.21 12:17:13 aiogram.dispatcher   INFO     Run polling for bot @dllmasterbot id=8095621527 - 'DLLMaster 🍊'
2025.04.21 12:17:18 aiogram.event        INFO     Update id=511758206 is not handled. Duration 2 ms by bot id=8095621527
2025.04.21 12:17:31 aiogram.event        INFO     Update id=511758207 is handled. Duration 158 ms by bot id=8095621527
2025.04.21 12:17:46 plugins.id_command   ERROR    Error in info command: Telegram server says - Bad Request: can't parse entities: Can't find end of the entity starting at byte offset 125
2025.04.21 12:17:46 aiogram.event        INFO     Update id=511758208 is handled. Duration 106 ms by bot id=8095621527
2025.04.21 12:18:00 aiogram.event        INFO     Update id=511758209 is handled. Duration 32 ms by bot id=8095621527
2025.04.21 12:18:03 aiogram.event        INFO     Update id=511758210 is handled. Duration 79 ms by bot id=8095621527
2025.04.21 12:18:21 aiogram.event        INFO     Update id=511758211 is handled. Duration 90 ms by bot id=8095621527
2025.04.21 12:18:34 plugins.id_command   ERROR    Error in info command: Telegram server says - Bad Request: can't parse entities: Can't find end of the entity starting at byte offset 125
2025.04.21 12:18:34 aiogram.event        INFO     Update id=511758212 is handled. Duration 64 ms by bot id=8095621527
2025.04.21 12:18:50 aiogram.event        INFO     Update id=511758213 is handled. Duration 5 ms by bot id=8095621527
2025.04.21 12:18:50 aiogram.event        INFO     Update id=511758219 is handled. Duration 5 ms by bot id=8095621527
2025.04.21 12:18:50 aiogram.event        INFO     Update id=511758214 is handled. Duration 7 ms by bot id=8095621527
2025.04.21 12:18:50 aiogram.event        INFO     Update id=511758215 is handled. Duration 6 ms by bot id=8095621527
2025.04.21 12:18:50 aiogram.event        INFO     Update id=511758216 is handled. Duration 6 ms by bot id=8095621527
2025.04.21 12:18:50 aiogram.event        INFO     Update id=511758217 is handled. Duration 6 ms by bot id=8095621527
2025.04.21 12:18:50 aiogram.event        INFO     Update id=511758218 is handled. Duration 6 ms by bot id=8095621527
2025.04.21 12:18:59 aiogram.event        INFO     Update id=511758220 is handled. Duration 241 ms by bot id=8095621527
2025.04.21 12:19:01 aiogram.event        INFO     Update id=511758221 is handled. Duration 338 ms by bot id=8095621527
2025.04.21 12:23:57 dotenv.main          WARNING  python-dotenv could not parse statement starting at line 5
2025.04.21 12:23:57 __main__             INFO     🤖 Starting bot...
2025.04.21 12:23:57 __main__             INFO     🚀 Starting bot initialization...
2025.04.21 12:23:57 __main__             INFO     ✅ Database initialized successfully
2025.04.21 12:23:57 core.spotify_handler INFO     Spotify API connection established.
2025.04.21 12:23:57 __main__             INFO     ✅ Spotify service initialized
2025.04.21 12:23:57 core.webprofile      INFO     Seçilmiş User-Agent: Mozilla/5.0 (X11; Linux x86_64) AppleWebKit/537.36 (KHTML, like Gecko) Chrome/122.0.0.0 Safari/537.36
2025.04.21 12:23:57 core.youtube_handler INFO     firefox brauzerindən cookies istifadə edilir.
2025.04.21 12:23:57 __main__             INFO     ✅ YouTube services initialized (firefox)
2025.04.21 12:23:57 __main__             INFO     🔌 Loading plugins...
2025.04.21 12:23:57 __main__             INFO     🔍 Scanning plugins in: plugins
2025.04.21 12:23:57 __main__             INFO     🔄 Loading: plugins.spotify_plugin
2025.04.21 12:23:57 __main__             INFO     ✅ Loaded (sync): plugins.spotify_plugin
2025.04.21 12:23:57 __main__             INFO     🔄 Loading: plugins.menu_plugin
2025.04.21 12:23:57 __main__             INFO     ✅ Loaded (sync): plugins.menu_plugin
2025.04.21 12:23:57 __main__             INFO     🔄 Loading: plugins.sudo_plugin
2025.04.21 12:23:57 __main__             INFO     ✅ Loaded (sync): plugins.sudo_plugin
2025.04.21 12:23:57 __main__             INFO     🔄 Loading: plugins.youtube_plugin
2025.04.21 12:23:57 __main__             INFO     ✅ Loaded (sync): plugins.youtube_plugin
2025.04.21 12:23:57 __main__             INFO     🔄 Loading: plugins.neofetch_plugin
2025.04.21 12:23:57 __main__             INFO     ✅ Loaded (sync): plugins.neofetch_plugin
2025.04.21 12:23:57 __main__             INFO     🔄 Loading: plugins.id_command
2025.04.21 12:23:57 plugins.id_command   INFO     ✅ info_command plugin successfully loaded
2025.04.21 12:23:57 __main__             INFO     ✅ Loaded (async): plugins.id_command
2025.04.21 12:23:57 __main__             INFO     🔄 Loading: plugins.report_plugin
2025.04.21 12:23:57 __main__             INFO     ✅ Loaded (async): plugins.report_plugin
2025.04.21 12:23:57 __main__             INFO     🔄 Loading: plugins.del_plugin
2025.04.21 12:23:57 __main__             INFO     ✅ Loaded (sync): plugins.del_plugin
2025.04.21 12:23:57 __main__             INFO     🔄 Loading: plugins.music_plugin
2025.04.21 12:23:57 __main__             INFO     ✅ Loaded (sync): plugins.music_plugin
2025.04.21 12:23:57 __main__             INFO     🔄 Loading: plugins.start_plugin
2025.04.21 12:23:57 __main__             INFO     ✅ Loaded (async): plugins.start_plugin
2025.04.21 12:23:57 __main__             INFO     🔄 Loading: plugins.stats_plugin
2025.04.21 12:23:57 __main__             INFO     ✅ Loaded (sync): plugins.stats_plugin
2025.04.21 12:23:57 __main__             INFO     🔄 Loading: plugins.dir_plugin
2025.04.21 12:23:57 __main__             INFO     ✅ Loaded (sync): plugins.dir_plugin
2025.04.21 12:23:57 __main__             INFO     🔄 Loading: plugins.broadcast_plugin
2025.04.21 12:23:57 __main__             INFO     ✅ Loaded (sync): plugins.broadcast_plugin
2025.04.21 12:23:57 __main__             INFO     🔄 Loading: plugins.speedtest_plugin
2025.04.21 12:23:57 __main__             INFO     ✅ Loaded (sync): plugins.speedtest_plugin
2025.04.21 12:23:57 __main__             INFO     🔄 Loading: plugins.bot_logs
2025.04.21 12:23:57 __main__             INFO     ✅ Loaded (async): plugins.bot_logs
2025.04.21 12:23:57 __main__             INFO     🔄 Loading: plugins.inline_youtube
2025.04.21 12:23:57 plugins.inline_youtube INFO     ✅ YouTube plugin aktiv oldu
2025.04.21 12:23:57 __main__             INFO     ✅ Loaded (sync): plugins.inline_youtube
2025.04.21 12:23:57 __main__             INFO     🚀 Starting polling...
2025.04.21 12:23:57 aiogram.dispatcher   INFO     Start polling
2025.04.21 12:23:57 aiogram.dispatcher   INFO     Run polling for bot @dllmasterbot id=8095621527 - 'DLLMaster 🍊'
2025.04.21 12:25:59 aiogram.event        INFO     Update id=511758222 is handled. Duration 1 ms by bot id=8095621527
2025.04.21 12:27:57 aiogram.event        INFO     Update id=511758223 is handled. Duration 1 ms by bot id=8095621527
2025.04.21 12:29:23 core.webprofile      INFO     firefox brauzerindən cookies istifadə edilir.
2025.04.21 12:29:23 core.webprofile      INFO     Seçilmiş User-Agent: Mozilla/5.0 (iPad; CPU OS 17_2 like Mac OS X) AppleWebKit/605.1.15 (KHTML, like Gecko) Version/17.2 Mobile/15E148 Safari/604.1
2025.04.21 12:29:30 aiogram.event        INFO     Update id=511758224 is handled. Duration 7585 ms by bot id=8095621527
2025.04.21 12:29:38 aiogram.event        INFO     Update id=511758225 is handled. Duration 85 ms by bot id=8095621527
2025.04.21 12:29:39 aiogram.event        INFO     Update id=511758226 is handled. Duration 57 ms by bot id=8095621527
2025.04.21 12:29:40 aiogram.event        INFO     Update id=511758227 is handled. Duration 48 ms by bot id=8095621527
2025.04.21 12:29:42 aiogram.event        INFO     Update id=511758228 is handled. Duration 210 ms by bot id=8095621527
2025.04.21 12:29:43 aiogram.event        INFO     Update id=511758229 is handled. Duration 152 ms by bot id=8095621527
2025.04.21 12:29:44 aiogram.event        INFO     Update id=511758230 is handled. Duration 175 ms by bot id=8095621527
2025.04.21 12:29:45 aiogram.event        INFO     Update id=511758231 is handled. Duration 209 ms by bot id=8095621527
2025.04.21 12:29:46 aiogram.event        INFO     Update id=511758232 is handled. Duration 169 ms by bot id=8095621527
2025.04.21 12:29:47 aiogram.event        INFO     Update id=511758233 is handled. Duration 102 ms by bot id=8095621527
2025.04.21 12:29:49 aiogram.event        INFO     Update id=511758234 is handled. Duration 206 ms by bot id=8095621527
2025.04.21 12:31:58 core.webprofile      INFO     firefox brauzerindən cookies istifadə edilir.
2025.04.21 12:31:58 core.webprofile      INFO     Seçilmiş User-Agent: Mozilla/5.0 (iPhone; CPU iPhone OS 17_2 like Mac OS X) AppleWebKit/605.1.15 (KHTML, like Gecko) Version/17.2 Mobile/15E148 Safari/604.1
2025.04.21 12:32:04 aiogram.event        INFO     Update id=511758235 is handled. Duration 6059 ms by bot id=8095621527
2025.04.21 12:32:14 aiogram.event        INFO     Update id=511758236 is handled. Duration 75 ms by bot id=8095621527
2025.04.21 12:32:15 aiogram.event        INFO     Update id=511758237 is handled. Duration 65 ms by bot id=8095621527
2025.04.21 12:32:16 aiogram.event        INFO     Update id=511758238 is handled. Duration 93 ms by bot id=8095621527
2025.04.21 12:32:18 aiogram.event        INFO     Update id=511758239 is handled. Duration 285 ms by bot id=8095621527
2025.04.21 12:38:15 aiogram.event        INFO     Update id=511758240 is handled. Duration 1 ms by bot id=8095621527
2025.04.21 12:39:19 aiogram.event        INFO     Update id=511758241 is handled. Duration 5245 ms by bot id=8095621527
2025.04.21 12:39:38 aiogram.event        INFO     Update id=511758242 is handled. Duration 0 ms by bot id=8095621527
2025.04.21 12:39:40 aiogram.event        INFO     Update id=511758243 is handled. Duration 0 ms by bot id=8095621527
2025.04.21 12:39:41 aiogram.event        INFO     Update id=511758244 is handled. Duration 1 ms by bot id=8095621527
2025.04.21 12:39:41 aiogram.event        INFO     Update id=511758245 is handled. Duration 1 ms by bot id=8095621527
2025.04.21 12:39:41 aiogram.event        INFO     Update id=511758246 is handled. Duration 1 ms by bot id=8095621527
2025.04.21 12:39:49 aiogram.event        INFO     Update id=511758247 is handled. Duration 0 ms by bot id=8095621527
2025.04.21 12:39:57 core.webprofile      INFO     firefox brauzerindən cookies istifadə edilir.
2025.04.21 12:39:57 core.webprofile      INFO     Seçilmiş User-Agent: Mozilla/5.0 (Macintosh; Intel Mac OS X 10_15_7) AppleWebKit/537.36 (KHTML, like Gecko) Chrome/122.0.0.0 Safari/537.36
2025.04.21 12:40:00 aiogram.event        INFO     Update id=511758248 is handled. Duration 3697 ms by bot id=8095621527
2025.04.21 12:40:15 aiogram.event        INFO     Update id=511758249 is handled. Duration 5228 ms by bot id=8095621527
2025.04.21 12:43:54 aiogram.event        INFO     Update id=511758250 is handled. Duration 1 ms by bot id=8095621527
2025.04.21 12:44:18 aiogram.event        INFO     Update id=511758251 is handled. Duration 1 ms by bot id=8095621527
2025.04.21 12:45:29 aiogram.event        INFO     Update id=511758252 is not handled. Duration 3 ms by bot id=8095621527
2025.04.21 12:45:29 aiogram.event        INFO     Update id=511758253 is not handled. Duration 0 ms by bot id=8095621527
2025.04.21 12:45:31 aiogram.event        INFO     Update id=511758254 is not handled. Duration 0 ms by bot id=8095621527
2025.04.21 12:49:57 aiogram.event        INFO     Update id=511758255 is handled. Duration 1 ms by bot id=8095621527
2025.04.21 12:50:12 aiogram.event        INFO     Update id=511758256 is handled. Duration 1 ms by bot id=8095621527
2025.04.21 12:57:11 aiogram.event        INFO     Update id=511758257 is handled. Duration 1 ms by bot id=8095621527
2025.04.21 12:57:18 aiogram.event        INFO     Update id=511758258 is handled. Duration 1 ms by bot id=8095621527
2025.04.21 12:59:53 aiogram.event        INFO     Update id=511758259 is handled. Duration 1 ms by bot id=8095621527
2025.04.21 12:59:57 aiogram.event        INFO     Update id=511758260 is not handled. Duration 0 ms by bot id=8095621527
2025.04.21 12:59:57 aiogram.event        INFO     Update id=511758261 is not handled. Duration 1 ms by bot id=8095621527
2025.04.21 13:00:04 aiogram.event        INFO     Update id=511758262 is not handled. Duration 0 ms by bot id=8095621527
2025.04.21 13:00:04 aiogram.event        INFO     Update id=511758263 is not handled. Duration 2 ms by bot id=8095621527
2025.04.21 13:00:09 aiogram.event        INFO     Update id=511758264 is not handled. Duration 0 ms by bot id=8095621527
2025.04.21 13:00:09 aiogram.event        INFO     Update id=511758265 is not handled. Duration 1 ms by bot id=8095621527
2025.04.21 13:01:00 aiogram.event        INFO     Update id=511758266 is handled. Duration 1 ms by bot id=8095621527
2025.04.21 13:01:00 aiogram.event        INFO     Update id=511758267 is handled. Duration 1 ms by bot id=8095621527
2025.04.21 13:01:04 aiogram.event        INFO     Update id=511758268 is handled. Duration 1 ms by bot id=8095621527
2025.04.21 13:01:10 aiogram.event        INFO     Update id=511758269 is handled. Duration 1 ms by bot id=8095621527
2025.04.21 13:01:16 aiogram.event        INFO     Update id=511758270 is handled. Duration 1 ms by bot id=8095621527
2025.04.21 13:01:22 aiogram.event        INFO     Update id=511758273 is handled. Duration 3 ms by bot id=8095621527
2025.04.21 13:01:22 aiogram.event        INFO     Update id=511758271 is handled. Duration 4 ms by bot id=8095621527
2025.04.21 13:01:22 aiogram.event        INFO     Update id=511758272 is handled. Duration 4 ms by bot id=8095621527
2025.04.21 13:01:22 aiogram.event        INFO     Update id=511758274 is handled. Duration 4 ms by bot id=8095621527
2025.04.21 13:01:27 aiogram.event        INFO     Update id=511758275 is handled. Duration 1 ms by bot id=8095621527
2025.04.21 13:01:34 aiogram.event        INFO     Update id=511758276 is handled. Duration 1 ms by bot id=8095621527
2025.04.21 13:01:56 aiogram.event        INFO     Update id=511758277 is handled. Duration 1 ms by bot id=8095621527
2025.04.21 13:02:10 aiogram.event        INFO     Update id=511758278 is handled. Duration 1 ms by bot id=8095621527
2025.04.21 13:02:16 aiogram.event        INFO     Update id=511758279 is handled. Duration 1 ms by bot id=8095621527
2025.04.21 13:02:18 aiogram.event        INFO     Update id=511758280 is handled. Duration 1 ms by bot id=8095621527
2025.04.21 13:02:18 aiogram.event        INFO     Update id=511758281 is handled. Duration 1 ms by bot id=8095621527
2025.04.21 13:02:20 aiogram.event        INFO     Update id=511758282 is handled. Duration 1 ms by bot id=8095621527
2025.04.21 13:02:26 aiogram.event        INFO     Update id=511758283 is handled. Duration 1 ms by bot id=8095621527
2025.04.21 13:02:30 aiogram.event        INFO     Update id=511758284 is handled. Duration 1 ms by bot id=8095621527
2025.04.21 13:02:31 aiogram.event        INFO     Update id=511758285 is handled. Duration 1 ms by bot id=8095621527
2025.04.21 13:02:33 aiogram.event        INFO     Update id=511758286 is handled. Duration 1 ms by bot id=8095621527
2025.04.21 13:02:38 aiogram.event        INFO     Update id=511758287 is handled. Duration 1 ms by bot id=8095621527
2025.04.21 13:02:39 aiogram.event        INFO     Update id=511758288 is handled. Duration 1 ms by bot id=8095621527
2025.04.21 13:02:43 aiogram.event        INFO     Update id=511758289 is handled. Duration 1 ms by bot id=8095621527
2025.04.21 13:02:45 aiogram.event        INFO     Update id=511758290 is handled. Duration 1 ms by bot id=8095621527
2025.04.21 13:02:52 aiogram.event        INFO     Update id=511758291 is handled. Duration 1 ms by bot id=8095621527
2025.04.21 13:02:59 aiogram.event        INFO     Update id=511758292 is handled. Duration 1 ms by bot id=8095621527
2025.04.21 13:03:02 aiogram.event        INFO     Update id=511758293 is handled. Duration 1 ms by bot id=8095621527
2025.04.21 13:03:03 aiogram.event        INFO     Update id=511758294 is handled. Duration 1 ms by bot id=8095621527
2025.04.21 13:03:11 aiogram.event        INFO     Update id=511758295 is handled. Duration 1 ms by bot id=8095621527
2025.04.21 13:03:19 aiogram.event        INFO     Update id=511758296 is handled. Duration 1 ms by bot id=8095621527
2025.04.21 13:09:18 aiogram.event        INFO     Update id=511758297 is handled. Duration 1 ms by bot id=8095621527
2025.04.21 13:12:33 aiogram.event        INFO     Update id=511758298 is handled. Duration 4 ms by bot id=8095621527
2025.04.21 13:12:33 aiogram.event        INFO     Update id=511758304 is handled. Duration 3 ms by bot id=8095621527
2025.04.21 13:12:33 aiogram.event        INFO     Update id=511758299 is handled. Duration 4 ms by bot id=8095621527
2025.04.21 13:12:33 aiogram.event        INFO     Update id=511758300 is handled. Duration 5 ms by bot id=8095621527
2025.04.21 13:12:33 aiogram.event        INFO     Update id=511758301 is handled. Duration 5 ms by bot id=8095621527
2025.04.21 13:12:33 aiogram.event        INFO     Update id=511758302 is handled. Duration 5 ms by bot id=8095621527
2025.04.21 13:12:33 aiogram.event        INFO     Update id=511758303 is handled. Duration 5 ms by bot id=8095621527
2025.04.21 13:12:41 aiogram.event        INFO     Update id=511758305 is handled. Duration 4 ms by bot id=8095621527
2025.04.21 13:12:41 aiogram.event        INFO     Update id=511758311 is handled. Duration 3 ms by bot id=8095621527
2025.04.21 13:12:41 aiogram.event        INFO     Update id=511758306 is handled. Duration 4 ms by bot id=8095621527
2025.04.21 13:12:41 aiogram.event        INFO     Update id=511758307 is handled. Duration 4 ms by bot id=8095621527
2025.04.21 13:12:41 aiogram.event        INFO     Update id=511758308 is handled. Duration 4 ms by bot id=8095621527
2025.04.21 13:12:41 aiogram.event        INFO     Update id=511758309 is handled. Duration 5 ms by bot id=8095621527
2025.04.21 13:12:41 aiogram.event        INFO     Update id=511758310 is handled. Duration 5 ms by bot id=8095621527
2025.04.21 13:13:35 aiogram.event        INFO     Update id=511758312 is not handled. Duration 1 ms by bot id=8095621527
2025.04.21 13:14:15 aiogram.dispatcher   ERROR    Failed to fetch updates - TelegramNetworkError: HTTP Client says - ClientOSError: [Errno 104] Connection reset by peer
2025.04.21 13:14:15 aiogram.dispatcher   WARNING  Sleep for 1.000000 seconds and try again... (tryings = 0, bot id = 8095621527)
2025.04.21 13:14:26 aiogram.dispatcher   INFO     Connection established (tryings = 1, bot id = 8095621527)
2025.04.21 13:19:16 aiogram.event        INFO     Update id=511758313 is not handled. Duration 0 ms by bot id=8095621527
2025.04.21 13:21:56 aiogram.event        INFO     Update id=511758314 is handled. Duration 1 ms by bot id=8095621527
2025.04.21 13:23:21 aiogram.event        INFO     Update id=511758315 is handled. Duration 1 ms by bot id=8095621527
2025.04.21 13:23:59 aiogram.event        INFO     Update id=511758316 is handled. Duration 2 ms by bot id=8095621527
2025.04.21 13:24:11 aiogram.event        INFO     Update id=511758317 is handled. Duration 1 ms by bot id=8095621527
2025.04.21 13:24:14 aiogram.event        INFO     Update id=511758318 is not handled. Duration 0 ms by bot id=8095621527
2025.04.21 13:24:14 aiogram.event        INFO     Update id=511758319 is not handled. Duration 1 ms by bot id=8095621527
2025.04.21 13:24:17 aiogram.event        INFO     Update id=511758320 is handled. Duration 1 ms by bot id=8095621527
2025.04.21 13:24:22 aiogram.event        INFO     Update id=511758321 is not handled. Duration 1 ms by bot id=8095621527
2025.04.21 13:24:33 aiogram.event        INFO     Update id=511758322 is handled. Duration 1 ms by bot id=8095621527
2025.04.21 13:24:58 aiogram.event        INFO     Update id=511758323 is not handled. Duration 1 ms by bot id=8095621527
2025.04.21 13:24:59 aiogram.event        INFO     Update id=511758324 is not handled. Duration 1 ms by bot id=8095621527
2025.04.21 13:25:05 aiogram.event        INFO     Update id=511758325 is not handled. Duration 1 ms by bot id=8095621527
2025.04.21 13:25:09 aiogram.event        INFO     Update id=511758326 is not handled. Duration 1 ms by bot id=8095621527
2025.04.21 13:25:13 aiogram.event        INFO     Update id=511758327 is not handled. Duration 1 ms by bot id=8095621527
2025.04.21 13:25:17 aiogram.event        INFO     Update id=511758328 is not handled. Duration 1 ms by bot id=8095621527
2025.04.21 13:25:30 aiogram.event        INFO     Update id=511758329 is not handled. Duration 1 ms by bot id=8095621527
2025.04.21 13:25:40 aiogram.event        INFO     Update id=511758330 is not handled. Duration 2 ms by bot id=8095621527
2025.04.21 13:25:42 aiogram.event        INFO     Update id=511758331 is not handled. Duration 1 ms by bot id=8095621527
2025.04.21 13:26:01 aiogram.event        INFO     Update id=511758332 is not handled. Duration 3 ms by bot id=8095621527
2025.04.21 13:26:03 aiogram.event        INFO     Update id=511758333 is not handled. Duration 1 ms by bot id=8095621527
2025.04.21 13:26:07 aiogram.event        INFO     Update id=511758334 is not handled. Duration 1 ms by bot id=8095621527
2025.04.21 13:26:10 aiogram.event        INFO     Update id=511758335 is not handled. Duration 1 ms by bot id=8095621527
2025.04.21 13:26:12 aiogram.event        INFO     Update id=511758336 is not handled. Duration 1 ms by bot id=8095621527
2025.04.21 13:26:15 aiogram.event        INFO     Update id=511758337 is not handled. Duration 1 ms by bot id=8095621527
2025.04.21 13:26:22 aiogram.event        INFO     Update id=511758338 is not handled. Duration 1 ms by bot id=8095621527
2025.04.21 13:26:27 aiogram.event        INFO     Update id=511758339 is not handled. Duration 1 ms by bot id=8095621527
2025.04.21 13:26:30 aiogram.event        INFO     Update id=511758340 is not handled. Duration 1 ms by bot id=8095621527
2025.04.21 13:26:33 aiogram.event        INFO     Update id=511758341 is not handled. Duration 1 ms by bot id=8095621527
2025.04.21 13:26:36 aiogram.event        INFO     Update id=511758342 is not handled. Duration 1 ms by bot id=8095621527
2025.04.21 13:26:52 aiogram.event        INFO     Update id=511758343 is not handled. Duration 1 ms by bot id=8095621527
2025.04.21 13:26:55 aiogram.event        INFO     Update id=511758344 is not handled. Duration 1 ms by bot id=8095621527
2025.04.21 13:28:03 aiogram.event        INFO     Update id=511758345 is handled. Duration 1 ms by bot id=8095621527
2025.04.21 13:30:48 aiogram.event        INFO     Update id=511758346 is not handled. Duration 1 ms by bot id=8095621527
2025.04.21 13:31:08 aiogram.event        INFO     Update id=511758347 is not handled. Duration 1 ms by bot id=8095621527
2025.04.21 13:35:41 aiogram.event        INFO     Update id=511758350 is handled. Duration 2 ms by bot id=8095621527
2025.04.21 13:35:41 aiogram.event        INFO     Update id=511758348 is handled. Duration 3 ms by bot id=8095621527
2025.04.21 13:35:41 aiogram.event        INFO     Update id=511758349 is handled. Duration 3 ms by bot id=8095621527
2025.04.21 13:35:41 aiogram.event        INFO     Update id=511758351 is handled. Duration 3 ms by bot id=8095621527
2025.04.21 13:41:00 aiogram.event        INFO     Update id=511758352 is handled. Duration 1 ms by bot id=8095621527
2025.04.21 13:41:25 aiogram.event        INFO     Update id=511758353 is handled. Duration 1 ms by bot id=8095621527
2025.04.21 13:41:27 aiogram.event        INFO     Update id=511758354 is handled. Duration 1 ms by bot id=8095621527
2025.04.21 13:41:30 aiogram.event        INFO     Update id=511758355 is handled. Duration 1 ms by bot id=8095621527
2025.04.21 13:46:15 aiogram.event        INFO     Update id=511758356 is handled. Duration 1 ms by bot id=8095621527
2025.04.21 13:46:15 aiogram.event        INFO     Update id=511758357 is handled. Duration 1 ms by bot id=8095621527
2025.04.21 13:49:10 aiogram.event        INFO     Update id=511758358 is handled. Duration 1 ms by bot id=8095621527
2025.04.21 13:49:17 aiogram.event        INFO     Update id=511758359 is handled. Duration 1 ms by bot id=8095621527
2025.04.21 13:54:29 aiogram.event        INFO     Update id=511758360 is handled. Duration 1 ms by bot id=8095621527
2025.04.21 13:54:30 aiogram.event        INFO     Update id=511758361 is not handled. Duration 191 ms by bot id=8095621527
2025.04.21 13:54:30 aiogram.event        ERROR    Cause exception while process update id=511758361 by bot id=8095621527
AttributeError: 'Database' object has no attribute 'log_command_usage'
Traceback (most recent call last):
  File "/home/admin/.local/lib/python3.11/site-packages/aiogram/dispatcher/dispatcher.py", line 309, in _process_update
    response = await self.feed_update(bot, update, **kwargs)
               ^^^^^^^^^^^^^^^^^^^^^^^^^^^^^^^^^^^^^^^^^^^^^
  File "/home/admin/.local/lib/python3.11/site-packages/aiogram/dispatcher/dispatcher.py", line 158, in feed_update
    response = await self.update.wrap_outer_middleware(
               ^^^^^^^^^^^^^^^^^^^^^^^^^^^^^^^^^^^^^^^^
  File "/home/admin/.local/lib/python3.11/site-packages/aiogram/dispatcher/middlewares/error.py", line 25, in __call__
    return await handler(event, data)
           ^^^^^^^^^^^^^^^^^^^^^^^^^^
  File "/home/admin/.local/lib/python3.11/site-packages/aiogram/dispatcher/middlewares/user_context.py", line 56, in __call__
    return await handler(event, data)
           ^^^^^^^^^^^^^^^^^^^^^^^^^^
  File "/home/admin/.local/lib/python3.11/site-packages/aiogram/fsm/middleware.py", line 42, in __call__
    return await handler(event, data)
           ^^^^^^^^^^^^^^^^^^^^^^^^^^
  File "/home/admin/.local/lib/python3.11/site-packages/aiogram/dispatcher/event/telegram.py", line 121, in trigger
    return await wrapped_inner(event, kwargs)
           ^^^^^^^^^^^^^^^^^^^^^^^^^^^^^^^^^^
  File "/home/admin/.local/lib/python3.11/site-packages/aiogram/dispatcher/event/handler.py", line 43, in call
    return await wrapped()
           ^^^^^^^^^^^^^^^
  File "/home/admin/.local/lib/python3.11/site-packages/aiogram/dispatcher/dispatcher.py", line 276, in _listen_update
    return await self.propagate_event(update_type=update_type, event=event, **kwargs)
           ^^^^^^^^^^^^^^^^^^^^^^^^^^^^^^^^^^^^^^^^^^^^^^^^^^^^^^^^^^^^^^^^^^^^^^^^^^
  File "/home/admin/.local/lib/python3.11/site-packages/aiogram/dispatcher/router.py", line 146, in propagate_event
    return await observer.wrap_outer_middleware(_wrapped, event=event, data=kwargs)
           ^^^^^^^^^^^^^^^^^^^^^^^^^^^^^^^^^^^^^^^^^^^^^^^^^^^^^^^^^^^^^^^^^^^^^^^^
  File "/home/admin/.local/lib/python3.11/site-packages/aiogram/dispatcher/router.py", line 141, in _wrapped
    return await self._propagate_event(
           ^^^^^^^^^^^^^^^^^^^^^^^^^^^^
  File "/home/admin/.local/lib/python3.11/site-packages/aiogram/dispatcher/router.py", line 166, in _propagate_event
    response = await observer.trigger(event, **kwargs)
               ^^^^^^^^^^^^^^^^^^^^^^^^^^^^^^^^^^^^^^^
  File "/home/admin/.local/lib/python3.11/site-packages/aiogram/dispatcher/event/telegram.py", line 121, in trigger
    return await wrapped_inner(event, kwargs)
           ^^^^^^^^^^^^^^^^^^^^^^^^^^^^^^^^^^
  File "/home/admin/.local/lib/python3.11/site-packages/aiogram/dispatcher/event/handler.py", line 43, in call
    return await wrapped()
           ^^^^^^^^^^^^^^^
  File "/home/admin/DLMaster/plugins/music_plugin.py", line 231, in show_user_song_history
    db.log_command_usage(
    ^^^^^^^^^^^^^^^^^^^^
AttributeError: 'Database' object has no attribute 'log_command_usage'
2025.04.21 13:54:38 aiogram.event        INFO     Update id=511758362 is handled. Duration 1 ms by bot id=8095621527
2025.04.21 13:56:29 aiogram.event        INFO     Update id=511758363 is not handled. Duration 1 ms by bot id=8095621527
2025.04.21 13:58:43 aiogram.dispatcher   WARNING  Received SIGINT signal
2025.04.21 13:58:43 aiogram.dispatcher   INFO     Polling stopped for bot @dllmasterbot id=8095621527 - 'DLLMaster 🍊'
2025.04.21 13:58:43 aiogram.dispatcher   INFO     Polling stopped
2025.04.21 13:58:43 __main__             INFO     🛑 Polling stopped
2025.04.21 13:58:43 __main__             INFO     🔴 Bot stopped
2025.04.21 13:58:48 dotenv.main          WARNING  python-dotenv could not parse statement starting at line 5
2025.04.21 13:58:48 __main__             INFO     🤖 Starting bot...
2025.04.21 13:58:48 __main__             INFO     🚀 Starting bot initialization...
2025.04.21 13:58:48 __main__             INFO     ✅ Database initialized successfully
2025.04.21 13:58:48 core.spotify_handler INFO     Spotify API connection established.
2025.04.21 13:58:48 __main__             INFO     ✅ Spotify service initialized
2025.04.21 13:58:48 core.webprofile      INFO     Seçilmiş User-Agent: Mozilla/5.0 (iPhone; CPU iPhone OS 17_2 like Mac OS X) AppleWebKit/605.1.15 (KHTML, like Gecko) Version/17.2 Mobile/15E148 Safari/604.1
2025.04.21 13:58:48 core.youtube_handler INFO     firefox brauzerindən cookies istifadə edilir.
2025.04.21 13:58:48 __main__             INFO     ✅ YouTube services initialized (firefox)
2025.04.21 13:58:48 __main__             INFO     🔌 Loading plugins...
2025.04.21 13:58:48 __main__             INFO     🔍 Scanning plugins in: plugins
2025.04.21 13:58:48 __main__             INFO     🔄 Loading: plugins.spotify_plugin
2025.04.21 13:58:49 __main__             INFO     ✅ Loaded (sync): plugins.spotify_plugin
2025.04.21 13:58:49 __main__             INFO     🔄 Loading: plugins.menu_plugin
2025.04.21 13:58:49 __main__             INFO     ✅ Loaded (sync): plugins.menu_plugin
2025.04.21 13:58:49 __main__             INFO     🔄 Loading: plugins.sudo_plugin
2025.04.21 13:58:49 __main__             INFO     ✅ Loaded (sync): plugins.sudo_plugin
2025.04.21 13:58:49 __main__             INFO     🔄 Loading: plugins.youtube_plugin
2025.04.21 13:58:49 __main__             INFO     ✅ Loaded (sync): plugins.youtube_plugin
2025.04.21 13:58:49 __main__             INFO     🔄 Loading: plugins.neofetch_plugin
2025.04.21 13:58:49 __main__             INFO     ✅ Loaded (sync): plugins.neofetch_plugin
2025.04.21 13:58:49 __main__             INFO     🔄 Loading: plugins.id_command
2025.04.21 13:58:49 plugins.id_command   INFO     ✅ info_command plugin successfully loaded
2025.04.21 13:58:49 __main__             INFO     ✅ Loaded (async): plugins.id_command
2025.04.21 13:58:49 __main__             INFO     🔄 Loading: plugins.report_plugin
2025.04.21 13:58:49 __main__             INFO     ✅ Loaded (async): plugins.report_plugin
2025.04.21 13:58:49 __main__             INFO     🔄 Loading: plugins.del_plugin
2025.04.21 13:58:49 __main__             INFO     ✅ Loaded (sync): plugins.del_plugin
2025.04.21 13:58:49 __main__             INFO     🔄 Loading: plugins.music_plugin
2025.04.21 13:58:49 __main__             INFO     ✅ Loaded (sync): plugins.music_plugin
2025.04.21 13:58:49 __main__             INFO     🔄 Loading: plugins.start_plugin
2025.04.21 13:58:49 __main__             INFO     ✅ Loaded (async): plugins.start_plugin
2025.04.21 13:58:49 __main__             INFO     🔄 Loading: plugins.stats_plugin
2025.04.21 13:58:49 __main__             INFO     ✅ Loaded (sync): plugins.stats_plugin
2025.04.21 13:58:49 __main__             INFO     🔄 Loading: plugins.dir_plugin
2025.04.21 13:58:49 __main__             INFO     ✅ Loaded (sync): plugins.dir_plugin
2025.04.21 13:58:49 __main__             INFO     🔄 Loading: plugins.broadcast_plugin
2025.04.21 13:58:49 __main__             INFO     ✅ Loaded (sync): plugins.broadcast_plugin
2025.04.21 13:58:49 __main__             INFO     🔄 Loading: plugins.speedtest_plugin
2025.04.21 13:58:49 __main__             INFO     ✅ Loaded (sync): plugins.speedtest_plugin
2025.04.21 13:58:49 __main__             INFO     🔄 Loading: plugins.bot_logs
2025.04.21 13:58:49 __main__             INFO     ✅ Loaded (async): plugins.bot_logs
2025.04.21 13:58:49 __main__             INFO     🔄 Loading: plugins.inline_youtube
2025.04.21 13:58:49 plugins.inline_youtube INFO     ✅ YouTube plugin aktiv oldu
2025.04.21 13:58:49 __main__             INFO     ✅ Loaded (sync): plugins.inline_youtube
2025.04.21 13:58:49 __main__             INFO     🚀 Starting polling...
2025.04.21 13:58:49 aiogram.dispatcher   INFO     Start polling
2025.04.21 13:58:49 aiogram.dispatcher   INFO     Run polling for bot @dllmasterbot id=8095621527 - 'DLLMaster 🍊'
2025.04.21 13:58:54 aiogram.event        INFO     Update id=511758364 is handled. Duration 1 ms by bot id=8095621527
2025.04.21 13:58:58 core.webprofile      INFO     firefox brauzerindən cookies istifadə edilir.
2025.04.21 13:58:58 core.webprofile      INFO     Seçilmiş User-Agent: Mozilla/5.0 (Windows NT 10.0; Win64; x64) AppleWebKit/537.36 (KHTML, like Gecko) Edge/120.0.0.0 Safari/537.36
2025.04.21 13:59:15 aiogram.event        INFO     Update id=511758365 is handled. Duration 17971 ms by bot id=8095621527
2025.04.21 13:59:18 aiogram.event        INFO     Update id=511758366 is handled. Duration 49 ms by bot id=8095621527
2025.04.21 13:59:20 aiogram.event        INFO     Update id=511758367 is handled. Duration 110 ms by bot id=8095621527
2025.04.21 13:59:21 aiogram.event        INFO     Update id=511758368 is handled. Duration 64 ms by bot id=8095621527
2025.04.21 13:59:22 aiogram.event        INFO     Update id=511758369 is handled. Duration 149 ms by bot id=8095621527
2025.04.21 13:59:23 aiogram.event        INFO     Update id=511758370 is handled. Duration 307 ms by bot id=8095621527
2025.04.21 13:59:24 aiogram.event        INFO     Update id=511758371 is handled. Duration 49 ms by bot id=8095621527
2025.04.21 13:59:25 aiogram.event        INFO     Update id=511758372 is handled. Duration 48 ms by bot id=8095621527
2025.04.21 13:59:26 aiogram.event        INFO     Update id=511758373 is handled. Duration 45 ms by bot id=8095621527
2025.04.21 13:59:27 aiogram.event        INFO     Update id=511758374 is handled. Duration 63 ms by bot id=8095621527
2025.04.21 13:59:28 aiogram.event        INFO     Update id=511758375 is handled. Duration 56 ms by bot id=8095621527
2025.04.21 13:59:30 aiogram.event        INFO     Update id=511758376 is handled. Duration 42 ms by bot id=8095621527
2025.04.21 13:59:31 aiogram.event        INFO     Update id=511758377 is handled. Duration 63 ms by bot id=8095621527
2025.04.21 13:59:32 aiogram.event        INFO     Update id=511758378 is handled. Duration 1 ms by bot id=8095621527
2025.04.21 14:00:31 aiogram.event        INFO     Update id=511758379 is not handled. Duration 1 ms by bot id=8095621527
2025.04.21 14:01:40 aiogram.event        INFO     Update id=511758380 is not handled. Duration 0 ms by bot id=8095621527
2025.04.21 14:04:06 aiogram.event        INFO     Update id=511758381 is handled. Duration 127 ms by bot id=8095621527
2025.04.21 14:04:49 aiogram.event        INFO     Update id=511758382 is handled. Duration 1068 ms by bot id=8095621527
2025.04.21 14:04:55 aiogram.event        INFO     Update id=511758383 is handled. Duration 55 ms by bot id=8095621527
2025.04.21 14:05:07 aiogram.event        INFO     Update id=511758384 is not handled. Duration 0 ms by bot id=8095621527
2025.04.21 14:05:17 aiogram.event        INFO     Update id=511758385 is not handled. Duration 0 ms by bot id=8095621527
2025.04.21 14:05:40 aiogram.event        INFO     Update id=511758386 is not handled. Duration 1 ms by bot id=8095621527
2025.04.21 14:06:56 aiogram.event        INFO     Update id=511758387 is handled. Duration 1 ms by bot id=8095621527
2025.04.21 14:06:59 aiogram.event        INFO     Update id=511758388 is handled. Duration 1 ms by bot id=8095621527
2025.04.21 14:08:45 aiogram.event        INFO     Update id=511758389 is not handled. Duration 0 ms by bot id=8095621527
2025.04.21 14:08:55 aiogram.event        INFO     Update id=511758390 is handled. Duration 2 ms by bot id=8095621527
2025.04.21 14:08:55 aiogram.event        INFO     Update id=511758391 is handled. Duration 2 ms by bot id=8095621527
2025.04.21 14:08:58 aiogram.event        INFO     Update id=511758392 is handled. Duration 2 ms by bot id=8095621527
2025.04.21 14:08:58 aiogram.event        INFO     Update id=511758393 is handled. Duration 2 ms by bot id=8095621527
2025.04.21 14:10:28 aiogram.event        INFO     Update id=511758394 is not handled. Duration 1 ms by bot id=8095621527
2025.04.21 14:10:34 aiogram.event        INFO     Update id=511758395 is not handled. Duration 1 ms by bot id=8095621527
2025.04.21 14:12:47 aiogram.event        INFO     Update id=511758396 is handled. Duration 3 ms by bot id=8095621527
2025.04.21 14:12:47 aiogram.event        INFO     Update id=511758397 is handled. Duration 3 ms by bot id=8095621527
2025.04.21 14:12:47 aiogram.event        INFO     Update id=511758398 is handled. Duration 3 ms by bot id=8095621527
2025.04.21 14:12:47 aiogram.event        INFO     Update id=511758399 is handled. Duration 3 ms by bot id=8095621527
2025.04.21 14:12:57 aiogram.event        INFO     Update id=511758400 is handled. Duration 2 ms by bot id=8095621527
2025.04.21 14:12:57 aiogram.event        INFO     Update id=511758401 is handled. Duration 2 ms by bot id=8095621527
2025.04.21 14:12:57 aiogram.event        INFO     Update id=511758402 is handled. Duration 2 ms by bot id=8095621527
2025.04.21 14:12:57 aiogram.event        INFO     Update id=511758403 is handled. Duration 2 ms by bot id=8095621527
2025.04.21 14:20:31 aiogram.event        INFO     Update id=511758404 is not handled. Duration 1 ms by bot id=8095621527
2025.04.21 14:25:05 aiogram.event        INFO     Update id=511758405 is handled. Duration 1 ms by bot id=8095621527
2025.04.21 14:25:10 aiogram.event        INFO     Update id=511758406 is handled. Duration 1 ms by bot id=8095621527
2025.04.21 14:25:25 aiogram.event        INFO     Update id=511758407 is handled. Duration 1 ms by bot id=8095621527
2025.04.21 14:25:31 aiogram.event        INFO     Update id=511758408 is handled. Duration 1 ms by bot id=8095621527
2025.04.21 14:26:41 core.webprofile      INFO     firefox brauzerindən cookies istifadə edilir.
2025.04.21 14:26:41 core.webprofile      INFO     Seçilmiş User-Agent: Mozilla/5.0 (Windows NT 10.0; Win64; x64) AppleWebKit/537.36 (KHTML, like Gecko) Edge/120.0.0.0 Safari/537.36
2025.04.21 14:26:45 aiogram.event        INFO     Update id=511758409 is handled. Duration 3814 ms by bot id=8095621527
2025.04.21 14:27:47 aiogram.event        INFO     Update id=511758410 is handled. Duration 664 ms by bot id=8095621527
2025.04.21 14:28:09 core.webprofile      INFO     firefox brauzerindən cookies istifadə edilir.
2025.04.21 14:28:09 core.webprofile      INFO     Seçilmiş User-Agent: Mozilla/5.0 (iPhone; CPU iPhone OS 17_2 like Mac OS X) AppleWebKit/605.1.15 (KHTML, like Gecko) Version/17.2 Mobile/15E148 Safari/604.1
2025.04.21 14:28:13 aiogram.event        INFO     Update id=511758411 is handled. Duration 4250 ms by bot id=8095621527
2025.04.21 14:28:18 core.webprofile      INFO     firefox brauzerindən cookies istifadə edilir.
2025.04.21 14:28:18 core.webprofile      INFO     Seçilmiş User-Agent: Mozilla/5.0 (Windows NT 10.0; Win64; x64) AppleWebKit/537.36 (KHTML, like Gecko) Chrome/122.0.0.0 Safari/537.36
2025.04.21 14:28:28 aiogram.event        INFO     Update id=511758412 is handled. Duration 10096 ms by bot id=8095621527
2025.04.21 14:28:33 core.webprofile      INFO     firefox brauzerindən cookies istifadə edilir.
2025.04.21 14:28:33 core.webprofile      INFO     Seçilmiş User-Agent: Mozilla/5.0 (X11; Ubuntu; Linux x86_64; rv:120.0) Gecko/20100101 Firefox/120.0
2025.04.21 14:28:37 aiogram.event        INFO     Update id=511758413 is handled. Duration 3658 ms by bot id=8095621527
2025.04.21 14:28:40 core.webprofile      INFO     firefox brauzerindən cookies istifadə edilir.
2025.04.21 14:28:40 core.webprofile      INFO     Seçilmiş User-Agent: Mozilla/5.0 (Windows NT 10.0; Win64; x64; rv:120.0) Gecko/20100101 Firefox/120.0
2025.04.21 14:28:50 aiogram.event        INFO     Update id=511758414 is handled. Duration 9577 ms by bot id=8095621527
2025.04.21 14:29:04 core.webprofile      INFO     firefox brauzerindən cookies istifadə edilir.
2025.04.21 14:29:04 core.webprofile      INFO     Seçilmiş User-Agent: Mozilla/5.0 (iPhone; CPU iPhone OS 17_2 like Mac OS X) AppleWebKit/605.1.15 (KHTML, like Gecko) Version/17.2 Mobile/15E148 Safari/604.1
2025.04.21 14:29:08 aiogram.event        INFO     Update id=511758415 is handled. Duration 3787 ms by bot id=8095621527
2025.04.21 14:29:18 core.webprofile      INFO     firefox brauzerindən cookies istifadə edilir.
2025.04.21 14:29:18 core.webprofile      INFO     Seçilmiş User-Agent: Mozilla/5.0 (iPhone; CPU iPhone OS 17_2 like Mac OS X) AppleWebKit/605.1.15 (KHTML, like Gecko) Version/17.2 Mobile/15E148 Safari/604.1
2025.04.21 14:29:27 aiogram.event        INFO     Update id=511758416 is handled. Duration 8755 ms by bot id=8095621527
2025.04.21 14:29:31 aiogram.event        INFO     Update id=511758417 is handled. Duration 1 ms by bot id=8095621527
2025.04.21 14:30:05 aiogram.event        INFO     Update id=511758418 is handled. Duration 1 ms by bot id=8095621527
2025.04.21 14:30:11 aiogram.event        INFO     Update id=511758419 is handled. Duration 1 ms by bot id=8095621527
2025.04.21 14:30:54 core.webprofile      INFO     firefox brauzerindən cookies istifadə edilir.
2025.04.21 14:30:54 core.webprofile      INFO     Seçilmiş User-Agent: Mozilla/5.0 (Windows NT 10.0; Win64; x64) AppleWebKit/537.36 (KHTML, like Gecko) Chrome/122.0.0.0 Safari/537.36
2025.04.21 14:30:58 aiogram.event        INFO     Update id=511758420 is handled. Duration 4101 ms by bot id=8095621527
2025.04.21 14:31:03 core.webprofile      INFO     firefox brauzerindən cookies istifadə edilir.
2025.04.21 14:31:03 core.webprofile      INFO     Seçilmiş User-Agent: Mozilla/5.0 (Linux; Android 14; Pixel 8 Pro) AppleWebKit/537.36 (KHTML, like Gecko) Chrome/122.0.0.0 Mobile Safari/537.36
2025.04.21 14:31:12 aiogram.event        INFO     Update id=511758421 is handled. Duration 8414 ms by bot id=8095621527
2025.04.21 14:33:06 core.webprofile      INFO     firefox brauzerindən cookies istifadə edilir.
2025.04.21 14:33:06 core.webprofile      INFO     Seçilmiş User-Agent: Mozilla/5.0 (iPhone; CPU iPhone OS 17_2 like Mac OS X) AppleWebKit/605.1.15 (KHTML, like Gecko) Version/17.2 Mobile/15E148 Safari/604.1
2025.04.21 14:33:10 aiogram.event        INFO     Update id=511758422 is handled. Duration 3814 ms by bot id=8095621527
2025.04.21 14:33:18 core.webprofile      INFO     firefox brauzerindən cookies istifadə edilir.
2025.04.21 14:33:18 core.webprofile      INFO     Seçilmiş User-Agent: Mozilla/5.0 (Windows NT 10.0; Win64; x64; rv:120.0) Gecko/20100101 Firefox/120.0
2025.04.21 14:33:27 aiogram.event        INFO     Update id=511758423 is handled. Duration 8791 ms by bot id=8095621527
2025.04.21 14:33:31 core.webprofile      INFO     firefox brauzerindən cookies istifadə edilir.
2025.04.21 14:33:31 core.webprofile      INFO     Seçilmiş User-Agent: Mozilla/5.0 (Windows NT 10.0; Win64; x64; rv:120.0) Gecko/20100101 Firefox/120.0
2025.04.21 14:33:35 aiogram.event        INFO     Update id=511758424 is handled. Duration 3898 ms by bot id=8095621527
2025.04.21 14:34:04 aiogram.event        INFO     Update id=511758425 is handled. Duration 1 ms by bot id=8095621527
2025.04.21 14:39:25 aiogram.event        INFO     Update id=511758426 is handled. Duration 1 ms by bot id=8095621527
2025.04.21 14:43:28 aiogram.event        INFO     Update id=511758427 is handled. Duration 1 ms by bot id=8095621527
2025.04.21 14:43:28 aiogram.event        INFO     Update id=511758428 is handled. Duration 1 ms by bot id=8095621527
2025.04.21 14:50:51 aiogram.event        INFO     Update id=511758429 is handled. Duration 1 ms by bot id=8095621527
2025.04.21 14:54:39 aiogram.event        INFO     Update id=511758430 is not handled. Duration 0 ms by bot id=8095621527
2025.04.21 14:54:39 aiogram.event        INFO     Update id=511758431 is not handled. Duration 1 ms by bot id=8095621527
2025.04.21 15:04:46 aiogram.event        INFO     Update id=511758432 is handled. Duration 1 ms by bot id=8095621527
2025.04.21 15:06:33 aiogram.event        INFO     Update id=511758433 is handled. Duration 1 ms by bot id=8095621527
2025.04.21 15:06:48 aiogram.event        INFO     Update id=511758434 is handled. Duration 1 ms by bot id=8095621527
2025.04.21 15:08:46 aiogram.event        INFO     Update id=511758435 is not handled. Duration 0 ms by bot id=8095621527
2025.04.21 15:08:48 aiogram.event        INFO     Update id=511758436 is not handled. Duration 0 ms by bot id=8095621527
2025.04.21 15:25:16 aiogram.event        INFO     Update id=511758437 is handled. Duration 1 ms by bot id=8095621527
2025.04.21 15:33:28 aiogram.event        INFO     Update id=511758438 is not handled. Duration 1 ms by bot id=8095621527
2025.04.21 15:34:57 aiogram.event        INFO     Update id=511758439 is handled. Duration 1 ms by bot id=8095621527
2025.04.21 15:41:42 aiogram.event        INFO     Update id=511758440 is handled. Duration 15 ms by bot id=8095621527
2025.04.21 15:41:42 aiogram.event        INFO     Update id=511758441 is handled. Duration 15 ms by bot id=8095621527
2025.04.21 15:41:42 aiogram.event        INFO     Update id=511758442 is handled. Duration 15 ms by bot id=8095621527
2025.04.21 15:41:42 aiogram.event        INFO     Update id=511758443 is handled. Duration 15 ms by bot id=8095621527
2025.04.21 15:41:42 aiogram.event        INFO     Update id=511758444 is handled. Duration 15 ms by bot id=8095621527
2025.04.21 15:41:42 aiogram.event        INFO     Update id=511758445 is handled. Duration 15 ms by bot id=8095621527
2025.04.21 15:41:42 aiogram.event        INFO     Update id=511758446 is handled. Duration 15 ms by bot id=8095621527
2025.04.21 15:41:42 aiogram.event        INFO     Update id=511758447 is handled. Duration 15 ms by bot id=8095621527
2025.04.21 15:41:42 aiogram.event        INFO     Update id=511758448 is handled. Duration 15 ms by bot id=8095621527
2025.04.21 15:41:42 aiogram.event        INFO     Update id=511758449 is handled. Duration 15 ms by bot id=8095621527
2025.04.21 15:41:42 aiogram.event        INFO     Update id=511758450 is handled. Duration 15 ms by bot id=8095621527
2025.04.21 15:41:42 aiogram.event        INFO     Update id=511758451 is handled. Duration 15 ms by bot id=8095621527
2025.04.21 15:41:42 aiogram.event        INFO     Update id=511758452 is handled. Duration 15 ms by bot id=8095621527
2025.04.21 15:41:42 aiogram.event        INFO     Update id=511758453 is handled. Duration 15 ms by bot id=8095621527
2025.04.21 15:41:42 aiogram.event        INFO     Update id=511758454 is handled. Duration 15 ms by bot id=8095621527
2025.04.21 15:41:42 aiogram.event        INFO     Update id=511758455 is handled. Duration 15 ms by bot id=8095621527
2025.04.21 15:41:42 aiogram.event        INFO     Update id=511758456 is handled. Duration 15 ms by bot id=8095621527
2025.04.21 15:41:42 aiogram.event        INFO     Update id=511758457 is handled. Duration 15 ms by bot id=8095621527
2025.04.21 15:41:42 aiogram.event        INFO     Update id=511758458 is handled. Duration 15 ms by bot id=8095621527
2025.04.21 15:41:42 aiogram.event        INFO     Update id=511758459 is handled. Duration 15 ms by bot id=8095621527
2025.04.21 15:41:42 aiogram.event        INFO     Update id=511758460 is handled. Duration 15 ms by bot id=8095621527
2025.04.21 15:41:42 aiogram.event        INFO     Update id=511758461 is handled. Duration 15 ms by bot id=8095621527
2025.04.21 15:41:42 aiogram.event        INFO     Update id=511758462 is handled. Duration 15 ms by bot id=8095621527
2025.04.21 15:41:42 aiogram.event        INFO     Update id=511758463 is handled. Duration 15 ms by bot id=8095621527
2025.04.21 15:41:42 aiogram.event        INFO     Update id=511758464 is handled. Duration 15 ms by bot id=8095621527
2025.04.21 15:41:42 aiogram.event        INFO     Update id=511758465 is handled. Duration 15 ms by bot id=8095621527
2025.04.21 15:41:42 aiogram.event        INFO     Update id=511758466 is handled. Duration 15 ms by bot id=8095621527
2025.04.21 15:41:42 aiogram.event        INFO     Update id=511758467 is handled. Duration 15 ms by bot id=8095621527
2025.04.21 15:41:42 aiogram.event        INFO     Update id=511758468 is handled. Duration 15 ms by bot id=8095621527
2025.04.21 15:41:42 aiogram.event        INFO     Update id=511758469 is handled. Duration 15 ms by bot id=8095621527
2025.04.21 15:41:42 aiogram.event        INFO     Update id=511758470 is handled. Duration 15 ms by bot id=8095621527
2025.04.21 15:41:47 aiogram.event        INFO     Update id=511758471 is handled. Duration 13 ms by bot id=8095621527
2025.04.21 15:41:47 aiogram.event        INFO     Update id=511758472 is handled. Duration 14 ms by bot id=8095621527
2025.04.21 15:41:47 aiogram.event        INFO     Update id=511758473 is handled. Duration 14 ms by bot id=8095621527
2025.04.21 15:41:47 aiogram.event        INFO     Update id=511758474 is handled. Duration 15 ms by bot id=8095621527
2025.04.21 15:41:47 aiogram.event        INFO     Update id=511758475 is handled. Duration 15 ms by bot id=8095621527
2025.04.21 15:41:47 aiogram.event        INFO     Update id=511758476 is handled. Duration 15 ms by bot id=8095621527
2025.04.21 15:41:47 aiogram.event        INFO     Update id=511758477 is handled. Duration 15 ms by bot id=8095621527
2025.04.21 15:41:47 aiogram.event        INFO     Update id=511758478 is handled. Duration 15 ms by bot id=8095621527
2025.04.21 15:41:47 aiogram.event        INFO     Update id=511758479 is handled. Duration 15 ms by bot id=8095621527
2025.04.21 15:41:47 aiogram.event        INFO     Update id=511758480 is handled. Duration 15 ms by bot id=8095621527
2025.04.21 15:41:47 aiogram.event        INFO     Update id=511758481 is handled. Duration 15 ms by bot id=8095621527
2025.04.21 15:41:47 aiogram.event        INFO     Update id=511758482 is handled. Duration 15 ms by bot id=8095621527
2025.04.21 15:41:47 aiogram.event        INFO     Update id=511758483 is handled. Duration 15 ms by bot id=8095621527
2025.04.21 15:41:47 aiogram.event        INFO     Update id=511758484 is handled. Duration 15 ms by bot id=8095621527
2025.04.21 15:41:47 aiogram.event        INFO     Update id=511758485 is handled. Duration 15 ms by bot id=8095621527
2025.04.21 15:41:47 aiogram.event        INFO     Update id=511758486 is handled. Duration 16 ms by bot id=8095621527
2025.04.21 15:41:47 aiogram.event        INFO     Update id=511758487 is handled. Duration 16 ms by bot id=8095621527
2025.04.21 15:41:47 aiogram.event        INFO     Update id=511758488 is handled. Duration 16 ms by bot id=8095621527
2025.04.21 15:41:47 aiogram.event        INFO     Update id=511758489 is handled. Duration 16 ms by bot id=8095621527
2025.04.21 15:41:47 aiogram.event        INFO     Update id=511758490 is handled. Duration 16 ms by bot id=8095621527
2025.04.21 15:41:47 aiogram.event        INFO     Update id=511758491 is handled. Duration 16 ms by bot id=8095621527
2025.04.21 15:41:47 aiogram.event        INFO     Update id=511758492 is handled. Duration 16 ms by bot id=8095621527
2025.04.21 15:41:47 aiogram.event        INFO     Update id=511758493 is handled. Duration 16 ms by bot id=8095621527
2025.04.21 15:41:47 aiogram.event        INFO     Update id=511758494 is handled. Duration 16 ms by bot id=8095621527
2025.04.21 15:41:47 aiogram.event        INFO     Update id=511758495 is handled. Duration 16 ms by bot id=8095621527
2025.04.21 15:41:47 aiogram.event        INFO     Update id=511758496 is handled. Duration 16 ms by bot id=8095621527
2025.04.21 15:41:47 aiogram.event        INFO     Update id=511758497 is handled. Duration 17 ms by bot id=8095621527
2025.04.21 15:41:47 aiogram.event        INFO     Update id=511758498 is handled. Duration 17 ms by bot id=8095621527
2025.04.21 15:41:47 aiogram.event        INFO     Update id=511758499 is handled. Duration 17 ms by bot id=8095621527
2025.04.21 15:41:47 aiogram.event        INFO     Update id=511758500 is handled. Duration 17 ms by bot id=8095621527
2025.04.21 15:41:47 aiogram.event        INFO     Update id=511758501 is handled. Duration 17 ms by bot id=8095621527
2025.04.21 15:42:25 aiogram.event        INFO     Update id=511758502 is handled. Duration 1 ms by bot id=8095621527
2025.04.21 15:42:42 aiogram.event        INFO     Update id=511758503 is handled. Duration 1 ms by bot id=8095621527
2025.04.21 15:43:10 aiogram.event        INFO     Update id=511758504 is handled. Duration 1 ms by bot id=8095621527
2025.04.21 15:44:28 aiogram.event        INFO     Update id=511758505 is handled. Duration 2 ms by bot id=8095621527
2025.04.21 15:44:28 aiogram.event        INFO     Update id=511758506 is handled. Duration 2 ms by bot id=8095621527
2025.04.21 15:44:29 aiogram.event        INFO     Update id=511758507 is handled. Duration 2 ms by bot id=8095621527
2025.04.21 15:44:29 aiogram.event        INFO     Update id=511758508 is handled. Duration 2 ms by bot id=8095621527
2025.04.21 15:44:33 aiogram.event        INFO     Update id=511758509 is handled. Duration 2 ms by bot id=8095621527
2025.04.21 15:44:33 aiogram.event        INFO     Update id=511758510 is handled. Duration 2 ms by bot id=8095621527
2025.04.21 15:58:05 aiogram.event        INFO     Update id=511758511 is not handled. Duration 1 ms by bot id=8095621527
2025.04.21 15:59:41 aiogram.event        INFO     Update id=511758512 is handled. Duration 1 ms by bot id=8095621527
2025.04.21 16:01:42 aiogram.event        INFO     Update id=511758513 is handled. Duration 1 ms by bot id=8095621527
2025.04.21 16:13:02 aiogram.event        INFO     Update id=511758514 is handled. Duration 1 ms by bot id=8095621527
2025.04.21 16:13:12 aiogram.event        INFO     Update id=511758515 is handled. Duration 1 ms by bot id=8095621527
2025.04.21 16:13:13 aiogram.event        INFO     Update id=511758516 is handled. Duration 1 ms by bot id=8095621527
2025.04.21 16:13:40 aiogram.event        INFO     Update id=511758517 is handled. Duration 1 ms by bot id=8095621527
2025.04.21 16:22:05 aiogram.event        INFO     Update id=511758518 is handled. Duration 1 ms by bot id=8095621527
2025.04.21 16:25:53 aiogram.event        INFO     Update id=511758519 is not handled. Duration 1 ms by bot id=8095621527
2025.04.21 16:26:14 aiogram.event        INFO     Update id=511758520 is handled. Duration 1 ms by bot id=8095621527
2025.04.21 16:28:04 aiogram.event        INFO     Update id=511758522 is handled. Duration 1 ms by bot id=8095621527
2025.04.21 16:28:04 aiogram.event        INFO     Update id=511758521 is handled. Duration 2 ms by bot id=8095621527
2025.04.21 16:28:15 aiogram.event        INFO     Update id=511758524 is handled. Duration 1 ms by bot id=8095621527
2025.04.21 16:28:15 aiogram.event        INFO     Update id=511758523 is handled. Duration 2 ms by bot id=8095621527
2025.04.21 16:29:16 aiogram.event        INFO     Update id=511758525 is handled. Duration 1 ms by bot id=8095621527
2025.04.21 16:31:12 aiogram.event        INFO     Update id=511758526 is handled. Duration 2 ms by bot id=8095621527
2025.04.21 16:31:12 aiogram.event        INFO     Update id=511758527 is handled. Duration 2 ms by bot id=8095621527
2025.04.21 16:31:12 aiogram.event        INFO     Update id=511758528 is handled. Duration 2 ms by bot id=8095621527
2025.04.21 16:32:19 aiogram.event        INFO     Update id=511758529 is handled. Duration 2 ms by bot id=8095621527
2025.04.21 16:32:19 aiogram.event        INFO     Update id=511758530 is handled. Duration 2 ms by bot id=8095621527
2025.04.21 16:32:19 aiogram.event        INFO     Update id=511758531 is handled. Duration 2 ms by bot id=8095621527
2025.04.21 16:33:25 aiogram.event        INFO     Update id=511758532 is handled. Duration 1 ms by bot id=8095621527
2025.04.21 16:33:53 aiogram.event        INFO     Update id=511758533 is handled. Duration 1 ms by bot id=8095621527
2025.04.21 16:33:58 aiogram.event        INFO     Update id=511758534 is handled. Duration 1 ms by bot id=8095621527
2025.04.21 16:37:22 aiogram.event        INFO     Update id=511758535 is handled. Duration 1 ms by bot id=8095621527
2025.04.21 16:41:11 aiogram.event        INFO     Update id=511758536 is handled. Duration 1 ms by bot id=8095621527
2025.04.21 16:41:19 aiogram.event        INFO     Update id=511758537 is handled. Duration 1 ms by bot id=8095621527
2025.04.21 16:41:30 aiogram.event        INFO     Update id=511758538 is handled. Duration 1 ms by bot id=8095621527
2025.04.21 16:41:30 aiogram.event        INFO     Update id=511758539 is handled. Duration 1 ms by bot id=8095621527
2025.04.21 16:46:24 aiogram.event        INFO     Update id=511758540 is handled. Duration 1 ms by bot id=8095621527
2025.04.21 16:49:45 aiogram.event        INFO     Update id=511758541 is handled. Duration 4 ms by bot id=8095621527
2025.04.21 16:49:45 aiogram.event        INFO     Update id=511758542 is handled. Duration 4 ms by bot id=8095621527
2025.04.21 16:49:45 aiogram.event        INFO     Update id=511758543 is handled. Duration 4 ms by bot id=8095621527
2025.04.21 16:49:45 aiogram.event        INFO     Update id=511758544 is handled. Duration 4 ms by bot id=8095621527
2025.04.21 16:49:45 aiogram.event        INFO     Update id=511758545 is handled. Duration 4 ms by bot id=8095621527
2025.04.21 16:49:45 aiogram.event        INFO     Update id=511758546 is handled. Duration 4 ms by bot id=8095621527
2025.04.21 16:49:45 aiogram.event        INFO     Update id=511758547 is handled. Duration 4 ms by bot id=8095621527
2025.04.21 17:00:09 aiogram.event        INFO     Update id=511758548 is handled. Duration 1 ms by bot id=8095621527
2025.04.21 17:04:43 aiogram.event        INFO     Update id=511758549 is not handled. Duration 1 ms by bot id=8095621527
2025.04.21 17:19:00 aiogram.event        INFO     Update id=511758552 is handled. Duration 2 ms by bot id=8095621527
2025.04.21 17:19:00 aiogram.event        INFO     Update id=511758550 is handled. Duration 3 ms by bot id=8095621527
2025.04.21 17:19:00 aiogram.event        INFO     Update id=511758551 is handled. Duration 3 ms by bot id=8095621527
2025.04.21 17:19:00 aiogram.event        INFO     Update id=511758553 is handled. Duration 3 ms by bot id=8095621527
2025.04.21 17:26:44 aiogram.event        INFO     Update id=511758554 is handled. Duration 5 ms by bot id=8095621527
2025.04.21 17:26:44 aiogram.event        INFO     Update id=511758555 is handled. Duration 5 ms by bot id=8095621527
2025.04.21 17:26:44 aiogram.event        INFO     Update id=511758556 is handled. Duration 5 ms by bot id=8095621527
2025.04.21 17:26:44 aiogram.event        INFO     Update id=511758557 is handled. Duration 5 ms by bot id=8095621527
2025.04.21 17:26:44 aiogram.event        INFO     Update id=511758558 is handled. Duration 5 ms by bot id=8095621527
2025.04.21 17:34:28 aiogram.event        INFO     Update id=511758559 is handled. Duration 1 ms by bot id=8095621527
2025.04.21 17:36:23 aiogram.event        INFO     Update id=511758560 is handled. Duration 1 ms by bot id=8095621527
2025.04.21 17:36:25 aiogram.event        INFO     Update id=511758561 is handled. Duration 1 ms by bot id=8095621527
2025.04.21 17:37:51 aiogram.event        INFO     Update id=511758562 is handled. Duration 1 ms by bot id=8095621527
2025.04.21 17:37:52 aiogram.event        INFO     Update id=511758563 is handled. Duration 1 ms by bot id=8095621527
2025.04.21 17:39:28 aiogram.event        INFO     Update id=511758564 is handled. Duration 1 ms by bot id=8095621527
2025.04.21 17:39:28 aiogram.event        INFO     Update id=511758565 is handled. Duration 1 ms by bot id=8095621527
2025.04.21 17:39:34 aiogram.event        INFO     Update id=511758566 is handled. Duration 1 ms by bot id=8095621527
2025.04.21 17:43:52 aiogram.event        INFO     Update id=511758567 is not handled. Duration 1 ms by bot id=8095621527
2025.04.21 17:45:35 aiogram.event        INFO     Update id=511758568 is handled. Duration 1 ms by bot id=8095621527
2025.04.21 17:45:39 aiogram.event        INFO     Update id=511758569 is handled. Duration 1 ms by bot id=8095621527
2025.04.21 17:46:35 aiogram.event        INFO     Update id=511758570 is handled. Duration 1 ms by bot id=8095621527
2025.04.21 17:46:36 aiogram.event        INFO     Update id=511758571 is handled. Duration 1 ms by bot id=8095621527
2025.04.21 17:46:39 aiogram.event        INFO     Update id=511758572 is handled. Duration 1 ms by bot id=8095621527
2025.04.21 17:46:45 aiogram.event        INFO     Update id=511758573 is handled. Duration 1 ms by bot id=8095621527
2025.04.21 17:48:00 aiogram.event        INFO     Update id=511758574 is handled. Duration 1 ms by bot id=8095621527
2025.04.21 17:48:42 aiogram.event        INFO     Update id=511758575 is handled. Duration 1 ms by bot id=8095621527
2025.04.21 17:49:13 aiogram.event        INFO     Update id=511758576 is handled. Duration 1 ms by bot id=8095621527
2025.04.21 17:50:31 aiogram.event        INFO     Update id=511758577 is handled. Duration 1 ms by bot id=8095621527
2025.04.21 17:50:38 aiogram.event        INFO     Update id=511758578 is handled. Duration 1 ms by bot id=8095621527
2025.04.21 17:50:51 aiogram.event        INFO     Update id=511758579 is handled. Duration 1 ms by bot id=8095621527
2025.04.21 18:00:48 aiogram.dispatcher   WARNING  Received SIGINT signal
2025.04.21 18:00:48 aiogram.dispatcher   INFO     Polling stopped for bot @dllmasterbot id=8095621527 - 'DLLMaster 🍊'
2025.04.21 18:00:48 aiogram.dispatcher   INFO     Polling stopped
2025.04.21 18:00:48 __main__             INFO     🛑 Polling stopped
2025.04.21 18:00:48 __main__             INFO     🔴 Bot stopped
2025.04.21 18:00:54 dotenv.main          WARNING  python-dotenv could not parse statement starting at line 5
2025.04.21 18:00:54 __main__             INFO     🤖 Starting bot...
2025.04.21 18:00:54 __main__             INFO     🚀 Starting bot initialization...
2025.04.21 18:00:54 __main__             INFO     ✅ Database initialized successfully
2025.04.21 18:00:54 core.spotify_handler INFO     Spotify API connection established.
2025.04.21 18:00:54 __main__             INFO     ✅ Spotify service initialized
2025.04.21 18:00:54 core.webprofile      INFO     Seçilmiş User-Agent: Mozilla/5.0 (Macintosh; Intel Mac OS X 10_15_7) AppleWebKit/537.36 (KHTML, like Gecko) Chrome/122.0.0.0 Safari/537.36
2025.04.21 18:00:54 core.youtube_handler INFO     firefox brauzerindən cookies istifadə edilir.
2025.04.21 18:00:54 __main__             INFO     ✅ YouTube services initialized (firefox)
2025.04.21 18:00:54 __main__             INFO     🔌 Loading plugins...
2025.04.21 18:00:54 __main__             INFO     🔍 Scanning plugins in: plugins
2025.04.21 18:00:54 __main__             INFO     🔄 Loading: plugins.spotify_plugin
2025.04.21 18:00:54 __main__             INFO     ✅ Loaded (sync): plugins.spotify_plugin
2025.04.21 18:00:54 __main__             INFO     🔄 Loading: plugins.menu_plugin
2025.04.21 18:00:54 __main__             INFO     ✅ Loaded (sync): plugins.menu_plugin
2025.04.21 18:00:54 __main__             INFO     🔄 Loading: plugins.sudo_plugin
2025.04.21 18:00:54 __main__             INFO     ✅ Loaded (sync): plugins.sudo_plugin
2025.04.21 18:00:54 __main__             INFO     🔄 Loading: plugins.youtube_plugin
2025.04.21 18:00:54 __main__             INFO     ✅ Loaded (sync): plugins.youtube_plugin
2025.04.21 18:00:54 __main__             INFO     🔄 Loading: plugins.neofetch_plugin
2025.04.21 18:00:54 __main__             INFO     ✅ Loaded (sync): plugins.neofetch_plugin
2025.04.21 18:00:54 __main__             INFO     🔄 Loading: plugins.id_command
2025.04.21 18:00:54 plugins.id_command   INFO     ✅ info_command plugin successfully loaded
2025.04.21 18:00:54 __main__             INFO     ✅ Loaded (async): plugins.id_command
2025.04.21 18:00:54 __main__             INFO     🔄 Loading: plugins.report_plugin
2025.04.21 18:00:54 __main__             INFO     ✅ Loaded (async): plugins.report_plugin
2025.04.21 18:00:54 __main__             INFO     🔄 Loading: plugins.del_plugin
2025.04.21 18:00:54 __main__             INFO     ✅ Loaded (sync): plugins.del_plugin
2025.04.21 18:00:54 __main__             INFO     🔄 Loading: plugins.music_plugin
2025.04.21 18:00:54 __main__             INFO     ✅ Loaded (sync): plugins.music_plugin
2025.04.21 18:00:54 __main__             INFO     🔄 Loading: plugins.start_plugin
2025.04.21 18:00:54 __main__             INFO     ✅ Loaded (async): plugins.start_plugin
2025.04.21 18:00:54 __main__             INFO     🔄 Loading: plugins.stats_plugin
2025.04.21 18:00:54 __main__             INFO     ✅ Loaded (sync): plugins.stats_plugin
2025.04.21 18:00:54 __main__             INFO     🔄 Loading: plugins.dir_plugin
2025.04.21 18:00:54 __main__             INFO     ✅ Loaded (sync): plugins.dir_plugin
2025.04.21 18:00:54 __main__             INFO     🔄 Loading: plugins.broadcast_plugin
2025.04.21 18:00:54 __main__             INFO     ✅ Loaded (sync): plugins.broadcast_plugin
2025.04.21 18:00:54 __main__             INFO     🔄 Loading: plugins.speedtest_plugin
2025.04.21 18:00:54 __main__             INFO     ✅ Loaded (sync): plugins.speedtest_plugin
2025.04.21 18:00:54 __main__             INFO     🔄 Loading: plugins.bot_logs
2025.04.21 18:00:54 __main__             INFO     ✅ Loaded (async): plugins.bot_logs
2025.04.21 18:00:54 __main__             INFO     🔄 Loading: plugins.inline_youtube
2025.04.21 18:00:54 plugins.inline_youtube INFO     ✅ YouTube plugin aktiv oldu
2025.04.21 18:00:54 __main__             INFO     ✅ Loaded (sync): plugins.inline_youtube
2025.04.21 18:00:54 __main__             INFO     🚀 Starting polling...
2025.04.21 18:00:54 aiogram.dispatcher   INFO     Start polling
2025.04.21 18:00:54 aiogram.dispatcher   INFO     Run polling for bot @dllmasterbot id=8095621527 - 'DLLMaster 🍊'
2025.04.21 18:01:03 aiogram.event        INFO     Update id=511758580 is handled. Duration 123 ms by bot id=8095621527
2025.04.21 18:01:08 aiogram.event        INFO     Update id=511758581 is handled. Duration 206 ms by bot id=8095621527
2025.04.21 18:01:09 aiogram.event        INFO     Update id=511758582 is handled. Duration 141 ms by bot id=8095621527
2025.04.21 18:01:11 aiogram.event        INFO     Update id=511758583 is handled. Duration 256 ms by bot id=8095621527
2025.04.21 18:01:12 aiogram.event        INFO     Update id=511758584 is handled. Duration 67 ms by bot id=8095621527
2025.04.21 18:01:13 aiogram.event        INFO     Update id=511758585 is not handled. Duration 80 ms by bot id=8095621527
2025.04.21 18:01:13 aiogram.event        ERROR    Cause exception while process update id=511758585 by bot id=8095621527
ConfigRetrievalError: HTTP Error 403: Forbidden
Traceback (most recent call last):
  File "/home/admin/.local/lib/python3.11/site-packages/aiogram/dispatcher/dispatcher.py", line 309, in _process_update
    response = await self.feed_update(bot, update, **kwargs)
               ^^^^^^^^^^^^^^^^^^^^^^^^^^^^^^^^^^^^^^^^^^^^^
  File "/home/admin/.local/lib/python3.11/site-packages/aiogram/dispatcher/dispatcher.py", line 158, in feed_update
    response = await self.update.wrap_outer_middleware(
               ^^^^^^^^^^^^^^^^^^^^^^^^^^^^^^^^^^^^^^^^
  File "/home/admin/.local/lib/python3.11/site-packages/aiogram/dispatcher/middlewares/error.py", line 25, in __call__
    return await handler(event, data)
           ^^^^^^^^^^^^^^^^^^^^^^^^^^
  File "/home/admin/.local/lib/python3.11/site-packages/aiogram/dispatcher/middlewares/user_context.py", line 56, in __call__
    return await handler(event, data)
           ^^^^^^^^^^^^^^^^^^^^^^^^^^
  File "/home/admin/.local/lib/python3.11/site-packages/aiogram/fsm/middleware.py", line 42, in __call__
    return await handler(event, data)
           ^^^^^^^^^^^^^^^^^^^^^^^^^^
  File "/home/admin/.local/lib/python3.11/site-packages/aiogram/dispatcher/event/telegram.py", line 121, in trigger
    return await wrapped_inner(event, kwargs)
           ^^^^^^^^^^^^^^^^^^^^^^^^^^^^^^^^^^
  File "/home/admin/.local/lib/python3.11/site-packages/aiogram/dispatcher/event/handler.py", line 43, in call
    return await wrapped()
           ^^^^^^^^^^^^^^^
  File "/home/admin/.local/lib/python3.11/site-packages/aiogram/dispatcher/dispatcher.py", line 276, in _listen_update
    return await self.propagate_event(update_type=update_type, event=event, **kwargs)
           ^^^^^^^^^^^^^^^^^^^^^^^^^^^^^^^^^^^^^^^^^^^^^^^^^^^^^^^^^^^^^^^^^^^^^^^^^^
  File "/home/admin/.local/lib/python3.11/site-packages/aiogram/dispatcher/router.py", line 146, in propagate_event
    return await observer.wrap_outer_middleware(_wrapped, event=event, data=kwargs)
           ^^^^^^^^^^^^^^^^^^^^^^^^^^^^^^^^^^^^^^^^^^^^^^^^^^^^^^^^^^^^^^^^^^^^^^^^
  File "/home/admin/.local/lib/python3.11/site-packages/aiogram/dispatcher/router.py", line 141, in _wrapped
    return await self._propagate_event(
           ^^^^^^^^^^^^^^^^^^^^^^^^^^^^
  File "/home/admin/.local/lib/python3.11/site-packages/aiogram/dispatcher/router.py", line 166, in _propagate_event
    response = await observer.trigger(event, **kwargs)
               ^^^^^^^^^^^^^^^^^^^^^^^^^^^^^^^^^^^^^^^
  File "/home/admin/.local/lib/python3.11/site-packages/aiogram/dispatcher/event/telegram.py", line 121, in trigger
    return await wrapped_inner(event, kwargs)
           ^^^^^^^^^^^^^^^^^^^^^^^^^^^^^^^^^^
  File "/home/admin/.local/lib/python3.11/site-packages/aiogram/dispatcher/event/handler.py", line 43, in call
    return await wrapped()
           ^^^^^^^^^^^^^^^
  File "/home/admin/DLMaster/plugins/speedtest_plugin.py", line 28, in speedtest_cmd_callback
    st = speedtest.Speedtest()
         ^^^^^^^^^^^^^^^^^^^^^
  File "/home/admin/.local/lib/python3.11/site-packages/speedtest.py", line 1095, in __init__
    self.get_config()
  File "/home/admin/.local/lib/python3.11/site-packages/speedtest.py", line 1127, in get_config
    raise ConfigRetrievalError(e)
speedtest.ConfigRetrievalError: HTTP Error 403: Forbidden
2025.04.21 18:01:24 aiogram.event        INFO     Update id=511758586 is handled. Duration 95 ms by bot id=8095621527
2025.04.21 18:01:25 aiogram.event        INFO     Update id=511758587 is handled. Duration 73 ms by bot id=8095621527
2025.04.21 18:01:27 core.webprofile      INFO     firefox brauzerindən cookies istifadə edilir.
2025.04.21 18:01:27 core.webprofile      INFO     Seçilmiş User-Agent: Mozilla/5.0 (X11; Ubuntu; Linux x86_64; rv:120.0) Gecko/20100101 Firefox/120.0
2025.04.21 18:01:33 aiogram.event        INFO     Update id=511758588 is handled. Duration 5461 ms by bot id=8095621527
2025.04.21 18:01:35 core.webprofile      INFO     firefox brauzerindən cookies istifadə edilir.
2025.04.21 18:01:35 core.webprofile      INFO     Seçilmiş User-Agent: Mozilla/5.0 (X11; Ubuntu; Linux x86_64; rv:120.0) Gecko/20100101 Firefox/120.0
2025.04.21 18:01:51 aiogram.event        INFO     Update id=511758589 is handled. Duration 16507 ms by bot id=8095621527
2025.04.21 18:02:00 aiogram.event        INFO     Update id=511758590 is not handled. Duration 82 ms by bot id=8095621527
2025.04.21 18:02:00 aiogram.event        ERROR    Cause exception while process update id=511758590 by bot id=8095621527
ConfigRetrievalError: HTTP Error 403: Forbidden
Traceback (most recent call last):
  File "/home/admin/.local/lib/python3.11/site-packages/aiogram/dispatcher/dispatcher.py", line 309, in _process_update
    response = await self.feed_update(bot, update, **kwargs)
               ^^^^^^^^^^^^^^^^^^^^^^^^^^^^^^^^^^^^^^^^^^^^^
  File "/home/admin/.local/lib/python3.11/site-packages/aiogram/dispatcher/dispatcher.py", line 158, in feed_update
    response = await self.update.wrap_outer_middleware(
               ^^^^^^^^^^^^^^^^^^^^^^^^^^^^^^^^^^^^^^^^
  File "/home/admin/.local/lib/python3.11/site-packages/aiogram/dispatcher/middlewares/error.py", line 25, in __call__
    return await handler(event, data)
           ^^^^^^^^^^^^^^^^^^^^^^^^^^
  File "/home/admin/.local/lib/python3.11/site-packages/aiogram/dispatcher/middlewares/user_context.py", line 56, in __call__
    return await handler(event, data)
           ^^^^^^^^^^^^^^^^^^^^^^^^^^
  File "/home/admin/.local/lib/python3.11/site-packages/aiogram/fsm/middleware.py", line 42, in __call__
    return await handler(event, data)
           ^^^^^^^^^^^^^^^^^^^^^^^^^^
  File "/home/admin/.local/lib/python3.11/site-packages/aiogram/dispatcher/event/telegram.py", line 121, in trigger
    return await wrapped_inner(event, kwargs)
           ^^^^^^^^^^^^^^^^^^^^^^^^^^^^^^^^^^
  File "/home/admin/.local/lib/python3.11/site-packages/aiogram/dispatcher/event/handler.py", line 43, in call
    return await wrapped()
           ^^^^^^^^^^^^^^^
  File "/home/admin/.local/lib/python3.11/site-packages/aiogram/dispatcher/dispatcher.py", line 276, in _listen_update
    return await self.propagate_event(update_type=update_type, event=event, **kwargs)
           ^^^^^^^^^^^^^^^^^^^^^^^^^^^^^^^^^^^^^^^^^^^^^^^^^^^^^^^^^^^^^^^^^^^^^^^^^^
  File "/home/admin/.local/lib/python3.11/site-packages/aiogram/dispatcher/router.py", line 146, in propagate_event
    return await observer.wrap_outer_middleware(_wrapped, event=event, data=kwargs)
           ^^^^^^^^^^^^^^^^^^^^^^^^^^^^^^^^^^^^^^^^^^^^^^^^^^^^^^^^^^^^^^^^^^^^^^^^
  File "/home/admin/.local/lib/python3.11/site-packages/aiogram/dispatcher/router.py", line 141, in _wrapped
    return await self._propagate_event(
           ^^^^^^^^^^^^^^^^^^^^^^^^^^^^
  File "/home/admin/.local/lib/python3.11/site-packages/aiogram/dispatcher/router.py", line 166, in _propagate_event
    response = await observer.trigger(event, **kwargs)
               ^^^^^^^^^^^^^^^^^^^^^^^^^^^^^^^^^^^^^^^
  File "/home/admin/.local/lib/python3.11/site-packages/aiogram/dispatcher/event/telegram.py", line 121, in trigger
    return await wrapped_inner(event, kwargs)
           ^^^^^^^^^^^^^^^^^^^^^^^^^^^^^^^^^^
  File "/home/admin/.local/lib/python3.11/site-packages/aiogram/dispatcher/event/handler.py", line 43, in call
    return await wrapped()
           ^^^^^^^^^^^^^^^
  File "/home/admin/DLMaster/plugins/speedtest_plugin.py", line 28, in speedtest_cmd_callback
    st = speedtest.Speedtest()
         ^^^^^^^^^^^^^^^^^^^^^
  File "/home/admin/.local/lib/python3.11/site-packages/speedtest.py", line 1095, in __init__
    self.get_config()
  File "/home/admin/.local/lib/python3.11/site-packages/speedtest.py", line 1127, in get_config
    raise ConfigRetrievalError(e)
speedtest.ConfigRetrievalError: HTTP Error 403: Forbidden
2025.04.21 18:02:57 aiogram.event        INFO     Update id=511758591 is handled. Duration 178 ms by bot id=8095621527
2025.04.21 18:02:58 aiogram.event        INFO     Update id=511758592 is handled. Duration 123 ms by bot id=8095621527
2025.04.21 18:03:01 aiogram.event        INFO     Update id=511758593 is handled. Duration 57 ms by bot id=8095621527
2025.04.21 18:03:04 core.webprofile      INFO     firefox brauzerindən cookies istifadə edilir.
2025.04.21 18:03:04 core.webprofile      INFO     Seçilmiş User-Agent: Mozilla/5.0 (Linux; Android 14; SM-G998B) AppleWebKit/537.36 (KHTML, like Gecko) Chrome/122.0.0.0 Mobile Safari/537.36
2025.04.21 18:03:08 aiogram.event        INFO     Update id=511758594 is handled. Duration 4343 ms by bot id=8095621527
2025.04.21 18:03:11 core.webprofile      INFO     firefox brauzerindən cookies istifadə edilir.
2025.04.21 18:03:11 core.webprofile      INFO     Seçilmiş User-Agent: Mozilla/5.0 (Linux; Android 14; SM-G998B) AppleWebKit/537.36 (KHTML, like Gecko) Chrome/122.0.0.0 Mobile Safari/537.36
2025.04.21 18:03:24 aiogram.event        INFO     Update id=511758595 is handled. Duration 13149 ms by bot id=8095621527
2025.04.21 18:03:29 aiogram.event        INFO     Update id=511758596 is handled. Duration 127 ms by bot id=8095621527
2025.04.21 18:03:34 aiogram.event        INFO     Update id=511758597 is handled. Duration 43 ms by bot id=8095621527
2025.04.21 18:03:42 core.webprofile      INFO     firefox brauzerindən cookies istifadə edilir.
2025.04.21 18:03:42 core.webprofile      INFO     Seçilmiş User-Agent: Mozilla/5.0 (Windows NT 10.0; Win64; x64) AppleWebKit/537.36 (KHTML, like Gecko) Chrome/122.0.0.0 Safari/537.36
2025.04.21 18:03:48 aiogram.event        INFO     Update id=511758598 is handled. Duration 6373 ms by bot id=8095621527
2025.04.21 18:03:51 aiogram.event        INFO     Update id=511758599 is handled. Duration 61 ms by bot id=8095621527
2025.04.21 18:03:54 core.webprofile      INFO     firefox brauzerindən cookies istifadə edilir.
2025.04.21 18:03:54 core.webprofile      INFO     Seçilmiş User-Agent: Mozilla/5.0 (X11; Ubuntu; Linux x86_64; rv:120.0) Gecko/20100101 Firefox/120.0
2025.04.21 18:04:07 aiogram.event        INFO     Update id=511758600 is handled. Duration 12457 ms by bot id=8095621527
2025.04.21 18:04:17 aiogram.event        INFO     Update id=511758601 is handled. Duration 68 ms by bot id=8095621527
2025.04.21 18:04:20 aiogram.event        INFO     Update id=511758602 is handled. Duration 51 ms by bot id=8095621527
2025.04.21 18:04:26 aiogram.event        INFO     Update id=511758603 is handled. Duration 51 ms by bot id=8095621527
2025.04.21 18:04:28 aiogram.event        INFO     Update id=511758604 is not handled. Duration 118 ms by bot id=8095621527
2025.04.21 18:04:28 aiogram.event        ERROR    Cause exception while process update id=511758604 by bot id=8095621527
ConfigRetrievalError: HTTP Error 403: Forbidden
Traceback (most recent call last):
  File "/home/admin/.local/lib/python3.11/site-packages/aiogram/dispatcher/dispatcher.py", line 309, in _process_update
    response = await self.feed_update(bot, update, **kwargs)
               ^^^^^^^^^^^^^^^^^^^^^^^^^^^^^^^^^^^^^^^^^^^^^
  File "/home/admin/.local/lib/python3.11/site-packages/aiogram/dispatcher/dispatcher.py", line 158, in feed_update
    response = await self.update.wrap_outer_middleware(
               ^^^^^^^^^^^^^^^^^^^^^^^^^^^^^^^^^^^^^^^^
  File "/home/admin/.local/lib/python3.11/site-packages/aiogram/dispatcher/middlewares/error.py", line 25, in __call__
    return await handler(event, data)
           ^^^^^^^^^^^^^^^^^^^^^^^^^^
  File "/home/admin/.local/lib/python3.11/site-packages/aiogram/dispatcher/middlewares/user_context.py", line 56, in __call__
    return await handler(event, data)
           ^^^^^^^^^^^^^^^^^^^^^^^^^^
  File "/home/admin/.local/lib/python3.11/site-packages/aiogram/fsm/middleware.py", line 42, in __call__
    return await handler(event, data)
           ^^^^^^^^^^^^^^^^^^^^^^^^^^
  File "/home/admin/.local/lib/python3.11/site-packages/aiogram/dispatcher/event/telegram.py", line 121, in trigger
    return await wrapped_inner(event, kwargs)
           ^^^^^^^^^^^^^^^^^^^^^^^^^^^^^^^^^^
  File "/home/admin/.local/lib/python3.11/site-packages/aiogram/dispatcher/event/handler.py", line 43, in call
    return await wrapped()
           ^^^^^^^^^^^^^^^
  File "/home/admin/.local/lib/python3.11/site-packages/aiogram/dispatcher/dispatcher.py", line 276, in _listen_update
    return await self.propagate_event(update_type=update_type, event=event, **kwargs)
           ^^^^^^^^^^^^^^^^^^^^^^^^^^^^^^^^^^^^^^^^^^^^^^^^^^^^^^^^^^^^^^^^^^^^^^^^^^
  File "/home/admin/.local/lib/python3.11/site-packages/aiogram/dispatcher/router.py", line 146, in propagate_event
    return await observer.wrap_outer_middleware(_wrapped, event=event, data=kwargs)
           ^^^^^^^^^^^^^^^^^^^^^^^^^^^^^^^^^^^^^^^^^^^^^^^^^^^^^^^^^^^^^^^^^^^^^^^^
  File "/home/admin/.local/lib/python3.11/site-packages/aiogram/dispatcher/router.py", line 141, in _wrapped
    return await self._propagate_event(
           ^^^^^^^^^^^^^^^^^^^^^^^^^^^^
  File "/home/admin/.local/lib/python3.11/site-packages/aiogram/dispatcher/router.py", line 166, in _propagate_event
    response = await observer.trigger(event, **kwargs)
               ^^^^^^^^^^^^^^^^^^^^^^^^^^^^^^^^^^^^^^^
  File "/home/admin/.local/lib/python3.11/site-packages/aiogram/dispatcher/event/telegram.py", line 121, in trigger
    return await wrapped_inner(event, kwargs)
           ^^^^^^^^^^^^^^^^^^^^^^^^^^^^^^^^^^
  File "/home/admin/.local/lib/python3.11/site-packages/aiogram/dispatcher/event/handler.py", line 43, in call
    return await wrapped()
           ^^^^^^^^^^^^^^^
  File "/home/admin/DLMaster/plugins/speedtest_plugin.py", line 28, in speedtest_cmd_callback
    st = speedtest.Speedtest()
         ^^^^^^^^^^^^^^^^^^^^^
  File "/home/admin/.local/lib/python3.11/site-packages/speedtest.py", line 1095, in __init__
    self.get_config()
  File "/home/admin/.local/lib/python3.11/site-packages/speedtest.py", line 1127, in get_config
    raise ConfigRetrievalError(e)
speedtest.ConfigRetrievalError: HTTP Error 403: Forbidden
2025.04.21 18:06:22 aiogram.event        INFO     Update id=511758605 is handled. Duration 57 ms by bot id=8095621527
2025.04.21 18:06:29 aiogram.event        INFO     Update id=511758606 is handled. Duration 37 ms by bot id=8095621527
2025.04.21 18:06:43 aiogram.event        INFO     Update id=511758607 is handled. Duration 129 ms by bot id=8095621527
2025.04.21 18:06:54 aiogram.event        INFO     Update id=511758608 is handled. Duration 97 ms by bot id=8095621527
2025.04.21 18:07:11 aiogram.event        INFO     Update id=511758609 is handled. Duration 94 ms by bot id=8095621527
2025.04.21 18:07:16 aiogram.event        INFO     Update id=511758610 is handled. Duration 94 ms by bot id=8095621527
2025.04.21 18:07:41 aiogram.event        INFO     Update id=511758611 is handled. Duration 100 ms by bot id=8095621527
2025.04.21 18:07:55 aiogram.event        INFO     Update id=511758612 is handled. Duration 78 ms by bot id=8095621527
2025.04.21 18:07:58 aiogram.event        INFO     Update id=511758613 is handled. Duration 87 ms by bot id=8095621527
2025.04.21 18:08:06 aiogram.event        INFO     Update id=511758614 is handled. Duration 74 ms by bot id=8095621527
2025.04.21 18:09:01 aiogram.event        INFO     Update id=511758615 is handled. Duration 1 ms by bot id=8095621527
2025.04.21 18:09:02 aiogram.event        INFO     Update id=511758616 is handled. Duration 1 ms by bot id=8095621527
2025.04.21 18:09:23 aiogram.event        INFO     Update id=511758617 is handled. Duration 1 ms by bot id=8095621527
2025.04.21 18:09:38 aiogram.event        INFO     Update id=511758618 is handled. Duration 1 ms by bot id=8095621527
2025.04.21 18:10:03 aiogram.event        INFO     Update id=511758619 is handled. Duration 1 ms by bot id=8095621527
2025.04.21 18:11:07 aiogram.event        INFO     Update id=511758620 is handled. Duration 3 ms by bot id=8095621527
2025.04.21 18:11:07 aiogram.event        INFO     Update id=511758621 is handled. Duration 4 ms by bot id=8095621527
2025.04.21 18:11:07 aiogram.event        INFO     Update id=511758622 is handled. Duration 4 ms by bot id=8095621527
2025.04.21 18:11:07 aiogram.event        INFO     Update id=511758623 is handled. Duration 3 ms by bot id=8095621527
2025.04.21 18:11:08 aiogram.event        INFO     Update id=511758624 is handled. Duration 1 ms by bot id=8095621527
2025.04.21 18:11:09 aiogram.event        INFO     Update id=511758625 is handled. Duration 3 ms by bot id=8095621527
2025.04.21 18:11:09 aiogram.event        INFO     Update id=511758626 is handled. Duration 3 ms by bot id=8095621527
2025.04.21 18:11:09 aiogram.event        INFO     Update id=511758627 is handled. Duration 3 ms by bot id=8095621527
2025.04.21 18:11:09 aiogram.event        INFO     Update id=511758628 is handled. Duration 3 ms by bot id=8095621527
2025.04.21 18:11:14 aiogram.event        INFO     Update id=511758629 is handled. Duration 1 ms by bot id=8095621527
2025.04.21 18:11:17 aiogram.event        INFO     Update id=511758630 is handled. Duration 1 ms by bot id=8095621527
2025.04.21 18:11:23 aiogram.event        INFO     Update id=511758631 is handled. Duration 1 ms by bot id=8095621527
2025.04.21 18:13:57 aiogram.event        INFO     Update id=511758632 is handled. Duration 1 ms by bot id=8095621527
2025.04.21 18:18:12 aiogram.event        INFO     Update id=511758633 is handled. Duration 1 ms by bot id=8095621527
2025.04.21 18:18:39 aiogram.event        INFO     Update id=511758634 is handled. Duration 1 ms by bot id=8095621527
2025.04.21 18:19:00 aiogram.dispatcher   WARNING  Received SIGINT signal
2025.04.21 18:19:00 aiogram.dispatcher   INFO     Polling stopped for bot @dllmasterbot id=8095621527 - 'DLLMaster 🍊'
2025.04.21 18:19:00 aiogram.dispatcher   INFO     Polling stopped
2025.04.21 18:19:00 __main__             INFO     🛑 Polling stopped
2025.04.21 18:19:00 __main__             INFO     🔴 Bot stopped
2025.04.21 18:19:05 dotenv.main          WARNING  python-dotenv could not parse statement starting at line 5
2025.04.21 18:19:05 __main__             INFO     🤖 Starting bot...
2025.04.21 18:19:05 __main__             INFO     🚀 Starting bot initialization...
2025.04.21 18:19:05 __main__             INFO     ✅ Database initialized successfully
2025.04.21 18:19:05 core.spotify_handler INFO     Spotify API connection established.
2025.04.21 18:19:05 __main__             INFO     ✅ Spotify service initialized
2025.04.21 18:19:05 core.webprofile      INFO     Seçilmiş User-Agent: Mozilla/5.0 (X11; Ubuntu; Linux x86_64; rv:120.0) Gecko/20100101 Firefox/120.0
2025.04.21 18:19:05 core.youtube_handler INFO     firefox brauzerindən cookies istifadə edilir.
2025.04.21 18:19:05 __main__             INFO     ✅ YouTube services initialized (firefox)
2025.04.21 18:19:05 __main__             INFO     🔌 Loading plugins...
2025.04.21 18:19:05 __main__             INFO     🔍 Scanning plugins in: plugins
2025.04.21 18:19:05 __main__             INFO     🔄 Loading: plugins.spotify_plugin
2025.04.21 18:19:05 __main__             INFO     ✅ Loaded (sync): plugins.spotify_plugin
2025.04.21 18:19:05 __main__             INFO     🔄 Loading: plugins.menu_plugin
2025.04.21 18:19:05 __main__             INFO     ✅ Loaded (sync): plugins.menu_plugin
2025.04.21 18:19:05 __main__             INFO     🔄 Loading: plugins.sudo_plugin
2025.04.21 18:19:05 __main__             INFO     ✅ Loaded (sync): plugins.sudo_plugin
2025.04.21 18:19:05 __main__             INFO     🔄 Loading: plugins.youtube_plugin
2025.04.21 18:19:05 __main__             INFO     ✅ Loaded (sync): plugins.youtube_plugin
2025.04.21 18:19:05 __main__             INFO     🔄 Loading: plugins.neofetch_plugin
2025.04.21 18:19:05 __main__             INFO     ✅ Loaded (sync): plugins.neofetch_plugin
2025.04.21 18:19:05 __main__             INFO     🔄 Loading: plugins.id_command
2025.04.21 18:19:05 plugins.id_command   INFO     ✅ info_command plugin successfully loaded
2025.04.21 18:19:05 __main__             INFO     ✅ Loaded (async): plugins.id_command
2025.04.21 18:19:05 __main__             INFO     🔄 Loading: plugins.report_plugin
2025.04.21 18:19:05 __main__             INFO     ✅ Loaded (async): plugins.report_plugin
2025.04.21 18:19:05 __main__             INFO     🔄 Loading: plugins.del_plugin
2025.04.21 18:19:05 __main__             INFO     ✅ Loaded (sync): plugins.del_plugin
2025.04.21 18:19:05 __main__             INFO     🔄 Loading: plugins.music_plugin
2025.04.21 18:19:05 __main__             INFO     ✅ Loaded (sync): plugins.music_plugin
2025.04.21 18:19:05 __main__             INFO     🔄 Loading: plugins.start_plugin
2025.04.21 18:19:05 __main__             INFO     ✅ Loaded (async): plugins.start_plugin
2025.04.21 18:19:05 __main__             INFO     🔄 Loading: plugins.stats_plugin
2025.04.21 18:19:05 __main__             INFO     ✅ Loaded (sync): plugins.stats_plugin
2025.04.21 18:19:05 __main__             INFO     🔄 Loading: plugins.dir_plugin
2025.04.21 18:19:05 __main__             INFO     ✅ Loaded (sync): plugins.dir_plugin
2025.04.21 18:19:05 __main__             INFO     🔄 Loading: plugins.broadcast_plugin
2025.04.21 18:19:05 __main__             INFO     ✅ Loaded (sync): plugins.broadcast_plugin
2025.04.21 18:19:05 __main__             INFO     🔄 Loading: plugins.speedtest_plugin
2025.04.21 18:19:05 __main__             INFO     ✅ Loaded (sync): plugins.speedtest_plugin
2025.04.21 18:19:05 __main__             INFO     🔄 Loading: plugins.bot_logs
2025.04.21 18:19:05 __main__             INFO     ✅ Loaded (async): plugins.bot_logs
2025.04.21 18:19:05 __main__             INFO     🔄 Loading: plugins.inline_youtube
2025.04.21 18:19:05 __main__             ERROR    ❌ Failed to load plugins.inline_youtube: cannot import name 'YoutubeManager' from 'core.utilities' (/home/admin/DLMaster/core/utilities.py)
Traceback (most recent call last):
  File "/home/admin/DLMaster/app.py", line 168, in load_plugins
    module = importlib.import_module(module_name)
             ^^^^^^^^^^^^^^^^^^^^^^^^^^^^^^^^^^^^
  File "/usr/lib/python3.11/importlib/__init__.py", line 126, in import_module
    return _bootstrap._gcd_import(name[level:], package, level)
           ^^^^^^^^^^^^^^^^^^^^^^^^^^^^^^^^^^^^^^^^^^^^^^^^^^^^
  File "<frozen importlib._bootstrap>", line 1206, in _gcd_import
  File "<frozen importlib._bootstrap>", line 1178, in _find_and_load
  File "<frozen importlib._bootstrap>", line 1149, in _find_and_load_unlocked
  File "<frozen importlib._bootstrap>", line 690, in _load_unlocked
  File "<frozen importlib._bootstrap_external>", line 940, in exec_module
  File "<frozen importlib._bootstrap>", line 241, in _call_with_frames_removed
  File "/home/admin/DLMaster/plugins/inline_youtube.py", line 8, in <module>
    from core.utilities import YoutubeManager, sanitize_filename, format_duration
ImportError: cannot import name 'YoutubeManager' from 'core.utilities' (/home/admin/DLMaster/core/utilities.py)
2025.04.21 18:19:05 __main__             INFO     🚀 Starting polling...
2025.04.21 18:19:05 aiogram.dispatcher   INFO     Start polling
2025.04.21 18:19:06 aiogram.dispatcher   INFO     Run polling for bot @dllmasterbot id=8095621527 - 'DLLMaster 🍊'
2025.04.21 18:19:10 aiogram.event        INFO     Update id=511758635 is handled. Duration 1 ms by bot id=8095621527
2025.04.21 18:19:28 aiogram.event        INFO     Update id=511758636 is handled. Duration 1 ms by bot id=8095621527
2025.04.21 18:19:34 aiogram.dispatcher   WARNING  Received SIGINT signal
2025.04.21 18:19:34 aiogram.dispatcher   INFO     Polling stopped for bot @dllmasterbot id=8095621527 - 'DLLMaster 🍊'
2025.04.21 18:19:34 aiogram.dispatcher   INFO     Polling stopped
2025.04.21 18:19:34 __main__             INFO     🛑 Polling stopped
2025.04.21 18:19:34 __main__             INFO     🔴 Bot stopped
2025.04.21 18:19:39 dotenv.main          WARNING  python-dotenv could not parse statement starting at line 5
2025.04.21 18:19:39 __main__             INFO     🤖 Starting bot...
2025.04.21 18:19:39 __main__             INFO     🚀 Starting bot initialization...
2025.04.21 18:19:39 __main__             INFO     ✅ Database initialized successfully
2025.04.21 18:19:39 core.spotify_handler INFO     Spotify API connection established.
2025.04.21 18:19:39 __main__             INFO     ✅ Spotify service initialized
2025.04.21 18:19:39 core.webprofile      INFO     Seçilmiş User-Agent: Mozilla/5.0 (Windows NT 10.0; Win64; x64) AppleWebKit/537.36 (KHTML, like Gecko) Chrome/122.0.0.0 Safari/537.36
2025.04.21 18:19:39 core.youtube_handler INFO     firefox brauzerindən cookies istifadə edilir.
2025.04.21 18:19:39 __main__             INFO     ✅ YouTube services initialized (firefox)
2025.04.21 18:19:39 __main__             INFO     🔌 Loading plugins...
2025.04.21 18:19:39 __main__             INFO     🔍 Scanning plugins in: plugins
2025.04.21 18:19:39 __main__             INFO     🔄 Loading: plugins.spotify_plugin
2025.04.21 18:19:39 __main__             INFO     ✅ Loaded (sync): plugins.spotify_plugin
2025.04.21 18:19:39 __main__             INFO     🔄 Loading: plugins.menu_plugin
2025.04.21 18:19:39 __main__             INFO     ✅ Loaded (sync): plugins.menu_plugin
2025.04.21 18:19:39 __main__             INFO     🔄 Loading: plugins.sudo_plugin
2025.04.21 18:19:39 __main__             INFO     ✅ Loaded (sync): plugins.sudo_plugin
2025.04.21 18:19:39 __main__             INFO     🔄 Loading: plugins.youtube_plugin
2025.04.21 18:19:39 __main__             INFO     ✅ Loaded (sync): plugins.youtube_plugin
2025.04.21 18:19:39 __main__             INFO     🔄 Loading: plugins.neofetch_plugin
2025.04.21 18:19:39 __main__             INFO     ✅ Loaded (sync): plugins.neofetch_plugin
2025.04.21 18:19:39 __main__             INFO     🔄 Loading: plugins.id_command
2025.04.21 18:19:39 plugins.id_command   INFO     ✅ info_command plugin successfully loaded
2025.04.21 18:19:39 __main__             INFO     ✅ Loaded (async): plugins.id_command
2025.04.21 18:19:39 __main__             INFO     🔄 Loading: plugins.report_plugin
2025.04.21 18:19:39 __main__             INFO     ✅ Loaded (async): plugins.report_plugin
2025.04.21 18:19:39 __main__             INFO     🔄 Loading: plugins.del_plugin
2025.04.21 18:19:39 __main__             INFO     ✅ Loaded (sync): plugins.del_plugin
2025.04.21 18:19:39 __main__             INFO     🔄 Loading: plugins.music_plugin
2025.04.21 18:19:39 __main__             INFO     ✅ Loaded (sync): plugins.music_plugin
2025.04.21 18:19:39 __main__             INFO     🔄 Loading: plugins.start_plugin
2025.04.21 18:19:39 __main__             INFO     ✅ Loaded (async): plugins.start_plugin
2025.04.21 18:19:39 __main__             INFO     🔄 Loading: plugins.stats_plugin
2025.04.21 18:19:39 __main__             INFO     ✅ Loaded (sync): plugins.stats_plugin
2025.04.21 18:19:39 __main__             INFO     🔄 Loading: plugins.dir_plugin
2025.04.21 18:19:39 __main__             INFO     ✅ Loaded (sync): plugins.dir_plugin
2025.04.21 18:19:39 __main__             INFO     🔄 Loading: plugins.broadcast_plugin
2025.04.21 18:19:39 __main__             INFO     ✅ Loaded (sync): plugins.broadcast_plugin
2025.04.21 18:19:39 __main__             INFO     🔄 Loading: plugins.speedtest_plugin
2025.04.21 18:19:39 __main__             INFO     ✅ Loaded (sync): plugins.speedtest_plugin
2025.04.21 18:19:39 __main__             INFO     🔄 Loading: plugins.bot_logs
2025.04.21 18:19:39 __main__             INFO     ✅ Loaded (async): plugins.bot_logs
2025.04.21 18:19:39 __main__             INFO     🚀 Starting polling...
2025.04.21 18:19:39 aiogram.dispatcher   INFO     Start polling
2025.04.21 18:19:39 aiogram.dispatcher   INFO     Run polling for bot @dllmasterbot id=8095621527 - 'DLLMaster 🍊'
2025.04.21 18:19:47 core.youtube_handler ERROR    Axtarış xətası: name 'get_cookies_from_browser' is not defined
2025.04.21 18:19:52 aiogram.event        INFO     Update id=511758637 is handled. Duration 5230 ms by bot id=8095621527
2025.04.21 18:20:57 aiogram.dispatcher   WARNING  Received SIGINT signal
2025.04.21 18:20:57 aiogram.dispatcher   INFO     Polling stopped for bot @dllmasterbot id=8095621527 - 'DLLMaster 🍊'
2025.04.21 18:20:57 aiogram.dispatcher   INFO     Polling stopped
2025.04.21 18:20:57 __main__             INFO     🛑 Polling stopped
2025.04.21 18:20:57 __main__             INFO     🔴 Bot stopped
2025.04.21 18:21:02 dotenv.main          WARNING  python-dotenv could not parse statement starting at line 5
2025.04.21 18:21:02 __main__             INFO     🤖 Starting bot...
2025.04.21 18:21:02 __main__             INFO     🚀 Starting bot initialization...
2025.04.21 18:21:02 __main__             INFO     ✅ Database initialized successfully
2025.04.21 18:21:02 core.spotify_handler INFO     Spotify API connection established.
2025.04.21 18:21:02 __main__             INFO     ✅ Spotify service initialized
2025.04.21 18:21:02 core.webprofile      INFO     Seçilmiş User-Agent: Mozilla/5.0 (Linux; Android 14; Pixel 8 Pro) AppleWebKit/537.36 (KHTML, like Gecko) Chrome/122.0.0.0 Mobile Safari/537.36
2025.04.21 18:21:02 core.youtube_handler INFO     firefox brauzerindən cookies istifadə edilir.
2025.04.21 18:21:02 __main__             INFO     ✅ YouTube services initialized (firefox)
2025.04.21 18:21:02 __main__             INFO     🔌 Loading plugins...
2025.04.21 18:21:02 __main__             INFO     🔍 Scanning plugins in: plugins
2025.04.21 18:21:02 __main__             INFO     🔄 Loading: plugins.spotify_plugin
2025.04.21 18:21:02 __main__             INFO     ✅ Loaded (sync): plugins.spotify_plugin
2025.04.21 18:21:02 __main__             INFO     🔄 Loading: plugins.menu_plugin
2025.04.21 18:21:02 __main__             INFO     ✅ Loaded (sync): plugins.menu_plugin
2025.04.21 18:21:02 __main__             INFO     🔄 Loading: plugins.sudo_plugin
2025.04.21 18:21:02 __main__             INFO     ✅ Loaded (sync): plugins.sudo_plugin
2025.04.21 18:21:02 __main__             INFO     🔄 Loading: plugins.youtube_plugin
2025.04.21 18:21:02 __main__             INFO     ✅ Loaded (sync): plugins.youtube_plugin
2025.04.21 18:21:02 __main__             INFO     🔄 Loading: plugins.neofetch_plugin
2025.04.21 18:21:02 __main__             INFO     ✅ Loaded (sync): plugins.neofetch_plugin
2025.04.21 18:21:02 __main__             INFO     🔄 Loading: plugins.id_command
2025.04.21 18:21:02 plugins.id_command   INFO     ✅ info_command plugin successfully loaded
2025.04.21 18:21:02 __main__             INFO     ✅ Loaded (async): plugins.id_command
2025.04.21 18:21:02 __main__             INFO     🔄 Loading: plugins.report_plugin
2025.04.21 18:21:02 __main__             INFO     ✅ Loaded (async): plugins.report_plugin
2025.04.21 18:21:02 __main__             INFO     🔄 Loading: plugins.del_plugin
2025.04.21 18:21:02 __main__             INFO     ✅ Loaded (sync): plugins.del_plugin
2025.04.21 18:21:02 __main__             INFO     🔄 Loading: plugins.music_plugin
2025.04.21 18:21:02 __main__             INFO     ✅ Loaded (sync): plugins.music_plugin
2025.04.21 18:21:02 __main__             INFO     🔄 Loading: plugins.start_plugin
2025.04.21 18:21:02 __main__             INFO     ✅ Loaded (async): plugins.start_plugin
2025.04.21 18:21:02 __main__             INFO     🔄 Loading: plugins.stats_plugin
2025.04.21 18:21:02 __main__             INFO     ✅ Loaded (sync): plugins.stats_plugin
2025.04.21 18:21:02 __main__             INFO     🔄 Loading: plugins.dir_plugin
2025.04.21 18:21:02 __main__             INFO     ✅ Loaded (sync): plugins.dir_plugin
2025.04.21 18:21:02 __main__             INFO     🔄 Loading: plugins.broadcast_plugin
2025.04.21 18:21:02 __main__             INFO     ✅ Loaded (sync): plugins.broadcast_plugin
2025.04.21 18:21:02 __main__             INFO     🔄 Loading: plugins.speedtest_plugin
2025.04.21 18:21:02 __main__             INFO     ✅ Loaded (sync): plugins.speedtest_plugin
2025.04.21 18:21:02 __main__             INFO     🔄 Loading: plugins.bot_logs
2025.04.21 18:21:02 __main__             INFO     ✅ Loaded (async): plugins.bot_logs
2025.04.21 18:21:02 __main__             INFO     🚀 Starting polling...
2025.04.21 18:21:02 aiogram.dispatcher   INFO     Start polling
2025.04.21 18:21:02 aiogram.dispatcher   INFO     Run polling for bot @dllmasterbot id=8095621527 - 'DLLMaster 🍊'
2025.04.21 18:21:07 core.webprofile      INFO     firefox brauzerindən cookies istifadə edilir.
2025.04.21 18:21:07 core.webprofile      INFO     Seçilmiş User-Agent: Mozilla/5.0 (Linux; Android 14; SM-G998B) AppleWebKit/537.36 (KHTML, like Gecko) Chrome/122.0.0.0 Mobile Safari/537.36
2025.04.21 18:21:13 aiogram.event        INFO     Update id=511758638 is handled. Duration 5677 ms by bot id=8095621527
2025.04.21 18:21:17 core.webprofile      INFO     firefox brauzerindən cookies istifadə edilir.
2025.04.21 18:21:17 core.webprofile      INFO     Seçilmiş User-Agent: Mozilla/5.0 (iPhone; CPU iPhone OS 17_2 like Mac OS X) AppleWebKit/605.1.15 (KHTML, like Gecko) Version/17.2 Mobile/15E148 Safari/604.1
2025.04.21 18:21:27 aiogram.event        INFO     Update id=511758639 is handled. Duration 10187 ms by bot id=8095621527
2025.04.21 18:21:42 aiogram.event        INFO     Update id=511758640 is handled. Duration 1 ms by bot id=8095621527
2025.04.21 18:21:53 aiogram.event        INFO     Update id=511758641 is handled. Duration 2 ms by bot id=8095621527
2025.04.21 18:21:53 aiogram.event        INFO     Update id=511758642 is handled. Duration 2 ms by bot id=8095621527
2025.04.21 18:21:59 aiogram.event        INFO     Update id=511758643 is handled. Duration 2 ms by bot id=8095621527
2025.04.21 18:21:59 aiogram.event        INFO     Update id=511758644 is handled. Duration 2 ms by bot id=8095621527
2025.04.21 18:21:59 core.webprofile      INFO     firefox brauzerindən cookies istifadə edilir.
2025.04.21 18:21:59 core.webprofile      INFO     Seçilmiş User-Agent: Mozilla/5.0 (X11; Ubuntu; Linux x86_64; rv:120.0) Gecko/20100101 Firefox/120.0
2025.04.21 18:22:08 aiogram.event        INFO     Update id=511758645 is handled. Duration 8077 ms by bot id=8095621527
2025.04.21 18:22:08 aiogram.event        INFO     Update id=511758646 is handled. Duration 95 ms by bot id=8095621527
2025.04.21 18:22:08 core.spotify_handler INFO     Fetching playlist data: 2jUHE9cclyOmdSznexp6zb
2025.04.21 18:22:08 core.spotify_handler ERROR    Spotify API error: error: no healthy upstream, error_description: None
2025.04.21 18:22:08 plugins.spotify_plugin ERROR    Spotify playlist error: Spotify API error: error: no healthy upstream, error_description: None
2025.04.21 18:22:20 aiogram.event        INFO     Update id=511758647 is handled. Duration 36 ms by bot id=8095621527
2025.04.21 18:22:20 core.spotify_handler INFO     Fetching playlist data: 2jUHE9cclyOmdSznexp6zb
2025.04.21 18:22:20 core.spotify_handler ERROR    Spotify API error: error: no healthy upstream, error_description: None
2025.04.21 18:22:21 plugins.spotify_plugin ERROR    Spotify playlist error: Spotify API error: error: no healthy upstream, error_description: None
2025.04.21 18:23:03 aiogram.event        INFO     Update id=511758648 is handled. Duration 0 ms by bot id=8095621527
2025.04.21 18:23:03 core.spotify_handler INFO     Fetching track data: 6SczciVAVNDDgKdP6S4te9
2025.04.21 18:23:03 core.webprofile      INFO     firefox brauzerindən cookies istifadə edilir.
2025.04.21 18:23:03 core.webprofile      INFO     Seçilmiş User-Agent: Mozilla/5.0 (Linux; Android 14; Pixel 8 Pro) AppleWebKit/537.36 (KHTML, like Gecko) Chrome/122.0.0.0 Mobile Safari/537.36
2025.04.21 18:23:16 core.spotify_handler INFO     Added Spotify thumbnail: https://i.scdn.co/image/ab67616d0000b2739895ebf16ffc896cf42146ef
2025.04.21 18:23:16 core.spotify_handler INFO     Metadata applied: download/download/Kinto.m4a
2025.04.21 18:25:55 aiogram.event        INFO     Update id=511758649 is handled. Duration 1 ms by bot id=8095621527
2025.04.21 18:26:07 aiogram.event        INFO     Update id=511758650 is handled. Duration 1 ms by bot id=8095621527
2025.04.21 18:26:23 aiogram.event        INFO     Update id=511758651 is handled. Duration 1 ms by bot id=8095621527
2025.04.21 18:26:25 aiogram.event        INFO     Update id=511758652 is handled. Duration 1 ms by bot id=8095621527
2025.04.21 18:26:26 aiogram.event        INFO     Update id=511758653 is handled. Duration 1 ms by bot id=8095621527
2025.04.21 18:26:55 aiogram.event        INFO     Update id=511758654 is handled. Duration 1 ms by bot id=8095621527
2025.04.21 18:30:47 aiogram.event        INFO     Update id=511758655 is handled. Duration 1 ms by bot id=8095621527
2025.04.21 18:31:09 aiogram.event        INFO     Update id=511758656 is handled. Duration 122 ms by bot id=8095621527
2025.04.21 18:31:09 core.spotify_handler INFO     Fetching playlist data: 2jUHE9cclyOmdSznexp6zb
2025.04.21 18:31:11 core.webprofile      INFO     firefox brauzerindən cookies istifadə edilir.
2025.04.21 18:31:11 core.webprofile      INFO     Seçilmiş User-Agent: Mozilla/5.0 (Linux; Android 14; SM-G998B) AppleWebKit/537.36 (KHTML, like Gecko) Chrome/122.0.0.0 Mobile Safari/537.36
2025.04.21 18:31:33 core.spotify_handler INFO     Added Spotify thumbnail: https://i.scdn.co/image/ab67616d0000b2739895ebf16ffc896cf42146ef
2025.04.21 18:31:33 core.spotify_handler INFO     Metadata applied: download/download/Kinto.m4a
2025.04.21 18:31:35 core.webprofile      INFO     firefox brauzerindən cookies istifadə edilir.
2025.04.21 18:31:35 core.webprofile      INFO     Seçilmiş User-Agent: Mozilla/5.0 (Windows NT 10.0; Win64; x64) AppleWebKit/537.36 (KHTML, like Gecko) Edge/120.0.0.0 Safari/537.36
2025.04.21 18:31:49 core.spotify_handler INFO     Added Spotify thumbnail: https://i.scdn.co/image/ab67616d0000b273e38559e49b4a184a13bfa5f8
2025.04.21 18:31:49 core.spotify_handler INFO     Metadata applied: download/download/Indra.m4a
2025.04.21 18:31:51 core.webprofile      INFO     firefox brauzerindən cookies istifadə edilir.
2025.04.21 18:31:51 core.webprofile      INFO     Seçilmiş User-Agent: Mozilla/5.0 (iPad; CPU OS 17_2 like Mac OS X) AppleWebKit/605.1.15 (KHTML, like Gecko) Version/17.2 Mobile/15E148 Safari/604.1
2025.04.21 18:32:10 core.spotify_handler INFO     Added Spotify thumbnail: https://i.scdn.co/image/ab67616d0000b27323bf61d486ef0263d34e3b6f
2025.04.21 18:32:10 core.spotify_handler INFO     Metadata applied: download/download/Tunke.m4a
2025.04.21 18:32:11 aiogram.event        INFO     Update id=511758657 is handled. Duration 1 ms by bot id=8095621527
2025.04.21 18:32:12 core.webprofile      INFO     firefox brauzerindən cookies istifadə edilir.
2025.04.21 18:32:12 core.webprofile      INFO     Seçilmiş User-Agent: Mozilla/5.0 (iPhone; CPU iPhone OS 17_2 like Mac OS X) AppleWebKit/605.1.15 (KHTML, like Gecko) Version/17.2 Mobile/15E148 Safari/604.1
2025.04.21 18:32:25 plugins.youtube_plugin INFO     User 7526642047 cancelled download
2025.04.21 18:32:25 aiogram.event        INFO     Update id=511758658 is handled. Duration 5239 ms by bot id=8095621527
2025.04.21 18:36:59 aiogram.event        INFO     Update id=511758659 is not handled. Duration 1 ms by bot id=8095621527
2025.04.21 18:38:48 aiogram.event        INFO     Update id=511758660 is not handled. Duration 1 ms by bot id=8095621527
2025.04.21 18:41:12 aiogram.event        INFO     Update id=511758661 is handled. Duration 55 ms by bot id=8095621527
2025.04.21 18:41:22 aiogram.event        INFO     Update id=511758662 is handled. Duration 81 ms by bot id=8095621527
2025.04.21 18:41:30 aiogram.event        INFO     Update id=511758663 is handled. Duration 86 ms by bot id=8095621527
2025.04.21 18:41:59 aiogram.event        INFO     Update id=511758664 is handled. Duration 134 ms by bot id=8095621527
2025.04.21 18:42:01 aiogram.event        INFO     Update id=511758665 is handled. Duration 387 ms by bot id=8095621527
2025.04.21 18:42:02 aiogram.event        INFO     Update id=511758666 is handled. Duration 72 ms by bot id=8095621527
2025.04.21 18:42:07 aiogram.event        INFO     Update id=511758667 is handled. Duration 19 ms by bot id=8095621527
2025.04.21 18:42:08 aiogram.event        INFO     Update id=511758668 is handled. Duration 51 ms by bot id=8095621527
2025.04.21 18:42:08 aiogram.event        INFO     Update id=511758669 is handled. Duration 56 ms by bot id=8095621527
2025.04.21 18:42:09 aiogram.event        INFO     Update id=511758670 is handled. Duration 46 ms by bot id=8095621527
2025.04.21 18:42:09 aiogram.event        INFO     Update id=511758671 is handled. Duration 85 ms by bot id=8095621527
2025.04.21 18:42:12 aiogram.event        INFO     Update id=511758672 is handled. Duration 85 ms by bot id=8095621527
2025.04.21 18:42:13 aiogram.event        INFO     Update id=511758673 is handled. Duration 176 ms by bot id=8095621527
2025.04.21 18:42:14 aiogram.event        INFO     Update id=511758674 is handled. Duration 83 ms by bot id=8095621527
2025.04.21 18:42:14 aiogram.event        INFO     Update id=511758675 is handled. Duration 51 ms by bot id=8095621527
2025.04.21 18:42:15 aiogram.event        INFO     Update id=511758676 is handled. Duration 60 ms by bot id=8095621527
2025.04.21 18:42:19 aiogram.event        INFO     Update id=511758677 is handled. Duration 63 ms by bot id=8095621527
2025.04.21 18:42:27 aiogram.event        INFO     Update id=511758678 is handled. Duration 51 ms by bot id=8095621527
2025.04.21 18:43:18 aiogram.event        INFO     Update id=511758679 is handled. Duration 1 ms by bot id=8095621527
2025.04.21 18:48:26 aiogram.event        INFO     Update id=511758680 is handled. Duration 1 ms by bot id=8095621527
2025.04.21 18:52:02 aiogram.event        INFO     Update id=511758681 is handled. Duration 1 ms by bot id=8095621527
2025.04.21 18:53:29 aiogram.event        INFO     Update id=511758682 is handled. Duration 1 ms by bot id=8095621527
2025.04.21 18:55:46 aiogram.event        INFO     Update id=511758683 is not handled. Duration 1 ms by bot id=8095621527
2025.04.21 18:56:10 aiogram.event        INFO     Update id=511758684 is handled. Duration 1 ms by bot id=8095621527
2025.04.21 18:56:36 aiogram.event        INFO     Update id=511758685 is handled. Duration 1 ms by bot id=8095621527
2025.04.21 18:56:36 aiogram.event        INFO     Update id=511758686 is handled. Duration 1 ms by bot id=8095621527
2025.04.21 19:00:18 aiogram.event        INFO     Update id=511758687 is not handled. Duration 1 ms by bot id=8095621527
2025.04.21 19:02:15 aiogram.event        INFO     Update id=511758688 is not handled. Duration 0 ms by bot id=8095621527
2025.04.21 19:08:22 aiogram.dispatcher   WARNING  Received SIGINT signal
2025.04.21 19:08:22 aiogram.dispatcher   INFO     Polling stopped for bot @dllmasterbot id=8095621527 - 'DLLMaster 🍊'
2025.04.21 19:08:22 aiogram.dispatcher   INFO     Polling stopped
2025.04.21 19:08:22 __main__             INFO     🛑 Polling stopped
2025.04.21 19:08:22 __main__             INFO     🔴 Bot stopped
2025.04.21 19:08:27 dotenv.main          WARNING  python-dotenv could not parse statement starting at line 5
2025.04.21 19:08:27 __main__             INFO     🤖 Starting bot...
2025.04.21 19:08:27 __main__             INFO     🚀 Starting bot initialization...
2025.04.21 19:08:27 __main__             INFO     ✅ Database initialized successfully
2025.04.21 19:08:27 core.spotify_handler INFO     Spotify API connection established.
2025.04.21 19:08:27 __main__             INFO     ✅ Spotify service initialized
2025.04.21 19:08:27 core.webprofile      INFO     Seçilmiş User-Agent: Mozilla/5.0 (Linux; Android 14; SM-G998B) AppleWebKit/537.36 (KHTML, like Gecko) Chrome/122.0.0.0 Mobile Safari/537.36
2025.04.21 19:08:27 core.youtube_handler INFO     firefox brauzerindən cookies istifadə edilir.
2025.04.21 19:08:27 __main__             INFO     ✅ YouTube services initialized (firefox)
2025.04.21 19:08:27 __main__             INFO     🔌 Loading plugins...
2025.04.21 19:08:27 __main__             INFO     🔍 Scanning plugins in: plugins
2025.04.21 19:08:27 __main__             INFO     🔄 Loading: plugins.spotify_plugin
2025.04.21 19:08:27 __main__             INFO     ✅ Loaded (sync): plugins.spotify_plugin
2025.04.21 19:08:27 __main__             INFO     🔄 Loading: plugins.menu_plugin
2025.04.21 19:08:27 __main__             INFO     ✅ Loaded (sync): plugins.menu_plugin
2025.04.21 19:08:27 __main__             INFO     🔄 Loading: plugins.sudo_plugin
2025.04.21 19:08:27 __main__             INFO     ✅ Loaded (sync): plugins.sudo_plugin
2025.04.21 19:08:27 __main__             INFO     🔄 Loading: plugins.youtube_plugin
2025.04.21 19:08:27 __main__             INFO     ✅ Loaded (sync): plugins.youtube_plugin
2025.04.21 19:08:27 __main__             INFO     🔄 Loading: plugins.neofetch_plugin
2025.04.21 19:08:27 __main__             INFO     ✅ Loaded (sync): plugins.neofetch_plugin
2025.04.21 19:08:27 __main__             INFO     🔄 Loading: plugins.id_command
2025.04.21 19:08:27 plugins.id_command   INFO     ✅ info_command plugin successfully loaded
2025.04.21 19:08:27 __main__             INFO     ✅ Loaded (async): plugins.id_command
2025.04.21 19:08:27 __main__             INFO     🔄 Loading: plugins.report_plugin
2025.04.21 19:08:27 __main__             INFO     ✅ Loaded (async): plugins.report_plugin
2025.04.21 19:08:27 __main__             INFO     🔄 Loading: plugins.del_plugin
2025.04.21 19:08:27 __main__             INFO     ✅ Loaded (sync): plugins.del_plugin
2025.04.21 19:08:27 __main__             INFO     🔄 Loading: plugins.music_plugin
2025.04.21 19:08:27 __main__             INFO     ✅ Loaded (sync): plugins.music_plugin
2025.04.21 19:08:27 __main__             INFO     🔄 Loading: plugins.start_plugin
2025.04.21 19:08:27 __main__             INFO     ✅ Loaded (async): plugins.start_plugin
2025.04.21 19:08:27 __main__             INFO     🔄 Loading: plugins.stats_plugin
2025.04.21 19:08:27 __main__             INFO     ✅ Loaded (sync): plugins.stats_plugin
2025.04.21 19:08:27 __main__             INFO     🔄 Loading: plugins.dir_plugin
2025.04.21 19:08:27 __main__             INFO     ✅ Loaded (sync): plugins.dir_plugin
2025.04.21 19:08:27 __main__             INFO     🔄 Loading: plugins.broadcast_plugin
2025.04.21 19:08:27 __main__             INFO     ✅ Loaded (sync): plugins.broadcast_plugin
2025.04.21 19:08:27 __main__             INFO     🔄 Loading: plugins.speedtest_plugin
2025.04.21 19:08:27 __main__             INFO     ✅ Loaded (sync): plugins.speedtest_plugin
2025.04.21 19:08:27 __main__             INFO     🔄 Loading: plugins.bot_logs
2025.04.21 19:08:27 __main__             INFO     ✅ Loaded (async): plugins.bot_logs
2025.04.21 19:08:27 __main__             INFO     🚀 Starting polling...
2025.04.21 19:08:27 aiogram.dispatcher   INFO     Start polling
2025.04.21 19:08:27 aiogram.dispatcher   INFO     Run polling for bot @dllmasterbot id=8095621527 - 'DLLMaster 🍊'
2025.04.21 19:08:40 core.webprofile      INFO     firefox brauzerindən cookies istifadə edilir.
2025.04.21 19:08:40 core.webprofile      INFO     Seçilmiş User-Agent: Mozilla/5.0 (Windows NT 10.0; Win64; x64) AppleWebKit/537.36 (KHTML, like Gecko) Chrome/122.0.0.0 Safari/537.36
2025.04.21 19:08:45 aiogram.event        INFO     Update id=511758689 is handled. Duration 5140 ms by bot id=8095621527
2025.04.21 19:08:47 core.webprofile      INFO     firefox brauzerindən cookies istifadə edilir.
2025.04.21 19:08:47 core.webprofile      INFO     Seçilmiş User-Agent: Mozilla/5.0 (Macintosh; Intel Mac OS X 10_15_7) AppleWebKit/537.36 (KHTML, like Gecko) Chrome/122.0.0.0 Safari/537.36
2025.04.21 19:09:01 aiogram.event        INFO     Update id=511758690 is handled. Duration 14159 ms by bot id=8095621527
2025.04.21 19:09:12 root                 INFO     Sudo ləğv edildi: 7829860129
2025.04.21 19:09:12 aiogram.event        INFO     Update id=511758691 is handled. Duration 53 ms by bot id=8095621527
2025.04.21 19:09:25 core.webprofile      INFO     firefox brauzerindən cookies istifadə edilir.
2025.04.21 19:09:25 core.webprofile      INFO     Seçilmiş User-Agent: Mozilla/5.0 (X11; Ubuntu; Linux x86_64; rv:120.0) Gecko/20100101 Firefox/120.0
2025.04.21 19:09:27 aiogram.event        INFO     Update id=511758693 is handled. Duration 1 ms by bot id=8095621527
2025.04.21 19:09:27 aiogram.event        INFO     Update id=511758694 is not handled. Duration 1 ms by bot id=8095621527
2025.04.21 19:09:31 aiogram.event        INFO     Update id=511758692 is handled. Duration 5911 ms by bot id=8095621527
2025.04.21 19:09:33 aiogram.event        INFO     Update id=511758695 is not handled. Duration 0 ms by bot id=8095621527
2025.04.21 19:09:33 aiogram.event        INFO     Update id=511758696 is not handled. Duration 1 ms by bot id=8095621527
2025.04.21 19:09:35 core.webprofile      INFO     firefox brauzerindən cookies istifadə edilir.
2025.04.21 19:09:35 core.webprofile      INFO     Seçilmiş User-Agent: Mozilla/5.0 (Windows NT 10.0; Win64; x64) AppleWebKit/537.36 (KHTML, like Gecko) Edge/120.0.0.0 Safari/537.36
2025.04.21 19:09:46 aiogram.event        INFO     Update id=511758697 is handled. Duration 10435 ms by bot id=8095621527
2025.04.21 19:15:04 aiogram.event        INFO     Update id=511758698 is handled. Duration 1 ms by bot id=8095621527
2025.04.21 19:15:35 aiogram.event        INFO     Update id=511758699 is handled. Duration 1 ms by bot id=8095621527
2025.04.21 19:19:43 aiogram.event        INFO     Update id=511758700 is not handled. Duration 1 ms by bot id=8095621527
2025.04.21 19:19:46 aiogram.event        INFO     Update id=511758701 is handled. Duration 1 ms by bot id=8095621527
2025.04.21 19:19:47 aiogram.event        INFO     Update id=511758702 is handled. Duration 1 ms by bot id=8095621527
2025.04.21 19:21:39 aiogram.event        INFO     Update id=511758703 is handled. Duration 1 ms by bot id=8095621527
2025.04.21 19:21:39 aiogram.event        INFO     Update id=511758704 is not handled. Duration 1 ms by bot id=8095621527
2025.04.21 19:22:08 aiogram.event        INFO     Update id=511758705 is handled. Duration 1 ms by bot id=8095621527
2025.04.21 19:22:08 aiogram.event        INFO     Update id=511758706 is handled. Duration 1 ms by bot id=8095621527
2025.04.21 19:22:13 aiogram.event        INFO     Update id=511758707 is handled. Duration 2 ms by bot id=8095621527
2025.04.21 19:22:13 aiogram.event        INFO     Update id=511758708 is handled. Duration 2 ms by bot id=8095621527
2025.04.21 19:22:32 aiogram.event        INFO     Update id=511758709 is handled. Duration 1 ms by bot id=8095621527
2025.04.21 19:24:33 aiogram.event        INFO     Update id=511758710 is handled. Duration 1 ms by bot id=8095621527
2025.04.21 19:24:38 aiogram.event        INFO     Update id=511758711 is handled. Duration 1 ms by bot id=8095621527
2025.04.21 19:24:40 aiogram.event        INFO     Update id=511758714 is handled. Duration 2 ms by bot id=8095621527
2025.04.21 19:24:40 aiogram.event        INFO     Update id=511758712 is handled. Duration 2 ms by bot id=8095621527
2025.04.21 19:24:40 aiogram.event        INFO     Update id=511758713 is handled. Duration 2 ms by bot id=8095621527
2025.04.21 19:24:45 aiogram.event        INFO     Update id=511758717 is handled. Duration 2 ms by bot id=8095621527
2025.04.21 19:24:45 aiogram.event        INFO     Update id=511758715 is handled. Duration 3 ms by bot id=8095621527
2025.04.21 19:24:45 aiogram.event        INFO     Update id=511758716 is handled. Duration 3 ms by bot id=8095621527
2025.04.21 19:25:49 aiogram.event        INFO     Update id=511758718 is handled. Duration 1 ms by bot id=8095621527
2025.04.21 19:26:21 aiogram.event        INFO     Update id=511758719 is handled. Duration 2 ms by bot id=8095621527
2025.04.21 19:26:21 aiogram.event        INFO     Update id=511758720 is handled. Duration 2 ms by bot id=8095621527
2025.04.21 19:26:26 aiogram.event        INFO     Update id=511758721 is handled. Duration 2 ms by bot id=8095621527
2025.04.21 19:26:26 aiogram.event        INFO     Update id=511758722 is handled. Duration 2 ms by bot id=8095621527
2025.04.21 19:27:14 aiogram.event        INFO     Update id=511758723 is handled. Duration 1 ms by bot id=8095621527
2025.04.21 19:27:19 aiogram.event        INFO     Update id=511758724 is not handled. Duration 0 ms by bot id=8095621527
2025.04.21 19:27:40 aiogram.event        INFO     Update id=511758725 is not handled. Duration 0 ms by bot id=8095621527
2025.04.21 19:27:55 aiogram.event        INFO     Update id=511758726 is handled. Duration 1 ms by bot id=8095621527
2025.04.21 19:27:58 aiogram.event        INFO     Update id=511758727 is handled. Duration 1 ms by bot id=8095621527
2025.04.21 19:28:22 aiogram.event        INFO     Update id=511758737 is handled. Duration 4 ms by bot id=8095621527
2025.04.21 19:28:22 aiogram.event        INFO     Update id=511758728 is handled. Duration 6 ms by bot id=8095621527
2025.04.21 19:28:22 aiogram.event        INFO     Update id=511758729 is handled. Duration 6 ms by bot id=8095621527
2025.04.21 19:28:22 aiogram.event        INFO     Update id=511758730 is handled. Duration 6 ms by bot id=8095621527
2025.04.21 19:28:22 aiogram.event        INFO     Update id=511758731 is handled. Duration 6 ms by bot id=8095621527
2025.04.21 19:28:22 aiogram.event        INFO     Update id=511758732 is handled. Duration 6 ms by bot id=8095621527
2025.04.21 19:28:22 aiogram.event        INFO     Update id=511758733 is handled. Duration 7 ms by bot id=8095621527
2025.04.21 19:28:22 aiogram.event        INFO     Update id=511758734 is handled. Duration 7 ms by bot id=8095621527
2025.04.21 19:28:22 aiogram.event        INFO     Update id=511758735 is handled. Duration 7 ms by bot id=8095621527
2025.04.21 19:28:22 aiogram.event        INFO     Update id=511758736 is handled. Duration 7 ms by bot id=8095621527
2025.04.21 19:28:57 aiogram.event        INFO     Update id=511758747 is handled. Duration 4 ms by bot id=8095621527
2025.04.21 19:28:57 aiogram.event        INFO     Update id=511758738 is handled. Duration 6 ms by bot id=8095621527
2025.04.21 19:28:57 aiogram.event        INFO     Update id=511758739 is handled. Duration 6 ms by bot id=8095621527
2025.04.21 19:28:57 aiogram.event        INFO     Update id=511758740 is handled. Duration 6 ms by bot id=8095621527
2025.04.21 19:28:57 aiogram.event        INFO     Update id=511758741 is handled. Duration 6 ms by bot id=8095621527
2025.04.21 19:28:57 aiogram.event        INFO     Update id=511758742 is handled. Duration 6 ms by bot id=8095621527
2025.04.21 19:28:57 aiogram.event        INFO     Update id=511758743 is handled. Duration 6 ms by bot id=8095621527
2025.04.21 19:28:57 aiogram.event        INFO     Update id=511758744 is handled. Duration 6 ms by bot id=8095621527
2025.04.21 19:28:57 aiogram.event        INFO     Update id=511758745 is handled. Duration 6 ms by bot id=8095621527
2025.04.21 19:28:57 aiogram.event        INFO     Update id=511758746 is handled. Duration 6 ms by bot id=8095621527
2025.04.21 19:29:16 aiogram.event        INFO     Update id=511758748 is handled. Duration 1 ms by bot id=8095621527
2025.04.21 19:34:51 aiogram.event        INFO     Update id=511758749 is handled. Duration 36 ms by bot id=8095621527
2025.04.21 19:34:55 aiogram.event        INFO     Update id=511758750 is handled. Duration 142 ms by bot id=8095621527
2025.04.21 19:34:57 aiogram.event        INFO     Update id=511758751 is handled. Duration 85 ms by bot id=8095621527
2025.04.21 19:35:08 aiogram.event        INFO     Update id=511758752 is handled. Duration 72 ms by bot id=8095621527
2025.04.21 19:35:10 aiogram.event        INFO     Update id=511758753 is handled. Duration 44 ms by bot id=8095621527
2025.04.21 19:35:11 aiogram.event        INFO     Update id=511758754 is handled. Duration 103 ms by bot id=8095621527
2025.04.21 19:35:13 aiogram.event        INFO     Update id=511758755 is handled. Duration 40 ms by bot id=8095621527
2025.04.21 19:35:14 aiogram.event        INFO     Update id=511758756 is handled. Duration 165 ms by bot id=8095621527
2025.04.21 19:35:14 aiogram.event        INFO     Update id=511758757 is handled. Duration 92 ms by bot id=8095621527
2025.04.21 19:35:15 aiogram.event        INFO     Update id=511758758 is handled. Duration 197 ms by bot id=8095621527
2025.04.21 19:35:16 aiogram.event        INFO     Update id=511758759 is handled. Duration 56 ms by bot id=8095621527
2025.04.21 19:35:17 aiogram.event        INFO     Update id=511758760 is handled. Duration 48 ms by bot id=8095621527
2025.04.21 19:35:22 aiogram.event        INFO     Update id=511758761 is handled. Duration 19 ms by bot id=8095621527
2025.04.21 19:35:30 aiogram.event        INFO     Update id=511758762 is handled. Duration 53 ms by bot id=8095621527
2025.04.21 19:35:31 aiogram.event        INFO     Update id=511758763 is handled. Duration 52 ms by bot id=8095621527
2025.04.21 19:41:50 aiogram.event        INFO     Update id=511758764 is handled. Duration 1 ms by bot id=8095621527
2025.04.21 19:50:37 aiogram.event        INFO     Update id=511758765 is not handled. Duration 0 ms by bot id=8095621527
2025.04.21 19:54:07 aiogram.event        INFO     Update id=511758766 is handled. Duration 2 ms by bot id=8095621527
2025.04.21 19:54:07 aiogram.event        INFO     Update id=511758767 is handled. Duration 2 ms by bot id=8095621527
2025.04.21 19:54:39 aiogram.event        INFO     Update id=511758768 is not handled. Duration 1 ms by bot id=8095621527
2025.04.21 19:55:25 aiogram.event        INFO     Update id=511758769 is handled. Duration 1 ms by bot id=8095621527
2025.04.21 19:56:52 aiogram.event        INFO     Update id=511758770 is handled. Duration 1 ms by bot id=8095621527
2025.04.21 20:01:06 aiogram.event        INFO     Update id=511758771 is not handled. Duration 0 ms by bot id=8095621527
2025.04.21 20:01:06 aiogram.event        INFO     Update id=511758772 is not handled. Duration 1 ms by bot id=8095621527
2025.04.21 20:06:35 aiogram.event        INFO     Update id=511758773 is handled. Duration 1 ms by bot id=8095621527
2025.04.21 20:11:46 core.webprofile      INFO     firefox brauzerindən cookies istifadə edilir.
2025.04.21 20:11:46 core.webprofile      INFO     Seçilmiş User-Agent: Mozilla/5.0 (Linux; Android 14; Pixel 8 Pro) AppleWebKit/537.36 (KHTML, like Gecko) Chrome/122.0.0.0 Mobile Safari/537.36
2025.04.21 20:11:53 aiogram.event        INFO     Update id=511758774 is handled. Duration 6844 ms by bot id=8095621527
2025.04.21 20:11:59 core.webprofile      INFO     firefox brauzerindən cookies istifadə edilir.
2025.04.21 20:11:59 core.webprofile      INFO     Seçilmiş User-Agent: Mozilla/5.0 (Macintosh; Intel Mac OS X 10_15_7) AppleWebKit/537.36 (KHTML, like Gecko) Chrome/122.0.0.0 Safari/537.36
2025.04.21 20:12:09 aiogram.event        INFO     Update id=511758776 is not handled. Duration 1 ms by bot id=8095621527
2025.04.21 20:12:14 aiogram.event        INFO     Update id=511758775 is handled. Duration 14950 ms by bot id=8095621527
2025.04.21 20:12:30 aiogram.event        INFO     Update id=511758777 is not handled. Duration 1 ms by bot id=8095621527
2025.04.21 20:13:13 aiogram.event        INFO     Update id=511758778 is not handled. Duration 0 ms by bot id=8095621527
2025.04.21 20:18:58 aiogram.event        INFO     Update id=511758779 is not handled. Duration 1 ms by bot id=8095621527
2025.04.21 20:21:18 aiogram.event        INFO     Update id=511758780 is not handled. Duration 1 ms by bot id=8095621527
2025.04.21 20:23:22 aiogram.event        INFO     Update id=511758781 is handled. Duration 1 ms by bot id=8095621527
2025.04.21 20:24:10 aiogram.event        INFO     Update id=511758782 is not handled. Duration 0 ms by bot id=8095621527
2025.04.21 20:24:10 aiogram.event        INFO     Update id=511758783 is not handled. Duration 1 ms by bot id=8095621527
2025.04.21 20:27:01 aiogram.event        INFO     Update id=511758784 is not handled. Duration 1 ms by bot id=8095621527
2025.04.21 20:27:10 aiogram.event        INFO     Update id=511758785 is handled. Duration 1 ms by bot id=8095621527
2025.04.21 20:27:54 aiogram.event        INFO     Update id=511758786 is not handled. Duration 0 ms by bot id=8095621527
2025.04.21 20:27:54 aiogram.event        INFO     Update id=511758787 is not handled. Duration 1 ms by bot id=8095621527
2025.04.21 20:30:16 aiogram.event        INFO     Update id=511758788 is handled. Duration 1 ms by bot id=8095621527
2025.04.21 20:30:19 aiogram.event        INFO     Update id=511758789 is handled. Duration 1 ms by bot id=8095621527
2025.04.21 20:30:21 aiogram.event        INFO     Update id=511758790 is handled. Duration 1 ms by bot id=8095621527
2025.04.21 20:35:24 aiogram.event        INFO     Update id=511758791 is handled. Duration 1 ms by bot id=8095621527
2025.04.21 20:38:02 aiogram.event        INFO     Update id=511758792 is handled. Duration 1 ms by bot id=8095621527
2025.04.21 20:38:20 aiogram.event        INFO     Update id=511758793 is handled. Duration 1 ms by bot id=8095621527
2025.04.21 20:38:54 aiogram.event        INFO     Update id=511758794 is handled. Duration 1 ms by bot id=8095621527
2025.04.21 20:40:13 aiogram.event        INFO     Update id=511758795 is handled. Duration 1 ms by bot id=8095621527
2025.04.21 20:41:33 aiogram.event        INFO     Update id=511758796 is handled. Duration 1 ms by bot id=8095621527
2025.04.21 20:41:44 aiogram.event        INFO     Update id=511758797 is handled. Duration 1 ms by bot id=8095621527
2025.04.21 20:41:59 aiogram.event        INFO     Update id=511758798 is handled. Duration 1 ms by bot id=8095621527
2025.04.21 20:42:10 aiogram.event        INFO     Update id=511758799 is handled. Duration 1 ms by bot id=8095621527
2025.04.21 20:45:48 aiogram.event        INFO     Update id=511758800 is handled. Duration 1 ms by bot id=8095621527
2025.04.21 20:59:40 aiogram.event        INFO     Update id=511758801 is not handled. Duration 0 ms by bot id=8095621527
2025.04.21 20:59:40 aiogram.event        INFO     Update id=511758802 is not handled. Duration 0 ms by bot id=8095621527
2025.04.21 21:02:13 aiogram.event        INFO     Update id=511758803 is not handled. Duration 0 ms by bot id=8095621527
2025.04.21 21:04:06 aiogram.event        INFO     Update id=511758804 is handled. Duration 1 ms by bot id=8095621527
2025.04.21 21:04:15 aiogram.event        INFO     Update id=511758805 is handled. Duration 1 ms by bot id=8095621527
2025.04.21 21:04:16 aiogram.event        INFO     Update id=511758806 is handled. Duration 1 ms by bot id=8095621527
2025.04.21 21:04:39 aiogram.event        INFO     Update id=511758807 is handled. Duration 1 ms by bot id=8095621527
2025.04.21 21:04:43 aiogram.event        INFO     Update id=511758808 is handled. Duration 1 ms by bot id=8095621527
2025.04.21 21:04:49 aiogram.event        INFO     Update id=511758809 is handled. Duration 2 ms by bot id=8095621527
2025.04.21 21:05:36 aiogram.event        INFO     Update id=511758810 is handled. Duration 1 ms by bot id=8095621527
2025.04.21 21:13:12 aiogram.event        INFO     Update id=511758811 is not handled. Duration 0 ms by bot id=8095621527
2025.04.21 21:13:13 aiogram.event        INFO     Update id=511758812 is not handled. Duration 1 ms by bot id=8095621527
2025.04.21 21:13:26 aiogram.event        INFO     Update id=511758813 is not handled. Duration 0 ms by bot id=8095621527
2025.04.21 21:13:26 aiogram.event        INFO     Update id=511758814 is not handled. Duration 0 ms by bot id=8095621527
2025.04.21 21:13:51 aiogram.event        INFO     Update id=511758815 is not handled. Duration 0 ms by bot id=8095621527
2025.04.21 21:14:04 aiogram.event        INFO     Update id=511758816 is not handled. Duration 0 ms by bot id=8095621527
2025.04.21 21:15:34 aiogram.event        INFO     Update id=511758817 is not handled. Duration 0 ms by bot id=8095621527
2025.04.21 21:19:15 aiogram.dispatcher   ERROR    Failed to fetch updates - TelegramNetworkError: HTTP Client says - ClientOSError: [Errno 104] Connection reset by peer
2025.04.21 21:19:15 aiogram.dispatcher   WARNING  Sleep for 1.000000 seconds and try again... (tryings = 0, bot id = 8095621527)
2025.04.21 21:19:26 aiogram.dispatcher   INFO     Connection established (tryings = 1, bot id = 8095621527)
2025.04.21 21:24:02 aiogram.event        INFO     Update id=511758818 is handled. Duration 1 ms by bot id=8095621527
2025.04.21 21:37:20 aiogram.event        INFO     Update id=511758819 is handled. Duration 1 ms by bot id=8095621527
2025.04.21 21:38:46 aiogram.event        INFO     Update id=511758820 is handled. Duration 1 ms by bot id=8095621527
2025.04.21 21:39:26 aiogram.event        INFO     Update id=511758821 is handled. Duration 1 ms by bot id=8095621527
2025.04.21 21:39:36 aiogram.event        INFO     Update id=511758822 is handled. Duration 1 ms by bot id=8095621527
2025.04.21 21:39:39 aiogram.event        INFO     Update id=511758823 is handled. Duration 1 ms by bot id=8095621527
2025.04.21 21:39:49 aiogram.event        INFO     Update id=511758824 is handled. Duration 1 ms by bot id=8095621527
2025.04.21 21:39:58 aiogram.event        INFO     Update id=511758825 is handled. Duration 1 ms by bot id=8095621527
2025.04.21 21:40:09 aiogram.event        INFO     Update id=511758826 is handled. Duration 1 ms by bot id=8095621527
2025.04.21 21:40:29 aiogram.event        INFO     Update id=511758827 is handled. Duration 1 ms by bot id=8095621527
2025.04.21 21:40:32 aiogram.event        INFO     Update id=511758828 is handled. Duration 1 ms by bot id=8095621527
2025.04.21 21:41:01 aiogram.event        INFO     Update id=511758829 is handled. Duration 1 ms by bot id=8095621527
2025.04.21 21:41:29 aiogram.event        INFO     Update id=511758830 is handled. Duration 1 ms by bot id=8095621527
2025.04.21 21:41:41 aiogram.event        INFO     Update id=511758831 is handled. Duration 1 ms by bot id=8095621527
2025.04.21 21:41:54 aiogram.event        INFO     Update id=511758832 is handled. Duration 1 ms by bot id=8095621527
2025.04.21 21:42:21 aiogram.event        INFO     Update id=511758833 is handled. Duration 1 ms by bot id=8095621527
2025.04.21 21:42:35 aiogram.event        INFO     Update id=511758834 is handled. Duration 1 ms by bot id=8095621527
2025.04.21 21:42:40 aiogram.event        INFO     Update id=511758835 is handled. Duration 1 ms by bot id=8095621527
2025.04.21 21:45:44 aiogram.event        INFO     Update id=511758836 is handled. Duration 2 ms by bot id=8095621527
2025.04.21 21:47:05 aiogram.event        INFO     Update id=511758837 is not handled. Duration 0 ms by bot id=8095621527
2025.04.21 21:47:18 aiogram.event        INFO     Update id=511758838 is not handled. Duration 0 ms by bot id=8095621527
2025.04.21 21:47:43 aiogram.event        INFO     Update id=511758839 is not handled. Duration 0 ms by bot id=8095621527
2025.04.21 21:47:55 aiogram.event        INFO     Update id=511758840 is not handled. Duration 0 ms by bot id=8095621527
2025.04.21 21:47:55 aiogram.event        INFO     Update id=511758841 is not handled. Duration 1 ms by bot id=8095621527
2025.04.21 21:48:09 aiogram.event        INFO     Update id=511758842 is handled. Duration 1 ms by bot id=8095621527
2025.04.21 21:48:44 aiogram.event        INFO     Update id=511758843 is handled. Duration 1 ms by bot id=8095621527
2025.04.21 21:48:53 aiogram.event        INFO     Update id=511758844 is handled. Duration 1 ms by bot id=8095621527
2025.04.21 21:48:59 aiogram.event        INFO     Update id=511758845 is not handled. Duration 0 ms by bot id=8095621527
2025.04.21 21:49:06 aiogram.event        INFO     Update id=511758846 is handled. Duration 1 ms by bot id=8095621527
2025.04.21 21:49:12 aiogram.event        INFO     Update id=511758847 is handled. Duration 1 ms by bot id=8095621527
2025.04.21 21:49:59 aiogram.event        INFO     Update id=511758848 is handled. Duration 1 ms by bot id=8095621527
2025.04.21 21:50:16 aiogram.event        INFO     Update id=511758849 is handled. Duration 1 ms by bot id=8095621527
2025.04.21 21:50:23 aiogram.event        INFO     Update id=511758850 is handled. Duration 1 ms by bot id=8095621527
2025.04.21 21:50:29 aiogram.event        INFO     Update id=511758851 is handled. Duration 1 ms by bot id=8095621527
2025.04.21 21:51:07 aiogram.event        INFO     Update id=511758852 is handled. Duration 1 ms by bot id=8095621527
2025.04.21 21:51:14 aiogram.event        INFO     Update id=511758853 is handled. Duration 1 ms by bot id=8095621527
2025.04.21 21:51:22 aiogram.event        INFO     Update id=511758854 is handled. Duration 1 ms by bot id=8095621527
2025.04.21 21:51:28 aiogram.event        INFO     Update id=511758855 is handled. Duration 1 ms by bot id=8095621527
2025.04.21 21:51:44 aiogram.event        INFO     Update id=511758856 is handled. Duration 1 ms by bot id=8095621527
2025.04.21 21:51:57 aiogram.event        INFO     Update id=511758857 is handled. Duration 1 ms by bot id=8095621527
2025.04.21 21:52:03 aiogram.event        INFO     Update id=511758858 is handled. Duration 1 ms by bot id=8095621527
2025.04.21 21:52:06 aiogram.event        INFO     Update id=511758859 is handled. Duration 1 ms by bot id=8095621527
2025.04.21 21:52:21 aiogram.event        INFO     Update id=511758860 is handled. Duration 1 ms by bot id=8095621527
2025.04.21 21:52:24 aiogram.event        INFO     Update id=511758861 is handled. Duration 1 ms by bot id=8095621527
2025.04.21 21:52:59 aiogram.event        INFO     Update id=511758862 is handled. Duration 1 ms by bot id=8095621527
2025.04.21 22:05:29 aiogram.event        INFO     Update id=511758863 is handled. Duration 1 ms by bot id=8095621527
2025.04.21 22:07:34 aiogram.event        INFO     Update id=511758864 is handled. Duration 1 ms by bot id=8095621527
2025.04.21 22:10:51 aiogram.event        INFO     Update id=511758865 is not handled. Duration 0 ms by bot id=8095621527
2025.04.21 22:10:51 aiogram.event        INFO     Update id=511758866 is not handled. Duration 1 ms by bot id=8095621527
2025.04.21 22:14:01 aiogram.event        INFO     Update id=511758867 is handled. Duration 2 ms by bot id=8095621527
2025.04.21 22:20:36 aiogram.event        INFO     Update id=511758868 is handled. Duration 1 ms by bot id=8095621527
2025.04.21 22:20:37 aiogram.event        INFO     Update id=511758869 is handled. Duration 1 ms by bot id=8095621527
2025.04.21 22:20:38 aiogram.event        INFO     Update id=511758870 is handled. Duration 1 ms by bot id=8095621527
2025.04.21 22:20:40 aiogram.event        INFO     Update id=511758871 is handled. Duration 1 ms by bot id=8095621527
2025.04.21 22:20:41 aiogram.event        INFO     Update id=511758872 is handled. Duration 1 ms by bot id=8095621527
2025.04.21 22:20:46 aiogram.event        INFO     Update id=511758873 is handled. Duration 1 ms by bot id=8095621527
2025.04.21 22:20:48 aiogram.event        INFO     Update id=511758874 is handled. Duration 1 ms by bot id=8095621527
2025.04.21 22:20:50 aiogram.event        INFO     Update id=511758875 is handled. Duration 1 ms by bot id=8095621527
2025.04.21 22:20:52 aiogram.event        INFO     Update id=511758876 is handled. Duration 1 ms by bot id=8095621527
2025.04.21 22:20:54 aiogram.event        INFO     Update id=511758877 is handled. Duration 1 ms by bot id=8095621527
2025.04.21 22:20:58 aiogram.event        INFO     Update id=511758878 is handled. Duration 1 ms by bot id=8095621527
2025.04.21 22:21:03 aiogram.event        INFO     Update id=511758879 is handled. Duration 1 ms by bot id=8095621527
2025.04.21 22:21:06 aiogram.event        INFO     Update id=511758880 is handled. Duration 1 ms by bot id=8095621527
2025.04.21 22:21:11 aiogram.event        INFO     Update id=511758881 is handled. Duration 1 ms by bot id=8095621527
2025.04.21 22:22:49 aiogram.event        INFO     Update id=511758882 is handled. Duration 1 ms by bot id=8095621527
2025.04.21 22:30:28 aiogram.event        INFO     Update id=511758883 is handled. Duration 47 ms by bot id=8095621527
2025.04.21 22:32:45 aiogram.event        INFO     Update id=511758884 is handled. Duration 1 ms by bot id=8095621527
2025.04.21 22:43:03 aiogram.event        INFO     Update id=511758885 is handled. Duration 1 ms by bot id=8095621527
2025.04.21 22:43:21 aiogram.event        INFO     Update id=511758886 is handled. Duration 1 ms by bot id=8095621527
2025.04.21 22:43:50 aiogram.event        INFO     Update id=511758887 is handled. Duration 1 ms by bot id=8095621527
2025.04.21 22:44:00 aiogram.event        INFO     Update id=511758888 is handled. Duration 1 ms by bot id=8095621527
2025.04.21 22:44:19 aiogram.event        INFO     Update id=511758889 is handled. Duration 1 ms by bot id=8095621527
2025.04.21 22:44:28 aiogram.event        INFO     Update id=511758890 is handled. Duration 1 ms by bot id=8095621527
2025.04.21 22:47:55 aiogram.event        INFO     Update id=511758891 is handled. Duration 1 ms by bot id=8095621527
2025.04.21 22:49:23 aiogram.event        INFO     Update id=511758892 is handled. Duration 1 ms by bot id=8095621527
2025.04.21 22:49:30 aiogram.event        INFO     Update id=511758893 is handled. Duration 1 ms by bot id=8095621527
2025.04.21 22:51:13 aiogram.event        INFO     Update id=511758894 is handled. Duration 1 ms by bot id=8095621527
2025.04.21 23:02:48 aiogram.event        INFO     Update id=511758895 is not handled. Duration 0 ms by bot id=8095621527
2025.04.21 23:08:37 aiogram.event        INFO     Update id=511758896 is handled. Duration 1 ms by bot id=8095621527
2025.04.21 23:09:31 aiogram.event        INFO     Update id=511758897 is handled. Duration 1 ms by bot id=8095621527
2025.04.21 23:22:07 aiogram.event        INFO     Update id=511758898 is handled. Duration 1 ms by bot id=8095621527
2025.04.21 23:55:52 aiogram.event        INFO     Update id=511758899 is handled. Duration 1 ms by bot id=8095621527
2025.04.22 00:10:16 aiogram.event        INFO     Update id=511758900 is not handled. Duration 1 ms by bot id=8095621527
2025.04.22 00:12:44 aiogram.event        INFO     Update id=511758901 is handled. Duration 1 ms by bot id=8095621527
2025.04.22 00:20:15 aiogram.dispatcher   ERROR    Failed to fetch updates - TelegramNetworkError: HTTP Client says - ClientOSError: [Errno 104] Connection reset by peer
2025.04.22 00:20:15 aiogram.dispatcher   WARNING  Sleep for 1.000000 seconds and try again... (tryings = 0, bot id = 8095621527)
2025.04.22 00:20:26 aiogram.dispatcher   INFO     Connection established (tryings = 1, bot id = 8095621527)
2025.04.22 00:26:06 aiogram.event        INFO     Update id=511758902 is handled. Duration 1 ms by bot id=8095621527
2025.04.22 00:30:04 aiogram.event        INFO     Update id=511758903 is handled. Duration 1 ms by bot id=8095621527
2025.04.22 00:30:36 aiogram.event        INFO     Update id=511758904 is handled. Duration 1 ms by bot id=8095621527
2025.04.22 00:38:22 aiogram.event        INFO     Update id=511758905 is handled. Duration 1 ms by bot id=8095621527
2025.04.22 00:38:23 aiogram.event        INFO     Update id=511758906 is handled. Duration 1 ms by bot id=8095621527
2025.04.22 00:38:36 aiogram.event        INFO     Update id=511758907 is handled. Duration 1 ms by bot id=8095621527
2025.04.22 00:38:45 aiogram.event        INFO     Update id=511758908 is handled. Duration 1 ms by bot id=8095621527
2025.04.22 00:38:50 aiogram.event        INFO     Update id=511758909 is handled. Duration 1 ms by bot id=8095621527
2025.04.22 00:38:52 aiogram.event        INFO     Update id=511758910 is handled. Duration 1 ms by bot id=8095621527
2025.04.22 00:38:59 aiogram.event        INFO     Update id=511758911 is handled. Duration 1 ms by bot id=8095621527
2025.04.22 00:39:04 aiogram.event        INFO     Update id=511758912 is handled. Duration 1 ms by bot id=8095621527
2025.04.22 00:39:15 aiogram.event        INFO     Update id=511758913 is handled. Duration 1 ms by bot id=8095621527
2025.04.22 00:39:20 aiogram.event        INFO     Update id=511758914 is handled. Duration 1 ms by bot id=8095621527
2025.04.22 00:39:25 aiogram.event        INFO     Update id=511758915 is handled. Duration 1 ms by bot id=8095621527
2025.04.22 00:39:26 aiogram.event        INFO     Update id=511758916 is handled. Duration 1 ms by bot id=8095621527
2025.04.22 00:39:30 aiogram.event        INFO     Update id=511758917 is handled. Duration 1 ms by bot id=8095621527
2025.04.22 00:39:39 aiogram.event        INFO     Update id=511758918 is handled. Duration 1 ms by bot id=8095621527
2025.04.22 00:39:50 aiogram.event        INFO     Update id=511758919 is handled. Duration 1 ms by bot id=8095621527
2025.04.22 00:39:53 aiogram.event        INFO     Update id=511758920 is handled. Duration 1 ms by bot id=8095621527
2025.04.22 00:39:57 aiogram.event        INFO     Update id=511758921 is handled. Duration 1 ms by bot id=8095621527
2025.04.22 00:40:08 aiogram.event        INFO     Update id=511758922 is handled. Duration 1 ms by bot id=8095621527
2025.04.22 00:40:27 aiogram.event        INFO     Update id=511758923 is handled. Duration 1 ms by bot id=8095621527
2025.04.22 00:40:30 aiogram.event        INFO     Update id=511758924 is handled. Duration 1 ms by bot id=8095621527
2025.04.22 00:40:33 aiogram.event        INFO     Update id=511758925 is handled. Duration 1 ms by bot id=8095621527
2025.04.22 00:40:50 aiogram.event        INFO     Update id=511758926 is handled. Duration 1 ms by bot id=8095621527
2025.04.22 00:41:06 aiogram.event        INFO     Update id=511758927 is handled. Duration 1 ms by bot id=8095621527
2025.04.22 00:41:10 aiogram.event        INFO     Update id=511758928 is handled. Duration 1 ms by bot id=8095621527
2025.04.22 00:41:13 aiogram.event        INFO     Update id=511758929 is handled. Duration 1 ms by bot id=8095621527
2025.04.22 00:41:23 aiogram.event        INFO     Update id=511758930 is handled. Duration 1 ms by bot id=8095621527
2025.04.22 00:41:37 aiogram.event        INFO     Update id=511758931 is handled. Duration 1 ms by bot id=8095621527
2025.04.22 00:41:55 aiogram.event        INFO     Update id=511758932 is handled. Duration 1 ms by bot id=8095621527
2025.04.22 00:42:07 aiogram.event        INFO     Update id=511758933 is handled. Duration 1 ms by bot id=8095621527
2025.04.22 00:42:12 aiogram.event        INFO     Update id=511758934 is handled. Duration 1 ms by bot id=8095621527
2025.04.22 00:42:21 aiogram.event        INFO     Update id=511758935 is handled. Duration 1 ms by bot id=8095621527
2025.04.22 00:42:25 aiogram.event        INFO     Update id=511758936 is handled. Duration 1 ms by bot id=8095621527
2025.04.22 00:42:27 aiogram.event        INFO     Update id=511758937 is handled. Duration 1 ms by bot id=8095621527
2025.04.22 00:42:28 aiogram.event        INFO     Update id=511758938 is handled. Duration 1 ms by bot id=8095621527
2025.04.22 00:42:31 aiogram.event        INFO     Update id=511758939 is handled. Duration 1 ms by bot id=8095621527
2025.04.22 00:42:38 aiogram.event        INFO     Update id=511758940 is handled. Duration 1 ms by bot id=8095621527
2025.04.22 00:43:09 aiogram.event        INFO     Update id=511758941 is handled. Duration 1 ms by bot id=8095621527
2025.04.22 00:43:18 aiogram.event        INFO     Update id=511758942 is handled. Duration 1 ms by bot id=8095621527
2025.04.22 00:43:21 aiogram.event        INFO     Update id=511758943 is handled. Duration 1 ms by bot id=8095621527
2025.04.22 00:43:25 aiogram.event        INFO     Update id=511758944 is handled. Duration 1 ms by bot id=8095621527
2025.04.22 00:43:27 aiogram.event        INFO     Update id=511758945 is handled. Duration 1 ms by bot id=8095621527
2025.04.22 00:43:29 aiogram.event        INFO     Update id=511758946 is handled. Duration 1 ms by bot id=8095621527
2025.04.22 00:43:32 aiogram.event        INFO     Update id=511758947 is handled. Duration 1 ms by bot id=8095621527
2025.04.22 00:43:42 aiogram.event        INFO     Update id=511758948 is handled. Duration 1 ms by bot id=8095621527
2025.04.22 00:43:42 aiogram.event        INFO     Update id=511758949 is handled. Duration 1 ms by bot id=8095621527
2025.04.22 00:43:47 aiogram.event        INFO     Update id=511758950 is handled. Duration 1 ms by bot id=8095621527
2025.04.22 00:43:48 aiogram.event        INFO     Update id=511758951 is handled. Duration 1 ms by bot id=8095621527
2025.04.22 00:43:49 aiogram.event        INFO     Update id=511758952 is handled. Duration 1 ms by bot id=8095621527
2025.04.22 00:43:54 aiogram.event        INFO     Update id=511758953 is handled. Duration 1 ms by bot id=8095621527
2025.04.22 00:43:58 aiogram.event        INFO     Update id=511758954 is handled. Duration 1 ms by bot id=8095621527
2025.04.22 00:44:02 aiogram.event        INFO     Update id=511758955 is handled. Duration 1 ms by bot id=8095621527
2025.04.22 00:44:04 aiogram.event        INFO     Update id=511758956 is handled. Duration 1 ms by bot id=8095621527
2025.04.22 00:44:07 aiogram.event        INFO     Update id=511758957 is handled. Duration 1 ms by bot id=8095621527
2025.04.22 00:44:15 aiogram.event        INFO     Update id=511758958 is handled. Duration 1 ms by bot id=8095621527
2025.04.22 00:44:15 aiogram.event        INFO     Update id=511758959 is handled. Duration 1 ms by bot id=8095621527
2025.04.22 00:44:23 aiogram.event        INFO     Update id=511758960 is handled. Duration 1 ms by bot id=8095621527
2025.04.22 00:44:26 aiogram.event        INFO     Update id=511758961 is handled. Duration 1 ms by bot id=8095621527
2025.04.22 00:44:29 aiogram.event        INFO     Update id=511758962 is handled. Duration 1 ms by bot id=8095621527
2025.04.22 00:44:31 aiogram.event        INFO     Update id=511758963 is handled. Duration 1 ms by bot id=8095621527
2025.04.22 00:44:32 aiogram.event        INFO     Update id=511758964 is handled. Duration 1 ms by bot id=8095621527
2025.04.22 00:44:39 aiogram.event        INFO     Update id=511758965 is handled. Duration 1 ms by bot id=8095621527
2025.04.22 00:44:41 aiogram.event        INFO     Update id=511758966 is handled. Duration 1 ms by bot id=8095621527
2025.04.22 00:44:42 aiogram.event        INFO     Update id=511758967 is handled. Duration 1 ms by bot id=8095621527
2025.04.22 00:44:46 aiogram.event        INFO     Update id=511758968 is handled. Duration 1 ms by bot id=8095621527
2025.04.22 00:44:47 aiogram.event        INFO     Update id=511758969 is handled. Duration 1 ms by bot id=8095621527
2025.04.22 00:44:50 aiogram.event        INFO     Update id=511758970 is handled. Duration 1 ms by bot id=8095621527
2025.04.22 00:45:05 aiogram.event        INFO     Update id=511758971 is handled. Duration 1 ms by bot id=8095621527
2025.04.22 00:45:10 aiogram.event        INFO     Update id=511758972 is handled. Duration 1 ms by bot id=8095621527
2025.04.22 00:45:13 aiogram.event        INFO     Update id=511758973 is handled. Duration 1 ms by bot id=8095621527
2025.04.22 00:45:13 aiogram.event        INFO     Update id=511758974 is handled. Duration 1 ms by bot id=8095621527
2025.04.22 00:45:16 aiogram.event        INFO     Update id=511758975 is handled. Duration 1 ms by bot id=8095621527
2025.04.22 00:45:24 aiogram.event        INFO     Update id=511758976 is handled. Duration 1 ms by bot id=8095621527
2025.04.22 00:45:27 aiogram.event        INFO     Update id=511758977 is handled. Duration 1 ms by bot id=8095621527
2025.04.22 00:45:56 aiogram.event        INFO     Update id=511758978 is handled. Duration 1 ms by bot id=8095621527
2025.04.22 00:46:06 aiogram.event        INFO     Update id=511758979 is handled. Duration 1 ms by bot id=8095621527
2025.04.22 00:46:22 aiogram.event        INFO     Update id=511758980 is handled. Duration 1 ms by bot id=8095621527
2025.04.22 00:46:26 aiogram.event        INFO     Update id=511758981 is handled. Duration 1 ms by bot id=8095621527
2025.04.22 00:46:37 aiogram.event        INFO     Update id=511758982 is handled. Duration 1 ms by bot id=8095621527
2025.04.22 00:46:39 aiogram.event        INFO     Update id=511758983 is handled. Duration 1 ms by bot id=8095621527
2025.04.22 00:46:41 aiogram.event        INFO     Update id=511758984 is handled. Duration 1 ms by bot id=8095621527
2025.04.22 00:46:44 aiogram.event        INFO     Update id=511758985 is handled. Duration 1 ms by bot id=8095621527
2025.04.22 00:46:46 aiogram.event        INFO     Update id=511758986 is handled. Duration 1 ms by bot id=8095621527
2025.04.22 00:46:49 aiogram.event        INFO     Update id=511758987 is handled. Duration 1 ms by bot id=8095621527
2025.04.22 00:46:52 aiogram.event        INFO     Update id=511758988 is handled. Duration 1 ms by bot id=8095621527
2025.04.22 00:46:53 aiogram.event        INFO     Update id=511758989 is handled. Duration 1 ms by bot id=8095621527
2025.04.22 00:46:59 aiogram.event        INFO     Update id=511758990 is handled. Duration 1 ms by bot id=8095621527
2025.04.22 00:46:59 aiogram.event        INFO     Update id=511758991 is handled. Duration 1 ms by bot id=8095621527
2025.04.22 00:47:01 aiogram.event        INFO     Update id=511758992 is handled. Duration 1 ms by bot id=8095621527
2025.04.22 00:47:09 aiogram.event        INFO     Update id=511758993 is handled. Duration 1 ms by bot id=8095621527
2025.04.22 00:47:19 aiogram.event        INFO     Update id=511758994 is handled. Duration 1 ms by bot id=8095621527
2025.04.22 00:47:23 aiogram.event        INFO     Update id=511758995 is handled. Duration 1 ms by bot id=8095621527
2025.04.22 00:47:31 aiogram.event        INFO     Update id=511758996 is handled. Duration 1 ms by bot id=8095621527
2025.04.22 00:47:40 aiogram.event        INFO     Update id=511758997 is handled. Duration 1 ms by bot id=8095621527
2025.04.22 00:47:44 aiogram.event        INFO     Update id=511758998 is handled. Duration 1 ms by bot id=8095621527
2025.04.22 00:48:11 aiogram.event        INFO     Update id=511758999 is handled. Duration 1 ms by bot id=8095621527
2025.04.22 00:48:21 aiogram.event        INFO     Update id=511759000 is handled. Duration 1 ms by bot id=8095621527
2025.04.22 00:48:31 aiogram.event        INFO     Update id=511759001 is handled. Duration 1 ms by bot id=8095621527
2025.04.22 00:48:45 aiogram.event        INFO     Update id=511759002 is handled. Duration 1 ms by bot id=8095621527
2025.04.22 00:48:47 aiogram.event        INFO     Update id=511759003 is handled. Duration 1 ms by bot id=8095621527
2025.04.22 00:53:16 aiogram.event        INFO     Update id=511759004 is handled. Duration 1 ms by bot id=8095621527
2025.04.22 00:53:34 aiogram.event        INFO     Update id=511759005 is handled. Duration 1 ms by bot id=8095621527
2025.04.22 00:54:06 aiogram.event        INFO     Update id=511759006 is handled. Duration 1 ms by bot id=8095621527
2025.04.22 00:54:45 aiogram.event        INFO     Update id=511759007 is not handled. Duration 1 ms by bot id=8095621527
2025.04.22 00:54:50 aiogram.event        INFO     Update id=511759008 is handled. Duration 1 ms by bot id=8095621527
2025.04.22 00:54:57 aiogram.event        INFO     Update id=511759009 is handled. Duration 1 ms by bot id=8095621527
2025.04.22 00:55:02 aiogram.event        INFO     Update id=511759010 is handled. Duration 1 ms by bot id=8095621527
2025.04.22 00:55:04 aiogram.event        INFO     Update id=511759011 is handled. Duration 1 ms by bot id=8095621527
2025.04.22 00:55:20 aiogram.event        INFO     Update id=511759012 is handled. Duration 1 ms by bot id=8095621527
2025.04.22 00:55:28 aiogram.event        INFO     Update id=511759013 is handled. Duration 1 ms by bot id=8095621527
2025.04.22 00:55:31 aiogram.event        INFO     Update id=511759014 is handled. Duration 1 ms by bot id=8095621527
2025.04.22 00:59:15 aiogram.event        INFO     Update id=511759015 is not handled. Duration 10 ms by bot id=8095621527
2025.04.22 01:03:08 aiogram.event        INFO     Update id=511759016 is not handled. Duration 1 ms by bot id=8095621527
2025.04.22 01:03:46 aiogram.event        INFO     Update id=511759017 is not handled. Duration 1 ms by bot id=8095621527
2025.04.22 01:03:49 aiogram.event        INFO     Update id=511759018 is handled. Duration 1 ms by bot id=8095621527
2025.04.22 01:04:09 aiogram.event        INFO     Update id=511759019 is handled. Duration 1 ms by bot id=8095621527
2025.04.22 01:04:19 aiogram.event        INFO     Update id=511759020 is handled. Duration 1 ms by bot id=8095621527
2025.04.22 01:04:43 aiogram.event        INFO     Update id=511759021 is handled. Duration 1 ms by bot id=8095621527
2025.04.22 01:07:03 aiogram.event        INFO     Update id=511759022 is not handled. Duration 1 ms by bot id=8095621527
2025.04.22 01:08:44 aiogram.event        INFO     Update id=511759023 is not handled. Duration 1 ms by bot id=8095621527
2025.04.22 01:08:48 aiogram.event        INFO     Update id=511759024 is not handled. Duration 1 ms by bot id=8095621527
2025.04.22 01:09:01 aiogram.event        INFO     Update id=511759025 is not handled. Duration 2 ms by bot id=8095621527
2025.04.22 01:09:05 aiogram.event        INFO     Update id=511759026 is handled. Duration 1 ms by bot id=8095621527
2025.04.22 01:09:35 aiogram.event        INFO     Update id=511759027 is handled. Duration 1 ms by bot id=8095621527
2025.04.22 01:09:53 aiogram.event        INFO     Update id=511759028 is handled. Duration 1 ms by bot id=8095621527
2025.04.22 01:11:07 aiogram.event        INFO     Update id=511759029 is handled. Duration 1 ms by bot id=8095621527
2025.04.22 01:19:08 aiogram.dispatcher   ERROR    Failed to fetch updates - TelegramNetworkError: HTTP Client says - ClientOSError: [Errno 104] Connection reset by peer
2025.04.22 01:19:08 aiogram.dispatcher   WARNING  Sleep for 1.000000 seconds and try again... (tryings = 0, bot id = 8095621527)
2025.04.22 01:19:19 aiogram.dispatcher   INFO     Connection established (tryings = 1, bot id = 8095621527)
2025.04.22 01:25:08 aiogram.event        INFO     Update id=511759030 is not handled. Duration 1 ms by bot id=8095621527
2025.04.22 01:39:00 aiogram.event        INFO     Update id=511759031 is handled. Duration 1 ms by bot id=8095621527
2025.04.22 02:08:39 aiogram.event        INFO     Update id=511759032 is handled. Duration 3 ms by bot id=8095621527
2025.04.22 02:08:39 aiogram.event        INFO     Update id=511759033 is handled. Duration 3 ms by bot id=8095621527
2025.04.22 02:08:39 aiogram.event        INFO     Update id=511759034 is handled. Duration 3 ms by bot id=8095621527
2025.04.22 02:08:39 aiogram.event        INFO     Update id=511759035 is handled. Duration 3 ms by bot id=8095621527
2025.04.22 02:08:40 aiogram.event        INFO     Update id=511759036 is handled. Duration 3 ms by bot id=8095621527
2025.04.22 02:08:40 aiogram.event        INFO     Update id=511759037 is handled. Duration 3 ms by bot id=8095621527
2025.04.22 02:08:40 aiogram.event        INFO     Update id=511759038 is handled. Duration 3 ms by bot id=8095621527
2025.04.22 02:08:40 aiogram.event        INFO     Update id=511759039 is handled. Duration 3 ms by bot id=8095621527
2025.04.22 02:13:04 aiogram.event        INFO     Update id=511759040 is handled. Duration 1 ms by bot id=8095621527
2025.04.22 02:47:14 aiogram.event        INFO     Update id=511759041 is handled. Duration 1 ms by bot id=8095621527
2025.04.22 03:13:49 aiogram.event        INFO     Update id=511759042 is handled. Duration 1 ms by bot id=8095621527
2025.04.22 03:13:49 aiogram.event        INFO     Update id=511759043 is handled. Duration 1 ms by bot id=8095621527
2025.04.22 03:14:11 aiogram.event        INFO     Update id=511759044 is handled. Duration 1 ms by bot id=8095621527
2025.04.22 03:15:11 aiogram.dispatcher   ERROR    Failed to fetch updates - TelegramNetworkError: HTTP Client says - ClientOSError: [Errno 104] Connection reset by peer
2025.04.22 03:15:11 aiogram.dispatcher   WARNING  Sleep for 1.000000 seconds and try again... (tryings = 0, bot id = 8095621527)
2025.04.22 03:15:22 aiogram.dispatcher   INFO     Connection established (tryings = 1, bot id = 8095621527)
2025.04.22 03:15:59 aiogram.event        INFO     Update id=511759045 is handled. Duration 1 ms by bot id=8095621527
2025.04.22 03:19:52 aiogram.event        INFO     Update id=511759046 is not handled. Duration 1 ms by bot id=8095621527
2025.04.22 03:20:53 aiogram.event        INFO     Update id=511759047 is not handled. Duration 0 ms by bot id=8095621527
2025.04.22 03:20:57 aiogram.event        INFO     Update id=511759048 is handled. Duration 1 ms by bot id=8095621527
2025.04.22 03:22:57 aiogram.event        INFO     Update id=511759049 is not handled. Duration 0 ms by bot id=8095621527
2025.04.22 03:26:31 aiogram.event        INFO     Update id=511759050 is not handled. Duration 1 ms by bot id=8095621527
2025.04.22 03:34:12 aiogram.dispatcher   ERROR    Failed to fetch updates - TelegramNetworkError: HTTP Client says - ClientOSError: [Errno 104] Connection reset by peer
2025.04.22 03:34:12 aiogram.dispatcher   WARNING  Sleep for 1.000000 seconds and try again... (tryings = 0, bot id = 8095621527)
2025.04.22 03:34:23 aiogram.dispatcher   INFO     Connection established (tryings = 1, bot id = 8095621527)
2025.04.22 03:37:15 aiogram.event        INFO     Update id=511759051 is handled. Duration 1 ms by bot id=8095621527
2025.04.22 03:55:14 aiogram.event        INFO     Update id=511759052 is handled. Duration 1 ms by bot id=8095621527
2025.04.22 04:03:50 aiogram.event        INFO     Update id=511759053 is handled. Duration 1 ms by bot id=8095621527
2025.04.22 04:04:40 aiogram.event        INFO     Update id=511759054 is handled. Duration 1 ms by bot id=8095621527
2025.04.22 04:04:41 aiogram.event        INFO     Update id=511759055 is handled. Duration 1 ms by bot id=8095621527
2025.04.22 04:04:52 aiogram.event        INFO     Update id=511759056 is handled. Duration 1 ms by bot id=8095621527
2025.04.22 04:05:21 aiogram.event        INFO     Update id=511759057 is handled. Duration 1 ms by bot id=8095621527
2025.04.22 04:07:32 aiogram.event        INFO     Update id=511759058 is handled. Duration 1 ms by bot id=8095621527
2025.04.22 04:09:54 aiogram.event        INFO     Update id=511759059 is handled. Duration 1 ms by bot id=8095621527
2025.04.22 04:10:05 aiogram.event        INFO     Update id=511759060 is handled. Duration 1 ms by bot id=8095621527
2025.04.22 04:10:11 aiogram.event        INFO     Update id=511759061 is handled. Duration 1 ms by bot id=8095621527
2025.04.22 04:10:17 aiogram.event        INFO     Update id=511759062 is handled. Duration 1 ms by bot id=8095621527
2025.04.22 04:10:18 aiogram.event        INFO     Update id=511759063 is handled. Duration 1 ms by bot id=8095621527
2025.04.22 04:10:23 aiogram.event        INFO     Update id=511759064 is handled. Duration 1 ms by bot id=8095621527
2025.04.22 04:10:25 aiogram.event        INFO     Update id=511759065 is handled. Duration 1 ms by bot id=8095621527
2025.04.22 04:10:39 aiogram.event        INFO     Update id=511759066 is handled. Duration 1 ms by bot id=8095621527
2025.04.22 04:22:10 aiogram.event        INFO     Update id=511759067 is handled. Duration 1 ms by bot id=8095621527
2025.04.22 04:22:41 aiogram.event        INFO     Update id=511759068 is handled. Duration 1 ms by bot id=8095621527
2025.04.22 04:23:03 aiogram.event        INFO     Update id=511759069 is handled. Duration 1 ms by bot id=8095621527
2025.04.22 04:23:04 aiogram.event        INFO     Update id=511759070 is handled. Duration 1 ms by bot id=8095621527
2025.04.22 04:23:12 aiogram.event        INFO     Update id=511759071 is handled. Duration 1 ms by bot id=8095621527
2025.04.22 04:23:18 aiogram.event        INFO     Update id=511759072 is handled. Duration 1 ms by bot id=8095621527
2025.04.22 04:23:26 aiogram.event        INFO     Update id=511759073 is handled. Duration 1 ms by bot id=8095621527
2025.04.22 04:23:27 aiogram.event        INFO     Update id=511759074 is handled. Duration 1 ms by bot id=8095621527
2025.04.22 04:23:43 aiogram.event        INFO     Update id=511759075 is handled. Duration 1 ms by bot id=8095621527
2025.04.22 04:24:18 aiogram.event        INFO     Update id=511759076 is not handled. Duration 0 ms by bot id=8095621527
2025.04.22 04:24:28 aiogram.event        INFO     Update id=511759077 is handled. Duration 1 ms by bot id=8095621527
2025.04.22 04:24:49 aiogram.event        INFO     Update id=511759078 is handled. Duration 1 ms by bot id=8095621527
2025.04.22 04:24:54 aiogram.event        INFO     Update id=511759079 is handled. Duration 2 ms by bot id=8095621527
2025.04.22 04:25:07 aiogram.event        INFO     Update id=511759080 is handled. Duration 1 ms by bot id=8095621527
2025.04.22 04:28:17 aiogram.event        INFO     Update id=511759081 is handled. Duration 1 ms by bot id=8095621527
2025.04.22 04:29:31 aiogram.event        INFO     Update id=511759082 is handled. Duration 1 ms by bot id=8095621527
2025.04.22 04:30:54 aiogram.event        INFO     Update id=511759083 is handled. Duration 1 ms by bot id=8095621527
2025.04.22 04:30:58 aiogram.event        INFO     Update id=511759084 is handled. Duration 1 ms by bot id=8095621527
2025.04.22 04:31:01 aiogram.event        INFO     Update id=511759085 is handled. Duration 2 ms by bot id=8095621527
2025.04.22 04:32:17 aiogram.event        INFO     Update id=511759086 is handled. Duration 1 ms by bot id=8095621527
2025.04.22 04:32:19 aiogram.event        INFO     Update id=511759087 is handled. Duration 1 ms by bot id=8095621527
2025.04.22 04:33:02 aiogram.event        INFO     Update id=511759088 is handled. Duration 1 ms by bot id=8095621527
2025.04.22 04:33:59 aiogram.event        INFO     Update id=511759089 is handled. Duration 1 ms by bot id=8095621527
2025.04.22 04:34:15 aiogram.event        INFO     Update id=511759090 is handled. Duration 1 ms by bot id=8095621527
2025.04.22 04:34:20 aiogram.event        INFO     Update id=511759091 is handled. Duration 1 ms by bot id=8095621527
2025.04.22 04:36:42 aiogram.event        INFO     Update id=511759092 is handled. Duration 1 ms by bot id=8095621527
2025.04.22 04:36:50 aiogram.event        INFO     Update id=511759093 is handled. Duration 1 ms by bot id=8095621527
2025.04.22 04:36:53 aiogram.event        INFO     Update id=511759094 is handled. Duration 1 ms by bot id=8095621527
2025.04.22 04:37:05 aiogram.event        INFO     Update id=511759095 is handled. Duration 1 ms by bot id=8095621527
2025.04.22 04:37:24 aiogram.event        INFO     Update id=511759096 is handled. Duration 1 ms by bot id=8095621527
2025.04.22 04:37:40 aiogram.event        INFO     Update id=511759097 is handled. Duration 1 ms by bot id=8095621527
2025.04.22 04:37:42 aiogram.event        INFO     Update id=511759098 is handled. Duration 1 ms by bot id=8095621527
2025.04.22 04:37:59 aiogram.event        INFO     Update id=511759099 is handled. Duration 1 ms by bot id=8095621527
2025.04.22 04:37:59 aiogram.event        INFO     Update id=511759100 is handled. Duration 1 ms by bot id=8095621527
2025.04.22 04:38:10 aiogram.event        INFO     Update id=511759101 is handled. Duration 1 ms by bot id=8095621527
2025.04.22 04:38:18 aiogram.event        INFO     Update id=511759102 is handled. Duration 1 ms by bot id=8095621527
2025.04.22 04:47:06 aiogram.event        INFO     Update id=511759103 is handled. Duration 1 ms by bot id=8095621527
2025.04.22 04:47:22 aiogram.event        INFO     Update id=511759104 is handled. Duration 1 ms by bot id=8095621527
2025.04.22 04:51:15 aiogram.event        INFO     Update id=511759105 is handled. Duration 1 ms by bot id=8095621527
2025.04.22 04:52:39 aiogram.event        INFO     Update id=511759106 is handled. Duration 1 ms by bot id=8095621527
2025.04.22 04:52:58 aiogram.event        INFO     Update id=511759107 is handled. Duration 1 ms by bot id=8095621527
2025.04.22 04:53:57 aiogram.event        INFO     Update id=511759108 is handled. Duration 1 ms by bot id=8095621527
2025.04.22 04:55:40 aiogram.event        INFO     Update id=511759109 is handled. Duration 1 ms by bot id=8095621527
2025.04.22 04:56:10 aiogram.event        INFO     Update id=511759110 is handled. Duration 1 ms by bot id=8095621527
2025.04.22 04:57:36 aiogram.event        INFO     Update id=511759111 is handled. Duration 1 ms by bot id=8095621527
2025.04.22 04:58:06 aiogram.event        INFO     Update id=511759112 is handled. Duration 1 ms by bot id=8095621527
2025.04.22 05:01:09 aiogram.event        INFO     Update id=511759113 is handled. Duration 1 ms by bot id=8095621527
2025.04.22 05:01:13 aiogram.event        INFO     Update id=511759116 is handled. Duration 3 ms by bot id=8095621527
2025.04.22 05:01:13 aiogram.event        INFO     Update id=511759114 is handled. Duration 4 ms by bot id=8095621527
2025.04.22 05:01:13 aiogram.event        INFO     Update id=511759115 is handled. Duration 4 ms by bot id=8095621527
2025.04.22 05:01:13 aiogram.event        INFO     Update id=511759117 is handled. Duration 4 ms by bot id=8095621527
2025.04.22 05:01:13 aiogram.event        INFO     Update id=511759118 is handled. Duration 4 ms by bot id=8095621527
2025.04.22 05:01:13 aiogram.event        INFO     Update id=511759119 is handled. Duration 4 ms by bot id=8095621527
2025.04.22 05:01:46 aiogram.event        INFO     Update id=511759120 is handled. Duration 2 ms by bot id=8095621527
2025.04.22 05:02:09 aiogram.event        INFO     Update id=511759121 is handled. Duration 1 ms by bot id=8095621527
2025.04.22 05:02:22 aiogram.event        INFO     Update id=511759122 is handled. Duration 1 ms by bot id=8095621527
2025.04.22 05:03:44 aiogram.event        INFO     Update id=511759123 is handled. Duration 1 ms by bot id=8095621527
2025.04.22 05:06:44 aiogram.event        INFO     Update id=511759124 is handled. Duration 1 ms by bot id=8095621527
2025.04.22 05:07:58 aiogram.event        INFO     Update id=511759125 is handled. Duration 1 ms by bot id=8095621527
2025.04.22 05:08:08 aiogram.event        INFO     Update id=511759126 is handled. Duration 1 ms by bot id=8095621527
2025.04.22 05:10:44 aiogram.event        INFO     Update id=511759127 is handled. Duration 1 ms by bot id=8095621527
2025.04.22 05:10:55 aiogram.event        INFO     Update id=511759128 is handled. Duration 1 ms by bot id=8095621527
2025.04.22 05:11:07 aiogram.event        INFO     Update id=511759129 is handled. Duration 1 ms by bot id=8095621527
2025.04.22 05:11:15 aiogram.event        INFO     Update id=511759130 is handled. Duration 1 ms by bot id=8095621527
2025.04.22 05:11:21 aiogram.event        INFO     Update id=511759131 is handled. Duration 1 ms by bot id=8095621527
2025.04.22 05:11:34 aiogram.event        INFO     Update id=511759132 is handled. Duration 1 ms by bot id=8095621527
2025.04.22 05:11:37 aiogram.event        INFO     Update id=511759133 is handled. Duration 1 ms by bot id=8095621527
2025.04.22 05:11:39 aiogram.event        INFO     Update id=511759134 is handled. Duration 1 ms by bot id=8095621527
2025.04.22 05:11:48 aiogram.event        INFO     Update id=511759135 is handled. Duration 1 ms by bot id=8095621527
2025.04.22 05:12:43 aiogram.event        INFO     Update id=511759136 is handled. Duration 1 ms by bot id=8095621527
2025.04.22 05:12:44 aiogram.event        INFO     Update id=511759137 is handled. Duration 1 ms by bot id=8095621527
2025.04.22 05:12:58 aiogram.event        INFO     Update id=511759138 is handled. Duration 1 ms by bot id=8095621527
2025.04.22 05:12:59 aiogram.event        INFO     Update id=511759139 is handled. Duration 2 ms by bot id=8095621527
2025.04.22 05:12:59 aiogram.event        INFO     Update id=511759140 is handled. Duration 2 ms by bot id=8095621527
2025.04.22 05:13:12 aiogram.event        INFO     Update id=511759141 is handled. Duration 1 ms by bot id=8095621527
2025.04.22 05:13:20 aiogram.event        INFO     Update id=511759142 is handled. Duration 1 ms by bot id=8095621527
2025.04.22 05:13:25 aiogram.event        INFO     Update id=511759143 is handled. Duration 1 ms by bot id=8095621527
2025.04.22 05:13:33 aiogram.event        INFO     Update id=511759144 is not handled. Duration 1 ms by bot id=8095621527
2025.04.22 05:13:43 aiogram.event        INFO     Update id=511759145 is handled. Duration 2 ms by bot id=8095621527
2025.04.22 05:13:47 aiogram.event        INFO     Update id=511759146 is handled. Duration 1 ms by bot id=8095621527
2025.04.22 05:14:00 aiogram.event        INFO     Update id=511759147 is handled. Duration 1 ms by bot id=8095621527
2025.04.22 05:14:08 aiogram.event        INFO     Update id=511759148 is handled. Duration 1 ms by bot id=8095621527
2025.04.22 05:14:13 aiogram.event        INFO     Update id=511759149 is handled. Duration 1 ms by bot id=8095621527
2025.04.22 05:14:17 aiogram.event        INFO     Update id=511759150 is handled. Duration 1 ms by bot id=8095621527
2025.04.22 05:14:19 aiogram.event        INFO     Update id=511759151 is handled. Duration 1 ms by bot id=8095621527
2025.04.22 05:14:40 aiogram.event        INFO     Update id=511759152 is not handled. Duration 1 ms by bot id=8095621527
2025.04.22 05:15:40 aiogram.event        INFO     Update id=511759153 is handled. Duration 1 ms by bot id=8095621527
2025.04.22 05:18:06 aiogram.event        INFO     Update id=511759154 is handled. Duration 1 ms by bot id=8095621527
2025.04.22 05:18:56 aiogram.event        INFO     Update id=511759155 is handled. Duration 1 ms by bot id=8095621527
2025.04.22 05:19:10 aiogram.event        INFO     Update id=511759156 is handled. Duration 1 ms by bot id=8095621527
2025.04.22 05:19:20 aiogram.event        INFO     Update id=511759157 is not handled. Duration 1 ms by bot id=8095621527
2025.04.22 05:19:33 aiogram.event        INFO     Update id=511759158 is handled. Duration 1 ms by bot id=8095621527
2025.04.22 05:19:33 aiogram.event        INFO     Update id=511759159 is handled. Duration 1 ms by bot id=8095621527
2025.04.22 05:19:39 aiogram.event        INFO     Update id=511759160 is handled. Duration 1 ms by bot id=8095621527
2025.04.22 05:19:46 aiogram.event        INFO     Update id=511759161 is handled. Duration 1 ms by bot id=8095621527
2025.04.22 05:20:05 aiogram.event        INFO     Update id=511759162 is handled. Duration 1 ms by bot id=8095621527
2025.04.22 05:20:05 aiogram.event        INFO     Update id=511759163 is handled. Duration 2 ms by bot id=8095621527
2025.04.22 05:20:15 aiogram.event        INFO     Update id=511759164 is handled. Duration 1 ms by bot id=8095621527
2025.04.22 05:20:31 aiogram.event        INFO     Update id=511759165 is handled. Duration 1 ms by bot id=8095621527
2025.04.22 05:20:42 aiogram.event        INFO     Update id=511759166 is handled. Duration 1 ms by bot id=8095621527
2025.04.22 05:20:43 aiogram.event        INFO     Update id=511759167 is handled. Duration 1 ms by bot id=8095621527
2025.04.22 05:20:51 aiogram.event        INFO     Update id=511759168 is handled. Duration 1 ms by bot id=8095621527
2025.04.22 05:20:56 aiogram.event        INFO     Update id=511759169 is handled. Duration 1 ms by bot id=8095621527
2025.04.22 05:21:01 aiogram.event        INFO     Update id=511759170 is handled. Duration 3 ms by bot id=8095621527
2025.04.22 05:21:17 aiogram.event        INFO     Update id=511759171 is handled. Duration 1 ms by bot id=8095621527
2025.04.22 05:21:25 aiogram.event        INFO     Update id=511759172 is handled. Duration 1 ms by bot id=8095621527
2025.04.22 05:21:37 aiogram.event        INFO     Update id=511759173 is handled. Duration 1 ms by bot id=8095621527
2025.04.22 05:21:39 aiogram.event        INFO     Update id=511759174 is handled. Duration 1 ms by bot id=8095621527
2025.04.22 05:21:47 aiogram.event        INFO     Update id=511759175 is handled. Duration 1 ms by bot id=8095621527
2025.04.22 05:21:51 aiogram.event        INFO     Update id=511759176 is handled. Duration 1 ms by bot id=8095621527
2025.04.22 05:21:53 aiogram.event        INFO     Update id=511759177 is handled. Duration 1 ms by bot id=8095621527
2025.04.22 05:21:59 aiogram.event        INFO     Update id=511759178 is handled. Duration 1 ms by bot id=8095621527
2025.04.22 05:22:11 aiogram.event        INFO     Update id=511759179 is handled. Duration 1 ms by bot id=8095621527
2025.04.22 05:22:12 aiogram.event        INFO     Update id=511759180 is handled. Duration 1 ms by bot id=8095621527
2025.04.22 05:22:19 aiogram.event        INFO     Update id=511759181 is handled. Duration 1 ms by bot id=8095621527
2025.04.22 05:22:26 aiogram.event        INFO     Update id=511759182 is handled. Duration 1 ms by bot id=8095621527
2025.04.22 05:22:35 aiogram.event        INFO     Update id=511759183 is handled. Duration 1 ms by bot id=8095621527
2025.04.22 05:22:37 aiogram.event        INFO     Update id=511759184 is handled. Duration 1 ms by bot id=8095621527
2025.04.22 05:22:47 aiogram.event        INFO     Update id=511759185 is handled. Duration 1 ms by bot id=8095621527
2025.04.22 05:22:56 aiogram.event        INFO     Update id=511759186 is handled. Duration 1 ms by bot id=8095621527
2025.04.22 05:23:22 aiogram.event        INFO     Update id=511759187 is handled. Duration 1 ms by bot id=8095621527
2025.04.22 05:23:37 aiogram.event        INFO     Update id=511759188 is handled. Duration 1 ms by bot id=8095621527
2025.04.22 05:23:41 aiogram.event        INFO     Update id=511759189 is handled. Duration 1 ms by bot id=8095621527
2025.04.22 05:23:43 aiogram.event        INFO     Update id=511759190 is handled. Duration 1 ms by bot id=8095621527
2025.04.22 05:23:45 aiogram.event        INFO     Update id=511759191 is handled. Duration 1 ms by bot id=8095621527
2025.04.22 05:23:46 aiogram.event        INFO     Update id=511759192 is handled. Duration 1 ms by bot id=8095621527
2025.04.22 05:23:54 aiogram.event        INFO     Update id=511759193 is handled. Duration 1 ms by bot id=8095621527
2025.04.22 05:24:01 aiogram.event        INFO     Update id=511759194 is handled. Duration 6 ms by bot id=8095621527
2025.04.22 05:24:06 aiogram.event        INFO     Update id=511759195 is handled. Duration 1 ms by bot id=8095621527
2025.04.22 05:24:14 aiogram.event        INFO     Update id=511759196 is handled. Duration 1 ms by bot id=8095621527
2025.04.22 05:24:33 aiogram.event        INFO     Update id=511759197 is handled. Duration 1 ms by bot id=8095621527
2025.04.22 05:24:34 aiogram.event        INFO     Update id=511759198 is handled. Duration 1 ms by bot id=8095621527
2025.04.22 05:24:46 aiogram.event        INFO     Update id=511759199 is handled. Duration 1 ms by bot id=8095621527
2025.04.22 05:33:01 aiogram.event        INFO     Update id=511759200 is handled. Duration 5 ms by bot id=8095621527
2025.04.22 05:37:53 aiogram.event        INFO     Update id=511759201 is handled. Duration 1 ms by bot id=8095621527
2025.04.22 05:43:52 aiogram.event        INFO     Update id=511759202 is handled. Duration 3 ms by bot id=8095621527
2025.04.22 05:43:52 aiogram.event        INFO     Update id=511759203 is handled. Duration 3 ms by bot id=8095621527
2025.04.22 05:43:52 aiogram.event        INFO     Update id=511759204 is handled. Duration 3 ms by bot id=8095621527
2025.04.22 05:43:52 aiogram.event        INFO     Update id=511759205 is handled. Duration 3 ms by bot id=8095621527
2025.04.22 05:43:53 aiogram.event        INFO     Update id=511759206 is handled. Duration 3 ms by bot id=8095621527
2025.04.22 05:43:53 aiogram.event        INFO     Update id=511759207 is handled. Duration 3 ms by bot id=8095621527
2025.04.22 05:43:53 aiogram.event        INFO     Update id=511759208 is handled. Duration 3 ms by bot id=8095621527
2025.04.22 05:43:53 aiogram.event        INFO     Update id=511759209 is handled. Duration 3 ms by bot id=8095621527
2025.04.22 05:45:10 aiogram.event        INFO     Update id=511759210 is handled. Duration 1 ms by bot id=8095621527
2025.04.22 05:51:00 aiogram.event        INFO     Update id=511759211 is handled. Duration 1 ms by bot id=8095621527
2025.04.22 05:52:56 aiogram.event        INFO     Update id=511759212 is handled. Duration 1 ms by bot id=8095621527
2025.04.22 05:53:38 aiogram.event        INFO     Update id=511759213 is handled. Duration 1 ms by bot id=8095621527
2025.04.22 05:53:42 aiogram.event        INFO     Update id=511759214 is handled. Duration 1 ms by bot id=8095621527
2025.04.22 05:54:03 aiogram.event        INFO     Update id=511759215 is handled. Duration 1 ms by bot id=8095621527
2025.04.22 05:54:42 aiogram.event        INFO     Update id=511759216 is handled. Duration 1 ms by bot id=8095621527
2025.04.22 05:55:24 aiogram.event        INFO     Update id=511759217 is handled. Duration 1 ms by bot id=8095621527
2025.04.22 05:55:32 aiogram.event        INFO     Update id=511759218 is handled. Duration 1 ms by bot id=8095621527
2025.04.22 05:56:53 aiogram.event        INFO     Update id=511759219 is handled. Duration 1 ms by bot id=8095621527
2025.04.22 05:57:13 aiogram.event        INFO     Update id=511759220 is handled. Duration 1 ms by bot id=8095621527
2025.04.22 05:57:53 aiogram.event        INFO     Update id=511759221 is handled. Duration 1 ms by bot id=8095621527
2025.04.22 05:58:49 aiogram.event        INFO     Update id=511759222 is handled. Duration 1 ms by bot id=8095621527
2025.04.22 06:02:47 aiogram.event        INFO     Update id=511759223 is handled. Duration 1 ms by bot id=8095621527
2025.04.22 06:02:48 aiogram.event        INFO     Update id=511759224 is handled. Duration 1 ms by bot id=8095621527
2025.04.22 06:03:37 aiogram.event        INFO     Update id=511759225 is handled. Duration 15 ms by bot id=8095621527
2025.04.22 06:03:37 aiogram.event        INFO     Update id=511759226 is handled. Duration 15 ms by bot id=8095621527
2025.04.22 06:03:37 aiogram.event        INFO     Update id=511759227 is handled. Duration 15 ms by bot id=8095621527
2025.04.22 06:03:37 aiogram.event        INFO     Update id=511759228 is handled. Duration 15 ms by bot id=8095621527
2025.04.22 06:03:37 aiogram.event        INFO     Update id=511759229 is handled. Duration 15 ms by bot id=8095621527
2025.04.22 06:03:37 aiogram.event        INFO     Update id=511759230 is handled. Duration 15 ms by bot id=8095621527
2025.04.22 06:03:37 aiogram.event        INFO     Update id=511759231 is handled. Duration 15 ms by bot id=8095621527
2025.04.22 06:03:37 aiogram.event        INFO     Update id=511759232 is handled. Duration 15 ms by bot id=8095621527
2025.04.22 06:03:37 aiogram.event        INFO     Update id=511759233 is handled. Duration 15 ms by bot id=8095621527
2025.04.22 06:03:37 aiogram.event        INFO     Update id=511759234 is handled. Duration 15 ms by bot id=8095621527
2025.04.22 06:03:37 aiogram.event        INFO     Update id=511759235 is handled. Duration 15 ms by bot id=8095621527
2025.04.22 06:03:37 aiogram.event        INFO     Update id=511759236 is handled. Duration 17 ms by bot id=8095621527
2025.04.22 06:03:37 aiogram.event        INFO     Update id=511759237 is handled. Duration 17 ms by bot id=8095621527
2025.04.22 06:03:37 aiogram.event        INFO     Update id=511759238 is handled. Duration 20 ms by bot id=8095621527
2025.04.22 06:03:37 aiogram.event        INFO     Update id=511759239 is handled. Duration 20 ms by bot id=8095621527
2025.04.22 06:03:37 aiogram.event        INFO     Update id=511759240 is handled. Duration 20 ms by bot id=8095621527
2025.04.22 06:03:37 aiogram.event        INFO     Update id=511759241 is handled. Duration 20 ms by bot id=8095621527
2025.04.22 06:03:39 aiogram.event        INFO     Update id=511759242 is handled. Duration 9 ms by bot id=8095621527
2025.04.22 06:03:39 aiogram.event        INFO     Update id=511759243 is handled. Duration 9 ms by bot id=8095621527
2025.04.22 06:03:39 aiogram.event        INFO     Update id=511759244 is handled. Duration 9 ms by bot id=8095621527
2025.04.22 06:03:39 aiogram.event        INFO     Update id=511759245 is handled. Duration 10 ms by bot id=8095621527
2025.04.22 06:03:39 aiogram.event        INFO     Update id=511759246 is handled. Duration 10 ms by bot id=8095621527
2025.04.22 06:03:39 aiogram.event        INFO     Update id=511759247 is handled. Duration 10 ms by bot id=8095621527
2025.04.22 06:03:39 aiogram.event        INFO     Update id=511759248 is handled. Duration 10 ms by bot id=8095621527
2025.04.22 06:03:39 aiogram.event        INFO     Update id=511759249 is handled. Duration 10 ms by bot id=8095621527
2025.04.22 06:03:39 aiogram.event        INFO     Update id=511759250 is handled. Duration 10 ms by bot id=8095621527
2025.04.22 06:03:39 aiogram.event        INFO     Update id=511759251 is handled. Duration 10 ms by bot id=8095621527
2025.04.22 06:03:39 aiogram.event        INFO     Update id=511759252 is handled. Duration 10 ms by bot id=8095621527
2025.04.22 06:03:39 aiogram.event        INFO     Update id=511759253 is handled. Duration 10 ms by bot id=8095621527
2025.04.22 06:03:39 aiogram.event        INFO     Update id=511759254 is handled. Duration 10 ms by bot id=8095621527
2025.04.22 06:03:39 aiogram.event        INFO     Update id=511759255 is handled. Duration 10 ms by bot id=8095621527
2025.04.22 06:03:39 aiogram.event        INFO     Update id=511759256 is handled. Duration 9 ms by bot id=8095621527
2025.04.22 06:03:39 aiogram.event        INFO     Update id=511759257 is handled. Duration 9 ms by bot id=8095621527
2025.04.22 06:03:39 aiogram.event        INFO     Update id=511759258 is handled. Duration 9 ms by bot id=8095621527
2025.04.22 06:03:47 aiogram.event        INFO     Update id=511759259 is handled. Duration 1 ms by bot id=8095621527
2025.04.22 06:04:19 aiogram.event        INFO     Update id=511759260 is handled. Duration 1 ms by bot id=8095621527
2025.04.22 06:05:43 aiogram.event        INFO     Update id=511759261 is not handled. Duration 0 ms by bot id=8095621527
2025.04.22 06:06:25 aiogram.event        INFO     Update id=511759262 is handled. Duration 1 ms by bot id=8095621527
2025.04.22 06:06:51 aiogram.event        INFO     Update id=511759263 is handled. Duration 1 ms by bot id=8095621527
2025.04.22 06:10:22 aiogram.event        INFO     Update id=511759264 is handled. Duration 1 ms by bot id=8095621527
2025.04.22 06:10:23 aiogram.event        INFO     Update id=511759265 is handled. Duration 1 ms by bot id=8095621527
2025.04.22 06:12:24 aiogram.event        INFO     Update id=511759266 is handled. Duration 1 ms by bot id=8095621527
2025.04.22 06:13:10 aiogram.event        INFO     Update id=511759267 is handled. Duration 1 ms by bot id=8095621527
2025.04.22 06:17:31 aiogram.event        INFO     Update id=511759268 is handled. Duration 1 ms by bot id=8095621527
2025.04.22 06:19:57 aiogram.event        INFO     Update id=511759269 is handled. Duration 1 ms by bot id=8095621527
2025.04.22 06:20:14 aiogram.event        INFO     Update id=511759270 is handled. Duration 1 ms by bot id=8095621527
2025.04.22 06:20:35 aiogram.event        INFO     Update id=511759271 is handled. Duration 1 ms by bot id=8095621527
2025.04.22 06:20:36 aiogram.event        INFO     Update id=511759272 is handled. Duration 1 ms by bot id=8095621527
2025.04.22 06:21:06 aiogram.event        INFO     Update id=511759273 is handled. Duration 1 ms by bot id=8095621527
2025.04.22 06:21:43 aiogram.event        INFO     Update id=511759274 is handled. Duration 1 ms by bot id=8095621527
2025.04.22 06:22:56 aiogram.event        INFO     Update id=511759275 is handled. Duration 1 ms by bot id=8095621527
2025.04.22 06:27:15 aiogram.event        INFO     Update id=511759276 is handled. Duration 1 ms by bot id=8095621527
2025.04.22 06:27:36 aiogram.event        INFO     Update id=511759277 is handled. Duration 1 ms by bot id=8095621527
2025.04.22 06:28:39 aiogram.event        INFO     Update id=511759278 is handled. Duration 1 ms by bot id=8095621527
2025.04.22 06:34:55 aiogram.event        INFO     Update id=511759279 is handled. Duration 1 ms by bot id=8095621527
2025.04.22 06:35:35 aiogram.event        INFO     Update id=511759280 is handled. Duration 1 ms by bot id=8095621527
2025.04.22 06:35:47 aiogram.event        INFO     Update id=511759281 is handled. Duration 1 ms by bot id=8095621527
2025.04.22 06:38:42 aiogram.event        INFO     Update id=511759282 is not handled. Duration 1 ms by bot id=8095621527
2025.04.22 06:40:29 aiogram.event        INFO     Update id=511759283 is handled. Duration 1 ms by bot id=8095621527
2025.04.22 06:41:37 aiogram.event        INFO     Update id=511759284 is handled. Duration 1 ms by bot id=8095621527
2025.04.22 06:41:57 aiogram.event        INFO     Update id=511759285 is not handled. Duration 1 ms by bot id=8095621527
2025.04.22 06:41:57 aiogram.event        INFO     Update id=511759286 is handled. Duration 1 ms by bot id=8095621527
2025.04.22 06:41:57 aiogram.event        INFO     Update id=511759287 is not handled. Duration 1 ms by bot id=8095621527
2025.04.22 06:41:58 aiogram.event        INFO     Update id=511759288 is handled. Duration 1 ms by bot id=8095621527
2025.04.22 06:43:10 aiogram.event        INFO     Update id=511759289 is not handled. Duration 0 ms by bot id=8095621527
2025.04.22 06:44:45 aiogram.event        INFO     Update id=511759290 is handled. Duration 1 ms by bot id=8095621527
2025.04.22 06:44:48 aiogram.event        INFO     Update id=511759291 is handled. Duration 1 ms by bot id=8095621527
2025.04.22 06:44:56 aiogram.event        INFO     Update id=511759292 is not handled. Duration 0 ms by bot id=8095621527
2025.04.22 06:46:23 aiogram.event        INFO     Update id=511759293 is handled. Duration 1 ms by bot id=8095621527
2025.04.22 06:47:21 aiogram.event        INFO     Update id=511759294 is handled. Duration 1 ms by bot id=8095621527
2025.04.22 06:47:27 aiogram.event        INFO     Update id=511759295 is not handled. Duration 1 ms by bot id=8095621527
2025.04.22 06:47:51 aiogram.event        INFO     Update id=511759296 is handled. Duration 1 ms by bot id=8095621527
2025.04.22 06:48:09 aiogram.event        INFO     Update id=511759297 is handled. Duration 1 ms by bot id=8095621527
2025.04.22 06:48:50 aiogram.event        INFO     Update id=511759298 is handled. Duration 1 ms by bot id=8095621527
2025.04.22 06:48:56 aiogram.event        INFO     Update id=511759299 is handled. Duration 1 ms by bot id=8095621527
2025.04.22 06:49:22 aiogram.event        INFO     Update id=511759300 is handled. Duration 1 ms by bot id=8095621527
2025.04.22 06:49:48 aiogram.event        INFO     Update id=511759301 is not handled. Duration 1 ms by bot id=8095621527
2025.04.22 06:50:05 aiogram.event        INFO     Update id=511759302 is handled. Duration 1 ms by bot id=8095621527
2025.04.22 06:50:16 aiogram.event        INFO     Update id=511759303 is handled. Duration 1 ms by bot id=8095621527
2025.04.22 06:50:28 aiogram.event        INFO     Update id=511759304 is handled. Duration 1 ms by bot id=8095621527
2025.04.22 06:52:16 aiogram.event        INFO     Update id=511759305 is handled. Duration 1 ms by bot id=8095621527
2025.04.22 06:52:35 aiogram.event        INFO     Update id=511759306 is handled. Duration 1 ms by bot id=8095621527
2025.04.22 06:52:51 aiogram.event        INFO     Update id=511759307 is not handled. Duration 1 ms by bot id=8095621527
2025.04.22 06:52:56 aiogram.event        INFO     Update id=511759308 is handled. Duration 1 ms by bot id=8095621527
2025.04.22 06:53:19 aiogram.event        INFO     Update id=511759309 is handled. Duration 1 ms by bot id=8095621527
2025.04.22 06:53:43 aiogram.event        INFO     Update id=511759310 is handled. Duration 1 ms by bot id=8095621527
2025.04.22 06:53:57 aiogram.event        INFO     Update id=511759311 is handled. Duration 1 ms by bot id=8095621527
2025.04.22 06:54:15 aiogram.event        INFO     Update id=511759312 is handled. Duration 1 ms by bot id=8095621527
2025.04.22 06:54:33 aiogram.event        INFO     Update id=511759313 is handled. Duration 1 ms by bot id=8095621527
2025.04.22 06:54:38 aiogram.event        INFO     Update id=511759314 is handled. Duration 1 ms by bot id=8095621527
2025.04.22 06:54:49 aiogram.event        INFO     Update id=511759315 is handled. Duration 1 ms by bot id=8095621527
2025.04.22 06:54:50 aiogram.event        INFO     Update id=511759316 is handled. Duration 1 ms by bot id=8095621527
2025.04.22 06:54:50 aiogram.event        INFO     Update id=511759317 is not handled. Duration 1 ms by bot id=8095621527
2025.04.22 06:55:08 aiogram.event        INFO     Update id=511759318 is handled. Duration 1 ms by bot id=8095621527
2025.04.22 06:55:20 aiogram.event        INFO     Update id=511759319 is handled. Duration 1 ms by bot id=8095621527
2025.04.22 06:55:31 aiogram.event        INFO     Update id=511759320 is not handled. Duration 1 ms by bot id=8095621527
2025.04.22 06:55:42 aiogram.event        INFO     Update id=511759321 is not handled. Duration 1 ms by bot id=8095621527
2025.04.22 06:55:45 aiogram.event        INFO     Update id=511759322 is not handled. Duration 1 ms by bot id=8095621527
2025.04.22 06:55:51 aiogram.event        INFO     Update id=511759323 is handled. Duration 1 ms by bot id=8095621527
2025.04.22 06:58:40 aiogram.event        INFO     Update id=511759324 is handled. Duration 1 ms by bot id=8095621527
2025.04.22 07:04:41 aiogram.event        INFO     Update id=511759325 is handled. Duration 1 ms by bot id=8095621527
2025.04.22 07:09:12 aiogram.dispatcher   ERROR    Failed to fetch updates - TelegramNetworkError: HTTP Client says - ClientOSError: [Errno 104] Connection reset by peer
2025.04.22 07:09:12 aiogram.dispatcher   WARNING  Sleep for 1.000000 seconds and try again... (tryings = 0, bot id = 8095621527)
2025.04.22 07:09:23 aiogram.dispatcher   INFO     Connection established (tryings = 1, bot id = 8095621527)
2025.04.22 07:21:13 aiogram.event        INFO     Update id=511759326 is handled. Duration 1 ms by bot id=8095621527
2025.04.22 07:31:54 aiogram.event        INFO     Update id=511759327 is handled. Duration 1 ms by bot id=8095621527
2025.04.22 07:39:16 aiogram.event        INFO     Update id=511759328 is handled. Duration 1 ms by bot id=8095621527
2025.04.22 07:42:06 aiogram.dispatcher   ERROR    Failed to fetch updates - TelegramNetworkError: HTTP Client says - ClientOSError: [Errno 104] Connection reset by peer
2025.04.22 07:42:06 aiogram.dispatcher   WARNING  Sleep for 1.000000 seconds and try again... (tryings = 0, bot id = 8095621527)
2025.04.22 07:42:17 aiogram.dispatcher   INFO     Connection established (tryings = 1, bot id = 8095621527)
2025.04.22 07:42:21 aiogram.event        INFO     Update id=511759329 is handled. Duration 1 ms by bot id=8095621527
2025.04.22 07:42:25 aiogram.event        INFO     Update id=511759330 is not handled. Duration 1 ms by bot id=8095621527
2025.04.22 07:42:44 aiogram.event        INFO     Update id=511759331 is handled. Duration 1 ms by bot id=8095621527
2025.04.22 07:45:08 aiogram.event        INFO     Update id=511759332 is handled. Duration 1 ms by bot id=8095621527
2025.04.22 07:52:09 aiogram.dispatcher   ERROR    Failed to fetch updates - TelegramNetworkError: HTTP Client says - ClientOSError: [Errno 104] Connection reset by peer
2025.04.22 07:52:09 aiogram.dispatcher   WARNING  Sleep for 1.000000 seconds and try again... (tryings = 0, bot id = 8095621527)
2025.04.22 07:52:20 aiogram.dispatcher   INFO     Connection established (tryings = 1, bot id = 8095621527)
2025.04.22 07:53:10 aiogram.dispatcher   ERROR    Failed to fetch updates - TelegramNetworkError: HTTP Client says - ClientOSError: [Errno 104] Connection reset by peer
2025.04.22 07:53:10 aiogram.dispatcher   WARNING  Sleep for 1.000000 seconds and try again... (tryings = 0, bot id = 8095621527)
2025.04.22 07:53:21 aiogram.dispatcher   INFO     Connection established (tryings = 1, bot id = 8095621527)
2025.04.22 07:55:26 aiogram.event        INFO     Update id=511759333 is handled. Duration 1 ms by bot id=8095621527
2025.04.22 08:01:10 aiogram.event        INFO     Update id=511759334 is handled. Duration 1 ms by bot id=8095621527
2025.04.22 08:04:38 aiogram.event        INFO     Update id=511759335 is handled. Duration 1 ms by bot id=8095621527
2025.04.22 08:18:40 aiogram.event        INFO     Update id=511759336 is not handled. Duration 1 ms by bot id=8095621527
2025.04.22 08:18:50 aiogram.event        INFO     Update id=511759337 is handled. Duration 1 ms by bot id=8095621527
2025.04.22 08:19:56 aiogram.event        INFO     Update id=511759338 is handled. Duration 1 ms by bot id=8095621527
2025.04.22 08:20:06 aiogram.event        INFO     Update id=511759339 is handled. Duration 1 ms by bot id=8095621527
2025.04.22 08:20:13 aiogram.event        INFO     Update id=511759340 is handled. Duration 1 ms by bot id=8095621527
2025.04.22 08:20:20 aiogram.event        INFO     Update id=511759341 is handled. Duration 1 ms by bot id=8095621527
2025.04.22 08:20:20 aiogram.event        INFO     Update id=511759342 is not handled. Duration 0 ms by bot id=8095621527
2025.04.22 08:20:20 aiogram.event        INFO     Update id=511759343 is not handled. Duration 1 ms by bot id=8095621527
2025.04.22 08:20:30 aiogram.event        INFO     Update id=511759344 is handled. Duration 1 ms by bot id=8095621527
2025.04.22 08:20:43 aiogram.event        INFO     Update id=511759345 is handled. Duration 1 ms by bot id=8095621527
2025.04.22 08:20:46 aiogram.event        INFO     Update id=511759346 is handled. Duration 1 ms by bot id=8095621527
2025.04.22 08:20:57 aiogram.event        INFO     Update id=511759347 is handled. Duration 1 ms by bot id=8095621527
2025.04.22 08:21:13 aiogram.event        INFO     Update id=511759348 is handled. Duration 1 ms by bot id=8095621527
2025.04.22 08:21:16 aiogram.event        INFO     Update id=511759349 is handled. Duration 1 ms by bot id=8095621527
2025.04.22 08:21:17 aiogram.event        INFO     Update id=511759350 is handled. Duration 1 ms by bot id=8095621527
2025.04.22 08:21:18 aiogram.event        INFO     Update id=511759351 is handled. Duration 1 ms by bot id=8095621527
2025.04.22 08:21:20 aiogram.event        INFO     Update id=511759352 is handled. Duration 1 ms by bot id=8095621527
2025.04.22 08:21:25 aiogram.event        INFO     Update id=511759353 is handled. Duration 1 ms by bot id=8095621527
2025.04.22 08:21:27 aiogram.event        INFO     Update id=511759354 is handled. Duration 1 ms by bot id=8095621527
2025.04.22 08:21:35 aiogram.event        INFO     Update id=511759355 is handled. Duration 1 ms by bot id=8095621527
2025.04.22 08:21:36 aiogram.event        INFO     Update id=511759356 is handled. Duration 1 ms by bot id=8095621527
2025.04.22 08:21:45 aiogram.event        INFO     Update id=511759357 is handled. Duration 1 ms by bot id=8095621527
2025.04.22 08:21:52 aiogram.event        INFO     Update id=511759358 is handled. Duration 1 ms by bot id=8095621527
2025.04.22 08:22:02 aiogram.event        INFO     Update id=511759359 is handled. Duration 1 ms by bot id=8095621527
2025.04.22 08:22:05 aiogram.event        INFO     Update id=511759360 is handled. Duration 1 ms by bot id=8095621527
2025.04.22 08:22:18 aiogram.event        INFO     Update id=511759361 is handled. Duration 1 ms by bot id=8095621527
2025.04.22 08:22:24 aiogram.event        INFO     Update id=511759362 is handled. Duration 1 ms by bot id=8095621527
2025.04.22 08:22:30 aiogram.event        INFO     Update id=511759363 is handled. Duration 1 ms by bot id=8095621527
2025.04.22 08:22:33 aiogram.event        INFO     Update id=511759364 is handled. Duration 1 ms by bot id=8095621527
2025.04.22 08:22:35 aiogram.event        INFO     Update id=511759365 is handled. Duration 1 ms by bot id=8095621527
2025.04.22 08:22:49 aiogram.event        INFO     Update id=511759366 is handled. Duration 1 ms by bot id=8095621527
2025.04.22 08:22:55 aiogram.event        INFO     Update id=511759367 is handled. Duration 1 ms by bot id=8095621527
2025.04.22 08:22:58 aiogram.event        INFO     Update id=511759368 is handled. Duration 1 ms by bot id=8095621527
2025.04.22 08:22:59 aiogram.event        INFO     Update id=511759369 is handled. Duration 1 ms by bot id=8095621527
2025.04.22 08:23:10 aiogram.event        INFO     Update id=511759370 is handled. Duration 1 ms by bot id=8095621527
2025.04.22 08:23:12 aiogram.event        INFO     Update id=511759371 is handled. Duration 1 ms by bot id=8095621527
2025.04.22 08:23:12 aiogram.event        INFO     Update id=511759372 is handled. Duration 1 ms by bot id=8095621527
2025.04.22 08:23:13 aiogram.event        INFO     Update id=511759373 is handled. Duration 1 ms by bot id=8095621527
2025.04.22 08:23:17 aiogram.event        INFO     Update id=511759374 is handled. Duration 1 ms by bot id=8095621527
2025.04.22 08:23:34 aiogram.event        INFO     Update id=511759375 is handled. Duration 1 ms by bot id=8095621527
2025.04.22 08:23:43 aiogram.event        INFO     Update id=511759376 is handled. Duration 1 ms by bot id=8095621527
2025.04.22 08:24:11 aiogram.event        INFO     Update id=511759377 is handled. Duration 1 ms by bot id=8095621527
2025.04.22 08:24:30 aiogram.event        INFO     Update id=511759378 is handled. Duration 1 ms by bot id=8095621527
2025.04.22 08:24:42 aiogram.event        INFO     Update id=511759379 is handled. Duration 1 ms by bot id=8095621527
2025.04.22 08:24:50 aiogram.event        INFO     Update id=511759380 is not handled. Duration 1 ms by bot id=8095621527
2025.04.22 08:24:56 aiogram.event        INFO     Update id=511759381 is handled. Duration 1 ms by bot id=8095621527
2025.04.22 08:25:14 aiogram.event        INFO     Update id=511759382 is handled. Duration 1 ms by bot id=8095621527
2025.04.22 08:25:18 aiogram.event        INFO     Update id=511759383 is handled. Duration 1 ms by bot id=8095621527
2025.04.22 08:25:25 aiogram.event        INFO     Update id=511759384 is handled. Duration 1 ms by bot id=8095621527
2025.04.22 08:25:34 aiogram.event        INFO     Update id=511759385 is handled. Duration 1 ms by bot id=8095621527
2025.04.22 08:25:51 aiogram.event        INFO     Update id=511759386 is handled. Duration 1 ms by bot id=8095621527
2025.04.22 08:25:57 aiogram.event        INFO     Update id=511759387 is handled. Duration 1 ms by bot id=8095621527
2025.04.22 08:26:22 aiogram.event        INFO     Update id=511759388 is handled. Duration 1 ms by bot id=8095621527
2025.04.22 08:26:37 aiogram.event        INFO     Update id=511759389 is handled. Duration 1 ms by bot id=8095621527
2025.04.22 08:26:49 aiogram.event        INFO     Update id=511759390 is handled. Duration 1 ms by bot id=8095621527
2025.04.22 08:27:16 aiogram.event        INFO     Update id=511759391 is handled. Duration 1 ms by bot id=8095621527
2025.04.22 08:27:32 aiogram.event        INFO     Update id=511759392 is handled. Duration 1 ms by bot id=8095621527
2025.04.22 08:27:37 aiogram.event        INFO     Update id=511759393 is handled. Duration 1 ms by bot id=8095621527
2025.04.22 08:27:38 aiogram.event        INFO     Update id=511759394 is handled. Duration 1 ms by bot id=8095621527
2025.04.22 08:27:41 aiogram.event        INFO     Update id=511759395 is handled. Duration 1 ms by bot id=8095621527
2025.04.22 08:27:46 aiogram.event        INFO     Update id=511759396 is handled. Duration 1 ms by bot id=8095621527
2025.04.22 08:27:57 aiogram.event        INFO     Update id=511759397 is handled. Duration 1 ms by bot id=8095621527
2025.04.22 08:28:21 aiogram.event        INFO     Update id=511759398 is handled. Duration 1 ms by bot id=8095621527
2025.04.22 08:28:24 aiogram.event        INFO     Update id=511759399 is handled. Duration 1 ms by bot id=8095621527
2025.04.22 08:28:25 aiogram.event        INFO     Update id=511759400 is handled. Duration 1 ms by bot id=8095621527
2025.04.22 08:28:28 aiogram.event        INFO     Update id=511759401 is handled. Duration 1 ms by bot id=8095621527
2025.04.22 08:28:37 aiogram.event        INFO     Update id=511759402 is handled. Duration 1 ms by bot id=8095621527
2025.04.22 08:28:40 aiogram.event        INFO     Update id=511759403 is handled. Duration 1 ms by bot id=8095621527
2025.04.22 08:28:43 aiogram.event        INFO     Update id=511759404 is handled. Duration 1 ms by bot id=8095621527
2025.04.22 08:28:47 aiogram.event        INFO     Update id=511759405 is handled. Duration 1 ms by bot id=8095621527
2025.04.22 08:29:13 aiogram.event        INFO     Update id=511759406 is handled. Duration 1 ms by bot id=8095621527
2025.04.22 08:29:14 aiogram.event        INFO     Update id=511759407 is handled. Duration 1 ms by bot id=8095621527
2025.04.22 08:29:16 aiogram.event        INFO     Update id=511759408 is handled. Duration 1 ms by bot id=8095621527
2025.04.22 08:29:22 aiogram.event        INFO     Update id=511759409 is handled. Duration 1 ms by bot id=8095621527
2025.04.22 08:29:23 aiogram.event        INFO     Update id=511759410 is handled. Duration 1 ms by bot id=8095621527
2025.04.22 08:29:27 aiogram.event        INFO     Update id=511759411 is handled. Duration 1 ms by bot id=8095621527
2025.04.22 08:29:27 aiogram.event        INFO     Update id=511759413 is handled. Duration 2 ms by bot id=8095621527
2025.04.22 08:29:27 aiogram.event        INFO     Update id=511759412 is handled. Duration 2 ms by bot id=8095621527
2025.04.22 08:29:30 aiogram.event        INFO     Update id=511759414 is handled. Duration 1 ms by bot id=8095621527
2025.04.22 08:29:47 aiogram.event        INFO     Update id=511759415 is handled. Duration 1 ms by bot id=8095621527
2025.04.22 08:29:47 aiogram.event        INFO     Update id=511759416 is handled. Duration 1 ms by bot id=8095621527
2025.04.22 08:29:50 aiogram.event        INFO     Update id=511759417 is handled. Duration 1 ms by bot id=8095621527
2025.04.22 08:29:54 aiogram.event        INFO     Update id=511759418 is handled. Duration 1 ms by bot id=8095621527
2025.04.22 08:29:55 aiogram.event        INFO     Update id=511759419 is handled. Duration 1 ms by bot id=8095621527
2025.04.22 08:30:58 aiogram.event        INFO     Update id=511759420 is handled. Duration 1 ms by bot id=8095621527
2025.04.22 08:31:22 aiogram.event        INFO     Update id=511759421 is handled. Duration 1 ms by bot id=8095621527
2025.04.22 08:31:25 aiogram.event        INFO     Update id=511759422 is handled. Duration 1 ms by bot id=8095621527
2025.04.22 08:31:36 aiogram.event        INFO     Update id=511759423 is handled. Duration 1 ms by bot id=8095621527
2025.04.22 08:31:52 aiogram.event        INFO     Update id=511759424 is handled. Duration 1 ms by bot id=8095621527
2025.04.22 08:32:27 aiogram.event        INFO     Update id=511759425 is handled. Duration 1 ms by bot id=8095621527
2025.04.22 08:32:30 aiogram.event        INFO     Update id=511759426 is handled. Duration 1 ms by bot id=8095621527
2025.04.22 08:32:53 aiogram.event        INFO     Update id=511759427 is handled. Duration 1 ms by bot id=8095621527
2025.04.22 08:32:54 aiogram.event        INFO     Update id=511759428 is handled. Duration 1 ms by bot id=8095621527
2025.04.22 08:33:14 aiogram.event        INFO     Update id=511759429 is handled. Duration 1 ms by bot id=8095621527
2025.04.22 08:33:22 aiogram.event        INFO     Update id=511759430 is handled. Duration 1 ms by bot id=8095621527
2025.04.22 08:33:48 aiogram.event        INFO     Update id=511759431 is handled. Duration 1 ms by bot id=8095621527
2025.04.22 08:34:22 aiogram.event        INFO     Update id=511759432 is handled. Duration 1 ms by bot id=8095621527
2025.04.22 08:35:00 aiogram.event        INFO     Update id=511759433 is handled. Duration 1 ms by bot id=8095621527
2025.04.22 08:35:05 aiogram.event        INFO     Update id=511759434 is handled. Duration 1 ms by bot id=8095621527
2025.04.22 08:36:19 aiogram.event        INFO     Update id=511759435 is handled. Duration 1 ms by bot id=8095621527
2025.04.22 08:36:29 aiogram.event        INFO     Update id=511759436 is handled. Duration 1 ms by bot id=8095621527
2025.04.22 08:37:32 aiogram.event        INFO     Update id=511759437 is handled. Duration 1 ms by bot id=8095621527
2025.04.22 08:37:48 aiogram.event        INFO     Update id=511759438 is handled. Duration 1 ms by bot id=8095621527
2025.04.22 08:37:54 aiogram.event        INFO     Update id=511759439 is handled. Duration 1 ms by bot id=8095621527
2025.04.22 08:38:33 aiogram.event        INFO     Update id=511759440 is handled. Duration 1 ms by bot id=8095621527
2025.04.22 08:39:08 aiogram.event        INFO     Update id=511759441 is handled. Duration 1 ms by bot id=8095621527
2025.04.22 08:39:09 aiogram.event        INFO     Update id=511759442 is handled. Duration 1 ms by bot id=8095621527
2025.04.22 08:39:11 aiogram.event        INFO     Update id=511759443 is handled. Duration 1 ms by bot id=8095621527
2025.04.22 08:42:57 aiogram.event        INFO     Update id=511759444 is handled. Duration 1 ms by bot id=8095621527
2025.04.22 08:43:40 aiogram.event        INFO     Update id=511759445 is handled. Duration 1 ms by bot id=8095621527
2025.04.22 08:44:47 aiogram.event        INFO     Update id=511759446 is handled. Duration 1 ms by bot id=8095621527
2025.04.22 08:45:25 aiogram.event        INFO     Update id=511759447 is not handled. Duration 1 ms by bot id=8095621527
2025.04.22 08:46:03 aiogram.event        INFO     Update id=511759448 is handled. Duration 1 ms by bot id=8095621527
2025.04.22 08:46:20 aiogram.event        INFO     Update id=511759449 is handled. Duration 1 ms by bot id=8095621527
2025.04.22 08:46:55 aiogram.event        INFO     Update id=511759450 is handled. Duration 1 ms by bot id=8095621527
2025.04.22 08:47:14 aiogram.event        INFO     Update id=511759451 is handled. Duration 1 ms by bot id=8095621527
2025.04.22 08:48:13 aiogram.event        INFO     Update id=511759452 is handled. Duration 1 ms by bot id=8095621527
2025.04.22 08:48:37 aiogram.event        INFO     Update id=511759453 is handled. Duration 1 ms by bot id=8095621527
2025.04.22 08:48:43 aiogram.event        INFO     Update id=511759454 is handled. Duration 1 ms by bot id=8095621527
2025.04.22 08:49:03 aiogram.event        INFO     Update id=511759455 is handled. Duration 1 ms by bot id=8095621527
2025.04.22 08:49:03 aiogram.event        INFO     Update id=511759456 is handled. Duration 1 ms by bot id=8095621527
2025.04.22 08:49:11 aiogram.event        INFO     Update id=511759457 is handled. Duration 1 ms by bot id=8095621527
2025.04.22 08:49:47 aiogram.event        INFO     Update id=511759458 is not handled. Duration 1 ms by bot id=8095621527
2025.04.22 08:50:18 aiogram.event        INFO     Update id=511759459 is handled. Duration 1 ms by bot id=8095621527
2025.04.22 08:52:28 aiogram.event        INFO     Update id=511759460 is handled. Duration 1 ms by bot id=8095621527
2025.04.22 08:53:41 aiogram.event        INFO     Update id=511759461 is handled. Duration 1 ms by bot id=8095621527
2025.04.22 08:57:45 aiogram.event        INFO     Update id=511759462 is handled. Duration 2 ms by bot id=8095621527
2025.04.22 08:57:45 aiogram.event        INFO     Update id=511759463 is handled. Duration 2 ms by bot id=8095621527
2025.04.22 08:57:53 aiogram.event        INFO     Update id=511759464 is handled. Duration 2 ms by bot id=8095621527
2025.04.22 08:57:53 aiogram.event        INFO     Update id=511759465 is handled. Duration 2 ms by bot id=8095621527
2025.04.22 08:59:04 aiogram.event        INFO     Update id=511759466 is handled. Duration 1 ms by bot id=8095621527
2025.04.22 08:59:11 aiogram.event        INFO     Update id=511759467 is handled. Duration 1 ms by bot id=8095621527
2025.04.22 08:59:43 aiogram.event        INFO     Update id=511759468 is handled. Duration 1 ms by bot id=8095621527
2025.04.22 09:00:11 aiogram.event        INFO     Update id=511759469 is handled. Duration 1 ms by bot id=8095621527
2025.04.22 09:00:27 aiogram.event        INFO     Update id=511759470 is handled. Duration 1 ms by bot id=8095621527
2025.04.22 09:00:31 aiogram.event        INFO     Update id=511759471 is handled. Duration 1 ms by bot id=8095621527
2025.04.22 09:01:34 aiogram.event        INFO     Update id=511759472 is handled. Duration 1 ms by bot id=8095621527
2025.04.22 09:01:49 aiogram.event        INFO     Update id=511759473 is handled. Duration 1 ms by bot id=8095621527
2025.04.22 09:02:46 aiogram.event        INFO     Update id=511759474 is handled. Duration 1 ms by bot id=8095621527
2025.04.22 09:04:00 aiogram.event        INFO     Update id=511759475 is handled. Duration 1 ms by bot id=8095621527
2025.04.22 09:04:07 aiogram.event        INFO     Update id=511759476 is handled. Duration 1 ms by bot id=8095621527
2025.04.22 09:05:21 aiogram.event        INFO     Update id=511759477 is handled. Duration 1 ms by bot id=8095621527
2025.04.22 09:06:16 aiogram.event        INFO     Update id=511759478 is handled. Duration 1 ms by bot id=8095621527
2025.04.22 09:08:50 aiogram.event        INFO     Update id=511759479 is handled. Duration 1 ms by bot id=8095621527
2025.04.22 09:09:43 aiogram.event        INFO     Update id=511759480 is handled. Duration 1 ms by bot id=8095621527
2025.04.22 09:10:18 aiogram.event        INFO     Update id=511759481 is handled. Duration 1 ms by bot id=8095621527
2025.04.22 09:10:21 aiogram.event        INFO     Update id=511759482 is handled. Duration 1 ms by bot id=8095621527
2025.04.22 09:10:58 aiogram.event        INFO     Update id=511759483 is handled. Duration 1 ms by bot id=8095621527
2025.04.22 09:11:27 aiogram.event        INFO     Update id=511759484 is handled. Duration 1 ms by bot id=8095621527
2025.04.22 09:11:54 aiogram.event        INFO     Update id=511759485 is handled. Duration 1 ms by bot id=8095621527
2025.04.22 09:12:05 aiogram.event        INFO     Update id=511759486 is handled. Duration 1 ms by bot id=8095621527
2025.04.22 09:12:19 aiogram.event        INFO     Update id=511759487 is handled. Duration 2 ms by bot id=8095621527
2025.04.22 09:12:51 aiogram.event        INFO     Update id=511759488 is handled. Duration 2 ms by bot id=8095621527
2025.04.22 09:13:40 aiogram.event        INFO     Update id=511759489 is handled. Duration 1 ms by bot id=8095621527
2025.04.22 09:13:49 aiogram.event        INFO     Update id=511759490 is handled. Duration 1 ms by bot id=8095621527
2025.04.22 09:14:03 aiogram.event        INFO     Update id=511759491 is handled. Duration 1 ms by bot id=8095621527
2025.04.22 09:14:12 aiogram.event        INFO     Update id=511759492 is handled. Duration 1 ms by bot id=8095621527
2025.04.22 09:14:22 aiogram.event        INFO     Update id=511759493 is handled. Duration 1 ms by bot id=8095621527
2025.04.22 09:14:27 aiogram.event        INFO     Update id=511759494 is handled. Duration 1 ms by bot id=8095621527
2025.04.22 09:14:29 aiogram.event        INFO     Update id=511759495 is not handled. Duration 1 ms by bot id=8095621527
2025.04.22 09:14:45 aiogram.event        INFO     Update id=511759496 is handled. Duration 1 ms by bot id=8095621527
2025.04.22 09:15:00 aiogram.event        INFO     Update id=511759497 is handled. Duration 1 ms by bot id=8095621527
2025.04.22 09:15:07 aiogram.event        INFO     Update id=511759498 is handled. Duration 1 ms by bot id=8095621527
2025.04.22 09:15:22 aiogram.event        INFO     Update id=511759499 is handled. Duration 1 ms by bot id=8095621527
2025.04.22 09:15:40 aiogram.event        INFO     Update id=511759500 is handled. Duration 1 ms by bot id=8095621527
2025.04.22 09:15:42 aiogram.event        INFO     Update id=511759501 is handled. Duration 1 ms by bot id=8095621527
2025.04.22 09:16:01 aiogram.event        INFO     Update id=511759502 is handled. Duration 2 ms by bot id=8095621527
2025.04.22 09:16:29 aiogram.event        INFO     Update id=511759503 is handled. Duration 1 ms by bot id=8095621527
2025.04.22 09:16:36 aiogram.event        INFO     Update id=511759504 is handled. Duration 1 ms by bot id=8095621527
2025.04.22 09:16:36 aiogram.event        INFO     Update id=511759505 is handled. Duration 1 ms by bot id=8095621527
2025.04.22 09:16:48 aiogram.event        INFO     Update id=511759506 is handled. Duration 1 ms by bot id=8095621527
2025.04.22 09:16:52 aiogram.event        INFO     Update id=511759507 is handled. Duration 1 ms by bot id=8095621527
2025.04.22 09:16:54 aiogram.event        INFO     Update id=511759508 is handled. Duration 1 ms by bot id=8095621527
2025.04.22 09:16:57 aiogram.event        INFO     Update id=511759509 is handled. Duration 1 ms by bot id=8095621527
2025.04.22 09:17:01 aiogram.event        INFO     Update id=511759510 is handled. Duration 1 ms by bot id=8095621527
2025.04.22 09:17:03 aiogram.event        INFO     Update id=511759511 is handled. Duration 1 ms by bot id=8095621527
2025.04.22 09:17:15 aiogram.event        INFO     Update id=511759512 is handled. Duration 1 ms by bot id=8095621527
2025.04.22 09:17:34 aiogram.event        INFO     Update id=511759513 is handled. Duration 1 ms by bot id=8095621527
2025.04.22 09:17:42 aiogram.event        INFO     Update id=511759514 is handled. Duration 1 ms by bot id=8095621527
2025.04.22 09:17:47 aiogram.event        INFO     Update id=511759515 is handled. Duration 1 ms by bot id=8095621527
2025.04.22 09:17:56 aiogram.event        INFO     Update id=511759516 is handled. Duration 1 ms by bot id=8095621527
2025.04.22 09:17:56 aiogram.event        INFO     Update id=511759517 is handled. Duration 1 ms by bot id=8095621527
2025.04.22 09:18:02 aiogram.event        INFO     Update id=511759518 is handled. Duration 1 ms by bot id=8095621527
2025.04.22 09:18:49 aiogram.event        INFO     Update id=511759519 is handled. Duration 1 ms by bot id=8095621527
2025.04.22 09:19:02 aiogram.event        INFO     Update id=511759520 is handled. Duration 1 ms by bot id=8095621527
2025.04.22 09:19:04 aiogram.event        INFO     Update id=511759521 is handled. Duration 1 ms by bot id=8095621527
2025.04.22 09:19:13 aiogram.event        INFO     Update id=511759522 is handled. Duration 1 ms by bot id=8095621527
2025.04.22 09:21:52 aiogram.event        INFO     Update id=511759523 is handled. Duration 1 ms by bot id=8095621527
2025.04.22 09:22:06 aiogram.event        INFO     Update id=511759524 is handled. Duration 1 ms by bot id=8095621527
2025.04.22 09:22:11 aiogram.event        INFO     Update id=511759525 is handled. Duration 1 ms by bot id=8095621527
2025.04.22 09:22:25 aiogram.event        INFO     Update id=511759526 is handled. Duration 1 ms by bot id=8095621527
2025.04.22 09:22:32 aiogram.event        INFO     Update id=511759527 is handled. Duration 1 ms by bot id=8095621527
2025.04.22 09:22:33 aiogram.event        INFO     Update id=511759528 is handled. Duration 1 ms by bot id=8095621527
2025.04.22 09:26:05 aiogram.event        INFO     Update id=511759529 is handled. Duration 1 ms by bot id=8095621527
2025.04.22 09:26:26 aiogram.event        INFO     Update id=511759530 is not handled. Duration 1 ms by bot id=8095621527
2025.04.22 09:28:07 aiogram.event        INFO     Update id=511759531 is handled. Duration 1 ms by bot id=8095621527
2025.04.22 09:28:20 aiogram.event        INFO     Update id=511759532 is not handled. Duration 0 ms by bot id=8095621527
2025.04.22 09:28:28 aiogram.event        INFO     Update id=511759533 is handled. Duration 2 ms by bot id=8095621527
2025.04.22 09:28:28 aiogram.event        INFO     Update id=511759534 is handled. Duration 2 ms by bot id=8095621527
2025.04.22 09:28:33 aiogram.event        INFO     Update id=511759535 is handled. Duration 1 ms by bot id=8095621527
2025.04.22 09:28:45 aiogram.event        INFO     Update id=511759536 is handled. Duration 1 ms by bot id=8095621527
2025.04.22 09:29:09 aiogram.event        INFO     Update id=511759537 is handled. Duration 1 ms by bot id=8095621527
2025.04.22 09:29:14 aiogram.event        INFO     Update id=511759538 is handled. Duration 1 ms by bot id=8095621527
2025.04.22 09:29:17 aiogram.event        INFO     Update id=511759539 is handled. Duration 1 ms by bot id=8095621527
2025.04.22 09:29:35 aiogram.event        INFO     Update id=511759540 is handled. Duration 1 ms by bot id=8095621527
2025.04.22 09:29:41 aiogram.event        INFO     Update id=511759541 is handled. Duration 1 ms by bot id=8095621527
2025.04.22 09:29:51 aiogram.event        INFO     Update id=511759542 is handled. Duration 1 ms by bot id=8095621527
2025.04.22 09:29:55 aiogram.event        INFO     Update id=511759543 is handled. Duration 1 ms by bot id=8095621527
2025.04.22 09:29:58 aiogram.event        INFO     Update id=511759544 is handled. Duration 1 ms by bot id=8095621527
2025.04.22 09:30:04 aiogram.event        INFO     Update id=511759545 is handled. Duration 1 ms by bot id=8095621527
2025.04.22 09:30:07 aiogram.event        INFO     Update id=511759546 is handled. Duration 1 ms by bot id=8095621527
2025.04.22 09:30:07 aiogram.event        INFO     Update id=511759547 is handled. Duration 1 ms by bot id=8095621527
2025.04.22 09:30:10 aiogram.event        INFO     Update id=511759548 is handled. Duration 1 ms by bot id=8095621527
2025.04.22 09:30:12 aiogram.event        INFO     Update id=511759549 is handled. Duration 1 ms by bot id=8095621527
2025.04.22 09:30:13 aiogram.event        INFO     Update id=511759550 is handled. Duration 1 ms by bot id=8095621527
2025.04.22 09:30:13 aiogram.event        INFO     Update id=511759551 is handled. Duration 1 ms by bot id=8095621527
2025.04.22 09:30:20 aiogram.event        INFO     Update id=511759552 is handled. Duration 1 ms by bot id=8095621527
2025.04.22 09:30:20 aiogram.event        INFO     Update id=511759553 is handled. Duration 1 ms by bot id=8095621527
2025.04.22 09:30:23 aiogram.event        INFO     Update id=511759554 is handled. Duration 1 ms by bot id=8095621527
2025.04.22 09:30:33 aiogram.event        INFO     Update id=511759555 is handled. Duration 1 ms by bot id=8095621527
2025.04.22 09:30:35 aiogram.event        INFO     Update id=511759556 is handled. Duration 1 ms by bot id=8095621527
2025.04.22 09:30:40 aiogram.event        INFO     Update id=511759557 is handled. Duration 1 ms by bot id=8095621527
2025.04.22 09:30:42 aiogram.event        INFO     Update id=511759558 is handled. Duration 1 ms by bot id=8095621527
2025.04.22 09:30:50 aiogram.event        INFO     Update id=511759559 is handled. Duration 1 ms by bot id=8095621527
2025.04.22 09:31:50 aiogram.event        INFO     Update id=511759560 is handled. Duration 1 ms by bot id=8095621527
2025.04.22 09:32:49 aiogram.event        INFO     Update id=511759561 is handled. Duration 1 ms by bot id=8095621527
2025.04.22 09:34:32 aiogram.event        INFO     Update id=511759562 is handled. Duration 1 ms by bot id=8095621527
2025.04.22 09:34:50 aiogram.event        INFO     Update id=511759563 is handled. Duration 1 ms by bot id=8095621527
2025.04.22 09:34:51 aiogram.event        INFO     Update id=511759564 is handled. Duration 1 ms by bot id=8095621527
2025.04.22 09:34:57 aiogram.event        INFO     Update id=511759565 is handled. Duration 1 ms by bot id=8095621527
2025.04.22 09:35:51 aiogram.event        INFO     Update id=511759566 is handled. Duration 1 ms by bot id=8095621527
2025.04.22 09:35:54 aiogram.event        INFO     Update id=511759567 is handled. Duration 1 ms by bot id=8095621527
2025.04.22 09:37:36 aiogram.event        INFO     Update id=511759568 is handled. Duration 1 ms by bot id=8095621527
2025.04.22 09:37:38 aiogram.event        INFO     Update id=511759569 is handled. Duration 1 ms by bot id=8095621527
2025.04.22 09:37:52 aiogram.event        INFO     Update id=511759570 is handled. Duration 1 ms by bot id=8095621527
2025.04.22 09:37:54 aiogram.event        INFO     Update id=511759571 is handled. Duration 1 ms by bot id=8095621527
2025.04.22 09:38:42 aiogram.event        INFO     Update id=511759572 is handled. Duration 1 ms by bot id=8095621527
2025.04.22 09:38:58 aiogram.event        INFO     Update id=511759573 is handled. Duration 1 ms by bot id=8095621527
2025.04.22 09:41:32 aiogram.event        INFO     Update id=511759574 is handled. Duration 1 ms by bot id=8095621527
2025.04.22 09:41:34 aiogram.event        INFO     Update id=511759575 is handled. Duration 1 ms by bot id=8095621527
2025.04.22 09:45:45 aiogram.event        INFO     Update id=511759576 is handled. Duration 1 ms by bot id=8095621527
2025.04.22 09:46:42 aiogram.event        INFO     Update id=511759577 is handled. Duration 1 ms by bot id=8095621527
2025.04.22 09:47:00 aiogram.event        INFO     Update id=511759578 is handled. Duration 1 ms by bot id=8095621527
2025.04.22 09:48:01 aiogram.event        INFO     Update id=511759579 is handled. Duration 1 ms by bot id=8095621527
2025.04.22 09:48:06 aiogram.event        INFO     Update id=511759580 is handled. Duration 1 ms by bot id=8095621527
2025.04.22 09:48:13 aiogram.event        INFO     Update id=511759581 is handled. Duration 1 ms by bot id=8095621527
2025.04.22 09:48:29 aiogram.event        INFO     Update id=511759584 is handled. Duration 2 ms by bot id=8095621527
2025.04.22 09:48:29 aiogram.event        INFO     Update id=511759582 is handled. Duration 2 ms by bot id=8095621527
2025.04.22 09:48:29 aiogram.event        INFO     Update id=511759583 is handled. Duration 2 ms by bot id=8095621527
2025.04.22 09:49:38 aiogram.event        INFO     Update id=511759587 is handled. Duration 2 ms by bot id=8095621527
2025.04.22 09:49:38 aiogram.event        INFO     Update id=511759585 is handled. Duration 3 ms by bot id=8095621527
2025.04.22 09:49:38 aiogram.event        INFO     Update id=511759586 is handled. Duration 3 ms by bot id=8095621527
2025.04.22 09:50:48 aiogram.event        INFO     Update id=511759588 is handled. Duration 2 ms by bot id=8095621527
2025.04.22 09:50:48 aiogram.event        INFO     Update id=511759589 is handled. Duration 2 ms by bot id=8095621527
2025.04.22 09:50:55 aiogram.event        INFO     Update id=511759590 is handled. Duration 2 ms by bot id=8095621527
2025.04.22 09:50:55 aiogram.event        INFO     Update id=511759591 is handled. Duration 2 ms by bot id=8095621527
2025.04.22 09:52:15 aiogram.event        INFO     Update id=511759601 is handled. Duration 5 ms by bot id=8095621527
2025.04.22 09:52:15 aiogram.event        INFO     Update id=511759592 is handled. Duration 6 ms by bot id=8095621527
2025.04.22 09:52:15 aiogram.event        INFO     Update id=511759593 is handled. Duration 6 ms by bot id=8095621527
2025.04.22 09:52:15 aiogram.event        INFO     Update id=511759594 is handled. Duration 6 ms by bot id=8095621527
2025.04.22 09:52:15 aiogram.event        INFO     Update id=511759595 is handled. Duration 7 ms by bot id=8095621527
2025.04.22 09:52:15 aiogram.event        INFO     Update id=511759596 is handled. Duration 7 ms by bot id=8095621527
2025.04.22 09:52:15 aiogram.event        INFO     Update id=511759597 is handled. Duration 7 ms by bot id=8095621527
2025.04.22 09:52:15 aiogram.event        INFO     Update id=511759598 is handled. Duration 7 ms by bot id=8095621527
2025.04.22 09:52:15 aiogram.event        INFO     Update id=511759599 is handled. Duration 7 ms by bot id=8095621527
2025.04.22 09:52:15 aiogram.event        INFO     Update id=511759600 is handled. Duration 7 ms by bot id=8095621527
2025.04.22 09:53:06 aiogram.event        INFO     Update id=511759611 is handled. Duration 4 ms by bot id=8095621527
2025.04.22 09:53:06 aiogram.event        INFO     Update id=511759602 is handled. Duration 6 ms by bot id=8095621527
2025.04.22 09:53:06 aiogram.event        INFO     Update id=511759603 is handled. Duration 6 ms by bot id=8095621527
2025.04.22 09:53:06 aiogram.event        INFO     Update id=511759604 is handled. Duration 6 ms by bot id=8095621527
2025.04.22 09:53:06 aiogram.event        INFO     Update id=511759605 is handled. Duration 6 ms by bot id=8095621527
2025.04.22 09:53:06 aiogram.event        INFO     Update id=511759606 is handled. Duration 6 ms by bot id=8095621527
2025.04.22 09:53:06 aiogram.event        INFO     Update id=511759607 is handled. Duration 6 ms by bot id=8095621527
2025.04.22 09:53:06 aiogram.event        INFO     Update id=511759608 is handled. Duration 6 ms by bot id=8095621527
2025.04.22 09:53:06 aiogram.event        INFO     Update id=511759609 is handled. Duration 7 ms by bot id=8095621527
2025.04.22 09:53:06 aiogram.event        INFO     Update id=511759610 is handled. Duration 7 ms by bot id=8095621527
2025.04.22 09:54:44 aiogram.event        INFO     Update id=511759612 is handled. Duration 1 ms by bot id=8095621527
2025.04.22 09:59:04 aiogram.event        INFO     Update id=511759613 is handled. Duration 1 ms by bot id=8095621527
2025.04.22 10:01:47 aiogram.event        INFO     Update id=511759614 is handled. Duration 1 ms by bot id=8095621527
2025.04.22 10:01:47 aiogram.event        INFO     Update id=511759615 is handled. Duration 1 ms by bot id=8095621527
2025.04.22 10:06:34 aiogram.event        INFO     Update id=511759616 is handled. Duration 1 ms by bot id=8095621527
2025.04.22 10:07:18 aiogram.event        INFO     Update id=511759617 is handled. Duration 1 ms by bot id=8095621527
2025.04.22 10:07:29 aiogram.event        INFO     Update id=511759618 is handled. Duration 1 ms by bot id=8095621527
2025.04.22 10:07:34 aiogram.event        INFO     Update id=511759619 is handled. Duration 1 ms by bot id=8095621527
2025.04.22 10:07:40 aiogram.event        INFO     Update id=511759620 is handled. Duration 1 ms by bot id=8095621527
2025.04.22 10:07:59 aiogram.event        INFO     Update id=511759621 is handled. Duration 1 ms by bot id=8095621527
2025.04.22 10:08:02 aiogram.event        INFO     Update id=511759622 is handled. Duration 1 ms by bot id=8095621527
2025.04.22 10:08:04 aiogram.event        INFO     Update id=511759623 is handled. Duration 1 ms by bot id=8095621527
2025.04.22 10:08:13 aiogram.event        INFO     Update id=511759624 is handled. Duration 1 ms by bot id=8095621527
2025.04.22 10:08:26 aiogram.event        INFO     Update id=511759625 is handled. Duration 1 ms by bot id=8095621527
2025.04.22 10:08:28 aiogram.event        INFO     Update id=511759626 is handled. Duration 1 ms by bot id=8095621527
2025.04.22 10:08:44 aiogram.event        INFO     Update id=511759627 is handled. Duration 1 ms by bot id=8095621527
2025.04.22 10:08:52 aiogram.event        INFO     Update id=511759628 is handled. Duration 1 ms by bot id=8095621527
2025.04.22 10:08:58 aiogram.event        INFO     Update id=511759629 is handled. Duration 1 ms by bot id=8095621527
2025.04.22 10:09:00 aiogram.event        INFO     Update id=511759630 is handled. Duration 1 ms by bot id=8095621527
2025.04.22 10:09:05 aiogram.event        INFO     Update id=511759631 is handled. Duration 1 ms by bot id=8095621527
2025.04.22 10:09:06 aiogram.event        INFO     Update id=511759632 is handled. Duration 1 ms by bot id=8095621527
2025.04.22 10:09:13 aiogram.event        INFO     Update id=511759633 is handled. Duration 1 ms by bot id=8095621527
2025.04.22 10:09:14 aiogram.event        INFO     Update id=511759634 is handled. Duration 1 ms by bot id=8095621527
2025.04.22 10:09:16 aiogram.event        INFO     Update id=511759635 is handled. Duration 1 ms by bot id=8095621527
2025.04.22 10:09:25 aiogram.event        INFO     Update id=511759636 is handled. Duration 1 ms by bot id=8095621527
2025.04.22 10:09:36 aiogram.event        INFO     Update id=511759637 is handled. Duration 1 ms by bot id=8095621527
2025.04.22 10:09:42 aiogram.event        INFO     Update id=511759638 is handled. Duration 1 ms by bot id=8095621527
2025.04.22 10:10:08 aiogram.event        INFO     Update id=511759639 is handled. Duration 1 ms by bot id=8095621527
2025.04.22 10:10:09 aiogram.event        INFO     Update id=511759640 is handled. Duration 1 ms by bot id=8095621527
2025.04.22 10:10:09 aiogram.event        INFO     Update id=511759641 is not handled. Duration 0 ms by bot id=8095621527
2025.04.22 10:10:22 aiogram.event        INFO     Update id=511759642 is handled. Duration 1 ms by bot id=8095621527
2025.04.22 10:10:40 aiogram.event        INFO     Update id=511759643 is handled. Duration 1 ms by bot id=8095621527
2025.04.22 10:10:43 aiogram.event        INFO     Update id=511759644 is handled. Duration 1 ms by bot id=8095621527
2025.04.22 10:10:48 aiogram.event        INFO     Update id=511759645 is handled. Duration 1 ms by bot id=8095621527
2025.04.22 10:10:52 aiogram.event        INFO     Update id=511759646 is handled. Duration 1 ms by bot id=8095621527
2025.04.22 10:10:58 aiogram.event        INFO     Update id=511759647 is handled. Duration 1 ms by bot id=8095621527
2025.04.22 10:10:59 aiogram.event        INFO     Update id=511759648 is handled. Duration 1 ms by bot id=8095621527
2025.04.22 10:11:13 aiogram.event        INFO     Update id=511759649 is handled. Duration 1 ms by bot id=8095621527
2025.04.22 10:11:44 aiogram.event        INFO     Update id=511759650 is handled. Duration 1 ms by bot id=8095621527
2025.04.22 10:12:18 aiogram.event        INFO     Update id=511759651 is handled. Duration 1 ms by bot id=8095621527
2025.04.22 10:12:20 aiogram.event        INFO     Update id=511759652 is handled. Duration 1 ms by bot id=8095621527
2025.04.22 10:12:29 aiogram.event        INFO     Update id=511759653 is handled. Duration 1 ms by bot id=8095621527
2025.04.22 10:12:32 aiogram.event        INFO     Update id=511759654 is handled. Duration 1 ms by bot id=8095621527
2025.04.22 10:12:33 aiogram.event        INFO     Update id=511759655 is handled. Duration 1 ms by bot id=8095621527
2025.04.22 10:12:34 aiogram.event        INFO     Update id=511759656 is handled. Duration 1 ms by bot id=8095621527
2025.04.22 10:12:52 aiogram.event        INFO     Update id=511759657 is handled. Duration 1 ms by bot id=8095621527
2025.04.22 10:13:21 aiogram.event        INFO     Update id=511759658 is handled. Duration 1 ms by bot id=8095621527
2025.04.22 10:13:29 aiogram.event        INFO     Update id=511759659 is handled. Duration 1 ms by bot id=8095621527
2025.04.22 10:13:35 aiogram.event        INFO     Update id=511759660 is handled. Duration 1 ms by bot id=8095621527
2025.04.22 10:13:39 aiogram.event        INFO     Update id=511759661 is handled. Duration 1 ms by bot id=8095621527
2025.04.22 10:13:42 aiogram.event        INFO     Update id=511759662 is handled. Duration 1 ms by bot id=8095621527
2025.04.22 10:13:58 aiogram.event        INFO     Update id=511759663 is handled. Duration 1 ms by bot id=8095621527
2025.04.22 10:17:56 aiogram.event        INFO     Update id=511759664 is not handled. Duration 0 ms by bot id=8095621527
2025.04.22 10:20:15 aiogram.event        INFO     Update id=511759665 is handled. Duration 1 ms by bot id=8095621527
2025.04.22 10:20:22 aiogram.event        INFO     Update id=511759666 is handled. Duration 1 ms by bot id=8095621527
2025.04.22 10:20:24 aiogram.event        INFO     Update id=511759667 is handled. Duration 1 ms by bot id=8095621527
2025.04.22 10:20:33 aiogram.event        INFO     Update id=511759668 is handled. Duration 1 ms by bot id=8095621527
2025.04.22 10:20:35 aiogram.event        INFO     Update id=511759669 is handled. Duration 1 ms by bot id=8095621527
2025.04.22 10:20:48 aiogram.event        INFO     Update id=511759670 is handled. Duration 1 ms by bot id=8095621527
2025.04.22 10:20:58 aiogram.event        INFO     Update id=511759671 is handled. Duration 1 ms by bot id=8095621527
2025.04.22 10:21:11 aiogram.event        INFO     Update id=511759672 is handled. Duration 1 ms by bot id=8095621527
2025.04.22 10:21:49 aiogram.event        INFO     Update id=511759673 is handled. Duration 1 ms by bot id=8095621527
2025.04.22 10:21:55 aiogram.event        INFO     Update id=511759674 is handled. Duration 1 ms by bot id=8095621527
2025.04.22 10:22:05 aiogram.event        INFO     Update id=511759675 is handled. Duration 1 ms by bot id=8095621527
2025.04.22 10:22:41 aiogram.event        INFO     Update id=511759676 is handled. Duration 1 ms by bot id=8095621527
2025.04.22 10:25:54 aiogram.event        INFO     Update id=511759677 is handled. Duration 1 ms by bot id=8095621527
2025.04.22 10:26:18 aiogram.event        INFO     Update id=511759678 is handled. Duration 1 ms by bot id=8095621527
2025.04.22 10:26:56 aiogram.event        INFO     Update id=511759679 is handled. Duration 1 ms by bot id=8095621527
2025.04.22 10:27:10 aiogram.event        INFO     Update id=511759680 is handled. Duration 1 ms by bot id=8095621527
2025.04.22 10:27:19 aiogram.event        INFO     Update id=511759681 is handled. Duration 1 ms by bot id=8095621527
2025.04.22 10:27:22 aiogram.event        INFO     Update id=511759682 is handled. Duration 1 ms by bot id=8095621527
2025.04.22 10:27:58 aiogram.event        INFO     Update id=511759683 is handled. Duration 1 ms by bot id=8095621527
2025.04.22 10:28:02 aiogram.event        INFO     Update id=511759684 is handled. Duration 10 ms by bot id=8095621527
2025.04.22 10:28:18 aiogram.event        INFO     Update id=511759685 is handled. Duration 1 ms by bot id=8095621527
2025.04.22 10:28:26 aiogram.event        INFO     Update id=511759686 is handled. Duration 1 ms by bot id=8095621527
2025.04.22 10:28:35 aiogram.event        INFO     Update id=511759687 is handled. Duration 1 ms by bot id=8095621527
2025.04.22 10:28:39 aiogram.event        INFO     Update id=511759688 is handled. Duration 1 ms by bot id=8095621527
2025.04.22 10:28:46 aiogram.event        INFO     Update id=511759689 is handled. Duration 1 ms by bot id=8095621527
2025.04.22 10:28:48 aiogram.event        INFO     Update id=511759690 is handled. Duration 1 ms by bot id=8095621527
2025.04.22 10:28:51 aiogram.event        INFO     Update id=511759691 is handled. Duration 1 ms by bot id=8095621527
2025.04.22 10:29:02 aiogram.event        INFO     Update id=511759692 is handled. Duration 1 ms by bot id=8095621527
2025.04.22 10:29:18 aiogram.event        INFO     Update id=511759693 is handled. Duration 1 ms by bot id=8095621527
2025.04.22 10:29:40 aiogram.event        INFO     Update id=511759694 is handled. Duration 1 ms by bot id=8095621527
2025.04.22 10:29:44 aiogram.event        INFO     Update id=511759695 is handled. Duration 1 ms by bot id=8095621527
2025.04.22 10:30:05 aiogram.event        INFO     Update id=511759696 is handled. Duration 1 ms by bot id=8095621527
2025.04.22 10:30:10 aiogram.event        INFO     Update id=511759697 is handled. Duration 1 ms by bot id=8095621527
2025.04.22 10:30:13 aiogram.event        INFO     Update id=511759698 is handled. Duration 1 ms by bot id=8095621527
2025.04.22 10:30:32 aiogram.event        INFO     Update id=511759699 is handled. Duration 1 ms by bot id=8095621527
2025.04.22 10:30:35 aiogram.event        INFO     Update id=511759700 is handled. Duration 1 ms by bot id=8095621527
2025.04.22 10:30:38 aiogram.event        INFO     Update id=511759701 is handled. Duration 1 ms by bot id=8095621527
2025.04.22 10:30:40 aiogram.event        INFO     Update id=511759702 is handled. Duration 1 ms by bot id=8095621527
2025.04.22 10:30:53 aiogram.event        INFO     Update id=511759703 is handled. Duration 1 ms by bot id=8095621527
2025.04.22 10:30:54 aiogram.event        INFO     Update id=511759704 is handled. Duration 2 ms by bot id=8095621527
2025.04.22 10:31:05 aiogram.event        INFO     Update id=511759705 is handled. Duration 1 ms by bot id=8095621527
2025.04.22 10:31:06 aiogram.event        INFO     Update id=511759706 is handled. Duration 1 ms by bot id=8095621527
2025.04.22 10:31:12 aiogram.event        INFO     Update id=511759707 is handled. Duration 1 ms by bot id=8095621527
2025.04.22 10:31:12 aiogram.event        INFO     Update id=511759708 is handled. Duration 1 ms by bot id=8095621527
2025.04.22 10:31:22 aiogram.event        INFO     Update id=511759709 is handled. Duration 1 ms by bot id=8095621527
2025.04.22 10:31:27 aiogram.event        INFO     Update id=511759710 is handled. Duration 1 ms by bot id=8095621527
2025.04.22 10:31:29 aiogram.event        INFO     Update id=511759711 is handled. Duration 1 ms by bot id=8095621527
2025.04.22 10:31:44 aiogram.event        INFO     Update id=511759712 is handled. Duration 1 ms by bot id=8095621527
2025.04.22 10:31:53 aiogram.event        INFO     Update id=511759713 is handled. Duration 1 ms by bot id=8095621527
2025.04.22 10:32:27 aiogram.event        INFO     Update id=511759714 is handled. Duration 1 ms by bot id=8095621527
2025.04.22 10:32:29 aiogram.event        INFO     Update id=511759715 is handled. Duration 1 ms by bot id=8095621527
2025.04.22 10:32:29 aiogram.event        INFO     Update id=511759716 is handled. Duration 1 ms by bot id=8095621527
2025.04.22 10:32:47 aiogram.event        INFO     Update id=511759717 is handled. Duration 1 ms by bot id=8095621527
2025.04.22 10:32:50 aiogram.event        INFO     Update id=511759718 is handled. Duration 1 ms by bot id=8095621527
2025.04.22 10:32:55 aiogram.event        INFO     Update id=511759719 is not handled. Duration 1 ms by bot id=8095621527
2025.04.22 10:33:12 aiogram.event        INFO     Update id=511759720 is handled. Duration 1 ms by bot id=8095621527
2025.04.22 10:33:14 aiogram.event        INFO     Update id=511759721 is handled. Duration 1 ms by bot id=8095621527
2025.04.22 10:33:19 aiogram.event        INFO     Update id=511759722 is handled. Duration 1 ms by bot id=8095621527
2025.04.22 10:33:35 aiogram.event        INFO     Update id=511759723 is handled. Duration 1 ms by bot id=8095621527
2025.04.22 10:33:39 aiogram.event        INFO     Update id=511759724 is handled. Duration 1 ms by bot id=8095621527
2025.04.22 10:33:50 aiogram.event        INFO     Update id=511759725 is handled. Duration 1 ms by bot id=8095621527
2025.04.22 10:33:51 aiogram.event        INFO     Update id=511759726 is handled. Duration 1 ms by bot id=8095621527
2025.04.22 10:34:14 aiogram.event        INFO     Update id=511759727 is not handled. Duration 1 ms by bot id=8095621527
2025.04.22 10:34:54 aiogram.event        INFO     Update id=511759728 is not handled. Duration 1 ms by bot id=8095621527
2025.04.22 10:34:58 aiogram.event        INFO     Update id=511759729 is handled. Duration 1 ms by bot id=8095621527
2025.04.22 10:35:15 aiogram.event        INFO     Update id=511759730 is handled. Duration 1 ms by bot id=8095621527
2025.04.22 10:35:16 aiogram.event        INFO     Update id=511759731 is handled. Duration 1 ms by bot id=8095621527
2025.04.22 10:35:19 aiogram.event        INFO     Update id=511759732 is handled. Duration 1 ms by bot id=8095621527
2025.04.22 10:35:20 aiogram.event        INFO     Update id=511759733 is handled. Duration 1 ms by bot id=8095621527
2025.04.22 10:35:47 aiogram.event        INFO     Update id=511759734 is handled. Duration 1 ms by bot id=8095621527
2025.04.22 10:36:08 aiogram.event        INFO     Update id=511759735 is handled. Duration 1 ms by bot id=8095621527
2025.04.22 10:36:13 aiogram.event        INFO     Update id=511759736 is handled. Duration 1 ms by bot id=8095621527
2025.04.22 10:36:29 aiogram.event        INFO     Update id=511759737 is handled. Duration 1 ms by bot id=8095621527
2025.04.22 10:36:29 aiogram.event        INFO     Update id=511759738 is handled. Duration 1 ms by bot id=8095621527
2025.04.22 10:36:33 aiogram.event        INFO     Update id=511759739 is handled. Duration 1 ms by bot id=8095621527
2025.04.22 10:36:35 aiogram.event        INFO     Update id=511759740 is handled. Duration 1 ms by bot id=8095621527
2025.04.22 10:36:56 aiogram.event        INFO     Update id=511759741 is handled. Duration 1 ms by bot id=8095621527
2025.04.22 10:37:01 aiogram.event        INFO     Update id=511759742 is handled. Duration 1 ms by bot id=8095621527
2025.04.22 10:37:10 aiogram.event        INFO     Update id=511759743 is handled. Duration 1 ms by bot id=8095621527
2025.04.22 10:37:19 aiogram.event        INFO     Update id=511759744 is handled. Duration 1 ms by bot id=8095621527
2025.04.22 10:37:30 aiogram.event        INFO     Update id=511759745 is handled. Duration 1 ms by bot id=8095621527
2025.04.22 10:37:34 aiogram.event        INFO     Update id=511759746 is handled. Duration 1 ms by bot id=8095621527
2025.04.22 10:37:44 aiogram.event        INFO     Update id=511759747 is handled. Duration 1 ms by bot id=8095621527
2025.04.22 10:37:47 aiogram.event        INFO     Update id=511759748 is handled. Duration 1 ms by bot id=8095621527
2025.04.22 10:37:55 aiogram.event        INFO     Update id=511759749 is handled. Duration 1 ms by bot id=8095621527
2025.04.22 10:38:39 aiogram.event        INFO     Update id=511759750 is handled. Duration 1 ms by bot id=8095621527
2025.04.22 10:38:49 aiogram.event        INFO     Update id=511759751 is handled. Duration 1 ms by bot id=8095621527
2025.04.22 10:38:51 aiogram.event        INFO     Update id=511759752 is handled. Duration 1 ms by bot id=8095621527
2025.04.22 10:38:53 aiogram.event        INFO     Update id=511759753 is handled. Duration 1 ms by bot id=8095621527
2025.04.22 10:39:00 aiogram.event        INFO     Update id=511759754 is handled. Duration 1 ms by bot id=8095621527
2025.04.22 10:39:17 aiogram.event        INFO     Update id=511759755 is handled. Duration 1 ms by bot id=8095621527
2025.04.22 10:39:18 aiogram.event        INFO     Update id=511759756 is handled. Duration 1 ms by bot id=8095621527
2025.04.22 10:39:31 aiogram.event        INFO     Update id=511759757 is handled. Duration 1 ms by bot id=8095621527
2025.04.22 10:40:17 aiogram.event        INFO     Update id=511759758 is handled. Duration 1 ms by bot id=8095621527
2025.04.22 10:41:05 aiogram.event        INFO     Update id=511759759 is handled. Duration 1 ms by bot id=8095621527
2025.04.22 10:46:06 aiogram.event        INFO     Update id=511759760 is handled. Duration 1 ms by bot id=8095621527
2025.04.22 10:46:53 aiogram.event        INFO     Update id=511759761 is handled. Duration 1 ms by bot id=8095621527
2025.04.22 10:47:23 aiogram.event        INFO     Update id=511759762 is handled. Duration 1 ms by bot id=8095621527
2025.04.22 10:47:32 aiogram.event        INFO     Update id=511759763 is handled. Duration 1 ms by bot id=8095621527
2025.04.22 10:47:49 aiogram.event        INFO     Update id=511759764 is handled. Duration 1 ms by bot id=8095621527
2025.04.22 10:47:56 aiogram.event        INFO     Update id=511759765 is handled. Duration 1 ms by bot id=8095621527
2025.04.22 10:48:01 aiogram.event        INFO     Update id=511759766 is handled. Duration 1 ms by bot id=8095621527
2025.04.22 10:48:15 aiogram.event        INFO     Update id=511759767 is handled. Duration 1 ms by bot id=8095621527
2025.04.22 10:48:25 aiogram.event        INFO     Update id=511759768 is handled. Duration 1 ms by bot id=8095621527
2025.04.22 10:48:56 aiogram.event        INFO     Update id=511759769 is handled. Duration 1 ms by bot id=8095621527
2025.04.22 10:49:22 aiogram.event        INFO     Update id=511759770 is handled. Duration 1 ms by bot id=8095621527
2025.04.22 10:50:25 aiogram.event        INFO     Update id=511759771 is handled. Duration 1 ms by bot id=8095621527
2025.04.22 10:52:31 aiogram.event        INFO     Update id=511759772 is handled. Duration 1 ms by bot id=8095621527
2025.04.22 10:52:35 aiogram.event        INFO     Update id=511759773 is handled. Duration 1 ms by bot id=8095621527
2025.04.22 10:53:30 aiogram.event        INFO     Update id=511759774 is handled. Duration 1 ms by bot id=8095621527
2025.04.22 10:53:56 aiogram.event        INFO     Update id=511759775 is handled. Duration 1 ms by bot id=8095621527
2025.04.22 10:54:10 aiogram.event        INFO     Update id=511759776 is handled. Duration 1 ms by bot id=8095621527
2025.04.22 10:54:13 aiogram.event        INFO     Update id=511759777 is handled. Duration 1 ms by bot id=8095621527
2025.04.22 10:54:37 aiogram.event        INFO     Update id=511759778 is handled. Duration 1 ms by bot id=8095621527
2025.04.22 10:54:38 aiogram.event        INFO     Update id=511759779 is handled. Duration 1 ms by bot id=8095621527
2025.04.22 10:54:55 aiogram.event        INFO     Update id=511759780 is handled. Duration 1 ms by bot id=8095621527
2025.04.22 10:55:02 aiogram.event        INFO     Update id=511759781 is handled. Duration 1 ms by bot id=8095621527
2025.04.22 10:55:06 aiogram.event        INFO     Update id=511759782 is handled. Duration 1 ms by bot id=8095621527
2025.04.22 10:55:24 aiogram.event        INFO     Update id=511759783 is handled. Duration 1 ms by bot id=8095621527
2025.04.22 10:55:31 aiogram.event        INFO     Update id=511759784 is handled. Duration 1 ms by bot id=8095621527
2025.04.22 10:55:32 aiogram.event        INFO     Update id=511759785 is handled. Duration 1 ms by bot id=8095621527
2025.04.22 10:55:34 aiogram.event        INFO     Update id=511759786 is handled. Duration 1 ms by bot id=8095621527
2025.04.22 10:55:45 aiogram.event        INFO     Update id=511759787 is handled. Duration 1 ms by bot id=8095621527
2025.04.22 10:55:46 aiogram.event        INFO     Update id=511759788 is handled. Duration 1 ms by bot id=8095621527
2025.04.22 10:56:00 aiogram.event        INFO     Update id=511759789 is handled. Duration 1 ms by bot id=8095621527
2025.04.22 10:56:03 aiogram.event        INFO     Update id=511759790 is handled. Duration 1 ms by bot id=8095621527
2025.04.22 10:56:10 aiogram.event        INFO     Update id=511759791 is handled. Duration 1 ms by bot id=8095621527
2025.04.22 10:56:34 aiogram.event        INFO     Update id=511759792 is handled. Duration 1 ms by bot id=8095621527
2025.04.22 10:56:35 aiogram.event        INFO     Update id=511759793 is handled. Duration 1 ms by bot id=8095621527
2025.04.22 10:56:51 aiogram.event        INFO     Update id=511759794 is handled. Duration 1 ms by bot id=8095621527
2025.04.22 10:56:57 aiogram.event        INFO     Update id=511759795 is handled. Duration 2 ms by bot id=8095621527
2025.04.22 10:56:57 aiogram.event        INFO     Update id=511759796 is handled. Duration 2 ms by bot id=8095621527
2025.04.22 10:56:57 aiogram.event        INFO     Update id=511759797 is handled. Duration 1 ms by bot id=8095621527
2025.04.22 10:56:57 aiogram.event        INFO     Update id=511759798 is handled. Duration 1 ms by bot id=8095621527
2025.04.22 10:57:00 aiogram.event        INFO     Update id=511759799 is handled. Duration 1 ms by bot id=8095621527
2025.04.22 10:57:04 aiogram.event        INFO     Update id=511759800 is handled. Duration 2 ms by bot id=8095621527
2025.04.22 10:57:06 aiogram.event        INFO     Update id=511759801 is handled. Duration 1 ms by bot id=8095621527
2025.04.22 10:57:09 aiogram.event        INFO     Update id=511759802 is handled. Duration 1 ms by bot id=8095621527
2025.04.22 10:57:24 aiogram.event        INFO     Update id=511759803 is handled. Duration 1 ms by bot id=8095621527
2025.04.22 10:57:28 aiogram.event        INFO     Update id=511759804 is handled. Duration 1 ms by bot id=8095621527
2025.04.22 10:57:29 aiogram.event        INFO     Update id=511759805 is handled. Duration 1 ms by bot id=8095621527
2025.04.22 10:57:31 aiogram.event        INFO     Update id=511759806 is handled. Duration 1 ms by bot id=8095621527
2025.04.22 10:57:41 aiogram.event        INFO     Update id=511759807 is handled. Duration 1 ms by bot id=8095621527
2025.04.22 10:57:43 aiogram.event        INFO     Update id=511759808 is handled. Duration 1 ms by bot id=8095621527
2025.04.22 10:57:54 aiogram.event        INFO     Update id=511759809 is handled. Duration 1 ms by bot id=8095621527
2025.04.22 10:57:55 aiogram.event        INFO     Update id=511759810 is handled. Duration 1 ms by bot id=8095621527
2025.04.22 10:57:56 aiogram.event        INFO     Update id=511759811 is handled. Duration 1 ms by bot id=8095621527
2025.04.22 10:57:57 aiogram.event        INFO     Update id=511759812 is handled. Duration 1 ms by bot id=8095621527
2025.04.22 10:58:08 aiogram.event        INFO     Update id=511759813 is handled. Duration 1 ms by bot id=8095621527
2025.04.22 10:58:13 aiogram.event        INFO     Update id=511759814 is handled. Duration 1 ms by bot id=8095621527
2025.04.22 10:58:25 aiogram.event        INFO     Update id=511759815 is handled. Duration 1 ms by bot id=8095621527
2025.04.22 10:58:26 aiogram.event        INFO     Update id=511759816 is handled. Duration 1 ms by bot id=8095621527
2025.04.22 10:58:45 aiogram.event        INFO     Update id=511759817 is handled. Duration 1 ms by bot id=8095621527
2025.04.22 10:58:48 aiogram.event        INFO     Update id=511759818 is handled. Duration 1 ms by bot id=8095621527
2025.04.22 10:59:01 aiogram.event        INFO     Update id=511759819 is handled. Duration 2 ms by bot id=8095621527
2025.04.22 10:59:03 aiogram.event        INFO     Update id=511759820 is handled. Duration 1 ms by bot id=8095621527
2025.04.22 10:59:15 aiogram.event        INFO     Update id=511759821 is handled. Duration 1 ms by bot id=8095621527
2025.04.22 10:59:40 aiogram.event        INFO     Update id=511759822 is handled. Duration 1 ms by bot id=8095621527
2025.04.22 10:59:43 aiogram.event        INFO     Update id=511759823 is handled. Duration 1 ms by bot id=8095621527
2025.04.22 10:59:50 aiogram.event        INFO     Update id=511759824 is handled. Duration 1 ms by bot id=8095621527
2025.04.22 10:59:54 aiogram.event        INFO     Update id=511759825 is handled. Duration 1 ms by bot id=8095621527
2025.04.22 10:59:55 aiogram.event        INFO     Update id=511759826 is handled. Duration 1 ms by bot id=8095621527
2025.04.22 10:59:57 aiogram.event        INFO     Update id=511759827 is handled. Duration 1 ms by bot id=8095621527
2025.04.22 10:59:57 aiogram.event        INFO     Update id=511759828 is handled. Duration 2 ms by bot id=8095621527
2025.04.22 11:00:19 aiogram.event        INFO     Update id=511759829 is handled. Duration 1 ms by bot id=8095621527
2025.04.22 11:00:22 aiogram.event        INFO     Update id=511759830 is handled. Duration 1 ms by bot id=8095621527
2025.04.22 11:00:45 aiogram.event        INFO     Update id=511759831 is handled. Duration 1 ms by bot id=8095621527
2025.04.22 11:01:08 aiogram.event        INFO     Update id=511759832 is handled. Duration 1 ms by bot id=8095621527
2025.04.22 11:01:10 aiogram.event        INFO     Update id=511759833 is handled. Duration 1 ms by bot id=8095621527
2025.04.22 11:01:53 aiogram.event        INFO     Update id=511759834 is handled. Duration 1 ms by bot id=8095621527
2025.04.22 11:02:18 aiogram.event        INFO     Update id=511759835 is handled. Duration 1 ms by bot id=8095621527
2025.04.22 11:02:21 aiogram.event        INFO     Update id=511759836 is handled. Duration 1 ms by bot id=8095621527
2025.04.22 11:02:26 aiogram.event        INFO     Update id=511759837 is handled. Duration 1 ms by bot id=8095621527
2025.04.22 11:02:28 aiogram.event        INFO     Update id=511759838 is handled. Duration 1 ms by bot id=8095621527
2025.04.22 11:02:29 aiogram.event        INFO     Update id=511759839 is handled. Duration 1 ms by bot id=8095621527
2025.04.22 11:03:33 aiogram.event        INFO     Update id=511759840 is handled. Duration 1 ms by bot id=8095621527
2025.04.22 11:04:35 aiogram.event        INFO     Update id=511759841 is handled. Duration 1 ms by bot id=8095621527
2025.04.22 11:04:54 aiogram.event        INFO     Update id=511759842 is handled. Duration 1 ms by bot id=8095621527
2025.04.22 11:06:13 aiogram.event        INFO     Update id=511759843 is handled. Duration 1 ms by bot id=8095621527
2025.04.22 11:06:24 aiogram.event        INFO     Update id=511759844 is handled. Duration 1 ms by bot id=8095621527
2025.04.22 11:06:39 aiogram.event        INFO     Update id=511759845 is handled. Duration 1 ms by bot id=8095621527
2025.04.22 11:07:10 aiogram.event        INFO     Update id=511759846 is handled. Duration 1 ms by bot id=8095621527
2025.04.22 11:07:52 aiogram.event        INFO     Update id=511759847 is handled. Duration 1 ms by bot id=8095621527
2025.04.22 11:08:16 aiogram.event        INFO     Update id=511759848 is handled. Duration 1 ms by bot id=8095621527
2025.04.22 11:09:06 aiogram.event        INFO     Update id=511759849 is handled. Duration 1 ms by bot id=8095621527
2025.04.22 11:09:08 aiogram.event        INFO     Update id=511759850 is handled. Duration 1 ms by bot id=8095621527
2025.04.22 11:09:17 aiogram.event        INFO     Update id=511759851 is handled. Duration 1 ms by bot id=8095621527
2025.04.22 11:09:25 aiogram.event        INFO     Update id=511759852 is handled. Duration 1 ms by bot id=8095621527
2025.04.22 11:09:30 aiogram.event        INFO     Update id=511759853 is handled. Duration 1 ms by bot id=8095621527
2025.04.22 11:09:45 aiogram.event        INFO     Update id=511759854 is handled. Duration 1 ms by bot id=8095621527
2025.04.22 11:10:20 aiogram.event        INFO     Update id=511759855 is handled. Duration 1 ms by bot id=8095621527
2025.04.22 11:10:23 aiogram.event        INFO     Update id=511759856 is handled. Duration 1 ms by bot id=8095621527
2025.04.22 11:10:30 aiogram.event        INFO     Update id=511759857 is handled. Duration 1 ms by bot id=8095621527
2025.04.22 11:10:32 aiogram.event        INFO     Update id=511759858 is handled. Duration 1 ms by bot id=8095621527
2025.04.22 11:12:25 aiogram.event        INFO     Update id=511759859 is handled. Duration 1 ms by bot id=8095621527
2025.04.22 11:12:26 aiogram.event        INFO     Update id=511759860 is handled. Duration 1 ms by bot id=8095621527
2025.04.22 11:15:15 aiogram.event        INFO     Update id=511759861 is not handled. Duration 0 ms by bot id=8095621527
2025.04.22 11:15:15 aiogram.event        INFO     Update id=511759862 is not handled. Duration 1 ms by bot id=8095621527
2025.04.22 11:15:20 aiogram.event        INFO     Update id=511759863 is handled. Duration 1 ms by bot id=8095621527
2025.04.22 11:16:07 aiogram.event        INFO     Update id=511759864 is handled. Duration 1 ms by bot id=8095621527
2025.04.22 11:16:23 aiogram.event        INFO     Update id=511759865 is handled. Duration 1 ms by bot id=8095621527
2025.04.22 11:16:31 aiogram.event        INFO     Update id=511759866 is handled. Duration 1 ms by bot id=8095621527
2025.04.22 11:16:35 aiogram.event        INFO     Update id=511759867 is handled. Duration 1 ms by bot id=8095621527
2025.04.22 11:16:47 aiogram.event        INFO     Update id=511759868 is handled. Duration 1 ms by bot id=8095621527
2025.04.22 11:16:51 aiogram.event        INFO     Update id=511759869 is handled. Duration 1 ms by bot id=8095621527
2025.04.22 11:17:00 aiogram.event        INFO     Update id=511759870 is handled. Duration 1 ms by bot id=8095621527
2025.04.22 11:17:07 aiogram.event        INFO     Update id=511759871 is handled. Duration 1 ms by bot id=8095621527
2025.04.22 11:17:09 aiogram.event        INFO     Update id=511759872 is not handled. Duration 1 ms by bot id=8095621527
2025.04.22 11:17:17 aiogram.event        INFO     Update id=511759873 is handled. Duration 1 ms by bot id=8095621527
2025.04.22 11:17:19 aiogram.event        INFO     Update id=511759874 is handled. Duration 1 ms by bot id=8095621527
2025.04.22 11:17:20 aiogram.event        INFO     Update id=511759875 is handled. Duration 1 ms by bot id=8095621527
2025.04.22 11:17:29 aiogram.event        INFO     Update id=511759876 is handled. Duration 1 ms by bot id=8095621527
2025.04.22 11:23:33 aiogram.event        INFO     Update id=511759877 is handled. Duration 1 ms by bot id=8095621527
2025.04.22 11:30:56 aiogram.event        INFO     Update id=511759878 is handled. Duration 1 ms by bot id=8095621527
2025.04.22 11:38:07 aiogram.event        INFO     Update id=511759879 is handled. Duration 1 ms by bot id=8095621527
2025.04.22 11:41:43 aiogram.event        INFO     Update id=511759880 is handled. Duration 1 ms by bot id=8095621527
2025.04.22 11:57:17 aiogram.event        INFO     Update id=511759881 is handled. Duration 1001 ms by bot id=8095621527
2025.04.22 11:57:31 aiogram.event        INFO     Update id=511759882 is not handled. Duration 0 ms by bot id=8095621527
2025.04.22 11:57:31 aiogram.event        INFO     Update id=511759883 is not handled. Duration 1 ms by bot id=8095621527
2025.04.22 11:57:42 core.youtube_handler INFO     Playlist məlumatları əldə edilir: https://youtube.com/playlist?list=RDV9zrC4Dmcyw&playnext=1&si=Dw6ZuFMWgyb-4k4L
2025.04.22 11:58:41 aiogram.event        INFO     Update id=511759885 is handled. Duration 2 ms by bot id=8095621527
2025.04.22 11:58:41 aiogram.event        INFO     Update id=511759890 is handled. Duration 4 ms by bot id=8095621527
2025.04.22 11:58:41 aiogram.event        INFO     Update id=511759892 is handled. Duration 4 ms by bot id=8095621527
2025.04.22 11:58:41 root                 ERROR    Commands error: Telegram server says - Bad Request: there is no text in the message to edit
2025.04.22 11:58:41 root                 ERROR    Commands error: Telegram server says - Bad Request: there is no text in the message to edit
2025.04.22 11:58:41 root                 ERROR    Commands error: Telegram server says - Bad Request: there is no text in the message to edit
2025.04.22 11:58:41 root                 ERROR    Commands error: Telegram server says - Bad Request: there is no text in the message to edit
2025.04.22 11:58:41 root                 ERROR    Commands error: Telegram server says - Bad Request: there is no text in the message to edit
2025.04.22 11:58:41 root                 ERROR    Commands error: Telegram server says - Bad Request: there is no text in the message to edit
2025.04.22 11:58:41 core.youtube_handler INFO     Audio faylı yüklənir: https://youtu.be/V9zrC4Dmcyw
2025.04.22 11:58:41 core.webprofile      INFO     Seçilmiş User-Agent: Mozilla/5.0 (iPad; CPU OS 17_2 like Mac OS X) AppleWebKit/605.1.15 (KHTML, like Gecko) Version/17.2 Mobile/15E148 Safari/604.1
2025.04.22 11:58:41 core.youtube_handler INFO     firefox brauzerindən cookies istifadə edilir.
2025.04.22 11:58:41 aiogram.event        INFO     Update id=511759893 is handled. Duration 181 ms by bot id=8095621527
2025.04.22 11:58:41 aiogram.event        INFO     Update id=511759886 is not handled. Duration 183 ms by bot id=8095621527
2025.04.22 11:58:41 aiogram.event        ERROR    Cause exception while process update id=511759886 by bot id=8095621527
TelegramBadRequest: Telegram server says - Bad Request: query is too old and response timeout expired or query ID is invalid
Traceback (most recent call last):
  File "/home/admin/DLMaster/plugins/start_plugin.py", line 130, in show_commands
    await callback.message.edit_text(COMMANDS_TEXT, parse_mode="HTML", reply_markup=keyboard)
  File "/home/admin/.local/lib/python3.11/site-packages/aiogram/methods/base.py", line 84, in emit
    return await bot(self)
           ^^^^^^^^^^^^^^^
  File "/home/admin/.local/lib/python3.11/site-packages/aiogram/client/bot.py", line 478, in __call__
    return await self.session(self, method, timeout=request_timeout)
           ^^^^^^^^^^^^^^^^^^^^^^^^^^^^^^^^^^^^^^^^^^^^^^^^^^^^^^^^^
  File "/home/admin/.local/lib/python3.11/site-packages/aiogram/client/session/base.py", line 254, in __call__
    return cast(TelegramType, await middleware(bot, method))
                              ^^^^^^^^^^^^^^^^^^^^^^^^^^^^^
  File "/home/admin/.local/lib/python3.11/site-packages/aiogram/client/session/aiohttp.py", line 185, in make_request
    response = self.check_response(
               ^^^^^^^^^^^^^^^^^^^^
  File "/home/admin/.local/lib/python3.11/site-packages/aiogram/client/session/base.py", line 120, in check_response
    raise TelegramBadRequest(method=method, message=description)
aiogram.exceptions.TelegramBadRequest: Telegram server says - Bad Request: there is no text in the message to edit

During handling of the above exception, another exception occurred:

Traceback (most recent call last):
  File "/home/admin/.local/lib/python3.11/site-packages/aiogram/dispatcher/dispatcher.py", line 309, in _process_update
    response = await self.feed_update(bot, update, **kwargs)
               ^^^^^^^^^^^^^^^^^^^^^^^^^^^^^^^^^^^^^^^^^^^^^
  File "/home/admin/.local/lib/python3.11/site-packages/aiogram/dispatcher/dispatcher.py", line 158, in feed_update
    response = await self.update.wrap_outer_middleware(
               ^^^^^^^^^^^^^^^^^^^^^^^^^^^^^^^^^^^^^^^^
  File "/home/admin/.local/lib/python3.11/site-packages/aiogram/dispatcher/middlewares/error.py", line 25, in __call__
    return await handler(event, data)
           ^^^^^^^^^^^^^^^^^^^^^^^^^^
  File "/home/admin/.local/lib/python3.11/site-packages/aiogram/dispatcher/middlewares/user_context.py", line 56, in __call__
    return await handler(event, data)
           ^^^^^^^^^^^^^^^^^^^^^^^^^^
  File "/home/admin/.local/lib/python3.11/site-packages/aiogram/fsm/middleware.py", line 42, in __call__
    return await handler(event, data)
           ^^^^^^^^^^^^^^^^^^^^^^^^^^
  File "/home/admin/.local/lib/python3.11/site-packages/aiogram/dispatcher/event/telegram.py", line 121, in trigger
    return await wrapped_inner(event, kwargs)
           ^^^^^^^^^^^^^^^^^^^^^^^^^^^^^^^^^^
  File "/home/admin/.local/lib/python3.11/site-packages/aiogram/dispatcher/event/handler.py", line 43, in call
    return await wrapped()
           ^^^^^^^^^^^^^^^
  File "/home/admin/.local/lib/python3.11/site-packages/aiogram/dispatcher/dispatcher.py", line 276, in _listen_update
    return await self.propagate_event(update_type=update_type, event=event, **kwargs)
           ^^^^^^^^^^^^^^^^^^^^^^^^^^^^^^^^^^^^^^^^^^^^^^^^^^^^^^^^^^^^^^^^^^^^^^^^^^
  File "/home/admin/.local/lib/python3.11/site-packages/aiogram/dispatcher/router.py", line 146, in propagate_event
    return await observer.wrap_outer_middleware(_wrapped, event=event, data=kwargs)
           ^^^^^^^^^^^^^^^^^^^^^^^^^^^^^^^^^^^^^^^^^^^^^^^^^^^^^^^^^^^^^^^^^^^^^^^^
  File "/home/admin/.local/lib/python3.11/site-packages/aiogram/dispatcher/router.py", line 141, in _wrapped
    return await self._propagate_event(
           ^^^^^^^^^^^^^^^^^^^^^^^^^^^^
  File "/home/admin/.local/lib/python3.11/site-packages/aiogram/dispatcher/router.py", line 166, in _propagate_event
    response = await observer.trigger(event, **kwargs)
               ^^^^^^^^^^^^^^^^^^^^^^^^^^^^^^^^^^^^^^^
  File "/home/admin/.local/lib/python3.11/site-packages/aiogram/dispatcher/event/telegram.py", line 121, in trigger
    return await wrapped_inner(event, kwargs)
           ^^^^^^^^^^^^^^^^^^^^^^^^^^^^^^^^^^
  File "/home/admin/.local/lib/python3.11/site-packages/aiogram/dispatcher/event/handler.py", line 43, in call
    return await wrapped()
           ^^^^^^^^^^^^^^^
  File "/home/admin/DLMaster/plugins/start_plugin.py", line 134, in show_commands
    await callback.answer("❌ Xəta baş verdi!", show_alert=True)
  File "/home/admin/.local/lib/python3.11/site-packages/aiogram/methods/base.py", line 84, in emit
    return await bot(self)
           ^^^^^^^^^^^^^^^
  File "/home/admin/.local/lib/python3.11/site-packages/aiogram/client/bot.py", line 478, in __call__
    return await self.session(self, method, timeout=request_timeout)
           ^^^^^^^^^^^^^^^^^^^^^^^^^^^^^^^^^^^^^^^^^^^^^^^^^^^^^^^^^
  File "/home/admin/.local/lib/python3.11/site-packages/aiogram/client/session/base.py", line 254, in __call__
    return cast(TelegramType, await middleware(bot, method))
                              ^^^^^^^^^^^^^^^^^^^^^^^^^^^^^
  File "/home/admin/.local/lib/python3.11/site-packages/aiogram/client/session/aiohttp.py", line 185, in make_request
    response = self.check_response(
               ^^^^^^^^^^^^^^^^^^^^
  File "/home/admin/.local/lib/python3.11/site-packages/aiogram/client/session/base.py", line 120, in check_response
    raise TelegramBadRequest(method=method, message=description)
aiogram.exceptions.TelegramBadRequest: Telegram server says - Bad Request: query is too old and response timeout expired or query ID is invalid
2025.04.22 11:58:41 aiogram.event        INFO     Update id=511759889 is not handled. Duration 199 ms by bot id=8095621527
2025.04.22 11:58:41 aiogram.event        ERROR    Cause exception while process update id=511759889 by bot id=8095621527
TelegramBadRequest: Telegram server says - Bad Request: query is too old and response timeout expired or query ID is invalid
Traceback (most recent call last):
  File "/home/admin/DLMaster/plugins/start_plugin.py", line 130, in show_commands
    await callback.message.edit_text(COMMANDS_TEXT, parse_mode="HTML", reply_markup=keyboard)
  File "/home/admin/.local/lib/python3.11/site-packages/aiogram/methods/base.py", line 84, in emit
    return await bot(self)
           ^^^^^^^^^^^^^^^
  File "/home/admin/.local/lib/python3.11/site-packages/aiogram/client/bot.py", line 478, in __call__
    return await self.session(self, method, timeout=request_timeout)
           ^^^^^^^^^^^^^^^^^^^^^^^^^^^^^^^^^^^^^^^^^^^^^^^^^^^^^^^^^
  File "/home/admin/.local/lib/python3.11/site-packages/aiogram/client/session/base.py", line 254, in __call__
    return cast(TelegramType, await middleware(bot, method))
                              ^^^^^^^^^^^^^^^^^^^^^^^^^^^^^
  File "/home/admin/.local/lib/python3.11/site-packages/aiogram/client/session/aiohttp.py", line 185, in make_request
    response = self.check_response(
               ^^^^^^^^^^^^^^^^^^^^
  File "/home/admin/.local/lib/python3.11/site-packages/aiogram/client/session/base.py", line 120, in check_response
    raise TelegramBadRequest(method=method, message=description)
aiogram.exceptions.TelegramBadRequest: Telegram server says - Bad Request: there is no text in the message to edit

During handling of the above exception, another exception occurred:

Traceback (most recent call last):
  File "/home/admin/.local/lib/python3.11/site-packages/aiogram/dispatcher/dispatcher.py", line 309, in _process_update
    response = await self.feed_update(bot, update, **kwargs)
               ^^^^^^^^^^^^^^^^^^^^^^^^^^^^^^^^^^^^^^^^^^^^^
  File "/home/admin/.local/lib/python3.11/site-packages/aiogram/dispatcher/dispatcher.py", line 158, in feed_update
    response = await self.update.wrap_outer_middleware(
               ^^^^^^^^^^^^^^^^^^^^^^^^^^^^^^^^^^^^^^^^
  File "/home/admin/.local/lib/python3.11/site-packages/aiogram/dispatcher/middlewares/error.py", line 25, in __call__
    return await handler(event, data)
           ^^^^^^^^^^^^^^^^^^^^^^^^^^
  File "/home/admin/.local/lib/python3.11/site-packages/aiogram/dispatcher/middlewares/user_context.py", line 56, in __call__
    return await handler(event, data)
           ^^^^^^^^^^^^^^^^^^^^^^^^^^
  File "/home/admin/.local/lib/python3.11/site-packages/aiogram/fsm/middleware.py", line 42, in __call__
    return await handler(event, data)
           ^^^^^^^^^^^^^^^^^^^^^^^^^^
  File "/home/admin/.local/lib/python3.11/site-packages/aiogram/dispatcher/event/telegram.py", line 121, in trigger
    return await wrapped_inner(event, kwargs)
           ^^^^^^^^^^^^^^^^^^^^^^^^^^^^^^^^^^
  File "/home/admin/.local/lib/python3.11/site-packages/aiogram/dispatcher/event/handler.py", line 43, in call
    return await wrapped()
           ^^^^^^^^^^^^^^^
  File "/home/admin/.local/lib/python3.11/site-packages/aiogram/dispatcher/dispatcher.py", line 276, in _listen_update
    return await self.propagate_event(update_type=update_type, event=event, **kwargs)
           ^^^^^^^^^^^^^^^^^^^^^^^^^^^^^^^^^^^^^^^^^^^^^^^^^^^^^^^^^^^^^^^^^^^^^^^^^^
  File "/home/admin/.local/lib/python3.11/site-packages/aiogram/dispatcher/router.py", line 146, in propagate_event
    return await observer.wrap_outer_middleware(_wrapped, event=event, data=kwargs)
           ^^^^^^^^^^^^^^^^^^^^^^^^^^^^^^^^^^^^^^^^^^^^^^^^^^^^^^^^^^^^^^^^^^^^^^^^
  File "/home/admin/.local/lib/python3.11/site-packages/aiogram/dispatcher/router.py", line 141, in _wrapped
    return await self._propagate_event(
           ^^^^^^^^^^^^^^^^^^^^^^^^^^^^
  File "/home/admin/.local/lib/python3.11/site-packages/aiogram/dispatcher/router.py", line 166, in _propagate_event
    response = await observer.trigger(event, **kwargs)
               ^^^^^^^^^^^^^^^^^^^^^^^^^^^^^^^^^^^^^^^
  File "/home/admin/.local/lib/python3.11/site-packages/aiogram/dispatcher/event/telegram.py", line 121, in trigger
    return await wrapped_inner(event, kwargs)
           ^^^^^^^^^^^^^^^^^^^^^^^^^^^^^^^^^^
  File "/home/admin/.local/lib/python3.11/site-packages/aiogram/dispatcher/event/handler.py", line 43, in call
    return await wrapped()
           ^^^^^^^^^^^^^^^
  File "/home/admin/DLMaster/plugins/start_plugin.py", line 134, in show_commands
    await callback.answer("❌ Xəta baş verdi!", show_alert=True)
  File "/home/admin/.local/lib/python3.11/site-packages/aiogram/methods/base.py", line 84, in emit
    return await bot(self)
           ^^^^^^^^^^^^^^^
  File "/home/admin/.local/lib/python3.11/site-packages/aiogram/client/bot.py", line 478, in __call__
    return await self.session(self, method, timeout=request_timeout)
           ^^^^^^^^^^^^^^^^^^^^^^^^^^^^^^^^^^^^^^^^^^^^^^^^^^^^^^^^^
  File "/home/admin/.local/lib/python3.11/site-packages/aiogram/client/session/base.py", line 254, in __call__
    return cast(TelegramType, await middleware(bot, method))
                              ^^^^^^^^^^^^^^^^^^^^^^^^^^^^^
  File "/home/admin/.local/lib/python3.11/site-packages/aiogram/client/session/aiohttp.py", line 185, in make_request
    response = self.check_response(
               ^^^^^^^^^^^^^^^^^^^^
  File "/home/admin/.local/lib/python3.11/site-packages/aiogram/client/session/base.py", line 120, in check_response
    raise TelegramBadRequest(method=method, message=description)
aiogram.exceptions.TelegramBadRequest: Telegram server says - Bad Request: query is too old and response timeout expired or query ID is invalid
2025.04.22 11:58:41 aiogram.event        INFO     Update id=511759888 is not handled. Duration 201 ms by bot id=8095621527
2025.04.22 11:58:41 aiogram.event        ERROR    Cause exception while process update id=511759888 by bot id=8095621527
TelegramBadRequest: Telegram server says - Bad Request: query is too old and response timeout expired or query ID is invalid
Traceback (most recent call last):
  File "/home/admin/DLMaster/plugins/start_plugin.py", line 130, in show_commands
    await callback.message.edit_text(COMMANDS_TEXT, parse_mode="HTML", reply_markup=keyboard)
  File "/home/admin/.local/lib/python3.11/site-packages/aiogram/methods/base.py", line 84, in emit
    return await bot(self)
           ^^^^^^^^^^^^^^^
  File "/home/admin/.local/lib/python3.11/site-packages/aiogram/client/bot.py", line 478, in __call__
    return await self.session(self, method, timeout=request_timeout)
           ^^^^^^^^^^^^^^^^^^^^^^^^^^^^^^^^^^^^^^^^^^^^^^^^^^^^^^^^^
  File "/home/admin/.local/lib/python3.11/site-packages/aiogram/client/session/base.py", line 254, in __call__
    return cast(TelegramType, await middleware(bot, method))
                              ^^^^^^^^^^^^^^^^^^^^^^^^^^^^^
  File "/home/admin/.local/lib/python3.11/site-packages/aiogram/client/session/aiohttp.py", line 185, in make_request
    response = self.check_response(
               ^^^^^^^^^^^^^^^^^^^^
  File "/home/admin/.local/lib/python3.11/site-packages/aiogram/client/session/base.py", line 120, in check_response
    raise TelegramBadRequest(method=method, message=description)
aiogram.exceptions.TelegramBadRequest: Telegram server says - Bad Request: there is no text in the message to edit

During handling of the above exception, another exception occurred:

Traceback (most recent call last):
  File "/home/admin/.local/lib/python3.11/site-packages/aiogram/dispatcher/dispatcher.py", line 309, in _process_update
    response = await self.feed_update(bot, update, **kwargs)
               ^^^^^^^^^^^^^^^^^^^^^^^^^^^^^^^^^^^^^^^^^^^^^
  File "/home/admin/.local/lib/python3.11/site-packages/aiogram/dispatcher/dispatcher.py", line 158, in feed_update
    response = await self.update.wrap_outer_middleware(
               ^^^^^^^^^^^^^^^^^^^^^^^^^^^^^^^^^^^^^^^^
  File "/home/admin/.local/lib/python3.11/site-packages/aiogram/dispatcher/middlewares/error.py", line 25, in __call__
    return await handler(event, data)
           ^^^^^^^^^^^^^^^^^^^^^^^^^^
  File "/home/admin/.local/lib/python3.11/site-packages/aiogram/dispatcher/middlewares/user_context.py", line 56, in __call__
    return await handler(event, data)
           ^^^^^^^^^^^^^^^^^^^^^^^^^^
  File "/home/admin/.local/lib/python3.11/site-packages/aiogram/fsm/middleware.py", line 42, in __call__
    return await handler(event, data)
           ^^^^^^^^^^^^^^^^^^^^^^^^^^
  File "/home/admin/.local/lib/python3.11/site-packages/aiogram/dispatcher/event/telegram.py", line 121, in trigger
    return await wrapped_inner(event, kwargs)
           ^^^^^^^^^^^^^^^^^^^^^^^^^^^^^^^^^^
  File "/home/admin/.local/lib/python3.11/site-packages/aiogram/dispatcher/event/handler.py", line 43, in call
    return await wrapped()
           ^^^^^^^^^^^^^^^
  File "/home/admin/.local/lib/python3.11/site-packages/aiogram/dispatcher/dispatcher.py", line 276, in _listen_update
    return await self.propagate_event(update_type=update_type, event=event, **kwargs)
           ^^^^^^^^^^^^^^^^^^^^^^^^^^^^^^^^^^^^^^^^^^^^^^^^^^^^^^^^^^^^^^^^^^^^^^^^^^
  File "/home/admin/.local/lib/python3.11/site-packages/aiogram/dispatcher/router.py", line 146, in propagate_event
    return await observer.wrap_outer_middleware(_wrapped, event=event, data=kwargs)
           ^^^^^^^^^^^^^^^^^^^^^^^^^^^^^^^^^^^^^^^^^^^^^^^^^^^^^^^^^^^^^^^^^^^^^^^^
  File "/home/admin/.local/lib/python3.11/site-packages/aiogram/dispatcher/router.py", line 141, in _wrapped
    return await self._propagate_event(
           ^^^^^^^^^^^^^^^^^^^^^^^^^^^^
  File "/home/admin/.local/lib/python3.11/site-packages/aiogram/dispatcher/router.py", line 166, in _propagate_event
    response = await observer.trigger(event, **kwargs)
               ^^^^^^^^^^^^^^^^^^^^^^^^^^^^^^^^^^^^^^^
  File "/home/admin/.local/lib/python3.11/site-packages/aiogram/dispatcher/event/telegram.py", line 121, in trigger
    return await wrapped_inner(event, kwargs)
           ^^^^^^^^^^^^^^^^^^^^^^^^^^^^^^^^^^
  File "/home/admin/.local/lib/python3.11/site-packages/aiogram/dispatcher/event/handler.py", line 43, in call
    return await wrapped()
           ^^^^^^^^^^^^^^^
  File "/home/admin/DLMaster/plugins/start_plugin.py", line 134, in show_commands
    await callback.answer("❌ Xəta baş verdi!", show_alert=True)
  File "/home/admin/.local/lib/python3.11/site-packages/aiogram/methods/base.py", line 84, in emit
    return await bot(self)
           ^^^^^^^^^^^^^^^
  File "/home/admin/.local/lib/python3.11/site-packages/aiogram/client/bot.py", line 478, in __call__
    return await self.session(self, method, timeout=request_timeout)
           ^^^^^^^^^^^^^^^^^^^^^^^^^^^^^^^^^^^^^^^^^^^^^^^^^^^^^^^^^
  File "/home/admin/.local/lib/python3.11/site-packages/aiogram/client/session/base.py", line 254, in __call__
    return cast(TelegramType, await middleware(bot, method))
                              ^^^^^^^^^^^^^^^^^^^^^^^^^^^^^
  File "/home/admin/.local/lib/python3.11/site-packages/aiogram/client/session/aiohttp.py", line 185, in make_request
    response = self.check_response(
               ^^^^^^^^^^^^^^^^^^^^
  File "/home/admin/.local/lib/python3.11/site-packages/aiogram/client/session/base.py", line 120, in check_response
    raise TelegramBadRequest(method=method, message=description)
aiogram.exceptions.TelegramBadRequest: Telegram server says - Bad Request: query is too old and response timeout expired or query ID is invalid
2025.04.22 11:58:41 aiogram.event        INFO     Update id=511759887 is not handled. Duration 204 ms by bot id=8095621527
2025.04.22 11:58:41 aiogram.event        ERROR    Cause exception while process update id=511759887 by bot id=8095621527
TelegramBadRequest: Telegram server says - Bad Request: query is too old and response timeout expired or query ID is invalid
Traceback (most recent call last):
  File "/home/admin/DLMaster/plugins/start_plugin.py", line 130, in show_commands
    await callback.message.edit_text(COMMANDS_TEXT, parse_mode="HTML", reply_markup=keyboard)
  File "/home/admin/.local/lib/python3.11/site-packages/aiogram/methods/base.py", line 84, in emit
    return await bot(self)
           ^^^^^^^^^^^^^^^
  File "/home/admin/.local/lib/python3.11/site-packages/aiogram/client/bot.py", line 478, in __call__
    return await self.session(self, method, timeout=request_timeout)
           ^^^^^^^^^^^^^^^^^^^^^^^^^^^^^^^^^^^^^^^^^^^^^^^^^^^^^^^^^
  File "/home/admin/.local/lib/python3.11/site-packages/aiogram/client/session/base.py", line 254, in __call__
    return cast(TelegramType, await middleware(bot, method))
                              ^^^^^^^^^^^^^^^^^^^^^^^^^^^^^
  File "/home/admin/.local/lib/python3.11/site-packages/aiogram/client/session/aiohttp.py", line 185, in make_request
    response = self.check_response(
               ^^^^^^^^^^^^^^^^^^^^
  File "/home/admin/.local/lib/python3.11/site-packages/aiogram/client/session/base.py", line 120, in check_response
    raise TelegramBadRequest(method=method, message=description)
aiogram.exceptions.TelegramBadRequest: Telegram server says - Bad Request: there is no text in the message to edit

During handling of the above exception, another exception occurred:

Traceback (most recent call last):
  File "/home/admin/.local/lib/python3.11/site-packages/aiogram/dispatcher/dispatcher.py", line 309, in _process_update
    response = await self.feed_update(bot, update, **kwargs)
               ^^^^^^^^^^^^^^^^^^^^^^^^^^^^^^^^^^^^^^^^^^^^^
  File "/home/admin/.local/lib/python3.11/site-packages/aiogram/dispatcher/dispatcher.py", line 158, in feed_update
    response = await self.update.wrap_outer_middleware(
               ^^^^^^^^^^^^^^^^^^^^^^^^^^^^^^^^^^^^^^^^
  File "/home/admin/.local/lib/python3.11/site-packages/aiogram/dispatcher/middlewares/error.py", line 25, in __call__
    return await handler(event, data)
           ^^^^^^^^^^^^^^^^^^^^^^^^^^
  File "/home/admin/.local/lib/python3.11/site-packages/aiogram/dispatcher/middlewares/user_context.py", line 56, in __call__
    return await handler(event, data)
           ^^^^^^^^^^^^^^^^^^^^^^^^^^
  File "/home/admin/.local/lib/python3.11/site-packages/aiogram/fsm/middleware.py", line 42, in __call__
    return await handler(event, data)
           ^^^^^^^^^^^^^^^^^^^^^^^^^^
  File "/home/admin/.local/lib/python3.11/site-packages/aiogram/dispatcher/event/telegram.py", line 121, in trigger
    return await wrapped_inner(event, kwargs)
           ^^^^^^^^^^^^^^^^^^^^^^^^^^^^^^^^^^
  File "/home/admin/.local/lib/python3.11/site-packages/aiogram/dispatcher/event/handler.py", line 43, in call
    return await wrapped()
           ^^^^^^^^^^^^^^^
  File "/home/admin/.local/lib/python3.11/site-packages/aiogram/dispatcher/dispatcher.py", line 276, in _listen_update
    return await self.propagate_event(update_type=update_type, event=event, **kwargs)
           ^^^^^^^^^^^^^^^^^^^^^^^^^^^^^^^^^^^^^^^^^^^^^^^^^^^^^^^^^^^^^^^^^^^^^^^^^^
  File "/home/admin/.local/lib/python3.11/site-packages/aiogram/dispatcher/router.py", line 146, in propagate_event
    return await observer.wrap_outer_middleware(_wrapped, event=event, data=kwargs)
           ^^^^^^^^^^^^^^^^^^^^^^^^^^^^^^^^^^^^^^^^^^^^^^^^^^^^^^^^^^^^^^^^^^^^^^^^
  File "/home/admin/.local/lib/python3.11/site-packages/aiogram/dispatcher/router.py", line 141, in _wrapped
    return await self._propagate_event(
           ^^^^^^^^^^^^^^^^^^^^^^^^^^^^
  File "/home/admin/.local/lib/python3.11/site-packages/aiogram/dispatcher/router.py", line 166, in _propagate_event
    response = await observer.trigger(event, **kwargs)
               ^^^^^^^^^^^^^^^^^^^^^^^^^^^^^^^^^^^^^^^
  File "/home/admin/.local/lib/python3.11/site-packages/aiogram/dispatcher/event/telegram.py", line 121, in trigger
    return await wrapped_inner(event, kwargs)
           ^^^^^^^^^^^^^^^^^^^^^^^^^^^^^^^^^^
  File "/home/admin/.local/lib/python3.11/site-packages/aiogram/dispatcher/event/handler.py", line 43, in call
    return await wrapped()
           ^^^^^^^^^^^^^^^
  File "/home/admin/DLMaster/plugins/start_plugin.py", line 134, in show_commands
    await callback.answer("❌ Xəta baş verdi!", show_alert=True)
  File "/home/admin/.local/lib/python3.11/site-packages/aiogram/methods/base.py", line 84, in emit
    return await bot(self)
           ^^^^^^^^^^^^^^^
  File "/home/admin/.local/lib/python3.11/site-packages/aiogram/client/bot.py", line 478, in __call__
    return await self.session(self, method, timeout=request_timeout)
           ^^^^^^^^^^^^^^^^^^^^^^^^^^^^^^^^^^^^^^^^^^^^^^^^^^^^^^^^^
  File "/home/admin/.local/lib/python3.11/site-packages/aiogram/client/session/base.py", line 254, in __call__
    return cast(TelegramType, await middleware(bot, method))
                              ^^^^^^^^^^^^^^^^^^^^^^^^^^^^^
  File "/home/admin/.local/lib/python3.11/site-packages/aiogram/client/session/aiohttp.py", line 185, in make_request
    response = self.check_response(
               ^^^^^^^^^^^^^^^^^^^^
  File "/home/admin/.local/lib/python3.11/site-packages/aiogram/client/session/base.py", line 120, in check_response
    raise TelegramBadRequest(method=method, message=description)
aiogram.exceptions.TelegramBadRequest: Telegram server says - Bad Request: query is too old and response timeout expired or query ID is invalid
2025.04.22 11:58:41 aiogram.event        INFO     Update id=511759891 is not handled. Duration 205 ms by bot id=8095621527
2025.04.22 11:58:41 aiogram.event        ERROR    Cause exception while process update id=511759891 by bot id=8095621527
TelegramBadRequest: Telegram server says - Bad Request: query is too old and response timeout expired or query ID is invalid
Traceback (most recent call last):
  File "/home/admin/DLMaster/plugins/start_plugin.py", line 130, in show_commands
    await callback.message.edit_text(COMMANDS_TEXT, parse_mode="HTML", reply_markup=keyboard)
  File "/home/admin/.local/lib/python3.11/site-packages/aiogram/methods/base.py", line 84, in emit
    return await bot(self)
           ^^^^^^^^^^^^^^^
  File "/home/admin/.local/lib/python3.11/site-packages/aiogram/client/bot.py", line 478, in __call__
    return await self.session(self, method, timeout=request_timeout)
           ^^^^^^^^^^^^^^^^^^^^^^^^^^^^^^^^^^^^^^^^^^^^^^^^^^^^^^^^^
  File "/home/admin/.local/lib/python3.11/site-packages/aiogram/client/session/base.py", line 254, in __call__
    return cast(TelegramType, await middleware(bot, method))
                              ^^^^^^^^^^^^^^^^^^^^^^^^^^^^^
  File "/home/admin/.local/lib/python3.11/site-packages/aiogram/client/session/aiohttp.py", line 185, in make_request
    response = self.check_response(
               ^^^^^^^^^^^^^^^^^^^^
  File "/home/admin/.local/lib/python3.11/site-packages/aiogram/client/session/base.py", line 120, in check_response
    raise TelegramBadRequest(method=method, message=description)
aiogram.exceptions.TelegramBadRequest: Telegram server says - Bad Request: there is no text in the message to edit

During handling of the above exception, another exception occurred:

Traceback (most recent call last):
  File "/home/admin/.local/lib/python3.11/site-packages/aiogram/dispatcher/dispatcher.py", line 309, in _process_update
    response = await self.feed_update(bot, update, **kwargs)
               ^^^^^^^^^^^^^^^^^^^^^^^^^^^^^^^^^^^^^^^^^^^^^
  File "/home/admin/.local/lib/python3.11/site-packages/aiogram/dispatcher/dispatcher.py", line 158, in feed_update
    response = await self.update.wrap_outer_middleware(
               ^^^^^^^^^^^^^^^^^^^^^^^^^^^^^^^^^^^^^^^^
  File "/home/admin/.local/lib/python3.11/site-packages/aiogram/dispatcher/middlewares/error.py", line 25, in __call__
    return await handler(event, data)
           ^^^^^^^^^^^^^^^^^^^^^^^^^^
  File "/home/admin/.local/lib/python3.11/site-packages/aiogram/dispatcher/middlewares/user_context.py", line 56, in __call__
    return await handler(event, data)
           ^^^^^^^^^^^^^^^^^^^^^^^^^^
  File "/home/admin/.local/lib/python3.11/site-packages/aiogram/fsm/middleware.py", line 42, in __call__
    return await handler(event, data)
           ^^^^^^^^^^^^^^^^^^^^^^^^^^
  File "/home/admin/.local/lib/python3.11/site-packages/aiogram/dispatcher/event/telegram.py", line 121, in trigger
    return await wrapped_inner(event, kwargs)
           ^^^^^^^^^^^^^^^^^^^^^^^^^^^^^^^^^^
  File "/home/admin/.local/lib/python3.11/site-packages/aiogram/dispatcher/event/handler.py", line 43, in call
    return await wrapped()
           ^^^^^^^^^^^^^^^
  File "/home/admin/.local/lib/python3.11/site-packages/aiogram/dispatcher/dispatcher.py", line 276, in _listen_update
    return await self.propagate_event(update_type=update_type, event=event, **kwargs)
           ^^^^^^^^^^^^^^^^^^^^^^^^^^^^^^^^^^^^^^^^^^^^^^^^^^^^^^^^^^^^^^^^^^^^^^^^^^
  File "/home/admin/.local/lib/python3.11/site-packages/aiogram/dispatcher/router.py", line 146, in propagate_event
    return await observer.wrap_outer_middleware(_wrapped, event=event, data=kwargs)
           ^^^^^^^^^^^^^^^^^^^^^^^^^^^^^^^^^^^^^^^^^^^^^^^^^^^^^^^^^^^^^^^^^^^^^^^^
  File "/home/admin/.local/lib/python3.11/site-packages/aiogram/dispatcher/router.py", line 141, in _wrapped
    return await self._propagate_event(
           ^^^^^^^^^^^^^^^^^^^^^^^^^^^^
  File "/home/admin/.local/lib/python3.11/site-packages/aiogram/dispatcher/router.py", line 166, in _propagate_event
    response = await observer.trigger(event, **kwargs)
               ^^^^^^^^^^^^^^^^^^^^^^^^^^^^^^^^^^^^^^^
  File "/home/admin/.local/lib/python3.11/site-packages/aiogram/dispatcher/event/telegram.py", line 121, in trigger
    return await wrapped_inner(event, kwargs)
           ^^^^^^^^^^^^^^^^^^^^^^^^^^^^^^^^^^
  File "/home/admin/.local/lib/python3.11/site-packages/aiogram/dispatcher/event/handler.py", line 43, in call
    return await wrapped()
           ^^^^^^^^^^^^^^^
  File "/home/admin/DLMaster/plugins/start_plugin.py", line 134, in show_commands
    await callback.answer("❌ Xəta baş verdi!", show_alert=True)
  File "/home/admin/.local/lib/python3.11/site-packages/aiogram/methods/base.py", line 84, in emit
    return await bot(self)
           ^^^^^^^^^^^^^^^
  File "/home/admin/.local/lib/python3.11/site-packages/aiogram/client/bot.py", line 478, in __call__
    return await self.session(self, method, timeout=request_timeout)
           ^^^^^^^^^^^^^^^^^^^^^^^^^^^^^^^^^^^^^^^^^^^^^^^^^^^^^^^^^
  File "/home/admin/.local/lib/python3.11/site-packages/aiogram/client/session/base.py", line 254, in __call__
    return cast(TelegramType, await middleware(bot, method))
                              ^^^^^^^^^^^^^^^^^^^^^^^^^^^^^
  File "/home/admin/.local/lib/python3.11/site-packages/aiogram/client/session/aiohttp.py", line 185, in make_request
    response = self.check_response(
               ^^^^^^^^^^^^^^^^^^^^
  File "/home/admin/.local/lib/python3.11/site-packages/aiogram/client/session/base.py", line 120, in check_response
    raise TelegramBadRequest(method=method, message=description)
aiogram.exceptions.TelegramBadRequest: Telegram server says - Bad Request: query is too old and response timeout expired or query ID is invalid
2025.04.22 11:58:58 aiogram.event        INFO     Update id=511759894 is handled. Duration 1 ms by bot id=8095621527
2025.04.22 11:59:03 core.youtube_handler INFO     Audio faylı uğurla yükləndi: download/Mehdi Faraji - Şeytan Olum Sen Mene Daş Atginan ( Tam Versiya )_V9zrC4Dmcyw.m4a
2025.04.22 11:59:03 plugins.youtube_plugin INFO     Sswurad downloaded: Mehdi Faraji - Şeytan Olum Sen Mene Daş Atginan ( Tam Versiya ) by Unknown from youtube_playlist
2025.04.22 11:59:03 core.youtube_handler INFO     Audio faylı yüklənir: https://youtu.be/2fIjnYyfET0
2025.04.22 11:59:03 core.webprofile      INFO     Seçilmiş User-Agent: Mozilla/5.0 (X11; Ubuntu; Linux x86_64; rv:120.0) Gecko/20100101 Firefox/120.0
2025.04.22 11:59:03 core.youtube_handler INFO     firefox brauzerindən cookies istifadə edilir.
2025.04.22 11:59:28 core.youtube_handler INFO     Audio faylı uğurla yükləndi: download/RIO - Qaraçuxurda Hustle (Official Music Video)_2fIjnYyfET0.m4a
2025.04.22 11:59:29 plugins.youtube_plugin INFO     Sswurad downloaded: RIO - Qaraçuxurda Hustle (Official Music Video) by Unknown from youtube_playlist
2025.04.22 11:59:29 core.youtube_handler INFO     Audio faylı yüklənir: https://youtu.be/dKEzNS1n7KM
2025.04.22 11:59:29 core.webprofile      INFO     Seçilmiş User-Agent: Mozilla/5.0 (Windows NT 10.0; Win64; x64; rv:120.0) Gecko/20100101 Firefox/120.0
2025.04.22 11:59:29 core.youtube_handler INFO     firefox brauzerindən cookies istifadə edilir.
2025.04.22 11:59:55 core.youtube_handler INFO     Audio faylı uğurla yükləndi: download/SAYBU ft. Ogb - Sennen bir muddet ayri qalmaq_dKEzNS1n7KM.m4a
2025.04.22 11:59:55 plugins.youtube_plugin INFO     Sswurad downloaded: SAYBU ft. Ogb - Sennen bir muddet ayri qalmaq by Unknown from youtube_playlist
2025.04.22 11:59:55 core.youtube_handler INFO     Audio faylı yüklənir: https://youtu.be/pYTjk22pAFU
2025.04.22 11:59:55 core.webprofile      INFO     Seçilmiş User-Agent: Mozilla/5.0 (Windows NT 10.0; Win64; x64) AppleWebKit/537.36 (KHTML, like Gecko) Edge/120.0.0.0 Safari/537.36
2025.04.22 11:59:55 core.youtube_handler INFO     firefox brauzerindən cookies istifadə edilir.
2025.04.22 12:00:18 core.youtube_handler INFO     Audio faylı uğurla yükləndi: download/Nataone - Məsafələr (Rəsmi Musiqi)_pYTjk22pAFU.m4a
2025.04.22 12:00:19 plugins.youtube_plugin INFO     Sswurad downloaded: Nataone - Məsafələr (Rəsmi Musiqi) by Unknown from youtube_playlist
2025.04.22 12:00:19 core.youtube_handler INFO     Audio faylı yüklənir: https://youtu.be/Awcv-kj7VG0
2025.04.22 12:00:19 core.webprofile      INFO     Seçilmiş User-Agent: Mozilla/5.0 (X11; Linux x86_64) AppleWebKit/537.36 (KHTML, like Gecko) Chrome/122.0.0.0 Safari/537.36
2025.04.22 12:00:19 core.youtube_handler INFO     firefox brauzerindən cookies istifadə edilir.
2025.04.22 12:00:39 core.youtube_handler INFO     Audio faylı uğurla yükləndi: download/MegaBeatsZ - Seriy Popuqay Remix ( ft. Eyyub Yaqubov )_Awcv-kj7VG0.m4a
2025.04.22 12:00:39 plugins.youtube_plugin INFO     Sswurad downloaded: MegaBeatsZ - Seriy Popuqay Remix ( ft. Eyyub Yaqubov ) by Unknown from youtube_playlist
2025.04.22 12:00:39 core.youtube_handler INFO     Audio faylı yüklənir: https://youtu.be/GcGPedcPsOs
2025.04.22 12:00:39 core.webprofile      INFO     Seçilmiş User-Agent: Mozilla/5.0 (Windows NT 10.0; Win64; x64; rv:120.0) Gecko/20100101 Firefox/120.0
2025.04.22 12:00:39 core.youtube_handler INFO     firefox brauzerindən cookies istifadə edilir.
2025.04.22 12:01:02 core.youtube_handler INFO     Audio faylı uğurla yükləndi: download/Emrah Karaduman - Cevapsiz Cinlama ft. Aleyna Tilki_GcGPedcPsOs.m4a
2025.04.22 12:01:03 plugins.youtube_plugin INFO     Sswurad downloaded: Emrah Karaduman - Cevapsiz Cinlama ft. Aleyna Tilki by Unknown from youtube_playlist
2025.04.22 12:01:03 core.youtube_handler INFO     Audio faylı yüklənir: https://youtu.be/Tb-zjsEqr1k
2025.04.22 12:01:03 core.webprofile      INFO     Seçilmiş User-Agent: Mozilla/5.0 (Macintosh; Intel Mac OS X 10_15_7) AppleWebKit/537.36 (KHTML, like Gecko) Chrome/122.0.0.0 Safari/537.36
2025.04.22 12:01:03 core.youtube_handler INFO     firefox brauzerindən cookies istifadə edilir.
2025.04.22 12:01:17 aiogram.event        INFO     Update id=511759895 is handled. Duration 1 ms by bot id=8095621527
2025.04.22 12:01:26 core.youtube_handler INFO     Audio faylı uğurla yükləndi: download/Tugba Yurt - Inceden Inceden_Tb-zjsEqr1k.m4a
2025.04.22 12:01:26 plugins.youtube_plugin INFO     Sswurad downloaded: Tugba Yurt - Inceden Inceden by Unknown from youtube_playlist
2025.04.22 12:01:26 core.youtube_handler INFO     Audio faylı yüklənir: https://youtu.be/aDoZkHnNaI8
2025.04.22 12:01:26 core.webprofile      INFO     Seçilmiş User-Agent: Mozilla/5.0 (X11; Linux x86_64) AppleWebKit/537.36 (KHTML, like Gecko) Chrome/122.0.0.0 Safari/537.36
2025.04.22 12:01:26 core.youtube_handler INFO     firefox brauzerindən cookies istifadə edilir.
2025.04.22 12:01:53 core.youtube_handler INFO     Audio faylı uğurla yükləndi: download/Simge - Yankı_aDoZkHnNaI8.m4a
2025.04.22 12:01:53 plugins.youtube_plugin INFO     Sswurad downloaded: Simge - Yankı by Unknown from youtube_playlist
2025.04.22 12:01:53 core.youtube_handler INFO     Audio faylı yüklənir: https://youtu.be/aO_kszAY8EA
2025.04.22 12:01:53 core.webprofile      INFO     Seçilmiş User-Agent: Mozilla/5.0 (Linux; Android 14; SM-G998B) AppleWebKit/537.36 (KHTML, like Gecko) Chrome/122.0.0.0 Mobile Safari/537.36
2025.04.22 12:01:53 core.youtube_handler INFO     firefox brauzerindən cookies istifadə edilir.
2025.04.22 12:02:18 core.youtube_handler INFO     Audio faylı uğurla yükləndi: download/Roya - Ayriliq_aO_kszAY8EA.m4a
2025.04.22 12:02:19 plugins.youtube_plugin INFO     Sswurad downloaded: Roya - Ayriliq by Unknown from youtube_playlist
2025.04.22 12:02:19 core.youtube_handler INFO     Audio faylı yüklənir: https://youtu.be/8cgDV-p8Jp8
2025.04.22 12:02:19 core.webprofile      INFO     Seçilmiş User-Agent: Mozilla/5.0 (iPad; CPU OS 17_2 like Mac OS X) AppleWebKit/605.1.15 (KHTML, like Gecko) Version/17.2 Mobile/15E148 Safari/604.1
2025.04.22 12:02:19 core.youtube_handler INFO     firefox brauzerindən cookies istifadə edilir.
2025.04.22 12:02:40 core.youtube_handler INFO     Audio faylı uğurla yükləndi: download/Röya - Xatirələr_8cgDV-p8Jp8.m4a
2025.04.22 12:02:40 plugins.youtube_plugin INFO     Sswurad downloaded: Röya - Xatirələr by Unknown from youtube_playlist
2025.04.22 12:02:40 core.youtube_handler INFO     Audio faylı yüklənir: https://youtu.be/JE_N9m8-jHI
2025.04.22 12:02:40 core.webprofile      INFO     Seçilmiş User-Agent: Mozilla/5.0 (Linux; Android 14; SM-G998B) AppleWebKit/537.36 (KHTML, like Gecko) Chrome/122.0.0.0 Mobile Safari/537.36
2025.04.22 12:02:40 core.youtube_handler INFO     firefox brauzerindən cookies istifadə edilir.
2025.04.22 12:03:04 core.youtube_handler INFO     Audio faylı uğurla yükləndi: download/Kazim Can – Leylam (Official Video)_JE_N9m8-jHI.m4a
2025.04.22 12:03:05 plugins.youtube_plugin INFO     Sswurad downloaded: Kazim Can – Leylam (Official Video) by Unknown from youtube_playlist
2025.04.22 12:03:05 core.youtube_handler INFO     Audio faylı yüklənir: https://youtu.be/cYIkEKV34fQ
2025.04.22 12:03:05 core.webprofile      INFO     Seçilmiş User-Agent: Mozilla/5.0 (Linux; Android 14; SM-G998B) AppleWebKit/537.36 (KHTML, like Gecko) Chrome/122.0.0.0 Mobile Safari/537.36
2025.04.22 12:03:05 core.youtube_handler INFO     firefox brauzerindən cookies istifadə edilir.
2025.04.22 12:03:27 core.youtube_handler INFO     Audio faylı uğurla yükləndi: download/Röya – Zülmətəm (Rəsmi Musiqi Videosu)_cYIkEKV34fQ.m4a
2025.04.22 12:03:27 plugins.youtube_plugin INFO     Sswurad downloaded: Röya – Zülmətəm (Rəsmi Musiqi Videosu) by Unknown from youtube_playlist
2025.04.22 12:03:27 core.youtube_handler INFO     Audio faylı yüklənir: https://youtu.be/CN-qK5l3awM
2025.04.22 12:03:27 core.webprofile      INFO     Seçilmiş User-Agent: Mozilla/5.0 (iPad; CPU OS 17_2 like Mac OS X) AppleWebKit/605.1.15 (KHTML, like Gecko) Version/17.2 Mobile/15E148 Safari/604.1
2025.04.22 12:03:27 core.youtube_handler INFO     firefox brauzerindən cookies istifadə edilir.
2025.04.22 12:03:52 core.youtube_handler INFO     Audio faylı uğurla yükləndi: download/MegaBeatsZ - Hesret Neğmesi Remix (ft. Röya x Tunar)_CN-qK5l3awM.m4a
2025.04.22 12:03:52 plugins.youtube_plugin INFO     Sswurad downloaded: MegaBeatsZ - Hesret Neğmesi Remix (ft. Röya x Tunar) by Unknown from youtube_playlist
2025.04.22 12:03:52 core.youtube_handler INFO     Audio faylı yüklənir: https://youtu.be/7E2bNMzOt60
2025.04.22 12:03:52 core.webprofile      INFO     Seçilmiş User-Agent: Mozilla/5.0 (X11; Ubuntu; Linux x86_64; rv:120.0) Gecko/20100101 Firefox/120.0
2025.04.22 12:03:52 core.youtube_handler INFO     firefox brauzerindən cookies istifadə edilir.
2025.04.22 12:04:11 aiogram.event        INFO     Update id=511759896 is handled. Duration 1 ms by bot id=8095621527
2025.04.22 12:04:16 core.youtube_handler INFO     Audio faylı uğurla yükləndi: download/Bir İmkansız Var_7E2bNMzOt60.m4a
2025.04.22 12:04:16 plugins.youtube_plugin INFO     Sswurad downloaded: Bir İmkansız Var by Unknown from youtube_playlist
2025.04.22 12:04:16 core.youtube_handler INFO     Audio faylı yüklənir: https://youtu.be/jeDBZpT7-RI
2025.04.22 12:04:16 core.webprofile      INFO     Seçilmiş User-Agent: Mozilla/5.0 (X11; Ubuntu; Linux x86_64; rv:120.0) Gecko/20100101 Firefox/120.0
2025.04.22 12:04:16 core.youtube_handler INFO     firefox brauzerindən cookies istifadə edilir.
2025.04.22 12:04:39 core.youtube_handler INFO     Audio faylı uğurla yükləndi: download/Simge - Üzülmedin mi_jeDBZpT7-RI.m4a
2025.04.22 12:04:39 plugins.youtube_plugin INFO     Sswurad downloaded: Simge - Üzülmedin mi? by Unknown from youtube_playlist
2025.04.22 12:04:39 core.youtube_handler INFO     Audio faylı yüklənir: https://youtu.be/9TSf2k03HPA
2025.04.22 12:04:39 core.webprofile      INFO     Seçilmiş User-Agent: Mozilla/5.0 (Windows NT 10.0; Win64; x64; rv:120.0) Gecko/20100101 Firefox/120.0
2025.04.22 12:04:39 core.youtube_handler INFO     firefox brauzerindən cookies istifadə edilir.
2025.04.22 12:05:03 core.youtube_handler INFO     Audio faylı uğurla yükləndi: download/KÖFN - Bi' Tek Ben Anlarım - (Official Video)_9TSf2k03HPA.m4a
2025.04.22 12:05:03 plugins.youtube_plugin INFO     Sswurad downloaded: KÖFN - Bi' Tek Ben Anlarım - (Official Video) by Unknown from youtube_playlist
2025.04.22 12:05:03 core.youtube_handler INFO     Audio faylı yüklənir: https://youtu.be/surXjNO8Nrk
2025.04.22 12:05:03 core.webprofile      INFO     Seçilmiş User-Agent: Mozilla/5.0 (Macintosh; Intel Mac OS X 10_15_7) AppleWebKit/537.36 (KHTML, like Gecko) Chrome/122.0.0.0 Safari/537.36
2025.04.22 12:05:03 core.youtube_handler INFO     firefox brauzerindən cookies istifadə edilir.
2025.04.22 12:05:25 core.youtube_handler INFO     Audio faylı uğurla yükləndi: download/Aygün Kazımova - Vəfasızlar Unudulmur (Rəsmi Musiqi Videosu)_surXjNO8Nrk.m4a
2025.04.22 12:05:25 plugins.youtube_plugin INFO     Sswurad downloaded: Aygün Kazımova - Vəfasızlar Unudulmur (Rəsmi Musiqi Videosu) by Unknown from youtube_playlist
2025.04.22 12:05:25 core.youtube_handler INFO     Audio faylı yüklənir: https://youtu.be/_lN1nmCb-bA
2025.04.22 12:05:25 core.webprofile      INFO     Seçilmiş User-Agent: Mozilla/5.0 (Windows NT 10.0; Win64; x64) AppleWebKit/537.36 (KHTML, like Gecko) Edge/120.0.0.0 Safari/537.36
2025.04.22 12:05:25 core.youtube_handler INFO     firefox brauzerindən cookies istifadə edilir.
2025.04.22 12:05:45 core.youtube_handler INFO     Audio faylı uğurla yükləndi: download/Indi Get__lN1nmCb-bA.m4a
2025.04.22 12:05:45 plugins.youtube_plugin INFO     Sswurad downloaded: Indi Get by Unknown from youtube_playlist
2025.04.22 12:05:45 core.youtube_handler INFO     Audio faylı yüklənir: https://youtu.be/3i6klDuh0Kg
2025.04.22 12:05:45 core.webprofile      INFO     Seçilmiş User-Agent: Mozilla/5.0 (X11; Ubuntu; Linux x86_64; rv:120.0) Gecko/20100101 Firefox/120.0
2025.04.22 12:05:45 core.youtube_handler INFO     firefox brauzerindən cookies istifadə edilir.
2025.04.22 12:06:08 aiogram.event        INFO     Update id=511759897 is handled. Duration 1 ms by bot id=8095621527
2025.04.22 12:06:09 core.youtube_handler INFO     Audio faylı uğurla yükləndi: download/Ва Марьяна_3i6klDuh0Kg.m4a
2025.04.22 12:06:09 plugins.youtube_plugin INFO     Sswurad downloaded: Ва Марьяна by Unknown from youtube_playlist
2025.04.22 12:06:09 core.youtube_handler INFO     Audio faylı yüklənir: https://youtu.be/vx1bFjw7QZ0
2025.04.22 12:06:09 core.webprofile      INFO     Seçilmiş User-Agent: Mozilla/5.0 (Macintosh; Intel Mac OS X 10_15_7) AppleWebKit/537.36 (KHTML, like Gecko) Chrome/122.0.0.0 Safari/537.36
2025.04.22 12:06:09 core.youtube_handler INFO     firefox brauzerindən cookies istifadə edilir.
2025.04.22 12:06:11 aiogram.event        INFO     Update id=511759898 is handled. Duration 1 ms by bot id=8095621527
2025.04.22 12:06:15 aiogram.event        INFO     Update id=511759899 is handled. Duration 1 ms by bot id=8095621527
2025.04.22 12:06:21 aiogram.event        INFO     Update id=511759900 is handled. Duration 1 ms by bot id=8095621527
2025.04.22 12:06:34 core.youtube_handler INFO     Audio faylı uğurla yükləndi: download/Miri Yusif ft. Röya — Səndən1Dənədir (Rəsmi Audio)_vx1bFjw7QZ0.m4a
2025.04.22 12:06:35 plugins.youtube_plugin INFO     Sswurad downloaded: Miri Yusif ft. Röya — Səndən1Dənədir (Rəsmi Audio) by Unknown from youtube_playlist
2025.04.22 12:06:35 core.youtube_handler INFO     Audio faylı yüklənir: https://youtu.be/sK66yT3lOoU
2025.04.22 12:06:35 core.webprofile      INFO     Seçilmiş User-Agent: Mozilla/5.0 (Windows NT 10.0; Win64; x64; rv:120.0) Gecko/20100101 Firefox/120.0
2025.04.22 12:06:35 core.youtube_handler INFO     firefox brauzerindən cookies istifadə edilir.
2025.04.22 12:06:39 aiogram.event        INFO     Update id=511759901 is handled. Duration 1 ms by bot id=8095621527
2025.04.22 12:06:59 core.youtube_handler INFO     Audio faylı uğurla yükləndi: download/Lvbel C5 - DOĞUŞTAN BERİ HAKLIYIM (tmm)_sK66yT3lOoU.m4a
2025.04.22 12:06:59 plugins.youtube_plugin INFO     Sswurad downloaded: Lvbel C5 - DOĞUŞTAN BERİ HAKLIYIM (tmm) by Unknown from youtube_playlist
2025.04.22 12:06:59 core.youtube_handler INFO     Audio faylı yüklənir: https://youtu.be/pI9rRex40Lk
2025.04.22 12:06:59 core.webprofile      INFO     Seçilmiş User-Agent: Mozilla/5.0 (Linux; Android 14; Pixel 8 Pro) AppleWebKit/537.36 (KHTML, like Gecko) Chrome/122.0.0.0 Mobile Safari/537.36
2025.04.22 12:06:59 core.youtube_handler INFO     firefox brauzerindən cookies istifadə edilir.
2025.04.22 12:07:04 aiogram.event        INFO     Update id=511759902 is handled. Duration 1 ms by bot id=8095621527
2025.04.22 12:07:20 core.youtube_handler INFO     Audio faylı uğurla yükləndi: download/LVBEL C5 - nE!_pI9rRex40Lk.m4a
2025.04.22 12:07:20 plugins.youtube_plugin INFO     Sswurad downloaded: LVBEL C5 - nE?! by Unknown from youtube_playlist
2025.04.22 12:07:20 core.youtube_handler INFO     Audio faylı yüklənir: https://youtu.be/lZrQ2ha6aEI
2025.04.22 12:07:20 core.webprofile      INFO     Seçilmiş User-Agent: Mozilla/5.0 (Windows NT 10.0; Win64; x64) AppleWebKit/537.36 (KHTML, like Gecko) Chrome/122.0.0.0 Safari/537.36
2025.04.22 12:07:20 core.youtube_handler INFO     firefox brauzerindən cookies istifadə edilir.
2025.04.22 12:07:23 aiogram.event        INFO     Update id=511759903 is handled. Duration 1 ms by bot id=8095621527
2025.04.22 12:07:25 aiogram.event        INFO     Update id=511759904 is handled. Duration 1 ms by bot id=8095621527
2025.04.22 12:07:32 aiogram.event        INFO     Update id=511759905 is handled. Duration 1 ms by bot id=8095621527
2025.04.22 12:07:40 core.youtube_handler INFO     Audio faylı uğurla yükləndi: download/RIO — Prison Break (Official Music Video)_lZrQ2ha6aEI.m4a
2025.04.22 12:07:41 plugins.youtube_plugin INFO     Sswurad downloaded: RIO — Prison Break (Official Music Video) by Unknown from youtube_playlist
2025.04.22 12:07:41 core.youtube_handler INFO     Audio faylı yüklənir: https://youtu.be/31eOI1YT_0Y
2025.04.22 12:07:41 core.webprofile      INFO     Seçilmiş User-Agent: Mozilla/5.0 (Windows NT 10.0; Win64; x64) AppleWebKit/537.36 (KHTML, like Gecko) Edge/120.0.0.0 Safari/537.36
2025.04.22 12:07:41 core.youtube_handler INFO     firefox brauzerindən cookies istifadə edilir.
2025.04.22 12:07:43 aiogram.event        INFO     Update id=511759906 is handled. Duration 1 ms by bot id=8095621527
2025.04.22 12:07:54 core.youtube_handler INFO     Audio faylı uğurla yükləndi: download/Semicenk - Sevecek Sandım_31eOI1YT_0Y.m4a
2025.04.22 12:07:55 plugins.youtube_plugin INFO     Sswurad downloaded: Semicenk - Sevecek Sandım by Unknown from youtube_playlist
2025.04.22 12:07:55 core.youtube_handler INFO     Audio faylı yüklənir: https://youtu.be/bz7KErxTsls
2025.04.22 12:07:55 core.webprofile      INFO     Seçilmiş User-Agent: Mozilla/5.0 (Macintosh; Intel Mac OS X 10_15_7) AppleWebKit/537.36 (KHTML, like Gecko) Chrome/122.0.0.0 Safari/537.36
2025.04.22 12:07:55 core.youtube_handler INFO     firefox brauzerindən cookies istifadə edilir.
2025.04.22 12:08:08 core.youtube_handler INFO     Audio faylı uğurla yükləndi: download/SAYBU - Oğru ft. Kazım Can, OGB (prod by GEE WRLD)_bz7KErxTsls.m4a
2025.04.22 12:08:08 plugins.youtube_plugin INFO     Sswurad downloaded: SAYBU - Oğru ft. Kazım Can, OGB (prod by GEE WRLD) by Unknown from youtube_playlist
2025.04.22 12:08:08 core.youtube_handler INFO     Audio faylı yüklənir: https://youtu.be/N4EFxh1XRis
2025.04.22 12:08:08 core.webprofile      INFO     Seçilmiş User-Agent: Mozilla/5.0 (Windows NT 10.0; Win64; x64) AppleWebKit/537.36 (KHTML, like Gecko) Chrome/122.0.0.0 Safari/537.36
2025.04.22 12:08:08 core.youtube_handler INFO     firefox brauzerindən cookies istifadə edilir.
2025.04.22 12:08:15 aiogram.event        INFO     Update id=511759907 is handled. Duration 1 ms by bot id=8095621527
2025.04.22 12:08:20 core.youtube_handler INFO     Audio faylı uğurla yükləndi: download/Başıma Belasın_N4EFxh1XRis.m4a
2025.04.22 12:08:20 plugins.youtube_plugin INFO     Sswurad downloaded: Başıma Belasın by Unknown from youtube_playlist
2025.04.22 12:08:20 core.youtube_handler INFO     Audio faylı yüklənir: https://youtu.be/sui9MKrDnQk
2025.04.22 12:08:20 core.webprofile      INFO     Seçilmiş User-Agent: Mozilla/5.0 (Linux; Android 14; SM-G998B) AppleWebKit/537.36 (KHTML, like Gecko) Chrome/122.0.0.0 Mobile Safari/537.36
2025.04.22 12:08:20 core.youtube_handler INFO     firefox brauzerindən cookies istifadə edilir.
2025.04.22 12:08:34 core.youtube_handler INFO     Audio faylı uğurla yükləndi: download/Hadise - Sıfır Tolerans_sui9MKrDnQk.m4a
2025.04.22 12:08:34 plugins.youtube_plugin INFO     Sswurad downloaded: Hadise - Sıfır Tolerans by Unknown from youtube_playlist
2025.04.22 12:08:34 core.youtube_handler INFO     Audio faylı yüklənir: https://youtu.be/zr_c5rqvSg4
2025.04.22 12:08:34 core.webprofile      INFO     Seçilmiş User-Agent: Mozilla/5.0 (Linux; Android 14; SM-G998B) AppleWebKit/537.36 (KHTML, like Gecko) Chrome/122.0.0.0 Mobile Safari/537.36
2025.04.22 12:08:34 core.youtube_handler INFO     firefox brauzerindən cookies istifadə edilir.
2025.04.22 12:08:53 core.youtube_handler INFO     Audio faylı uğurla yükləndi: download/INNA - Deja Vu (feat. Bob Taylor) [Official Music Video]_zr_c5rqvSg4.m4a
2025.04.22 12:08:53 plugins.youtube_plugin INFO     Sswurad downloaded: INNA - Deja Vu (feat. Bob Taylor) [Official Music Video] by Unknown from youtube_playlist
2025.04.22 12:08:53 core.youtube_handler INFO     Audio faylı yüklənir: https://youtu.be/DCWvMLMwU-Q
2025.04.22 12:08:53 core.webprofile      INFO     Seçilmiş User-Agent: Mozilla/5.0 (iPhone; CPU iPhone OS 17_2 like Mac OS X) AppleWebKit/605.1.15 (KHTML, like Gecko) Version/17.2 Mobile/15E148 Safari/604.1
2025.04.22 12:08:53 core.youtube_handler INFO     firefox brauzerindən cookies istifadə edilir.
2025.04.22 12:09:08 core.youtube_handler INFO     Audio faylı uğurla yükləndi: download/Ahmed Mustafayev — Nə Mənası (Rəsmi Musiqi Videosu)_DCWvMLMwU-Q.m4a
2025.04.22 12:09:08 plugins.youtube_plugin INFO     Sswurad downloaded: Ahmed Mustafayev — Nə Mənası? (Rəsmi Musiqi Videosu) by Unknown from youtube_playlist
2025.04.22 12:09:08 core.youtube_handler INFO     Audio faylı yüklənir: https://youtu.be/lVlmmkHAHUk
2025.04.22 12:09:08 core.webprofile      INFO     Seçilmiş User-Agent: Mozilla/5.0 (Windows NT 10.0; Win64; x64) AppleWebKit/537.36 (KHTML, like Gecko) Edge/120.0.0.0 Safari/537.36
2025.04.22 12:09:08 core.youtube_handler INFO     firefox brauzerindən cookies istifadə edilir.
2025.04.22 12:09:21 core.youtube_handler INFO     Audio faylı uğurla yükləndi: download/Nur Cəfərli x Ruzigar Qədirov — Qara Gözlüm (Rəsmi Musiqi Videosu)_lVlmmkHAHUk.m4a
2025.04.22 12:09:21 plugins.youtube_plugin INFO     Sswurad downloaded: Nur Cəfərli x Ruzigar Qədirov — Qara Gözlüm (Rəsmi Musiqi Videosu) by Unknown from youtube_playlist
2025.04.22 12:09:21 core.youtube_handler INFO     Audio faylı yüklənir: https://youtu.be/B88PCLOnpFk
2025.04.22 12:09:21 core.webprofile      INFO     Seçilmiş User-Agent: Mozilla/5.0 (X11; Linux x86_64) AppleWebKit/537.36 (KHTML, like Gecko) Chrome/122.0.0.0 Safari/537.36
2025.04.22 12:09:21 core.youtube_handler INFO     firefox brauzerindən cookies istifadə edilir.
2025.04.22 12:09:36 core.youtube_handler INFO     Audio faylı uğurla yükləndi: download/Dj Aqil & Aygün Kazımova & Namiq Qaracuxurlu - Baglaniram 2 ( Remix )_B88PCLOnpFk.m4a
2025.04.22 12:09:37 plugins.youtube_plugin INFO     Sswurad downloaded: Dj Aqil & Aygün Kazımova & Namiq Qaracuxurlu - Baglaniram 2 ( Remix ) by Unknown from youtube_playlist
2025.04.22 12:09:37 core.youtube_handler INFO     Audio faylı yüklənir: https://youtu.be/GYECA8xN7T4
2025.04.22 12:09:37 core.webprofile      INFO     Seçilmiş User-Agent: Mozilla/5.0 (Macintosh; Intel Mac OS X 10_15_7) AppleWebKit/537.36 (KHTML, like Gecko) Chrome/122.0.0.0 Safari/537.36
2025.04.22 12:09:37 core.youtube_handler INFO     firefox brauzerindən cookies istifadə edilir.
2025.04.22 12:09:55 core.youtube_handler INFO     Audio faylı uğurla yükləndi: download/Lotular_GYECA8xN7T4.m4a
2025.04.22 12:09:55 plugins.youtube_plugin INFO     Sswurad downloaded: Lotular by Unknown from youtube_playlist
2025.04.22 12:09:55 core.youtube_handler INFO     Audio faylı yüklənir: https://youtu.be/sCQTQf4RfCk
2025.04.22 12:09:55 core.webprofile      INFO     Seçilmiş User-Agent: Mozilla/5.0 (iPhone; CPU iPhone OS 17_2 like Mac OS X) AppleWebKit/605.1.15 (KHTML, like Gecko) Version/17.2 Mobile/15E148 Safari/604.1
2025.04.22 12:09:55 core.youtube_handler INFO     firefox brauzerindən cookies istifadə edilir.
2025.04.22 12:10:12 core.youtube_handler INFO     Audio faylı uğurla yükləndi: download/Ağa Məmmədov  Vəsiyyət (Qardaşım Oğluna Adımı Qoyarsız)_sCQTQf4RfCk.m4a
2025.04.22 12:10:12 plugins.youtube_plugin INFO     Sswurad downloaded: Ağa Məmmədov / Vəsiyyət (Qardaşım Oğluna Adımı Qoyarsız) by Unknown from youtube_playlist
2025.04.22 12:10:12 core.youtube_handler INFO     Audio faylı yüklənir: https://youtu.be/6rrnJOLfmvw
2025.04.22 12:10:12 core.webprofile      INFO     Seçilmiş User-Agent: Mozilla/5.0 (Linux; Android 14; SM-G998B) AppleWebKit/537.36 (KHTML, like Gecko) Chrome/122.0.0.0 Mobile Safari/537.36
2025.04.22 12:10:12 core.youtube_handler INFO     firefox brauzerindən cookies istifadə edilir.
2025.04.22 12:10:26 core.youtube_handler INFO     Audio faylı uğurla yükləndi: download/Серый Попугай_6rrnJOLfmvw.m4a
2025.04.22 12:10:27 plugins.youtube_plugin INFO     Sswurad downloaded: Серый Попугай by Unknown from youtube_playlist
2025.04.22 12:10:27 core.youtube_handler INFO     Audio faylı yüklənir: https://youtu.be/CaBW6qTkD1o
2025.04.22 12:10:27 core.webprofile      INFO     Seçilmiş User-Agent: Mozilla/5.0 (Linux; Android 14; Pixel 8 Pro) AppleWebKit/537.36 (KHTML, like Gecko) Chrome/122.0.0.0 Mobile Safari/537.36
2025.04.22 12:10:27 core.youtube_handler INFO     firefox brauzerindən cookies istifadə edilir.
2025.04.22 12:10:42 core.youtube_handler INFO     Audio faylı uğurla yükləndi: download/Röya - Ulduz Nəğməsi_CaBW6qTkD1o.m4a
2025.04.22 12:10:42 plugins.youtube_plugin INFO     Sswurad downloaded: Röya - Ulduz Nəğməsi by Unknown from youtube_playlist
2025.04.22 12:10:42 core.youtube_handler INFO     Audio faylı yüklənir: https://youtu.be/Z9P2jM2X5pI
2025.04.22 12:10:42 core.webprofile      INFO     Seçilmiş User-Agent: Mozilla/5.0 (Windows NT 10.0; Win64; x64) AppleWebKit/537.36 (KHTML, like Gecko) Edge/120.0.0.0 Safari/537.36
2025.04.22 12:10:42 core.youtube_handler INFO     firefox brauzerindən cookies istifadə edilir.
2025.04.22 12:10:51 aiogram.event        INFO     Update id=511759884 is not handled. Duration 788634 ms by bot id=8095621527
2025.04.22 12:10:56 plugins.youtube_plugin INFO     User 7786264973 cancelled download
2025.04.22 12:10:56 aiogram.event        INFO     Update id=511759908 is handled. Duration 5214 ms by bot id=8095621527
2025.04.22 12:13:33 aiogram.event        INFO     Update id=511759909 is handled. Duration 1 ms by bot id=8095621527
2025.04.22 12:14:22 aiogram.event        INFO     Update id=511759910 is handled. Duration 1 ms by bot id=8095621527
2025.04.22 12:14:43 aiogram.event        INFO     Update id=511759911 is handled. Duration 1 ms by bot id=8095621527
2025.04.22 12:14:47 aiogram.event        INFO     Update id=511759912 is handled. Duration 1 ms by bot id=8095621527
2025.04.22 12:14:48 aiogram.event        INFO     Update id=511759913 is handled. Duration 1 ms by bot id=8095621527
2025.04.22 12:15:04 aiogram.event        INFO     Update id=511759914 is handled. Duration 1 ms by bot id=8095621527
2025.04.22 12:15:04 aiogram.event        INFO     Update id=511759915 is handled. Duration 1 ms by bot id=8095621527
2025.04.22 12:15:05 aiogram.event        INFO     Update id=511759916 is handled. Duration 1 ms by bot id=8095621527
2025.04.22 12:15:32 aiogram.event        INFO     Update id=511759917 is handled. Duration 1 ms by bot id=8095621527
2025.04.22 12:16:10 aiogram.event        INFO     Update id=511759918 is handled. Duration 1 ms by bot id=8095621527
2025.04.22 12:16:32 aiogram.event        INFO     Update id=511759919 is handled. Duration 1 ms by bot id=8095621527
2025.04.22 12:16:35 aiogram.event        INFO     Update id=511759920 is handled. Duration 1 ms by bot id=8095621527
2025.04.22 12:16:44 aiogram.event        INFO     Update id=511759921 is handled. Duration 1 ms by bot id=8095621527
2025.04.22 12:16:59 aiogram.event        INFO     Update id=511759922 is handled. Duration 1 ms by bot id=8095621527
2025.04.22 12:17:21 aiogram.event        INFO     Update id=511759923 is handled. Duration 1 ms by bot id=8095621527
2025.04.22 12:17:24 aiogram.event        INFO     Update id=511759924 is handled. Duration 1 ms by bot id=8095621527
2025.04.22 12:17:45 aiogram.event        INFO     Update id=511759925 is handled. Duration 1 ms by bot id=8095621527
2025.04.22 12:17:55 aiogram.event        INFO     Update id=511759926 is handled. Duration 1 ms by bot id=8095621527
2025.04.22 12:17:58 aiogram.event        INFO     Update id=511759927 is handled. Duration 1 ms by bot id=8095621527
2025.04.22 12:18:21 aiogram.event        INFO     Update id=511759928 is handled. Duration 1 ms by bot id=8095621527
2025.04.22 12:24:04 aiogram.event        INFO     Update id=511759929 is not handled. Duration 0 ms by bot id=8095621527
2025.04.22 12:32:05 aiogram.event        INFO     Update id=511759930 is handled. Duration 1 ms by bot id=8095621527
2025.04.22 12:32:16 aiogram.event        INFO     Update id=511759931 is handled. Duration 1 ms by bot id=8095621527
2025.04.22 12:32:27 aiogram.event        INFO     Update id=511759932 is handled. Duration 1 ms by bot id=8095621527
2025.04.22 12:32:50 aiogram.event        INFO     Update id=511759933 is handled. Duration 1 ms by bot id=8095621527
2025.04.22 12:35:10 aiogram.dispatcher   ERROR    Failed to fetch updates - TelegramNetworkError: HTTP Client says - ClientOSError: [Errno 104] Connection reset by peer
2025.04.22 12:35:10 aiogram.dispatcher   WARNING  Sleep for 1.000000 seconds and try again... (tryings = 0, bot id = 8095621527)
2025.04.22 12:35:19 aiogram.dispatcher   INFO     Connection established (tryings = 1, bot id = 8095621527)
2025.04.22 12:35:19 aiogram.event        INFO     Update id=511759934 is handled. Duration 1 ms by bot id=8095621527
2025.04.22 12:35:25 aiogram.event        INFO     Update id=511759935 is handled. Duration 1 ms by bot id=8095621527
2025.04.22 12:35:33 aiogram.event        INFO     Update id=511759936 is handled. Duration 1 ms by bot id=8095621527
2025.04.22 12:35:36 aiogram.event        INFO     Update id=511759937 is handled. Duration 1 ms by bot id=8095621527
2025.04.22 12:35:39 aiogram.event        INFO     Update id=511759938 is handled. Duration 1 ms by bot id=8095621527
2025.04.22 12:35:41 aiogram.event        INFO     Update id=511759939 is handled. Duration 1 ms by bot id=8095621527
2025.04.22 12:35:45 aiogram.event        INFO     Update id=511759940 is handled. Duration 1 ms by bot id=8095621527
2025.04.22 12:35:53 aiogram.event        INFO     Update id=511759941 is handled. Duration 1 ms by bot id=8095621527
2025.04.22 12:36:37 aiogram.event        INFO     Update id=511759942 is handled. Duration 1 ms by bot id=8095621527
2025.04.22 12:36:55 aiogram.event        INFO     Update id=511759943 is handled. Duration 1 ms by bot id=8095621527
2025.04.22 12:37:08 aiogram.event        INFO     Update id=511759944 is handled. Duration 1 ms by bot id=8095621527
2025.04.22 12:37:09 aiogram.event        INFO     Update id=511759945 is handled. Duration 1 ms by bot id=8095621527
2025.04.22 12:37:23 aiogram.event        INFO     Update id=511759946 is not handled. Duration 1 ms by bot id=8095621527
2025.04.22 12:37:30 aiogram.event        INFO     Update id=511759947 is handled. Duration 1 ms by bot id=8095621527
2025.04.22 12:37:36 aiogram.event        INFO     Update id=511759948 is handled. Duration 1 ms by bot id=8095621527
2025.04.22 12:37:48 aiogram.event        INFO     Update id=511759949 is handled. Duration 1 ms by bot id=8095621527
2025.04.22 12:38:31 aiogram.event        INFO     Update id=511759950 is handled. Duration 1 ms by bot id=8095621527
2025.04.22 12:42:06 aiogram.event        INFO     Update id=511759951 is handled. Duration 1 ms by bot id=8095621527
2025.04.22 12:42:17 aiogram.event        INFO     Update id=511759954 is handled. Duration 2 ms by bot id=8095621527
2025.04.22 12:42:17 aiogram.event        INFO     Update id=511759952 is handled. Duration 3 ms by bot id=8095621527
2025.04.22 12:42:17 aiogram.event        INFO     Update id=511759953 is handled. Duration 3 ms by bot id=8095621527
2025.04.22 12:42:25 aiogram.event        INFO     Update id=511759957 is handled. Duration 2 ms by bot id=8095621527
2025.04.22 12:42:25 aiogram.event        INFO     Update id=511759955 is handled. Duration 3 ms by bot id=8095621527
2025.04.22 12:42:25 aiogram.event        INFO     Update id=511759956 is handled. Duration 3 ms by bot id=8095621527
2025.04.22 12:43:22 aiogram.event        INFO     Update id=511759958 is handled. Duration 1 ms by bot id=8095621527
2025.04.22 12:43:24 aiogram.event        INFO     Update id=511759959 is handled. Duration 1 ms by bot id=8095621527
2025.04.22 12:43:36 aiogram.event        INFO     Update id=511759960 is handled. Duration 1 ms by bot id=8095621527
2025.04.22 12:44:07 aiogram.event        INFO     Update id=511759961 is handled. Duration 1 ms by bot id=8095621527
2025.04.22 12:45:54 aiogram.event        INFO     Update id=511759962 is handled. Duration 4 ms by bot id=8095621527
2025.04.22 12:45:54 aiogram.event        INFO     Update id=511759963 is handled. Duration 4 ms by bot id=8095621527
2025.04.22 12:45:54 aiogram.event        INFO     Update id=511759964 is handled. Duration 5 ms by bot id=8095621527
2025.04.22 12:45:54 aiogram.event        INFO     Update id=511759965 is handled. Duration 5 ms by bot id=8095621527
2025.04.22 12:45:54 aiogram.event        INFO     Update id=511759966 is handled. Duration 4 ms by bot id=8095621527
2025.04.22 12:45:54 aiogram.event        INFO     Update id=511759967 is handled. Duration 4 ms by bot id=8095621527
2025.04.22 12:48:22 aiogram.event        INFO     Update id=511759968 is handled. Duration 4 ms by bot id=8095621527
2025.04.22 12:48:22 aiogram.event        INFO     Update id=511759969 is handled. Duration 4 ms by bot id=8095621527
2025.04.22 12:48:22 aiogram.event        INFO     Update id=511759970 is handled. Duration 4 ms by bot id=8095621527
2025.04.22 12:48:22 aiogram.event        INFO     Update id=511759971 is handled. Duration 4 ms by bot id=8095621527
2025.04.22 12:48:22 aiogram.event        INFO     Update id=511759972 is handled. Duration 4 ms by bot id=8095621527
2025.04.22 12:48:22 aiogram.event        INFO     Update id=511759973 is handled. Duration 4 ms by bot id=8095621527
2025.04.22 12:50:01 aiogram.event        INFO     Update id=511759974 is handled. Duration 3 ms by bot id=8095621527
2025.04.22 12:50:01 aiogram.event        INFO     Update id=511759975 is handled. Duration 3 ms by bot id=8095621527
2025.04.22 12:50:07 aiogram.event        INFO     Update id=511759976 is handled. Duration 2 ms by bot id=8095621527
2025.04.22 12:50:07 aiogram.event        INFO     Update id=511759977 is handled. Duration 2 ms by bot id=8095621527
2025.04.22 12:53:02 aiogram.event        INFO     Update id=511759978 is handled. Duration 1 ms by bot id=8095621527
2025.04.22 12:53:09 aiogram.event        INFO     Update id=511759979 is handled. Duration 1 ms by bot id=8095621527
2025.04.22 12:53:29 aiogram.event        INFO     Update id=511759980 is handled. Duration 1 ms by bot id=8095621527
2025.04.22 12:53:29 aiogram.event        INFO     Update id=511759981 is handled. Duration 1 ms by bot id=8095621527
2025.04.22 12:54:09 aiogram.event        INFO     Update id=511759982 is handled. Duration 3 ms by bot id=8095621527
2025.04.22 12:54:09 aiogram.event        INFO     Update id=511759983 is handled. Duration 3 ms by bot id=8095621527
2025.04.22 12:54:09 aiogram.event        INFO     Update id=511759984 is handled. Duration 4 ms by bot id=8095621527
2025.04.22 12:54:09 aiogram.event        INFO     Update id=511759985 is handled. Duration 4 ms by bot id=8095621527
2025.04.22 12:54:09 aiogram.event        INFO     Update id=511759986 is handled. Duration 4 ms by bot id=8095621527
2025.04.22 12:54:14 aiogram.event        INFO     Update id=511759987 is handled. Duration 3 ms by bot id=8095621527
2025.04.22 12:54:14 aiogram.event        INFO     Update id=511759988 is handled. Duration 3 ms by bot id=8095621527
2025.04.22 12:54:14 aiogram.event        INFO     Update id=511759989 is handled. Duration 3 ms by bot id=8095621527
2025.04.22 12:54:14 aiogram.event        INFO     Update id=511759990 is handled. Duration 3 ms by bot id=8095621527
2025.04.22 12:54:14 aiogram.event        INFO     Update id=511759991 is handled. Duration 3 ms by bot id=8095621527
2025.04.22 12:59:31 aiogram.event        INFO     Update id=511759992 is handled. Duration 2 ms by bot id=8095621527
2025.04.22 12:59:31 aiogram.event        INFO     Update id=511759993 is handled. Duration 2 ms by bot id=8095621527
2025.04.22 13:01:49 aiogram.event        INFO     Update id=511759994 is not handled. Duration 0 ms by bot id=8095621527
2025.04.22 13:01:49 aiogram.event        INFO     Update id=511759995 is not handled. Duration 1 ms by bot id=8095621527
2025.04.22 13:02:04 aiogram.event        INFO     Update id=511759996 is not handled. Duration 1 ms by bot id=8095621527
2025.04.22 13:02:50 aiogram.event        INFO     Update id=511759997 is handled. Duration 1 ms by bot id=8095621527
2025.04.22 13:02:52 aiogram.event        INFO     Update id=511759998 is handled. Duration 1 ms by bot id=8095621527
2025.04.22 13:03:08 aiogram.event        INFO     Update id=511759999 is handled. Duration 1 ms by bot id=8095621527
2025.04.22 13:03:15 aiogram.event        INFO     Update id=511760000 is handled. Duration 1 ms by bot id=8095621527
2025.04.22 13:03:18 aiogram.event        INFO     Update id=511760001 is handled. Duration 1 ms by bot id=8095621527
2025.04.22 13:03:26 aiogram.event        INFO     Update id=511760002 is handled. Duration 1 ms by bot id=8095621527
2025.04.22 13:03:36 aiogram.event        INFO     Update id=511760003 is handled. Duration 1 ms by bot id=8095621527
2025.04.22 13:03:44 aiogram.event        INFO     Update id=511760004 is handled. Duration 1 ms by bot id=8095621527
2025.04.22 13:03:47 aiogram.event        INFO     Update id=511760005 is handled. Duration 1 ms by bot id=8095621527
2025.04.22 13:03:56 aiogram.event        INFO     Update id=511760006 is handled. Duration 1 ms by bot id=8095621527
2025.04.22 13:04:06 aiogram.event        INFO     Update id=511760007 is handled. Duration 1 ms by bot id=8095621527
2025.04.22 13:04:11 aiogram.event        INFO     Update id=511760008 is handled. Duration 1 ms by bot id=8095621527
2025.04.22 13:04:15 aiogram.event        INFO     Update id=511760009 is handled. Duration 1 ms by bot id=8095621527
2025.04.22 13:04:23 aiogram.event        INFO     Update id=511760010 is handled. Duration 1 ms by bot id=8095621527
2025.04.22 13:04:30 aiogram.event        INFO     Update id=511760011 is handled. Duration 1 ms by bot id=8095621527
2025.04.22 13:04:35 aiogram.event        INFO     Update id=511760012 is handled. Duration 1 ms by bot id=8095621527
2025.04.22 13:04:38 aiogram.event        INFO     Update id=511760013 is handled. Duration 1 ms by bot id=8095621527
2025.04.22 13:04:46 aiogram.event        INFO     Update id=511760014 is handled. Duration 1 ms by bot id=8095621527
2025.04.22 13:04:46 aiogram.event        INFO     Update id=511760015 is handled. Duration 1 ms by bot id=8095621527
2025.04.22 13:04:49 aiogram.event        INFO     Update id=511760016 is handled. Duration 1 ms by bot id=8095621527
2025.04.22 13:04:51 aiogram.event        INFO     Update id=511760017 is handled. Duration 1 ms by bot id=8095621527
2025.04.22 13:04:54 aiogram.event        INFO     Update id=511760018 is handled. Duration 1 ms by bot id=8095621527
2025.04.22 13:04:55 aiogram.event        INFO     Update id=511760019 is handled. Duration 1 ms by bot id=8095621527
2025.04.22 13:04:59 aiogram.event        INFO     Update id=511760020 is handled. Duration 1 ms by bot id=8095621527
2025.04.22 13:05:05 aiogram.event        INFO     Update id=511760021 is handled. Duration 1 ms by bot id=8095621527
2025.04.22 13:05:09 aiogram.event        INFO     Update id=511760022 is handled. Duration 1 ms by bot id=8095621527
2025.04.22 13:05:10 aiogram.event        INFO     Update id=511760023 is handled. Duration 1 ms by bot id=8095621527
2025.04.22 13:05:12 aiogram.event        INFO     Update id=511760024 is not handled. Duration 1 ms by bot id=8095621527
2025.04.22 13:05:16 aiogram.event        INFO     Update id=511760025 is handled. Duration 1 ms by bot id=8095621527
2025.04.22 13:05:26 aiogram.event        INFO     Update id=511760026 is handled. Duration 1 ms by bot id=8095621527
2025.04.22 13:05:31 aiogram.event        INFO     Update id=511760027 is handled. Duration 1 ms by bot id=8095621527
2025.04.22 13:05:32 aiogram.event        INFO     Update id=511760028 is handled. Duration 1 ms by bot id=8095621527
2025.04.22 13:05:37 aiogram.event        INFO     Update id=511760029 is not handled. Duration 1 ms by bot id=8095621527
2025.04.22 13:05:39 aiogram.event        INFO     Update id=511760030 is handled. Duration 1 ms by bot id=8095621527
2025.04.22 13:05:42 aiogram.event        INFO     Update id=511760031 is handled. Duration 1 ms by bot id=8095621527
2025.04.22 13:05:44 aiogram.event        INFO     Update id=511760032 is handled. Duration 1 ms by bot id=8095621527
2025.04.22 13:05:49 aiogram.event        INFO     Update id=511760033 is handled. Duration 1 ms by bot id=8095621527
2025.04.22 13:05:49 aiogram.event        INFO     Update id=511760034 is handled. Duration 1 ms by bot id=8095621527
2025.04.22 13:05:54 aiogram.event        INFO     Update id=511760035 is handled. Duration 1 ms by bot id=8095621527
2025.04.22 13:06:13 aiogram.event        INFO     Update id=511760036 is handled. Duration 1 ms by bot id=8095621527
2025.04.22 13:06:22 aiogram.event        INFO     Update id=511760037 is handled. Duration 1 ms by bot id=8095621527
2025.04.22 13:06:31 aiogram.event        INFO     Update id=511760038 is handled. Duration 1 ms by bot id=8095621527
2025.04.22 13:06:43 aiogram.event        INFO     Update id=511760039 is handled. Duration 1 ms by bot id=8095621527
2025.04.22 13:06:46 aiogram.event        INFO     Update id=511760040 is handled. Duration 1 ms by bot id=8095621527
2025.04.22 13:07:11 aiogram.event        INFO     Update id=511760041 is handled. Duration 1 ms by bot id=8095621527
2025.04.22 13:07:29 aiogram.event        INFO     Update id=511760042 is handled. Duration 1 ms by bot id=8095621527
2025.04.22 13:07:31 aiogram.event        INFO     Update id=511760043 is not handled. Duration 1 ms by bot id=8095621527
2025.04.22 13:07:35 aiogram.event        INFO     Update id=511760044 is handled. Duration 1 ms by bot id=8095621527
2025.04.22 13:07:59 aiogram.event        INFO     Update id=511760045 is handled. Duration 1 ms by bot id=8095621527
2025.04.22 13:08:06 aiogram.event        INFO     Update id=511760046 is handled. Duration 1 ms by bot id=8095621527
2025.04.22 13:08:30 aiogram.event        INFO     Update id=511760047 is handled. Duration 1 ms by bot id=8095621527
2025.04.22 13:08:35 aiogram.event        INFO     Update id=511760048 is handled. Duration 1 ms by bot id=8095621527
2025.04.22 13:08:40 aiogram.event        INFO     Update id=511760049 is not handled. Duration 1 ms by bot id=8095621527
2025.04.22 13:08:45 aiogram.event        INFO     Update id=511760050 is not handled. Duration 1 ms by bot id=8095621527
2025.04.22 13:08:47 aiogram.event        INFO     Update id=511760051 is handled. Duration 1 ms by bot id=8095621527
2025.04.22 13:08:48 aiogram.event        INFO     Update id=511760052 is handled. Duration 1 ms by bot id=8095621527
2025.04.22 13:08:53 aiogram.event        INFO     Update id=511760053 is handled. Duration 1 ms by bot id=8095621527
2025.04.22 13:08:56 aiogram.event        INFO     Update id=511760054 is handled. Duration 1 ms by bot id=8095621527
2025.04.22 13:09:02 aiogram.event        INFO     Update id=511760055 is not handled. Duration 1 ms by bot id=8095621527
2025.04.22 13:09:02 aiogram.event        INFO     Update id=511760056 is not handled. Duration 1 ms by bot id=8095621527
2025.04.22 13:09:05 aiogram.event        INFO     Update id=511760057 is handled. Duration 1 ms by bot id=8095621527
2025.04.22 13:09:09 aiogram.event        INFO     Update id=511760058 is not handled. Duration 1 ms by bot id=8095621527
2025.04.22 13:09:10 aiogram.event        INFO     Update id=511760059 is not handled. Duration 1 ms by bot id=8095621527
2025.04.22 13:09:17 aiogram.event        INFO     Update id=511760061 is handled. Duration 1 ms by bot id=8095621527
2025.04.22 13:09:17 aiogram.event        INFO     Update id=511760060 is not handled. Duration 2 ms by bot id=8095621527
2025.04.22 13:09:37 aiogram.event        INFO     Update id=511760062 is not handled. Duration 1 ms by bot id=8095621527
2025.04.22 13:09:55 aiogram.event        INFO     Update id=511760063 is handled. Duration 1 ms by bot id=8095621527
2025.04.22 13:09:57 aiogram.event        INFO     Update id=511760064 is handled. Duration 1 ms by bot id=8095621527
2025.04.22 13:10:14 aiogram.event        INFO     Update id=511760065 is handled. Duration 1 ms by bot id=8095621527
2025.04.22 13:10:20 aiogram.event        INFO     Update id=511760066 is handled. Duration 1 ms by bot id=8095621527
2025.04.22 13:10:36 aiogram.event        INFO     Update id=511760067 is handled. Duration 1 ms by bot id=8095621527
2025.04.22 13:11:01 aiogram.event        INFO     Update id=511760068 is handled. Duration 2 ms by bot id=8095621527
2025.04.22 13:13:13 aiogram.event        INFO     Update id=511760069 is handled. Duration 1 ms by bot id=8095621527
2025.04.22 13:14:22 aiogram.event        INFO     Update id=511760070 is handled. Duration 1 ms by bot id=8095621527
2025.04.22 13:14:40 aiogram.event        INFO     Update id=511760071 is handled. Duration 1 ms by bot id=8095621527
2025.04.22 13:19:43 aiogram.event        INFO     Update id=511760072 is handled. Duration 1 ms by bot id=8095621527
2025.04.22 13:24:24 aiogram.event        INFO     Update id=511760073 is handled. Duration 1 ms by bot id=8095621527
2025.04.22 13:25:14 aiogram.dispatcher   ERROR    Failed to fetch updates - TelegramNetworkError: HTTP Client says - ClientOSError: [Errno 104] Connection reset by peer
2025.04.22 13:25:14 aiogram.dispatcher   WARNING  Sleep for 1.000000 seconds and try again... (tryings = 0, bot id = 8095621527)
2025.04.22 13:25:25 aiogram.dispatcher   INFO     Connection established (tryings = 1, bot id = 8095621527)
2025.04.22 13:25:41 aiogram.event        INFO     Update id=511760074 is handled. Duration 1 ms by bot id=8095621527
2025.04.22 13:30:06 aiogram.event        INFO     Update id=511760075 is handled. Duration 1 ms by bot id=8095621527
2025.04.22 13:31:41 aiogram.event        INFO     Update id=511760076 is handled. Duration 1 ms by bot id=8095621527
2025.04.22 13:33:40 aiogram.event        INFO     Update id=511760077 is handled. Duration 1 ms by bot id=8095621527
2025.04.22 13:33:54 aiogram.event        INFO     Update id=511760078 is handled. Duration 1 ms by bot id=8095621527
2025.04.22 13:35:55 aiogram.event        INFO     Update id=511760079 is handled. Duration 1 ms by bot id=8095621527
2025.04.22 13:36:39 aiogram.event        INFO     Update id=511760080 is handled. Duration 2 ms by bot id=8095621527
2025.04.22 13:36:39 aiogram.event        INFO     Update id=511760081 is handled. Duration 2 ms by bot id=8095621527
2025.04.22 13:36:39 aiogram.event        INFO     Update id=511760082 is handled. Duration 3 ms by bot id=8095621527
2025.04.22 13:38:30 aiogram.event        INFO     Update id=511760083 is handled. Duration 1 ms by bot id=8095621527
2025.04.22 13:39:50 aiogram.event        INFO     Update id=511760084 is handled. Duration 1 ms by bot id=8095621527
2025.04.22 13:51:42 aiogram.event        INFO     Update id=511760085 is handled. Duration 1 ms by bot id=8095621527
2025.04.22 13:54:24 aiogram.event        INFO     Update id=511760086 is handled. Duration 1 ms by bot id=8095621527
2025.04.22 13:54:48 aiogram.event        INFO     Update id=511760087 is handled. Duration 1 ms by bot id=8095621527
2025.04.22 13:55:16 aiogram.event        INFO     Update id=511760088 is handled. Duration 1 ms by bot id=8095621527
2025.04.22 13:55:46 aiogram.event        INFO     Update id=511760089 is handled. Duration 1 ms by bot id=8095621527
2025.04.22 13:56:57 aiogram.event        INFO     Update id=511760090 is handled. Duration 1 ms by bot id=8095621527
2025.04.22 13:57:07 aiogram.event        INFO     Update id=511760091 is handled. Duration 1 ms by bot id=8095621527
2025.04.22 13:57:09 aiogram.event        INFO     Update id=511760092 is handled. Duration 1 ms by bot id=8095621527
2025.04.22 13:57:11 aiogram.event        INFO     Update id=511760093 is handled. Duration 1 ms by bot id=8095621527
2025.04.22 13:57:14 aiogram.event        INFO     Update id=511760094 is handled. Duration 1 ms by bot id=8095621527
2025.04.22 13:57:18 aiogram.event        INFO     Update id=511760095 is not handled. Duration 1 ms by bot id=8095621527
2025.04.22 13:57:18 aiogram.event        INFO     Update id=511760096 is handled. Duration 1 ms by bot id=8095621527
2025.04.22 13:57:22 aiogram.event        INFO     Update id=511760097 is handled. Duration 1 ms by bot id=8095621527
2025.04.22 13:57:42 aiogram.event        INFO     Update id=511760098 is handled. Duration 1 ms by bot id=8095621527
2025.04.22 13:57:47 aiogram.event        INFO     Update id=511760099 is handled. Duration 1 ms by bot id=8095621527
2025.04.22 13:57:49 aiogram.event        INFO     Update id=511760100 is handled. Duration 1 ms by bot id=8095621527
2025.04.22 13:57:53 aiogram.event        INFO     Update id=511760101 is handled. Duration 1 ms by bot id=8095621527
2025.04.22 13:58:01 aiogram.event        INFO     Update id=511760102 is handled. Duration 1 ms by bot id=8095621527
2025.04.22 13:58:12 aiogram.event        INFO     Update id=511760103 is handled. Duration 1 ms by bot id=8095621527
2025.04.22 13:58:16 aiogram.event        INFO     Update id=511760104 is handled. Duration 1 ms by bot id=8095621527
2025.04.22 13:58:25 aiogram.event        INFO     Update id=511760105 is handled. Duration 1 ms by bot id=8095621527
2025.04.22 13:58:34 aiogram.event        INFO     Update id=511760106 is handled. Duration 1 ms by bot id=8095621527
2025.04.22 13:58:42 aiogram.event        INFO     Update id=511760107 is handled. Duration 1 ms by bot id=8095621527
2025.04.22 13:58:45 aiogram.event        INFO     Update id=511760108 is handled. Duration 1 ms by bot id=8095621527
2025.04.22 13:58:45 aiogram.event        INFO     Update id=511760109 is handled. Duration 1 ms by bot id=8095621527
2025.04.22 13:58:53 aiogram.event        INFO     Update id=511760110 is handled. Duration 1 ms by bot id=8095621527
2025.04.22 13:58:57 aiogram.event        INFO     Update id=511760111 is handled. Duration 1 ms by bot id=8095621527
2025.04.22 13:58:59 aiogram.event        INFO     Update id=511760112 is handled. Duration 1 ms by bot id=8095621527
2025.04.22 13:58:59 aiogram.event        INFO     Update id=511760113 is handled. Duration 1 ms by bot id=8095621527
2025.04.22 13:59:05 aiogram.event        INFO     Update id=511760114 is handled. Duration 1 ms by bot id=8095621527
2025.04.22 13:59:11 aiogram.event        INFO     Update id=511760115 is handled. Duration 1 ms by bot id=8095621527
2025.04.22 13:59:19 aiogram.event        INFO     Update id=511760116 is handled. Duration 1 ms by bot id=8095621527
2025.04.22 13:59:19 aiogram.event        INFO     Update id=511760117 is handled. Duration 1 ms by bot id=8095621527
2025.04.22 13:59:28 aiogram.event        INFO     Update id=511760118 is handled. Duration 1 ms by bot id=8095621527
2025.04.22 13:59:28 aiogram.event        INFO     Update id=511760119 is handled. Duration 1 ms by bot id=8095621527
2025.04.22 13:59:34 aiogram.event        INFO     Update id=511760120 is handled. Duration 1 ms by bot id=8095621527
2025.04.22 13:59:40 aiogram.event        INFO     Update id=511760121 is handled. Duration 1 ms by bot id=8095621527
2025.04.22 13:59:44 aiogram.event        INFO     Update id=511760122 is handled. Duration 1 ms by bot id=8095621527
2025.04.22 13:59:48 aiogram.event        INFO     Update id=511760123 is handled. Duration 1 ms by bot id=8095621527
2025.04.22 13:59:48 aiogram.event        INFO     Update id=511760124 is handled. Duration 1 ms by bot id=8095621527
2025.04.22 13:59:54 aiogram.event        INFO     Update id=511760125 is handled. Duration 1 ms by bot id=8095621527
2025.04.22 13:59:55 aiogram.event        INFO     Update id=511760126 is handled. Duration 1 ms by bot id=8095621527
2025.04.22 14:00:06 aiogram.event        INFO     Update id=511760127 is handled. Duration 2 ms by bot id=8095621527
2025.04.22 14:00:12 aiogram.event        INFO     Update id=511760128 is handled. Duration 1 ms by bot id=8095621527
2025.04.22 14:00:24 aiogram.event        INFO     Update id=511760129 is handled. Duration 1 ms by bot id=8095621527
2025.04.22 14:00:30 aiogram.event        INFO     Update id=511760130 is handled. Duration 1 ms by bot id=8095621527
2025.04.22 14:00:36 aiogram.event        INFO     Update id=511760131 is handled. Duration 1 ms by bot id=8095621527
2025.04.22 14:00:49 aiogram.event        INFO     Update id=511760132 is handled. Duration 1 ms by bot id=8095621527
2025.04.22 14:00:51 aiogram.event        INFO     Update id=511760133 is handled. Duration 1 ms by bot id=8095621527
2025.04.22 14:01:05 aiogram.event        INFO     Update id=511760134 is handled. Duration 1 ms by bot id=8095621527
2025.04.22 14:01:26 aiogram.event        INFO     Update id=511760135 is handled. Duration 1 ms by bot id=8095621527
2025.04.22 14:01:35 aiogram.event        INFO     Update id=511760136 is not handled. Duration 0 ms by bot id=8095621527
2025.04.22 14:01:36 aiogram.event        INFO     Update id=511760137 is not handled. Duration 1 ms by bot id=8095621527
2025.04.22 14:01:37 aiogram.event        INFO     Update id=511760138 is handled. Duration 1 ms by bot id=8095621527
2025.04.22 14:01:47 aiogram.event        INFO     Update id=511760139 is handled. Duration 1 ms by bot id=8095621527
2025.04.22 14:01:52 aiogram.event        INFO     Update id=511760140 is handled. Duration 1 ms by bot id=8095621527
2025.04.22 14:01:59 aiogram.event        INFO     Update id=511760141 is handled. Duration 1 ms by bot id=8095621527
2025.04.22 14:02:01 aiogram.event        INFO     Update id=511760142 is handled. Duration 1 ms by bot id=8095621527
2025.04.22 14:02:03 aiogram.event        INFO     Update id=511760143 is handled. Duration 1 ms by bot id=8095621527
2025.04.22 14:02:07 aiogram.event        INFO     Update id=511760144 is not handled. Duration 1 ms by bot id=8095621527
2025.04.22 14:02:15 aiogram.event        INFO     Update id=511760145 is handled. Duration 1 ms by bot id=8095621527
2025.04.22 14:02:20 aiogram.event        INFO     Update id=511760146 is handled. Duration 1 ms by bot id=8095621527
2025.04.22 14:02:24 aiogram.event        INFO     Update id=511760147 is handled. Duration 1 ms by bot id=8095621527
2025.04.22 14:02:28 aiogram.event        INFO     Update id=511760148 is handled. Duration 1 ms by bot id=8095621527
2025.04.22 14:02:37 aiogram.event        INFO     Update id=511760149 is handled. Duration 1 ms by bot id=8095621527
2025.04.22 14:02:40 aiogram.event        INFO     Update id=511760150 is handled. Duration 1 ms by bot id=8095621527
2025.04.22 14:02:48 aiogram.event        INFO     Update id=511760151 is handled. Duration 1 ms by bot id=8095621527
2025.04.22 14:03:13 aiogram.event        INFO     Update id=511760152 is handled. Duration 1 ms by bot id=8095621527
2025.04.22 14:03:13 aiogram.event        INFO     Update id=511760153 is handled. Duration 1 ms by bot id=8095621527
2025.04.22 14:03:24 aiogram.event        INFO     Update id=511760154 is handled. Duration 1 ms by bot id=8095621527
2025.04.22 14:03:29 aiogram.event        INFO     Update id=511760155 is handled. Duration 1 ms by bot id=8095621527
2025.04.22 14:03:32 aiogram.event        INFO     Update id=511760156 is handled. Duration 1 ms by bot id=8095621527
2025.04.22 14:03:38 aiogram.event        INFO     Update id=511760157 is handled. Duration 1 ms by bot id=8095621527
2025.04.22 14:03:39 aiogram.event        INFO     Update id=511760158 is handled. Duration 1 ms by bot id=8095621527
2025.04.22 14:03:40 aiogram.event        INFO     Update id=511760159 is handled. Duration 1 ms by bot id=8095621527
2025.04.22 14:03:44 aiogram.event        INFO     Update id=511760160 is handled. Duration 1 ms by bot id=8095621527
2025.04.22 14:03:48 aiogram.event        INFO     Update id=511760161 is handled. Duration 1 ms by bot id=8095621527
2025.04.22 14:03:48 aiogram.event        INFO     Update id=511760162 is handled. Duration 1 ms by bot id=8095621527
2025.04.22 14:03:48 aiogram.event        INFO     Update id=511760163 is handled. Duration 1 ms by bot id=8095621527
2025.04.22 14:04:00 aiogram.event        INFO     Update id=511760164 is handled. Duration 14 ms by bot id=8095621527
2025.04.22 14:04:02 aiogram.event        INFO     Update id=511760165 is handled. Duration 1 ms by bot id=8095621527
2025.04.22 14:04:06 aiogram.event        INFO     Update id=511760166 is handled. Duration 1 ms by bot id=8095621527
2025.04.22 14:04:12 aiogram.event        INFO     Update id=511760167 is handled. Duration 1 ms by bot id=8095621527
2025.04.22 14:04:17 aiogram.event        INFO     Update id=511760168 is handled. Duration 1 ms by bot id=8095621527
2025.04.22 14:04:37 aiogram.event        INFO     Update id=511760169 is handled. Duration 1 ms by bot id=8095621527
2025.04.22 14:04:42 aiogram.event        INFO     Update id=511760170 is handled. Duration 1 ms by bot id=8095621527
2025.04.22 14:04:46 aiogram.event        INFO     Update id=511760171 is handled. Duration 1 ms by bot id=8095621527
2025.04.22 14:05:13 aiogram.event        INFO     Update id=511760172 is handled. Duration 1 ms by bot id=8095621527
2025.04.22 14:05:17 aiogram.event        INFO     Update id=511760173 is handled. Duration 1 ms by bot id=8095621527
2025.04.22 14:05:21 aiogram.event        INFO     Update id=511760174 is handled. Duration 1 ms by bot id=8095621527
2025.04.22 14:05:23 aiogram.event        INFO     Update id=511760175 is handled. Duration 1 ms by bot id=8095621527
2025.04.22 14:05:27 aiogram.event        INFO     Update id=511760176 is handled. Duration 1 ms by bot id=8095621527
2025.04.22 14:05:29 aiogram.event        INFO     Update id=511760177 is handled. Duration 1 ms by bot id=8095621527
2025.04.22 14:05:46 aiogram.event        INFO     Update id=511760178 is handled. Duration 1 ms by bot id=8095621527
2025.04.22 14:05:53 aiogram.event        INFO     Update id=511760179 is handled. Duration 1 ms by bot id=8095621527
2025.04.22 14:05:58 aiogram.event        INFO     Update id=511760180 is handled. Duration 1 ms by bot id=8095621527
2025.04.22 14:06:07 aiogram.event        INFO     Update id=511760181 is handled. Duration 1 ms by bot id=8095621527
2025.04.22 14:06:18 aiogram.event        INFO     Update id=511760182 is handled. Duration 1 ms by bot id=8095621527
2025.04.22 14:06:41 aiogram.event        INFO     Update id=511760183 is handled. Duration 1 ms by bot id=8095621527
2025.04.22 14:06:50 aiogram.event        INFO     Update id=511760184 is handled. Duration 1 ms by bot id=8095621527
2025.04.22 14:06:55 aiogram.event        INFO     Update id=511760185 is handled. Duration 1 ms by bot id=8095621527
2025.04.22 14:07:18 aiogram.event        INFO     Update id=511760186 is handled. Duration 1 ms by bot id=8095621527
2025.04.22 14:07:32 aiogram.event        INFO     Update id=511760187 is handled. Duration 1 ms by bot id=8095621527
2025.04.22 14:07:50 aiogram.event        INFO     Update id=511760188 is handled. Duration 1 ms by bot id=8095621527
2025.04.22 14:07:57 aiogram.event        INFO     Update id=511760189 is handled. Duration 2 ms by bot id=8095621527
2025.04.22 14:07:57 aiogram.event        INFO     Update id=511760190 is handled. Duration 2 ms by bot id=8095621527
2025.04.22 14:08:04 aiogram.event        INFO     Update id=511760191 is handled. Duration 2 ms by bot id=8095621527
2025.04.22 14:08:04 aiogram.event        INFO     Update id=511760192 is handled. Duration 2 ms by bot id=8095621527
2025.04.22 14:08:07 aiogram.event        INFO     Update id=511760193 is handled. Duration 1 ms by bot id=8095621527
2025.04.22 14:08:23 aiogram.event        INFO     Update id=511760194 is handled. Duration 1 ms by bot id=8095621527
2025.04.22 14:10:05 aiogram.event        INFO     Update id=511760195 is handled. Duration 1 ms by bot id=8095621527
2025.04.22 14:10:09 aiogram.event        INFO     Update id=511760196 is handled. Duration 1 ms by bot id=8095621527
2025.04.22 14:10:43 aiogram.event        INFO     Update id=511760197 is handled. Duration 1 ms by bot id=8095621527
2025.04.22 14:11:16 aiogram.event        INFO     Update id=511760198 is handled. Duration 1 ms by bot id=8095621527
2025.04.22 14:11:29 aiogram.event        INFO     Update id=511760199 is handled. Duration 1 ms by bot id=8095621527
2025.04.22 14:11:40 aiogram.event        INFO     Update id=511760200 is handled. Duration 1 ms by bot id=8095621527
2025.04.22 14:11:57 aiogram.event        INFO     Update id=511760201 is handled. Duration 1 ms by bot id=8095621527
2025.04.22 14:12:04 aiogram.event        INFO     Update id=511760202 is handled. Duration 1 ms by bot id=8095621527
2025.04.22 14:12:12 aiogram.event        INFO     Update id=511760203 is handled. Duration 1 ms by bot id=8095621527
2025.04.22 14:12:24 aiogram.event        INFO     Update id=511760204 is handled. Duration 1 ms by bot id=8095621527
2025.04.22 14:12:36 aiogram.event        INFO     Update id=511760205 is handled. Duration 1 ms by bot id=8095621527
2025.04.22 14:12:48 aiogram.event        INFO     Update id=511760206 is handled. Duration 1 ms by bot id=8095621527
2025.04.22 14:12:51 aiogram.event        INFO     Update id=511760207 is handled. Duration 1 ms by bot id=8095621527
2025.04.22 14:13:00 aiogram.event        INFO     Update id=511760208 is handled. Duration 1 ms by bot id=8095621527
2025.04.22 14:13:16 aiogram.event        INFO     Update id=511760209 is handled. Duration 1 ms by bot id=8095621527
2025.04.22 14:14:13 aiogram.event        INFO     Update id=511760210 is handled. Duration 1 ms by bot id=8095621527
2025.04.22 14:14:15 aiogram.event        INFO     Update id=511760211 is handled. Duration 1 ms by bot id=8095621527
2025.04.22 14:14:17 aiogram.event        INFO     Update id=511760212 is handled. Duration 1 ms by bot id=8095621527
2025.04.22 14:14:19 aiogram.event        INFO     Update id=511760213 is handled. Duration 1 ms by bot id=8095621527
2025.04.22 14:14:50 aiogram.event        INFO     Update id=511760214 is handled. Duration 1 ms by bot id=8095621527
2025.04.22 14:17:23 aiogram.event        INFO     Update id=511760215 is handled. Duration 1 ms by bot id=8095621527
2025.04.22 14:17:37 aiogram.event        INFO     Update id=511760216 is handled. Duration 1 ms by bot id=8095621527
2025.04.22 14:17:51 aiogram.event        INFO     Update id=511760217 is handled. Duration 1 ms by bot id=8095621527
2025.04.22 14:17:59 aiogram.event        INFO     Update id=511760218 is handled. Duration 1 ms by bot id=8095621527
2025.04.22 14:18:11 aiogram.event        INFO     Update id=511760219 is handled. Duration 1 ms by bot id=8095621527
2025.04.22 14:18:23 aiogram.event        INFO     Update id=511760220 is handled. Duration 1 ms by bot id=8095621527
2025.04.22 14:20:50 aiogram.event        INFO     Update id=511760221 is handled. Duration 1 ms by bot id=8095621527
2025.04.22 14:23:16 aiogram.event        INFO     Update id=511760222 is handled. Duration 1 ms by bot id=8095621527
2025.04.22 14:27:08 aiogram.event        INFO     Update id=511760223 is handled. Duration 1 ms by bot id=8095621527
2025.04.22 14:28:51 aiogram.event        INFO     Update id=511760224 is not handled. Duration 1 ms by bot id=8095621527
2025.04.22 14:31:44 aiogram.event        INFO     Update id=511760225 is handled. Duration 1 ms by bot id=8095621527
2025.04.22 14:33:14 aiogram.event        INFO     Update id=511760226 is not handled. Duration 0 ms by bot id=8095621527
2025.04.22 14:33:19 aiogram.event        INFO     Update id=511760227 is handled. Duration 1 ms by bot id=8095621527
2025.04.22 14:34:44 aiogram.event        INFO     Update id=511760228 is not handled. Duration 1 ms by bot id=8095621527
2025.04.22 14:35:11 aiogram.event        INFO     Update id=511760229 is handled. Duration 1 ms by bot id=8095621527
2025.04.22 14:35:41 aiogram.event        INFO     Update id=511760230 is handled. Duration 1 ms by bot id=8095621527
2025.04.22 14:36:05 aiogram.event        INFO     Update id=511760231 is handled. Duration 1 ms by bot id=8095621527
2025.04.22 14:36:06 aiogram.event        INFO     Update id=511760232 is handled. Duration 1 ms by bot id=8095621527
2025.04.22 14:36:18 aiogram.event        INFO     Update id=511760233 is handled. Duration 1 ms by bot id=8095621527
2025.04.22 14:40:34 aiogram.event        INFO     Update id=511760234 is handled. Duration 1 ms by bot id=8095621527
2025.04.22 14:41:23 aiogram.event        INFO     Update id=511760235 is handled. Duration 1 ms by bot id=8095621527
2025.04.22 14:43:05 aiogram.event        INFO     Update id=511760236 is handled. Duration 1 ms by bot id=8095621527
2025.04.22 14:43:16 aiogram.event        INFO     Update id=511760237 is handled. Duration 1 ms by bot id=8095621527
2025.04.22 14:44:00 aiogram.event        INFO     Update id=511760238 is handled. Duration 1 ms by bot id=8095621527
2025.04.22 14:44:27 aiogram.event        INFO     Update id=511760239 is handled. Duration 1 ms by bot id=8095621527
2025.04.22 14:48:41 aiogram.event        INFO     Update id=511760240 is handled. Duration 1 ms by bot id=8095621527
2025.04.22 14:48:49 aiogram.event        INFO     Update id=511760241 is handled. Duration 1 ms by bot id=8095621527
2025.04.22 14:52:45 aiogram.event        INFO     Update id=511760242 is handled. Duration 1 ms by bot id=8095621527
2025.04.22 14:53:24 aiogram.event        INFO     Update id=511760243 is handled. Duration 1 ms by bot id=8095621527
2025.04.22 14:55:15 aiogram.dispatcher   ERROR    Failed to fetch updates - TelegramNetworkError: HTTP Client says - ClientOSError: [Errno 104] Connection reset by peer
2025.04.22 14:55:15 aiogram.dispatcher   WARNING  Sleep for 1.000000 seconds and try again... (tryings = 0, bot id = 8095621527)
2025.04.22 14:55:26 aiogram.dispatcher   INFO     Connection established (tryings = 1, bot id = 8095621527)
2025.04.22 14:56:54 aiogram.event        INFO     Update id=511760244 is handled. Duration 1 ms by bot id=8095621527
2025.04.22 14:57:53 aiogram.event        INFO     Update id=511760245 is handled. Duration 1 ms by bot id=8095621527
2025.04.22 14:58:06 aiogram.event        INFO     Update id=511760246 is handled. Duration 1 ms by bot id=8095621527
2025.04.22 14:58:20 aiogram.event        INFO     Update id=511760247 is handled. Duration 1 ms by bot id=8095621527
2025.04.22 15:02:57 aiogram.event        INFO     Update id=511760248 is handled. Duration 1 ms by bot id=8095621527
2025.04.22 15:05:10 aiogram.event        INFO     Update id=511760249 is handled. Duration 1 ms by bot id=8095621527
2025.04.22 15:07:17 aiogram.event        INFO     Update id=511760250 is handled. Duration 1 ms by bot id=8095621527
2025.04.22 15:09:40 aiogram.event        INFO     Update id=511760251 is handled. Duration 1 ms by bot id=8095621527
2025.04.22 15:09:40 aiogram.event        INFO     Update id=511760252 is handled. Duration 3 ms by bot id=8095621527
2025.04.22 15:09:47 aiogram.event        INFO     Update id=511760253 is handled. Duration 1 ms by bot id=8095621527
2025.04.22 15:10:04 aiogram.event        INFO     Update id=511760254 is handled. Duration 1 ms by bot id=8095621527
2025.04.22 15:10:23 aiogram.event        INFO     Update id=511760255 is handled. Duration 1 ms by bot id=8095621527
2025.04.22 15:10:32 aiogram.event        INFO     Update id=511760256 is handled. Duration 1 ms by bot id=8095621527
2025.04.22 15:12:33 aiogram.event        INFO     Update id=511760257 is handled. Duration 1 ms by bot id=8095621527
2025.04.22 15:15:01 aiogram.event        INFO     Update id=511760258 is handled. Duration 2 ms by bot id=8095621527
2025.04.22 15:15:14 aiogram.event        INFO     Update id=511760259 is handled. Duration 1 ms by bot id=8095621527
2025.04.22 15:15:18 aiogram.event        INFO     Update id=511760260 is handled. Duration 1 ms by bot id=8095621527
2025.04.22 15:15:19 aiogram.event        INFO     Update id=511760261 is handled. Duration 1 ms by bot id=8095621527
2025.04.22 15:15:30 aiogram.event        INFO     Update id=511760262 is handled. Duration 1 ms by bot id=8095621527
2025.04.22 15:15:39 aiogram.event        INFO     Update id=511760263 is handled. Duration 1 ms by bot id=8095621527
2025.04.22 15:15:44 aiogram.event        INFO     Update id=511760264 is handled. Duration 1 ms by bot id=8095621527
2025.04.22 15:15:58 aiogram.event        INFO     Update id=511760265 is handled. Duration 1 ms by bot id=8095621527
2025.04.22 15:16:47 aiogram.event        INFO     Update id=511760266 is handled. Duration 1 ms by bot id=8095621527
2025.04.22 15:16:49 aiogram.event        INFO     Update id=511760267 is handled. Duration 1 ms by bot id=8095621527
2025.04.22 15:17:52 aiogram.event        INFO     Update id=511760268 is handled. Duration 1 ms by bot id=8095621527
2025.04.22 15:19:20 aiogram.event        INFO     Update id=511760269 is handled. Duration 1 ms by bot id=8095621527
2025.04.22 15:24:43 aiogram.event        INFO     Update id=511760270 is handled. Duration 1 ms by bot id=8095621527
2025.04.22 15:24:50 aiogram.event        INFO     Update id=511760271 is handled. Duration 1 ms by bot id=8095621527
2025.04.22 15:37:39 aiogram.event        INFO     Update id=511760272 is handled. Duration 1 ms by bot id=8095621527
2025.04.22 15:40:32 aiogram.event        INFO     Update id=511760273 is handled. Duration 1 ms by bot id=8095621527
2025.04.22 15:46:07 aiogram.event        INFO     Update id=511760274 is handled. Duration 1 ms by bot id=8095621527
2025.04.22 15:47:50 aiogram.event        INFO     Update id=511760275 is handled. Duration 1 ms by bot id=8095621527
2025.04.22 15:48:04 aiogram.event        INFO     Update id=511760276 is handled. Duration 1 ms by bot id=8095621527
2025.04.22 15:48:08 aiogram.event        INFO     Update id=511760277 is handled. Duration 1 ms by bot id=8095621527
2025.04.22 16:05:29 aiogram.event        INFO     Update id=511760278 is handled. Duration 1 ms by bot id=8095621527
2025.04.22 16:05:50 aiogram.event        INFO     Update id=511760279 is handled. Duration 1 ms by bot id=8095621527
2025.04.22 16:07:02 aiogram.event        INFO     Update id=511760280 is not handled. Duration 0 ms by bot id=8095621527
2025.04.22 16:07:03 aiogram.event        INFO     Update id=511760281 is not handled. Duration 1 ms by bot id=8095621527
2025.04.22 16:07:08 aiogram.event        INFO     Update id=511760282 is handled. Duration 1 ms by bot id=8095621527
2025.04.22 16:07:19 aiogram.event        INFO     Update id=511760283 is not handled. Duration 1 ms by bot id=8095621527
2025.04.22 16:07:50 aiogram.event        INFO     Update id=511760284 is not handled. Duration 1 ms by bot id=8095621527
2025.04.22 16:08:11 aiogram.event        INFO     Update id=511760285 is handled. Duration 1 ms by bot id=8095621527
2025.04.22 16:08:11 aiogram.event        INFO     Update id=511760286 is not handled. Duration 1 ms by bot id=8095621527
2025.04.22 16:08:33 aiogram.event        INFO     Update id=511760287 is handled. Duration 3 ms by bot id=8095621527
2025.04.22 16:08:39 aiogram.event        INFO     Update id=511760288 is handled. Duration 1 ms by bot id=8095621527
2025.04.22 16:09:51 aiogram.event        INFO     Update id=511760289 is handled. Duration 1 ms by bot id=8095621527
2025.04.22 16:10:20 aiogram.event        INFO     Update id=511760290 is not handled. Duration 1 ms by bot id=8095621527
2025.04.22 16:10:25 aiogram.event        INFO     Update id=511760291 is handled. Duration 1 ms by bot id=8095621527
2025.04.22 16:11:19 aiogram.event        INFO     Update id=511760292 is not handled. Duration 1 ms by bot id=8095621527
2025.04.22 16:11:19 aiogram.event        INFO     Update id=511760293 is not handled. Duration 0 ms by bot id=8095621527
2025.04.22 16:11:21 aiogram.event        INFO     Update id=511760294 is not handled. Duration 0 ms by bot id=8095621527
2025.04.22 16:18:11 aiogram.event        INFO     Update id=511760295 is handled. Duration 1 ms by bot id=8095621527
2025.04.22 16:19:43 aiogram.event        INFO     Update id=511760296 is handled. Duration 1 ms by bot id=8095621527
2025.04.22 16:20:48 aiogram.event        INFO     Update id=511760297 is handled. Duration 1 ms by bot id=8095621527
2025.04.22 16:21:07 aiogram.event        INFO     Update id=511760298 is handled. Duration 1 ms by bot id=8095621527
2025.04.22 16:21:14 aiogram.event        INFO     Update id=511760299 is handled. Duration 1 ms by bot id=8095621527
2025.04.22 16:21:22 aiogram.event        INFO     Update id=511760300 is not handled. Duration 1 ms by bot id=8095621527
2025.04.22 16:21:58 aiogram.event        INFO     Update id=511760301 is handled. Duration 1 ms by bot id=8095621527
2025.04.22 16:23:10 aiogram.event        INFO     Update id=511760302 is handled. Duration 1 ms by bot id=8095621527
2025.04.22 16:23:40 aiogram.event        INFO     Update id=511760303 is handled. Duration 1 ms by bot id=8095621527
2025.04.22 16:24:07 aiogram.event        INFO     Update id=511760304 is handled. Duration 1 ms by bot id=8095621527
2025.04.22 16:24:24 aiogram.event        INFO     Update id=511760305 is handled. Duration 1 ms by bot id=8095621527
2025.04.22 16:24:39 aiogram.event        INFO     Update id=511760306 is handled. Duration 1 ms by bot id=8095621527
2025.04.22 16:24:42 aiogram.event        INFO     Update id=511760307 is handled. Duration 1 ms by bot id=8095621527
2025.04.22 16:24:45 aiogram.event        INFO     Update id=511760308 is handled. Duration 1 ms by bot id=8095621527
2025.04.22 16:24:59 aiogram.event        INFO     Update id=511760309 is handled. Duration 1 ms by bot id=8095621527
2025.04.22 16:25:09 aiogram.event        INFO     Update id=511760310 is handled. Duration 1 ms by bot id=8095621527
2025.04.22 16:25:24 aiogram.event        INFO     Update id=511760311 is handled. Duration 1 ms by bot id=8095621527
2025.04.22 16:25:30 aiogram.event        INFO     Update id=511760312 is handled. Duration 1 ms by bot id=8095621527
2025.04.22 16:25:59 aiogram.event        INFO     Update id=511760313 is handled. Duration 1 ms by bot id=8095621527
2025.04.22 16:26:08 aiogram.event        INFO     Update id=511760314 is handled. Duration 1 ms by bot id=8095621527
2025.04.22 16:27:24 aiogram.event        INFO     Update id=511760315 is handled. Duration 1 ms by bot id=8095621527
2025.04.22 16:27:26 aiogram.event        INFO     Update id=511760316 is handled. Duration 1 ms by bot id=8095621527
2025.04.22 16:27:28 aiogram.event        INFO     Update id=511760317 is handled. Duration 1 ms by bot id=8095621527
2025.04.22 16:27:38 aiogram.event        INFO     Update id=511760318 is handled. Duration 1 ms by bot id=8095621527
2025.04.22 16:27:40 aiogram.event        INFO     Update id=511760319 is handled. Duration 1 ms by bot id=8095621527
2025.04.22 16:27:49 aiogram.event        INFO     Update id=511760320 is handled. Duration 1 ms by bot id=8095621527
2025.04.22 16:28:35 aiogram.event        INFO     Update id=511760321 is handled. Duration 1 ms by bot id=8095621527
2025.04.22 16:28:40 aiogram.event        INFO     Update id=511760322 is handled. Duration 1 ms by bot id=8095621527
2025.04.22 16:30:35 aiogram.event        INFO     Update id=511760323 is handled. Duration 1 ms by bot id=8095621527
2025.04.22 16:31:14 aiogram.event        INFO     Update id=511760324 is handled. Duration 2 ms by bot id=8095621527
2025.04.22 16:32:54 aiogram.event        INFO     Update id=511760325 is handled. Duration 1 ms by bot id=8095621527
2025.04.22 16:33:04 aiogram.event        INFO     Update id=511760326 is handled. Duration 1 ms by bot id=8095621527
2025.04.22 16:33:15 aiogram.event        INFO     Update id=511760327 is handled. Duration 1 ms by bot id=8095621527
2025.04.22 16:34:09 aiogram.event        INFO     Update id=511760328 is handled. Duration 1 ms by bot id=8095621527
2025.04.22 16:34:09 aiogram.event        INFO     Update id=511760329 is handled. Duration 1 ms by bot id=8095621527
2025.04.22 16:34:21 aiogram.event        INFO     Update id=511760330 is handled. Duration 1 ms by bot id=8095621527
2025.04.22 16:35:10 aiogram.event        INFO     Update id=511760331 is handled. Duration 1 ms by bot id=8095621527
2025.04.22 16:49:06 aiogram.event        INFO     Update id=511760332 is handled. Duration 1 ms by bot id=8095621527
2025.04.22 16:55:07 aiogram.event        INFO     Update id=511760333 is handled. Duration 1 ms by bot id=8095621527
2025.04.22 16:57:49 aiogram.event        INFO     Update id=511760334 is handled. Duration 1 ms by bot id=8095621527
2025.04.22 16:57:49 aiogram.event        INFO     Update id=511760335 is handled. Duration 1 ms by bot id=8095621527
2025.04.22 16:57:59 aiogram.event        INFO     Update id=511760336 is handled. Duration 1 ms by bot id=8095621527
2025.04.22 17:02:04 aiogram.event        INFO     Update id=511760337 is handled. Duration 2 ms by bot id=8095621527
2025.04.22 17:02:04 aiogram.event        INFO     Update id=511760338 is handled. Duration 2 ms by bot id=8095621527
2025.04.22 17:02:04 aiogram.event        INFO     Update id=511760339 is handled. Duration 3 ms by bot id=8095621527
2025.04.22 17:02:33 aiogram.event        INFO     Update id=511760340 is handled. Duration 2 ms by bot id=8095621527
2025.04.22 17:02:33 aiogram.event        INFO     Update id=511760341 is handled. Duration 2 ms by bot id=8095621527
2025.04.22 17:02:41 aiogram.event        INFO     Update id=511760342 is handled. Duration 2 ms by bot id=8095621527
2025.04.22 17:02:41 aiogram.event        INFO     Update id=511760343 is handled. Duration 2 ms by bot id=8095621527
2025.04.22 17:08:23 aiogram.event        INFO     Update id=511760344 is handled. Duration 4 ms by bot id=8095621527
2025.04.22 17:08:23 aiogram.event        INFO     Update id=511760345 is handled. Duration 4 ms by bot id=8095621527
2025.04.22 17:08:23 aiogram.event        INFO     Update id=511760346 is handled. Duration 4 ms by bot id=8095621527
2025.04.22 17:08:23 aiogram.event        INFO     Update id=511760347 is handled. Duration 4 ms by bot id=8095621527
2025.04.22 17:08:23 aiogram.event        INFO     Update id=511760348 is handled. Duration 4 ms by bot id=8095621527
2025.04.22 17:08:23 aiogram.event        INFO     Update id=511760349 is handled. Duration 4 ms by bot id=8095621527
2025.04.22 17:08:30 aiogram.event        INFO     Update id=511760350 is handled. Duration 4 ms by bot id=8095621527
2025.04.22 17:08:30 aiogram.event        INFO     Update id=511760351 is handled. Duration 4 ms by bot id=8095621527
2025.04.22 17:08:30 aiogram.event        INFO     Update id=511760352 is handled. Duration 4 ms by bot id=8095621527
2025.04.22 17:08:30 aiogram.event        INFO     Update id=511760353 is handled. Duration 4 ms by bot id=8095621527
2025.04.22 17:08:30 aiogram.event        INFO     Update id=511760354 is handled. Duration 4 ms by bot id=8095621527
2025.04.22 17:08:30 aiogram.event        INFO     Update id=511760355 is handled. Duration 4 ms by bot id=8095621527
2025.04.22 17:08:56 aiogram.event        INFO     Update id=511760358 is handled. Duration 2 ms by bot id=8095621527
2025.04.22 17:08:56 aiogram.event        INFO     Update id=511760359 is handled. Duration 3 ms by bot id=8095621527
2025.04.22 17:08:56 aiogram.event        INFO     Update id=511760356 is handled. Duration 3 ms by bot id=8095621527
2025.04.22 17:08:56 aiogram.event        INFO     Update id=511760357 is handled. Duration 3 ms by bot id=8095621527
2025.04.22 17:08:59 aiogram.event        INFO     Update id=511760360 is handled. Duration 2 ms by bot id=8095621527
2025.04.22 17:08:59 aiogram.event        INFO     Update id=511760361 is handled. Duration 2 ms by bot id=8095621527
2025.04.22 17:08:59 aiogram.event        INFO     Update id=511760362 is handled. Duration 2 ms by bot id=8095621527
2025.04.22 17:09:04 aiogram.event        INFO     Update id=511760363 is handled. Duration 3 ms by bot id=8095621527
2025.04.22 17:09:04 aiogram.event        INFO     Update id=511760364 is handled. Duration 3 ms by bot id=8095621527
2025.04.22 17:09:04 aiogram.event        INFO     Update id=511760365 is handled. Duration 3 ms by bot id=8095621527
2025.04.22 17:09:08 aiogram.event        INFO     Update id=511760368 is handled. Duration 3 ms by bot id=8095621527
2025.04.22 17:09:08 aiogram.event        INFO     Update id=511760369 is handled. Duration 3 ms by bot id=8095621527
2025.04.22 17:09:08 aiogram.event        INFO     Update id=511760366 is handled. Duration 4 ms by bot id=8095621527
2025.04.22 17:09:08 aiogram.event        INFO     Update id=511760367 is handled. Duration 4 ms by bot id=8095621527
2025.04.22 17:09:11 aiogram.event        INFO     Update id=511760370 is handled. Duration 2 ms by bot id=8095621527
2025.04.22 17:09:11 aiogram.event        INFO     Update id=511760371 is handled. Duration 3 ms by bot id=8095621527
2025.04.22 17:09:11 aiogram.event        INFO     Update id=511760372 is handled. Duration 3 ms by bot id=8095621527
2025.04.22 17:09:15 aiogram.event        INFO     Update id=511760373 is handled. Duration 1 ms by bot id=8095621527
2025.04.22 17:12:06 aiogram.event        INFO     Update id=511760374 is handled. Duration 5 ms by bot id=8095621527
2025.04.22 17:12:06 aiogram.event        INFO     Update id=511760375 is handled. Duration 5 ms by bot id=8095621527
2025.04.22 17:12:06 aiogram.event        INFO     Update id=511760376 is handled. Duration 5 ms by bot id=8095621527
2025.04.22 17:12:06 aiogram.event        INFO     Update id=511760377 is handled. Duration 5 ms by bot id=8095621527
2025.04.22 17:12:06 aiogram.event        INFO     Update id=511760378 is handled. Duration 5 ms by bot id=8095621527
2025.04.22 17:12:06 aiogram.event        INFO     Update id=511760379 is handled. Duration 5 ms by bot id=8095621527
2025.04.22 17:12:06 aiogram.event        INFO     Update id=511760380 is handled. Duration 5 ms by bot id=8095621527
2025.04.22 17:12:06 aiogram.event        INFO     Update id=511760381 is handled. Duration 5 ms by bot id=8095621527
2025.04.22 17:12:06 aiogram.event        INFO     Update id=511760382 is handled. Duration 5 ms by bot id=8095621527
2025.04.22 17:12:07 aiogram.event        INFO     Update id=511760383 is handled. Duration 5 ms by bot id=8095621527
2025.04.22 17:12:07 aiogram.event        INFO     Update id=511760384 is handled. Duration 5 ms by bot id=8095621527
2025.04.22 17:12:07 aiogram.event        INFO     Update id=511760385 is handled. Duration 5 ms by bot id=8095621527
2025.04.22 17:12:07 aiogram.event        INFO     Update id=511760386 is handled. Duration 5 ms by bot id=8095621527
2025.04.22 17:12:07 aiogram.event        INFO     Update id=511760387 is handled. Duration 5 ms by bot id=8095621527
2025.04.22 17:12:07 aiogram.event        INFO     Update id=511760388 is handled. Duration 5 ms by bot id=8095621527
2025.04.22 17:12:07 aiogram.event        INFO     Update id=511760389 is handled. Duration 5 ms by bot id=8095621527
2025.04.22 17:12:07 aiogram.event        INFO     Update id=511760390 is handled. Duration 5 ms by bot id=8095621527
2025.04.22 17:12:07 aiogram.event        INFO     Update id=511760391 is handled. Duration 6 ms by bot id=8095621527
2025.04.22 17:12:12 aiogram.event        INFO     Update id=511760392 is handled. Duration 2 ms by bot id=8095621527
2025.04.22 17:12:12 aiogram.event        INFO     Update id=511760393 is handled. Duration 2 ms by bot id=8095621527
2025.04.22 17:12:12 aiogram.event        INFO     Update id=511760394 is handled. Duration 3 ms by bot id=8095621527
2025.04.22 17:13:25 aiogram.event        INFO     Update id=511760395 is handled. Duration 1 ms by bot id=8095621527
2025.04.22 17:13:31 aiogram.event        INFO     Update id=511760396 is handled. Duration 1 ms by bot id=8095621527
2025.04.22 17:13:36 aiogram.event        INFO     Update id=511760397 is not handled. Duration 1 ms by bot id=8095621527
2025.04.22 17:15:41 aiogram.event        INFO     Update id=511760398 is handled. Duration 8 ms by bot id=8095621527
2025.04.22 17:15:41 aiogram.event        INFO     Update id=511760399 is handled. Duration 8 ms by bot id=8095621527
2025.04.22 17:15:41 aiogram.event        INFO     Update id=511760400 is handled. Duration 9 ms by bot id=8095621527
2025.04.22 17:15:41 aiogram.event        INFO     Update id=511760401 is handled. Duration 9 ms by bot id=8095621527
2025.04.22 17:15:41 aiogram.event        INFO     Update id=511760402 is handled. Duration 9 ms by bot id=8095621527
2025.04.22 17:15:41 aiogram.event        INFO     Update id=511760403 is handled. Duration 9 ms by bot id=8095621527
2025.04.22 17:15:41 aiogram.event        INFO     Update id=511760404 is handled. Duration 9 ms by bot id=8095621527
2025.04.22 17:15:41 aiogram.event        INFO     Update id=511760405 is handled. Duration 9 ms by bot id=8095621527
2025.04.22 17:15:41 aiogram.event        INFO     Update id=511760406 is handled. Duration 9 ms by bot id=8095621527
2025.04.22 17:15:41 aiogram.event        INFO     Update id=511760407 is handled. Duration 9 ms by bot id=8095621527
2025.04.22 17:15:41 aiogram.event        INFO     Update id=511760408 is handled. Duration 9 ms by bot id=8095621527
2025.04.22 17:15:41 aiogram.event        INFO     Update id=511760409 is handled. Duration 9 ms by bot id=8095621527
2025.04.22 17:15:41 aiogram.event        INFO     Update id=511760410 is handled. Duration 9 ms by bot id=8095621527
2025.04.22 17:15:41 aiogram.event        INFO     Update id=511760411 is handled. Duration 9 ms by bot id=8095621527
2025.04.22 17:21:49 aiogram.event        INFO     Update id=511760412 is handled. Duration 1 ms by bot id=8095621527
2025.04.22 17:21:55 aiogram.event        INFO     Update id=511760413 is handled. Duration 1 ms by bot id=8095621527
2025.04.22 17:22:43 aiogram.event        INFO     Update id=511760414 is handled. Duration 3 ms by bot id=8095621527
2025.04.22 17:22:43 aiogram.event        INFO     Update id=511760415 is handled. Duration 3 ms by bot id=8095621527
2025.04.22 17:22:43 aiogram.event        INFO     Update id=511760416 is handled. Duration 3 ms by bot id=8095621527
2025.04.22 17:22:43 aiogram.event        INFO     Update id=511760417 is handled. Duration 3 ms by bot id=8095621527
2025.04.22 17:22:43 aiogram.event        INFO     Update id=511760418 is handled. Duration 2 ms by bot id=8095621527
2025.04.22 17:22:43 aiogram.event        INFO     Update id=511760419 is handled. Duration 3 ms by bot id=8095621527
2025.04.22 17:22:43 aiogram.event        INFO     Update id=511760420 is handled. Duration 3 ms by bot id=8095621527
2025.04.22 17:22:43 aiogram.event        INFO     Update id=511760421 is handled. Duration 3 ms by bot id=8095621527
2025.04.22 17:28:06 aiogram.event        INFO     Update id=511760422 is handled. Duration 1 ms by bot id=8095621527
2025.04.22 17:31:32 aiogram.event        INFO     Update id=511760423 is handled. Duration 1 ms by bot id=8095621527
2025.04.22 17:32:02 aiogram.event        INFO     Update id=511760424 is handled. Duration 1 ms by bot id=8095621527
2025.04.22 17:32:18 aiogram.event        INFO     Update id=511760425 is handled. Duration 1 ms by bot id=8095621527
2025.04.22 17:32:43 aiogram.event        INFO     Update id=511760426 is not handled. Duration 1 ms by bot id=8095621527
2025.04.22 17:33:01 aiogram.event        INFO     Update id=511760427 is handled. Duration 1 ms by bot id=8095621527
2025.04.22 17:33:21 aiogram.event        INFO     Update id=511760428 is handled. Duration 1 ms by bot id=8095621527
2025.04.22 17:33:29 aiogram.event        INFO     Update id=511760429 is handled. Duration 1 ms by bot id=8095621527
2025.04.22 17:33:38 aiogram.event        INFO     Update id=511760430 is handled. Duration 1 ms by bot id=8095621527
2025.04.22 17:33:44 aiogram.event        INFO     Update id=511760431 is not handled. Duration 1 ms by bot id=8095621527
2025.04.22 17:34:54 aiogram.event        INFO     Update id=511760432 is handled. Duration 1 ms by bot id=8095621527
2025.04.22 17:34:54 aiogram.event        INFO     Update id=511760433 is not handled. Duration 1 ms by bot id=8095621527
2025.04.22 17:35:07 aiogram.event        INFO     Update id=511760434 is handled. Duration 1 ms by bot id=8095621527
2025.04.22 17:35:13 aiogram.event        INFO     Update id=511760435 is handled. Duration 1 ms by bot id=8095621527
2025.04.22 17:35:31 aiogram.event        INFO     Update id=511760436 is not handled. Duration 1 ms by bot id=8095621527
2025.04.22 17:35:33 aiogram.event        INFO     Update id=511760437 is handled. Duration 1 ms by bot id=8095621527
2025.04.22 17:35:41 aiogram.event        INFO     Update id=511760438 is handled. Duration 1 ms by bot id=8095621527
2025.04.22 17:36:50 aiogram.event        INFO     Update id=511760439 is handled. Duration 1 ms by bot id=8095621527
2025.04.22 17:37:29 aiogram.event        INFO     Update id=511760440 is handled. Duration 1 ms by bot id=8095621527
2025.04.22 17:37:41 aiogram.event        INFO     Update id=511760441 is handled. Duration 1 ms by bot id=8095621527
2025.04.22 17:37:44 aiogram.event        INFO     Update id=511760442 is handled. Duration 1 ms by bot id=8095621527
2025.04.22 17:37:47 aiogram.event        INFO     Update id=511760443 is not handled. Duration 1 ms by bot id=8095621527
2025.04.22 17:39:57 aiogram.event        INFO     Update id=511760444 is handled. Duration 1 ms by bot id=8095621527
2025.04.22 17:39:58 aiogram.event        INFO     Update id=511760445 is handled. Duration 1 ms by bot id=8095621527
2025.04.22 17:44:05 aiogram.event        INFO     Update id=511760446 is handled. Duration 1 ms by bot id=8095621527
2025.04.22 17:44:06 aiogram.event        INFO     Update id=511760447 is handled. Duration 1 ms by bot id=8095621527
2025.04.22 17:45:29 aiogram.event        INFO     Update id=511760448 is handled. Duration 1 ms by bot id=8095621527
2025.04.22 17:45:41 aiogram.event        INFO     Update id=511760449 is handled. Duration 1 ms by bot id=8095621527
2025.04.22 17:46:02 aiogram.event        INFO     Update id=511760450 is handled. Duration 1 ms by bot id=8095621527
2025.04.22 17:46:29 aiogram.event        INFO     Update id=511760451 is handled. Duration 1 ms by bot id=8095621527
2025.04.22 17:46:34 aiogram.event        INFO     Update id=511760452 is handled. Duration 1 ms by bot id=8095621527
2025.04.22 17:46:47 aiogram.event        INFO     Update id=511760453 is handled. Duration 1 ms by bot id=8095621527
2025.04.22 17:46:57 aiogram.event        INFO     Update id=511760454 is handled. Duration 1 ms by bot id=8095621527
2025.04.22 17:47:02 aiogram.event        INFO     Update id=511760455 is handled. Duration 1 ms by bot id=8095621527
2025.04.22 17:47:08 aiogram.event        INFO     Update id=511760456 is not handled. Duration 3 ms by bot id=8095621527
2025.04.22 17:47:13 aiogram.event        INFO     Update id=511760457 is not handled. Duration 1 ms by bot id=8095621527
2025.04.22 17:47:19 aiogram.event        INFO     Update id=511760458 is handled. Duration 1 ms by bot id=8095621527
2025.04.22 17:47:30 aiogram.event        INFO     Update id=511760459 is handled. Duration 1 ms by bot id=8095621527
2025.04.22 17:47:32 aiogram.event        INFO     Update id=511760460 is handled. Duration 1 ms by bot id=8095621527
2025.04.22 17:47:33 aiogram.event        INFO     Update id=511760461 is handled. Duration 1 ms by bot id=8095621527
2025.04.22 17:47:39 aiogram.event        INFO     Update id=511760462 is handled. Duration 1 ms by bot id=8095621527
2025.04.22 17:47:42 aiogram.event        INFO     Update id=511760463 is handled. Duration 1 ms by bot id=8095621527
2025.04.22 17:47:44 aiogram.event        INFO     Update id=511760464 is handled. Duration 1 ms by bot id=8095621527
2025.04.22 17:47:50 aiogram.event        INFO     Update id=511760465 is handled. Duration 1 ms by bot id=8095621527
2025.04.22 17:47:50 aiogram.event        INFO     Update id=511760466 is handled. Duration 1 ms by bot id=8095621527
2025.04.22 17:48:14 aiogram.event        INFO     Update id=511760467 is handled. Duration 1 ms by bot id=8095621527
2025.04.22 17:48:18 aiogram.event        INFO     Update id=511760468 is handled. Duration 1 ms by bot id=8095621527
2025.04.22 17:48:26 aiogram.event        INFO     Update id=511760469 is handled. Duration 1 ms by bot id=8095621527
2025.04.22 17:48:36 aiogram.event        INFO     Update id=511760470 is handled. Duration 1 ms by bot id=8095621527
2025.04.22 17:48:49 aiogram.event        INFO     Update id=511760471 is handled. Duration 1 ms by bot id=8095621527
2025.04.22 17:49:05 aiogram.event        INFO     Update id=511760472 is handled. Duration 1 ms by bot id=8095621527
2025.04.22 17:49:09 aiogram.event        INFO     Update id=511760473 is handled. Duration 1 ms by bot id=8095621527
2025.04.22 17:49:12 aiogram.event        INFO     Update id=511760474 is handled. Duration 1 ms by bot id=8095621527
2025.04.22 17:49:20 aiogram.event        INFO     Update id=511760475 is handled. Duration 1 ms by bot id=8095621527
2025.04.22 17:49:25 aiogram.event        INFO     Update id=511760476 is handled. Duration 1 ms by bot id=8095621527
2025.04.22 17:49:32 aiogram.event        INFO     Update id=511760477 is handled. Duration 1 ms by bot id=8095621527
2025.04.22 17:49:32 aiogram.event        INFO     Update id=511760478 is handled. Duration 63 ms by bot id=8095621527
2025.04.22 17:49:33 aiogram.event        INFO     Update id=511760479 is handled. Duration 1 ms by bot id=8095621527
2025.04.22 17:49:35 aiogram.event        INFO     Update id=511760480 is handled. Duration 111 ms by bot id=8095621527
2025.04.22 17:49:36 aiogram.event        INFO     Update id=511760481 is handled. Duration 1 ms by bot id=8095621527
2025.04.22 17:49:37 aiogram.event        INFO     Update id=511760482 is handled. Duration 63 ms by bot id=8095621527
2025.04.22 17:49:39 aiogram.event        INFO     Update id=511760483 is handled. Duration 53 ms by bot id=8095621527
2025.04.22 17:49:40 aiogram.event        INFO     Update id=511760484 is handled. Duration 56 ms by bot id=8095621527
2025.04.22 17:49:40 aiogram.event        INFO     Update id=511760485 is handled. Duration 109 ms by bot id=8095621527
2025.04.22 17:49:42 aiogram.event        INFO     Update id=511760486 is not handled. Duration 1 ms by bot id=8095621527
2025.04.22 17:49:47 aiogram.event        INFO     Update id=511760487 is handled. Duration 65 ms by bot id=8095621527
2025.04.22 17:49:51 aiogram.event        INFO     Update id=511760488 is not handled. Duration 1 ms by bot id=8095621527
2025.04.22 17:49:51 aiogram.event        INFO     Update id=511760489 is handled. Duration 1 ms by bot id=8095621527
2025.04.22 17:49:54 aiogram.event        INFO     Update id=511760490 is handled. Duration 52 ms by bot id=8095621527
2025.04.22 17:49:54 aiogram.event        INFO     Update id=511760491 is handled. Duration 49 ms by bot id=8095621527
2025.04.22 17:49:55 aiogram.event        INFO     Update id=511760492 is handled. Duration 164 ms by bot id=8095621527
2025.04.22 17:49:56 aiogram.event        INFO     Update id=511760493 is handled. Duration 59 ms by bot id=8095621527
2025.04.22 17:49:57 aiogram.event        INFO     Update id=511760494 is handled. Duration 83 ms by bot id=8095621527
2025.04.22 17:49:58 aiogram.event        INFO     Update id=511760495 is handled. Duration 1 ms by bot id=8095621527
2025.04.22 17:50:00 aiogram.event        INFO     Update id=511760496 is handled. Duration 41 ms by bot id=8095621527
2025.04.22 17:50:04 aiogram.event        INFO     Update id=511760497 is handled. Duration 1 ms by bot id=8095621527
2025.04.22 17:50:06 aiogram.event        INFO     Update id=511760498 is handled. Duration 98 ms by bot id=8095621527
2025.04.22 17:50:08 aiogram.event        INFO     Update id=511760499 is handled. Duration 218 ms by bot id=8095621527
2025.04.22 17:50:09 aiogram.event        INFO     Update id=511760500 is handled. Duration 260 ms by bot id=8095621527
2025.04.22 17:50:13 aiogram.event        INFO     Update id=511760501 is handled. Duration 57 ms by bot id=8095621527
2025.04.22 17:50:15 aiogram.event        INFO     Update id=511760502 is handled. Duration 101 ms by bot id=8095621527
2025.04.22 17:50:18 aiogram.event        INFO     Update id=511760503 is handled. Duration 263 ms by bot id=8095621527
2025.04.22 17:50:19 aiogram.event        INFO     Update id=511760504 is handled. Duration 1 ms by bot id=8095621527
2025.04.22 17:50:19 aiogram.event        INFO     Update id=511760505 is handled. Duration 45 ms by bot id=8095621527
2025.04.22 17:50:20 aiogram.event        INFO     Update id=511760506 is handled. Duration 1 ms by bot id=8095621527
2025.04.22 17:50:21 aiogram.event        INFO     Update id=511760507 is handled. Duration 94 ms by bot id=8095621527
2025.04.22 17:50:22 aiogram.event        INFO     Update id=511760508 is handled. Duration 87 ms by bot id=8095621527
2025.04.22 17:50:23 aiogram.event        INFO     Update id=511760509 is handled. Duration 1 ms by bot id=8095621527
2025.04.22 17:50:26 aiogram.event        INFO     Update id=511760510 is handled. Duration 111 ms by bot id=8095621527
2025.04.22 17:50:26 aiogram.event        INFO     Update id=511760511 is handled. Duration 1 ms by bot id=8095621527
2025.04.22 17:50:27 aiogram.event        INFO     Update id=511760512 is handled. Duration 65 ms by bot id=8095621527
2025.04.22 17:50:29 aiogram.event        INFO     Update id=511760513 is handled. Duration 61 ms by bot id=8095621527
2025.04.22 17:50:30 aiogram.event        INFO     Update id=511760514 is handled. Duration 67 ms by bot id=8095621527
2025.04.22 17:50:31 aiogram.event        INFO     Update id=511760515 is handled. Duration 52 ms by bot id=8095621527
2025.04.22 17:50:32 aiogram.event        INFO     Update id=511760516 is handled. Duration 101 ms by bot id=8095621527
2025.04.22 17:50:32 aiogram.event        INFO     Update id=511760517 is handled. Duration 140 ms by bot id=8095621527
2025.04.22 17:50:33 aiogram.event        INFO     Update id=511760518 is handled. Duration 105 ms by bot id=8095621527
2025.04.22 17:50:36 aiogram.event        INFO     Update id=511760519 is handled. Duration 1 ms by bot id=8095621527
2025.04.22 17:50:42 aiogram.event        INFO     Update id=511760520 is handled. Duration 1 ms by bot id=8095621527
2025.04.22 17:50:48 aiogram.event        INFO     Update id=511760521 is handled. Duration 1 ms by bot id=8095621527
2025.04.22 17:50:50 aiogram.event        INFO     Update id=511760522 is handled. Duration 1 ms by bot id=8095621527
2025.04.22 17:50:55 aiogram.event        INFO     Update id=511760523 is not handled. Duration 1 ms by bot id=8095621527
2025.04.22 17:50:56 aiogram.event        INFO     Update id=511760524 is handled. Duration 1 ms by bot id=8095621527
2025.04.22 17:51:01 aiogram.event        INFO     Update id=511760525 is handled. Duration 1 ms by bot id=8095621527
2025.04.22 17:51:14 core.webprofile      INFO     firefox brauzerindən cookies istifadə edilir.
2025.04.22 17:51:14 core.webprofile      INFO     Seçilmiş User-Agent: Mozilla/5.0 (Windows NT 10.0; Win64; x64; rv:120.0) Gecko/20100101 Firefox/120.0
2025.04.22 17:51:18 aiogram.event        INFO     Update id=511760526 is handled. Duration 4510 ms by bot id=8095621527
2025.04.22 17:51:19 aiogram.event        INFO     Update id=511760527 is handled. Duration 1 ms by bot id=8095621527
2025.04.22 17:51:20 aiogram.event        INFO     Update id=511760528 is handled. Duration 1 ms by bot id=8095621527
2025.04.22 17:51:22 aiogram.event        INFO     Update id=511760529 is handled. Duration 166 ms by bot id=8095621527
2025.04.22 17:51:23 aiogram.event        INFO     Update id=511760530 is handled. Duration 75 ms by bot id=8095621527
2025.04.22 17:51:24 aiogram.event        INFO     Update id=511760531 is handled. Duration 171 ms by bot id=8095621527
2025.04.22 17:51:31 aiogram.event        INFO     Update id=511760532 is handled. Duration 5225 ms by bot id=8095621527
2025.04.22 17:51:33 aiogram.event        INFO     Update id=511760533 is handled. Duration 1 ms by bot id=8095621527
2025.04.22 17:51:35 core.webprofile      INFO     firefox brauzerindən cookies istifadə edilir.
2025.04.22 17:51:35 core.webprofile      INFO     Seçilmiş User-Agent: Mozilla/5.0 (iPad; CPU OS 17_2 like Mac OS X) AppleWebKit/605.1.15 (KHTML, like Gecko) Version/17.2 Mobile/15E148 Safari/604.1
2025.04.22 17:51:36 aiogram.event        INFO     Update id=511760535 is handled. Duration 1 ms by bot id=8095621527
2025.04.22 17:51:38 aiogram.event        INFO     Update id=511760536 is handled. Duration 1 ms by bot id=8095621527
2025.04.22 17:51:39 aiogram.event        INFO     Update id=511760537 is handled. Duration 1 ms by bot id=8095621527
2025.04.22 17:51:39 aiogram.event        INFO     Update id=511760534 is handled. Duration 4012 ms by bot id=8095621527
2025.04.22 17:51:40 aiogram.event        INFO     Update id=511760538 is handled. Duration 1 ms by bot id=8095621527
2025.04.22 17:51:48 aiogram.event        INFO     Update id=511760540 is handled. Duration 1 ms by bot id=8095621527
2025.04.22 17:51:49 aiogram.event        INFO     Update id=511760541 is handled. Duration 1 ms by bot id=8095621527
2025.04.22 17:51:50 aiogram.event        INFO     Update id=511760539 is handled. Duration 5434 ms by bot id=8095621527
2025.04.22 17:51:52 aiogram.event        INFO     Update id=511760542 is handled. Duration 1 ms by bot id=8095621527
2025.04.22 17:51:54 core.webprofile      INFO     firefox brauzerindən cookies istifadə edilir.
2025.04.22 17:51:54 core.webprofile      INFO     Seçilmiş User-Agent: Mozilla/5.0 (iPad; CPU OS 17_2 like Mac OS X) AppleWebKit/605.1.15 (KHTML, like Gecko) Version/17.2 Mobile/15E148 Safari/604.1
2025.04.22 17:51:56 aiogram.event        INFO     Update id=511760544 is handled. Duration 1 ms by bot id=8095621527
2025.04.22 17:51:57 aiogram.event        INFO     Update id=511760543 is handled. Duration 3153 ms by bot id=8095621527
2025.04.22 17:51:58 aiogram.event        INFO     Update id=511760545 is handled. Duration 1 ms by bot id=8095621527
2025.04.22 17:52:01 aiogram.event        INFO     Update id=511760546 is handled. Duration 1 ms by bot id=8095621527
2025.04.22 17:52:03 aiogram.event        INFO     Update id=511760547 is handled. Duration 1 ms by bot id=8095621527
2025.04.22 17:52:05 aiogram.event        INFO     Update id=511760548 is handled. Duration 70 ms by bot id=8095621527
2025.04.22 17:52:07 aiogram.event        INFO     Update id=511760549 is handled. Duration 150 ms by bot id=8095621527
2025.04.22 17:52:08 aiogram.event        INFO     Update id=511760550 is handled. Duration 67 ms by bot id=8095621527
2025.04.22 17:52:11 aiogram.event        INFO     Update id=511760551 is handled. Duration 1 ms by bot id=8095621527
2025.04.22 17:52:16 aiogram.event        INFO     Update id=511760552 is handled. Duration 1 ms by bot id=8095621527
2025.04.22 17:52:19 aiogram.event        INFO     Update id=511760553 is not handled. Duration 1 ms by bot id=8095621527
2025.04.22 17:53:50 aiogram.event        INFO     Update id=511760554 is handled. Duration 1 ms by bot id=8095621527
2025.04.22 17:54:13 aiogram.event        INFO     Update id=511760555 is not handled. Duration 1 ms by bot id=8095621527
2025.04.22 17:54:30 aiogram.event        INFO     Update id=511760556 is not handled. Duration 1 ms by bot id=8095621527
2025.04.22 17:59:25 aiogram.event        INFO     Update id=511760557 is handled. Duration 2 ms by bot id=8095621527
2025.04.22 17:59:25 aiogram.event        INFO     Update id=511760558 is handled. Duration 2 ms by bot id=8095621527
2025.04.22 17:59:25 aiogram.event        INFO     Update id=511760559 is handled. Duration 2 ms by bot id=8095621527
2025.04.22 17:59:45 aiogram.event        INFO     Update id=511760560 is handled. Duration 1 ms by bot id=8095621527
2025.04.22 17:59:46 aiogram.dispatcher   WARNING  Received SIGINT signal
2025.04.22 17:59:46 aiogram.dispatcher   INFO     Polling stopped for bot @dllmasterbot id=8095621527 - 'DLLMaster 🍊'
2025.04.22 17:59:46 aiogram.dispatcher   INFO     Polling stopped
2025.04.22 17:59:47 __main__             INFO     🛑 Polling stopped
2025.04.22 17:59:47 __main__             INFO     🔴 Bot stopped
