2026.09.04 14:59:33 __main__             INFO     🤖 Starting bot...
2026.09.04 14:59:33 __main__             INFO     🚀 Starting bot initialization...
2026.09.04 14:59:33 core.spotify_handler INFO     Spotify API connection established.
2026.09.04 14:59:33 __main__             INFO     ✅ Spotify service initialized
2026.09.04 14:59:33 core.webprofile      INFO     Seçilmiş User-Agent: Mozilla/5.0 (Linux; Android 14; Pixel 8 Pro) AppleWebKit/537.36 (KHTML, like Gecko) Chrome/122.0.0.0 Mobile Safari/537.36
2026.09.04 14:59:33 core.youtube_handler INFO     firefox brauzerindən cookies istifadə edilir.
2026.09.04 14:59:33 __main__             INFO     ✅ YouTube services initialized (firefox)
2026.09.04 14:59:33 __main__             INFO     🔌 Loading plugins...
2026.09.04 14:59:33 core.utilities       INFO     🔍 Scanning plugins in: plugins
2026.09.04 14:59:33 core.utilities       INFO     🔄 Loading: plugins.music_plugin
2026.09.04 14:59:33 core.utilities       INFO     ✅ Loaded (sync): plugins.music_plugin
2026.09.04 14:59:33 core.utilities       INFO     🔄 Loading: plugins.start_plugin
2026.09.04 14:59:33 plugins.start_plugin INFO     ✅ Start plugin yükləndi
2026.09.04 14:59:33 core.utilities       INFO     ✅ Loaded (async): plugins.start_plugin
2026.09.04 14:59:33 core.utilities       INFO     🔄 Loading: plugins.spotify_plugin
2026.09.04 14:59:33 core.utilities       INFO     ✅ Loaded (sync): plugins.spotify_plugin
2026.09.04 14:59:33 core.utilities       INFO     🔄 Loading: plugins.youtube_plugin
2026.09.04 14:59:33 core.utilities       INFO     ✅ Loaded (sync): plugins.youtube_plugin
2026.09.04 14:59:33 __main__             INFO     🚀 Starting polling...
2026.09.04 14:59:33 aiogram.dispatcher   INFO     Start polling
2026.09.04 14:59:33 aiogram.dispatcher   INFO     Run polling for bot @dllmasterbot id=8976652462 - 'DLLMaster'
2026.09.04 14:59:55 core.utilities       INFO     User 8502974425 executed command: /music tropkillaz hideho
2026.09.04 14:59:55 core.webprofile      INFO     firefox brauzerindən cookies istifadə edilir.
2026.09.04 14:59:55 core.webprofile      INFO     Seçilmiş User-Agent: Mozilla/5.0 (Windows NT 10.0; Win64; x64) AppleWebKit/537.36 (KHTML, like Gecko) Edge/120.0.0.0 Safari/537.36
2026.09.04 14:59:58 aiogram.event        INFO     Update id=875900322 is handled. Duration 3214 ms by bot id=8976652462
2026.09.04 15:00:06 core.webprofile      INFO     firefox brauzerindən cookies istifadə edilir.
2026.09.04 15:00:06 core.webprofile      INFO     Seçilmiş User-Agent: Mozilla/5.0 (X11; Linux x86_64) AppleWebKit/537.36 (KHTML, like Gecko) Chrome/122.0.0.0 Safari/537.36
2026.09.04 15:00:14 aiogram.event        INFO     Update id=875900323 is handled. Duration 7629 ms by bot id=8976652462
2026.09.04 15:00:17 core.utilities       INFO     User 8502974425 executed command: /music tropkillaz boa noite
2026.09.04 15:00:18 core.webprofile      INFO     firefox brauzerindən cookies istifadə edilir.
2026.09.04 15:00:18 core.webprofile      INFO     Seçilmiş User-Agent: Mozilla/5.0 (Windows NT 10.0; Win64; x64) AppleWebKit/537.36 (KHTML, like Gecko) Edge/120.0.0.0 Safari/537.36
2026.09.04 15:00:20 aiogram.event        INFO     Update id=875900324 is handled. Duration 2832 ms by bot id=8976652462
2026.09.04 15:00:24 core.webprofile      INFO     firefox brauzerindən cookies istifadə edilir.
2026.09.04 15:00:24 core.webprofile      INFO     Seçilmiş User-Agent: Mozilla/5.0 (iPad; CPU OS 17_2 like Mac OS X) AppleWebKit/605.1.15 (KHTML, like Gecko) Version/17.2 Mobile/15E148 Safari/604.1
2026.09.04 15:00:30 core.youtube_handler ERROR    Yükləmə xətası: [0;31mERROR:[0m [youtube] MkKTtNbZzWw: Requested format is not available. Use --list-formats for a list of available formats
2026.09.04 15:00:30 aiogram.event        INFO     Update id=875900325 is handled. Duration 6488 ms by bot id=8976652462
2026.09.04 15:00:35 core.utilities       INFO     User 8502974425 executed command: /music biz kalashnikov
2026.09.04 15:00:35 core.webprofile      INFO     firefox brauzerindən cookies istifadə edilir.
2026.09.04 15:00:35 core.webprofile      INFO     Seçilmiş User-Agent: Mozilla/5.0 (X11; Linux x86_64) AppleWebKit/537.36 (KHTML, like Gecko) Chrome/122.0.0.0 Safari/537.36
2026.09.04 15:00:39 aiogram.event        INFO     Update id=875900326 is handled. Duration 4163 ms by bot id=8976652462
2026.09.04 15:00:50 core.webprofile      INFO     firefox brauzerindən cookies istifadə edilir.
2026.09.04 15:00:50 core.webprofile      INFO     Seçilmiş User-Agent: Mozilla/5.0 (X11; Ubuntu; Linux x86_64; rv:120.0) Gecko/20100101 Firefox/120.0
2026.09.04 15:00:52 core.utilities       INFO     User 8502974425 executed command: /music tropkillaz boa noite
2026.09.04 15:00:53 core.webprofile      INFO     firefox brauzerindən cookies istifadə edilir.
2026.09.04 15:00:53 core.webprofile      INFO     Seçilmiş User-Agent: Mozilla/5.0 (X11; Linux x86_64) AppleWebKit/537.36 (KHTML, like Gecko) Chrome/122.0.0.0 Safari/537.36
2026.09.04 15:00:56 aiogram.event        INFO     Update id=875900328 is handled. Duration 3285 ms by bot id=8976652462
2026.09.04 15:00:56 aiogram.event        INFO     Update id=875900327 is handled. Duration 6377 ms by bot id=8976652462
2026.09.04 15:01:04 aiogram.event        INFO     Update id=875900329 is handled. Duration 0 ms by bot id=8976652462
2026.09.04 15:01:12 core.utilities       INFO     User 8502974425 executed command: /music tropkillaz boa noite
2026.09.04 15:01:12 core.webprofile      INFO     firefox brauzerindən cookies istifadə edilir.
2026.09.04 15:01:12 core.webprofile      INFO     Seçilmiş User-Agent: Mozilla/5.0 (X11; Linux x86_64) AppleWebKit/537.36 (KHTML, like Gecko) Chrome/122.0.0.0 Safari/537.36
2026.09.04 15:01:15 aiogram.event        INFO     Update id=875900330 is handled. Duration 3205 ms by bot id=8976652462
2026.09.04 15:01:20 core.webprofile      INFO     firefox brauzerindən cookies istifadə edilir.
2026.09.04 15:01:20 core.webprofile      INFO     Seçilmiş User-Agent: Mozilla/5.0 (iPad; CPU OS 17_2 like Mac OS X) AppleWebKit/605.1.15 (KHTML, like Gecko) Version/17.2 Mobile/15E148 Safari/604.1
2026.09.04 15:01:30 aiogram.event        INFO     Update id=875900331 is handled. Duration 9912 ms by bot id=8976652462
2026.09.04 15:02:05 core.utilities       INFO     User 8502974425 executed command: /music tropkillaz
2026.09.04 15:02:05 core.webprofile      INFO     firefox brauzerindən cookies istifadə edilir.
2026.09.04 15:02:05 core.webprofile      INFO     Seçilmiş User-Agent: Mozilla/5.0 (iPhone; CPU iPhone OS 17_2 like Mac OS X) AppleWebKit/605.1.15 (KHTML, like Gecko) Version/17.2 Mobile/15E148 Safari/604.1
2026.09.04 15:02:08 aiogram.event        INFO     Update id=875900332 is handled. Duration 3156 ms by bot id=8976652462
2026.09.04 15:02:14 core.webprofile      INFO     firefox brauzerindən cookies istifadə edilir.
2026.09.04 15:02:14 core.webprofile      INFO     Seçilmiş User-Agent: Mozilla/5.0 (X11; Linux x86_64) AppleWebKit/537.36 (KHTML, like Gecko) Chrome/122.0.0.0 Safari/537.36
2026.09.04 15:02:20 aiogram.event        INFO     Update id=875900333 is handled. Duration 5926 ms by bot id=8976652462
2026.09.04 15:02:36 core.utilities       INFO     User 8502974425 executed command: /music tropkillaz baby baby
2026.09.04 15:02:36 core.webprofile      INFO     firefox brauzerindən cookies istifadə edilir.
2026.09.04 15:02:36 core.webprofile      INFO     Seçilmiş User-Agent: Mozilla/5.0 (Linux; Android 14; SM-G998B) AppleWebKit/537.36 (KHTML, like Gecko) Chrome/122.0.0.0 Mobile Safari/537.36
2026.09.04 15:02:39 aiogram.event        INFO     Update id=875900334 is handled. Duration 3804 ms by bot id=8976652462
2026.09.04 15:02:43 core.webprofile      INFO     firefox brauzerindən cookies istifadə edilir.
2026.09.04 15:02:43 core.webprofile      INFO     Seçilmiş User-Agent: Mozilla/5.0 (X11; Ubuntu; Linux x86_64; rv:120.0) Gecko/20100101 Firefox/120.0
2026.09.04 15:02:48 aiogram.event        INFO     Update id=875900335 is handled. Duration 5096 ms by bot id=8976652462
2026.09.04 15:03:29 core.utilities       INFO     User 8502974425 executed command: /music me quedo
2026.09.04 15:03:29 core.webprofile      INFO     firefox brauzerindən cookies istifadə edilir.
2026.09.04 15:03:29 core.webprofile      INFO     Seçilmiş User-Agent: Mozilla/5.0 (Windows NT 10.0; Win64; x64; rv:120.0) Gecko/20100101 Firefox/120.0
2026.09.04 15:03:33 aiogram.event        INFO     Update id=875900336 is handled. Duration 4082 ms by bot id=8976652462
2026.09.04 15:03:48 core.webprofile      INFO     firefox brauzerindən cookies istifadə edilir.
2026.09.04 15:03:48 core.webprofile      INFO     Seçilmiş User-Agent: Mozilla/5.0 (X11; Ubuntu; Linux x86_64; rv:120.0) Gecko/20100101 Firefox/120.0
2026.09.04 15:03:57 core.utilities       INFO     User 8502974425 executed command: /music me quedo dady yankee
2026.09.04 15:03:58 core.webprofile      INFO     firefox brauzerindən cookies istifadə edilir.
2026.09.04 15:03:58 core.webprofile      INFO     Seçilmiş User-Agent: Mozilla/5.0 (iPad; CPU OS 17_2 like Mac OS X) AppleWebKit/605.1.15 (KHTML, like Gecko) Version/17.2 Mobile/15E148 Safari/604.1
2026.09.04 15:03:58 aiogram.event        INFO     Update id=875900337 is handled. Duration 10432 ms by bot id=8976652462
2026.09.04 15:04:01 aiogram.event        INFO     Update id=875900338 is handled. Duration 4003 ms by bot id=8976652462
2026.09.04 15:04:13 core.webprofile      INFO     firefox brauzerindən cookies istifadə edilir.
2026.09.04 15:04:13 core.webprofile      INFO     Seçilmiş User-Agent: Mozilla/5.0 (iPhone; CPU iPhone OS 17_2 like Mac OS X) AppleWebKit/605.1.15 (KHTML, like Gecko) Version/17.2 Mobile/15E148 Safari/604.1
2026.09.04 15:04:22 aiogram.event        INFO     Update id=875900339 is handled. Duration 9051 ms by bot id=8976652462
2026.09.04 15:04:45 core.utilities       INFO     User 8502974425 executed command: /music dady yankee me quedo
2026.09.04 15:04:45 core.webprofile      INFO     firefox brauzerindən cookies istifadə edilir.
2026.09.04 15:04:45 core.webprofile      INFO     Seçilmiş User-Agent: Mozilla/5.0 (X11; Ubuntu; Linux x86_64; rv:120.0) Gecko/20100101 Firefox/120.0
2026.09.04 15:04:48 aiogram.event        INFO     Update id=875900340 is handled. Duration 3320 ms by bot id=8976652462
2026.09.04 15:04:53 core.webprofile      INFO     firefox brauzerindən cookies istifadə edilir.
2026.09.04 15:04:53 core.webprofile      INFO     Seçilmiş User-Agent: Mozilla/5.0 (Linux; Android 14; SM-G998B) AppleWebKit/537.36 (KHTML, like Gecko) Chrome/122.0.0.0 Mobile Safari/537.36
2026.09.04 15:05:03 aiogram.event        INFO     Update id=875900341 is handled. Duration 9444 ms by bot id=8976652462
2026.09.04 15:20:05 aiogram.event        INFO     Update id=875900342 is not handled. Duration 1 ms by bot id=8976652462
2026.09.04 17:39:26 core.utilities       INFO     User 8502974425 executed command: /music Alca - Río do Janeiro
2026.09.04 17:39:26 core.webprofile      INFO     firefox brauzerindən cookies istifadə edilir.
2026.09.04 17:39:26 core.webprofile      INFO     Seçilmiş User-Agent: Mozilla/5.0 (Windows NT 10.0; Win64; x64) AppleWebKit/537.36 (KHTML, like Gecko) Chrome/122.0.0.0 Safari/537.36
2026.09.04 17:39:31 aiogram.event        INFO     Update id=875900343 is handled. Duration 4761 ms by bot id=8976652462
2026.09.04 17:39:35 core.webprofile      INFO     firefox brauzerindən cookies istifadə edilir.
2026.09.04 17:39:35 core.webprofile      INFO     Seçilmiş User-Agent: Mozilla/5.0 (Windows NT 10.0; Win64; x64) AppleWebKit/537.36 (KHTML, like Gecko) Edge/120.0.0.0 Safari/537.36
2026.09.04 17:39:45 aiogram.event        INFO     Update id=875900344 is handled. Duration 9703 ms by bot id=8976652462
2026.09.04 17:40:13 core.utilities       INFO     User 8502974425 executed command: /music da capo
2026.09.04 17:40:13 core.webprofile      INFO     firefox brauzerindən cookies istifadə edilir.
2026.09.04 17:40:13 core.webprofile      INFO     Seçilmiş User-Agent: Mozilla/5.0 (iPhone; CPU iPhone OS 17_2 like Mac OS X) AppleWebKit/605.1.15 (KHTML, like Gecko) Version/17.2 Mobile/15E148 Safari/604.1
2026.09.04 17:40:17 aiogram.event        INFO     Update id=875900345 is handled. Duration 3608 ms by bot id=8976652462
2026.09.04 17:40:21 aiogram.event        INFO     Update id=875900346 is handled. Duration 81 ms by bot id=8976652462
2026.09.04 17:40:25 aiogram.event        INFO     Update id=875900347 is handled. Duration 133 ms by bot id=8976652462
2026.09.04 17:40:29 aiogram.event        INFO     Update id=875900348 is handled. Duration 67 ms by bot id=8976652462
2026.09.04 17:40:31 aiogram.event        INFO     Update id=875900349 is handled. Duration 297 ms by bot id=8976652462
2026.09.04 17:40:32 core.webprofile      INFO     firefox brauzerindən cookies istifadə edilir.
2026.09.04 17:40:32 core.webprofile      INFO     Seçilmiş User-Agent: Mozilla/5.0 (Windows NT 10.0; Win64; x64) AppleWebKit/537.36 (KHTML, like Gecko) Chrome/122.0.0.0 Safari/537.36
2026.09.04 17:40:37 aiogram.event        INFO     Update id=875900350 is handled. Duration 5874 ms by bot id=8976652462
2026.09.04 17:42:58 core.utilities       INFO     User 8502974425 executed command: /music zarina
2026.09.04 17:42:59 core.webprofile      INFO     firefox brauzerindən cookies istifadə edilir.
2026.09.04 17:42:59 core.webprofile      INFO     Seçilmiş User-Agent: Mozilla/5.0 (Windows NT 10.0; Win64; x64) AppleWebKit/537.36 (KHTML, like Gecko) Chrome/122.0.0.0 Safari/537.36
2026.09.04 17:43:02 aiogram.event        INFO     Update id=875900351 is handled. Duration 3356 ms by bot id=8976652462
2026.09.04 17:43:06 aiogram.event        INFO     Update id=875900352 is handled. Duration 65 ms by bot id=8976652462
2026.09.04 17:43:12 aiogram.event        INFO     Update id=875900353 is handled. Duration 82 ms by bot id=8976652462
2026.09.04 17:43:16 aiogram.event        INFO     Update id=875900354 is handled. Duration 134 ms by bot id=8976652462
2026.09.04 17:43:21 aiogram.event        INFO     Update id=875900355 is handled. Duration 71 ms by bot id=8976652462
2026.09.04 17:43:22 aiogram.event        INFO     Update id=875900356 is handled. Duration 78 ms by bot id=8976652462
2026.09.04 17:43:23 aiogram.event        INFO     Update id=875900357 is handled. Duration 69 ms by bot id=8976652462
2026.09.04 17:43:25 aiogram.event        INFO     Update id=875900358 is handled. Duration 133 ms by bot id=8976652462
2026.09.04 17:43:35 aiogram.event        INFO     Update id=875900359 is handled. Duration 5275 ms by bot id=8976652462
2026.09.04 17:48:14 core.utilities       INFO     User 8502974425 executed command: /music zaman aldı məndən
2026.09.04 17:48:14 core.webprofile      INFO     firefox brauzerindən cookies istifadə edilir.
2026.09.04 17:48:14 core.webprofile      INFO     Seçilmiş User-Agent: Mozilla/5.0 (Windows NT 10.0; Win64; x64) AppleWebKit/537.36 (KHTML, like Gecko) Chrome/122.0.0.0 Safari/537.36
2026.09.04 17:48:17 aiogram.event        INFO     Update id=875900360 is handled. Duration 2995 ms by bot id=8976652462
2026.09.04 17:48:19 core.webprofile      INFO     firefox brauzerindən cookies istifadə edilir.
2026.09.04 17:48:19 core.webprofile      INFO     Seçilmiş User-Agent: Mozilla/5.0 (iPad; CPU OS 17_2 like Mac OS X) AppleWebKit/605.1.15 (KHTML, like Gecko) Version/17.2 Mobile/15E148 Safari/604.1
2026.09.04 17:48:28 aiogram.event        INFO     Update id=875900361 is handled. Duration 9146 ms by bot id=8976652462
2026.09.04 17:50:14 core.utilities       INFO     User 8502974425 executed command: /music rəqsanə bivəfa
2026.09.04 17:50:14 core.webprofile      INFO     firefox brauzerindən cookies istifadə edilir.
2026.09.04 17:50:14 core.webprofile      INFO     Seçilmiş User-Agent: Mozilla/5.0 (X11; Ubuntu; Linux x86_64; rv:120.0) Gecko/20100101 Firefox/120.0
2026.09.04 17:50:17 aiogram.event        INFO     Update id=875900362 is handled. Duration 3359 ms by bot id=8976652462
2026.09.04 17:50:24 core.webprofile      INFO     firefox brauzerindən cookies istifadə edilir.
2026.09.04 17:50:24 core.webprofile      INFO     Seçilmiş User-Agent: Mozilla/5.0 (X11; Linux x86_64) AppleWebKit/537.36 (KHTML, like Gecko) Chrome/122.0.0.0 Safari/537.36
2026.09.04 17:50:30 aiogram.event        INFO     Update id=875900363 is handled. Duration 5682 ms by bot id=8976652462
2026.09.04 17:50:47 core.utilities       INFO     User 8502974425 executed command: /music behruz yene içirem
2026.09.04 17:50:47 core.webprofile      INFO     firefox brauzerindən cookies istifadə edilir.
2026.09.04 17:50:47 core.webprofile      INFO     Seçilmiş User-Agent: Mozilla/5.0 (Windows NT 10.0; Win64; x64; rv:120.0) Gecko/20100101 Firefox/120.0
2026.09.04 17:50:51 aiogram.event        INFO     Update id=875900364 is handled. Duration 3264 ms by bot id=8976652462
2026.09.04 17:50:55 core.webprofile      INFO     firefox brauzerindən cookies istifadə edilir.
2026.09.04 17:50:55 core.webprofile      INFO     Seçilmiş User-Agent: Mozilla/5.0 (X11; Ubuntu; Linux x86_64; rv:120.0) Gecko/20100101 Firefox/120.0
2026.09.04 17:51:04 aiogram.event        INFO     Update id=875900365 is handled. Duration 9332 ms by bot id=8976652462
2026.09.04 17:53:14 core.utilities       INFO     User 8502974425 executed command: /music ifrat sensiz olmur
2026.09.04 17:53:14 core.webprofile      INFO     firefox brauzerindən cookies istifadə edilir.
2026.09.04 17:53:14 core.webprofile      INFO     Seçilmiş User-Agent: Mozilla/5.0 (Linux; Android 14; Pixel 8 Pro) AppleWebKit/537.36 (KHTML, like Gecko) Chrome/122.0.0.0 Mobile Safari/537.36
2026.09.04 17:53:18 aiogram.event        INFO     Update id=875900366 is handled. Duration 4036 ms by bot id=8976652462
2026.09.04 17:53:21 core.webprofile      INFO     firefox brauzerindən cookies istifadə edilir.
2026.09.04 17:53:21 core.webprofile      INFO     Seçilmiş User-Agent: Mozilla/5.0 (Macintosh; Intel Mac OS X 10_15_7) AppleWebKit/537.36 (KHTML, like Gecko) Chrome/122.0.0.0 Safari/537.36
2026.09.04 17:53:32 aiogram.event        INFO     Update id=875900367 is handled. Duration 10347 ms by bot id=8976652462
2026.09.04 17:54:39 core.utilities       INFO     User 8502974425 executed command: /music Dj Jean Paredes Pa Tra
2026.09.04 17:54:39 core.webprofile      INFO     firefox brauzerindən cookies istifadə edilir.
2026.09.04 17:54:39 core.webprofile      INFO     Seçilmiş User-Agent: Mozilla/5.0 (X11; Ubuntu; Linux x86_64; rv:120.0) Gecko/20100101 Firefox/120.0
2026.09.04 17:54:42 aiogram.event        INFO     Update id=875900368 is handled. Duration 2919 ms by bot id=8976652462
2026.09.04 17:54:44 core.webprofile      INFO     firefox brauzerindən cookies istifadə edilir.
2026.09.04 17:54:44 core.webprofile      INFO     Seçilmiş User-Agent: Mozilla/5.0 (Linux; Android 14; Pixel 8 Pro) AppleWebKit/537.36 (KHTML, like Gecko) Chrome/122.0.0.0 Mobile Safari/537.36
2026.09.04 17:54:52 aiogram.event        INFO     Update id=875900369 is handled. Duration 8671 ms by bot id=8976652462
2026.09.04 17:55:10 core.utilities       INFO     User 8502974425 executed command: /music ifrat ağlaram
2026.09.04 17:55:10 core.webprofile      INFO     firefox brauzerindən cookies istifadə edilir.
2026.09.04 17:55:10 core.webprofile      INFO     Seçilmiş User-Agent: Mozilla/5.0 (Linux; Android 14; Pixel 8 Pro) AppleWebKit/537.36 (KHTML, like Gecko) Chrome/122.0.0.0 Mobile Safari/537.36
2026.09.04 17:55:14 aiogram.event        INFO     Update id=875900370 is handled. Duration 3352 ms by bot id=8976652462
2026.09.04 17:55:16 core.webprofile      INFO     firefox brauzerindən cookies istifadə edilir.
2026.09.04 17:55:16 core.webprofile      INFO     Seçilmiş User-Agent: Mozilla/5.0 (Macintosh; Intel Mac OS X 10_15_7) AppleWebKit/537.36 (KHTML, like Gecko) Chrome/122.0.0.0 Safari/537.36
2026.09.04 17:55:27 aiogram.event        INFO     Update id=875900371 is handled. Duration 10281 ms by bot id=8976652462
2026.09.04 17:55:52 core.utilities       INFO     User 8502974425 executed command: /music ifrat heyif
2026.09.04 17:55:52 core.webprofile      INFO     firefox brauzerindən cookies istifadə edilir.
2026.09.04 17:55:52 core.webprofile      INFO     Seçilmiş User-Agent: Mozilla/5.0 (Linux; Android 14; Pixel 8 Pro) AppleWebKit/537.36 (KHTML, like Gecko) Chrome/122.0.0.0 Mobile Safari/537.36
2026.09.04 17:55:55 aiogram.event        INFO     Update id=875900372 is handled. Duration 2835 ms by bot id=8976652462
2026.09.04 17:55:57 core.webprofile      INFO     firefox brauzerindən cookies istifadə edilir.
2026.09.04 17:55:57 core.webprofile      INFO     Seçilmiş User-Agent: Mozilla/5.0 (X11; Ubuntu; Linux x86_64; rv:120.0) Gecko/20100101 Firefox/120.0
2026.09.04 17:56:07 aiogram.event        INFO     Update id=875900373 is handled. Duration 9959 ms by bot id=8976652462
2026.09.04 17:57:27 core.utilities       INFO     User 8502974425 executed command: /music mehemmed feda kayf cırır
2026.09.04 17:57:27 core.webprofile      INFO     firefox brauzerindən cookies istifadə edilir.
2026.09.04 17:57:27 core.webprofile      INFO     Seçilmiş User-Agent: Mozilla/5.0 (Linux; Android 14; Pixel 8 Pro) AppleWebKit/537.36 (KHTML, like Gecko) Chrome/122.0.0.0 Mobile Safari/537.36
2026.09.04 17:57:31 aiogram.event        INFO     Update id=875900374 is handled. Duration 3591 ms by bot id=8976652462
2026.09.04 17:57:34 core.webprofile      INFO     firefox brauzerindən cookies istifadə edilir.
2026.09.04 17:57:34 core.webprofile      INFO     Seçilmiş User-Agent: Mozilla/5.0 (iPad; CPU OS 17_2 like Mac OS X) AppleWebKit/605.1.15 (KHTML, like Gecko) Version/17.2 Mobile/15E148 Safari/604.1
2026.09.04 17:57:44 aiogram.event        INFO     Update id=875900375 is handled. Duration 10367 ms by bot id=8976652462
2026.09.04 17:58:54 core.utilities       INFO     User 8502974425 executed command: /music Bom 't (feat. Mula B, Bizzey & Dopebwoy)
2026.09.04 17:58:54 core.webprofile      INFO     firefox brauzerindən cookies istifadə edilir.
2026.09.04 17:58:54 core.webprofile      INFO     Seçilmiş User-Agent: Mozilla/5.0 (Macintosh; Intel Mac OS X 10_15_7) AppleWebKit/537.36 (KHTML, like Gecko) Chrome/122.0.0.0 Safari/537.36
2026.09.04 17:58:57 aiogram.event        INFO     Update id=875900376 is handled. Duration 3568 ms by bot id=8976652462
2026.09.04 17:58:59 core.webprofile      INFO     firefox brauzerindən cookies istifadə edilir.
2026.09.04 17:58:59 core.webprofile      INFO     Seçilmiş User-Agent: Mozilla/5.0 (Windows NT 10.0; Win64; x64; rv:120.0) Gecko/20100101 Firefox/120.0
2026.09.04 17:59:04 core.utilities       INFO     User 8502974425 executed command: /music traag
2026.09.04 17:59:04 core.webprofile      INFO     firefox brauzerindən cookies istifadə edilir.
2026.09.04 17:59:04 core.webprofile      INFO     Seçilmiş User-Agent: Mozilla/5.0 (Windows NT 10.0; Win64; x64) AppleWebKit/537.36 (KHTML, like Gecko) Chrome/122.0.0.0 Safari/537.36
2026.09.04 17:59:07 aiogram.event        INFO     Update id=875900377 is handled. Duration 7623 ms by bot id=8976652462
2026.09.04 17:59:08 aiogram.event        INFO     Update id=875900378 is handled. Duration 3479 ms by bot id=8976652462
2026.09.04 17:59:11 core.webprofile      INFO     firefox brauzerindən cookies istifadə edilir.
2026.09.04 17:59:11 core.webprofile      INFO     Seçilmiş User-Agent: Mozilla/5.0 (X11; Ubuntu; Linux x86_64; rv:120.0) Gecko/20100101 Firefox/120.0
2026.09.04 17:59:16 aiogram.event        INFO     Update id=875900379 is handled. Duration 5182 ms by bot id=8976652462
2026.09.04 18:01:32 core.utilities       INFO     User 8502974425 executed command: /music jay hun no panic
2026.09.04 18:01:32 core.webprofile      INFO     firefox brauzerindən cookies istifadə edilir.
2026.09.04 18:01:32 core.webprofile      INFO     Seçilmiş User-Agent: Mozilla/5.0 (Windows NT 10.0; Win64; x64) AppleWebKit/537.36 (KHTML, like Gecko) Chrome/122.0.0.0 Safari/537.36
2026.09.04 18:01:36 aiogram.event        INFO     Update id=875900380 is handled. Duration 3601 ms by bot id=8976652462
2026.09.04 18:01:45 aiogram.event        INFO     Update id=875900381 is handled. Duration 5170 ms by bot id=8976652462
2026.09.04 18:01:47 core.utilities       INFO     User 8502974425 executed command: /music jay hun no panic
2026.09.04 18:01:47 core.webprofile      INFO     firefox brauzerindən cookies istifadə edilir.
2026.09.04 18:01:47 core.webprofile      INFO     Seçilmiş User-Agent: Mozilla/5.0 (Linux; Android 14; SM-G998B) AppleWebKit/537.36 (KHTML, like Gecko) Chrome/122.0.0.0 Mobile Safari/537.36
2026.09.04 18:01:50 aiogram.event        INFO     Update id=875900382 is handled. Duration 3300 ms by bot id=8976652462
2026.09.04 18:01:52 core.webprofile      INFO     firefox brauzerindən cookies istifadə edilir.
2026.09.04 18:01:52 core.webprofile      INFO     Seçilmiş User-Agent: Mozilla/5.0 (Windows NT 10.0; Win64; x64; rv:120.0) Gecko/20100101 Firefox/120.0
2026.09.04 18:02:01 aiogram.event        INFO     Update id=875900383 is handled. Duration 9130 ms by bot id=8976652462
2026.09.04 18:03:10 core.utilities       INFO     User 8502974425 executed command: /music toca dj
2026.09.04 18:03:10 core.webprofile      INFO     firefox brauzerindən cookies istifadə edilir.
2026.09.04 18:03:10 core.webprofile      INFO     Seçilmiş User-Agent: Mozilla/5.0 (Windows NT 10.0; Win64; x64; rv:120.0) Gecko/20100101 Firefox/120.0
2026.09.04 18:03:14 aiogram.event        INFO     Update id=875900384 is handled. Duration 3734 ms by bot id=8976652462
2026.09.04 18:03:17 core.webprofile      INFO     firefox brauzerindən cookies istifadə edilir.
2026.09.04 18:03:17 core.webprofile      INFO     Seçilmiş User-Agent: Mozilla/5.0 (Linux; Android 14; Pixel 8 Pro) AppleWebKit/537.36 (KHTML, like Gecko) Chrome/122.0.0.0 Mobile Safari/537.36
2026.09.04 18:03:28 aiogram.event        INFO     Update id=875900385 is handled. Duration 11427 ms by bot id=8976652462
2026.09.04 18:04:03 core.utilities       INFO     User 8502974425 executed command: /music Tarantula (feat. Butch Cassidy)
2026.09.04 18:04:03 core.webprofile      INFO     firefox brauzerindən cookies istifadə edilir.
2026.09.04 18:04:03 core.webprofile      INFO     Seçilmiş User-Agent: Mozilla/5.0 (X11; Linux x86_64) AppleWebKit/537.36 (KHTML, like Gecko) Chrome/122.0.0.0 Safari/537.36
2026.09.04 18:04:06 aiogram.event        INFO     Update id=875900386 is handled. Duration 3734 ms by bot id=8976652462
2026.09.04 18:04:15 core.webprofile      INFO     firefox brauzerindən cookies istifadə edilir.
2026.09.04 18:04:15 core.webprofile      INFO     Seçilmiş User-Agent: Mozilla/5.0 (Windows NT 10.0; Win64; x64; rv:120.0) Gecko/20100101 Firefox/120.0
2026.09.04 18:04:20 aiogram.event        INFO     Update id=875900387 is handled. Duration 5822 ms by bot id=8976652462
2026.09.04 18:05:19 core.utilities       INFO     User 8502974425 executed command: /music muevelo
2026.09.04 18:05:19 core.webprofile      INFO     firefox brauzerindən cookies istifadə edilir.
2026.09.04 18:05:19 core.webprofile      INFO     Seçilmiş User-Agent: Mozilla/5.0 (Macintosh; Intel Mac OS X 10_15_7) AppleWebKit/537.36 (KHTML, like Gecko) Chrome/122.0.0.0 Safari/537.36
2026.09.04 18:05:23 aiogram.event        INFO     Update id=875900388 is handled. Duration 3719 ms by bot id=8976652462
2026.09.04 18:05:26 core.webprofile      INFO     firefox brauzerindən cookies istifadə edilir.
2026.09.04 18:05:26 core.webprofile      INFO     Seçilmiş User-Agent: Mozilla/5.0 (Windows NT 10.0; Win64; x64; rv:120.0) Gecko/20100101 Firefox/120.0
2026.09.04 18:05:32 aiogram.event        INFO     Update id=875900389 is handled. Duration 5840 ms by bot id=8976652462
2026.09.04 18:05:50 core.utilities       INFO     User 8502974425 executed command: /music dj bekhman muevelo
2026.09.04 18:05:50 core.webprofile      INFO     firefox brauzerindən cookies istifadə edilir.
2026.09.04 18:05:50 core.webprofile      INFO     Seçilmiş User-Agent: Mozilla/5.0 (Macintosh; Intel Mac OS X 10_15_7) AppleWebKit/537.36 (KHTML, like Gecko) Chrome/122.0.0.0 Safari/537.36
2026.09.04 18:05:54 aiogram.event        INFO     Update id=875900390 is handled. Duration 3433 ms by bot id=8976652462
2026.09.04 18:05:58 core.webprofile      INFO     firefox brauzerindən cookies istifadə edilir.
2026.09.04 18:05:58 core.webprofile      INFO     Seçilmiş User-Agent: Mozilla/5.0 (Linux; Android 14; SM-G998B) AppleWebKit/537.36 (KHTML, like Gecko) Chrome/122.0.0.0 Mobile Safari/537.36
2026.09.04 18:06:07 aiogram.event        INFO     Update id=875900391 is handled. Duration 8784 ms by bot id=8976652462
2026.09.04 18:06:28 core.utilities       INFO     User 8502974425 executed command: /music ben ünlüyüm
2026.09.04 18:06:28 core.webprofile      INFO     firefox brauzerindən cookies istifadə edilir.
2026.09.04 18:06:28 core.webprofile      INFO     Seçilmiş User-Agent: Mozilla/5.0 (Windows NT 10.0; Win64; x64) AppleWebKit/537.36 (KHTML, like Gecko) Edge/120.0.0.0 Safari/537.36
2026.09.04 18:06:34 aiogram.event        INFO     Update id=875900392 is handled. Duration 6454 ms by bot id=8976652462
2026.09.04 18:06:36 core.webprofile      INFO     firefox brauzerindən cookies istifadə edilir.
2026.09.04 18:06:36 core.webprofile      INFO     Seçilmiş User-Agent: Mozilla/5.0 (Windows NT 10.0; Win64; x64) AppleWebKit/537.36 (KHTML, like Gecko) Edge/120.0.0.0 Safari/537.36
2026.09.04 18:06:41 aiogram.event        INFO     Update id=875900393 is handled. Duration 5154 ms by bot id=8976652462
2026.09.04 18:07:22 core.utilities       INFO     User 8502974425 executed command: /music jugni ji
2026.09.04 18:07:22 core.webprofile      INFO     firefox brauzerindən cookies istifadə edilir.
2026.09.04 18:07:22 core.webprofile      INFO     Seçilmiş User-Agent: Mozilla/5.0 (Macintosh; Intel Mac OS X 10_15_7) AppleWebKit/537.36 (KHTML, like Gecko) Chrome/122.0.0.0 Safari/537.36
2026.09.04 18:07:26 aiogram.event        INFO     Update id=875900394 is handled. Duration 4046 ms by bot id=8976652462
2026.09.04 18:07:38 aiogram.event        INFO     Update id=875900395 is handled. Duration 5251 ms by bot id=8976652462
2026.09.04 18:09:27 aiogram.event        INFO     Update id=875900396 is not handled. Duration 1 ms by bot id=8976652462
2026.09.04 18:14:59 core.utilities       INFO     User 8502974425 executed command: /music namiq mena nişanesen
2026.09.04 18:14:59 core.webprofile      INFO     firefox brauzerindən cookies istifadə edilir.
2026.09.04 18:14:59 core.webprofile      INFO     Seçilmiş User-Agent: Mozilla/5.0 (Macintosh; Intel Mac OS X 10_15_7) AppleWebKit/537.36 (KHTML, like Gecko) Chrome/122.0.0.0 Safari/537.36
2026.09.04 18:15:02 aiogram.event        INFO     Update id=875900397 is handled. Duration 3529 ms by bot id=8976652462
2026.09.04 18:15:05 core.webprofile      INFO     firefox brauzerindən cookies istifadə edilir.
2026.09.04 18:15:05 core.webprofile      INFO     Seçilmiş User-Agent: Mozilla/5.0 (X11; Linux x86_64) AppleWebKit/537.36 (KHTML, like Gecko) Chrome/122.0.0.0 Safari/537.36
2026.09.04 18:15:13 aiogram.event        INFO     Update id=875900398 is handled. Duration 7980 ms by bot id=8976652462
2026.09.04 18:16:30 core.utilities       INFO     User 8502974425 executed command: /music ne yaşım varki mənim
2026.09.04 18:16:31 core.webprofile      INFO     firefox brauzerindən cookies istifadə edilir.
2026.09.04 18:16:31 core.webprofile      INFO     Seçilmiş User-Agent: Mozilla/5.0 (Windows NT 10.0; Win64; x64; rv:120.0) Gecko/20100101 Firefox/120.0
2026.09.04 18:16:34 aiogram.event        INFO     Update id=875900399 is handled. Duration 3759 ms by bot id=8976652462
2026.09.04 18:16:36 core.webprofile      INFO     firefox brauzerindən cookies istifadə edilir.
2026.09.04 18:16:36 core.webprofile      INFO     Seçilmiş User-Agent: Mozilla/5.0 (Windows NT 10.0; Win64; x64) AppleWebKit/537.36 (KHTML, like Gecko) Chrome/122.0.0.0 Safari/537.36
2026.09.04 18:16:43 aiogram.event        INFO     Update id=875900400 is handled. Duration 6915 ms by bot id=8976652462
2026.09.04 20:43:51 core.utilities       INFO     User 8878799494 executed command: /start
2026.09.04 20:43:52 aiogram.event        INFO     Update id=875900401 is handled. Duration 821 ms by bot id=8976652462
2026.09.04 20:44:04 core.webprofile      INFO     firefox brauzerindən cookies istifadə edilir.
2026.09.04 20:44:04 core.webprofile      INFO     Seçilmiş User-Agent: Mozilla/5.0 (X11; Linux x86_64) AppleWebKit/537.36 (KHTML, like Gecko) Chrome/122.0.0.0 Safari/537.36
2026.09.04 20:44:08 aiogram.event        INFO     Update id=875900402 is handled. Duration 3260 ms by bot id=8976652462
2026.09.04 20:44:13 aiogram.event        INFO     Update id=875900403 is handled. Duration 148 ms by bot id=8976652462
2026.09.04 20:44:15 aiogram.event        INFO     Update id=875900404 is handled. Duration 51 ms by bot id=8976652462
2026.09.04 20:44:20 core.webprofile      INFO     firefox brauzerindən cookies istifadə edilir.
2026.09.04 20:44:20 core.webprofile      INFO     Seçilmiş User-Agent: Mozilla/5.0 (Linux; Android 14; Pixel 8 Pro) AppleWebKit/537.36 (KHTML, like Gecko) Chrome/122.0.0.0 Mobile Safari/537.36
2026.09.04 20:44:23 aiogram.event        INFO     Update id=875900405 is handled. Duration 2827 ms by bot id=8976652462
2026.09.04 20:44:27 aiogram.event        INFO     Update id=875900406 is handled. Duration 5131 ms by bot id=8976652462
2026.09.04 20:44:29 core.webprofile      INFO     firefox brauzerindən cookies istifadə edilir.
2026.09.04 20:44:29 core.webprofile      INFO     Seçilmiş User-Agent: Mozilla/5.0 (Windows NT 10.0; Win64; x64) AppleWebKit/537.36 (KHTML, like Gecko) Edge/120.0.0.0 Safari/537.36
2026.09.04 20:44:33 aiogram.event        INFO     Update id=875900407 is handled. Duration 3402 ms by bot id=8976652462
2026.09.04 20:44:52 aiogram.event        INFO     Update id=875900408 is not handled. Duration 1 ms by bot id=8976652462
2026.09.04 22:37:04 core.webprofile      INFO     firefox brauzerindən cookies istifadə edilir.
2026.09.04 22:37:04 core.webprofile      INFO     Seçilmiş User-Agent: Mozilla/5.0 (Linux; Android 14; SM-G998B) AppleWebKit/537.36 (KHTML, like Gecko) Chrome/122.0.0.0 Mobile Safari/537.36
2026.09.04 22:37:07 aiogram.event        INFO     Update id=875900409 is handled. Duration 2546 ms by bot id=8976652462
2026.09.04 22:37:11 core.webprofile      INFO     firefox brauzerindən cookies istifadə edilir.
2026.09.04 22:37:11 core.webprofile      INFO     Seçilmiş User-Agent: Mozilla/5.0 (Windows NT 10.0; Win64; x64) AppleWebKit/537.36 (KHTML, like Gecko) Chrome/122.0.0.0 Safari/537.36
2026.09.04 22:37:17 core.utilities       INFO     User 8502974425 executed command: /start
2026.09.04 22:37:18 aiogram.event        INFO     Update id=875900411 is handled. Duration 1397 ms by bot id=8976652462
2026.09.04 22:37:20 aiogram.event        INFO     Update id=875900410 is handled. Duration 8542 ms by bot id=8976652462
2026.09.04 23:03:15 aiogram.event        INFO     Update id=875900412 is not handled. Duration 1 ms by bot id=8976652462
2026.09.05 01:11:04 aiogram.dispatcher   ERROR    Failed to fetch updates - TelegramServerError: Telegram server says - Bad Gateway
2026.09.05 01:11:04 aiogram.dispatcher   WARNING  Sleep for 1.000000 seconds and try again... (tryings = 0, bot id = 8976652462)
2026.09.05 01:11:05 aiogram.dispatcher   ERROR    Failed to fetch updates - TelegramServerError: Telegram server says - Bad Gateway
2026.09.05 01:11:05 aiogram.dispatcher   WARNING  Sleep for 1.307452 seconds and try again... (tryings = 1, bot id = 8976652462)
2026.09.05 01:11:07 aiogram.dispatcher   ERROR    Failed to fetch updates - TelegramServerError: Telegram server says - Bad Gateway
2026.09.05 01:11:07 aiogram.dispatcher   WARNING  Sleep for 1.846252 seconds and try again... (tryings = 2, bot id = 8976652462)
2026.09.05 01:11:08 aiogram.dispatcher   ERROR    Failed to fetch updates - TelegramServerError: Telegram server says - Bad Gateway
2026.09.05 01:11:08 aiogram.dispatcher   WARNING  Sleep for 2.491605 seconds and try again... (tryings = 3, bot id = 8976652462)
2026.09.05 01:11:11 aiogram.dispatcher   ERROR    Failed to fetch updates - TelegramServerError: Telegram server says - Bad Gateway
2026.09.05 01:11:11 aiogram.dispatcher   WARNING  Sleep for 3.300459 seconds and try again... (tryings = 4, bot id = 8976652462)
2026.09.05 01:11:14 aiogram.dispatcher   ERROR    Failed to fetch updates - TelegramServerError: Telegram server says - Bad Gateway
2026.09.05 01:11:14 aiogram.dispatcher   WARNING  Sleep for 4.390897 seconds and try again... (tryings = 5, bot id = 8976652462)
2026.09.05 01:11:19 aiogram.dispatcher   ERROR    Failed to fetch updates - TelegramServerError: Telegram server says - Bad Gateway
2026.09.05 01:11:19 aiogram.dispatcher   WARNING  Sleep for 5.018334 seconds and try again... (tryings = 6, bot id = 8976652462)
2026.09.05 01:12:17 aiogram.dispatcher   INFO     Connection established (tryings = 7, bot id = 8976652462)
2026.09.05 17:19:26 aiogram.event        INFO     Update id=875900413 is not handled. Duration 1 ms by bot id=8976652462
2026.09.05 19:37:29 core.utilities       INFO     User 8502974425 executed command: /music Ayo Technology - 50 Cent
2026.09.05 19:37:29 core.webprofile      INFO     firefox brauzerindən cookies istifadə edilir.
2026.09.05 19:37:29 core.webprofile      INFO     Seçilmiş User-Agent: Mozilla/5.0 (Windows NT 10.0; Win64; x64) AppleWebKit/537.36 (KHTML, like Gecko) Edge/120.0.0.0 Safari/537.36
2026.09.05 19:37:32 aiogram.event        INFO     Update id=875900414 is handled. Duration 3345 ms by bot id=8976652462
2026.09.05 19:37:37 core.webprofile      INFO     firefox brauzerindən cookies istifadə edilir.
2026.09.05 19:37:37 core.webprofile      INFO     Seçilmiş User-Agent: Mozilla/5.0 (Macintosh; Intel Mac OS X 10_15_7) AppleWebKit/537.36 (KHTML, like Gecko) Chrome/122.0.0.0 Safari/537.36
2026.09.05 19:37:46 aiogram.event        INFO     Update id=875900415 is handled. Duration 8993 ms by bot id=8976652462
2026.09.06 00:57:11 core.utilities       INFO     User 8502974425 executed command: /music yenə aşiqdə kədər
2026.09.06 00:57:11 core.webprofile      INFO     firefox brauzerindən cookies istifadə edilir.
2026.09.06 00:57:11 core.webprofile      INFO     Seçilmiş User-Agent: Mozilla/5.0 (iPhone; CPU iPhone OS 17_2 like Mac OS X) AppleWebKit/605.1.15 (KHTML, like Gecko) Version/17.2 Mobile/15E148 Safari/604.1
2026.09.06 00:57:14 aiogram.event        INFO     Update id=875900416 is handled. Duration 2940 ms by bot id=8976652462
2026.09.06 00:57:18 core.webprofile      INFO     firefox brauzerindən cookies istifadə edilir.
2026.09.06 00:57:18 core.webprofile      INFO     Seçilmiş User-Agent: Mozilla/5.0 (Linux; Android 14; Pixel 8 Pro) AppleWebKit/537.36 (KHTML, like Gecko) Chrome/122.0.0.0 Mobile Safari/537.36
2026.09.06 00:57:23 aiogram.event        INFO     Update id=875900417 is handled. Duration 4880 ms by bot id=8976652462
2026.09.06 00:57:28 core.utilities       INFO     User 8502974425 executed command: /music sevgi şirin yuxudur
2026.09.06 00:57:28 core.webprofile      INFO     firefox brauzerindən cookies istifadə edilir.
2026.09.06 00:57:28 core.webprofile      INFO     Seçilmiş User-Agent: Mozilla/5.0 (X11; Linux x86_64) AppleWebKit/537.36 (KHTML, like Gecko) Chrome/122.0.0.0 Safari/537.36
2026.09.06 00:57:31 aiogram.event        INFO     Update id=875900418 is handled. Duration 2458 ms by bot id=8976652462
2026.09.06 00:57:33 core.webprofile      INFO     firefox brauzerindən cookies istifadə edilir.
2026.09.06 00:57:33 core.webprofile      INFO     Seçilmiş User-Agent: Mozilla/5.0 (Windows NT 10.0; Win64; x64; rv:120.0) Gecko/20100101 Firefox/120.0
2026.09.06 00:57:42 aiogram.event        INFO     Update id=875900419 is handled. Duration 8506 ms by bot id=8976652462
2026.09.06 01:04:07 core.utilities       INFO     User 8502974425 executed command: /music zamiq uçduq
2026.09.06 01:04:07 core.webprofile      INFO     firefox brauzerindən cookies istifadə edilir.
2026.09.06 01:04:07 core.webprofile      INFO     Seçilmiş User-Agent: Mozilla/5.0 (X11; Linux x86_64) AppleWebKit/537.36 (KHTML, like Gecko) Chrome/122.0.0.0 Safari/537.36
2026.09.06 01:04:09 aiogram.event        INFO     Update id=875900420 is handled. Duration 2022 ms by bot id=8976652462
2026.09.06 01:04:12 core.webprofile      INFO     firefox brauzerindən cookies istifadə edilir.
2026.09.06 01:04:12 core.webprofile      INFO     Seçilmiş User-Agent: Mozilla/5.0 (Windows NT 10.0; Win64; x64) AppleWebKit/537.36 (KHTML, like Gecko) Edge/120.0.0.0 Safari/537.36
2026.09.06 01:04:20 aiogram.event        INFO     Update id=875900421 is handled. Duration 8403 ms by bot id=8976652462
2026.09.06 01:11:00 aiogram.dispatcher   ERROR    Failed to fetch updates - TelegramServerError: Telegram server says - Bad Gateway
2026.09.06 01:11:00 aiogram.dispatcher   WARNING  Sleep for 1.000000 seconds and try again... (tryings = 0, bot id = 8976652462)
2026.09.06 01:11:02 aiogram.dispatcher   ERROR    Failed to fetch updates - TelegramServerError: Telegram server says - Bad Gateway
2026.09.06 01:11:02 aiogram.dispatcher   WARNING  Sleep for 1.212931 seconds and try again... (tryings = 1, bot id = 8976652462)
2026.09.06 01:11:03 aiogram.dispatcher   ERROR    Failed to fetch updates - TelegramServerError: Telegram server says - Bad Gateway
2026.09.06 01:11:03 aiogram.dispatcher   WARNING  Sleep for 1.607394 seconds and try again... (tryings = 2, bot id = 8976652462)
2026.09.06 01:11:04 aiogram.dispatcher   ERROR    Failed to fetch updates - TelegramServerError: Telegram server says - Bad Gateway
2026.09.06 01:11:04 aiogram.dispatcher   WARNING  Sleep for 1.984938 seconds and try again... (tryings = 3, bot id = 8976652462)
2026.09.06 01:11:06 aiogram.dispatcher   ERROR    Failed to fetch updates - TelegramServerError: Telegram server says - Bad Gateway
2026.09.06 01:11:06 aiogram.dispatcher   WARNING  Sleep for 2.551404 seconds and try again... (tryings = 4, bot id = 8976652462)
2026.09.06 01:11:09 aiogram.dispatcher   ERROR    Failed to fetch updates - TelegramServerError: Telegram server says - Bad Gateway
2026.09.06 01:11:09 aiogram.dispatcher   WARNING  Sleep for 3.169080 seconds and try again... (tryings = 5, bot id = 8976652462)
2026.09.06 01:11:12 aiogram.dispatcher   ERROR    Failed to fetch updates - TelegramServerError: Telegram server says - Bad Gateway
2026.09.06 01:11:12 aiogram.dispatcher   WARNING  Sleep for 4.152762 seconds and try again... (tryings = 6, bot id = 8976652462)
2026.09.06 01:12:27 aiogram.dispatcher   ERROR    Failed to fetch updates - TelegramNetworkError: HTTP Client says - Request timeout error
2026.09.06 01:12:27 aiogram.dispatcher   WARNING  Sleep for 4.808385 seconds and try again... (tryings = 7, bot id = 8976652462)
2026.09.06 01:12:54 aiogram.dispatcher   INFO     Connection established (tryings = 8, bot id = 8976652462)
2026.09.06 07:43:27 core.utilities       INFO     User 5078388790 executed command: /start
2026.09.06 07:43:29 aiogram.event        INFO     Update id=875900422 is handled. Duration 1624 ms by bot id=8976652462
2026.09.06 07:43:33 core.webprofile      INFO     firefox brauzerindən cookies istifadə edilir.
2026.09.06 07:43:33 core.webprofile      INFO     Seçilmiş User-Agent: Mozilla/5.0 (X11; Ubuntu; Linux x86_64; rv:120.0) Gecko/20100101 Firefox/120.0
2026.09.06 07:43:34 core.webprofile      INFO     firefox brauzerindən cookies istifadə edilir.
2026.09.06 07:43:34 core.webprofile      INFO     Seçilmiş User-Agent: Mozilla/5.0 (Windows NT 10.0; Win64; x64) AppleWebKit/537.36 (KHTML, like Gecko) Edge/120.0.0.0 Safari/537.36
2026.09.06 07:43:36 core.webprofile      INFO     firefox brauzerindən cookies istifadə edilir.
2026.09.06 07:43:36 core.webprofile      INFO     Seçilmiş User-Agent: Mozilla/5.0 (Windows NT 10.0; Win64; x64) AppleWebKit/537.36 (KHTML, like Gecko) Chrome/122.0.0.0 Safari/537.36
2026.09.06 07:43:36 aiogram.event        INFO     Update id=875900423 is handled. Duration 3006 ms by bot id=8976652462
2026.09.06 07:43:37 aiogram.event        INFO     Update id=875900424 is handled. Duration 3143 ms by bot id=8976652462
2026.09.06 07:43:43 aiogram.event        INFO     Update id=875900425 is handled. Duration 7197 ms by bot id=8976652462
2026.09.06 11:53:26 core.utilities       INFO     User 8502974425 executed command: /music üzeyir mehdizadə o menim olmalıdır
2026.09.06 11:53:26 core.webprofile      INFO     firefox brauzerindən cookies istifadə edilir.
2026.09.06 11:53:26 core.webprofile      INFO     Seçilmiş User-Agent: Mozilla/5.0 (X11; Linux x86_64) AppleWebKit/537.36 (KHTML, like Gecko) Chrome/122.0.0.0 Safari/537.36
2026.09.06 11:53:29 aiogram.event        INFO     Update id=875900426 is handled. Duration 2946 ms by bot id=8976652462
2026.09.06 11:53:40 core.webprofile      INFO     firefox brauzerindən cookies istifadə edilir.
2026.09.06 11:53:40 core.webprofile      INFO     Seçilmiş User-Agent: Mozilla/5.0 (Linux; Android 14; SM-G998B) AppleWebKit/537.36 (KHTML, like Gecko) Chrome/122.0.0.0 Mobile Safari/537.36
2026.09.06 11:53:46 aiogram.event        INFO     Update id=875900427 is handled. Duration 6269 ms by bot id=8976652462
2026.09.06 16:12:06 core.utilities       INFO     User 8502974425 executed command: /music anivar tı moy ray
2026.09.06 16:12:06 core.webprofile      INFO     firefox brauzerindən cookies istifadə edilir.
2026.09.06 16:12:06 core.webprofile      INFO     Seçilmiş User-Agent: Mozilla/5.0 (iPhone; CPU iPhone OS 17_2 like Mac OS X) AppleWebKit/605.1.15 (KHTML, like Gecko) Version/17.2 Mobile/15E148 Safari/604.1
2026.09.06 16:12:10 aiogram.event        INFO     Update id=875900428 is handled. Duration 3655 ms by bot id=8976652462
2026.09.06 16:12:11 core.webprofile      INFO     firefox brauzerindən cookies istifadə edilir.
2026.09.06 16:12:11 core.webprofile      INFO     Seçilmiş User-Agent: Mozilla/5.0 (Linux; Android 14; SM-G998B) AppleWebKit/537.36 (KHTML, like Gecko) Chrome/122.0.0.0 Mobile Safari/537.36
2026.09.06 16:12:21 aiogram.event        INFO     Update id=875900429 is handled. Duration 9700 ms by bot id=8976652462
2026.09.06 16:14:01 core.utilities       INFO     User 8502974425 executed command: /music röya aldatma
2026.09.06 16:14:01 core.webprofile      INFO     firefox brauzerindən cookies istifadə edilir.
2026.09.06 16:14:01 core.webprofile      INFO     Seçilmiş User-Agent: Mozilla/5.0 (Windows NT 10.0; Win64; x64; rv:120.0) Gecko/20100101 Firefox/120.0
2026.09.06 16:14:05 aiogram.event        INFO     Update id=875900430 is handled. Duration 3456 ms by bot id=8976652462
2026.09.06 16:14:07 core.webprofile      INFO     firefox brauzerindən cookies istifadə edilir.
2026.09.06 16:14:07 core.webprofile      INFO     Seçilmiş User-Agent: Mozilla/5.0 (Windows NT 10.0; Win64; x64; rv:120.0) Gecko/20100101 Firefox/120.0
2026.09.06 16:14:16 aiogram.event        INFO     Update id=875900431 is handled. Duration 9353 ms by bot id=8976652462
2026.09.06 16:17:27 core.utilities       INFO     User 8502974425 executed command: /music nur cəfərli buludlar
2026.09.06 16:17:27 core.webprofile      INFO     firefox brauzerindən cookies istifadə edilir.
2026.09.06 16:17:27 core.webprofile      INFO     Seçilmiş User-Agent: Mozilla/5.0 (iPad; CPU OS 17_2 like Mac OS X) AppleWebKit/605.1.15 (KHTML, like Gecko) Version/17.2 Mobile/15E148 Safari/604.1
2026.09.06 16:17:30 aiogram.event        INFO     Update id=875900432 is handled. Duration 3496 ms by bot id=8976652462
2026.09.06 16:17:32 core.webprofile      INFO     firefox brauzerindən cookies istifadə edilir.
2026.09.06 16:17:32 core.webprofile      INFO     Seçilmiş User-Agent: Mozilla/5.0 (iPhone; CPU iPhone OS 17_2 like Mac OS X) AppleWebKit/605.1.15 (KHTML, like Gecko) Version/17.2 Mobile/15E148 Safari/604.1
2026.09.06 16:17:42 aiogram.event        INFO     Update id=875900433 is handled. Duration 9651 ms by bot id=8976652462
2026.09.06 16:17:52 core.utilities       INFO     User 8502974425 executed command: /music defakto ədyal
2026.09.06 16:17:52 core.webprofile      INFO     firefox brauzerindən cookies istifadə edilir.
2026.09.06 16:17:52 core.webprofile      INFO     Seçilmiş User-Agent: Mozilla/5.0 (Windows NT 10.0; Win64; x64) AppleWebKit/537.36 (KHTML, like Gecko) Chrome/122.0.0.0 Safari/537.36
2026.09.06 16:17:55 aiogram.event        INFO     Update id=875900434 is handled. Duration 3303 ms by bot id=8976652462
2026.09.06 16:17:57 core.webprofile      INFO     firefox brauzerindən cookies istifadə edilir.
2026.09.06 16:17:57 core.webprofile      INFO     Seçilmiş User-Agent: Mozilla/5.0 (Windows NT 10.0; Win64; x64) AppleWebKit/537.36 (KHTML, like Gecko) Edge/120.0.0.0 Safari/537.36
2026.09.06 16:18:06 aiogram.event        INFO     Update id=875900435 is handled. Duration 9068 ms by bot id=8976652462
2026.09.06 16:18:44 core.utilities       INFO     User 8502974425 executed command: /music röya elə bilmə
2026.09.06 16:18:44 core.webprofile      INFO     firefox brauzerindən cookies istifadə edilir.
2026.09.06 16:18:44 core.webprofile      INFO     Seçilmiş User-Agent: Mozilla/5.0 (Linux; Android 14; SM-G998B) AppleWebKit/537.36 (KHTML, like Gecko) Chrome/122.0.0.0 Mobile Safari/537.36
2026.09.06 16:18:47 aiogram.event        INFO     Update id=875900436 is handled. Duration 3314 ms by bot id=8976652462
2026.09.06 16:18:51 core.webprofile      INFO     firefox brauzerindən cookies istifadə edilir.
2026.09.06 16:18:51 core.webprofile      INFO     Seçilmiş User-Agent: Mozilla/5.0 (Macintosh; Intel Mac OS X 10_15_7) AppleWebKit/537.36 (KHTML, like Gecko) Chrome/122.0.0.0 Safari/537.36
2026.09.06 16:19:00 aiogram.event        INFO     Update id=875900437 is handled. Duration 8840 ms by bot id=8976652462
2026.09.06 16:20:19 core.utilities       INFO     User 8502974425 executed command: /music gülay istərsənmi
2026.09.06 16:20:19 core.webprofile      INFO     firefox brauzerindən cookies istifadə edilir.
2026.09.06 16:20:19 core.webprofile      INFO     Seçilmiş User-Agent: Mozilla/5.0 (Linux; Android 14; Pixel 8 Pro) AppleWebKit/537.36 (KHTML, like Gecko) Chrome/122.0.0.0 Mobile Safari/537.36
2026.09.06 16:20:22 aiogram.event        INFO     Update id=875900438 is handled. Duration 3202 ms by bot id=8976652462
2026.09.06 16:20:29 core.webprofile      INFO     firefox brauzerindən cookies istifadə edilir.
2026.09.06 16:20:29 core.webprofile      INFO     Seçilmiş User-Agent: Mozilla/5.0 (X11; Linux x86_64) AppleWebKit/537.36 (KHTML, like Gecko) Chrome/122.0.0.0 Safari/537.36
2026.09.06 16:20:39 aiogram.event        INFO     Update id=875900439 is handled. Duration 10167 ms by bot id=8976652462
2026.09.06 16:21:56 core.utilities       INFO     User 8502974425 executed command: /music nəfəsim qəlbim
2026.09.06 16:21:56 core.webprofile      INFO     firefox brauzerindən cookies istifadə edilir.
2026.09.06 16:21:56 core.webprofile      INFO     Seçilmiş User-Agent: Mozilla/5.0 (Windows NT 10.0; Win64; x64; rv:120.0) Gecko/20100101 Firefox/120.0
2026.09.06 16:22:00 aiogram.event        INFO     Update id=875900440 is handled. Duration 3757 ms by bot id=8976652462
2026.09.06 16:22:01 core.webprofile      INFO     firefox brauzerindən cookies istifadə edilir.
2026.09.06 16:22:01 core.webprofile      INFO     Seçilmiş User-Agent: Mozilla/5.0 (Windows NT 10.0; Win64; x64) AppleWebKit/537.36 (KHTML, like Gecko) Edge/120.0.0.0 Safari/537.36
2026.09.06 16:22:11 aiogram.event        INFO     Update id=875900441 is handled. Duration 9582 ms by bot id=8976652462
2026.09.06 16:22:39 core.utilities       INFO     User 8502974425 executed command: /music hallana hallana hallana gəzirəm
2026.09.06 16:22:39 core.webprofile      INFO     firefox brauzerindən cookies istifadə edilir.
2026.09.06 16:22:39 core.webprofile      INFO     Seçilmiş User-Agent: Mozilla/5.0 (iPad; CPU OS 17_2 like Mac OS X) AppleWebKit/605.1.15 (KHTML, like Gecko) Version/17.2 Mobile/15E148 Safari/604.1
2026.09.06 16:22:42 aiogram.event        INFO     Update id=875900442 is handled. Duration 3517 ms by bot id=8976652462
2026.09.06 16:22:44 core.webprofile      INFO     firefox brauzerindən cookies istifadə edilir.
2026.09.06 16:22:44 core.webprofile      INFO     Seçilmiş User-Agent: Mozilla/5.0 (Windows NT 10.0; Win64; x64) AppleWebKit/537.36 (KHTML, like Gecko) Chrome/122.0.0.0 Safari/537.36
2026.09.06 16:22:50 aiogram.event        INFO     Update id=875900443 is handled. Duration 6413 ms by bot id=8976652462
2026.09.06 16:24:22 core.utilities       INFO     User 8502974425 executed command: /music cavanlığım getdi elimden
2026.09.06 16:24:22 core.webprofile      INFO     firefox brauzerindən cookies istifadə edilir.
2026.09.06 16:24:22 core.webprofile      INFO     Seçilmiş User-Agent: Mozilla/5.0 (Linux; Android 14; Pixel 8 Pro) AppleWebKit/537.36 (KHTML, like Gecko) Chrome/122.0.0.0 Mobile Safari/537.36
2026.09.06 16:24:25 aiogram.event        INFO     Update id=875900444 is handled. Duration 2936 ms by bot id=8976652462
2026.09.06 16:24:33 core.webprofile      INFO     firefox brauzerindən cookies istifadə edilir.
2026.09.06 16:24:33 core.webprofile      INFO     Seçilmiş User-Agent: Mozilla/5.0 (Linux; Android 14; Pixel 8 Pro) AppleWebKit/537.36 (KHTML, like Gecko) Chrome/122.0.0.0 Mobile Safari/537.36
2026.09.06 16:24:39 aiogram.event        INFO     Update id=875900445 is handled. Duration 6610 ms by bot id=8976652462
2026.09.06 16:27:19 core.utilities       INFO     User 8502974425 executed command: /music yayın öz ləzzəti var
2026.09.06 16:27:19 core.webprofile      INFO     firefox brauzerindən cookies istifadə edilir.
2026.09.06 16:27:19 core.webprofile      INFO     Seçilmiş User-Agent: Mozilla/5.0 (Windows NT 10.0; Win64; x64) AppleWebKit/537.36 (KHTML, like Gecko) Chrome/122.0.0.0 Safari/537.36
2026.09.06 16:27:23 aiogram.event        INFO     Update id=875900446 is handled. Duration 3133 ms by bot id=8976652462
2026.09.06 16:27:26 core.webprofile      INFO     firefox brauzerindən cookies istifadə edilir.
2026.09.06 16:27:26 core.webprofile      INFO     Seçilmiş User-Agent: Mozilla/5.0 (Windows NT 10.0; Win64; x64; rv:120.0) Gecko/20100101 Firefox/120.0
2026.09.06 16:27:36 aiogram.event        INFO     Update id=875900447 is handled. Duration 10129 ms by bot id=8976652462
2026.09.06 16:27:51 core.utilities       INFO     User 8502974425 executed command: /music yay xaraso
2026.09.06 16:27:51 core.webprofile      INFO     firefox brauzerindən cookies istifadə edilir.
2026.09.06 16:27:51 core.webprofile      INFO     Seçilmiş User-Agent: Mozilla/5.0 (Macintosh; Intel Mac OS X 10_15_7) AppleWebKit/537.36 (KHTML, like Gecko) Chrome/122.0.0.0 Safari/537.36
2026.09.06 16:27:54 aiogram.event        INFO     Update id=875900448 is handled. Duration 2975 ms by bot id=8976652462
2026.09.06 16:27:58 core.webprofile      INFO     firefox brauzerindən cookies istifadə edilir.
2026.09.06 16:27:58 core.webprofile      INFO     Seçilmiş User-Agent: Mozilla/5.0 (X11; Linux x86_64) AppleWebKit/537.36 (KHTML, like Gecko) Chrome/122.0.0.0 Safari/537.36
2026.09.06 16:28:05 aiogram.event        INFO     Update id=875900449 is handled. Duration 6908 ms by bot id=8976652462
2026.09.06 16:28:44 core.utilities       INFO     User 8502974425 executed command: /music röya sənə görə
2026.09.06 16:28:45 core.webprofile      INFO     firefox brauzerindən cookies istifadə edilir.
2026.09.06 16:28:45 core.webprofile      INFO     Seçilmiş User-Agent: Mozilla/5.0 (X11; Linux x86_64) AppleWebKit/537.36 (KHTML, like Gecko) Chrome/122.0.0.0 Safari/537.36
2026.09.06 16:28:48 aiogram.event        INFO     Update id=875900450 is handled. Duration 3363 ms by bot id=8976652462
2026.09.06 16:28:49 core.webprofile      INFO     firefox brauzerindən cookies istifadə edilir.
2026.09.06 16:28:49 core.webprofile      INFO     Seçilmiş User-Agent: Mozilla/5.0 (Linux; Android 14; Pixel 8 Pro) AppleWebKit/537.36 (KHTML, like Gecko) Chrome/122.0.0.0 Mobile Safari/537.36
2026.09.06 16:28:59 aiogram.event        INFO     Update id=875900451 is handled. Duration 9503 ms by bot id=8976652462
2026.09.06 16:31:00 core.utilities       INFO     User 8502974425 executed command: /music nəyim vardı aldı həyat ay brat
2026.09.06 16:31:00 core.webprofile      INFO     firefox brauzerindən cookies istifadə edilir.
2026.09.06 16:31:00 core.webprofile      INFO     Seçilmiş User-Agent: Mozilla/5.0 (Windows NT 10.0; Win64; x64; rv:120.0) Gecko/20100101 Firefox/120.0
2026.09.06 16:31:03 aiogram.event        INFO     Update id=875900452 is handled. Duration 3378 ms by bot id=8976652462
2026.09.06 16:31:09 core.webprofile      INFO     firefox brauzerindən cookies istifadə edilir.
2026.09.06 16:31:09 core.webprofile      INFO     Seçilmiş User-Agent: Mozilla/5.0 (Windows NT 10.0; Win64; x64) AppleWebKit/537.36 (KHTML, like Gecko) Edge/120.0.0.0 Safari/537.36
2026.09.06 16:31:20 aiogram.event        INFO     Update id=875900453 is handled. Duration 10484 ms by bot id=8976652462
2026.09.06 16:31:36 core.utilities       INFO     User 8502974425 executed command: /music nəyim vardı aldı həyat ay brat
2026.09.06 16:31:36 core.webprofile      INFO     firefox brauzerindən cookies istifadə edilir.
2026.09.06 16:31:36 core.webprofile      INFO     Seçilmiş User-Agent: Mozilla/5.0 (X11; Linux x86_64) AppleWebKit/537.36 (KHTML, like Gecko) Chrome/122.0.0.0 Safari/537.36
2026.09.06 16:31:39 aiogram.event        INFO     Update id=875900454 is handled. Duration 3427 ms by bot id=8976652462
2026.09.06 16:31:52 core.webprofile      INFO     firefox brauzerindən cookies istifadə edilir.
2026.09.06 16:31:52 core.webprofile      INFO     Seçilmiş User-Agent: Mozilla/5.0 (Windows NT 10.0; Win64; x64; rv:120.0) Gecko/20100101 Firefox/120.0
2026.09.06 16:31:57 aiogram.event        INFO     Update id=875900455 is handled. Duration 5656 ms by bot id=8976652462
2026.09.06 16:32:20 core.utilities       INFO     User 8502974425 executed command: /music nəyim vardı aldı həyat ay brat
2026.09.06 16:32:20 core.webprofile      INFO     firefox brauzerindən cookies istifadə edilir.
2026.09.06 16:32:20 core.webprofile      INFO     Seçilmiş User-Agent: Mozilla/5.0 (Macintosh; Intel Mac OS X 10_15_7) AppleWebKit/537.36 (KHTML, like Gecko) Chrome/122.0.0.0 Safari/537.36
2026.09.06 16:32:22 aiogram.event        INFO     Update id=875900456 is handled. Duration 2498 ms by bot id=8976652462
2026.09.06 16:32:25 core.webprofile      INFO     firefox brauzerindən cookies istifadə edilir.
2026.09.06 16:32:25 core.webprofile      INFO     Seçilmiş User-Agent: Mozilla/5.0 (X11; Ubuntu; Linux x86_64; rv:120.0) Gecko/20100101 Firefox/120.0
2026.09.06 16:32:30 core.utilities       INFO     User 8502974425 executed command: /music nəyim vardı aldı həyat ay brat
2026.09.06 16:32:30 aiogram.event        INFO     Update id=875900457 is handled. Duration 5698 ms by bot id=8976652462
2026.09.06 16:32:30 core.webprofile      INFO     firefox brauzerindən cookies istifadə edilir.
2026.09.06 16:32:30 core.webprofile      INFO     Seçilmiş User-Agent: Mozilla/5.0 (Macintosh; Intel Mac OS X 10_15_7) AppleWebKit/537.36 (KHTML, like Gecko) Chrome/122.0.0.0 Safari/537.36
2026.09.06 16:32:33 aiogram.event        INFO     Update id=875900458 is handled. Duration 3019 ms by bot id=8976652462
2026.09.06 16:32:39 aiogram.event        INFO     Update id=875900459 is handled. Duration 70 ms by bot id=8976652462
2026.09.06 16:32:44 core.webprofile      INFO     firefox brauzerindən cookies istifadə edilir.
2026.09.06 16:32:44 core.webprofile      INFO     Seçilmiş User-Agent: Mozilla/5.0 (iPhone; CPU iPhone OS 17_2 like Mac OS X) AppleWebKit/605.1.15 (KHTML, like Gecko) Version/17.2 Mobile/15E148 Safari/604.1
2026.09.06 16:32:53 aiogram.event        INFO     Update id=875900460 is handled. Duration 9596 ms by bot id=8976652462
2026.09.06 16:33:47 core.utilities       INFO     User 8502974425 executed command: /music ebdul kurdexanlı ay brat
2026.09.06 16:33:47 core.webprofile      INFO     firefox brauzerindən cookies istifadə edilir.
2026.09.06 16:33:47 core.webprofile      INFO     Seçilmiş User-Agent: Mozilla/5.0 (X11; Linux x86_64) AppleWebKit/537.36 (KHTML, like Gecko) Chrome/122.0.0.0 Safari/537.36
2026.09.06 16:33:50 aiogram.event        INFO     Update id=875900461 is handled. Duration 3242 ms by bot id=8976652462
2026.09.06 16:33:58 core.webprofile      INFO     firefox brauzerindən cookies istifadə edilir.
2026.09.06 16:33:58 core.webprofile      INFO     Seçilmiş User-Agent: Mozilla/5.0 (Windows NT 10.0; Win64; x64) AppleWebKit/537.36 (KHTML, like Gecko) Edge/120.0.0.0 Safari/537.36
2026.09.06 16:34:03 core.youtube_handler ERROR    Yükləmə xətası: [0;31mERROR:[0m [youtube] FNZzbBhfoYg: Requested format is not available. Use --list-formats for a list of available formats
2026.09.06 16:34:03 aiogram.event        INFO     Update id=875900462 is handled. Duration 5120 ms by bot id=8976652462
2026.09.06 16:34:06 core.utilities       INFO     User 8502974425 executed command: /music ebdul kurdexanlı ay brat
2026.09.06 16:34:06 core.webprofile      INFO     firefox brauzerindən cookies istifadə edilir.
2026.09.06 16:34:06 core.webprofile      INFO     Seçilmiş User-Agent: Mozilla/5.0 (X11; Ubuntu; Linux x86_64; rv:120.0) Gecko/20100101 Firefox/120.0
2026.09.06 16:34:09 aiogram.event        INFO     Update id=875900463 is handled. Duration 2383 ms by bot id=8976652462
2026.09.06 16:34:11 core.webprofile      INFO     firefox brauzerindən cookies istifadə edilir.
2026.09.06 16:34:11 core.webprofile      INFO     Seçilmiş User-Agent: Mozilla/5.0 (Windows NT 10.0; Win64; x64) AppleWebKit/537.36 (KHTML, like Gecko) Chrome/122.0.0.0 Safari/537.36
2026.09.06 16:34:14 core.youtube_handler ERROR    Yükləmə xətası: [0;31mERROR:[0m [youtube] FNZzbBhfoYg: Requested format is not available. Use --list-formats for a list of available formats
2026.09.06 16:34:14 aiogram.event        INFO     Update id=875900464 is handled. Duration 3573 ms by bot id=8976652462
2026.09.06 16:34:19 core.utilities       INFO     User 8502974425 executed command: /music ebdul kurdexanlı ay brat
2026.09.06 16:34:19 core.webprofile      INFO     firefox brauzerindən cookies istifadə edilir.
2026.09.06 16:34:19 core.webprofile      INFO     Seçilmiş User-Agent: Mozilla/5.0 (Windows NT 10.0; Win64; x64; rv:120.0) Gecko/20100101 Firefox/120.0
2026.09.06 16:34:22 aiogram.event        INFO     Update id=875900465 is handled. Duration 3313 ms by bot id=8976652462
2026.09.06 16:34:25 aiogram.event        INFO     Update id=875900466 is handled. Duration 82 ms by bot id=8976652462
2026.09.06 16:34:31 core.webprofile      INFO     firefox brauzerindən cookies istifadə edilir.
2026.09.06 16:34:31 core.webprofile      INFO     Seçilmiş User-Agent: Mozilla/5.0 (Windows NT 10.0; Win64; x64) AppleWebKit/537.36 (KHTML, like Gecko) Edge/120.0.0.0 Safari/537.36
2026.09.06 16:34:39 aiogram.event        INFO     Update id=875900467 is handled. Duration 7744 ms by bot id=8976652462
2026.09.06 16:36:50 core.utilities       INFO     User 8502974425 executed command: /music Cavid & Gülağa - 2014-də
2026.09.06 16:36:50 core.webprofile      INFO     firefox brauzerindən cookies istifadə edilir.
2026.09.06 16:36:50 core.webprofile      INFO     Seçilmiş User-Agent: Mozilla/5.0 (X11; Ubuntu; Linux x86_64; rv:120.0) Gecko/20100101 Firefox/120.0
2026.09.06 16:36:53 aiogram.event        INFO     Update id=875900468 is handled. Duration 3328 ms by bot id=8976652462
2026.09.06 16:37:02 core.webprofile      INFO     firefox brauzerindən cookies istifadə edilir.
2026.09.06 16:37:02 core.webprofile      INFO     Seçilmiş User-Agent: Mozilla/5.0 (iPad; CPU OS 17_2 like Mac OS X) AppleWebKit/605.1.15 (KHTML, like Gecko) Version/17.2 Mobile/15E148 Safari/604.1
2026.09.06 16:37:06 aiogram.event        INFO     Update id=875900470 is not handled. Duration 93 ms by bot id=8976652462
2026.09.06 16:37:09 aiogram.event        INFO     Update id=875900469 is handled. Duration 7045 ms by bot id=8976652462
2026.09.06 16:37:21 core.utilities       INFO     User 8502974425 executed command: /music Cavid & Gülağa - 2014-də
2026.09.06 16:37:21 core.webprofile      INFO     firefox brauzerindən cookies istifadə edilir.
2026.09.06 16:37:21 core.webprofile      INFO     Seçilmiş User-Agent: Mozilla/5.0 (Macintosh; Intel Mac OS X 10_15_7) AppleWebKit/537.36 (KHTML, like Gecko) Chrome/122.0.0.0 Safari/537.36
2026.09.06 16:37:24 aiogram.event        INFO     Update id=875900471 is handled. Duration 2961 ms by bot id=8976652462
2026.09.06 16:37:29 core.webprofile      INFO     firefox brauzerindən cookies istifadə edilir.
2026.09.06 16:37:29 core.webprofile      INFO     Seçilmiş User-Agent: Mozilla/5.0 (Windows NT 10.0; Win64; x64; rv:120.0) Gecko/20100101 Firefox/120.0
2026.09.06 16:37:35 aiogram.event        INFO     Update id=875900472 is handled. Duration 6803 ms by bot id=8976652462
2026.09.06 16:37:52 core.utilities       INFO     User 8502974425 executed command: /music Cavid & Gülağa - 2014-də
2026.09.06 16:37:52 core.webprofile      INFO     firefox brauzerindən cookies istifadə edilir.
2026.09.06 16:37:52 core.webprofile      INFO     Seçilmiş User-Agent: Mozilla/5.0 (Linux; Android 14; SM-G998B) AppleWebKit/537.36 (KHTML, like Gecko) Chrome/122.0.0.0 Mobile Safari/537.36
2026.09.06 16:37:55 aiogram.event        INFO     Update id=875900473 is handled. Duration 2975 ms by bot id=8976652462
2026.09.06 16:38:00 core.webprofile      INFO     firefox brauzerindən cookies istifadə edilir.
2026.09.06 16:38:00 core.webprofile      INFO     Seçilmiş User-Agent: Mozilla/5.0 (Linux; Android 14; SM-G998B) AppleWebKit/537.36 (KHTML, like Gecko) Chrome/122.0.0.0 Mobile Safari/537.36
2026.09.06 16:38:09 aiogram.event        INFO     Update id=875900474 is handled. Duration 8135 ms by bot id=8976652462
2026.09.06 16:39:37 core.utilities       INFO     User 8502974425 executed command: /music big ego
2026.09.06 16:39:37 core.webprofile      INFO     firefox brauzerindən cookies istifadə edilir.
2026.09.06 16:39:37 core.webprofile      INFO     Seçilmiş User-Agent: Mozilla/5.0 (X11; Ubuntu; Linux x86_64; rv:120.0) Gecko/20100101 Firefox/120.0
2026.09.06 16:39:40 aiogram.event        INFO     Update id=875900475 is handled. Duration 3430 ms by bot id=8976652462
2026.09.06 16:39:43 core.webprofile      INFO     firefox brauzerindən cookies istifadə edilir.
2026.09.06 16:39:43 core.webprofile      INFO     Seçilmiş User-Agent: Mozilla/5.0 (iPhone; CPU iPhone OS 17_2 like Mac OS X) AppleWebKit/605.1.15 (KHTML, like Gecko) Version/17.2 Mobile/15E148 Safari/604.1
2026.09.06 16:39:50 aiogram.event        INFO     Update id=875900476 is handled. Duration 6964 ms by bot id=8976652462
2026.09.06 16:39:51 core.utilities       INFO     User 8502974425 executed command: /music big ego
2026.09.06 16:39:51 core.webprofile      INFO     firefox brauzerindən cookies istifadə edilir.
2026.09.06 16:39:51 core.webprofile      INFO     Seçilmiş User-Agent: Mozilla/5.0 (Windows NT 10.0; Win64; x64) AppleWebKit/537.36 (KHTML, like Gecko) Edge/120.0.0.0 Safari/537.36
2026.09.06 16:39:53 aiogram.event        INFO     Update id=875900477 is handled. Duration 2569 ms by bot id=8976652462
2026.09.06 16:39:58 core.webprofile      INFO     firefox brauzerindən cookies istifadə edilir.
2026.09.06 16:39:58 core.webprofile      INFO     Seçilmiş User-Agent: Mozilla/5.0 (Windows NT 10.0; Win64; x64) AppleWebKit/537.36 (KHTML, like Gecko) Edge/120.0.0.0 Safari/537.36
2026.09.06 16:40:07 aiogram.event        INFO     Update id=875900478 is handled. Duration 9080 ms by bot id=8976652462
2026.09.06 16:40:44 core.utilities       INFO     User 8502974425 executed command: /music ala bu qız dəlidir
2026.09.06 16:40:45 core.webprofile      INFO     firefox brauzerindən cookies istifadə edilir.
2026.09.06 16:40:45 core.webprofile      INFO     Seçilmiş User-Agent: Mozilla/5.0 (Linux; Android 14; Pixel 8 Pro) AppleWebKit/537.36 (KHTML, like Gecko) Chrome/122.0.0.0 Mobile Safari/537.36
2026.09.06 16:40:48 aiogram.event        INFO     Update id=875900479 is handled. Duration 3634 ms by bot id=8976652462
2026.09.06 16:40:57 core.webprofile      INFO     firefox brauzerindən cookies istifadə edilir.
2026.09.06 16:40:57 core.webprofile      INFO     Seçilmiş User-Agent: Mozilla/5.0 (Windows NT 10.0; Win64; x64; rv:120.0) Gecko/20100101 Firefox/120.0
2026.09.06 16:41:04 aiogram.event        INFO     Update id=875900480 is handled. Duration 6435 ms by bot id=8976652462
2026.09.06 16:41:35 core.utilities       INFO     User 8502974425 executed command: /music Üzeyir Mehdizadə yadındadırmı
2026.09.06 16:41:35 core.webprofile      INFO     firefox brauzerindən cookies istifadə edilir.
2026.09.06 16:41:35 core.webprofile      INFO     Seçilmiş User-Agent: Mozilla/5.0 (Macintosh; Intel Mac OS X 10_15_7) AppleWebKit/537.36 (KHTML, like Gecko) Chrome/122.0.0.0 Safari/537.36
2026.09.06 16:41:38 aiogram.event        INFO     Update id=875900481 is handled. Duration 3409 ms by bot id=8976652462
2026.09.06 16:41:41 core.webprofile      INFO     firefox brauzerindən cookies istifadə edilir.
2026.09.06 16:41:41 core.webprofile      INFO     Seçilmiş User-Agent: Mozilla/5.0 (Windows NT 10.0; Win64; x64; rv:120.0) Gecko/20100101 Firefox/120.0
2026.09.06 16:41:52 aiogram.event        INFO     Update id=875900482 is handled. Duration 10897 ms by bot id=8976652462
2026.09.06 16:42:21 core.utilities       INFO     User 8502974425 executed command: /music giz bu ne bela
2026.09.06 16:42:22 core.webprofile      INFO     firefox brauzerindən cookies istifadə edilir.
2026.09.06 16:42:22 core.webprofile      INFO     Seçilmiş User-Agent: Mozilla/5.0 (Windows NT 10.0; Win64; x64; rv:120.0) Gecko/20100101 Firefox/120.0
2026.09.06 16:42:24 aiogram.event        INFO     Update id=875900483 is handled. Duration 2757 ms by bot id=8976652462
2026.09.06 16:42:35 core.webprofile      INFO     firefox brauzerindən cookies istifadə edilir.
2026.09.06 16:42:35 core.webprofile      INFO     Seçilmiş User-Agent: Mozilla/5.0 (X11; Linux x86_64) AppleWebKit/537.36 (KHTML, like Gecko) Chrome/122.0.0.0 Safari/537.36
2026.09.06 16:42:44 aiogram.event        INFO     Update id=875900484 is handled. Duration 9109 ms by bot id=8976652462
2026.09.06 16:43:09 core.utilities       INFO     User 8502974425 executed command: /music mürsəl dəniz
2026.09.06 16:43:09 core.webprofile      INFO     firefox brauzerindən cookies istifadə edilir.
2026.09.06 16:43:09 core.webprofile      INFO     Seçilmiş User-Agent: Mozilla/5.0 (Windows NT 10.0; Win64; x64; rv:120.0) Gecko/20100101 Firefox/120.0
2026.09.06 16:43:11 aiogram.event        INFO     Update id=875900485 is handled. Duration 2787 ms by bot id=8976652462
2026.09.06 16:43:19 aiogram.event        INFO     Update id=875900486 is handled. Duration 105 ms by bot id=8976652462
2026.09.06 16:43:23 aiogram.event        INFO     Update id=875900487 is handled. Duration 69 ms by bot id=8976652462
2026.09.06 16:43:32 aiogram.event        INFO     Update id=875900488 is handled. Duration 5150 ms by bot id=8976652462
2026.09.06 16:43:36 core.utilities       INFO     User 8502974425 executed command: /music mənnən uzağlaşma yaxınlaş
2026.09.06 16:43:36 core.webprofile      INFO     firefox brauzerindən cookies istifadə edilir.
2026.09.06 16:43:36 core.webprofile      INFO     Seçilmiş User-Agent: Mozilla/5.0 (iPad; CPU OS 17_2 like Mac OS X) AppleWebKit/605.1.15 (KHTML, like Gecko) Version/17.2 Mobile/15E148 Safari/604.1
2026.09.06 16:43:39 aiogram.event        INFO     Update id=875900489 is handled. Duration 3513 ms by bot id=8976652462
2026.09.06 16:43:43 aiogram.event        INFO     Update id=875900490 is handled. Duration 139 ms by bot id=8976652462
2026.09.06 16:43:52 aiogram.event        INFO     Update id=875900491 is handled. Duration 5145 ms by bot id=8976652462
2026.09.06 16:43:55 core.utilities       INFO     User 8502974425 executed command: /music mürsəl dəniz
2026.09.06 16:43:55 core.webprofile      INFO     firefox brauzerindən cookies istifadə edilir.
2026.09.06 16:43:55 core.webprofile      INFO     Seçilmiş User-Agent: Mozilla/5.0 (X11; Ubuntu; Linux x86_64; rv:120.0) Gecko/20100101 Firefox/120.0
2026.09.06 16:43:57 aiogram.event        INFO     Update id=875900492 is handled. Duration 2304 ms by bot id=8976652462
2026.09.06 16:44:02 aiogram.event        INFO     Update id=875900493 is handled. Duration 55 ms by bot id=8976652462
2026.09.06 16:44:05 aiogram.event        INFO     Update id=875900494 is handled. Duration 62 ms by bot id=8976652462
2026.09.06 16:44:07 aiogram.event        INFO     Update id=875900495 is handled. Duration 69 ms by bot id=8976652462
2026.09.06 16:44:10 aiogram.event        INFO     Update id=875900496 is handled. Duration 80 ms by bot id=8976652462
2026.09.06 16:44:13 aiogram.event        INFO     Update id=875900497 is handled. Duration 69 ms by bot id=8976652462
2026.09.06 16:44:15 aiogram.event        INFO     Update id=875900498 is handled. Duration 66 ms by bot id=8976652462
2026.09.06 16:44:16 aiogram.event        INFO     Update id=875900499 is handled. Duration 57 ms by bot id=8976652462
2026.09.06 16:44:17 aiogram.event        INFO     Update id=875900500 is handled. Duration 68 ms by bot id=8976652462
2026.09.06 16:44:18 core.webprofile      INFO     firefox brauzerindən cookies istifadə edilir.
2026.09.06 16:44:18 core.webprofile      INFO     Seçilmiş User-Agent: Mozilla/5.0 (X11; Linux x86_64) AppleWebKit/537.36 (KHTML, like Gecko) Chrome/122.0.0.0 Safari/537.36
2026.09.06 16:44:24 aiogram.event        INFO     Update id=875900501 is handled. Duration 5921 ms by bot id=8976652462
2026.09.06 16:45:45 core.utilities       INFO     User 8502974425 executed command: /music ya intiqam tı kto takoy
2026.09.06 16:45:45 core.webprofile      INFO     firefox brauzerindən cookies istifadə edilir.
2026.09.06 16:45:45 core.webprofile      INFO     Seçilmiş User-Agent: Mozilla/5.0 (Windows NT 10.0; Win64; x64) AppleWebKit/537.36 (KHTML, like Gecko) Chrome/122.0.0.0 Safari/537.36
2026.09.06 16:45:48 aiogram.event        INFO     Update id=875900502 is handled. Duration 2989 ms by bot id=8976652462
2026.09.06 16:45:53 core.webprofile      INFO     firefox brauzerindən cookies istifadə edilir.
2026.09.06 16:45:53 core.webprofile      INFO     Seçilmiş User-Agent: Mozilla/5.0 (X11; Linux x86_64) AppleWebKit/537.36 (KHTML, like Gecko) Chrome/122.0.0.0 Safari/537.36
2026.09.06 16:45:59 aiogram.event        INFO     Update id=875900503 is handled. Duration 5624 ms by bot id=8976652462
2026.09.06 16:48:08 core.utilities       INFO     User 8502974425 executed command: /music belsunce breakdown
2026.09.06 16:48:08 core.webprofile      INFO     firefox brauzerindən cookies istifadə edilir.
2026.09.06 16:48:08 core.webprofile      INFO     Seçilmiş User-Agent: Mozilla/5.0 (Linux; Android 14; SM-G998B) AppleWebKit/537.36 (KHTML, like Gecko) Chrome/122.0.0.0 Mobile Safari/537.36
2026.09.06 16:48:11 aiogram.event        INFO     Update id=875900504 is handled. Duration 3186 ms by bot id=8976652462
2026.09.06 16:48:13 core.webprofile      INFO     firefox brauzerindən cookies istifadə edilir.
2026.09.06 16:48:13 core.webprofile      INFO     Seçilmiş User-Agent: Mozilla/5.0 (X11; Ubuntu; Linux x86_64; rv:120.0) Gecko/20100101 Firefox/120.0
2026.09.06 16:48:19 aiogram.event        INFO     Update id=875900505 is handled. Duration 6084 ms by bot id=8976652462
2026.09.06 16:49:04 core.utilities       INFO     User 8502974425 executed command: /music manolya
2026.09.06 16:49:04 core.webprofile      INFO     firefox brauzerindən cookies istifadə edilir.
2026.09.06 16:49:04 core.webprofile      INFO     Seçilmiş User-Agent: Mozilla/5.0 (X11; Linux x86_64) AppleWebKit/537.36 (KHTML, like Gecko) Chrome/122.0.0.0 Safari/537.36
2026.09.06 16:49:08 aiogram.event        INFO     Update id=875900506 is handled. Duration 3465 ms by bot id=8976652462
2026.09.06 16:49:21 aiogram.event        INFO     Update id=875900507 is handled. Duration 234 ms by bot id=8976652462
2026.09.06 16:49:26 core.webprofile      INFO     firefox brauzerindən cookies istifadə edilir.
2026.09.06 16:49:26 core.webprofile      INFO     Seçilmiş User-Agent: Mozilla/5.0 (X11; Ubuntu; Linux x86_64; rv:120.0) Gecko/20100101 Firefox/120.0
2026.09.06 16:49:34 aiogram.event        INFO     Update id=875900508 is handled. Duration 8232 ms by bot id=8976652462
2026.09.06 16:50:26 core.utilities       INFO     User 8502974425 executed command: /music dree dree
2026.09.06 16:50:26 core.webprofile      INFO     firefox brauzerindən cookies istifadə edilir.
2026.09.06 16:50:26 core.webprofile      INFO     Seçilmiş User-Agent: Mozilla/5.0 (Windows NT 10.0; Win64; x64; rv:120.0) Gecko/20100101 Firefox/120.0
2026.09.06 16:50:30 aiogram.event        INFO     Update id=875900509 is handled. Duration 3751 ms by bot id=8976652462
2026.09.06 16:50:32 core.webprofile      INFO     firefox brauzerindən cookies istifadə edilir.
2026.09.06 16:50:32 core.webprofile      INFO     Seçilmiş User-Agent: Mozilla/5.0 (Linux; Android 14; SM-G998B) AppleWebKit/537.36 (KHTML, like Gecko) Chrome/122.0.0.0 Mobile Safari/537.36
2026.09.06 16:50:41 aiogram.event        INFO     Update id=875900510 is handled. Duration 9580 ms by bot id=8976652462
2026.09.06 16:50:59 core.utilities       INFO     User 8502974425 executed command: /music wego wego
2026.09.06 16:50:59 core.webprofile      INFO     firefox brauzerindən cookies istifadə edilir.
2026.09.06 16:50:59 core.webprofile      INFO     Seçilmiş User-Agent: Mozilla/5.0 (Linux; Android 14; Pixel 8 Pro) AppleWebKit/537.36 (KHTML, like Gecko) Chrome/122.0.0.0 Mobile Safari/537.36
2026.09.06 16:51:03 aiogram.event        INFO     Update id=875900511 is handled. Duration 3777 ms by bot id=8976652462
2026.09.06 16:51:08 core.webprofile      INFO     firefox brauzerindən cookies istifadə edilir.
2026.09.06 16:51:08 core.webprofile      INFO     Seçilmiş User-Agent: Mozilla/5.0 (Linux; Android 14; SM-G998B) AppleWebKit/537.36 (KHTML, like Gecko) Chrome/122.0.0.0 Mobile Safari/537.36
2026.09.06 16:51:16 aiogram.event        INFO     Update id=875900512 is handled. Duration 7955 ms by bot id=8976652462
2026.09.06 16:51:58 core.utilities       INFO     User 8502974425 executed command: /music wego wego
2026.09.06 16:51:58 core.webprofile      INFO     firefox brauzerindən cookies istifadə edilir.
2026.09.06 16:51:58 core.webprofile      INFO     Seçilmiş User-Agent: Mozilla/5.0 (iPad; CPU OS 17_2 like Mac OS X) AppleWebKit/605.1.15 (KHTML, like Gecko) Version/17.2 Mobile/15E148 Safari/604.1
2026.09.06 16:52:01 aiogram.event        INFO     Update id=875900513 is handled. Duration 3362 ms by bot id=8976652462
2026.09.06 16:52:09 core.webprofile      INFO     firefox brauzerindən cookies istifadə edilir.
2026.09.06 16:52:09 core.webprofile      INFO     Seçilmiş User-Agent: Mozilla/5.0 (iPad; CPU OS 17_2 like Mac OS X) AppleWebKit/605.1.15 (KHTML, like Gecko) Version/17.2 Mobile/15E148 Safari/604.1
2026.09.06 16:52:18 aiogram.event        INFO     Update id=875900514 is handled. Duration 9485 ms by bot id=8976652462
2026.09.06 16:52:34 core.utilities       INFO     User 8502974425 executed command: /music doldum ahiyan
2026.09.06 16:52:34 core.webprofile      INFO     firefox brauzerindən cookies istifadə edilir.
2026.09.06 16:52:34 core.webprofile      INFO     Seçilmiş User-Agent: Mozilla/5.0 (Macintosh; Intel Mac OS X 10_15_7) AppleWebKit/537.36 (KHTML, like Gecko) Chrome/122.0.0.0 Safari/537.36
2026.09.06 16:52:37 aiogram.event        INFO     Update id=875900515 is handled. Duration 3375 ms by bot id=8976652462
2026.09.06 16:52:40 core.webprofile      INFO     firefox brauzerindən cookies istifadə edilir.
2026.09.06 16:52:40 core.webprofile      INFO     Seçilmiş User-Agent: Mozilla/5.0 (X11; Linux x86_64) AppleWebKit/537.36 (KHTML, like Gecko) Chrome/122.0.0.0 Safari/537.36
2026.09.06 16:52:49 aiogram.event        INFO     Update id=875900516 is handled. Duration 9294 ms by bot id=8976652462
2026.09.06 16:56:16 core.utilities       INFO     User 8502974425 executed command: /music racismo
2026.09.06 16:56:16 core.webprofile      INFO     firefox brauzerindən cookies istifadə edilir.
2026.09.06 16:56:16 core.webprofile      INFO     Seçilmiş User-Agent: Mozilla/5.0 (Linux; Android 14; Pixel 8 Pro) AppleWebKit/537.36 (KHTML, like Gecko) Chrome/122.0.0.0 Mobile Safari/537.36
2026.09.06 16:56:19 aiogram.event        INFO     Update id=875900517 is handled. Duration 3444 ms by bot id=8976652462
2026.09.06 16:56:22 core.webprofile      INFO     firefox brauzerindən cookies istifadə edilir.
2026.09.06 16:56:22 core.webprofile      INFO     Seçilmiş User-Agent: Mozilla/5.0 (X11; Linux x86_64) AppleWebKit/537.36 (KHTML, like Gecko) Chrome/122.0.0.0 Safari/537.36
2026.09.06 16:56:32 aiogram.event        INFO     Update id=875900518 is handled. Duration 10195 ms by bot id=8976652462
2026.09.06 16:59:38 core.utilities       INFO     User 8502974425 executed command: /music babek nur axtarma
2026.09.06 16:59:38 core.webprofile      INFO     firefox brauzerindən cookies istifadə edilir.
2026.09.06 16:59:38 core.webprofile      INFO     Seçilmiş User-Agent: Mozilla/5.0 (X11; Linux x86_64) AppleWebKit/537.36 (KHTML, like Gecko) Chrome/122.0.0.0 Safari/537.36
2026.09.06 16:59:41 aiogram.event        INFO     Update id=875900519 is handled. Duration 3411 ms by bot id=8976652462
2026.09.06 16:59:54 core.webprofile      INFO     firefox brauzerindən cookies istifadə edilir.
2026.09.06 16:59:54 core.webprofile      INFO     Seçilmiş User-Agent: Mozilla/5.0 (Windows NT 10.0; Win64; x64; rv:120.0) Gecko/20100101 Firefox/120.0
2026.09.06 17:00:06 aiogram.event        INFO     Update id=875900520 is handled. Duration 12002 ms by bot id=8976652462
2026.09.06 17:01:21 core.utilities       INFO     User 8502974425 executed command: /music sevgi dolyası
2026.09.06 17:01:21 core.webprofile      INFO     firefox brauzerindən cookies istifadə edilir.
2026.09.06 17:01:21 core.webprofile      INFO     Seçilmiş User-Agent: Mozilla/5.0 (Macintosh; Intel Mac OS X 10_15_7) AppleWebKit/537.36 (KHTML, like Gecko) Chrome/122.0.0.0 Safari/537.36
2026.09.06 17:01:24 aiogram.event        INFO     Update id=875900521 is handled. Duration 2793 ms by bot id=8976652462
2026.09.06 17:01:30 core.webprofile      INFO     firefox brauzerindən cookies istifadə edilir.
2026.09.06 17:01:30 core.webprofile      INFO     Seçilmiş User-Agent: Mozilla/5.0 (iPad; CPU OS 17_2 like Mac OS X) AppleWebKit/605.1.15 (KHTML, like Gecko) Version/17.2 Mobile/15E148 Safari/604.1
2026.09.06 17:01:42 aiogram.event        INFO     Update id=875900522 is handled. Duration 11516 ms by bot id=8976652462
2026.09.06 17:01:54 core.utilities       INFO     User 8502974425 executed command: /music sevda söylə nədən
2026.09.06 17:01:54 core.webprofile      INFO     firefox brauzerindən cookies istifadə edilir.
2026.09.06 17:01:54 core.webprofile      INFO     Seçilmiş User-Agent: Mozilla/5.0 (iPhone; CPU iPhone OS 17_2 like Mac OS X) AppleWebKit/605.1.15 (KHTML, like Gecko) Version/17.2 Mobile/15E148 Safari/604.1
2026.09.06 17:01:57 aiogram.event        INFO     Update id=875900523 is handled. Duration 3132 ms by bot id=8976652462
2026.09.06 17:02:02 core.webprofile      INFO     firefox brauzerindən cookies istifadə edilir.
2026.09.06 17:02:02 core.webprofile      INFO     Seçilmiş User-Agent: Mozilla/5.0 (X11; Ubuntu; Linux x86_64; rv:120.0) Gecko/20100101 Firefox/120.0
2026.09.06 17:02:13 aiogram.event        INFO     Update id=875900524 is handled. Duration 10247 ms by bot id=8976652462
2026.09.06 17:02:59 core.utilities       INFO     User 8502974425 executed command: /music sərsəri aşiq
2026.09.06 17:03:00 core.webprofile      INFO     firefox brauzerindən cookies istifadə edilir.
2026.09.06 17:03:00 core.webprofile      INFO     Seçilmiş User-Agent: Mozilla/5.0 (iPhone; CPU iPhone OS 17_2 like Mac OS X) AppleWebKit/605.1.15 (KHTML, like Gecko) Version/17.2 Mobile/15E148 Safari/604.1
2026.09.06 17:03:03 aiogram.event        INFO     Update id=875900525 is handled. Duration 3468 ms by bot id=8976652462
2026.09.06 17:03:09 core.webprofile      INFO     firefox brauzerindən cookies istifadə edilir.
2026.09.06 17:03:09 core.webprofile      INFO     Seçilmiş User-Agent: Mozilla/5.0 (Macintosh; Intel Mac OS X 10_15_7) AppleWebKit/537.36 (KHTML, like Gecko) Chrome/122.0.0.0 Safari/537.36
2026.09.06 17:03:15 aiogram.event        INFO     Update id=875900526 is handled. Duration 5461 ms by bot id=8976652462
2026.09.06 17:03:52 core.utilities       INFO     User 8502974425 executed command: /music ilkin masallı avara
2026.09.06 17:03:52 core.webprofile      INFO     firefox brauzerindən cookies istifadə edilir.
2026.09.06 17:03:52 core.webprofile      INFO     Seçilmiş User-Agent: Mozilla/5.0 (Linux; Android 14; SM-G998B) AppleWebKit/537.36 (KHTML, like Gecko) Chrome/122.0.0.0 Mobile Safari/537.36
2026.09.06 17:03:55 aiogram.event        INFO     Update id=875900527 is handled. Duration 3582 ms by bot id=8976652462
2026.09.06 17:04:02 core.webprofile      INFO     firefox brauzerindən cookies istifadə edilir.
2026.09.06 17:04:02 core.webprofile      INFO     Seçilmiş User-Agent: Mozilla/5.0 (iPhone; CPU iPhone OS 17_2 like Mac OS X) AppleWebKit/605.1.15 (KHTML, like Gecko) Version/17.2 Mobile/15E148 Safari/604.1
2026.09.06 17:04:10 aiogram.event        INFO     Update id=875900528 is handled. Duration 8261 ms by bot id=8976652462
2026.09.06 17:04:41 core.utilities       INFO     User 8502974425 executed command: /music röya yollar
2026.09.06 17:04:41 core.webprofile      INFO     firefox brauzerindən cookies istifadə edilir.
2026.09.06 17:04:41 core.webprofile      INFO     Seçilmiş User-Agent: Mozilla/5.0 (Macintosh; Intel Mac OS X 10_15_7) AppleWebKit/537.36 (KHTML, like Gecko) Chrome/122.0.0.0 Safari/537.36
2026.09.06 17:04:44 aiogram.event        INFO     Update id=875900529 is handled. Duration 2856 ms by bot id=8976652462
2026.09.06 17:04:48 core.webprofile      INFO     firefox brauzerindən cookies istifadə edilir.
2026.09.06 17:04:48 core.webprofile      INFO     Seçilmiş User-Agent: Mozilla/5.0 (X11; Ubuntu; Linux x86_64; rv:120.0) Gecko/20100101 Firefox/120.0
2026.09.06 17:04:57 aiogram.event        INFO     Update id=875900530 is handled. Duration 9775 ms by bot id=8976652462
2026.09.06 17:05:19 core.utilities       INFO     User 8502974425 executed command: /music Ələkbər Yasamallı son zəng
2026.09.06 17:05:19 core.webprofile      INFO     firefox brauzerindən cookies istifadə edilir.
2026.09.06 17:05:19 core.webprofile      INFO     Seçilmiş User-Agent: Mozilla/5.0 (Windows NT 10.0; Win64; x64; rv:120.0) Gecko/20100101 Firefox/120.0
2026.09.06 17:05:22 aiogram.event        INFO     Update id=875900531 is handled. Duration 2724 ms by bot id=8976652462
2026.09.06 17:05:24 core.webprofile      INFO     firefox brauzerindən cookies istifadə edilir.
2026.09.06 17:05:24 core.webprofile      INFO     Seçilmiş User-Agent: Mozilla/5.0 (iPad; CPU OS 17_2 like Mac OS X) AppleWebKit/605.1.15 (KHTML, like Gecko) Version/17.2 Mobile/15E148 Safari/604.1
2026.09.06 17:05:34 aiogram.event        INFO     Update id=875900532 is handled. Duration 9390 ms by bot id=8976652462
2026.09.06 17:06:48 core.utilities       INFO     User 8502974425 executed command: /music yaşar Cəlilov bilməzdim
2026.09.06 17:06:48 core.webprofile      INFO     firefox brauzerindən cookies istifadə edilir.
2026.09.06 17:06:48 core.webprofile      INFO     Seçilmiş User-Agent: Mozilla/5.0 (Windows NT 10.0; Win64; x64; rv:120.0) Gecko/20100101 Firefox/120.0
2026.09.06 17:06:51 aiogram.event        INFO     Update id=875900533 is handled. Duration 2967 ms by bot id=8976652462
2026.09.06 17:06:53 core.webprofile      INFO     firefox brauzerindən cookies istifadə edilir.
2026.09.06 17:06:53 core.webprofile      INFO     Seçilmiş User-Agent: Mozilla/5.0 (X11; Ubuntu; Linux x86_64; rv:120.0) Gecko/20100101 Firefox/120.0
2026.09.06 17:06:58 aiogram.event        INFO     Update id=875900534 is handled. Duration 5178 ms by bot id=8976652462
2026.09.06 17:07:14 core.utilities       INFO     User 8502974425 executed command: /music ağ ölüm
2026.09.06 17:07:14 core.webprofile      INFO     firefox brauzerindən cookies istifadə edilir.
2026.09.06 17:07:14 core.webprofile      INFO     Seçilmiş User-Agent: Mozilla/5.0 (iPhone; CPU iPhone OS 17_2 like Mac OS X) AppleWebKit/605.1.15 (KHTML, like Gecko) Version/17.2 Mobile/15E148 Safari/604.1
2026.09.06 17:07:18 aiogram.event        INFO     Update id=875900535 is handled. Duration 3392 ms by bot id=8976652462
2026.09.06 17:07:20 core.webprofile      INFO     firefox brauzerindən cookies istifadə edilir.
2026.09.06 17:07:20 core.webprofile      INFO     Seçilmiş User-Agent: Mozilla/5.0 (iPhone; CPU iPhone OS 17_2 like Mac OS X) AppleWebKit/605.1.15 (KHTML, like Gecko) Version/17.2 Mobile/15E148 Safari/604.1
2026.09.06 17:07:30 aiogram.event        INFO     Update id=875900536 is handled. Duration 9942 ms by bot id=8976652462
2026.09.06 17:08:38 core.utilities       INFO     User 8502974425 executed command: /music rəhman basılmaz uzat mene ellerini
2026.09.06 17:08:38 core.webprofile      INFO     firefox brauzerindən cookies istifadə edilir.
2026.09.06 17:08:38 core.webprofile      INFO     Seçilmiş User-Agent: Mozilla/5.0 (X11; Linux x86_64) AppleWebKit/537.36 (KHTML, like Gecko) Chrome/122.0.0.0 Safari/537.36
2026.09.06 17:08:40 aiogram.event        INFO     Update id=875900537 is handled. Duration 2732 ms by bot id=8976652462
2026.09.06 17:08:47 core.webprofile      INFO     firefox brauzerindən cookies istifadə edilir.
2026.09.06 17:08:47 core.webprofile      INFO     Seçilmiş User-Agent: Mozilla/5.0 (Windows NT 10.0; Win64; x64; rv:120.0) Gecko/20100101 Firefox/120.0
2026.09.06 17:08:52 aiogram.event        INFO     Update id=875900538 is handled. Duration 4744 ms by bot id=8976652462
2026.09.06 17:09:59 core.utilities       INFO     User 8502974425 executed command: /music nuri serinlendirici gözleyirem
2026.09.06 17:10:00 core.webprofile      INFO     firefox brauzerindən cookies istifadə edilir.
2026.09.06 17:10:00 core.webprofile      INFO     Seçilmiş User-Agent: Mozilla/5.0 (Linux; Android 14; Pixel 8 Pro) AppleWebKit/537.36 (KHTML, like Gecko) Chrome/122.0.0.0 Mobile Safari/537.36
2026.09.06 17:10:03 aiogram.event        INFO     Update id=875900539 is handled. Duration 3469 ms by bot id=8976652462
2026.09.06 17:10:05 core.webprofile      INFO     firefox brauzerindən cookies istifadə edilir.
2026.09.06 17:10:05 core.webprofile      INFO     Seçilmiş User-Agent: Mozilla/5.0 (X11; Ubuntu; Linux x86_64; rv:120.0) Gecko/20100101 Firefox/120.0
2026.09.06 17:10:14 aiogram.event        INFO     Update id=875900540 is handled. Duration 9001 ms by bot id=8976652462
2026.09.06 17:11:37 core.utilities       INFO     User 8502974425 executed command: /music zaur aşiq
2026.09.06 17:11:37 core.webprofile      INFO     firefox brauzerindən cookies istifadə edilir.
2026.09.06 17:11:37 core.webprofile      INFO     Seçilmiş User-Agent: Mozilla/5.0 (iPhone; CPU iPhone OS 17_2 like Mac OS X) AppleWebKit/605.1.15 (KHTML, like Gecko) Version/17.2 Mobile/15E148 Safari/604.1
2026.09.06 17:11:40 aiogram.event        INFO     Update id=875900541 is handled. Duration 3050 ms by bot id=8976652462
2026.09.06 17:11:43 aiogram.event        INFO     Update id=875900542 is handled. Duration 147 ms by bot id=8976652462
2026.09.06 17:11:46 aiogram.event        INFO     Update id=875900543 is handled. Duration 101 ms by bot id=8976652462
2026.09.06 17:11:47 aiogram.event        INFO     Update id=875900544 is handled. Duration 68 ms by bot id=8976652462
2026.09.06 17:11:48 core.webprofile      INFO     firefox brauzerindən cookies istifadə edilir.
2026.09.06 17:11:48 core.webprofile      INFO     Seçilmiş User-Agent: Mozilla/5.0 (Windows NT 10.0; Win64; x64; rv:120.0) Gecko/20100101 Firefox/120.0
2026.09.06 17:11:58 aiogram.event        INFO     Update id=875900545 is handled. Duration 9403 ms by bot id=8976652462
2026.09.06 17:13:28 core.utilities       INFO     User 8502974425 executed command: /music dəstəyi qoyma yerə
2026.09.06 17:13:28 core.webprofile      INFO     firefox brauzerindən cookies istifadə edilir.
2026.09.06 17:13:28 core.webprofile      INFO     Seçilmiş User-Agent: Mozilla/5.0 (Windows NT 10.0; Win64; x64) AppleWebKit/537.36 (KHTML, like Gecko) Chrome/122.0.0.0 Safari/537.36
2026.09.06 17:13:31 aiogram.event        INFO     Update id=875900546 is handled. Duration 2839 ms by bot id=8976652462
2026.09.06 17:13:33 core.webprofile      INFO     firefox brauzerindən cookies istifadə edilir.
2026.09.06 17:13:33 core.webprofile      INFO     Seçilmiş User-Agent: Mozilla/5.0 (iPad; CPU OS 17_2 like Mac OS X) AppleWebKit/605.1.15 (KHTML, like Gecko) Version/17.2 Mobile/15E148 Safari/604.1
2026.09.06 17:13:40 aiogram.event        INFO     Update id=875900547 is handled. Duration 6442 ms by bot id=8976652462
2026.09.06 17:15:30 core.utilities       INFO     User 8502974425 executed command: /music ferhat izlerin
2026.09.06 17:15:30 core.webprofile      INFO     firefox brauzerindən cookies istifadə edilir.
2026.09.06 17:15:30 core.webprofile      INFO     Seçilmiş User-Agent: Mozilla/5.0 (Linux; Android 14; Pixel 8 Pro) AppleWebKit/537.36 (KHTML, like Gecko) Chrome/122.0.0.0 Mobile Safari/537.36
2026.09.06 17:15:33 aiogram.event        INFO     Update id=875900548 is handled. Duration 2969 ms by bot id=8976652462
2026.09.06 17:15:34 core.webprofile      INFO     firefox brauzerindən cookies istifadə edilir.
2026.09.06 17:15:34 core.webprofile      INFO     Seçilmiş User-Agent: Mozilla/5.0 (Macintosh; Intel Mac OS X 10_15_7) AppleWebKit/537.36 (KHTML, like Gecko) Chrome/122.0.0.0 Safari/537.36
2026.09.06 17:15:43 aiogram.event        INFO     Update id=875900549 is handled. Duration 8476 ms by bot id=8976652462
2026.09.06 18:05:05 aiogram.event        INFO     Update id=875900550 is not handled. Duration 1 ms by bot id=8976652462
2026.09.06 19:35:15 core.webprofile      INFO     firefox brauzerindən cookies istifadə edilir.
2026.09.06 19:35:15 core.webprofile      INFO     Seçilmiş User-Agent: Mozilla/5.0 (Macintosh; Intel Mac OS X 10_15_7) AppleWebKit/537.36 (KHTML, like Gecko) Chrome/122.0.0.0 Safari/537.36
2026.09.06 19:35:18 aiogram.event        INFO     Update id=875900551 is handled. Duration 2920 ms by bot id=8976652462
2026.09.06 19:35:24 core.webprofile      INFO     firefox brauzerindən cookies istifadə edilir.
2026.09.06 19:35:24 core.webprofile      INFO     Seçilmiş User-Agent: Mozilla/5.0 (Windows NT 10.0; Win64; x64) AppleWebKit/537.36 (KHTML, like Gecko) Chrome/122.0.0.0 Safari/537.36
2026.09.06 19:35:33 aiogram.event        INFO     Update id=875900552 is handled. Duration 9535 ms by bot id=8976652462
2026.09.07 01:11:05 aiogram.dispatcher   ERROR    Failed to fetch updates - TelegramServerError: Telegram server says - Bad Gateway
2026.09.07 01:11:05 aiogram.dispatcher   WARNING  Sleep for 1.000000 seconds and try again... (tryings = 0, bot id = 8976652462)
2026.09.07 01:11:06 aiogram.dispatcher   ERROR    Failed to fetch updates - TelegramServerError: Telegram server says - Bad Gateway
2026.09.07 01:11:06 aiogram.dispatcher   WARNING  Sleep for 1.389052 seconds and try again... (tryings = 1, bot id = 8976652462)
2026.09.07 01:11:08 aiogram.dispatcher   ERROR    Failed to fetch updates - TelegramServerError: Telegram server says - Bad Gateway
2026.09.07 01:11:08 aiogram.dispatcher   WARNING  Sleep for 1.867536 seconds and try again... (tryings = 2, bot id = 8976652462)
2026.09.07 01:11:10 aiogram.dispatcher   ERROR    Failed to fetch updates - TelegramServerError: Telegram server says - Bad Gateway
2026.09.07 01:11:10 aiogram.dispatcher   WARNING  Sleep for 2.430202 seconds and try again... (tryings = 3, bot id = 8976652462)
2026.09.07 01:11:12 aiogram.dispatcher   ERROR    Failed to fetch updates - TelegramServerError: Telegram server says - Bad Gateway
2026.09.07 01:11:12 aiogram.dispatcher   WARNING  Sleep for 3.152716 seconds and try again... (tryings = 4, bot id = 8976652462)
2026.09.07 01:11:15 aiogram.dispatcher   ERROR    Failed to fetch updates - TelegramServerError: Telegram server says - Bad Gateway
2026.09.07 01:11:15 aiogram.dispatcher   WARNING  Sleep for 4.073738 seconds and try again... (tryings = 5, bot id = 8976652462)
2026.09.07 01:11:19 aiogram.dispatcher   ERROR    Failed to fetch updates - TelegramServerError: Telegram server says - Bad Gateway
2026.09.07 01:11:19 aiogram.dispatcher   WARNING  Sleep for 5.215180 seconds and try again... (tryings = 6, bot id = 8976652462)
2026.09.07 01:12:35 aiogram.dispatcher   ERROR    Failed to fetch updates - TelegramNetworkError: HTTP Client says - Request timeout error
2026.09.07 01:12:35 aiogram.dispatcher   WARNING  Sleep for 4.948683 seconds and try again... (tryings = 7, bot id = 8976652462)
2026.09.07 01:12:50 aiogram.dispatcher   INFO     Connection established (tryings = 8, bot id = 8976652462)
2026.09.08 01:10:56 aiogram.dispatcher   ERROR    Failed to fetch updates - TelegramRetryAfter: Telegram server says - Flood control exceeded on method 'GetUpdates'. Retry in 5 seconds.
Original description: Too Many Requests: retry after 5
(background on this error at: https://core.telegram.org/bots/faq#my-bot-is-hitting-limits-how-do-i-avoid-this)
2026.09.08 01:10:56 aiogram.dispatcher   WARNING  Sleep for 1.000000 seconds and try again... (tryings = 0, bot id = 8976652462)
2026.09.08 01:10:57 aiogram.dispatcher   ERROR    Failed to fetch updates - TelegramRetryAfter: Telegram server says - Flood control exceeded on method 'GetUpdates'. Retry in 5 seconds.
Original description: Too Many Requests: retry after 5
(background on this error at: https://core.telegram.org/bots/faq#my-bot-is-hitting-limits-how-do-i-avoid-this)
2026.09.08 01:10:57 aiogram.dispatcher   WARNING  Sleep for 1.308531 seconds and try again... (tryings = 1, bot id = 8976652462)
2026.09.08 01:11:04 aiogram.dispatcher   ERROR    Failed to fetch updates - TelegramServerError: Telegram server says - Bad Gateway
2026.09.08 01:11:04 aiogram.dispatcher   WARNING  Sleep for 1.700000 seconds and try again... (tryings = 2, bot id = 8976652462)
2026.09.08 01:11:06 aiogram.dispatcher   ERROR    Failed to fetch updates - TelegramServerError: Telegram server says - Bad Gateway
2026.09.08 01:11:06 aiogram.dispatcher   WARNING  Sleep for 2.356750 seconds and try again... (tryings = 3, bot id = 8976652462)
2026.09.08 01:11:08 aiogram.dispatcher   ERROR    Failed to fetch updates - TelegramServerError: Telegram server says - Bad Gateway
2026.09.08 01:11:08 aiogram.dispatcher   WARNING  Sleep for 2.981907 seconds and try again... (tryings = 4, bot id = 8976652462)
2026.09.08 01:11:11 aiogram.dispatcher   ERROR    Failed to fetch updates - TelegramServerError: Telegram server says - Bad Gateway
2026.09.08 01:11:11 aiogram.dispatcher   WARNING  Sleep for 4.005604 seconds and try again... (tryings = 5, bot id = 8976652462)
2026.09.08 01:11:15 aiogram.dispatcher   ERROR    Failed to fetch updates - TelegramServerError: Telegram server says - Bad Gateway
2026.09.08 01:11:15 aiogram.dispatcher   WARNING  Sleep for 5.074759 seconds and try again... (tryings = 6, bot id = 8976652462)
2026.09.08 01:12:31 aiogram.dispatcher   ERROR    Failed to fetch updates - TelegramNetworkError: HTTP Client says - Request timeout error
2026.09.08 01:12:31 aiogram.dispatcher   WARNING  Sleep for 5.084154 seconds and try again... (tryings = 7, bot id = 8976652462)
2026.09.08 01:12:46 aiogram.dispatcher   INFO     Connection established (tryings = 8, bot id = 8976652462)
2026.09.08 07:18:47 core.utilities       INFO     User 8502974425 executed command: /music yap10 əsmərim
2026.09.08 07:18:47 core.webprofile      INFO     firefox brauzerindən cookies istifadə edilir.
2026.09.08 07:18:47 core.webprofile      INFO     Seçilmiş User-Agent: Mozilla/5.0 (Linux; Android 14; SM-G998B) AppleWebKit/537.36 (KHTML, like Gecko) Chrome/122.0.0.0 Mobile Safari/537.36
2026.09.08 07:18:50 aiogram.event        INFO     Update id=875900553 is handled. Duration 2662 ms by bot id=8976652462
2026.09.08 07:18:53 core.webprofile      INFO     firefox brauzerindən cookies istifadə edilir.
2026.09.08 07:18:53 core.webprofile      INFO     Seçilmiş User-Agent: Mozilla/5.0 (Linux; Android 14; SM-G998B) AppleWebKit/537.36 (KHTML, like Gecko) Chrome/122.0.0.0 Mobile Safari/537.36
2026.09.08 07:18:59 aiogram.event        INFO     Update id=875900554 is handled. Duration 5131 ms by bot id=8976652462
2026.09.08 20:28:51 core.utilities       INFO     User 8502974425 executed command: /music lay low
2026.09.08 20:28:51 core.webprofile      INFO     firefox brauzerindən cookies istifadə edilir.
2026.09.08 20:28:51 core.webprofile      INFO     Seçilmiş User-Agent: Mozilla/5.0 (X11; Ubuntu; Linux x86_64; rv:120.0) Gecko/20100101 Firefox/120.0
2026.09.08 20:28:54 aiogram.event        INFO     Update id=875900555 is handled. Duration 3254 ms by bot id=8976652462
2026.09.08 20:28:57 core.webprofile      INFO     firefox brauzerindən cookies istifadə edilir.
2026.09.08 20:28:57 core.webprofile      INFO     Seçilmiş User-Agent: Mozilla/5.0 (iPhone; CPU iPhone OS 17_2 like Mac OS X) AppleWebKit/605.1.15 (KHTML, like Gecko) Version/17.2 Mobile/15E148 Safari/604.1
2026.09.08 20:29:02 aiogram.event        INFO     Update id=875900556 is handled. Duration 5110 ms by bot id=8976652462
2026.09.08 20:29:29 core.utilities       INFO     User 8502974425 executed command: /music snopdogg
2026.09.08 20:29:29 core.webprofile      INFO     firefox brauzerindən cookies istifadə edilir.
2026.09.08 20:29:29 core.webprofile      INFO     Seçilmiş User-Agent: Mozilla/5.0 (Windows NT 10.0; Win64; x64) AppleWebKit/537.36 (KHTML, like Gecko) Edge/120.0.0.0 Safari/537.36
2026.09.08 20:29:32 aiogram.event        INFO     Update id=875900557 is handled. Duration 2990 ms by bot id=8976652462
2026.09.08 20:29:34 core.webprofile      INFO     firefox brauzerindən cookies istifadə edilir.
2026.09.08 20:29:34 core.webprofile      INFO     Seçilmiş User-Agent: Mozilla/5.0 (X11; Ubuntu; Linux x86_64; rv:120.0) Gecko/20100101 Firefox/120.0
2026.09.08 20:29:43 aiogram.event        INFO     Update id=875900558 is handled. Duration 9058 ms by bot id=8976652462
2026.09.09 01:10:58 aiogram.dispatcher   ERROR    Failed to fetch updates - TelegramRetryAfter: Telegram server says - Flood control exceeded on method 'GetUpdates'. Retry in 5 seconds.
Original description: Too Many Requests: retry after 5
(background on this error at: https://core.telegram.org/bots/faq#my-bot-is-hitting-limits-how-do-i-avoid-this)
2026.09.09 01:10:58 aiogram.dispatcher   WARNING  Sleep for 1.000000 seconds and try again... (tryings = 0, bot id = 8976652462)
2026.09.09 01:11:01 aiogram.dispatcher   ERROR    Failed to fetch updates - TelegramServerError: Telegram server says - Bad Gateway
2026.09.09 01:11:01 aiogram.dispatcher   WARNING  Sleep for 1.316576 seconds and try again... (tryings = 1, bot id = 8976652462)
2026.09.09 01:11:02 aiogram.dispatcher   ERROR    Failed to fetch updates - TelegramServerError: Telegram server says - Bad Gateway
2026.09.09 01:11:02 aiogram.dispatcher   WARNING  Sleep for 1.825671 seconds and try again... (tryings = 2, bot id = 8976652462)
2026.09.09 01:11:04 aiogram.dispatcher   ERROR    Failed to fetch updates - TelegramServerError: Telegram server says - Bad Gateway
2026.09.09 01:11:04 aiogram.dispatcher   WARNING  Sleep for 2.528131 seconds and try again... (tryings = 3, bot id = 8976652462)
2026.09.09 01:11:07 aiogram.dispatcher   ERROR    Failed to fetch updates - TelegramServerError: Telegram server says - Bad Gateway
2026.09.09 01:11:07 aiogram.dispatcher   WARNING  Sleep for 3.473194 seconds and try again... (tryings = 4, bot id = 8976652462)
2026.09.09 01:11:10 aiogram.dispatcher   ERROR    Failed to fetch updates - TelegramServerError: Telegram server says - Bad Gateway
2026.09.09 01:11:10 aiogram.dispatcher   WARNING  Sleep for 4.545447 seconds and try again... (tryings = 5, bot id = 8976652462)
2026.09.09 01:12:02 aiogram.dispatcher   INFO     Connection established (tryings = 6, bot id = 8976652462)
2026.09.09 11:42:20 core.webprofile      INFO     firefox brauzerindən cookies istifadə edilir.
2026.09.09 11:42:20 core.webprofile      INFO     Seçilmiş User-Agent: Mozilla/5.0 (X11; Linux x86_64) AppleWebKit/537.36 (KHTML, like Gecko) Chrome/122.0.0.0 Safari/537.36
2026.09.09 11:42:27 aiogram.event        INFO     Update id=875900559 is handled. Duration 7099 ms by bot id=8976652462
2026.09.09 12:56:15 aiogram.event        INFO     Update id=875900560 is not handled. Duration 1 ms by bot id=8976652462
2026.09.09 12:56:28 aiogram.event        INFO     Update id=875900561 is not handled. Duration 1 ms by bot id=8976652462
2026.09.09 12:59:25 core.webprofile      INFO     firefox brauzerindən cookies istifadə edilir.
2026.09.09 12:59:25 core.webprofile      INFO     Seçilmiş User-Agent: Mozilla/5.0 (iPhone; CPU iPhone OS 17_2 like Mac OS X) AppleWebKit/605.1.15 (KHTML, like Gecko) Version/17.2 Mobile/15E148 Safari/604.1
2026.09.09 12:59:28 aiogram.event        INFO     Update id=875900562 is handled. Duration 3028 ms by bot id=8976652462
2026.09.09 12:59:30 core.webprofile      INFO     firefox brauzerindən cookies istifadə edilir.
2026.09.09 12:59:30 core.webprofile      INFO     Seçilmiş User-Agent: Mozilla/5.0 (Macintosh; Intel Mac OS X 10_15_7) AppleWebKit/537.36 (KHTML, like Gecko) Chrome/122.0.0.0 Safari/537.36
2026.09.09 12:59:40 aiogram.event        INFO     Update id=875900563 is handled. Duration 9787 ms by bot id=8976652462
2026.09.09 13:02:14 core.webprofile      INFO     firefox brauzerindən cookies istifadə edilir.
2026.09.09 13:02:14 core.webprofile      INFO     Seçilmiş User-Agent: Mozilla/5.0 (Linux; Android 14; SM-G998B) AppleWebKit/537.36 (KHTML, like Gecko) Chrome/122.0.0.0 Mobile Safari/537.36
2026.09.09 13:02:21 aiogram.event        INFO     Update id=875900564 is handled. Duration 7101 ms by bot id=8976652462
2026.09.09 13:02:52 core.webprofile      INFO     firefox brauzerindən cookies istifadə edilir.
2026.09.09 13:02:52 core.webprofile      INFO     Seçilmiş User-Agent: Mozilla/5.0 (Windows NT 10.0; Win64; x64) AppleWebKit/537.36 (KHTML, like Gecko) Chrome/122.0.0.0 Safari/537.36
2026.09.09 13:02:55 aiogram.event        INFO     Update id=875900565 is handled. Duration 2843 ms by bot id=8976652462
2026.09.09 13:02:56 core.webprofile      INFO     firefox brauzerindən cookies istifadə edilir.
2026.09.09 13:02:56 core.webprofile      INFO     Seçilmiş User-Agent: Mozilla/5.0 (Windows NT 10.0; Win64; x64; rv:120.0) Gecko/20100101 Firefox/120.0
2026.09.09 13:03:14 aiogram.event        INFO     Update id=875900566 is handled. Duration 17224 ms by bot id=8976652462
2026.09.09 13:04:57 core.webprofile      INFO     firefox brauzerindən cookies istifadə edilir.
2026.09.09 13:04:57 core.webprofile      INFO     Seçilmiş User-Agent: Mozilla/5.0 (iPhone; CPU iPhone OS 17_2 like Mac OS X) AppleWebKit/605.1.15 (KHTML, like Gecko) Version/17.2 Mobile/15E148 Safari/604.1
2026.09.09 13:04:59 aiogram.event        INFO     Update id=875900567 is handled. Duration 2098 ms by bot id=8976652462
2026.09.09 13:05:01 core.webprofile      INFO     firefox brauzerindən cookies istifadə edilir.
2026.09.09 13:05:01 core.webprofile      INFO     Seçilmiş User-Agent: Mozilla/5.0 (iPad; CPU OS 17_2 like Mac OS X) AppleWebKit/605.1.15 (KHTML, like Gecko) Version/17.2 Mobile/15E148 Safari/604.1
2026.09.09 13:05:07 aiogram.event        INFO     Update id=875900568 is handled. Duration 6127 ms by bot id=8976652462
2026.09.09 13:16:45 core.webprofile      INFO     firefox brauzerindən cookies istifadə edilir.
2026.09.09 13:16:45 core.webprofile      INFO     Seçilmiş User-Agent: Mozilla/5.0 (Windows NT 10.0; Win64; x64) AppleWebKit/537.36 (KHTML, like Gecko) Edge/120.0.0.0 Safari/537.36
2026.09.09 13:16:48 aiogram.event        INFO     Update id=875900569 is handled. Duration 3053 ms by bot id=8976652462
2026.09.09 13:16:57 core.webprofile      INFO     firefox brauzerindən cookies istifadə edilir.
2026.09.09 13:16:57 core.webprofile      INFO     Seçilmiş User-Agent: Mozilla/5.0 (Macintosh; Intel Mac OS X 10_15_7) AppleWebKit/537.36 (KHTML, like Gecko) Chrome/122.0.0.0 Safari/537.36
2026.09.09 13:17:06 aiogram.event        INFO     Update id=875900570 is handled. Duration 9000 ms by bot id=8976652462
2026.09.09 13:19:48 core.webprofile      INFO     firefox brauzerindən cookies istifadə edilir.
2026.09.09 13:19:48 core.webprofile      INFO     Seçilmiş User-Agent: Mozilla/5.0 (Windows NT 10.0; Win64; x64) AppleWebKit/537.36 (KHTML, like Gecko) Edge/120.0.0.0 Safari/537.36
2026.09.09 13:19:51 aiogram.event        INFO     Update id=875900571 is handled. Duration 3101 ms by bot id=8976652462
2026.09.09 13:20:53 core.webprofile      INFO     firefox brauzerindən cookies istifadə edilir.
2026.09.09 13:20:53 core.webprofile      INFO     Seçilmiş User-Agent: Mozilla/5.0 (Linux; Android 14; Pixel 8 Pro) AppleWebKit/537.36 (KHTML, like Gecko) Chrome/122.0.0.0 Mobile Safari/537.36
2026.09.09 13:20:53 aiogram.event        INFO     Update id=875900573 is handled. Duration 138 ms by bot id=8976652462
2026.09.09 13:20:58 aiogram.event        INFO     Update id=875900572 is handled. Duration 5733 ms by bot id=8976652462
2026.09.09 13:21:45 core.webprofile      INFO     firefox brauzerindən cookies istifadə edilir.
2026.09.09 13:21:45 core.webprofile      INFO     Seçilmiş User-Agent: Mozilla/5.0 (Macintosh; Intel Mac OS X 10_15_7) AppleWebKit/537.36 (KHTML, like Gecko) Chrome/122.0.0.0 Safari/537.36
2026.09.09 13:21:52 aiogram.event        INFO     Update id=875900574 is handled. Duration 6848 ms by bot id=8976652462
2026.09.09 13:26:28 core.webprofile      INFO     firefox brauzerindən cookies istifadə edilir.
2026.09.09 13:26:28 core.webprofile      INFO     Seçilmiş User-Agent: Mozilla/5.0 (X11; Ubuntu; Linux x86_64; rv:120.0) Gecko/20100101 Firefox/120.0
2026.09.09 13:26:32 aiogram.event        INFO     Update id=875900575 is handled. Duration 3478 ms by bot id=8976652462
2026.09.09 13:26:35 core.webprofile      INFO     firefox brauzerindən cookies istifadə edilir.
2026.09.09 13:26:35 core.webprofile      INFO     Seçilmiş User-Agent: Mozilla/5.0 (iPhone; CPU iPhone OS 17_2 like Mac OS X) AppleWebKit/605.1.15 (KHTML, like Gecko) Version/17.2 Mobile/15E148 Safari/604.1
2026.09.09 13:26:45 aiogram.event        INFO     Update id=875900576 is handled. Duration 9804 ms by bot id=8976652462
2026.09.09 13:32:08 core.webprofile      INFO     firefox brauzerindən cookies istifadə edilir.
2026.09.09 13:32:08 core.webprofile      INFO     Seçilmiş User-Agent: Mozilla/5.0 (Windows NT 10.0; Win64; x64; rv:120.0) Gecko/20100101 Firefox/120.0
2026.09.09 13:32:12 aiogram.event        INFO     Update id=875900577 is handled. Duration 3335 ms by bot id=8976652462
2026.09.09 13:32:15 core.webprofile      INFO     firefox brauzerindən cookies istifadə edilir.
2026.09.09 13:32:15 core.webprofile      INFO     Seçilmiş User-Agent: Mozilla/5.0 (Linux; Android 14; Pixel 8 Pro) AppleWebKit/537.36 (KHTML, like Gecko) Chrome/122.0.0.0 Mobile Safari/537.36
2026.09.09 13:32:25 aiogram.event        INFO     Update id=875900578 is handled. Duration 9452 ms by bot id=8976652462
2026.09.09 13:34:05 core.webprofile      INFO     firefox brauzerindən cookies istifadə edilir.
2026.09.09 13:34:05 core.webprofile      INFO     Seçilmiş User-Agent: Mozilla/5.0 (X11; Linux x86_64) AppleWebKit/537.36 (KHTML, like Gecko) Chrome/122.0.0.0 Safari/537.36
2026.09.09 13:34:08 aiogram.event        INFO     Update id=875900579 is handled. Duration 3439 ms by bot id=8976652462
2026.09.09 13:34:18 core.webprofile      INFO     firefox brauzerindən cookies istifadə edilir.
2026.09.09 13:34:18 core.webprofile      INFO     Seçilmiş User-Agent: Mozilla/5.0 (Windows NT 10.0; Win64; x64) AppleWebKit/537.36 (KHTML, like Gecko) Edge/120.0.0.0 Safari/537.36
2026.09.09 13:34:28 aiogram.event        INFO     Update id=875900580 is handled. Duration 10637 ms by bot id=8976652462
2026.09.09 13:35:08 core.webprofile      INFO     firefox brauzerindən cookies istifadə edilir.
2026.09.09 13:35:08 core.webprofile      INFO     Seçilmiş User-Agent: Mozilla/5.0 (Macintosh; Intel Mac OS X 10_15_7) AppleWebKit/537.36 (KHTML, like Gecko) Chrome/122.0.0.0 Safari/537.36
2026.09.09 13:35:11 aiogram.event        INFO     Update id=875900581 is handled. Duration 3104 ms by bot id=8976652462
2026.09.09 13:35:19 core.webprofile      INFO     firefox brauzerindən cookies istifadə edilir.
2026.09.09 13:35:19 core.webprofile      INFO     Seçilmiş User-Agent: Mozilla/5.0 (Windows NT 10.0; Win64; x64; rv:120.0) Gecko/20100101 Firefox/120.0
2026.09.09 13:35:29 aiogram.event        INFO     Update id=875900582 is handled. Duration 9302 ms by bot id=8976652462
2026.09.09 13:37:01 core.webprofile      INFO     firefox brauzerindən cookies istifadə edilir.
2026.09.09 13:37:01 core.webprofile      INFO     Seçilmiş User-Agent: Mozilla/5.0 (Windows NT 10.0; Win64; x64) AppleWebKit/537.36 (KHTML, like Gecko) Edge/120.0.0.0 Safari/537.36
2026.09.09 13:37:04 aiogram.event        INFO     Update id=875900583 is handled. Duration 3204 ms by bot id=8976652462
2026.09.09 13:37:20 core.webprofile      INFO     firefox brauzerindən cookies istifadə edilir.
2026.09.09 13:37:20 core.webprofile      INFO     Seçilmiş User-Agent: Mozilla/5.0 (X11; Ubuntu; Linux x86_64; rv:120.0) Gecko/20100101 Firefox/120.0
2026.09.09 13:37:29 aiogram.event        INFO     Update id=875900584 is handled. Duration 8990 ms by bot id=8976652462
2026.09.09 18:21:05 core.webprofile      INFO     firefox brauzerindən cookies istifadə edilir.
2026.09.09 18:21:05 core.webprofile      INFO     Seçilmiş User-Agent: Mozilla/5.0 (iPhone; CPU iPhone OS 17_2 like Mac OS X) AppleWebKit/605.1.15 (KHTML, like Gecko) Version/17.2 Mobile/15E148 Safari/604.1
2026.09.09 18:21:07 aiogram.event        INFO     Update id=875900585 is handled. Duration 3010 ms by bot id=8976652462
2026.09.09 18:21:09 core.webprofile      INFO     firefox brauzerindən cookies istifadə edilir.
2026.09.09 18:21:09 core.webprofile      INFO     Seçilmiş User-Agent: Mozilla/5.0 (Linux; Android 14; SM-G998B) AppleWebKit/537.36 (KHTML, like Gecko) Chrome/122.0.0.0 Mobile Safari/537.36
2026.09.09 18:21:15 aiogram.event        INFO     Update id=875900586 is handled. Duration 5308 ms by bot id=8976652462
2026.09.09 18:22:29 core.webprofile      INFO     firefox brauzerindən cookies istifadə edilir.
2026.09.09 18:22:29 core.webprofile      INFO     Seçilmiş User-Agent: Mozilla/5.0 (Macintosh; Intel Mac OS X 10_15_7) AppleWebKit/537.36 (KHTML, like Gecko) Chrome/122.0.0.0 Safari/537.36
2026.09.09 18:22:31 aiogram.event        INFO     Update id=875900587 is handled. Duration 2471 ms by bot id=8976652462
2026.09.09 18:22:32 core.webprofile      INFO     firefox brauzerindən cookies istifadə edilir.
2026.09.09 18:22:32 core.webprofile      INFO     Seçilmiş User-Agent: Mozilla/5.0 (iPhone; CPU iPhone OS 17_2 like Mac OS X) AppleWebKit/605.1.15 (KHTML, like Gecko) Version/17.2 Mobile/15E148 Safari/604.1
2026.09.09 18:22:41 aiogram.event        INFO     Update id=875900588 is handled. Duration 9244 ms by bot id=8976652462
2026.09.09 18:24:47 core.webprofile      INFO     firefox brauzerindən cookies istifadə edilir.
2026.09.09 18:24:47 core.webprofile      INFO     Seçilmiş User-Agent: Mozilla/5.0 (Windows NT 10.0; Win64; x64) AppleWebKit/537.36 (KHTML, like Gecko) Chrome/122.0.0.0 Safari/537.36
2026.09.09 18:24:49 aiogram.event        INFO     Update id=875900589 is handled. Duration 2558 ms by bot id=8976652462
2026.09.09 18:24:53 core.webprofile      INFO     firefox brauzerindən cookies istifadə edilir.
2026.09.09 18:24:53 core.webprofile      INFO     Seçilmiş User-Agent: Mozilla/5.0 (Windows NT 10.0; Win64; x64) AppleWebKit/537.36 (KHTML, like Gecko) Edge/120.0.0.0 Safari/537.36
2026.09.09 18:25:04 aiogram.event        INFO     Update id=875900590 is handled. Duration 11120 ms by bot id=8976652462
2026.09.09 19:01:52 core.webprofile      INFO     firefox brauzerindən cookies istifadə edilir.
2026.09.09 19:01:52 core.webprofile      INFO     Seçilmiş User-Agent: Mozilla/5.0 (X11; Ubuntu; Linux x86_64; rv:120.0) Gecko/20100101 Firefox/120.0
2026.09.09 19:01:54 aiogram.event        INFO     Update id=875900591 is handled. Duration 2425 ms by bot id=8976652462
2026.09.09 19:01:56 core.webprofile      INFO     firefox brauzerindən cookies istifadə edilir.
2026.09.09 19:01:56 core.webprofile      INFO     Seçilmiş User-Agent: Mozilla/5.0 (iPad; CPU OS 17_2 like Mac OS X) AppleWebKit/605.1.15 (KHTML, like Gecko) Version/17.2 Mobile/15E148 Safari/604.1
2026.09.09 19:01:57 core.webprofile      INFO     firefox brauzerindən cookies istifadə edilir.
2026.09.09 19:01:57 core.webprofile      INFO     Seçilmiş User-Agent: Mozilla/5.0 (Linux; Android 14; SM-G998B) AppleWebKit/537.36 (KHTML, like Gecko) Chrome/122.0.0.0 Mobile Safari/537.36
2026.09.09 19:02:00 aiogram.event        INFO     Update id=875900593 is handled. Duration 2409 ms by bot id=8976652462
2026.09.09 19:02:03 core.webprofile      INFO     firefox brauzerindən cookies istifadə edilir.
2026.09.09 19:02:03 core.webprofile      INFO     Seçilmiş User-Agent: Mozilla/5.0 (Windows NT 10.0; Win64; x64) AppleWebKit/537.36 (KHTML, like Gecko) Chrome/122.0.0.0 Safari/537.36
2026.09.09 19:02:04 aiogram.event        INFO     Update id=875900592 is handled. Duration 8443 ms by bot id=8976652462
2026.09.09 19:02:11 aiogram.event        INFO     Update id=875900594 is handled. Duration 8597 ms by bot id=8976652462
2026.09.09 19:04:49 core.webprofile      INFO     firefox brauzerindən cookies istifadə edilir.
2026.09.09 19:04:49 core.webprofile      INFO     Seçilmiş User-Agent: Mozilla/5.0 (Windows NT 10.0; Win64; x64; rv:120.0) Gecko/20100101 Firefox/120.0
2026.09.09 19:04:51 aiogram.event        INFO     Update id=875900595 is handled. Duration 2384 ms by bot id=8976652462
2026.09.09 19:04:54 core.webprofile      INFO     firefox brauzerindən cookies istifadə edilir.
2026.09.09 19:04:54 core.webprofile      INFO     Seçilmiş User-Agent: Mozilla/5.0 (Macintosh; Intel Mac OS X 10_15_7) AppleWebKit/537.36 (KHTML, like Gecko) Chrome/122.0.0.0 Safari/537.36
2026.09.09 19:05:02 aiogram.event        INFO     Update id=875900596 is handled. Duration 7802 ms by bot id=8976652462
2026.09.09 19:09:30 core.webprofile      INFO     firefox brauzerindən cookies istifadə edilir.
2026.09.09 19:09:30 core.webprofile      INFO     Seçilmiş User-Agent: Mozilla/5.0 (Linux; Android 14; Pixel 8 Pro) AppleWebKit/537.36 (KHTML, like Gecko) Chrome/122.0.0.0 Mobile Safari/537.36
2026.09.09 19:09:32 aiogram.event        INFO     Update id=875900597 is handled. Duration 2247 ms by bot id=8976652462
2026.09.09 19:09:33 core.webprofile      INFO     firefox brauzerindən cookies istifadə edilir.
2026.09.09 19:09:33 core.webprofile      INFO     Seçilmiş User-Agent: Mozilla/5.0 (X11; Ubuntu; Linux x86_64; rv:120.0) Gecko/20100101 Firefox/120.0
2026.09.09 19:09:42 aiogram.event        INFO     Update id=875900598 is handled. Duration 8861 ms by bot id=8976652462
2026.09.09 19:10:12 core.webprofile      INFO     firefox brauzerindən cookies istifadə edilir.
2026.09.09 19:10:12 core.webprofile      INFO     Seçilmiş User-Agent: Mozilla/5.0 (Linux; Android 14; SM-G998B) AppleWebKit/537.36 (KHTML, like Gecko) Chrome/122.0.0.0 Mobile Safari/537.36
2026.09.09 19:10:19 aiogram.event        INFO     Update id=875900599 is handled. Duration 6891 ms by bot id=8976652462
2026.09.09 19:15:01 core.webprofile      INFO     firefox brauzerindən cookies istifadə edilir.
2026.09.09 19:15:01 core.webprofile      INFO     Seçilmiş User-Agent: Mozilla/5.0 (iPhone; CPU iPhone OS 17_2 like Mac OS X) AppleWebKit/605.1.15 (KHTML, like Gecko) Version/17.2 Mobile/15E148 Safari/604.1
2026.09.09 19:15:03 aiogram.event        INFO     Update id=875900600 is handled. Duration 2554 ms by bot id=8976652462
2026.09.09 19:15:05 core.webprofile      INFO     firefox brauzerindən cookies istifadə edilir.
2026.09.09 19:15:05 core.webprofile      INFO     Seçilmiş User-Agent: Mozilla/5.0 (iPhone; CPU iPhone OS 17_2 like Mac OS X) AppleWebKit/605.1.15 (KHTML, like Gecko) Version/17.2 Mobile/15E148 Safari/604.1
2026.09.09 19:15:10 aiogram.event        INFO     Update id=875900601 is handled. Duration 5481 ms by bot id=8976652462
2026.09.09 19:24:29 core.webprofile      INFO     firefox brauzerindən cookies istifadə edilir.
2026.09.09 19:24:29 core.webprofile      INFO     Seçilmiş User-Agent: Mozilla/5.0 (X11; Ubuntu; Linux x86_64; rv:120.0) Gecko/20100101 Firefox/120.0
2026.09.09 19:24:36 aiogram.event        INFO     Update id=875900602 is handled. Duration 7037 ms by bot id=8976652462
2026.09.09 19:29:09 aiogram.dispatcher   ERROR    Failed to fetch updates - TelegramNetworkError: HTTP Client says - ClientOSError: [Errno 104] Connection reset by peer
2026.09.09 19:29:09 aiogram.dispatcher   WARNING  Sleep for 1.000000 seconds and try again... (tryings = 0, bot id = 8976652462)
2026.09.09 19:29:20 aiogram.dispatcher   INFO     Connection established (tryings = 1, bot id = 8976652462)
2026.09.09 19:48:15 core.webprofile      INFO     firefox brauzerindən cookies istifadə edilir.
2026.09.09 19:48:15 core.webprofile      INFO     Seçilmiş User-Agent: Mozilla/5.0 (X11; Linux x86_64) AppleWebKit/537.36 (KHTML, like Gecko) Chrome/122.0.0.0 Safari/537.36
2026.09.09 19:48:22 aiogram.event        INFO     Update id=875900603 is handled. Duration 7112 ms by bot id=8976652462
2026.09.09 19:56:36 core.webprofile      INFO     firefox brauzerindən cookies istifadə edilir.
2026.09.09 19:56:36 core.webprofile      INFO     Seçilmiş User-Agent: Mozilla/5.0 (X11; Ubuntu; Linux x86_64; rv:120.0) Gecko/20100101 Firefox/120.0
2026.09.09 19:56:39 aiogram.event        INFO     Update id=875900604 is handled. Duration 2646 ms by bot id=8976652462
2026.09.09 19:56:41 core.webprofile      INFO     firefox brauzerindən cookies istifadə edilir.
2026.09.09 19:56:41 core.webprofile      INFO     Seçilmiş User-Agent: Mozilla/5.0 (Macintosh; Intel Mac OS X 10_15_7) AppleWebKit/537.36 (KHTML, like Gecko) Chrome/122.0.0.0 Safari/537.36
2026.09.09 19:56:46 aiogram.event        INFO     Update id=875900605 is handled. Duration 4966 ms by bot id=8976652462
2026.09.10 00:28:12 core.utilities       INFO     User 8502974425 executed command: /music içerde dustag gör ne qederdir
2026.09.10 00:28:12 core.webprofile      INFO     firefox brauzerindən cookies istifadə edilir.
2026.09.10 00:28:12 core.webprofile      INFO     Seçilmiş User-Agent: Mozilla/5.0 (Linux; Android 14; SM-G998B) AppleWebKit/537.36 (KHTML, like Gecko) Chrome/122.0.0.0 Mobile Safari/537.36
2026.09.10 00:28:14 aiogram.event        INFO     Update id=875900606 is handled. Duration 2036 ms by bot id=8976652462
2026.09.10 00:28:21 core.webprofile      INFO     firefox brauzerindən cookies istifadə edilir.
2026.09.10 00:28:21 core.webprofile      INFO     Seçilmiş User-Agent: Mozilla/5.0 (X11; Linux x86_64) AppleWebKit/537.36 (KHTML, like Gecko) Chrome/122.0.0.0 Safari/537.36
2026.09.10 00:28:28 aiogram.event        INFO     Update id=875900607 is handled. Duration 7429 ms by bot id=8976652462
2026.09.10 00:28:30 core.utilities       INFO     User 8502974425 executed command: /music balabey dustaq
2026.09.10 00:28:30 core.webprofile      INFO     firefox brauzerindən cookies istifadə edilir.
2026.09.10 00:28:30 core.webprofile      INFO     Seçilmiş User-Agent: Mozilla/5.0 (Macintosh; Intel Mac OS X 10_15_7) AppleWebKit/537.36 (KHTML, like Gecko) Chrome/122.0.0.0 Safari/537.36
2026.09.10 00:28:33 aiogram.event        INFO     Update id=875900608 is handled. Duration 2691 ms by bot id=8976652462
2026.09.10 00:28:40 core.webprofile      INFO     firefox brauzerindən cookies istifadə edilir.
2026.09.10 00:28:40 core.webprofile      INFO     Seçilmiş User-Agent: Mozilla/5.0 (iPhone; CPU iPhone OS 17_2 like Mac OS X) AppleWebKit/605.1.15 (KHTML, like Gecko) Version/17.2 Mobile/15E148 Safari/604.1
2026.09.10 00:28:48 aiogram.event        INFO     Update id=875900609 is handled. Duration 8776 ms by bot id=8976652462
2026.09.10 00:29:12 core.utilities       INFO     User 8502974425 executed command: /music içerde dustag gör nə qədərdir
2026.09.10 00:29:12 core.webprofile      INFO     firefox brauzerindən cookies istifadə edilir.
2026.09.10 00:29:12 core.webprofile      INFO     Seçilmiş User-Agent: Mozilla/5.0 (Windows NT 10.0; Win64; x64) AppleWebKit/537.36 (KHTML, like Gecko) Edge/120.0.0.0 Safari/537.36
2026.09.10 00:29:14 aiogram.event        INFO     Update id=875900610 is handled. Duration 2126 ms by bot id=8976652462
2026.09.10 00:29:20 aiogram.event        INFO     Update id=875900611 is handled. Duration 53 ms by bot id=8976652462
2026.09.10 00:29:23 aiogram.event        INFO     Update id=875900612 is handled. Duration 54 ms by bot id=8976652462
2026.09.10 00:29:28 aiogram.event        INFO     Update id=875900613 is handled. Duration 50 ms by bot id=8976652462
2026.09.10 00:29:29 aiogram.event        INFO     Update id=875900614 is handled. Duration 61 ms by bot id=8976652462
2026.09.10 00:29:31 core.webprofile      INFO     firefox brauzerindən cookies istifadə edilir.
2026.09.10 00:29:31 core.webprofile      INFO     Seçilmiş User-Agent: Mozilla/5.0 (X11; Ubuntu; Linux x86_64; rv:120.0) Gecko/20100101 Firefox/120.0
2026.09.10 00:29:40 aiogram.event        INFO     Update id=875900615 is handled. Duration 8808 ms by bot id=8976652462
2026.09.10 01:11:02 aiogram.dispatcher   ERROR    Failed to fetch updates - TelegramServerError: Telegram server says - Bad Gateway
2026.09.10 01:11:02 aiogram.dispatcher   WARNING  Sleep for 1.000000 seconds and try again... (tryings = 0, bot id = 8976652462)
2026.09.10 01:11:03 aiogram.dispatcher   ERROR    Failed to fetch updates - TelegramServerError: Telegram server says - Bad Gateway
2026.09.10 01:11:03 aiogram.dispatcher   WARNING  Sleep for 1.389966 seconds and try again... (tryings = 1, bot id = 8976652462)
2026.09.10 01:11:04 aiogram.dispatcher   ERROR    Failed to fetch updates - TelegramServerError: Telegram server says - Bad Gateway
2026.09.10 01:11:04 aiogram.dispatcher   WARNING  Sleep for 1.881345 seconds and try again... (tryings = 2, bot id = 8976652462)
2026.09.10 01:11:06 aiogram.dispatcher   ERROR    Failed to fetch updates - TelegramServerError: Telegram server says - Bad Gateway
2026.09.10 01:11:06 aiogram.dispatcher   WARNING  Sleep for 2.307413 seconds and try again... (tryings = 3, bot id = 8976652462)
2026.09.10 01:11:09 aiogram.dispatcher   ERROR    Failed to fetch updates - TelegramServerError: Telegram server says - Bad Gateway
2026.09.10 01:11:09 aiogram.dispatcher   WARNING  Sleep for 3.125821 seconds and try again... (tryings = 4, bot id = 8976652462)
2026.09.10 01:11:12 aiogram.dispatcher   ERROR    Failed to fetch updates - TelegramServerError: Telegram server says - Bad Gateway
2026.09.10 01:11:12 aiogram.dispatcher   WARNING  Sleep for 4.153412 seconds and try again... (tryings = 5, bot id = 8976652462)
2026.09.10 01:11:50 aiogram.dispatcher   INFO     Connection established (tryings = 6, bot id = 8976652462)
2026.09.10 01:37:05 aiogram.dispatcher   WARNING  Received SIGINT signal
2026.09.10 01:37:05 aiogram.dispatcher   INFO     Polling stopped for bot @dllmasterbot id=8976652462 - 'DLLMaster'
2026.09.10 01:37:05 aiogram.dispatcher   INFO     Polling stopped
2026.09.10 01:37:06 __main__             INFO     🛑 Polling stopped
2026.09.10 01:37:06 __main__             INFO     🔴 Bot stopped
