2025.04.23 06:31:35 dotenv.main          WARNING  python-dotenv could not parse statement starting at line 5
2025.04.23 06:31:35 __main__             INFO     🤖 Starting bot...
2025.04.23 06:31:35 __main__             INFO     🚀 Starting bot initialization...
2025.04.23 06:31:35 __main__             INFO     ✅ Database initialized successfully
2025.04.23 06:31:35 core.spotify_handler INFO     Spotify API connection established.
2025.04.23 06:31:35 __main__             INFO     ✅ Spotify service initialized
2025.04.23 06:31:35 core.webprofile      INFO     Seçilmiş User-Agent: Mozilla/5.0 (Windows NT 10.0; Win64; x64) AppleWebKit/537.36 (KHTML, like Gecko) Chrome/122.0.0.0 Safari/537.36
2025.04.23 06:31:35 core.youtube_handler INFO     firefox brauzerindən cookies istifadə edilir.
2025.04.23 06:31:35 __main__             INFO     ✅ YouTube services initialized (firefox)
2025.04.23 06:31:35 __main__             INFO     🔌 Loading plugins...
2025.04.23 06:31:35 __main__             INFO     🔍 Scanning plugins in: plugins
2025.04.23 06:31:35 __main__             INFO     🔄 Loading: plugins.spotify_plugin
2025.04.23 06:31:35 __main__             INFO     ✅ Loaded (sync): plugins.spotify_plugin
2025.04.23 06:31:35 __main__             INFO     🔄 Loading: plugins.menu_plugin
2025.04.23 06:31:35 __main__             INFO     ✅ Loaded (sync): plugins.menu_plugin
2025.04.23 06:31:35 __main__             INFO     🔄 Loading: plugins.sudo_plugin
2025.04.23 06:31:35 __main__             INFO     ✅ Loaded (sync): plugins.sudo_plugin
2025.04.23 06:31:35 __main__             INFO     🔄 Loading: plugins.youtube_plugin
2025.04.23 06:31:35 __main__             INFO     ✅ Loaded (sync): plugins.youtube_plugin
2025.04.23 06:31:35 __main__             INFO     🔄 Loading: plugins.neofetch_plugin
2025.04.23 06:31:35 __main__             INFO     ✅ Loaded (sync): plugins.neofetch_plugin
2025.04.23 06:31:35 __main__             INFO     🔄 Loading: plugins.id_command
2025.04.23 06:31:35 plugins.id_command   INFO     ✅ info_command plugin successfully loaded
2025.04.23 06:31:35 __main__             INFO     ✅ Loaded (async): plugins.id_command
2025.04.23 06:31:35 __main__             INFO     🔄 Loading: plugins.report_plugin
2025.04.23 06:31:35 __main__             INFO     ✅ Loaded (async): plugins.report_plugin
2025.04.23 06:31:35 __main__             INFO     🔄 Loading: plugins.del_plugin
2025.04.23 06:31:35 __main__             INFO     ✅ Loaded (sync): plugins.del_plugin
2025.04.23 06:31:35 __main__             INFO     🔄 Loading: plugins.mutagen
2025.04.23 06:31:35 __main__             ERROR    ❌ Failed to load plugins.mutagen: 'AppContext' object has no attribute 'app_context'
Traceback (most recent call last):
  File "/home/admin/DLMaster/app.py", line 171, in load_plugins
    await module.setup(context)
  File "/home/admin/DLMaster/plugins/mutagen.py", line 17, in setup
    if not hasattr(context.app_context, 'mutagen_states'):
                   ^^^^^^^^^^^^^^^^^^^
AttributeError: 'AppContext' object has no attribute 'app_context'
2025.04.23 06:31:35 __main__             INFO     🔄 Loading: plugins.music_plugin
2025.04.23 06:31:35 __main__             INFO     ✅ Loaded (sync): plugins.music_plugin
2025.04.23 06:31:35 __main__             INFO     🔄 Loading: plugins.start_plugin
2025.04.23 06:31:35 __main__             INFO     ✅ Loaded (async): plugins.start_plugin
2025.04.23 06:31:35 __main__             INFO     🔄 Loading: plugins.stats_plugin
2025.04.23 06:31:35 __main__             INFO     ✅ Loaded (sync): plugins.stats_plugin
2025.04.23 06:31:35 __main__             INFO     🔄 Loading: plugins.dir_plugin
2025.04.23 06:31:35 __main__             INFO     ✅ Loaded (sync): plugins.dir_plugin
2025.04.23 06:31:35 __main__             INFO     🔄 Loading: plugins.broadcast_plugin
2025.04.23 06:31:35 __main__             INFO     ✅ Loaded (sync): plugins.broadcast_plugin
2025.04.23 06:31:35 __main__             INFO     🔄 Loading: plugins.speedtest_plugin
2025.04.23 06:31:35 __main__             INFO     ✅ Loaded (sync): plugins.speedtest_plugin
2025.04.23 06:31:35 __main__             INFO     🔄 Loading: plugins.bot_logs
2025.04.23 06:31:35 __main__             INFO     ✅ Loaded (async): plugins.bot_logs
2025.04.23 06:31:35 __main__             INFO     🚀 Starting polling...
2025.04.23 06:31:35 aiogram.dispatcher   INFO     Start polling
2025.04.23 06:31:35 aiogram.dispatcher   INFO     Run polling for bot @dllmasterbot id=8095621527 - 'DLLMaster 🍊'
2025.04.23 06:33:09 aiogram.event        INFO     Update id=511760799 is handled. Duration 1 ms by bot id=8095621527
2025.04.23 06:33:44 aiogram.event        INFO     Update id=511760800 is handled. Duration 1 ms by bot id=8095621527
2025.04.23 06:34:17 aiogram.event        INFO     Update id=511760801 is handled. Duration 1 ms by bot id=8095621527
2025.04.23 06:38:29 aiogram.event        INFO     Update id=511760802 is handled. Duration 1 ms by bot id=8095621527
2025.04.23 06:38:49 aiogram.event        INFO     Update id=511760803 is handled. Duration 1 ms by bot id=8095621527
2025.04.23 06:46:31 aiogram.dispatcher   WARNING  Received SIGINT signal
2025.04.23 06:46:31 aiogram.dispatcher   INFO     Polling stopped for bot @dllmasterbot id=8095621527 - 'DLLMaster 🍊'
2025.04.23 06:46:31 aiogram.dispatcher   INFO     Polling stopped
2025.04.23 06:46:31 __main__             INFO     🛑 Polling stopped
2025.04.23 06:46:31 __main__             INFO     🔴 Bot stopped
2025.04.23 06:46:36 dotenv.main          WARNING  python-dotenv could not parse statement starting at line 5
2025.04.23 06:46:36 __main__             INFO     🤖 Starting bot...
2025.04.23 06:46:36 __main__             INFO     🚀 Starting bot initialization...
2025.04.23 06:46:36 __main__             INFO     ✅ Database initialized successfully
2025.04.23 06:46:36 core.spotify_handler INFO     Spotify API connection established.
2025.04.23 06:46:36 __main__             INFO     ✅ Spotify service initialized
2025.04.23 06:46:36 core.webprofile      INFO     Seçilmiş User-Agent: Mozilla/5.0 (Linux; Android 14; Pixel 8 Pro) AppleWebKit/537.36 (KHTML, like Gecko) Chrome/122.0.0.0 Mobile Safari/537.36
2025.04.23 06:46:36 core.youtube_handler INFO     firefox brauzerindən cookies istifadə edilir.
2025.04.23 06:46:36 __main__             INFO     ✅ YouTube services initialized (firefox)
2025.04.23 06:46:36 __main__             INFO     🔌 Loading plugins...
2025.04.23 06:46:36 __main__             INFO     🔍 Scanning plugins in: plugins
2025.04.23 06:46:36 __main__             INFO     🔄 Loading: plugins.spotify_plugin
2025.04.23 06:46:36 __main__             INFO     ✅ Loaded (sync): plugins.spotify_plugin
2025.04.23 06:46:36 __main__             INFO     🔄 Loading: plugins.menu_plugin
2025.04.23 06:46:36 __main__             INFO     ✅ Loaded (sync): plugins.menu_plugin
2025.04.23 06:46:36 __main__             INFO     🔄 Loading: plugins.sudo_plugin
2025.04.23 06:46:36 __main__             INFO     ✅ Loaded (sync): plugins.sudo_plugin
2025.04.23 06:46:36 __main__             INFO     🔄 Loading: plugins.youtube_plugin
2025.04.23 06:46:36 __main__             INFO     ✅ Loaded (sync): plugins.youtube_plugin
2025.04.23 06:46:36 __main__             INFO     🔄 Loading: plugins.neofetch_plugin
2025.04.23 06:46:36 __main__             INFO     ✅ Loaded (sync): plugins.neofetch_plugin
2025.04.23 06:46:36 __main__             INFO     🔄 Loading: plugins.id_command
2025.04.23 06:46:36 plugins.id_command   INFO     ✅ info_command plugin successfully loaded
2025.04.23 06:46:36 __main__             INFO     ✅ Loaded (async): plugins.id_command
2025.04.23 06:46:36 __main__             INFO     🔄 Loading: plugins.report_plugin
2025.04.23 06:46:36 __main__             INFO     ✅ Loaded (async): plugins.report_plugin
2025.04.23 06:46:36 __main__             INFO     🔄 Loading: plugins.del_plugin
2025.04.23 06:46:36 __main__             INFO     ✅ Loaded (sync): plugins.del_plugin
2025.04.23 06:46:36 __main__             INFO     🔄 Loading: plugins.mutagen
2025.04.23 06:46:36 __main__             ERROR    ❌ Failed to load plugins.mutagen: 'Dispatcher' object has no attribute 'register_message_handler'
Traceback (most recent call last):
  File "/home/admin/DLMaster/app.py", line 171, in load_plugins
    await module.setup(context)
  File "/home/admin/DLMaster/plugins/mutagen.py", line 20, in setup
    dp.register_message_handler(mutagen_command, commands=["mutagen"])
    ^^^^^^^^^^^^^^^^^^^^^^^^^^^
AttributeError: 'Dispatcher' object has no attribute 'register_message_handler'
2025.04.23 06:46:36 __main__             INFO     🔄 Loading: plugins.music_plugin
2025.04.23 06:46:36 __main__             INFO     ✅ Loaded (sync): plugins.music_plugin
2025.04.23 06:46:36 __main__             INFO     🔄 Loading: plugins.start_plugin
2025.04.23 06:46:36 __main__             INFO     ✅ Loaded (async): plugins.start_plugin
2025.04.23 06:46:36 __main__             INFO     🔄 Loading: plugins.stats_plugin
2025.04.23 06:46:36 __main__             INFO     ✅ Loaded (sync): plugins.stats_plugin
2025.04.23 06:46:36 __main__             INFO     🔄 Loading: plugins.dir_plugin
2025.04.23 06:46:36 __main__             INFO     ✅ Loaded (sync): plugins.dir_plugin
2025.04.23 06:46:36 __main__             INFO     🔄 Loading: plugins.broadcast_plugin
2025.04.23 06:46:36 __main__             INFO     ✅ Loaded (sync): plugins.broadcast_plugin
2025.04.23 06:46:36 __main__             INFO     🔄 Loading: plugins.speedtest_plugin
2025.04.23 06:46:36 __main__             INFO     ✅ Loaded (sync): plugins.speedtest_plugin
2025.04.23 06:46:36 __main__             INFO     🔄 Loading: plugins.bot_logs
2025.04.23 06:46:36 __main__             INFO     ✅ Loaded (async): plugins.bot_logs
2025.04.23 06:46:36 __main__             INFO     🚀 Starting polling...
2025.04.23 06:46:36 aiogram.dispatcher   INFO     Start polling
2025.04.23 06:46:36 aiogram.dispatcher   INFO     Run polling for bot @dllmasterbot id=8095621527 - 'DLLMaster 🍊'
2025.04.23 07:02:28 aiogram.dispatcher   WARNING  Received SIGINT signal
2025.04.23 07:02:28 aiogram.dispatcher   INFO     Polling stopped for bot @dllmasterbot id=8095621527 - 'DLLMaster 🍊'
2025.04.23 07:02:28 aiogram.dispatcher   INFO     Polling stopped
2025.04.23 07:02:28 __main__             INFO     🛑 Polling stopped
2025.04.23 07:02:28 __main__             INFO     🔴 Bot stopped
2025.04.23 07:02:33 dotenv.main          WARNING  python-dotenv could not parse statement starting at line 5
2025.04.23 07:02:33 __main__             INFO     🤖 Starting bot...
2025.04.23 07:02:33 __main__             INFO     🚀 Starting bot initialization...
2025.04.23 07:02:33 __main__             INFO     ✅ Database initialized successfully
2025.04.23 07:02:33 core.spotify_handler INFO     Spotify API connection established.
2025.04.23 07:02:33 __main__             INFO     ✅ Spotify service initialized
2025.04.23 07:02:33 core.webprofile      INFO     Seçilmiş User-Agent: Mozilla/5.0 (Linux; Android 14; SM-G998B) AppleWebKit/537.36 (KHTML, like Gecko) Chrome/122.0.0.0 Mobile Safari/537.36
2025.04.23 07:02:33 core.youtube_handler INFO     firefox brauzerindən cookies istifadə edilir.
2025.04.23 07:02:33 __main__             INFO     ✅ YouTube services initialized (firefox)
2025.04.23 07:02:33 __main__             INFO     🔌 Loading plugins...
2025.04.23 07:02:33 __main__             INFO     🔍 Scanning plugins in: plugins
2025.04.23 07:02:33 __main__             INFO     🔄 Loading: plugins.spotify_plugin
2025.04.23 07:02:33 __main__             INFO     ✅ Loaded (sync): plugins.spotify_plugin
2025.04.23 07:02:33 __main__             INFO     🔄 Loading: plugins.menu_plugin
2025.04.23 07:02:33 __main__             INFO     ✅ Loaded (sync): plugins.menu_plugin
2025.04.23 07:02:33 __main__             INFO     🔄 Loading: plugins.sudo_plugin
2025.04.23 07:02:33 __main__             INFO     ✅ Loaded (sync): plugins.sudo_plugin
2025.04.23 07:02:33 __main__             INFO     🔄 Loading: plugins.youtube_plugin
2025.04.23 07:02:33 __main__             INFO     ✅ Loaded (sync): plugins.youtube_plugin
2025.04.23 07:02:33 __main__             INFO     🔄 Loading: plugins.neofetch_plugin
2025.04.23 07:02:33 __main__             INFO     ✅ Loaded (sync): plugins.neofetch_plugin
2025.04.23 07:02:33 __main__             INFO     🔄 Loading: plugins.id_command
2025.04.23 07:02:33 plugins.id_command   INFO     ✅ info_command plugin successfully loaded
2025.04.23 07:02:33 __main__             INFO     ✅ Loaded (async): plugins.id_command
2025.04.23 07:02:33 __main__             INFO     🔄 Loading: plugins.report_plugin
2025.04.23 07:02:33 __main__             INFO     ✅ Loaded (async): plugins.report_plugin
2025.04.23 07:02:33 __main__             INFO     🔄 Loading: plugins.del_plugin
2025.04.23 07:02:33 __main__             INFO     ✅ Loaded (sync): plugins.del_plugin
2025.04.23 07:02:33 __main__             INFO     🔄 Loading: plugins.mutagen
2025.04.23 07:02:33 __main__             ERROR    ❌ Failed to load plugins.mutagen: 'AppContext' object has no attribute 'register_message_handler'
Traceback (most recent call last):
  File "/home/admin/DLMaster/app.py", line 171, in load_plugins
    await module.setup(context)
  File "/home/admin/DLMaster/plugins/mutagen.py", line 18, in setup
    dp.register_message_handler(mutagen_command, commands=["mutagen"])
    ^^^^^^^^^^^^^^^^^^^^^^^^^^^
AttributeError: 'AppContext' object has no attribute 'register_message_handler'
2025.04.23 07:02:33 __main__             INFO     🔄 Loading: plugins.music_plugin
2025.04.23 07:02:33 __main__             INFO     ✅ Loaded (sync): plugins.music_plugin
2025.04.23 07:02:33 __main__             INFO     🔄 Loading: plugins.start_plugin
2025.04.23 07:02:33 __main__             INFO     ✅ Loaded (async): plugins.start_plugin
2025.04.23 07:02:33 __main__             INFO     🔄 Loading: plugins.stats_plugin
2025.04.23 07:02:33 __main__             INFO     ✅ Loaded (sync): plugins.stats_plugin
2025.04.23 07:02:33 __main__             INFO     🔄 Loading: plugins.dir_plugin
2025.04.23 07:02:33 __main__             INFO     ✅ Loaded (sync): plugins.dir_plugin
2025.04.23 07:02:33 __main__             INFO     🔄 Loading: plugins.broadcast_plugin
2025.04.23 07:02:33 __main__             INFO     ✅ Loaded (sync): plugins.broadcast_plugin
2025.04.23 07:02:33 __main__             INFO     🔄 Loading: plugins.speedtest_plugin
2025.04.23 07:02:33 __main__             INFO     ✅ Loaded (sync): plugins.speedtest_plugin
2025.04.23 07:02:33 __main__             INFO     🔄 Loading: plugins.bot_logs
2025.04.23 07:02:33 __main__             INFO     ✅ Loaded (async): plugins.bot_logs
2025.04.23 07:02:33 __main__             INFO     🚀 Starting polling...
2025.04.23 07:02:33 aiogram.dispatcher   INFO     Start polling
2025.04.23 07:02:33 aiogram.dispatcher   INFO     Run polling for bot @dllmasterbot id=8095621527 - 'DLLMaster 🍊'
2025.04.23 07:05:15 aiogram.event        INFO     Update id=511760804 is handled. Duration 3 ms by bot id=8095621527
2025.04.23 07:05:15 aiogram.event        INFO     Update id=511760805 is handled. Duration 2 ms by bot id=8095621527
2025.04.23 07:07:04 aiogram.event        INFO     Update id=511760806 is handled. Duration 1 ms by bot id=8095621527
2025.04.23 07:08:06 core.webprofile      INFO     firefox brauzerindən cookies istifadə edilir.
2025.04.23 07:08:06 core.webprofile      INFO     Seçilmiş User-Agent: Mozilla/5.0 (iPhone; CPU iPhone OS 17_2 like Mac OS X) AppleWebKit/605.1.15 (KHTML, like Gecko) Version/17.2 Mobile/15E148 Safari/604.1
2025.04.23 07:08:11 aiogram.event        INFO     Update id=511760807 is handled. Duration 4909 ms by bot id=8095621527
2025.04.23 07:08:13 core.webprofile      INFO     firefox brauzerindən cookies istifadə edilir.
2025.04.23 07:08:13 core.webprofile      INFO     Seçilmiş User-Agent: Mozilla/5.0 (X11; Linux x86_64) AppleWebKit/537.36 (KHTML, like Gecko) Chrome/122.0.0.0 Safari/537.36
2025.04.23 07:08:22 aiogram.event        INFO     Update id=511760808 is handled. Duration 8745 ms by bot id=8095621527
2025.04.23 07:12:37 aiogram.event        INFO     Update id=511760809 is handled. Duration 1 ms by bot id=8095621527
2025.04.23 07:13:29 aiogram.event        INFO     Update id=511760810 is handled. Duration 1 ms by bot id=8095621527
2025.04.23 07:14:37 aiogram.event        INFO     Update id=511760811 is handled. Duration 1 ms by bot id=8095621527
2025.04.23 07:15:04 aiogram.event        INFO     Update id=511760812 is handled. Duration 1 ms by bot id=8095621527
2025.04.23 07:16:57 aiogram.event        INFO     Update id=511760813 is handled. Duration 1 ms by bot id=8095621527
2025.04.23 07:17:20 aiogram.event        INFO     Update id=511760814 is handled. Duration 1 ms by bot id=8095621527
2025.04.23 07:17:29 aiogram.event        INFO     Update id=511760815 is not handled. Duration 0 ms by bot id=8095621527
2025.04.23 07:17:40 aiogram.event        INFO     Update id=511760816 is handled. Duration 1 ms by bot id=8095621527
2025.04.23 07:17:46 aiogram.event        INFO     Update id=511760817 is handled. Duration 1 ms by bot id=8095621527
2025.04.23 07:18:30 aiogram.event        INFO     Update id=511760818 is handled. Duration 1 ms by bot id=8095621527
2025.04.23 07:22:44 aiogram.event        INFO     Update id=511760819 is handled. Duration 1 ms by bot id=8095621527
2025.04.23 07:24:57 aiogram.event        INFO     Update id=511760820 is handled. Duration 1 ms by bot id=8095621527
2025.04.23 07:30:31 aiogram.event        INFO     Update id=511760821 is not handled. Duration 0 ms by bot id=8095621527
2025.04.23 07:32:56 aiogram.dispatcher   WARNING  Received SIGINT signal
2025.04.23 07:32:56 aiogram.dispatcher   INFO     Polling stopped for bot @dllmasterbot id=8095621527 - 'DLLMaster 🍊'
2025.04.23 07:32:56 aiogram.dispatcher   INFO     Polling stopped
2025.04.23 07:32:56 __main__             INFO     🛑 Polling stopped
2025.04.23 07:32:56 __main__             INFO     🔴 Bot stopped
2025.04.23 07:33:01 dotenv.main          WARNING  python-dotenv could not parse statement starting at line 5
2025.04.23 07:33:01 __main__             INFO     🤖 Starting bot...
2025.04.23 07:33:01 __main__             INFO     🚀 Starting bot initialization...
2025.04.23 07:33:02 __main__             INFO     ✅ Database initialized successfully
2025.04.23 07:33:02 core.spotify_handler INFO     Spotify API connection established.
2025.04.23 07:33:02 __main__             INFO     ✅ Spotify service initialized
2025.04.23 07:33:02 core.webprofile      INFO     Seçilmiş User-Agent: Mozilla/5.0 (X11; Linux x86_64) AppleWebKit/537.36 (KHTML, like Gecko) Chrome/122.0.0.0 Safari/537.36
2025.04.23 07:33:02 core.youtube_handler INFO     firefox brauzerindən cookies istifadə edilir.
2025.04.23 07:33:02 __main__             INFO     ✅ YouTube services initialized (firefox)
2025.04.23 07:33:02 __main__             INFO     🔌 Loading plugins...
2025.04.23 07:33:02 __main__             INFO     🔍 Scanning plugins in: plugins
2025.04.23 07:33:02 __main__             INFO     🔄 Loading: plugins.spotify_plugin
2025.04.23 07:33:02 __main__             INFO     ✅ Loaded (sync): plugins.spotify_plugin
2025.04.23 07:33:02 __main__             INFO     🔄 Loading: plugins.menu_plugin
2025.04.23 07:33:02 __main__             INFO     ✅ Loaded (sync): plugins.menu_plugin
2025.04.23 07:33:02 __main__             INFO     🔄 Loading: plugins.sudo_plugin
2025.04.23 07:33:02 __main__             INFO     ✅ Loaded (sync): plugins.sudo_plugin
2025.04.23 07:33:02 __main__             INFO     🔄 Loading: plugins.youtube_plugin
2025.04.23 07:33:02 __main__             INFO     ✅ Loaded (sync): plugins.youtube_plugin
2025.04.23 07:33:02 __main__             INFO     🔄 Loading: plugins.neofetch_plugin
2025.04.23 07:33:02 __main__             INFO     ✅ Loaded (sync): plugins.neofetch_plugin
2025.04.23 07:33:02 __main__             INFO     🔄 Loading: plugins.id_command
2025.04.23 07:33:02 plugins.id_command   INFO     ✅ info_command plugin successfully loaded
2025.04.23 07:33:02 __main__             INFO     ✅ Loaded (async): plugins.id_command
2025.04.23 07:33:02 __main__             INFO     🔄 Loading: plugins.report_plugin
2025.04.23 07:33:02 __main__             INFO     ✅ Loaded (async): plugins.report_plugin
2025.04.23 07:33:02 __main__             INFO     🔄 Loading: plugins.del_plugin
2025.04.23 07:33:02 __main__             INFO     ✅ Loaded (sync): plugins.del_plugin
2025.04.23 07:33:02 __main__             INFO     🔄 Loading: plugins.mutagen
2025.04.23 07:33:02 __main__             ERROR    ❌ Failed to load plugins.mutagen: Passing any additional keyword arguments to the registrar method is not supported.
This error may be caused when you are trying to register filters like in 2.x version of this framework, if it's true just look at correspoding documentation pages.
Please remove the {'commands'} arguments from this call.

(background on this error at: https://docs.aiogram.dev/en/dev-3.x/migration_2_to_3.html#filtering-events)
Traceback (most recent call last):
  File "/home/admin/DLMaster/app.py", line 168, in load_plugins
    module = importlib.import_module(module_name)
             ^^^^^^^^^^^^^^^^^^^^^^^^^^^^^^^^^^^^
  File "/usr/lib/python3.11/importlib/__init__.py", line 126, in import_module
    return _bootstrap._gcd_import(name[level:], package, level)
           ^^^^^^^^^^^^^^^^^^^^^^^^^^^^^^^^^^^^^^^^^^^^^^^^^^^^
  File "<frozen importlib._bootstrap>", line 1206, in _gcd_import
  File "<frozen importlib._bootstrap>", line 1178, in _find_and_load
  File "<frozen importlib._bootstrap>", line 1149, in _find_and_load_unlocked
  File "<frozen importlib._bootstrap>", line 690, in _load_unlocked
  File "<frozen importlib._bootstrap_external>", line 940, in exec_module
  File "<frozen importlib._bootstrap>", line 241, in _call_with_frames_removed
  File "/home/admin/DLMaster/plugins/mutagen.py", line 17, in <module>
    @router.message(commands=["mutagen"])
     ^^^^^^^^^^^^^^^^^^^^^^^^^^^^^^^^^^^^
  File "/home/admin/.local/lib/python3.11/site-packages/aiogram/dispatcher/event/telegram.py", line 138, in wrapper
    self.register(callback, *filters, flags=flags, **kwargs)
  File "/home/admin/.local/lib/python3.11/site-packages/aiogram/dispatcher/event/telegram.py", line 68, in register
    raise UnsupportedKeywordArgument(
aiogram.exceptions.UnsupportedKeywordArgument: Passing any additional keyword arguments to the registrar method is not supported.
This error may be caused when you are trying to register filters like in 2.x version of this framework, if it's true just look at correspoding documentation pages.
Please remove the {'commands'} arguments from this call.

(background on this error at: https://docs.aiogram.dev/en/dev-3.x/migration_2_to_3.html#filtering-events)
2025.04.23 07:33:02 __main__             INFO     🔄 Loading: plugins.music_plugin
2025.04.23 07:33:02 __main__             INFO     ✅ Loaded (sync): plugins.music_plugin
2025.04.23 07:33:02 __main__             INFO     🔄 Loading: plugins.start_plugin
2025.04.23 07:33:02 __main__             INFO     ✅ Loaded (async): plugins.start_plugin
2025.04.23 07:33:02 __main__             INFO     🔄 Loading: plugins.stats_plugin
2025.04.23 07:33:02 __main__             INFO     ✅ Loaded (sync): plugins.stats_plugin
2025.04.23 07:33:02 __main__             INFO     🔄 Loading: plugins.dir_plugin
2025.04.23 07:33:02 __main__             INFO     ✅ Loaded (sync): plugins.dir_plugin
2025.04.23 07:33:02 __main__             INFO     🔄 Loading: plugins.broadcast_plugin
2025.04.23 07:33:02 __main__             INFO     ✅ Loaded (sync): plugins.broadcast_plugin
2025.04.23 07:33:02 __main__             INFO     🔄 Loading: plugins.speedtest_plugin
2025.04.23 07:33:02 __main__             INFO     ✅ Loaded (sync): plugins.speedtest_plugin
2025.04.23 07:33:02 __main__             INFO     🔄 Loading: plugins.bot_logs
2025.04.23 07:33:02 __main__             INFO     ✅ Loaded (async): plugins.bot_logs
2025.04.23 07:33:02 __main__             INFO     🚀 Starting polling...
2025.04.23 07:33:02 aiogram.dispatcher   INFO     Start polling
2025.04.23 07:33:02 aiogram.dispatcher   INFO     Run polling for bot @dllmasterbot id=8095621527 - 'DLLMaster 🍊'
2025.04.23 07:33:19 aiogram.dispatcher   WARNING  Received SIGINT signal
2025.04.23 07:33:19 aiogram.dispatcher   INFO     Polling stopped for bot @dllmasterbot id=8095621527 - 'DLLMaster 🍊'
2025.04.23 07:33:19 aiogram.dispatcher   INFO     Polling stopped
2025.04.23 07:33:19 __main__             INFO     🛑 Polling stopped
2025.04.23 07:33:19 __main__             INFO     🔴 Bot stopped
2025.04.23 07:33:34 dotenv.main          WARNING  python-dotenv could not parse statement starting at line 5
2025.04.23 07:33:34 __main__             INFO     🤖 Starting bot...
2025.04.23 07:33:34 __main__             INFO     🚀 Starting bot initialization...
2025.04.23 07:33:34 __main__             INFO     ✅ Database initialized successfully
2025.04.23 07:33:34 core.spotify_handler INFO     Spotify API connection established.
2025.04.23 07:33:34 __main__             INFO     ✅ Spotify service initialized
2025.04.23 07:33:34 core.webprofile      INFO     Seçilmiş User-Agent: Mozilla/5.0 (Linux; Android 14; Pixel 8 Pro) AppleWebKit/537.36 (KHTML, like Gecko) Chrome/122.0.0.0 Mobile Safari/537.36
2025.04.23 07:33:34 core.youtube_handler INFO     firefox brauzerindən cookies istifadə edilir.
2025.04.23 07:33:34 __main__             INFO     ✅ YouTube services initialized (firefox)
2025.04.23 07:33:34 __main__             INFO     🔌 Loading plugins...
2025.04.23 07:33:34 __main__             INFO     🔍 Scanning plugins in: plugins
2025.04.23 07:33:34 __main__             INFO     🔄 Loading: plugins.spotify_plugin
2025.04.23 07:33:34 __main__             INFO     ✅ Loaded (sync): plugins.spotify_plugin
2025.04.23 07:33:34 __main__             INFO     🔄 Loading: plugins.menu_plugin
2025.04.23 07:33:34 __main__             INFO     ✅ Loaded (sync): plugins.menu_plugin
2025.04.23 07:33:34 __main__             INFO     🔄 Loading: plugins.sudo_plugin
2025.04.23 07:33:34 __main__             INFO     ✅ Loaded (sync): plugins.sudo_plugin
2025.04.23 07:33:34 __main__             INFO     🔄 Loading: plugins.youtube_plugin
2025.04.23 07:33:34 __main__             INFO     ✅ Loaded (sync): plugins.youtube_plugin
2025.04.23 07:33:34 __main__             INFO     🔄 Loading: plugins.neofetch_plugin
2025.04.23 07:33:34 __main__             INFO     ✅ Loaded (sync): plugins.neofetch_plugin
2025.04.23 07:33:34 __main__             INFO     🔄 Loading: plugins.id_command
2025.04.23 07:33:34 plugins.id_command   INFO     ✅ info_command plugin successfully loaded
2025.04.23 07:33:34 __main__             INFO     ✅ Loaded (async): plugins.id_command
2025.04.23 07:33:34 __main__             INFO     🔄 Loading: plugins.report_plugin
2025.04.23 07:33:34 __main__             INFO     ✅ Loaded (async): plugins.report_plugin
2025.04.23 07:33:34 __main__             INFO     🔄 Loading: plugins.del_plugin
2025.04.23 07:33:34 __main__             INFO     ✅ Loaded (sync): plugins.del_plugin
2025.04.23 07:33:34 __main__             INFO     🔄 Loading: plugins.mutagen
2025.04.23 07:33:34 __main__             ERROR    ❌ Failed to load plugins.mutagen: Passing any additional keyword arguments to the registrar method is not supported.
This error may be caused when you are trying to register filters like in 2.x version of this framework, if it's true just look at correspoding documentation pages.
Please remove the {'commands'} arguments from this call.

(background on this error at: https://docs.aiogram.dev/en/dev-3.x/migration_2_to_3.html#filtering-events)
Traceback (most recent call last):
  File "/home/admin/DLMaster/app.py", line 168, in load_plugins
    module = importlib.import_module(module_name)
             ^^^^^^^^^^^^^^^^^^^^^^^^^^^^^^^^^^^^
  File "/usr/lib/python3.11/importlib/__init__.py", line 126, in import_module
    return _bootstrap._gcd_import(name[level:], package, level)
           ^^^^^^^^^^^^^^^^^^^^^^^^^^^^^^^^^^^^^^^^^^^^^^^^^^^^
  File "<frozen importlib._bootstrap>", line 1206, in _gcd_import
  File "<frozen importlib._bootstrap>", line 1178, in _find_and_load
  File "<frozen importlib._bootstrap>", line 1149, in _find_and_load_unlocked
  File "<frozen importlib._bootstrap>", line 690, in _load_unlocked
  File "<frozen importlib._bootstrap_external>", line 940, in exec_module
  File "<frozen importlib._bootstrap>", line 241, in _call_with_frames_removed
  File "/home/admin/DLMaster/plugins/mutagen.py", line 17, in <module>
    @router.message(commands=["mutagen"])
     ^^^^^^^^^^^^^^^^^^^^^^^^^^^^^^^^^^^^
  File "/home/admin/.local/lib/python3.11/site-packages/aiogram/dispatcher/event/telegram.py", line 138, in wrapper
    self.register(callback, *filters, flags=flags, **kwargs)
  File "/home/admin/.local/lib/python3.11/site-packages/aiogram/dispatcher/event/telegram.py", line 68, in register
    raise UnsupportedKeywordArgument(
aiogram.exceptions.UnsupportedKeywordArgument: Passing any additional keyword arguments to the registrar method is not supported.
This error may be caused when you are trying to register filters like in 2.x version of this framework, if it's true just look at correspoding documentation pages.
Please remove the {'commands'} arguments from this call.

(background on this error at: https://docs.aiogram.dev/en/dev-3.x/migration_2_to_3.html#filtering-events)
2025.04.23 07:33:34 __main__             INFO     🔄 Loading: plugins.music_plugin
2025.04.23 07:33:34 __main__             INFO     ✅ Loaded (sync): plugins.music_plugin
2025.04.23 07:33:34 __main__             INFO     🔄 Loading: plugins.start_plugin
2025.04.23 07:33:34 __main__             INFO     ✅ Loaded (async): plugins.start_plugin
2025.04.23 07:33:34 __main__             INFO     🔄 Loading: plugins.stats_plugin
2025.04.23 07:33:34 __main__             INFO     ✅ Loaded (sync): plugins.stats_plugin
2025.04.23 07:33:34 __main__             INFO     🔄 Loading: plugins.dir_plugin
2025.04.23 07:33:34 __main__             INFO     ✅ Loaded (sync): plugins.dir_plugin
2025.04.23 07:33:34 __main__             INFO     🔄 Loading: plugins.broadcast_plugin
2025.04.23 07:33:34 __main__             INFO     ✅ Loaded (sync): plugins.broadcast_plugin
2025.04.23 07:33:34 __main__             INFO     🔄 Loading: plugins.speedtest_plugin
2025.04.23 07:33:34 __main__             INFO     ✅ Loaded (sync): plugins.speedtest_plugin
2025.04.23 07:33:34 __main__             INFO     🔄 Loading: plugins.bot_logs
2025.04.23 07:33:34 __main__             INFO     ✅ Loaded (async): plugins.bot_logs
2025.04.23 07:33:34 __main__             INFO     🚀 Starting polling...
2025.04.23 07:33:34 aiogram.dispatcher   INFO     Start polling
2025.04.23 07:33:34 aiogram.dispatcher   INFO     Run polling for bot @dllmasterbot id=8095621527 - 'DLLMaster 🍊'
2025.04.23 07:34:55 aiogram.event        INFO     Update id=511760822 is handled. Duration 84 ms by bot id=8095621527
2025.04.23 07:34:55 core.spotify_handler INFO     Fetching playlist data: 3e48LZhM78CDwB0HhnHdT7
2025.04.23 07:34:57 core.webprofile      INFO     firefox brauzerindən cookies istifadə edilir.
2025.04.23 07:34:57 core.webprofile      INFO     Seçilmiş User-Agent: Mozilla/5.0 (Windows NT 10.0; Win64; x64; rv:120.0) Gecko/20100101 Firefox/120.0
2025.04.23 07:35:09 core.spotify_handler INFO     Added Spotify thumbnail: https://i.scdn.co/image/ab67616d0000b273a85c7e0bd9644457f188ec27
2025.04.23 07:35:09 core.spotify_handler INFO     Metadata applied: download/download/Wir sind Kral.m4a
2025.04.23 07:35:11 core.webprofile      INFO     firefox brauzerindən cookies istifadə edilir.
2025.04.23 07:35:11 core.webprofile      INFO     Seçilmiş User-Agent: Mozilla/5.0 (Windows NT 10.0; Win64; x64) AppleWebKit/537.36 (KHTML, like Gecko) Edge/120.0.0.0 Safari/537.36
2025.04.23 07:35:20 core.spotify_handler INFO     Added Spotify thumbnail: https://i.scdn.co/image/ab67616d0000b273d2287acfcff2b9550377ef91
2025.04.23 07:35:20 core.spotify_handler INFO     Metadata applied: download/download/YKKE.m4a
2025.04.23 07:35:22 core.webprofile      INFO     firefox brauzerindən cookies istifadə edilir.
2025.04.23 07:35:22 core.webprofile      INFO     Seçilmiş User-Agent: Mozilla/5.0 (Windows NT 10.0; Win64; x64; rv:120.0) Gecko/20100101 Firefox/120.0
2025.04.23 07:35:31 core.spotify_handler INFO     Added Spotify thumbnail: https://i.scdn.co/image/ab67616d0000b273d2287acfcff2b9550377ef91
2025.04.23 07:35:31 core.spotify_handler INFO     Metadata applied: download/download/Yemin Olsun.m4a
2025.04.23 07:35:33 core.webprofile      INFO     firefox brauzerindən cookies istifadə edilir.
2025.04.23 07:35:33 core.webprofile      INFO     Seçilmiş User-Agent: Mozilla/5.0 (Macintosh; Intel Mac OS X 10_15_7) AppleWebKit/537.36 (KHTML, like Gecko) Chrome/122.0.0.0 Safari/537.36
2025.04.23 07:35:41 core.spotify_handler INFO     Added Spotify thumbnail: https://i.scdn.co/image/ab67616d0000b273c48b6b866f02cdf85b62e612
2025.04.23 07:35:41 core.spotify_handler INFO     Metadata applied: download/download/Boynumdaki Chain.m4a
2025.04.23 07:35:43 core.webprofile      INFO     firefox brauzerindən cookies istifadə edilir.
2025.04.23 07:35:43 core.webprofile      INFO     Seçilmiş User-Agent: Mozilla/5.0 (iPad; CPU OS 17_2 like Mac OS X) AppleWebKit/605.1.15 (KHTML, like Gecko) Version/17.2 Mobile/15E148 Safari/604.1
2025.04.23 07:35:53 core.spotify_handler INFO     Added Spotify thumbnail: https://i.scdn.co/image/ab67616d0000b273ffcd835bfb0a1beca5a296fa
2025.04.23 07:35:53 core.spotify_handler INFO     Metadata applied: download/download/Her Gece.m4a
2025.04.23 07:35:55 core.webprofile      INFO     firefox brauzerindən cookies istifadə edilir.
2025.04.23 07:35:55 core.webprofile      INFO     Seçilmiş User-Agent: Mozilla/5.0 (Windows NT 10.0; Win64; x64; rv:120.0) Gecko/20100101 Firefox/120.0
2025.04.23 07:36:05 core.spotify_handler INFO     Added Spotify thumbnail: https://i.scdn.co/image/ab67616d0000b27371c8f37bde05fb22aa0eb788
2025.04.23 07:36:05 core.spotify_handler INFO     Metadata applied: download/download/Yeşillendir.m4a
2025.04.23 07:36:07 core.webprofile      INFO     firefox brauzerindən cookies istifadə edilir.
2025.04.23 07:36:07 core.webprofile      INFO     Seçilmiş User-Agent: Mozilla/5.0 (iPad; CPU OS 17_2 like Mac OS X) AppleWebKit/605.1.15 (KHTML, like Gecko) Version/17.2 Mobile/15E148 Safari/604.1
2025.04.23 07:36:18 core.spotify_handler INFO     Added Spotify thumbnail: https://i.scdn.co/image/ab67616d0000b27371b22211419fbd3d07f30525
2025.04.23 07:36:18 core.spotify_handler INFO     Metadata applied: download/download/Sürtüğe Bak.m4a
2025.04.23 07:36:20 core.webprofile      INFO     firefox brauzerindən cookies istifadə edilir.
2025.04.23 07:36:20 core.webprofile      INFO     Seçilmiş User-Agent: Mozilla/5.0 (X11; Ubuntu; Linux x86_64; rv:120.0) Gecko/20100101 Firefox/120.0
2025.04.23 07:36:30 core.spotify_handler INFO     Added Spotify thumbnail: https://i.scdn.co/image/ab67616d0000b27345d6e7a2e2e31a9b3b368a26
2025.04.23 07:36:30 core.spotify_handler INFO     Metadata applied: download/download/Ex Arıyor.m4a
2025.04.23 07:36:32 core.webprofile      INFO     firefox brauzerindən cookies istifadə edilir.
2025.04.23 07:36:32 core.webprofile      INFO     Seçilmiş User-Agent: Mozilla/5.0 (X11; Linux x86_64) AppleWebKit/537.36 (KHTML, like Gecko) Chrome/122.0.0.0 Safari/537.36
2025.04.23 07:36:41 core.spotify_handler INFO     Added Spotify thumbnail: https://i.scdn.co/image/ab67616d0000b273f91bab4fb3c26643d41e9092
2025.04.23 07:36:41 core.spotify_handler INFO     Metadata applied: download/download/İlerle.m4a
2025.04.23 07:36:44 core.webprofile      INFO     firefox brauzerindən cookies istifadə edilir.
2025.04.23 07:36:44 core.webprofile      INFO     Seçilmiş User-Agent: Mozilla/5.0 (X11; Ubuntu; Linux x86_64; rv:120.0) Gecko/20100101 Firefox/120.0
2025.04.23 07:36:52 core.spotify_handler INFO     Added Spotify thumbnail: https://i.scdn.co/image/ab67616d0000b2739c82808c7febf085b5b5ae3e
2025.04.23 07:36:52 core.spotify_handler INFO     Metadata applied: download/download/Spacejump.m4a
2025.04.23 07:36:54 core.webprofile      INFO     firefox brauzerindən cookies istifadə edilir.
2025.04.23 07:36:54 core.webprofile      INFO     Seçilmiş User-Agent: Mozilla/5.0 (iPad; CPU OS 17_2 like Mac OS X) AppleWebKit/605.1.15 (KHTML, like Gecko) Version/17.2 Mobile/15E148 Safari/604.1
2025.04.23 07:37:04 core.spotify_handler INFO     Added Spotify thumbnail: https://i.scdn.co/image/ab67616d0000b273187663a327feb5080bf120bc
2025.04.23 07:37:04 core.spotify_handler INFO     Metadata applied: download/download/Sıkı Dur.m4a
2025.04.23 07:37:06 core.webprofile      INFO     firefox brauzerindən cookies istifadə edilir.
2025.04.23 07:37:06 core.webprofile      INFO     Seçilmiş User-Agent: Mozilla/5.0 (X11; Linux x86_64) AppleWebKit/537.36 (KHTML, like Gecko) Chrome/122.0.0.0 Safari/537.36
2025.04.23 07:37:15 core.spotify_handler INFO     Added Spotify thumbnail: https://i.scdn.co/image/ab67616d0000b273c48b6b866f02cdf85b62e612
2025.04.23 07:37:15 core.spotify_handler INFO     Metadata applied: download/download/Made In Turkey.m4a
2025.04.23 07:37:17 core.webprofile      INFO     firefox brauzerindən cookies istifadə edilir.
2025.04.23 07:37:17 core.webprofile      INFO     Seçilmiş User-Agent: Mozilla/5.0 (X11; Linux x86_64) AppleWebKit/537.36 (KHTML, like Gecko) Chrome/122.0.0.0 Safari/537.36
2025.04.23 07:37:26 core.spotify_handler INFO     Added Spotify thumbnail: https://i.scdn.co/image/ab67616d0000b27317ca61194b0b3df5d6c64b5d
2025.04.23 07:37:26 core.spotify_handler INFO     Metadata applied: download/download/242.m4a
2025.04.23 07:37:28 core.webprofile      INFO     firefox brauzerindən cookies istifadə edilir.
2025.04.23 07:37:28 core.webprofile      INFO     Seçilmiş User-Agent: Mozilla/5.0 (X11; Ubuntu; Linux x86_64; rv:120.0) Gecko/20100101 Firefox/120.0
2025.04.23 07:37:37 core.spotify_handler INFO     Added Spotify thumbnail: https://i.scdn.co/image/ab67616d0000b273e2e5f1f49e87be251cf02302
2025.04.23 07:37:37 core.spotify_handler INFO     Metadata applied: download/download/Sabah Silah Gece Bıçak.m4a
2025.04.23 07:37:39 core.webprofile      INFO     firefox brauzerindən cookies istifadə edilir.
2025.04.23 07:37:39 core.webprofile      INFO     Seçilmiş User-Agent: Mozilla/5.0 (iPhone; CPU iPhone OS 17_2 like Mac OS X) AppleWebKit/605.1.15 (KHTML, like Gecko) Version/17.2 Mobile/15E148 Safari/604.1
2025.04.23 07:37:49 core.spotify_handler INFO     Added Spotify thumbnail: https://i.scdn.co/image/ab67616d0000b2739d10fd22e6379224d2a28ca2
2025.04.23 07:37:49 core.spotify_handler INFO     Metadata applied: download/download/kan sahibi.m4a
2025.04.23 07:37:51 core.webprofile      INFO     firefox brauzerindən cookies istifadə edilir.
2025.04.23 07:37:51 core.webprofile      INFO     Seçilmiş User-Agent: Mozilla/5.0 (X11; Ubuntu; Linux x86_64; rv:120.0) Gecko/20100101 Firefox/120.0
2025.04.23 07:38:02 core.spotify_handler INFO     Added Spotify thumbnail: https://i.scdn.co/image/ab67616d0000b2732fb7e5b8e46ee64426ab5792
2025.04.23 07:38:02 core.spotify_handler INFO     Metadata applied: download/download/Bang Bang.m4a
2025.04.23 07:38:04 core.webprofile      INFO     firefox brauzerindən cookies istifadə edilir.
2025.04.23 07:38:04 core.webprofile      INFO     Seçilmiş User-Agent: Mozilla/5.0 (Linux; Android 14; SM-G998B) AppleWebKit/537.36 (KHTML, like Gecko) Chrome/122.0.0.0 Mobile Safari/537.36
2025.04.23 07:38:12 core.spotify_handler INFO     Added Spotify thumbnail: https://i.scdn.co/image/ab67616d0000b27353ae5d8734d8caed06a3e23d
2025.04.23 07:38:12 core.spotify_handler INFO     Metadata applied: download/download/ALEV ALEV.m4a
2025.04.23 07:38:14 core.webprofile      INFO     firefox brauzerindən cookies istifadə edilir.
2025.04.23 07:38:14 core.webprofile      INFO     Seçilmiş User-Agent: Mozilla/5.0 (iPad; CPU OS 17_2 like Mac OS X) AppleWebKit/605.1.15 (KHTML, like Gecko) Version/17.2 Mobile/15E148 Safari/604.1
2025.04.23 07:38:23 core.spotify_handler INFO     Added Spotify thumbnail: https://i.scdn.co/image/ab67616d0000b273f787d58009bc3785d9023b24
2025.04.23 07:38:23 core.spotify_handler INFO     Metadata applied: download/download/NAPIYON LAN.m4a
2025.04.23 07:38:25 core.webprofile      INFO     firefox brauzerindən cookies istifadə edilir.
2025.04.23 07:38:25 core.webprofile      INFO     Seçilmiş User-Agent: Mozilla/5.0 (Windows NT 10.0; Win64; x64; rv:120.0) Gecko/20100101 Firefox/120.0
2025.04.23 07:38:35 core.spotify_handler INFO     Added Spotify thumbnail: https://i.scdn.co/image/ab67616d0000b273116e4a79700bbeb8211a89f9
2025.04.23 07:38:35 core.spotify_handler INFO     Metadata applied: download/download/Ne Bakıyon Dayı Dayı.m4a
2025.04.23 07:38:36 core.webprofile      INFO     firefox brauzerindən cookies istifadə edilir.
2025.04.23 07:38:36 core.webprofile      INFO     Seçilmiş User-Agent: Mozilla/5.0 (Windows NT 10.0; Win64; x64; rv:120.0) Gecko/20100101 Firefox/120.0
2025.04.23 07:38:46 core.spotify_handler INFO     Added Spotify thumbnail: https://i.scdn.co/image/ab67616d0000b273c48b6b866f02cdf85b62e612
2025.04.23 07:38:46 core.spotify_handler INFO     Metadata applied: download/download/Anadolu Flex.m4a
2025.04.23 07:38:48 core.webprofile      INFO     firefox brauzerindən cookies istifadə edilir.
2025.04.23 07:38:48 core.webprofile      INFO     Seçilmiş User-Agent: Mozilla/5.0 (Linux; Android 14; SM-G998B) AppleWebKit/537.36 (KHTML, like Gecko) Chrome/122.0.0.0 Mobile Safari/537.36
2025.04.23 07:38:59 core.spotify_handler INFO     Added Spotify thumbnail: https://i.scdn.co/image/ab67616d0000b27371c8f37bde05fb22aa0eb788
2025.04.23 07:38:59 core.spotify_handler INFO     Metadata applied: download/download/First Class.m4a
2025.04.23 07:39:01 core.webprofile      INFO     firefox brauzerindən cookies istifadə edilir.
2025.04.23 07:39:01 core.webprofile      INFO     Seçilmiş User-Agent: Mozilla/5.0 (X11; Ubuntu; Linux x86_64; rv:120.0) Gecko/20100101 Firefox/120.0
2025.04.23 07:39:13 core.spotify_handler INFO     Added Spotify thumbnail: https://i.scdn.co/image/ab67616d0000b2738a40e989d68ffe1055bc42d8
2025.04.23 07:39:13 core.spotify_handler INFO     Metadata applied: download/download/Fight Kulüp 2.m4a
2025.04.23 07:39:15 core.webprofile      INFO     firefox brauzerindən cookies istifadə edilir.
2025.04.23 07:39:15 core.webprofile      INFO     Seçilmiş User-Agent: Mozilla/5.0 (Windows NT 10.0; Win64; x64) AppleWebKit/537.36 (KHTML, like Gecko) Chrome/122.0.0.0 Safari/537.36
2025.04.23 07:39:25 core.spotify_handler INFO     Added Spotify thumbnail: https://i.scdn.co/image/ab67616d0000b273fbe7a911ec9f0557c864266a
2025.04.23 07:39:25 core.spotify_handler INFO     Metadata applied: download/download/Syndikat.m4a
2025.04.23 07:39:27 core.webprofile      INFO     firefox brauzerindən cookies istifadə edilir.
2025.04.23 07:39:27 core.webprofile      INFO     Seçilmiş User-Agent: Mozilla/5.0 (Windows NT 10.0; Win64; x64) AppleWebKit/537.36 (KHTML, like Gecko) Chrome/122.0.0.0 Safari/537.36
2025.04.23 07:39:36 core.spotify_handler INFO     Added Spotify thumbnail: https://i.scdn.co/image/ab67616d0000b27333561babc625eb01b678479f
2025.04.23 07:39:36 core.spotify_handler INFO     Metadata applied: download/download/Kafa Roket.m4a
2025.04.23 07:39:38 core.webprofile      INFO     firefox brauzerindən cookies istifadə edilir.
2025.04.23 07:39:38 core.webprofile      INFO     Seçilmiş User-Agent: Mozilla/5.0 (iPad; CPU OS 17_2 like Mac OS X) AppleWebKit/605.1.15 (KHTML, like Gecko) Version/17.2 Mobile/15E148 Safari/604.1
2025.04.23 07:39:47 core.spotify_handler INFO     Added Spotify thumbnail: https://i.scdn.co/image/ab67616d0000b27371c8f37bde05fb22aa0eb788
2025.04.23 07:39:47 core.spotify_handler INFO     Metadata applied: download/download/Ölümün Kuzeni.m4a
2025.04.23 07:39:49 core.webprofile      INFO     firefox brauzerindən cookies istifadə edilir.
2025.04.23 07:39:49 core.webprofile      INFO     Seçilmiş User-Agent: Mozilla/5.0 (Windows NT 10.0; Win64; x64) AppleWebKit/537.36 (KHTML, like Gecko) Chrome/122.0.0.0 Safari/537.36
2025.04.23 07:39:58 core.spotify_handler INFO     Added Spotify thumbnail: https://i.scdn.co/image/ab67616d0000b273365917f940b9d4040862af36
2025.04.23 07:39:58 core.spotify_handler INFO     Metadata applied: download/download/B.S.G.m4a
2025.04.23 07:40:00 core.webprofile      INFO     firefox brauzerindən cookies istifadə edilir.
2025.04.23 07:40:00 core.webprofile      INFO     Seçilmiş User-Agent: Mozilla/5.0 (Windows NT 10.0; Win64; x64) AppleWebKit/537.36 (KHTML, like Gecko) Edge/120.0.0.0 Safari/537.36
2025.04.23 07:40:10 core.spotify_handler INFO     Added Spotify thumbnail: https://i.scdn.co/image/ab67616d0000b273122ace7a0a9b19ed8ee57664
2025.04.23 07:40:10 core.spotify_handler INFO     Metadata applied: download/download/Glock.m4a
2025.04.23 07:40:12 core.webprofile      INFO     firefox brauzerindən cookies istifadə edilir.
2025.04.23 07:40:12 core.webprofile      INFO     Seçilmiş User-Agent: Mozilla/5.0 (Linux; Android 14; Pixel 8 Pro) AppleWebKit/537.36 (KHTML, like Gecko) Chrome/122.0.0.0 Mobile Safari/537.36
2025.04.23 07:40:22 core.spotify_handler INFO     Added Spotify thumbnail: https://i.scdn.co/image/ab67616d0000b27367c738a703dc979f5c3c52ef
2025.04.23 07:40:22 core.spotify_handler INFO     Metadata applied: download/download/Makina.m4a
2025.04.23 07:40:24 core.webprofile      INFO     firefox brauzerindən cookies istifadə edilir.
2025.04.23 07:40:24 core.webprofile      INFO     Seçilmiş User-Agent: Mozilla/5.0 (Windows NT 10.0; Win64; x64; rv:120.0) Gecko/20100101 Firefox/120.0
2025.04.23 07:40:35 core.spotify_handler INFO     Added Spotify thumbnail: https://i.scdn.co/image/ab67616d0000b27371c8f37bde05fb22aa0eb788
2025.04.23 07:40:35 core.spotify_handler INFO     Metadata applied: download/download/Hennessy.m4a
2025.04.23 07:40:37 core.webprofile      INFO     firefox brauzerindən cookies istifadə edilir.
2025.04.23 07:40:37 core.webprofile      INFO     Seçilmiş User-Agent: Mozilla/5.0 (Windows NT 10.0; Win64; x64; rv:120.0) Gecko/20100101 Firefox/120.0
2025.04.23 07:40:46 core.spotify_handler INFO     Added Spotify thumbnail: https://i.scdn.co/image/ab67616d0000b273656ca3489050c28d6d5c8d06
2025.04.23 07:40:46 core.spotify_handler INFO     Metadata applied: download/download/Trankobuskas.m4a
2025.04.23 07:40:48 core.webprofile      INFO     firefox brauzerindən cookies istifadə edilir.
2025.04.23 07:40:48 core.webprofile      INFO     Seçilmiş User-Agent: Mozilla/5.0 (Windows NT 10.0; Win64; x64) AppleWebKit/537.36 (KHTML, like Gecko) Edge/120.0.0.0 Safari/537.36
2025.04.23 07:40:57 core.spotify_handler INFO     Added Spotify thumbnail: https://i.scdn.co/image/ab67616d0000b27362d3d650edf8fe602270f2a0
2025.04.23 07:40:57 core.spotify_handler INFO     Metadata applied: download/download/Dumanı Pasla.m4a
2025.04.23 07:40:59 core.webprofile      INFO     firefox brauzerindən cookies istifadə edilir.
2025.04.23 07:40:59 core.webprofile      INFO     Seçilmiş User-Agent: Mozilla/5.0 (Linux; Android 14; Pixel 8 Pro) AppleWebKit/537.36 (KHTML, like Gecko) Chrome/122.0.0.0 Mobile Safari/537.36
2025.04.23 07:41:09 core.spotify_handler INFO     Added Spotify thumbnail: https://i.scdn.co/image/ab67616d0000b273908a586f645250d5e5a60282
2025.04.23 07:41:09 core.spotify_handler INFO     Metadata applied: download/download/Salam Alaykum.m4a
2025.04.23 07:41:11 core.webprofile      INFO     firefox brauzerindən cookies istifadə edilir.
2025.04.23 07:41:11 core.webprofile      INFO     Seçilmiş User-Agent: Mozilla/5.0 (Windows NT 10.0; Win64; x64; rv:120.0) Gecko/20100101 Firefox/120.0
2025.04.23 07:41:20 core.spotify_handler INFO     Added Spotify thumbnail: https://i.scdn.co/image/ab67616d0000b273d643f0190223fccbcf8028e6
2025.04.23 07:41:20 core.spotify_handler INFO     Metadata applied: download/download/Cem Yılmaz.m4a
2025.04.23 07:41:22 core.webprofile      INFO     firefox brauzerindən cookies istifadə edilir.
2025.04.23 07:41:22 core.webprofile      INFO     Seçilmiş User-Agent: Mozilla/5.0 (Linux; Android 14; SM-G998B) AppleWebKit/537.36 (KHTML, like Gecko) Chrome/122.0.0.0 Mobile Safari/537.36
2025.04.23 07:41:32 core.spotify_handler INFO     Added Spotify thumbnail: https://i.scdn.co/image/ab67616d0000b273535e9b7b39e94d4dd35d3f99
2025.04.23 07:41:32 core.spotify_handler INFO     Metadata applied: download/download/Rolex.m4a
2025.04.23 07:41:35 core.webprofile      INFO     firefox brauzerindən cookies istifadə edilir.
2025.04.23 07:41:35 core.webprofile      INFO     Seçilmiş User-Agent: Mozilla/5.0 (iPhone; CPU iPhone OS 17_2 like Mac OS X) AppleWebKit/605.1.15 (KHTML, like Gecko) Version/17.2 Mobile/15E148 Safari/604.1
2025.04.23 07:41:45 core.spotify_handler INFO     Added Spotify thumbnail: https://i.scdn.co/image/ab67616d0000b2734e7744c97c55ee5430478fcd
2025.04.23 07:41:45 core.spotify_handler INFO     Metadata applied: download/download/SİS.m4a
2025.04.23 07:41:47 core.webprofile      INFO     firefox brauzerindən cookies istifadə edilir.
2025.04.23 07:41:47 core.webprofile      INFO     Seçilmiş User-Agent: Mozilla/5.0 (iPhone; CPU iPhone OS 17_2 like Mac OS X) AppleWebKit/605.1.15 (KHTML, like Gecko) Version/17.2 Mobile/15E148 Safari/604.1
2025.04.23 07:41:57 core.spotify_handler INFO     Added Spotify thumbnail: https://i.scdn.co/image/ab67616d0000b27362e3e2388639c32ac3745d3f
2025.04.23 07:41:57 core.spotify_handler INFO     Metadata applied: download/download/Beamer Boi.m4a
2025.04.23 07:41:59 core.webprofile      INFO     firefox brauzerindən cookies istifadə edilir.
2025.04.23 07:41:59 core.webprofile      INFO     Seçilmiş User-Agent: Mozilla/5.0 (Windows NT 10.0; Win64; x64) AppleWebKit/537.36 (KHTML, like Gecko) Edge/120.0.0.0 Safari/537.36
2025.04.23 07:42:10 core.spotify_handler INFO     Added Spotify thumbnail: https://i.scdn.co/image/ab67616d0000b2732fd296099b232dc5c64052c6
2025.04.23 07:42:10 core.spotify_handler INFO     Metadata applied: download/download/A.A.K.m4a
2025.04.23 07:42:12 core.webprofile      INFO     firefox brauzerindən cookies istifadə edilir.
2025.04.23 07:42:12 core.webprofile      INFO     Seçilmiş User-Agent: Mozilla/5.0 (Windows NT 10.0; Win64; x64) AppleWebKit/537.36 (KHTML, like Gecko) Chrome/122.0.0.0 Safari/537.36
2025.04.23 07:42:21 core.spotify_handler INFO     Added Spotify thumbnail: https://i.scdn.co/image/ab67616d0000b27381173e1d80fb0b54c9910abe
2025.04.23 07:42:21 core.spotify_handler INFO     Metadata applied: download/download/Gelemem.m4a
2025.04.23 07:42:24 core.webprofile      INFO     firefox brauzerindən cookies istifadə edilir.
2025.04.23 07:42:24 core.webprofile      INFO     Seçilmiş User-Agent: Mozilla/5.0 (Windows NT 10.0; Win64; x64; rv:120.0) Gecko/20100101 Firefox/120.0
2025.04.23 07:42:34 core.spotify_handler INFO     Added Spotify thumbnail: https://i.scdn.co/image/ab67616d0000b27353ae5d8734d8caed06a3e23d
2025.04.23 07:42:34 core.spotify_handler INFO     Metadata applied: download/download/TATTOO.m4a
2025.04.23 07:42:36 core.webprofile      INFO     firefox brauzerindən cookies istifadə edilir.
2025.04.23 07:42:36 core.webprofile      INFO     Seçilmiş User-Agent: Mozilla/5.0 (Windows NT 10.0; Win64; x64) AppleWebKit/537.36 (KHTML, like Gecko) Edge/120.0.0.0 Safari/537.36
2025.04.23 07:42:47 core.spotify_handler INFO     Added Spotify thumbnail: https://i.scdn.co/image/ab67616d0000b273cbcb4d6c89adaf98883b4b45
2025.04.23 07:42:47 core.spotify_handler INFO     Metadata applied: download/download/Legal.m4a
2025.04.23 07:42:48 core.webprofile      INFO     firefox brauzerindən cookies istifadə edilir.
2025.04.23 07:42:48 core.webprofile      INFO     Seçilmiş User-Agent: Mozilla/5.0 (Windows NT 10.0; Win64; x64) AppleWebKit/537.36 (KHTML, like Gecko) Edge/120.0.0.0 Safari/537.36
2025.04.23 07:42:58 core.spotify_handler INFO     Added Spotify thumbnail: https://i.scdn.co/image/ab67616d0000b273d2287acfcff2b9550377ef91
2025.04.23 07:42:58 core.spotify_handler INFO     Metadata applied: download/download/Bir Daha.m4a
2025.04.23 07:43:00 core.webprofile      INFO     firefox brauzerindən cookies istifadə edilir.
2025.04.23 07:43:00 core.webprofile      INFO     Seçilmiş User-Agent: Mozilla/5.0 (X11; Linux x86_64) AppleWebKit/537.36 (KHTML, like Gecko) Chrome/122.0.0.0 Safari/537.36
2025.04.23 07:43:09 core.spotify_handler INFO     Added Spotify thumbnail: https://i.scdn.co/image/ab67616d0000b2734fff4c6c0428d9b3b5dc9084
2025.04.23 07:43:09 core.spotify_handler INFO     Metadata applied: download/download/High.m4a
2025.04.23 07:43:11 core.webprofile      INFO     firefox brauzerindən cookies istifadə edilir.
2025.04.23 07:43:11 core.webprofile      INFO     Seçilmiş User-Agent: Mozilla/5.0 (Linux; Android 14; Pixel 8 Pro) AppleWebKit/537.36 (KHTML, like Gecko) Chrome/122.0.0.0 Mobile Safari/537.36
2025.04.23 07:43:14 core.youtube_handler ERROR    Yükləmə xətası: Fayl yaradıla bilmədi
2025.04.23 07:43:14 plugins.spotify_plugin ERROR    Mahnı yüklənərkən xəta: DON PERİGNON(PİSTİR TERSİM) - Yükləmə xətası: Fayl yaradıla bilmədi
2025.04.23 07:43:15 core.webprofile      INFO     firefox brauzerindən cookies istifadə edilir.
2025.04.23 07:43:15 core.webprofile      INFO     Seçilmiş User-Agent: Mozilla/5.0 (iPad; CPU OS 17_2 like Mac OS X) AppleWebKit/605.1.15 (KHTML, like Gecko) Version/17.2 Mobile/15E148 Safari/604.1
2025.04.23 07:43:24 core.spotify_handler INFO     Added Spotify thumbnail: https://i.scdn.co/image/ab67616d0000b273f0f36761e5c99622aadffd94
2025.04.23 07:43:24 core.spotify_handler INFO     Metadata applied: download/download/LOLO.m4a
2025.04.23 07:43:26 core.webprofile      INFO     firefox brauzerindən cookies istifadə edilir.
2025.04.23 07:43:26 core.webprofile      INFO     Seçilmiş User-Agent: Mozilla/5.0 (Linux; Android 14; SM-G998B) AppleWebKit/537.36 (KHTML, like Gecko) Chrome/122.0.0.0 Mobile Safari/537.36
2025.04.23 07:43:35 core.spotify_handler INFO     Added Spotify thumbnail: https://i.scdn.co/image/ab67616d0000b273d6e2baf22ec36aeab58ed88e
2025.04.23 07:43:35 core.spotify_handler INFO     Metadata applied: download/download/Kafa Leyla.m4a
2025.04.23 07:43:37 core.webprofile      INFO     firefox brauzerindən cookies istifadə edilir.
2025.04.23 07:43:37 core.webprofile      INFO     Seçilmiş User-Agent: Mozilla/5.0 (Linux; Android 14; Pixel 8 Pro) AppleWebKit/537.36 (KHTML, like Gecko) Chrome/122.0.0.0 Mobile Safari/537.36
2025.04.23 07:43:47 core.spotify_handler INFO     Added Spotify thumbnail: https://i.scdn.co/image/ab67616d0000b273965a9c2c41ab5c84477f3606
2025.04.23 07:43:47 core.spotify_handler INFO     Metadata applied: download/download/Aynen.m4a
2025.04.23 07:43:48 core.webprofile      INFO     firefox brauzerindən cookies istifadə edilir.
2025.04.23 07:43:48 core.webprofile      INFO     Seçilmiş User-Agent: Mozilla/5.0 (Linux; Android 14; SM-G998B) AppleWebKit/537.36 (KHTML, like Gecko) Chrome/122.0.0.0 Mobile Safari/537.36
2025.04.23 07:43:58 core.spotify_handler INFO     Added Spotify thumbnail: https://i.scdn.co/image/ab67616d0000b273a7aed94e3b542b53edd53a59
2025.04.23 07:43:58 core.spotify_handler INFO     Metadata applied: download/download/Ötede Dur.m4a
2025.04.23 07:45:42 aiogram.event        INFO     Update id=511760823 is handled. Duration 53 ms by bot id=8095621527
2025.04.23 07:45:44 aiogram.event        INFO     Update id=511760824 is handled. Duration 287 ms by bot id=8095621527
2025.04.23 07:46:01 aiogram.event        INFO     Update id=511760825 is handled. Duration 190 ms by bot id=8095621527
2025.04.23 07:46:02 aiogram.event        INFO     Update id=511760826 is handled. Duration 231 ms by bot id=8095621527
2025.04.23 07:46:13 aiogram.event        INFO     Update id=511760827 is handled. Duration 68 ms by bot id=8095621527
2025.04.23 07:46:17 aiogram.event        INFO     Update id=511760828 is handled. Duration 88 ms by bot id=8095621527
2025.04.23 07:46:20 aiogram.event        INFO     Update id=511760829 is handled. Duration 69 ms by bot id=8095621527
2025.04.23 07:46:21 aiogram.event        INFO     Update id=511760830 is handled. Duration 63 ms by bot id=8095621527
2025.04.23 07:46:22 aiogram.event        INFO     Update id=511760831 is handled. Duration 44 ms by bot id=8095621527
2025.04.23 07:46:23 aiogram.event        INFO     Update id=511760832 is handled. Duration 48 ms by bot id=8095621527
2025.04.23 07:46:28 aiogram.event        INFO     Update id=511760833 is handled. Duration 52 ms by bot id=8095621527
2025.04.23 07:46:29 aiogram.event        INFO     Update id=511760834 is handled. Duration 48 ms by bot id=8095621527
2025.04.23 07:46:41 aiogram.event        INFO     Update id=511760835 is handled. Duration 77 ms by bot id=8095621527
2025.04.23 07:46:42 aiogram.event        INFO     Update id=511760836 is handled. Duration 83 ms by bot id=8095621527
2025.04.23 07:46:44 aiogram.event        INFO     Update id=511760837 is handled. Duration 46 ms by bot id=8095621527
2025.04.23 07:46:45 aiogram.event        INFO     Update id=511760838 is handled. Duration 63 ms by bot id=8095621527
2025.04.23 07:46:46 aiogram.event        INFO     Update id=511760839 is handled. Duration 54 ms by bot id=8095621527
2025.04.23 07:46:53 aiogram.event        INFO     Update id=511760840 is handled. Duration 31 ms by bot id=8095621527
2025.04.23 07:48:04 aiogram.dispatcher   WARNING  Received SIGINT signal
2025.04.23 07:48:04 aiogram.dispatcher   INFO     Polling stopped for bot @dllmasterbot id=8095621527 - 'DLLMaster 🍊'
2025.04.23 07:48:04 aiogram.dispatcher   INFO     Polling stopped
2025.04.23 07:48:05 __main__             INFO     🛑 Polling stopped
2025.04.23 07:48:05 __main__             INFO     🔴 Bot stopped
2025.04.23 07:48:14 dotenv.main          WARNING  python-dotenv could not parse statement starting at line 5
2025.04.23 07:48:14 __main__             INFO     🤖 Starting bot...
2025.04.23 07:48:14 __main__             INFO     🚀 Starting bot initialization...
2025.04.23 07:48:14 __main__             INFO     ✅ Database initialized successfully
2025.04.23 07:48:14 core.spotify_handler INFO     Spotify API connection established.
2025.04.23 07:48:14 __main__             INFO     ✅ Spotify service initialized
2025.04.23 07:48:14 core.webprofile      INFO     Seçilmiş User-Agent: Mozilla/5.0 (X11; Linux x86_64) AppleWebKit/537.36 (KHTML, like Gecko) Chrome/122.0.0.0 Safari/537.36
2025.04.23 07:48:14 core.youtube_handler INFO     firefox brauzerindən cookies istifadə edilir.
2025.04.23 07:48:14 __main__             INFO     ✅ YouTube services initialized (firefox)
2025.04.23 07:48:14 __main__             INFO     🔌 Loading plugins...
2025.04.23 07:48:14 __main__             INFO     🔍 Scanning plugins in: plugins
2025.04.23 07:48:14 __main__             INFO     🔄 Loading: plugins.spotify_plugin
2025.04.23 07:48:14 __main__             INFO     ✅ Loaded (sync): plugins.spotify_plugin
2025.04.23 07:48:14 __main__             INFO     🔄 Loading: plugins.menu_plugin
2025.04.23 07:48:14 __main__             INFO     ✅ Loaded (sync): plugins.menu_plugin
2025.04.23 07:48:14 __main__             INFO     🔄 Loading: plugins.sudo_plugin
2025.04.23 07:48:14 __main__             INFO     ✅ Loaded (sync): plugins.sudo_plugin
2025.04.23 07:48:14 __main__             INFO     🔄 Loading: plugins.youtube_plugin
2025.04.23 07:48:14 __main__             INFO     ✅ Loaded (sync): plugins.youtube_plugin
2025.04.23 07:48:14 __main__             INFO     🔄 Loading: plugins.neofetch_plugin
2025.04.23 07:48:14 __main__             INFO     ✅ Loaded (sync): plugins.neofetch_plugin
2025.04.23 07:48:14 __main__             INFO     🔄 Loading: plugins.id_command
2025.04.23 07:48:14 plugins.id_command   INFO     ✅ info_command plugin successfully loaded
2025.04.23 07:48:14 __main__             INFO     ✅ Loaded (async): plugins.id_command
2025.04.23 07:48:14 __main__             INFO     🔄 Loading: plugins.report_plugin
2025.04.23 07:48:14 __main__             INFO     ✅ Loaded (async): plugins.report_plugin
2025.04.23 07:48:14 __main__             INFO     🔄 Loading: plugins.del_plugin
2025.04.23 07:48:14 __main__             INFO     ✅ Loaded (sync): plugins.del_plugin
2025.04.23 07:48:14 __main__             INFO     🔄 Loading: plugins.mutagen
2025.04.23 07:48:14 __main__             ERROR    ❌ Failed to load plugins.mutagen: Passing any additional keyword arguments to the registrar method is not supported.
This error may be caused when you are trying to register filters like in 2.x version of this framework, if it's true just look at correspoding documentation pages.
Please remove the {'commands'} arguments from this call.

(background on this error at: https://docs.aiogram.dev/en/dev-3.x/migration_2_to_3.html#filtering-events)
Traceback (most recent call last):
  File "/home/admin/DLMaster/app.py", line 168, in load_plugins
    module = importlib.import_module(module_name)
             ^^^^^^^^^^^^^^^^^^^^^^^^^^^^^^^^^^^^
  File "/usr/lib/python3.11/importlib/__init__.py", line 126, in import_module
    return _bootstrap._gcd_import(name[level:], package, level)
           ^^^^^^^^^^^^^^^^^^^^^^^^^^^^^^^^^^^^^^^^^^^^^^^^^^^^
  File "<frozen importlib._bootstrap>", line 1206, in _gcd_import
  File "<frozen importlib._bootstrap>", line 1178, in _find_and_load
  File "<frozen importlib._bootstrap>", line 1149, in _find_and_load_unlocked
  File "<frozen importlib._bootstrap>", line 690, in _load_unlocked
  File "<frozen importlib._bootstrap_external>", line 940, in exec_module
  File "<frozen importlib._bootstrap>", line 241, in _call_with_frames_removed
  File "/home/admin/DLMaster/plugins/mutagen.py", line 17, in <module>
    @router.message(commands=["mutagen"])
     ^^^^^^^^^^^^^^^^^^^^^^^^^^^^^^^^^^^^
  File "/home/admin/.local/lib/python3.11/site-packages/aiogram/dispatcher/event/telegram.py", line 138, in wrapper
    self.register(callback, *filters, flags=flags, **kwargs)
  File "/home/admin/.local/lib/python3.11/site-packages/aiogram/dispatcher/event/telegram.py", line 68, in register
    raise UnsupportedKeywordArgument(
aiogram.exceptions.UnsupportedKeywordArgument: Passing any additional keyword arguments to the registrar method is not supported.
This error may be caused when you are trying to register filters like in 2.x version of this framework, if it's true just look at correspoding documentation pages.
Please remove the {'commands'} arguments from this call.

(background on this error at: https://docs.aiogram.dev/en/dev-3.x/migration_2_to_3.html#filtering-events)
2025.04.23 07:48:14 __main__             INFO     🔄 Loading: plugins.music_plugin
2025.04.23 07:48:14 __main__             INFO     ✅ Loaded (sync): plugins.music_plugin
2025.04.23 07:48:14 __main__             INFO     🔄 Loading: plugins.start_plugin
2025.04.23 07:48:14 __main__             INFO     ✅ Loaded (async): plugins.start_plugin
2025.04.23 07:48:14 __main__             INFO     🔄 Loading: plugins.stats_plugin
2025.04.23 07:48:14 __main__             INFO     ✅ Loaded (sync): plugins.stats_plugin
2025.04.23 07:48:14 __main__             INFO     🔄 Loading: plugins.dir_plugin
2025.04.23 07:48:14 __main__             INFO     ✅ Loaded (sync): plugins.dir_plugin
2025.04.23 07:48:14 __main__             INFO     🔄 Loading: plugins.broadcast_plugin
2025.04.23 07:48:14 __main__             INFO     ✅ Loaded (sync): plugins.broadcast_plugin
2025.04.23 07:48:14 __main__             INFO     🔄 Loading: plugins.speedtest_plugin
2025.04.23 07:48:14 __main__             INFO     ✅ Loaded (sync): plugins.speedtest_plugin
2025.04.23 07:48:14 __main__             INFO     🔄 Loading: plugins.bot_logs
2025.04.23 07:48:14 __main__             INFO     ✅ Loaded (async): plugins.bot_logs
2025.04.23 07:48:14 __main__             INFO     🚀 Starting polling...
2025.04.23 07:48:14 aiogram.dispatcher   INFO     Start polling
2025.04.23 07:48:14 aiogram.dispatcher   INFO     Run polling for bot @dllmasterbot id=8095621527 - 'DLLMaster 🍊'
2025.04.23 07:51:36 aiogram.event        INFO     Update id=511760841 is handled. Duration 1 ms by bot id=8095621527
2025.04.23 07:52:34 aiogram.event        INFO     Update id=511760842 is handled. Duration 1 ms by bot id=8095621527
2025.04.23 08:00:49 aiogram.event        INFO     Update id=511760843 is handled. Duration 1 ms by bot id=8095621527
2025.04.23 08:05:27 aiogram.dispatcher   WARNING  Received SIGINT signal
2025.04.23 08:05:27 aiogram.dispatcher   INFO     Polling stopped for bot @dllmasterbot id=8095621527 - 'DLLMaster 🍊'
2025.04.23 08:05:27 aiogram.dispatcher   INFO     Polling stopped
2025.04.23 08:05:27 __main__             INFO     🛑 Polling stopped
2025.04.23 08:05:27 __main__             INFO     🔴 Bot stopped
2025.04.23 08:05:32 dotenv.main          WARNING  python-dotenv could not parse statement starting at line 5
2025.04.23 08:05:32 __main__             INFO     🤖 Starting bot...
2025.04.23 08:05:32 __main__             INFO     🚀 Starting bot initialization...
2025.04.23 08:05:32 __main__             INFO     ✅ Database initialized successfully
2025.04.23 08:05:32 core.spotify_handler INFO     Spotify API connection established.
2025.04.23 08:05:32 __main__             INFO     ✅ Spotify service initialized
2025.04.23 08:05:32 core.webprofile      INFO     Seçilmiş User-Agent: Mozilla/5.0 (X11; Ubuntu; Linux x86_64; rv:120.0) Gecko/20100101 Firefox/120.0
2025.04.23 08:05:32 core.youtube_handler INFO     firefox brauzerindən cookies istifadə edilir.
2025.04.23 08:05:32 __main__             INFO     ✅ YouTube services initialized (firefox)
2025.04.23 08:05:32 __main__             INFO     🔌 Loading plugins...
2025.04.23 08:05:32 __main__             INFO     🔍 Scanning plugins in: plugins
2025.04.23 08:05:32 __main__             INFO     🔄 Loading: plugins.spotify_plugin
2025.04.23 08:05:32 __main__             INFO     ✅ Loaded (sync): plugins.spotify_plugin
2025.04.23 08:05:32 __main__             INFO     🔄 Loading: plugins.menu_plugin
2025.04.23 08:05:32 __main__             INFO     ✅ Loaded (sync): plugins.menu_plugin
2025.04.23 08:05:32 __main__             INFO     🔄 Loading: plugins.sudo_plugin
2025.04.23 08:05:32 __main__             INFO     ✅ Loaded (sync): plugins.sudo_plugin
2025.04.23 08:05:32 __main__             INFO     🔄 Loading: plugins.youtube_plugin
2025.04.23 08:05:32 __main__             INFO     ✅ Loaded (sync): plugins.youtube_plugin
2025.04.23 08:05:32 __main__             INFO     🔄 Loading: plugins.neofetch_plugin
2025.04.23 08:05:32 __main__             INFO     ✅ Loaded (sync): plugins.neofetch_plugin
2025.04.23 08:05:32 __main__             INFO     🔄 Loading: plugins.id_command
2025.04.23 08:05:32 plugins.id_command   INFO     ✅ info_command plugin successfully loaded
2025.04.23 08:05:32 __main__             INFO     ✅ Loaded (async): plugins.id_command
2025.04.23 08:05:32 __main__             INFO     🔄 Loading: plugins.report_plugin
2025.04.23 08:05:32 __main__             INFO     ✅ Loaded (async): plugins.report_plugin
2025.04.23 08:05:32 __main__             INFO     🔄 Loading: plugins.del_plugin
2025.04.23 08:05:32 __main__             INFO     ✅ Loaded (sync): plugins.del_plugin
2025.04.23 08:05:32 __main__             INFO     🔄 Loading: plugins.mutagen
2025.04.23 08:05:32 __main__             ERROR    ❌ Failed to load plugins.mutagen: 'AppContext' object has no attribute 'include_router'
Traceback (most recent call last):
  File "/home/admin/DLMaster/app.py", line 171, in load_plugins
    await module.setup(context)
  File "/home/admin/DLMaster/plugins/mutagen.py", line 177, in setup
    dispatcher.include_router(router)
    ^^^^^^^^^^^^^^^^^^^^^^^^^
AttributeError: 'AppContext' object has no attribute 'include_router'
2025.04.23 08:05:32 __main__             INFO     🔄 Loading: plugins.music_plugin
2025.04.23 08:05:32 __main__             INFO     ✅ Loaded (sync): plugins.music_plugin
2025.04.23 08:05:32 __main__             INFO     🔄 Loading: plugins.start_plugin
2025.04.23 08:05:32 __main__             INFO     ✅ Loaded (async): plugins.start_plugin
2025.04.23 08:05:32 __main__             INFO     🔄 Loading: plugins.stats_plugin
2025.04.23 08:05:32 __main__             INFO     ✅ Loaded (sync): plugins.stats_plugin
2025.04.23 08:05:32 __main__             INFO     🔄 Loading: plugins.dir_plugin
2025.04.23 08:05:32 __main__             INFO     ✅ Loaded (sync): plugins.dir_plugin
2025.04.23 08:05:32 __main__             INFO     🔄 Loading: plugins.broadcast_plugin
2025.04.23 08:05:32 __main__             INFO     ✅ Loaded (sync): plugins.broadcast_plugin
2025.04.23 08:05:32 __main__             INFO     🔄 Loading: plugins.speedtest_plugin
2025.04.23 08:05:32 __main__             INFO     ✅ Loaded (sync): plugins.speedtest_plugin
2025.04.23 08:05:32 __main__             INFO     🔄 Loading: plugins.bot_logs
2025.04.23 08:05:32 __main__             INFO     ✅ Loaded (async): plugins.bot_logs
2025.04.23 08:05:32 __main__             INFO     🚀 Starting polling...
2025.04.23 08:05:32 aiogram.dispatcher   INFO     Start polling
2025.04.23 08:05:32 aiogram.dispatcher   INFO     Run polling for bot @dllmasterbot id=8095621527 - 'DLLMaster 🍊'
2025.04.23 08:07:33 aiogram.event        INFO     Update id=511760844 is not handled. Duration 1 ms by bot id=8095621527
2025.04.23 08:08:41 aiogram.event        INFO     Update id=511760845 is handled. Duration 1 ms by bot id=8095621527
2025.04.23 08:25:30 aiogram.event        INFO     Update id=511760846 is handled. Duration 1 ms by bot id=8095621527
2025.04.23 08:26:01 aiogram.event        INFO     Update id=511760847 is handled. Duration 1 ms by bot id=8095621527
2025.04.23 08:27:12 aiogram.event        INFO     Update id=511760848 is handled. Duration 1 ms by bot id=8095621527
2025.04.23 08:32:00 aiogram.event        INFO     Update id=511760849 is not handled. Duration 1 ms by bot id=8095621527
2025.04.23 08:35:13 aiogram.event        INFO     Update id=511760850 is not handled. Duration 1 ms by bot id=8095621527
2025.04.23 08:35:19 aiogram.event        INFO     Update id=511760851 is not handled. Duration 1 ms by bot id=8095621527
2025.04.23 08:35:23 aiogram.event        INFO     Update id=511760852 is handled. Duration 1 ms by bot id=8095621527
2025.04.23 08:35:27 aiogram.event        INFO     Update id=511760853 is handled. Duration 1 ms by bot id=8095621527
2025.04.23 08:35:56 aiogram.event        INFO     Update id=511760854 is handled. Duration 1 ms by bot id=8095621527
2025.04.23 08:36:28 aiogram.dispatcher   WARNING  Received SIGINT signal
2025.04.23 08:36:28 aiogram.dispatcher   INFO     Polling stopped for bot @dllmasterbot id=8095621527 - 'DLLMaster 🍊'
2025.04.23 08:36:28 aiogram.dispatcher   INFO     Polling stopped
2025.04.23 08:36:28 __main__             INFO     🛑 Polling stopped
2025.04.23 08:36:28 __main__             INFO     🔴 Bot stopped
2025.04.23 08:36:33 dotenv.main          WARNING  python-dotenv could not parse statement starting at line 5
2025.04.23 08:36:33 __main__             INFO     🤖 Starting bot...
2025.04.23 08:36:33 __main__             INFO     🚀 Starting bot initialization...
2025.04.23 08:36:33 __main__             INFO     ✅ Database initialized successfully
2025.04.23 08:36:33 core.spotify_handler INFO     Spotify API connection established.
2025.04.23 08:36:33 __main__             INFO     ✅ Spotify service initialized
2025.04.23 08:36:33 core.webprofile      INFO     Seçilmiş User-Agent: Mozilla/5.0 (Windows NT 10.0; Win64; x64; rv:120.0) Gecko/20100101 Firefox/120.0
2025.04.23 08:36:33 core.youtube_handler INFO     firefox brauzerindən cookies istifadə edilir.
2025.04.23 08:36:33 __main__             INFO     ✅ YouTube services initialized (firefox)
2025.04.23 08:36:33 __main__             INFO     🔌 Loading plugins...
2025.04.23 08:36:33 __main__             INFO     🔍 Scanning plugins in: plugins
2025.04.23 08:36:33 __main__             INFO     🔄 Loading: plugins.spotify_plugin
2025.04.23 08:36:33 __main__             INFO     ✅ Loaded (sync): plugins.spotify_plugin
2025.04.23 08:36:33 __main__             INFO     🔄 Loading: plugins.menu_plugin
2025.04.23 08:36:33 __main__             INFO     ✅ Loaded (sync): plugins.menu_plugin
2025.04.23 08:36:33 __main__             INFO     🔄 Loading: plugins.sudo_plugin
2025.04.23 08:36:33 __main__             INFO     ✅ Loaded (sync): plugins.sudo_plugin
2025.04.23 08:36:33 __main__             INFO     🔄 Loading: plugins.youtube_plugin
2025.04.23 08:36:33 __main__             INFO     ✅ Loaded (sync): plugins.youtube_plugin
2025.04.23 08:36:33 __main__             INFO     🔄 Loading: plugins.neofetch_plugin
2025.04.23 08:36:33 __main__             INFO     ✅ Loaded (sync): plugins.neofetch_plugin
2025.04.23 08:36:33 __main__             INFO     🔄 Loading: plugins.id_command
2025.04.23 08:36:33 plugins.id_command   INFO     ✅ info_command plugin successfully loaded
2025.04.23 08:36:33 __main__             INFO     ✅ Loaded (async): plugins.id_command
2025.04.23 08:36:33 __main__             INFO     🔄 Loading: plugins.report_plugin
2025.04.23 08:36:33 __main__             INFO     ✅ Loaded (async): plugins.report_plugin
2025.04.23 08:36:33 __main__             INFO     🔄 Loading: plugins.del_plugin
2025.04.23 08:36:33 __main__             INFO     ✅ Loaded (sync): plugins.del_plugin
2025.04.23 08:36:33 __main__             INFO     🔄 Loading: plugins.mutagen
2025.04.23 08:36:33 __main__             ERROR    ❌ Failed to load plugins.mutagen: 'AppContext' object has no attribute 'register_message_handler'
Traceback (most recent call last):
  File "/home/admin/DLMaster/app.py", line 171, in load_plugins
    await module.setup(context)
  File "/home/admin/DLMaster/plugins/mutagen.py", line 18, in setup
    dp.register_message_handler(mutagen_command, commands=["mutagen"])
    ^^^^^^^^^^^^^^^^^^^^^^^^^^^
AttributeError: 'AppContext' object has no attribute 'register_message_handler'
2025.04.23 08:36:33 __main__             INFO     🔄 Loading: plugins.music_plugin
2025.04.23 08:36:33 __main__             INFO     ✅ Loaded (sync): plugins.music_plugin
2025.04.23 08:36:33 __main__             INFO     🔄 Loading: plugins.start_plugin
2025.04.23 08:36:33 __main__             INFO     ✅ Loaded (async): plugins.start_plugin
2025.04.23 08:36:33 __main__             INFO     🔄 Loading: plugins.stats_plugin
2025.04.23 08:36:33 __main__             INFO     ✅ Loaded (sync): plugins.stats_plugin
2025.04.23 08:36:33 __main__             INFO     🔄 Loading: plugins.dir_plugin
2025.04.23 08:36:33 __main__             INFO     ✅ Loaded (sync): plugins.dir_plugin
2025.04.23 08:36:33 __main__             INFO     🔄 Loading: plugins.broadcast_plugin
2025.04.23 08:36:33 __main__             INFO     ✅ Loaded (sync): plugins.broadcast_plugin
2025.04.23 08:36:33 __main__             INFO     🔄 Loading: plugins.speedtest_plugin
2025.04.23 08:36:33 __main__             INFO     ✅ Loaded (sync): plugins.speedtest_plugin
2025.04.23 08:36:33 __main__             INFO     🔄 Loading: plugins.bot_logs
2025.04.23 08:36:33 __main__             INFO     ✅ Loaded (async): plugins.bot_logs
2025.04.23 08:36:33 __main__             INFO     🚀 Starting polling...
2025.04.23 08:36:33 aiogram.dispatcher   INFO     Start polling
2025.04.23 08:36:33 aiogram.dispatcher   INFO     Run polling for bot @dllmasterbot id=8095621527 - 'DLLMaster 🍊'
2025.04.23 08:38:57 aiogram.dispatcher   WARNING  Received SIGINT signal
2025.04.23 08:38:57 aiogram.dispatcher   INFO     Polling stopped for bot @dllmasterbot id=8095621527 - 'DLLMaster 🍊'
2025.04.23 08:38:57 aiogram.dispatcher   INFO     Polling stopped
2025.04.23 08:38:58 __main__             INFO     🛑 Polling stopped
2025.04.23 08:38:58 __main__             INFO     🔴 Bot stopped
2025.04.23 08:39:03 dotenv.main          WARNING  python-dotenv could not parse statement starting at line 5
2025.04.23 08:39:03 __main__             INFO     🤖 Starting bot...
2025.04.23 08:39:03 __main__             INFO     🚀 Starting bot initialization...
2025.04.23 08:39:03 __main__             INFO     ✅ Database initialized successfully
2025.04.23 08:39:03 core.spotify_handler INFO     Spotify API connection established.
2025.04.23 08:39:03 __main__             INFO     ✅ Spotify service initialized
2025.04.23 08:39:03 core.webprofile      INFO     Seçilmiş User-Agent: Mozilla/5.0 (Macintosh; Intel Mac OS X 10_15_7) AppleWebKit/537.36 (KHTML, like Gecko) Chrome/122.0.0.0 Safari/537.36
2025.04.23 08:39:03 core.youtube_handler INFO     firefox brauzerindən cookies istifadə edilir.
2025.04.23 08:39:03 __main__             INFO     ✅ YouTube services initialized (firefox)
2025.04.23 08:39:03 __main__             INFO     🔌 Loading plugins...
2025.04.23 08:39:03 __main__             INFO     🔍 Scanning plugins in: plugins
2025.04.23 08:39:03 __main__             INFO     🔄 Loading: plugins.spotify_plugin
2025.04.23 08:39:03 __main__             INFO     ✅ Loaded (sync): plugins.spotify_plugin
2025.04.23 08:39:03 __main__             INFO     🔄 Loading: plugins.menu_plugin
2025.04.23 08:39:03 __main__             INFO     ✅ Loaded (sync): plugins.menu_plugin
2025.04.23 08:39:03 __main__             INFO     🔄 Loading: plugins.sudo_plugin
2025.04.23 08:39:03 __main__             INFO     ✅ Loaded (sync): plugins.sudo_plugin
2025.04.23 08:39:03 __main__             INFO     🔄 Loading: plugins.youtube_plugin
2025.04.23 08:39:03 __main__             INFO     ✅ Loaded (sync): plugins.youtube_plugin
2025.04.23 08:39:03 __main__             INFO     🔄 Loading: plugins.neofetch_plugin
2025.04.23 08:39:03 __main__             INFO     ✅ Loaded (sync): plugins.neofetch_plugin
2025.04.23 08:39:03 __main__             INFO     🔄 Loading: plugins.id_command
2025.04.23 08:39:03 plugins.id_command   INFO     ✅ info_command plugin successfully loaded
2025.04.23 08:39:03 __main__             INFO     ✅ Loaded (async): plugins.id_command
2025.04.23 08:39:03 __main__             INFO     🔄 Loading: plugins.report_plugin
2025.04.23 08:39:03 __main__             INFO     ✅ Loaded (async): plugins.report_plugin
2025.04.23 08:39:03 __main__             INFO     🔄 Loading: plugins.del_plugin
2025.04.23 08:39:03 __main__             INFO     ✅ Loaded (sync): plugins.del_plugin
2025.04.23 08:39:03 __main__             INFO     🔄 Loading: plugins.mutagen
2025.04.23 08:39:03 __main__             ERROR    ❌ Failed to load plugins.mutagen: 'AppContext' object has no attribute 'include_router'
Traceback (most recent call last):
  File "/home/admin/DLMaster/app.py", line 171, in load_plugins
    await module.setup(context)
  File "/home/admin/DLMaster/plugins/mutagen.py", line 161, in setup
    dp.include_router(router)
    ^^^^^^^^^^^^^^^^^
AttributeError: 'AppContext' object has no attribute 'include_router'
2025.04.23 08:39:03 __main__             INFO     🔄 Loading: plugins.music_plugin
2025.04.23 08:39:03 __main__             INFO     ✅ Loaded (sync): plugins.music_plugin
2025.04.23 08:39:03 __main__             INFO     🔄 Loading: plugins.start_plugin
2025.04.23 08:39:03 __main__             INFO     ✅ Loaded (async): plugins.start_plugin
2025.04.23 08:39:03 __main__             INFO     🔄 Loading: plugins.stats_plugin
2025.04.23 08:39:03 __main__             INFO     ✅ Loaded (sync): plugins.stats_plugin
2025.04.23 08:39:03 __main__             INFO     🔄 Loading: plugins.dir_plugin
2025.04.23 08:39:03 __main__             INFO     ✅ Loaded (sync): plugins.dir_plugin
2025.04.23 08:39:03 __main__             INFO     🔄 Loading: plugins.broadcast_plugin
2025.04.23 08:39:03 __main__             INFO     ✅ Loaded (sync): plugins.broadcast_plugin
2025.04.23 08:39:03 __main__             INFO     🔄 Loading: plugins.speedtest_plugin
2025.04.23 08:39:03 __main__             INFO     ✅ Loaded (sync): plugins.speedtest_plugin
2025.04.23 08:39:03 __main__             INFO     🔄 Loading: plugins.bot_logs
2025.04.23 08:39:03 __main__             INFO     ✅ Loaded (async): plugins.bot_logs
2025.04.23 08:39:03 __main__             INFO     🚀 Starting polling...
2025.04.23 08:39:03 aiogram.dispatcher   INFO     Start polling
2025.04.23 08:39:03 aiogram.dispatcher   INFO     Run polling for bot @dllmasterbot id=8095621527 - 'DLLMaster 🍊'
2025.04.23 08:40:51 aiogram.dispatcher   WARNING  Received SIGINT signal
2025.04.23 08:40:51 aiogram.dispatcher   INFO     Polling stopped for bot @dllmasterbot id=8095621527 - 'DLLMaster 🍊'
2025.04.23 08:40:51 aiogram.dispatcher   INFO     Polling stopped
2025.04.23 08:40:52 __main__             INFO     🛑 Polling stopped
2025.04.23 08:40:52 __main__             INFO     🔴 Bot stopped
2025.04.23 08:40:57 dotenv.main          WARNING  python-dotenv could not parse statement starting at line 5
2025.04.23 08:40:57 __main__             INFO     🤖 Starting bot...
2025.04.23 08:40:57 __main__             INFO     🚀 Starting bot initialization...
2025.04.23 08:40:57 __main__             INFO     ✅ Database initialized successfully
2025.04.23 08:40:57 core.spotify_handler INFO     Spotify API connection established.
2025.04.23 08:40:57 __main__             INFO     ✅ Spotify service initialized
2025.04.23 08:40:57 core.webprofile      INFO     Seçilmiş User-Agent: Mozilla/5.0 (Macintosh; Intel Mac OS X 10_15_7) AppleWebKit/537.36 (KHTML, like Gecko) Chrome/122.0.0.0 Safari/537.36
2025.04.23 08:40:57 core.youtube_handler INFO     firefox brauzerindən cookies istifadə edilir.
2025.04.23 08:40:57 __main__             INFO     ✅ YouTube services initialized (firefox)
2025.04.23 08:40:57 __main__             INFO     🔌 Loading plugins...
2025.04.23 08:40:57 __main__             INFO     🔍 Scanning plugins in: plugins
2025.04.23 08:40:57 __main__             INFO     🔄 Loading: plugins.spotify_plugin
2025.04.23 08:40:57 __main__             INFO     ✅ Loaded (sync): plugins.spotify_plugin
2025.04.23 08:40:57 __main__             INFO     🔄 Loading: plugins.menu_plugin
2025.04.23 08:40:57 __main__             INFO     ✅ Loaded (sync): plugins.menu_plugin
2025.04.23 08:40:57 __main__             INFO     🔄 Loading: plugins.sudo_plugin
2025.04.23 08:40:57 __main__             INFO     ✅ Loaded (sync): plugins.sudo_plugin
2025.04.23 08:40:57 __main__             INFO     🔄 Loading: plugins.youtube_plugin
2025.04.23 08:40:57 __main__             INFO     ✅ Loaded (sync): plugins.youtube_plugin
2025.04.23 08:40:57 __main__             INFO     🔄 Loading: plugins.neofetch_plugin
2025.04.23 08:40:57 __main__             INFO     ✅ Loaded (sync): plugins.neofetch_plugin
2025.04.23 08:40:57 __main__             INFO     🔄 Loading: plugins.id_command
2025.04.23 08:40:57 plugins.id_command   INFO     ✅ info_command plugin successfully loaded
2025.04.23 08:40:57 __main__             INFO     ✅ Loaded (async): plugins.id_command
2025.04.23 08:40:57 __main__             INFO     🔄 Loading: plugins.report_plugin
2025.04.23 08:40:57 __main__             INFO     ✅ Loaded (async): plugins.report_plugin
2025.04.23 08:40:57 __main__             INFO     🔄 Loading: plugins.del_plugin
2025.04.23 08:40:57 __main__             INFO     ✅ Loaded (sync): plugins.del_plugin
2025.04.23 08:40:57 __main__             INFO     🔄 Loading: plugins.mutagen
2025.04.23 08:40:57 __main__             ERROR    ❌ Failed to load plugins.mutagen: 'AppContext' object has no attribute 'include_router'
Traceback (most recent call last):
  File "/home/admin/DLMaster/app.py", line 171, in load_plugins
    await module.setup(context)
  File "/home/admin/DLMaster/plugins/mutagen.py", line 148, in setup
    dp.include_router(router)
    ^^^^^^^^^^^^^^^^^
AttributeError: 'AppContext' object has no attribute 'include_router'
2025.04.23 08:40:57 __main__             INFO     🔄 Loading: plugins.music_plugin
2025.04.23 08:40:57 __main__             INFO     ✅ Loaded (sync): plugins.music_plugin
2025.04.23 08:40:57 __main__             INFO     🔄 Loading: plugins.start_plugin
2025.04.23 08:40:57 __main__             INFO     ✅ Loaded (async): plugins.start_plugin
2025.04.23 08:40:57 __main__             INFO     🔄 Loading: plugins.stats_plugin
2025.04.23 08:40:57 __main__             INFO     ✅ Loaded (sync): plugins.stats_plugin
2025.04.23 08:40:57 __main__             INFO     🔄 Loading: plugins.dir_plugin
2025.04.23 08:40:57 __main__             INFO     ✅ Loaded (sync): plugins.dir_plugin
2025.04.23 08:40:57 __main__             INFO     🔄 Loading: plugins.broadcast_plugin
2025.04.23 08:40:57 __main__             INFO     ✅ Loaded (sync): plugins.broadcast_plugin
2025.04.23 08:40:57 __main__             INFO     🔄 Loading: plugins.speedtest_plugin
2025.04.23 08:40:57 __main__             INFO     ✅ Loaded (sync): plugins.speedtest_plugin
2025.04.23 08:40:57 __main__             INFO     🔄 Loading: plugins.bot_logs
2025.04.23 08:40:57 __main__             INFO     ✅ Loaded (async): plugins.bot_logs
2025.04.23 08:40:57 __main__             INFO     🚀 Starting polling...
2025.04.23 08:40:57 aiogram.dispatcher   INFO     Start polling
2025.04.23 08:40:57 aiogram.dispatcher   INFO     Run polling for bot @dllmasterbot id=8095621527 - 'DLLMaster 🍊'
2025.04.23 08:41:15 aiogram.dispatcher   WARNING  Received SIGINT signal
2025.04.23 08:41:15 aiogram.dispatcher   INFO     Polling stopped for bot @dllmasterbot id=8095621527 - 'DLLMaster 🍊'
2025.04.23 08:41:15 aiogram.dispatcher   INFO     Polling stopped
2025.04.23 08:41:15 __main__             INFO     🛑 Polling stopped
2025.04.23 08:41:15 __main__             INFO     🔴 Bot stopped
2025.04.23 08:41:21 dotenv.main          WARNING  python-dotenv could not parse statement starting at line 5
2025.04.23 08:41:21 __main__             INFO     🤖 Starting bot...
2025.04.23 08:41:21 __main__             INFO     🚀 Starting bot initialization...
2025.04.23 08:41:21 __main__             INFO     ✅ Database initialized successfully
2025.04.23 08:41:21 core.spotify_handler INFO     Spotify API connection established.
2025.04.23 08:41:21 __main__             INFO     ✅ Spotify service initialized
2025.04.23 08:41:21 core.webprofile      INFO     Seçilmiş User-Agent: Mozilla/5.0 (iPhone; CPU iPhone OS 17_2 like Mac OS X) AppleWebKit/605.1.15 (KHTML, like Gecko) Version/17.2 Mobile/15E148 Safari/604.1
2025.04.23 08:41:21 core.youtube_handler INFO     firefox brauzerindən cookies istifadə edilir.
2025.04.23 08:41:21 __main__             INFO     ✅ YouTube services initialized (firefox)
2025.04.23 08:41:21 __main__             INFO     🔌 Loading plugins...
2025.04.23 08:41:21 __main__             INFO     🔍 Scanning plugins in: plugins
2025.04.23 08:41:21 __main__             INFO     🔄 Loading: plugins.spotify_plugin
2025.04.23 08:41:21 __main__             INFO     ✅ Loaded (sync): plugins.spotify_plugin
2025.04.23 08:41:21 __main__             INFO     🔄 Loading: plugins.menu_plugin
2025.04.23 08:41:21 __main__             INFO     ✅ Loaded (sync): plugins.menu_plugin
2025.04.23 08:41:21 __main__             INFO     🔄 Loading: plugins.sudo_plugin
2025.04.23 08:41:21 __main__             INFO     ✅ Loaded (sync): plugins.sudo_plugin
2025.04.23 08:41:21 __main__             INFO     🔄 Loading: plugins.youtube_plugin
2025.04.23 08:41:21 __main__             INFO     ✅ Loaded (sync): plugins.youtube_plugin
2025.04.23 08:41:21 __main__             INFO     🔄 Loading: plugins.neofetch_plugin
2025.04.23 08:41:21 __main__             INFO     ✅ Loaded (sync): plugins.neofetch_plugin
2025.04.23 08:41:21 __main__             INFO     🔄 Loading: plugins.id_command
2025.04.23 08:41:21 plugins.id_command   INFO     ✅ info_command plugin successfully loaded
2025.04.23 08:41:21 __main__             INFO     ✅ Loaded (async): plugins.id_command
2025.04.23 08:41:21 __main__             INFO     🔄 Loading: plugins.report_plugin
2025.04.23 08:41:21 __main__             INFO     ✅ Loaded (async): plugins.report_plugin
2025.04.23 08:41:21 __main__             INFO     🔄 Loading: plugins.del_plugin
2025.04.23 08:41:21 __main__             INFO     ✅ Loaded (sync): plugins.del_plugin
2025.04.23 08:41:21 __main__             INFO     🔄 Loading: plugins.mutagen
2025.04.23 08:41:21 __main__             ERROR    ❌ Failed to load plugins.mutagen: 'AppContext' object has no attribute 'register_message_handler'
Traceback (most recent call last):
  File "/home/admin/DLMaster/app.py", line 171, in load_plugins
    await module.setup(context)
  File "/home/admin/DLMaster/plugins/mutagen.py", line 18, in setup
    dp.register_message_handler(mutagen_command, commands=["mutagen"])
    ^^^^^^^^^^^^^^^^^^^^^^^^^^^
AttributeError: 'AppContext' object has no attribute 'register_message_handler'
2025.04.23 08:41:21 __main__             INFO     🔄 Loading: plugins.music_plugin
2025.04.23 08:41:21 __main__             INFO     ✅ Loaded (sync): plugins.music_plugin
2025.04.23 08:41:21 __main__             INFO     🔄 Loading: plugins.start_plugin
2025.04.23 08:41:21 __main__             INFO     ✅ Loaded (async): plugins.start_plugin
2025.04.23 08:41:21 __main__             INFO     🔄 Loading: plugins.stats_plugin
2025.04.23 08:41:21 __main__             INFO     ✅ Loaded (sync): plugins.stats_plugin
2025.04.23 08:41:21 __main__             INFO     🔄 Loading: plugins.dir_plugin
2025.04.23 08:41:21 __main__             INFO     ✅ Loaded (sync): plugins.dir_plugin
2025.04.23 08:41:21 __main__             INFO     🔄 Loading: plugins.broadcast_plugin
2025.04.23 08:41:21 __main__             INFO     ✅ Loaded (sync): plugins.broadcast_plugin
2025.04.23 08:41:21 __main__             INFO     🔄 Loading: plugins.speedtest_plugin
2025.04.23 08:41:21 __main__             INFO     ✅ Loaded (sync): plugins.speedtest_plugin
2025.04.23 08:41:21 __main__             INFO     🔄 Loading: plugins.bot_logs
2025.04.23 08:41:21 __main__             INFO     ✅ Loaded (async): plugins.bot_logs
2025.04.23 08:41:21 __main__             INFO     🚀 Starting polling...
2025.04.23 08:41:21 aiogram.dispatcher   INFO     Start polling
2025.04.23 08:41:21 aiogram.dispatcher   INFO     Run polling for bot @dllmasterbot id=8095621527 - 'DLLMaster 🍊'
2025.04.23 08:46:49 aiogram.event        INFO     Update id=511760855 is handled. Duration 1 ms by bot id=8095621527
2025.04.23 08:46:50 aiogram.event        INFO     Update id=511760856 is handled. Duration 1 ms by bot id=8095621527
2025.04.23 08:54:05 aiogram.dispatcher   WARNING  Received SIGINT signal
2025.04.23 08:54:05 aiogram.dispatcher   INFO     Polling stopped for bot @dllmasterbot id=8095621527 - 'DLLMaster 🍊'
2025.04.23 08:54:05 aiogram.dispatcher   INFO     Polling stopped
2025.04.23 08:54:05 __main__             INFO     🛑 Polling stopped
2025.04.23 08:54:05 __main__             INFO     🔴 Bot stopped
2025.04.23 08:54:11 dotenv.main          WARNING  python-dotenv could not parse statement starting at line 5
2025.04.23 08:54:11 __main__             INFO     🤖 Starting bot...
2025.04.23 08:54:11 __main__             INFO     🚀 Starting bot initialization...
2025.04.23 08:54:11 __main__             INFO     ✅ Database initialized successfully
2025.04.23 08:54:11 core.spotify_handler INFO     Spotify API connection established.
2025.04.23 08:54:11 __main__             INFO     ✅ Spotify service initialized
2025.04.23 08:54:11 core.webprofile      INFO     Seçilmiş User-Agent: Mozilla/5.0 (Linux; Android 14; Pixel 8 Pro) AppleWebKit/537.36 (KHTML, like Gecko) Chrome/122.0.0.0 Mobile Safari/537.36
2025.04.23 08:54:11 core.youtube_handler INFO     firefox brauzerindən cookies istifadə edilir.
2025.04.23 08:54:11 __main__             INFO     ✅ YouTube services initialized (firefox)
2025.04.23 08:54:11 __main__             INFO     🔌 Loading plugins...
2025.04.23 08:54:11 __main__             INFO     🔍 Scanning plugins in: plugins
2025.04.23 08:54:11 __main__             INFO     🔄 Loading: plugins.spotify_plugin
2025.04.23 08:54:11 __main__             INFO     ✅ Loaded (sync): plugins.spotify_plugin
2025.04.23 08:54:11 __main__             INFO     🔄 Loading: plugins.menu_plugin
2025.04.23 08:54:11 __main__             INFO     ✅ Loaded (sync): plugins.menu_plugin
2025.04.23 08:54:11 __main__             INFO     🔄 Loading: plugins.sudo_plugin
2025.04.23 08:54:11 __main__             INFO     ✅ Loaded (sync): plugins.sudo_plugin
2025.04.23 08:54:11 __main__             INFO     🔄 Loading: plugins.youtube_plugin
2025.04.23 08:54:11 __main__             INFO     ✅ Loaded (sync): plugins.youtube_plugin
2025.04.23 08:54:11 __main__             INFO     🔄 Loading: plugins.neofetch_plugin
2025.04.23 08:54:11 __main__             INFO     ✅ Loaded (sync): plugins.neofetch_plugin
2025.04.23 08:54:11 __main__             INFO     🔄 Loading: plugins.id_command
2025.04.23 08:54:11 plugins.id_command   INFO     ✅ info_command plugin successfully loaded
2025.04.23 08:54:11 __main__             INFO     ✅ Loaded (async): plugins.id_command
2025.04.23 08:54:11 __main__             INFO     🔄 Loading: plugins.report_plugin
2025.04.23 08:54:11 __main__             INFO     ✅ Loaded (async): plugins.report_plugin
2025.04.23 08:54:11 __main__             INFO     🔄 Loading: plugins.del_plugin
2025.04.23 08:54:11 __main__             INFO     ✅ Loaded (sync): plugins.del_plugin
2025.04.23 08:54:11 __main__             INFO     🔄 Loading: plugins.mutagen
2025.04.23 08:54:11 __main__             WARNING  ⚠️ No setup() in: plugins.mutagen
2025.04.23 08:54:11 __main__             INFO     🔄 Loading: plugins.music_plugin
2025.04.23 08:54:11 __main__             INFO     ✅ Loaded (sync): plugins.music_plugin
2025.04.23 08:54:11 __main__             INFO     🔄 Loading: plugins.start_plugin
2025.04.23 08:54:11 __main__             INFO     ✅ Loaded (async): plugins.start_plugin
2025.04.23 08:54:11 __main__             INFO     🔄 Loading: plugins.stats_plugin
2025.04.23 08:54:11 __main__             INFO     ✅ Loaded (sync): plugins.stats_plugin
2025.04.23 08:54:11 __main__             INFO     🔄 Loading: plugins.dir_plugin
2025.04.23 08:54:11 __main__             INFO     ✅ Loaded (sync): plugins.dir_plugin
2025.04.23 08:54:11 __main__             INFO     🔄 Loading: plugins.broadcast_plugin
2025.04.23 08:54:11 __main__             INFO     ✅ Loaded (sync): plugins.broadcast_plugin
2025.04.23 08:54:11 __main__             INFO     🔄 Loading: plugins.speedtest_plugin
2025.04.23 08:54:11 __main__             INFO     ✅ Loaded (sync): plugins.speedtest_plugin
2025.04.23 08:54:11 __main__             INFO     🔄 Loading: plugins.bot_logs
2025.04.23 08:54:11 __main__             INFO     ✅ Loaded (async): plugins.bot_logs
2025.04.23 08:54:11 __main__             INFO     🚀 Starting polling...
2025.04.23 08:54:11 aiogram.dispatcher   INFO     Start polling
2025.04.23 08:54:11 aiogram.dispatcher   INFO     Run polling for bot @dllmasterbot id=8095621527 - 'DLLMaster 🍊'
2025.04.23 08:54:27 aiogram.event        INFO     Update id=511760857 is handled. Duration 110 ms by bot id=8095621527
2025.04.23 08:54:38 aiogram.event        INFO     Update id=511760858 is not handled. Duration 1 ms by bot id=8095621527
2025.04.23 08:55:28 aiogram.dispatcher   WARNING  Received SIGINT signal
2025.04.23 08:55:28 aiogram.dispatcher   INFO     Polling stopped for bot @dllmasterbot id=8095621527 - 'DLLMaster 🍊'
2025.04.23 08:55:28 aiogram.dispatcher   INFO     Polling stopped
2025.04.23 08:55:28 __main__             INFO     🛑 Polling stopped
2025.04.23 08:55:28 __main__             INFO     🔴 Bot stopped
2025.04.23 08:55:33 dotenv.main          WARNING  python-dotenv could not parse statement starting at line 5
2025.04.23 08:55:33 __main__             INFO     🤖 Starting bot...
2025.04.23 08:55:33 __main__             INFO     🚀 Starting bot initialization...
2025.04.23 08:55:33 __main__             INFO     ✅ Database initialized successfully
2025.04.23 08:55:33 core.spotify_handler INFO     Spotify API connection established.
2025.04.23 08:55:33 __main__             INFO     ✅ Spotify service initialized
2025.04.23 08:55:33 core.webprofile      INFO     Seçilmiş User-Agent: Mozilla/5.0 (Linux; Android 14; SM-G998B) AppleWebKit/537.36 (KHTML, like Gecko) Chrome/122.0.0.0 Mobile Safari/537.36
2025.04.23 08:55:33 core.youtube_handler INFO     firefox brauzerindən cookies istifadə edilir.
2025.04.23 08:55:33 __main__             INFO     ✅ YouTube services initialized (firefox)
2025.04.23 08:55:33 __main__             INFO     🔌 Loading plugins...
2025.04.23 08:55:33 __main__             INFO     🔍 Scanning plugins in: plugins
2025.04.23 08:55:33 __main__             INFO     🔄 Loading: plugins.spotify_plugin
2025.04.23 08:55:33 __main__             INFO     ✅ Loaded (sync): plugins.spotify_plugin
2025.04.23 08:55:33 __main__             INFO     🔄 Loading: plugins.menu_plugin
2025.04.23 08:55:33 __main__             INFO     ✅ Loaded (sync): plugins.menu_plugin
2025.04.23 08:55:33 __main__             INFO     🔄 Loading: plugins.sudo_plugin
2025.04.23 08:55:33 __main__             INFO     ✅ Loaded (sync): plugins.sudo_plugin
2025.04.23 08:55:33 __main__             INFO     🔄 Loading: plugins.youtube_plugin
2025.04.23 08:55:33 __main__             INFO     ✅ Loaded (sync): plugins.youtube_plugin
2025.04.23 08:55:33 __main__             INFO     🔄 Loading: plugins.neofetch_plugin
2025.04.23 08:55:33 __main__             INFO     ✅ Loaded (sync): plugins.neofetch_plugin
2025.04.23 08:55:33 __main__             INFO     🔄 Loading: plugins.id_command
2025.04.23 08:55:33 plugins.id_command   INFO     ✅ info_command plugin successfully loaded
2025.04.23 08:55:33 __main__             INFO     ✅ Loaded (async): plugins.id_command
2025.04.23 08:55:33 __main__             INFO     🔄 Loading: plugins.report_plugin
2025.04.23 08:55:33 __main__             INFO     ✅ Loaded (async): plugins.report_plugin
2025.04.23 08:55:33 __main__             INFO     🔄 Loading: plugins.del_plugin
2025.04.23 08:55:33 __main__             INFO     ✅ Loaded (sync): plugins.del_plugin
2025.04.23 08:55:33 __main__             INFO     🔄 Loading: plugins.mutagen
2025.04.23 08:55:33 __main__             WARNING  ⚠️ No setup() in: plugins.mutagen
2025.04.23 08:55:33 __main__             INFO     🔄 Loading: plugins.music_plugin
2025.04.23 08:55:33 __main__             INFO     ✅ Loaded (sync): plugins.music_plugin
2025.04.23 08:55:33 __main__             INFO     🔄 Loading: plugins.start_plugin
2025.04.23 08:55:33 __main__             INFO     ✅ Loaded (async): plugins.start_plugin
2025.04.23 08:55:33 __main__             INFO     🔄 Loading: plugins.stats_plugin
2025.04.23 08:55:33 __main__             INFO     ✅ Loaded (sync): plugins.stats_plugin
2025.04.23 08:55:33 __main__             INFO     🔄 Loading: plugins.dir_plugin
2025.04.23 08:55:33 __main__             INFO     ✅ Loaded (sync): plugins.dir_plugin
2025.04.23 08:55:33 __main__             INFO     🔄 Loading: plugins.broadcast_plugin
2025.04.23 08:55:33 __main__             INFO     ✅ Loaded (sync): plugins.broadcast_plugin
2025.04.23 08:55:33 __main__             INFO     🔄 Loading: plugins.speedtest_plugin
2025.04.23 08:55:33 __main__             INFO     ✅ Loaded (sync): plugins.speedtest_plugin
2025.04.23 08:55:33 __main__             INFO     🔄 Loading: plugins.bot_logs
2025.04.23 08:55:33 __main__             INFO     ✅ Loaded (async): plugins.bot_logs
2025.04.23 08:55:33 __main__             INFO     🚀 Starting polling...
2025.04.23 08:55:33 aiogram.dispatcher   INFO     Start polling
2025.04.23 08:55:33 aiogram.dispatcher   INFO     Run polling for bot @dllmasterbot id=8095621527 - 'DLLMaster 🍊'
2025.04.23 08:55:37 aiogram.event        INFO     Update id=511760859 is not handled. Duration 1 ms by bot id=8095621527
2025.04.23 08:55:43 aiogram.event        INFO     Update id=511760860 is not handled. Duration 1 ms by bot id=8095621527
2025.04.23 08:55:44 aiogram.event        INFO     Update id=511760861 is not handled. Duration 1 ms by bot id=8095621527
2025.04.23 08:56:44 aiogram.dispatcher   WARNING  Received SIGINT signal
2025.04.23 08:56:44 aiogram.dispatcher   INFO     Polling stopped for bot @dllmasterbot id=8095621527 - 'DLLMaster 🍊'
2025.04.23 08:56:44 aiogram.dispatcher   INFO     Polling stopped
2025.04.23 08:56:44 __main__             INFO     🛑 Polling stopped
2025.04.23 08:56:44 __main__             INFO     🔴 Bot stopped
2025.04.23 08:56:49 dotenv.main          WARNING  python-dotenv could not parse statement starting at line 5
2025.04.23 08:56:49 __main__             INFO     🤖 Starting bot...
2025.04.23 08:56:49 __main__             INFO     🚀 Starting bot initialization...
2025.04.23 08:56:49 __main__             INFO     ✅ Database initialized successfully
2025.04.23 08:56:49 core.spotify_handler INFO     Spotify API connection established.
2025.04.23 08:56:49 __main__             INFO     ✅ Spotify service initialized
2025.04.23 08:56:49 core.webprofile      INFO     Seçilmiş User-Agent: Mozilla/5.0 (iPad; CPU OS 17_2 like Mac OS X) AppleWebKit/605.1.15 (KHTML, like Gecko) Version/17.2 Mobile/15E148 Safari/604.1
2025.04.23 08:56:49 core.youtube_handler INFO     firefox brauzerindən cookies istifadə edilir.
2025.04.23 08:56:49 __main__             INFO     ✅ YouTube services initialized (firefox)
2025.04.23 08:56:49 __main__             INFO     🔌 Loading plugins...
2025.04.23 08:56:49 __main__             INFO     🔍 Scanning plugins in: plugins
2025.04.23 08:56:49 __main__             INFO     🔄 Loading: plugins.spotify_plugin
2025.04.23 08:56:49 __main__             INFO     ✅ Loaded (sync): plugins.spotify_plugin
2025.04.23 08:56:49 __main__             INFO     🔄 Loading: plugins.menu_plugin
2025.04.23 08:56:49 __main__             INFO     ✅ Loaded (sync): plugins.menu_plugin
2025.04.23 08:56:49 __main__             INFO     🔄 Loading: plugins.sudo_plugin
2025.04.23 08:56:49 __main__             INFO     ✅ Loaded (sync): plugins.sudo_plugin
2025.04.23 08:56:49 __main__             INFO     🔄 Loading: plugins.youtube_plugin
2025.04.23 08:56:49 __main__             INFO     ✅ Loaded (sync): plugins.youtube_plugin
2025.04.23 08:56:49 __main__             INFO     🔄 Loading: plugins.neofetch_plugin
2025.04.23 08:56:49 __main__             INFO     ✅ Loaded (sync): plugins.neofetch_plugin
2025.04.23 08:56:49 __main__             INFO     🔄 Loading: plugins.id_command
2025.04.23 08:56:49 plugins.id_command   INFO     ✅ info_command plugin successfully loaded
2025.04.23 08:56:49 __main__             INFO     ✅ Loaded (async): plugins.id_command
2025.04.23 08:56:49 __main__             INFO     🔄 Loading: plugins.report_plugin
2025.04.23 08:56:49 __main__             INFO     ✅ Loaded (async): plugins.report_plugin
2025.04.23 08:56:49 __main__             INFO     🔄 Loading: plugins.del_plugin
2025.04.23 08:56:49 __main__             INFO     ✅ Loaded (sync): plugins.del_plugin
2025.04.23 08:56:49 __main__             INFO     🔄 Loading: plugins.mutagen
2025.04.23 08:56:49 __main__             ERROR    ❌ Failed to load plugins.mutagen: 'AppContext' object has no attribute 'register_message_handler'
Traceback (most recent call last):
  File "/home/admin/DLMaster/app.py", line 171, in load_plugins
    await module.setup(context)
  File "/home/admin/DLMaster/plugins/mutagen.py", line 18, in setup
    dp.register_message_handler(mutagen_command, commands=["mutagen"])
    ^^^^^^^^^^^^^^^^^^^^^^^^^^^
AttributeError: 'AppContext' object has no attribute 'register_message_handler'
2025.04.23 08:56:49 __main__             INFO     🔄 Loading: plugins.music_plugin
2025.04.23 08:56:49 __main__             INFO     ✅ Loaded (sync): plugins.music_plugin
2025.04.23 08:56:49 __main__             INFO     🔄 Loading: plugins.start_plugin
2025.04.23 08:56:49 __main__             INFO     ✅ Loaded (async): plugins.start_plugin
2025.04.23 08:56:49 __main__             INFO     🔄 Loading: plugins.stats_plugin
2025.04.23 08:56:49 __main__             INFO     ✅ Loaded (sync): plugins.stats_plugin
2025.04.23 08:56:49 __main__             INFO     🔄 Loading: plugins.dir_plugin
2025.04.23 08:56:49 __main__             INFO     ✅ Loaded (sync): plugins.dir_plugin
2025.04.23 08:56:49 __main__             INFO     🔄 Loading: plugins.broadcast_plugin
2025.04.23 08:56:49 __main__             INFO     ✅ Loaded (sync): plugins.broadcast_plugin
2025.04.23 08:56:49 __main__             INFO     🔄 Loading: plugins.speedtest_plugin
2025.04.23 08:56:49 __main__             INFO     ✅ Loaded (sync): plugins.speedtest_plugin
2025.04.23 08:56:49 __main__             INFO     🔄 Loading: plugins.bot_logs
2025.04.23 08:56:49 __main__             INFO     ✅ Loaded (async): plugins.bot_logs
2025.04.23 08:56:49 __main__             INFO     🚀 Starting polling...
2025.04.23 08:56:49 aiogram.dispatcher   INFO     Start polling
2025.04.23 08:56:49 aiogram.dispatcher   INFO     Run polling for bot @dllmasterbot id=8095621527 - 'DLLMaster 🍊'
2025.04.23 08:58:09 aiogram.event        INFO     Update id=511760862 is handled. Duration 1 ms by bot id=8095621527
2025.04.23 09:04:47 aiogram.event        INFO     Update id=511760865 is handled. Duration 2 ms by bot id=8095621527
2025.04.23 09:04:47 aiogram.event        INFO     Update id=511760863 is handled. Duration 3 ms by bot id=8095621527
2025.04.23 09:04:47 aiogram.event        INFO     Update id=511760864 is handled. Duration 3 ms by bot id=8095621527
2025.04.23 09:05:38 aiogram.event        INFO     Update id=511760866 is handled. Duration 1 ms by bot id=8095621527
2025.04.23 09:07:32 aiogram.event        INFO     Update id=511760867 is handled. Duration 1 ms by bot id=8095621527
2025.04.23 09:15:41 aiogram.event        INFO     Update id=511760868 is not handled. Duration 1 ms by bot id=8095621527
2025.04.23 09:15:58 aiogram.event        INFO     Update id=511760869 is not handled. Duration 1 ms by bot id=8095621527
2025.04.23 09:16:28 aiogram.event        INFO     Update id=511760870 is not handled. Duration 1 ms by bot id=8095621527
2025.04.23 09:16:35 aiogram.event        INFO     Update id=511760871 is not handled. Duration 1 ms by bot id=8095621527
2025.04.23 09:16:53 aiogram.event        INFO     Update id=511760872 is not handled. Duration 1 ms by bot id=8095621527
2025.04.23 09:17:05 aiogram.event        INFO     Update id=511760873 is not handled. Duration 1 ms by bot id=8095621527
2025.04.23 09:17:23 aiogram.event        INFO     Update id=511760874 is not handled. Duration 4 ms by bot id=8095621527
2025.04.23 09:17:23 aiogram.dispatcher   WARNING  Received SIGINT signal
2025.04.23 09:17:23 aiogram.dispatcher   INFO     Polling stopped for bot @dllmasterbot id=8095621527 - 'DLLMaster 🍊'
2025.04.23 09:17:23 aiogram.dispatcher   INFO     Polling stopped
2025.04.23 09:17:23 __main__             INFO     🛑 Polling stopped
2025.04.23 09:17:23 __main__             INFO     🔴 Bot stopped
2025.04.23 09:17:29 dotenv.main          WARNING  python-dotenv could not parse statement starting at line 5
2025.04.23 09:17:29 __main__             INFO     🤖 Starting bot...
2025.04.23 09:17:29 __main__             INFO     🚀 Starting bot initialization...
2025.04.23 09:17:29 __main__             INFO     ✅ Database initialized successfully
2025.04.23 09:17:29 core.spotify_handler INFO     Spotify API connection established.
2025.04.23 09:17:29 __main__             INFO     ✅ Spotify service initialized
2025.04.23 09:17:29 core.webprofile      INFO     Seçilmiş User-Agent: Mozilla/5.0 (X11; Ubuntu; Linux x86_64; rv:120.0) Gecko/20100101 Firefox/120.0
2025.04.23 09:17:29 core.youtube_handler INFO     firefox brauzerindən cookies istifadə edilir.
2025.04.23 09:17:29 __main__             INFO     ✅ YouTube services initialized (firefox)
2025.04.23 09:17:29 __main__             INFO     🔌 Loading plugins...
2025.04.23 09:17:29 __main__             INFO     🔍 Scanning plugins in: plugins
2025.04.23 09:17:29 __main__             INFO     🔄 Loading: plugins.spotify_plugin
2025.04.23 09:17:29 __main__             INFO     ✅ Loaded (sync): plugins.spotify_plugin
2025.04.23 09:17:29 __main__             INFO     🔄 Loading: plugins.menu_plugin
2025.04.23 09:17:29 __main__             INFO     ✅ Loaded (sync): plugins.menu_plugin
2025.04.23 09:17:29 __main__             INFO     🔄 Loading: plugins.sudo_plugin
2025.04.23 09:17:29 __main__             INFO     ✅ Loaded (sync): plugins.sudo_plugin
2025.04.23 09:17:29 __main__             INFO     🔄 Loading: plugins.youtube_plugin
2025.04.23 09:17:29 __main__             INFO     ✅ Loaded (sync): plugins.youtube_plugin
2025.04.23 09:17:29 __main__             INFO     🔄 Loading: plugins.neofetch_plugin
2025.04.23 09:17:29 __main__             INFO     ✅ Loaded (sync): plugins.neofetch_plugin
2025.04.23 09:17:29 __main__             INFO     🔄 Loading: plugins.id_command
2025.04.23 09:17:29 plugins.id_command   INFO     ✅ info_command plugin successfully loaded
2025.04.23 09:17:29 __main__             INFO     ✅ Loaded (async): plugins.id_command
2025.04.23 09:17:29 __main__             INFO     🔄 Loading: plugins.report_plugin
2025.04.23 09:17:29 __main__             INFO     ✅ Loaded (async): plugins.report_plugin
2025.04.23 09:17:29 __main__             INFO     🔄 Loading: plugins.del_plugin
2025.04.23 09:17:29 __main__             INFO     ✅ Loaded (sync): plugins.del_plugin
2025.04.23 09:17:29 __main__             INFO     🔄 Loading: plugins.mutagen
2025.04.23 09:17:29 __main__             ERROR    ❌ Failed to load plugins.mutagen: 'Dispatcher' object has no attribute 'bot'
Traceback (most recent call last):
  File "/home/admin/DLMaster/app.py", line 174, in load_plugins
    module.setup(context)
  File "/home/admin/DLMaster/plugins/mutagen.py", line 17, in setup
    if not hasattr(dp.bot, 'mutagen_states'):
                   ^^^^^^
AttributeError: 'Dispatcher' object has no attribute 'bot'
2025.04.23 09:17:29 __main__             INFO     🔄 Loading: plugins.music_plugin
2025.04.23 09:17:29 __main__             INFO     ✅ Loaded (sync): plugins.music_plugin
2025.04.23 09:17:29 __main__             INFO     🔄 Loading: plugins.start_plugin
2025.04.23 09:17:29 __main__             INFO     ✅ Loaded (async): plugins.start_plugin
2025.04.23 09:17:29 __main__             INFO     🔄 Loading: plugins.stats_plugin
2025.04.23 09:17:29 __main__             INFO     ✅ Loaded (sync): plugins.stats_plugin
2025.04.23 09:17:29 __main__             INFO     🔄 Loading: plugins.dir_plugin
2025.04.23 09:17:29 __main__             INFO     ✅ Loaded (sync): plugins.dir_plugin
2025.04.23 09:17:29 __main__             INFO     🔄 Loading: plugins.broadcast_plugin
2025.04.23 09:17:29 __main__             INFO     ✅ Loaded (sync): plugins.broadcast_plugin
2025.04.23 09:17:29 __main__             INFO     🔄 Loading: plugins.speedtest_plugin
2025.04.23 09:17:29 __main__             INFO     ✅ Loaded (sync): plugins.speedtest_plugin
2025.04.23 09:17:29 __main__             INFO     🔄 Loading: plugins.bot_logs
2025.04.23 09:17:29 __main__             INFO     ✅ Loaded (async): plugins.bot_logs
2025.04.23 09:17:29 __main__             INFO     🚀 Starting polling...
2025.04.23 09:17:29 aiogram.dispatcher   INFO     Start polling
2025.04.23 09:17:29 aiogram.dispatcher   INFO     Run polling for bot @dllmasterbot id=8095621527 - 'DLLMaster 🍊'
2025.04.23 09:18:09 aiogram.event        INFO     Update id=511760875 is handled. Duration 1 ms by bot id=8095621527
2025.04.23 09:18:30 aiogram.event        INFO     Update id=511760876 is handled. Duration 1 ms by bot id=8095621527
2025.04.23 09:18:38 aiogram.event        INFO     Update id=511760877 is handled. Duration 1 ms by bot id=8095621527
2025.04.23 09:19:09 aiogram.event        INFO     Update id=511760878 is handled. Duration 1 ms by bot id=8095621527
2025.04.23 09:20:09 aiogram.event        INFO     Update id=511760879 is handled. Duration 1 ms by bot id=8095621527
2025.04.23 09:20:22 aiogram.event        INFO     Update id=511760880 is handled. Duration 1 ms by bot id=8095621527
2025.04.23 09:20:51 aiogram.event        INFO     Update id=511760881 is handled. Duration 1 ms by bot id=8095621527
2025.04.23 09:27:13 aiogram.event        INFO     Update id=511760882 is handled. Duration 1 ms by bot id=8095621527
2025.04.23 09:27:40 aiogram.event        INFO     Update id=511760883 is handled. Duration 1 ms by bot id=8095621527
2025.04.23 09:29:56 aiogram.event        INFO     Update id=511760884 is handled. Duration 1 ms by bot id=8095621527
2025.04.23 09:33:59 aiogram.event        INFO     Update id=511760885 is handled. Duration 1 ms by bot id=8095621527
2025.04.23 09:34:56 aiogram.event        INFO     Update id=511760886 is not handled. Duration 1 ms by bot id=8095621527
2025.04.23 09:35:02 aiogram.event        INFO     Update id=511760887 is not handled. Duration 1 ms by bot id=8095621527
2025.04.23 09:40:16 aiogram.event        INFO     Update id=511760888 is not handled. Duration 1 ms by bot id=8095621527
2025.04.23 09:40:35 aiogram.event        INFO     Update id=511760889 is handled. Duration 1 ms by bot id=8095621527
2025.04.23 09:41:17 aiogram.event        INFO     Update id=511760890 is handled. Duration 1 ms by bot id=8095621527
2025.04.23 09:42:06 aiogram.event        INFO     Update id=511760891 is handled. Duration 4 ms by bot id=8095621527
2025.04.23 09:42:13 aiogram.event        INFO     Update id=511760892 is not handled. Duration 1 ms by bot id=8095621527
2025.04.23 09:42:24 aiogram.event        INFO     Update id=511760893 is handled. Duration 1 ms by bot id=8095621527
2025.04.23 09:43:12 aiogram.event        INFO     Update id=511760894 is handled. Duration 1 ms by bot id=8095621527
2025.04.23 09:43:17 aiogram.event        INFO     Update id=511760895 is handled. Duration 1 ms by bot id=8095621527
2025.04.23 09:43:41 aiogram.event        INFO     Update id=511760896 is handled. Duration 1 ms by bot id=8095621527
2025.04.23 09:43:53 aiogram.event        INFO     Update id=511760897 is handled. Duration 1 ms by bot id=8095621527
2025.04.23 09:44:07 aiogram.event        INFO     Update id=511760898 is not handled. Duration 1 ms by bot id=8095621527
2025.04.23 09:44:12 aiogram.event        INFO     Update id=511760899 is not handled. Duration 1 ms by bot id=8095621527
2025.04.23 09:44:42 aiogram.event        INFO     Update id=511760900 is handled. Duration 1 ms by bot id=8095621527
2025.04.23 09:46:03 aiogram.event        INFO     Update id=511760901 is handled. Duration 1 ms by bot id=8095621527
2025.04.23 09:46:22 aiogram.event        INFO     Update id=511760902 is handled. Duration 1 ms by bot id=8095621527
2025.04.23 09:46:58 aiogram.event        INFO     Update id=511760903 is handled. Duration 3 ms by bot id=8095621527
2025.04.23 09:46:58 aiogram.event        INFO     Update id=511760904 is handled. Duration 3 ms by bot id=8095621527
2025.04.23 09:46:58 aiogram.event        INFO     Update id=511760905 is handled. Duration 3 ms by bot id=8095621527
2025.04.23 09:49:18 aiogram.event        INFO     Update id=511760906 is handled. Duration 1 ms by bot id=8095621527
2025.04.23 09:49:51 aiogram.event        INFO     Update id=511760907 is handled. Duration 1 ms by bot id=8095621527
2025.04.23 09:50:21 aiogram.event        INFO     Update id=511760908 is handled. Duration 1 ms by bot id=8095621527
2025.04.23 09:51:10 aiogram.event        INFO     Update id=511760909 is handled. Duration 1 ms by bot id=8095621527
2025.04.23 09:51:59 aiogram.event        INFO     Update id=511760910 is handled. Duration 1 ms by bot id=8095621527
2025.04.23 09:52:04 aiogram.event        INFO     Update id=511760911 is not handled. Duration 1 ms by bot id=8095621527
2025.04.23 09:52:16 aiogram.event        INFO     Update id=511760912 is handled. Duration 1 ms by bot id=8095621527
2025.04.23 09:52:17 aiogram.event        INFO     Update id=511760913 is handled. Duration 1 ms by bot id=8095621527
2025.04.23 09:52:47 aiogram.event        INFO     Update id=511760914 is not handled. Duration 1 ms by bot id=8095621527
2025.04.23 09:53:17 aiogram.event        INFO     Update id=511760915 is not handled. Duration 1 ms by bot id=8095621527
2025.04.23 09:54:36 aiogram.event        INFO     Update id=511760916 is handled. Duration 1 ms by bot id=8095621527
2025.04.23 09:56:08 aiogram.event        INFO     Update id=511760917 is handled. Duration 1 ms by bot id=8095621527
2025.04.23 09:57:46 aiogram.event        INFO     Update id=511760918 is handled. Duration 1 ms by bot id=8095621527
2025.04.23 09:58:12 aiogram.event        INFO     Update id=511760919 is handled. Duration 1 ms by bot id=8095621527
2025.04.23 09:58:55 aiogram.event        INFO     Update id=511760920 is handled. Duration 4 ms by bot id=8095621527
2025.04.23 09:59:04 aiogram.event        INFO     Update id=511760921 is handled. Duration 1 ms by bot id=8095621527
2025.04.23 09:59:29 aiogram.event        INFO     Update id=511760922 is handled. Duration 1 ms by bot id=8095621527
2025.04.23 10:00:00 aiogram.event        INFO     Update id=511760923 is handled. Duration 1 ms by bot id=8095621527
2025.04.23 10:01:08 aiogram.dispatcher   WARNING  Received SIGINT signal
2025.04.23 10:01:08 aiogram.dispatcher   INFO     Polling stopped for bot @dllmasterbot id=8095621527 - 'DLLMaster 🍊'
2025.04.23 10:01:08 aiogram.dispatcher   INFO     Polling stopped
2025.04.23 10:01:08 __main__             INFO     🛑 Polling stopped
2025.04.23 10:01:08 __main__             INFO     🔴 Bot stopped
2025.04.23 10:01:14 dotenv.main          WARNING  python-dotenv could not parse statement starting at line 5
2025.04.23 10:01:14 __main__             INFO     🤖 Starting bot...
2025.04.23 10:01:14 __main__             INFO     🚀 Starting bot initialization...
2025.04.23 10:01:14 __main__             INFO     ✅ Database initialized successfully
2025.04.23 10:01:14 core.spotify_handler INFO     Spotify API connection established.
2025.04.23 10:01:14 __main__             INFO     ✅ Spotify service initialized
2025.04.23 10:01:14 core.webprofile      INFO     Seçilmiş User-Agent: Mozilla/5.0 (Windows NT 10.0; Win64; x64) AppleWebKit/537.36 (KHTML, like Gecko) Chrome/122.0.0.0 Safari/537.36
2025.04.23 10:01:14 core.youtube_handler INFO     firefox brauzerindən cookies istifadə edilir.
2025.04.23 10:01:14 __main__             INFO     ✅ YouTube services initialized (firefox)
2025.04.23 10:01:14 __main__             INFO     🔌 Loading plugins...
2025.04.23 10:01:14 __main__             INFO     🔍 Scanning plugins in: plugins
2025.04.23 10:01:14 __main__             INFO     🔄 Loading: plugins.spotify_plugin
2025.04.23 10:01:14 __main__             INFO     ✅ Loaded (sync): plugins.spotify_plugin
2025.04.23 10:01:14 __main__             INFO     🔄 Loading: plugins.menu_plugin
2025.04.23 10:01:14 __main__             INFO     ✅ Loaded (sync): plugins.menu_plugin
2025.04.23 10:01:14 __main__             INFO     🔄 Loading: plugins.sudo_plugin
2025.04.23 10:01:14 __main__             INFO     ✅ Loaded (sync): plugins.sudo_plugin
2025.04.23 10:01:14 __main__             INFO     🔄 Loading: plugins.youtube_plugin
2025.04.23 10:01:14 __main__             INFO     ✅ Loaded (sync): plugins.youtube_plugin
2025.04.23 10:01:14 __main__             INFO     🔄 Loading: plugins.neofetch_plugin
2025.04.23 10:01:14 __main__             INFO     ✅ Loaded (sync): plugins.neofetch_plugin
2025.04.23 10:01:14 __main__             INFO     🔄 Loading: plugins.id_command
2025.04.23 10:01:14 plugins.id_command   INFO     ✅ info_command plugin successfully loaded
2025.04.23 10:01:14 __main__             INFO     ✅ Loaded (async): plugins.id_command
2025.04.23 10:01:14 __main__             INFO     🔄 Loading: plugins.report_plugin
2025.04.23 10:01:14 __main__             INFO     ✅ Loaded (async): plugins.report_plugin
2025.04.23 10:01:14 __main__             INFO     🔄 Loading: plugins.del_plugin
2025.04.23 10:01:14 __main__             INFO     ✅ Loaded (sync): plugins.del_plugin
2025.04.23 10:01:14 __main__             INFO     🔄 Loading: plugins.mutagen
2025.04.23 10:01:14 plugins.mutagen      INFO     ✅ Mutagen plugin loaded successfully
2025.04.23 10:01:14 __main__             INFO     ✅ Loaded (sync): plugins.mutagen
2025.04.23 10:01:14 __main__             INFO     🔄 Loading: plugins.music_plugin
2025.04.23 10:01:14 __main__             INFO     ✅ Loaded (sync): plugins.music_plugin
2025.04.23 10:01:14 __main__             INFO     🔄 Loading: plugins.start_plugin
2025.04.23 10:01:14 __main__             INFO     ✅ Loaded (async): plugins.start_plugin
2025.04.23 10:01:14 __main__             INFO     🔄 Loading: plugins.stats_plugin
2025.04.23 10:01:14 __main__             INFO     ✅ Loaded (sync): plugins.stats_plugin
2025.04.23 10:01:14 __main__             INFO     🔄 Loading: plugins.dir_plugin
2025.04.23 10:01:14 __main__             INFO     ✅ Loaded (sync): plugins.dir_plugin
2025.04.23 10:01:14 __main__             INFO     🔄 Loading: plugins.broadcast_plugin
2025.04.23 10:01:14 __main__             INFO     ✅ Loaded (sync): plugins.broadcast_plugin
2025.04.23 10:01:14 __main__             INFO     🔄 Loading: plugins.speedtest_plugin
2025.04.23 10:01:14 __main__             INFO     ✅ Loaded (sync): plugins.speedtest_plugin
2025.04.23 10:01:14 __main__             INFO     🔄 Loading: plugins.bot_logs
2025.04.23 10:01:14 __main__             INFO     ✅ Loaded (async): plugins.bot_logs
2025.04.23 10:01:14 __main__             INFO     🚀 Starting polling...
2025.04.23 10:01:14 aiogram.dispatcher   INFO     Start polling
2025.04.23 10:01:14 aiogram.dispatcher   INFO     Run polling for bot @dllmasterbot id=8095621527 - 'DLLMaster 🍊'
2025.04.23 10:01:19 aiogram.event        INFO     Update id=511760924 is handled. Duration 1 ms by bot id=8095621527
2025.04.23 10:01:26 aiogram.event        INFO     Update id=511760925 is handled. Duration 90 ms by bot id=8095621527
2025.04.23 10:01:30 aiogram.event        INFO     Update id=511760926 is handled. Duration 1 ms by bot id=8095621527
2025.04.23 10:01:37 aiogram.event        INFO     Update id=511760927 is not handled. Duration 2 ms by bot id=8095621527
2025.04.23 10:01:37 aiogram.event        ERROR    Cause exception while process update id=511760927 by bot id=8095621527
ValidationError: 1 validation error for InlineKeyboardMarkup
inline_keyboard
  Field required [type=missing, input_value={'row_width': 2}, input_type=dict]
    For further information visit https://errors.pydantic.dev/2.10/v/missing
Traceback (most recent call last):
  File "/home/admin/.local/lib/python3.11/site-packages/aiogram/dispatcher/dispatcher.py", line 309, in _process_update
    response = await self.feed_update(bot, update, **kwargs)
               ^^^^^^^^^^^^^^^^^^^^^^^^^^^^^^^^^^^^^^^^^^^^^
  File "/home/admin/.local/lib/python3.11/site-packages/aiogram/dispatcher/dispatcher.py", line 158, in feed_update
    response = await self.update.wrap_outer_middleware(
               ^^^^^^^^^^^^^^^^^^^^^^^^^^^^^^^^^^^^^^^^
  File "/home/admin/.local/lib/python3.11/site-packages/aiogram/dispatcher/middlewares/error.py", line 25, in __call__
    return await handler(event, data)
           ^^^^^^^^^^^^^^^^^^^^^^^^^^
  File "/home/admin/.local/lib/python3.11/site-packages/aiogram/dispatcher/middlewares/user_context.py", line 56, in __call__
    return await handler(event, data)
           ^^^^^^^^^^^^^^^^^^^^^^^^^^
  File "/home/admin/.local/lib/python3.11/site-packages/aiogram/fsm/middleware.py", line 42, in __call__
    return await handler(event, data)
           ^^^^^^^^^^^^^^^^^^^^^^^^^^
  File "/home/admin/.local/lib/python3.11/site-packages/aiogram/dispatcher/event/telegram.py", line 121, in trigger
    return await wrapped_inner(event, kwargs)
           ^^^^^^^^^^^^^^^^^^^^^^^^^^^^^^^^^^
  File "/home/admin/.local/lib/python3.11/site-packages/aiogram/dispatcher/event/handler.py", line 43, in call
    return await wrapped()
           ^^^^^^^^^^^^^^^
  File "/home/admin/.local/lib/python3.11/site-packages/aiogram/dispatcher/dispatcher.py", line 276, in _listen_update
    return await self.propagate_event(update_type=update_type, event=event, **kwargs)
           ^^^^^^^^^^^^^^^^^^^^^^^^^^^^^^^^^^^^^^^^^^^^^^^^^^^^^^^^^^^^^^^^^^^^^^^^^^
  File "/home/admin/.local/lib/python3.11/site-packages/aiogram/dispatcher/router.py", line 146, in propagate_event
    return await observer.wrap_outer_middleware(_wrapped, event=event, data=kwargs)
           ^^^^^^^^^^^^^^^^^^^^^^^^^^^^^^^^^^^^^^^^^^^^^^^^^^^^^^^^^^^^^^^^^^^^^^^^
  File "/home/admin/.local/lib/python3.11/site-packages/aiogram/dispatcher/router.py", line 141, in _wrapped
    return await self._propagate_event(
           ^^^^^^^^^^^^^^^^^^^^^^^^^^^^
  File "/home/admin/.local/lib/python3.11/site-packages/aiogram/dispatcher/router.py", line 174, in _propagate_event
    response = await router.propagate_event(update_type=update_type, event=event, **kwargs)
               ^^^^^^^^^^^^^^^^^^^^^^^^^^^^^^^^^^^^^^^^^^^^^^^^^^^^^^^^^^^^^^^^^^^^^^^^^^^^
  File "/home/admin/.local/lib/python3.11/site-packages/aiogram/dispatcher/router.py", line 146, in propagate_event
    return await observer.wrap_outer_middleware(_wrapped, event=event, data=kwargs)
           ^^^^^^^^^^^^^^^^^^^^^^^^^^^^^^^^^^^^^^^^^^^^^^^^^^^^^^^^^^^^^^^^^^^^^^^^
  File "/home/admin/.local/lib/python3.11/site-packages/aiogram/dispatcher/router.py", line 141, in _wrapped
    return await self._propagate_event(
           ^^^^^^^^^^^^^^^^^^^^^^^^^^^^
  File "/home/admin/.local/lib/python3.11/site-packages/aiogram/dispatcher/router.py", line 166, in _propagate_event
    response = await observer.trigger(event, **kwargs)
               ^^^^^^^^^^^^^^^^^^^^^^^^^^^^^^^^^^^^^^^
  File "/home/admin/.local/lib/python3.11/site-packages/aiogram/dispatcher/event/telegram.py", line 121, in trigger
    return await wrapped_inner(event, kwargs)
           ^^^^^^^^^^^^^^^^^^^^^^^^^^^^^^^^^^
  File "/home/admin/.local/lib/python3.11/site-packages/aiogram/dispatcher/event/handler.py", line 43, in call
    return await wrapped()
           ^^^^^^^^^^^^^^^
  File "/home/admin/DLMaster/plugins/mutagen.py", line 28, in mutagen_command
    await show_edit_options(message, file_id)
  File "/home/admin/DLMaster/plugins/mutagen.py", line 39, in show_edit_options
    markup = InlineKeyboardMarkup(row_width=2)
             ^^^^^^^^^^^^^^^^^^^^^^^^^^^^^^^^^
  File "/home/admin/.local/lib/python3.11/site-packages/pydantic/main.py", line 214, in __init__
    validated_self = self.__pydantic_validator__.validate_python(data, self_instance=self)
                     ^^^^^^^^^^^^^^^^^^^^^^^^^^^^^^^^^^^^^^^^^^^^^^^^^^^^^^^^^^^^^^^^^^^^^
pydantic_core._pydantic_core.ValidationError: 1 validation error for InlineKeyboardMarkup
inline_keyboard
  Field required [type=missing, input_value={'row_width': 2}, input_type=dict]
    For further information visit https://errors.pydantic.dev/2.10/v/missing
2025.04.23 10:01:46 aiogram.event        INFO     Update id=511760928 is handled. Duration 45 ms by bot id=8095621527
2025.04.23 10:01:48 aiogram.event        INFO     Update id=511760929 is handled. Duration 77 ms by bot id=8095621527
2025.04.23 10:02:52 aiogram.event        INFO     Update id=511760930 is not handled. Duration 0 ms by bot id=8095621527
2025.04.23 10:02:57 aiogram.event        INFO     Update id=511760931 is not handled. Duration 0 ms by bot id=8095621527
2025.04.23 10:04:01 aiogram.event        INFO     Update id=511760933 is not handled. Duration 1 ms by bot id=8095621527
2025.04.23 10:04:01 aiogram.event        ERROR    Cause exception while process update id=511760933 by bot id=8095621527
ValidationError: 1 validation error for InlineKeyboardMarkup
inline_keyboard
  Field required [type=missing, input_value={'row_width': 2}, input_type=dict]
    For further information visit https://errors.pydantic.dev/2.10/v/missing
Traceback (most recent call last):
  File "/home/admin/.local/lib/python3.11/site-packages/aiogram/dispatcher/dispatcher.py", line 309, in _process_update
    response = await self.feed_update(bot, update, **kwargs)
               ^^^^^^^^^^^^^^^^^^^^^^^^^^^^^^^^^^^^^^^^^^^^^
  File "/home/admin/.local/lib/python3.11/site-packages/aiogram/dispatcher/dispatcher.py", line 158, in feed_update
    response = await self.update.wrap_outer_middleware(
               ^^^^^^^^^^^^^^^^^^^^^^^^^^^^^^^^^^^^^^^^
  File "/home/admin/.local/lib/python3.11/site-packages/aiogram/dispatcher/middlewares/error.py", line 25, in __call__
    return await handler(event, data)
           ^^^^^^^^^^^^^^^^^^^^^^^^^^
  File "/home/admin/.local/lib/python3.11/site-packages/aiogram/dispatcher/middlewares/user_context.py", line 56, in __call__
    return await handler(event, data)
           ^^^^^^^^^^^^^^^^^^^^^^^^^^
  File "/home/admin/.local/lib/python3.11/site-packages/aiogram/fsm/middleware.py", line 42, in __call__
    return await handler(event, data)
           ^^^^^^^^^^^^^^^^^^^^^^^^^^
  File "/home/admin/.local/lib/python3.11/site-packages/aiogram/dispatcher/event/telegram.py", line 121, in trigger
    return await wrapped_inner(event, kwargs)
           ^^^^^^^^^^^^^^^^^^^^^^^^^^^^^^^^^^
  File "/home/admin/.local/lib/python3.11/site-packages/aiogram/dispatcher/event/handler.py", line 43, in call
    return await wrapped()
           ^^^^^^^^^^^^^^^
  File "/home/admin/.local/lib/python3.11/site-packages/aiogram/dispatcher/dispatcher.py", line 276, in _listen_update
    return await self.propagate_event(update_type=update_type, event=event, **kwargs)
           ^^^^^^^^^^^^^^^^^^^^^^^^^^^^^^^^^^^^^^^^^^^^^^^^^^^^^^^^^^^^^^^^^^^^^^^^^^
  File "/home/admin/.local/lib/python3.11/site-packages/aiogram/dispatcher/router.py", line 146, in propagate_event
    return await observer.wrap_outer_middleware(_wrapped, event=event, data=kwargs)
           ^^^^^^^^^^^^^^^^^^^^^^^^^^^^^^^^^^^^^^^^^^^^^^^^^^^^^^^^^^^^^^^^^^^^^^^^
  File "/home/admin/.local/lib/python3.11/site-packages/aiogram/dispatcher/router.py", line 141, in _wrapped
    return await self._propagate_event(
           ^^^^^^^^^^^^^^^^^^^^^^^^^^^^
  File "/home/admin/.local/lib/python3.11/site-packages/aiogram/dispatcher/router.py", line 174, in _propagate_event
    response = await router.propagate_event(update_type=update_type, event=event, **kwargs)
               ^^^^^^^^^^^^^^^^^^^^^^^^^^^^^^^^^^^^^^^^^^^^^^^^^^^^^^^^^^^^^^^^^^^^^^^^^^^^
  File "/home/admin/.local/lib/python3.11/site-packages/aiogram/dispatcher/router.py", line 146, in propagate_event
    return await observer.wrap_outer_middleware(_wrapped, event=event, data=kwargs)
           ^^^^^^^^^^^^^^^^^^^^^^^^^^^^^^^^^^^^^^^^^^^^^^^^^^^^^^^^^^^^^^^^^^^^^^^^
  File "/home/admin/.local/lib/python3.11/site-packages/aiogram/dispatcher/router.py", line 141, in _wrapped
    return await self._propagate_event(
           ^^^^^^^^^^^^^^^^^^^^^^^^^^^^
  File "/home/admin/.local/lib/python3.11/site-packages/aiogram/dispatcher/router.py", line 166, in _propagate_event
    response = await observer.trigger(event, **kwargs)
               ^^^^^^^^^^^^^^^^^^^^^^^^^^^^^^^^^^^^^^^
  File "/home/admin/.local/lib/python3.11/site-packages/aiogram/dispatcher/event/telegram.py", line 121, in trigger
    return await wrapped_inner(event, kwargs)
           ^^^^^^^^^^^^^^^^^^^^^^^^^^^^^^^^^^
  File "/home/admin/.local/lib/python3.11/site-packages/aiogram/dispatcher/event/handler.py", line 43, in call
    return await wrapped()
           ^^^^^^^^^^^^^^^
  File "/home/admin/DLMaster/plugins/mutagen.py", line 28, in mutagen_command
    await show_edit_options(message, file_id)
  File "/home/admin/DLMaster/plugins/mutagen.py", line 39, in show_edit_options
    markup = InlineKeyboardMarkup(row_width=2)
             ^^^^^^^^^^^^^^^^^^^^^^^^^^^^^^^^^
  File "/home/admin/.local/lib/python3.11/site-packages/pydantic/main.py", line 214, in __init__
    validated_self = self.__pydantic_validator__.validate_python(data, self_instance=self)
                     ^^^^^^^^^^^^^^^^^^^^^^^^^^^^^^^^^^^^^^^^^^^^^^^^^^^^^^^^^^^^^^^^^^^^^
pydantic_core._pydantic_core.ValidationError: 1 validation error for InlineKeyboardMarkup
inline_keyboard
  Field required [type=missing, input_value={'row_width': 2}, input_type=dict]
    For further information visit https://errors.pydantic.dev/2.10/v/missing
2025.04.23 10:04:06 aiogram.event        INFO     Update id=511760932 is handled. Duration 20070 ms by bot id=8095621527
2025.04.23 10:04:09 aiogram.dispatcher   WARNING  Received SIGINT signal
2025.04.23 10:04:09 aiogram.dispatcher   INFO     Polling stopped for bot @dllmasterbot id=8095621527 - 'DLLMaster 🍊'
2025.04.23 10:04:09 aiogram.dispatcher   INFO     Polling stopped
2025.04.23 10:04:09 __main__             INFO     🛑 Polling stopped
2025.04.23 10:04:09 __main__             INFO     🔴 Bot stopped
2025.04.23 10:04:33 dotenv.main          WARNING  python-dotenv could not parse statement starting at line 5
2025.04.23 10:04:33 __main__             INFO     🤖 Starting bot...
2025.04.23 10:04:33 __main__             INFO     🚀 Starting bot initialization...
2025.04.23 10:04:33 __main__             INFO     ✅ Database initialized successfully
2025.04.23 10:04:33 core.spotify_handler INFO     Spotify API connection established.
2025.04.23 10:04:33 __main__             INFO     ✅ Spotify service initialized
2025.04.23 10:04:33 core.webprofile      INFO     Seçilmiş User-Agent: Mozilla/5.0 (Windows NT 10.0; Win64; x64; rv:120.0) Gecko/20100101 Firefox/120.0
2025.04.23 10:04:33 core.youtube_handler INFO     firefox brauzerindən cookies istifadə edilir.
2025.04.23 10:04:33 __main__             INFO     ✅ YouTube services initialized (firefox)
2025.04.23 10:04:33 __main__             INFO     🔌 Loading plugins...
2025.04.23 10:04:33 __main__             INFO     🔍 Scanning plugins in: plugins
2025.04.23 10:04:33 __main__             INFO     🔄 Loading: plugins.spotify_plugin
2025.04.23 10:04:33 __main__             INFO     ✅ Loaded (sync): plugins.spotify_plugin
2025.04.23 10:04:33 __main__             INFO     🔄 Loading: plugins.menu_plugin
2025.04.23 10:04:33 __main__             INFO     ✅ Loaded (sync): plugins.menu_plugin
2025.04.23 10:04:33 __main__             INFO     🔄 Loading: plugins.sudo_plugin
2025.04.23 10:04:33 __main__             INFO     ✅ Loaded (sync): plugins.sudo_plugin
2025.04.23 10:04:33 __main__             INFO     🔄 Loading: plugins.youtube_plugin
2025.04.23 10:04:33 __main__             INFO     ✅ Loaded (sync): plugins.youtube_plugin
2025.04.23 10:04:33 __main__             INFO     🔄 Loading: plugins.neofetch_plugin
2025.04.23 10:04:33 __main__             INFO     ✅ Loaded (sync): plugins.neofetch_plugin
2025.04.23 10:04:33 __main__             INFO     🔄 Loading: plugins.id_command
2025.04.23 10:04:33 plugins.id_command   INFO     ✅ info_command plugin successfully loaded
2025.04.23 10:04:33 __main__             INFO     ✅ Loaded (async): plugins.id_command
2025.04.23 10:04:33 __main__             INFO     🔄 Loading: plugins.report_plugin
2025.04.23 10:04:33 __main__             INFO     ✅ Loaded (async): plugins.report_plugin
2025.04.23 10:04:33 __main__             INFO     🔄 Loading: plugins.del_plugin
2025.04.23 10:04:33 __main__             INFO     ✅ Loaded (sync): plugins.del_plugin
2025.04.23 10:04:33 __main__             INFO     🔄 Loading: plugins.mutagen
2025.04.23 10:04:33 plugins.mutagen      INFO     ✅ Mutagen plugin loaded successfully
2025.04.23 10:04:33 __main__             INFO     ✅ Loaded (sync): plugins.mutagen
2025.04.23 10:04:33 __main__             INFO     🔄 Loading: plugins.music_plugin
2025.04.23 10:04:33 __main__             INFO     ✅ Loaded (sync): plugins.music_plugin
2025.04.23 10:04:33 __main__             INFO     🔄 Loading: plugins.start_plugin
2025.04.23 10:04:33 __main__             INFO     ✅ Loaded (async): plugins.start_plugin
2025.04.23 10:04:33 __main__             INFO     🔄 Loading: plugins.stats_plugin
2025.04.23 10:04:33 __main__             INFO     ✅ Loaded (sync): plugins.stats_plugin
2025.04.23 10:04:33 __main__             INFO     🔄 Loading: plugins.dir_plugin
2025.04.23 10:04:33 __main__             INFO     ✅ Loaded (sync): plugins.dir_plugin
2025.04.23 10:04:33 __main__             INFO     🔄 Loading: plugins.broadcast_plugin
2025.04.23 10:04:33 __main__             INFO     ✅ Loaded (sync): plugins.broadcast_plugin
2025.04.23 10:04:33 __main__             INFO     🔄 Loading: plugins.speedtest_plugin
2025.04.23 10:04:33 __main__             INFO     ✅ Loaded (sync): plugins.speedtest_plugin
2025.04.23 10:04:33 __main__             INFO     🔄 Loading: plugins.bot_logs
2025.04.23 10:04:33 __main__             INFO     ✅ Loaded (async): plugins.bot_logs
2025.04.23 10:04:33 __main__             INFO     🚀 Starting polling...
2025.04.23 10:04:33 aiogram.dispatcher   INFO     Start polling
2025.04.23 10:04:33 aiogram.dispatcher   INFO     Run polling for bot @dllmasterbot id=8095621527 - 'DLLMaster 🍊'
2025.04.23 10:04:40 aiogram.event        INFO     Update id=511760934 is not handled. Duration 2 ms by bot id=8095621527
2025.04.23 10:04:40 aiogram.event        ERROR    Cause exception while process update id=511760934 by bot id=8095621527
ValidationError: 1 validation error for InlineKeyboardMarkup
inline_keyboard
  Field required [type=missing, input_value={'row_width': 2}, input_type=dict]
    For further information visit https://errors.pydantic.dev/2.10/v/missing
Traceback (most recent call last):
  File "/home/admin/.local/lib/python3.11/site-packages/aiogram/dispatcher/dispatcher.py", line 309, in _process_update
    response = await self.feed_update(bot, update, **kwargs)
               ^^^^^^^^^^^^^^^^^^^^^^^^^^^^^^^^^^^^^^^^^^^^^
  File "/home/admin/.local/lib/python3.11/site-packages/aiogram/dispatcher/dispatcher.py", line 158, in feed_update
    response = await self.update.wrap_outer_middleware(
               ^^^^^^^^^^^^^^^^^^^^^^^^^^^^^^^^^^^^^^^^
  File "/home/admin/.local/lib/python3.11/site-packages/aiogram/dispatcher/middlewares/error.py", line 25, in __call__
    return await handler(event, data)
           ^^^^^^^^^^^^^^^^^^^^^^^^^^
  File "/home/admin/.local/lib/python3.11/site-packages/aiogram/dispatcher/middlewares/user_context.py", line 56, in __call__
    return await handler(event, data)
           ^^^^^^^^^^^^^^^^^^^^^^^^^^
  File "/home/admin/.local/lib/python3.11/site-packages/aiogram/fsm/middleware.py", line 42, in __call__
    return await handler(event, data)
           ^^^^^^^^^^^^^^^^^^^^^^^^^^
  File "/home/admin/.local/lib/python3.11/site-packages/aiogram/dispatcher/event/telegram.py", line 121, in trigger
    return await wrapped_inner(event, kwargs)
           ^^^^^^^^^^^^^^^^^^^^^^^^^^^^^^^^^^
  File "/home/admin/.local/lib/python3.11/site-packages/aiogram/dispatcher/event/handler.py", line 43, in call
    return await wrapped()
           ^^^^^^^^^^^^^^^
  File "/home/admin/.local/lib/python3.11/site-packages/aiogram/dispatcher/dispatcher.py", line 276, in _listen_update
    return await self.propagate_event(update_type=update_type, event=event, **kwargs)
           ^^^^^^^^^^^^^^^^^^^^^^^^^^^^^^^^^^^^^^^^^^^^^^^^^^^^^^^^^^^^^^^^^^^^^^^^^^
  File "/home/admin/.local/lib/python3.11/site-packages/aiogram/dispatcher/router.py", line 146, in propagate_event
    return await observer.wrap_outer_middleware(_wrapped, event=event, data=kwargs)
           ^^^^^^^^^^^^^^^^^^^^^^^^^^^^^^^^^^^^^^^^^^^^^^^^^^^^^^^^^^^^^^^^^^^^^^^^
  File "/home/admin/.local/lib/python3.11/site-packages/aiogram/dispatcher/router.py", line 141, in _wrapped
    return await self._propagate_event(
           ^^^^^^^^^^^^^^^^^^^^^^^^^^^^
  File "/home/admin/.local/lib/python3.11/site-packages/aiogram/dispatcher/router.py", line 174, in _propagate_event
    response = await router.propagate_event(update_type=update_type, event=event, **kwargs)
               ^^^^^^^^^^^^^^^^^^^^^^^^^^^^^^^^^^^^^^^^^^^^^^^^^^^^^^^^^^^^^^^^^^^^^^^^^^^^
  File "/home/admin/.local/lib/python3.11/site-packages/aiogram/dispatcher/router.py", line 146, in propagate_event
    return await observer.wrap_outer_middleware(_wrapped, event=event, data=kwargs)
           ^^^^^^^^^^^^^^^^^^^^^^^^^^^^^^^^^^^^^^^^^^^^^^^^^^^^^^^^^^^^^^^^^^^^^^^^
  File "/home/admin/.local/lib/python3.11/site-packages/aiogram/dispatcher/router.py", line 141, in _wrapped
    return await self._propagate_event(
           ^^^^^^^^^^^^^^^^^^^^^^^^^^^^
  File "/home/admin/.local/lib/python3.11/site-packages/aiogram/dispatcher/router.py", line 166, in _propagate_event
    response = await observer.trigger(event, **kwargs)
               ^^^^^^^^^^^^^^^^^^^^^^^^^^^^^^^^^^^^^^^
  File "/home/admin/.local/lib/python3.11/site-packages/aiogram/dispatcher/event/telegram.py", line 121, in trigger
    return await wrapped_inner(event, kwargs)
           ^^^^^^^^^^^^^^^^^^^^^^^^^^^^^^^^^^
  File "/home/admin/.local/lib/python3.11/site-packages/aiogram/dispatcher/event/handler.py", line 43, in call
    return await wrapped()
           ^^^^^^^^^^^^^^^
  File "/home/admin/DLMaster/plugins/mutagen.py", line 28, in mutagen_command
    await show_edit_options(message, file_id)
  File "/home/admin/DLMaster/plugins/mutagen.py", line 39, in show_edit_options
    markup = InlineKeyboardMarkup(row_width=2)
             ^^^^^^^^^^^^^^^^^^^^^^^^^^^^^^^^^
  File "/home/admin/.local/lib/python3.11/site-packages/pydantic/main.py", line 214, in __init__
    validated_self = self.__pydantic_validator__.validate_python(data, self_instance=self)
                     ^^^^^^^^^^^^^^^^^^^^^^^^^^^^^^^^^^^^^^^^^^^^^^^^^^^^^^^^^^^^^^^^^^^^^
pydantic_core._pydantic_core.ValidationError: 1 validation error for InlineKeyboardMarkup
inline_keyboard
  Field required [type=missing, input_value={'row_width': 2}, input_type=dict]
    For further information visit https://errors.pydantic.dev/2.10/v/missing
2025.04.23 10:07:25 aiogram.event        INFO     Update id=511760935 is handled. Duration 1 ms by bot id=8095621527
2025.04.23 10:07:37 aiogram.event        INFO     Update id=511760936 is handled. Duration 1 ms by bot id=8095621527
2025.04.23 10:07:46 aiogram.event        INFO     Update id=511760937 is not handled. Duration 1 ms by bot id=8095621527
2025.04.23 10:07:50 aiogram.event        INFO     Update id=511760938 is not handled. Duration 1 ms by bot id=8095621527
2025.04.23 10:07:51 aiogram.event        INFO     Update id=511760939 is not handled. Duration 1 ms by bot id=8095621527
2025.04.23 10:07:54 aiogram.event        INFO     Update id=511760940 is handled. Duration 1 ms by bot id=8095621527
2025.04.23 10:08:06 aiogram.event        INFO     Update id=511760941 is handled. Duration 1 ms by bot id=8095621527
2025.04.23 10:08:06 aiogram.event        INFO     Update id=511760942 is handled. Duration 2 ms by bot id=8095621527
2025.04.23 10:08:24 aiogram.dispatcher   WARNING  Received SIGINT signal
2025.04.23 10:08:24 aiogram.dispatcher   INFO     Polling stopped for bot @dllmasterbot id=8095621527 - 'DLLMaster 🍊'
2025.04.23 10:08:24 aiogram.dispatcher   INFO     Polling stopped
2025.04.23 10:08:25 __main__             INFO     🛑 Polling stopped
2025.04.23 10:08:25 __main__             INFO     🔴 Bot stopped
2025.04.23 10:08:29 dotenv.main          WARNING  python-dotenv could not parse statement starting at line 5
2025.04.23 10:08:29 __main__             INFO     🤖 Starting bot...
2025.04.23 10:08:29 __main__             INFO     🚀 Starting bot initialization...
2025.04.23 10:08:29 __main__             INFO     ✅ Database initialized successfully
2025.04.23 10:08:29 core.spotify_handler INFO     Spotify API connection established.
2025.04.23 10:08:29 __main__             INFO     ✅ Spotify service initialized
2025.04.23 10:08:29 core.webprofile      INFO     Seçilmiş User-Agent: Mozilla/5.0 (X11; Linux x86_64) AppleWebKit/537.36 (KHTML, like Gecko) Chrome/122.0.0.0 Safari/537.36
2025.04.23 10:08:29 core.youtube_handler INFO     firefox brauzerindən cookies istifadə edilir.
2025.04.23 10:08:29 __main__             INFO     ✅ YouTube services initialized (firefox)
2025.04.23 10:08:29 __main__             INFO     🔌 Loading plugins...
2025.04.23 10:08:29 __main__             INFO     🔍 Scanning plugins in: plugins
2025.04.23 10:08:29 __main__             INFO     🔄 Loading: plugins.spotify_plugin
2025.04.23 10:08:29 __main__             INFO     ✅ Loaded (sync): plugins.spotify_plugin
2025.04.23 10:08:29 __main__             INFO     🔄 Loading: plugins.menu_plugin
2025.04.23 10:08:29 __main__             INFO     ✅ Loaded (sync): plugins.menu_plugin
2025.04.23 10:08:29 __main__             INFO     🔄 Loading: plugins.sudo_plugin
2025.04.23 10:08:29 __main__             INFO     ✅ Loaded (sync): plugins.sudo_plugin
2025.04.23 10:08:29 __main__             INFO     🔄 Loading: plugins.youtube_plugin
2025.04.23 10:08:29 __main__             INFO     ✅ Loaded (sync): plugins.youtube_plugin
2025.04.23 10:08:29 __main__             INFO     🔄 Loading: plugins.neofetch_plugin
2025.04.23 10:08:30 __main__             INFO     ✅ Loaded (sync): plugins.neofetch_plugin
2025.04.23 10:08:30 __main__             INFO     🔄 Loading: plugins.id_command
2025.04.23 10:08:30 plugins.id_command   INFO     ✅ info_command plugin successfully loaded
2025.04.23 10:08:30 __main__             INFO     ✅ Loaded (async): plugins.id_command
2025.04.23 10:08:30 __main__             INFO     🔄 Loading: plugins.report_plugin
2025.04.23 10:08:30 __main__             INFO     ✅ Loaded (async): plugins.report_plugin
2025.04.23 10:08:30 __main__             INFO     🔄 Loading: plugins.del_plugin
2025.04.23 10:08:30 __main__             INFO     ✅ Loaded (sync): plugins.del_plugin
2025.04.23 10:08:30 __main__             INFO     🔄 Loading: plugins.mutagen
2025.04.23 10:08:30 plugins.mutagen      INFO     ✅ Mutagen plugin loaded successfully
2025.04.23 10:08:30 __main__             INFO     ✅ Loaded (sync): plugins.mutagen
2025.04.23 10:08:30 __main__             INFO     🔄 Loading: plugins.music_plugin
2025.04.23 10:08:30 __main__             INFO     ✅ Loaded (sync): plugins.music_plugin
2025.04.23 10:08:30 __main__             INFO     🔄 Loading: plugins.start_plugin
2025.04.23 10:08:30 __main__             INFO     ✅ Loaded (async): plugins.start_plugin
2025.04.23 10:08:30 __main__             INFO     🔄 Loading: plugins.stats_plugin
2025.04.23 10:08:30 __main__             INFO     ✅ Loaded (sync): plugins.stats_plugin
2025.04.23 10:08:30 __main__             INFO     🔄 Loading: plugins.dir_plugin
2025.04.23 10:08:30 __main__             INFO     ✅ Loaded (sync): plugins.dir_plugin
2025.04.23 10:08:30 __main__             INFO     🔄 Loading: plugins.broadcast_plugin
2025.04.23 10:08:30 __main__             INFO     ✅ Loaded (sync): plugins.broadcast_plugin
2025.04.23 10:08:30 __main__             INFO     🔄 Loading: plugins.speedtest_plugin
2025.04.23 10:08:30 __main__             INFO     ✅ Loaded (sync): plugins.speedtest_plugin
2025.04.23 10:08:30 __main__             INFO     🔄 Loading: plugins.bot_logs
2025.04.23 10:08:30 __main__             INFO     ✅ Loaded (async): plugins.bot_logs
2025.04.23 10:08:30 __main__             INFO     🚀 Starting polling...
2025.04.23 10:08:30 aiogram.dispatcher   INFO     Start polling
2025.04.23 10:08:30 aiogram.dispatcher   INFO     Run polling for bot @dllmasterbot id=8095621527 - 'DLLMaster 🍊'
2025.04.23 10:08:38 aiogram.event        INFO     Update id=511760943 is not handled. Duration 105 ms by bot id=8095621527
2025.04.23 10:08:38 aiogram.event        ERROR    Cause exception while process update id=511760943 by bot id=8095621527
TelegramBadRequest: Telegram server says - Bad Request: BUTTON_DATA_INVALID
Traceback (most recent call last):
  File "/home/admin/.local/lib/python3.11/site-packages/aiogram/dispatcher/dispatcher.py", line 309, in _process_update
    response = await self.feed_update(bot, update, **kwargs)
               ^^^^^^^^^^^^^^^^^^^^^^^^^^^^^^^^^^^^^^^^^^^^^
  File "/home/admin/.local/lib/python3.11/site-packages/aiogram/dispatcher/dispatcher.py", line 158, in feed_update
    response = await self.update.wrap_outer_middleware(
               ^^^^^^^^^^^^^^^^^^^^^^^^^^^^^^^^^^^^^^^^
  File "/home/admin/.local/lib/python3.11/site-packages/aiogram/dispatcher/middlewares/error.py", line 25, in __call__
    return await handler(event, data)
           ^^^^^^^^^^^^^^^^^^^^^^^^^^
  File "/home/admin/.local/lib/python3.11/site-packages/aiogram/dispatcher/middlewares/user_context.py", line 56, in __call__
    return await handler(event, data)
           ^^^^^^^^^^^^^^^^^^^^^^^^^^
  File "/home/admin/.local/lib/python3.11/site-packages/aiogram/fsm/middleware.py", line 42, in __call__
    return await handler(event, data)
           ^^^^^^^^^^^^^^^^^^^^^^^^^^
  File "/home/admin/.local/lib/python3.11/site-packages/aiogram/dispatcher/event/telegram.py", line 121, in trigger
    return await wrapped_inner(event, kwargs)
           ^^^^^^^^^^^^^^^^^^^^^^^^^^^^^^^^^^
  File "/home/admin/.local/lib/python3.11/site-packages/aiogram/dispatcher/event/handler.py", line 43, in call
    return await wrapped()
           ^^^^^^^^^^^^^^^
  File "/home/admin/.local/lib/python3.11/site-packages/aiogram/dispatcher/dispatcher.py", line 276, in _listen_update
    return await self.propagate_event(update_type=update_type, event=event, **kwargs)
           ^^^^^^^^^^^^^^^^^^^^^^^^^^^^^^^^^^^^^^^^^^^^^^^^^^^^^^^^^^^^^^^^^^^^^^^^^^
  File "/home/admin/.local/lib/python3.11/site-packages/aiogram/dispatcher/router.py", line 146, in propagate_event
    return await observer.wrap_outer_middleware(_wrapped, event=event, data=kwargs)
           ^^^^^^^^^^^^^^^^^^^^^^^^^^^^^^^^^^^^^^^^^^^^^^^^^^^^^^^^^^^^^^^^^^^^^^^^
  File "/home/admin/.local/lib/python3.11/site-packages/aiogram/dispatcher/router.py", line 141, in _wrapped
    return await self._propagate_event(
           ^^^^^^^^^^^^^^^^^^^^^^^^^^^^
  File "/home/admin/.local/lib/python3.11/site-packages/aiogram/dispatcher/router.py", line 174, in _propagate_event
    response = await router.propagate_event(update_type=update_type, event=event, **kwargs)
               ^^^^^^^^^^^^^^^^^^^^^^^^^^^^^^^^^^^^^^^^^^^^^^^^^^^^^^^^^^^^^^^^^^^^^^^^^^^^
  File "/home/admin/.local/lib/python3.11/site-packages/aiogram/dispatcher/router.py", line 146, in propagate_event
    return await observer.wrap_outer_middleware(_wrapped, event=event, data=kwargs)
           ^^^^^^^^^^^^^^^^^^^^^^^^^^^^^^^^^^^^^^^^^^^^^^^^^^^^^^^^^^^^^^^^^^^^^^^^
  File "/home/admin/.local/lib/python3.11/site-packages/aiogram/dispatcher/router.py", line 141, in _wrapped
    return await self._propagate_event(
           ^^^^^^^^^^^^^^^^^^^^^^^^^^^^
  File "/home/admin/.local/lib/python3.11/site-packages/aiogram/dispatcher/router.py", line 166, in _propagate_event
    response = await observer.trigger(event, **kwargs)
               ^^^^^^^^^^^^^^^^^^^^^^^^^^^^^^^^^^^^^^^
  File "/home/admin/.local/lib/python3.11/site-packages/aiogram/dispatcher/event/telegram.py", line 121, in trigger
    return await wrapped_inner(event, kwargs)
           ^^^^^^^^^^^^^^^^^^^^^^^^^^^^^^^^^^
  File "/home/admin/.local/lib/python3.11/site-packages/aiogram/dispatcher/event/handler.py", line 43, in call
    return await wrapped()
           ^^^^^^^^^^^^^^^
  File "/home/admin/DLMaster/plugins/mutagen.py", line 28, in mutagen_command
    await show_edit_options(message, file_id)
  File "/home/admin/DLMaster/plugins/mutagen.py", line 49, in show_edit_options
    await message.reply("📝 What would you like to edit?", reply_markup=markup)
  File "/home/admin/.local/lib/python3.11/site-packages/aiogram/methods/base.py", line 84, in emit
    return await bot(self)
           ^^^^^^^^^^^^^^^
  File "/home/admin/.local/lib/python3.11/site-packages/aiogram/client/bot.py", line 478, in __call__
    return await self.session(self, method, timeout=request_timeout)
           ^^^^^^^^^^^^^^^^^^^^^^^^^^^^^^^^^^^^^^^^^^^^^^^^^^^^^^^^^
  File "/home/admin/.local/lib/python3.11/site-packages/aiogram/client/session/base.py", line 254, in __call__
    return cast(TelegramType, await middleware(bot, method))
                              ^^^^^^^^^^^^^^^^^^^^^^^^^^^^^
  File "/home/admin/.local/lib/python3.11/site-packages/aiogram/client/session/aiohttp.py", line 185, in make_request
    response = self.check_response(
               ^^^^^^^^^^^^^^^^^^^^
  File "/home/admin/.local/lib/python3.11/site-packages/aiogram/client/session/base.py", line 120, in check_response
    raise TelegramBadRequest(method=method, message=description)
aiogram.exceptions.TelegramBadRequest: Telegram server says - Bad Request: BUTTON_DATA_INVALID
2025.04.23 10:08:54 aiogram.event        INFO     Update id=511760944 is handled. Duration 1 ms by bot id=8095621527
2025.04.23 10:09:09 aiogram.event        INFO     Update id=511760945 is handled. Duration 1 ms by bot id=8095621527
2025.04.23 10:09:34 aiogram.event        INFO     Update id=511760946 is handled. Duration 1 ms by bot id=8095621527
2025.04.23 10:09:37 aiogram.event        INFO     Update id=511760947 is handled. Duration 1 ms by bot id=8095621527
2025.04.23 10:09:40 aiogram.event        INFO     Update id=511760948 is not handled. Duration 1 ms by bot id=8095621527
2025.04.23 10:09:43 aiogram.event        INFO     Update id=511760949 is handled. Duration 1 ms by bot id=8095621527
2025.04.23 10:10:21 aiogram.event        INFO     Update id=511760950 is handled. Duration 1 ms by bot id=8095621527
2025.04.23 10:14:00 aiogram.event        INFO     Update id=511760951 is handled. Duration 2 ms by bot id=8095621527
2025.04.23 10:19:52 aiogram.event        INFO     Update id=511760952 is handled. Duration 3 ms by bot id=8095621527
2025.04.23 10:19:52 aiogram.event        INFO     Update id=511760953 is handled. Duration 3 ms by bot id=8095621527
2025.04.23 10:19:52 aiogram.event        INFO     Update id=511760954 is handled. Duration 3 ms by bot id=8095621527
2025.04.23 10:20:11 aiogram.dispatcher   WARNING  Received SIGINT signal
2025.04.23 10:20:11 aiogram.dispatcher   INFO     Polling stopped for bot @dllmasterbot id=8095621527 - 'DLLMaster 🍊'
2025.04.23 10:20:11 aiogram.dispatcher   INFO     Polling stopped
2025.04.23 10:20:11 __main__             INFO     🛑 Polling stopped
2025.04.23 10:20:11 __main__             INFO     🔴 Bot stopped
2025.04.23 10:20:16 dotenv.main          WARNING  python-dotenv could not parse statement starting at line 5
2025.04.23 10:20:16 __main__             INFO     🤖 Starting bot...
2025.04.23 10:20:16 __main__             INFO     🚀 Starting bot initialization...
2025.04.23 10:20:16 __main__             INFO     ✅ Database initialized successfully
2025.04.23 10:20:16 core.spotify_handler INFO     Spotify API connection established.
2025.04.23 10:20:16 __main__             INFO     ✅ Spotify service initialized
2025.04.23 10:20:16 core.webprofile      INFO     Seçilmiş User-Agent: Mozilla/5.0 (Windows NT 10.0; Win64; x64) AppleWebKit/537.36 (KHTML, like Gecko) Chrome/122.0.0.0 Safari/537.36
2025.04.23 10:20:16 core.youtube_handler INFO     firefox brauzerindən cookies istifadə edilir.
2025.04.23 10:20:16 __main__             INFO     ✅ YouTube services initialized (firefox)
2025.04.23 10:20:16 __main__             INFO     🔌 Loading plugins...
2025.04.23 10:20:16 __main__             INFO     🔍 Scanning plugins in: plugins
2025.04.23 10:20:16 __main__             INFO     🔄 Loading: plugins.spotify_plugin
2025.04.23 10:20:16 __main__             INFO     ✅ Loaded (sync): plugins.spotify_plugin
2025.04.23 10:20:16 __main__             INFO     🔄 Loading: plugins.menu_plugin
2025.04.23 10:20:16 __main__             INFO     ✅ Loaded (sync): plugins.menu_plugin
2025.04.23 10:20:16 __main__             INFO     🔄 Loading: plugins.sudo_plugin
2025.04.23 10:20:16 __main__             INFO     ✅ Loaded (sync): plugins.sudo_plugin
2025.04.23 10:20:16 __main__             INFO     🔄 Loading: plugins.youtube_plugin
2025.04.23 10:20:16 __main__             INFO     ✅ Loaded (sync): plugins.youtube_plugin
2025.04.23 10:20:16 __main__             INFO     🔄 Loading: plugins.neofetch_plugin
2025.04.23 10:20:16 __main__             INFO     ✅ Loaded (sync): plugins.neofetch_plugin
2025.04.23 10:20:16 __main__             INFO     🔄 Loading: plugins.id_command
2025.04.23 10:20:16 plugins.id_command   INFO     ✅ info_command plugin successfully loaded
2025.04.23 10:20:16 __main__             INFO     ✅ Loaded (async): plugins.id_command
2025.04.23 10:20:16 __main__             INFO     🔄 Loading: plugins.report_plugin
2025.04.23 10:20:16 __main__             INFO     ✅ Loaded (async): plugins.report_plugin
2025.04.23 10:20:16 __main__             INFO     🔄 Loading: plugins.del_plugin
2025.04.23 10:20:16 __main__             INFO     ✅ Loaded (sync): plugins.del_plugin
2025.04.23 10:20:16 __main__             INFO     🔄 Loading: plugins.mutagen
2025.04.23 10:20:16 plugins.mutagen      INFO     ✅ Mutagen plugin loaded successfully
2025.04.23 10:20:16 __main__             INFO     ✅ Loaded (sync): plugins.mutagen
2025.04.23 10:20:16 __main__             INFO     🔄 Loading: plugins.music_plugin
2025.04.23 10:20:16 __main__             INFO     ✅ Loaded (sync): plugins.music_plugin
2025.04.23 10:20:16 __main__             INFO     🔄 Loading: plugins.start_plugin
2025.04.23 10:20:16 __main__             INFO     ✅ Loaded (async): plugins.start_plugin
2025.04.23 10:20:16 __main__             INFO     🔄 Loading: plugins.stats_plugin
2025.04.23 10:20:16 __main__             INFO     ✅ Loaded (sync): plugins.stats_plugin
2025.04.23 10:20:16 __main__             INFO     🔄 Loading: plugins.dir_plugin
2025.04.23 10:20:16 __main__             INFO     ✅ Loaded (sync): plugins.dir_plugin
2025.04.23 10:20:16 __main__             INFO     🔄 Loading: plugins.broadcast_plugin
2025.04.23 10:20:16 __main__             INFO     ✅ Loaded (sync): plugins.broadcast_plugin
2025.04.23 10:20:16 __main__             INFO     🔄 Loading: plugins.speedtest_plugin
2025.04.23 10:20:16 __main__             INFO     ✅ Loaded (sync): plugins.speedtest_plugin
2025.04.23 10:20:16 __main__             INFO     🔄 Loading: plugins.bot_logs
2025.04.23 10:20:16 __main__             INFO     ✅ Loaded (async): plugins.bot_logs
2025.04.23 10:20:16 __main__             INFO     🚀 Starting polling...
2025.04.23 10:20:16 aiogram.dispatcher   INFO     Start polling
2025.04.23 10:20:16 aiogram.dispatcher   INFO     Run polling for bot @dllmasterbot id=8095621527 - 'DLLMaster 🍊'
2025.04.23 10:20:22 aiogram.event        INFO     Update id=511760955 is handled. Duration 160 ms by bot id=8095621527
2025.04.23 10:20:29 aiogram.event        INFO     Update id=511760956 is not handled. Duration 1 ms by bot id=8095621527
2025.04.23 10:20:29 aiogram.event        ERROR    Cause exception while process update id=511760956 by bot id=8095621527
NameError: name 'asyncio' is not defined
Traceback (most recent call last):
  File "/home/admin/.local/lib/python3.11/site-packages/aiogram/dispatcher/dispatcher.py", line 309, in _process_update
    response = await self.feed_update(bot, update, **kwargs)
               ^^^^^^^^^^^^^^^^^^^^^^^^^^^^^^^^^^^^^^^^^^^^^
  File "/home/admin/.local/lib/python3.11/site-packages/aiogram/dispatcher/dispatcher.py", line 158, in feed_update
    response = await self.update.wrap_outer_middleware(
               ^^^^^^^^^^^^^^^^^^^^^^^^^^^^^^^^^^^^^^^^
  File "/home/admin/.local/lib/python3.11/site-packages/aiogram/dispatcher/middlewares/error.py", line 25, in __call__
    return await handler(event, data)
           ^^^^^^^^^^^^^^^^^^^^^^^^^^
  File "/home/admin/.local/lib/python3.11/site-packages/aiogram/dispatcher/middlewares/user_context.py", line 56, in __call__
    return await handler(event, data)
           ^^^^^^^^^^^^^^^^^^^^^^^^^^
  File "/home/admin/.local/lib/python3.11/site-packages/aiogram/fsm/middleware.py", line 42, in __call__
    return await handler(event, data)
           ^^^^^^^^^^^^^^^^^^^^^^^^^^
  File "/home/admin/.local/lib/python3.11/site-packages/aiogram/dispatcher/event/telegram.py", line 121, in trigger
    return await wrapped_inner(event, kwargs)
           ^^^^^^^^^^^^^^^^^^^^^^^^^^^^^^^^^^
  File "/home/admin/.local/lib/python3.11/site-packages/aiogram/dispatcher/event/handler.py", line 43, in call
    return await wrapped()
           ^^^^^^^^^^^^^^^
  File "/home/admin/.local/lib/python3.11/site-packages/aiogram/dispatcher/dispatcher.py", line 276, in _listen_update
    return await self.propagate_event(update_type=update_type, event=event, **kwargs)
           ^^^^^^^^^^^^^^^^^^^^^^^^^^^^^^^^^^^^^^^^^^^^^^^^^^^^^^^^^^^^^^^^^^^^^^^^^^
  File "/home/admin/.local/lib/python3.11/site-packages/aiogram/dispatcher/router.py", line 146, in propagate_event
    return await observer.wrap_outer_middleware(_wrapped, event=event, data=kwargs)
           ^^^^^^^^^^^^^^^^^^^^^^^^^^^^^^^^^^^^^^^^^^^^^^^^^^^^^^^^^^^^^^^^^^^^^^^^
  File "/home/admin/.local/lib/python3.11/site-packages/aiogram/dispatcher/router.py", line 141, in _wrapped
    return await self._propagate_event(
           ^^^^^^^^^^^^^^^^^^^^^^^^^^^^
  File "/home/admin/.local/lib/python3.11/site-packages/aiogram/dispatcher/router.py", line 174, in _propagate_event
    response = await router.propagate_event(update_type=update_type, event=event, **kwargs)
               ^^^^^^^^^^^^^^^^^^^^^^^^^^^^^^^^^^^^^^^^^^^^^^^^^^^^^^^^^^^^^^^^^^^^^^^^^^^^
  File "/home/admin/.local/lib/python3.11/site-packages/aiogram/dispatcher/router.py", line 146, in propagate_event
    return await observer.wrap_outer_middleware(_wrapped, event=event, data=kwargs)
           ^^^^^^^^^^^^^^^^^^^^^^^^^^^^^^^^^^^^^^^^^^^^^^^^^^^^^^^^^^^^^^^^^^^^^^^^
  File "/home/admin/.local/lib/python3.11/site-packages/aiogram/dispatcher/router.py", line 141, in _wrapped
    return await self._propagate_event(
           ^^^^^^^^^^^^^^^^^^^^^^^^^^^^
  File "/home/admin/.local/lib/python3.11/site-packages/aiogram/dispatcher/router.py", line 166, in _propagate_event
    response = await observer.trigger(event, **kwargs)
               ^^^^^^^^^^^^^^^^^^^^^^^^^^^^^^^^^^^^^^^
  File "/home/admin/.local/lib/python3.11/site-packages/aiogram/dispatcher/event/telegram.py", line 121, in trigger
    return await wrapped_inner(event, kwargs)
           ^^^^^^^^^^^^^^^^^^^^^^^^^^^^^^^^^^
  File "/home/admin/.local/lib/python3.11/site-packages/aiogram/dispatcher/event/handler.py", line 43, in call
    return await wrapped()
           ^^^^^^^^^^^^^^^
  File "/home/admin/DLMaster/plugins/mutagen.py", line 32, in mutagen_command
    await show_edit_options(message, file_id)
  File "/home/admin/DLMaster/plugins/mutagen.py", line 54, in show_edit_options
    cleanup_sessions(message.bot)
  File "/home/admin/DLMaster/plugins/mutagen.py", line 70, in cleanup_sessions
    current_time = asyncio.get_event_loop().time()
                   ^^^^^^^
NameError: name 'asyncio' is not defined
2025.04.23 10:20:30 aiogram.event        INFO     Update id=511760957 is handled. Duration 45 ms by bot id=8095621527
2025.04.23 10:20:30 core.spotify_handler INFO     Fetching playlist data: 37i9dQZF1E39NEzQB83AMP
2025.04.23 10:20:31 spotipy.client       ERROR    HTTP Error for GET to https://api.spotify.com/v1/playlists/37i9dQZF1E39NEzQB83AMP with Params: {'fields': None, 'market': None, 'additional_types': 'track'} returned 404 due to Resource not found
2025.04.23 10:20:31 core.spotify_handler ERROR    Spotify API error: http status: 404, code: -1 - https://api.spotify.com/v1/playlists/37i9dQZF1E39NEzQB83AMP?additional_types=track:
 Resource not found, reason: None
2025.04.23 10:20:31 plugins.spotify_plugin ERROR    Spotify playlist error: Spotify API error: http status: 404, code: -1 - https://api.spotify.com/v1/playlists/37i9dQZF1E39NEzQB83AMP?additional_types=track:
 Resource not found, reason: None
2025.04.23 10:21:01 aiogram.event        INFO     Update id=511760958 is handled. Duration 2 ms by bot id=8095621527
2025.04.23 10:21:04 aiogram.event        INFO     Update id=511760959 is handled. Duration 54 ms by bot id=8095621527
2025.04.23 10:21:04 core.spotify_handler INFO     Fetching playlist data: 37i9dQZF1E39NEzQB83AMP
2025.04.23 10:21:05 spotipy.client       ERROR    HTTP Error for GET to https://api.spotify.com/v1/playlists/37i9dQZF1E39NEzQB83AMP with Params: {'fields': None, 'market': None, 'additional_types': 'track'} returned 404 due to Resource not found
2025.04.23 10:21:05 core.spotify_handler ERROR    Spotify API error: http status: 404, code: -1 - https://api.spotify.com/v1/playlists/37i9dQZF1E39NEzQB83AMP?additional_types=track:
 Resource not found, reason: None
2025.04.23 10:21:05 plugins.spotify_plugin ERROR    Spotify playlist error: Spotify API error: http status: 404, code: -1 - https://api.spotify.com/v1/playlists/37i9dQZF1E39NEzQB83AMP?additional_types=track:
 Resource not found, reason: None
2025.04.23 10:21:27 aiogram.event        INFO     Update id=511760960 is handled. Duration 3 ms by bot id=8095621527
2025.04.23 10:21:27 aiogram.event        INFO     Update id=511760961 is handled. Duration 3 ms by bot id=8095621527
2025.04.23 10:21:27 aiogram.event        INFO     Update id=511760962 is handled. Duration 3 ms by bot id=8095621527
2025.04.23 10:22:00 aiogram.dispatcher   WARNING  Received SIGINT signal
2025.04.23 10:22:00 aiogram.dispatcher   INFO     Polling stopped for bot @dllmasterbot id=8095621527 - 'DLLMaster 🍊'
2025.04.23 10:22:00 aiogram.dispatcher   INFO     Polling stopped
2025.04.23 10:22:01 __main__             INFO     🛑 Polling stopped
2025.04.23 10:22:01 __main__             INFO     🔴 Bot stopped
2025.04.23 10:22:01 dotenv.main          WARNING  python-dotenv could not parse statement starting at line 5
2025.04.23 10:22:01 __main__             INFO     🤖 Starting bot...
2025.04.23 10:22:01 __main__             INFO     🚀 Starting bot initialization...
2025.04.23 10:22:01 __main__             INFO     ✅ Database initialized successfully
2025.04.23 10:22:01 core.spotify_handler INFO     Spotify API connection established.
2025.04.23 10:22:01 __main__             INFO     ✅ Spotify service initialized
2025.04.23 10:22:01 core.webprofile      INFO     Seçilmiş User-Agent: Mozilla/5.0 (iPad; CPU OS 17_2 like Mac OS X) AppleWebKit/605.1.15 (KHTML, like Gecko) Version/17.2 Mobile/15E148 Safari/604.1
2025.04.23 10:22:01 core.youtube_handler INFO     firefox brauzerindən cookies istifadə edilir.
2025.04.23 10:22:01 __main__             INFO     ✅ YouTube services initialized (firefox)
2025.04.23 10:22:01 __main__             INFO     🔌 Loading plugins...
2025.04.23 10:22:01 __main__             INFO     🔍 Scanning plugins in: plugins
2025.04.23 10:22:01 __main__             INFO     🔄 Loading: plugins.spotify_plugin
2025.04.23 10:22:01 __main__             INFO     ✅ Loaded (sync): plugins.spotify_plugin
2025.04.23 10:22:01 __main__             INFO     🔄 Loading: plugins.menu_plugin
2025.04.23 10:22:01 __main__             INFO     ✅ Loaded (sync): plugins.menu_plugin
2025.04.23 10:22:01 __main__             INFO     🔄 Loading: plugins.sudo_plugin
2025.04.23 10:22:01 __main__             INFO     ✅ Loaded (sync): plugins.sudo_plugin
2025.04.23 10:22:01 __main__             INFO     🔄 Loading: plugins.youtube_plugin
2025.04.23 10:22:01 __main__             INFO     ✅ Loaded (sync): plugins.youtube_plugin
2025.04.23 10:22:01 __main__             INFO     🔄 Loading: plugins.neofetch_plugin
2025.04.23 10:22:01 __main__             INFO     ✅ Loaded (sync): plugins.neofetch_plugin
2025.04.23 10:22:01 __main__             INFO     🔄 Loading: plugins.id_command
2025.04.23 10:22:01 plugins.id_command   INFO     ✅ info_command plugin successfully loaded
2025.04.23 10:22:01 __main__             INFO     ✅ Loaded (async): plugins.id_command
2025.04.23 10:22:01 __main__             INFO     🔄 Loading: plugins.report_plugin
2025.04.23 10:22:01 __main__             INFO     ✅ Loaded (async): plugins.report_plugin
2025.04.23 10:22:01 __main__             INFO     🔄 Loading: plugins.del_plugin
2025.04.23 10:22:01 __main__             INFO     ✅ Loaded (sync): plugins.del_plugin
2025.04.23 10:22:01 __main__             INFO     🔄 Loading: plugins.mutagen
2025.04.23 10:22:01 plugins.mutagen      INFO     ✅ Mutagen plugin loaded successfully
2025.04.23 10:22:01 __main__             INFO     ✅ Loaded (sync): plugins.mutagen
2025.04.23 10:22:01 __main__             INFO     🔄 Loading: plugins.music_plugin
2025.04.23 10:22:01 __main__             INFO     ✅ Loaded (sync): plugins.music_plugin
2025.04.23 10:22:01 __main__             INFO     🔄 Loading: plugins.start_plugin
2025.04.23 10:22:01 __main__             INFO     ✅ Loaded (async): plugins.start_plugin
2025.04.23 10:22:01 __main__             INFO     🔄 Loading: plugins.stats_plugin
2025.04.23 10:22:01 __main__             INFO     ✅ Loaded (sync): plugins.stats_plugin
2025.04.23 10:22:01 __main__             INFO     🔄 Loading: plugins.dir_plugin
2025.04.23 10:22:01 __main__             INFO     ✅ Loaded (sync): plugins.dir_plugin
2025.04.23 10:22:01 __main__             INFO     🔄 Loading: plugins.broadcast_plugin
2025.04.23 10:22:01 __main__             INFO     ✅ Loaded (sync): plugins.broadcast_plugin
2025.04.23 10:22:01 __main__             INFO     🔄 Loading: plugins.speedtest_plugin
2025.04.23 10:22:01 __main__             INFO     ✅ Loaded (sync): plugins.speedtest_plugin
2025.04.23 10:22:01 __main__             INFO     🔄 Loading: plugins.bot_logs
2025.04.23 10:22:01 __main__             INFO     ✅ Loaded (async): plugins.bot_logs
2025.04.23 10:22:01 __main__             INFO     🚀 Starting polling...
2025.04.23 10:22:01 aiogram.dispatcher   INFO     Start polling
2025.04.23 10:22:01 aiogram.dispatcher   INFO     Run polling for bot @dllmasterbot id=8095621527 - 'DLLMaster 🍊'
2025.04.23 10:22:47 aiogram.event        INFO     Update id=511760963 is handled. Duration 1 ms by bot id=8095621527
2025.04.23 10:22:47 core.spotify_handler INFO     Fetching track data: 5UOYENShZWZ5SVZFJWJXN0
2025.04.23 10:22:47 core.webprofile      INFO     firefox brauzerindən cookies istifadə edilir.
2025.04.23 10:22:47 core.webprofile      INFO     Seçilmiş User-Agent: Mozilla/5.0 (X11; Linux x86_64) AppleWebKit/537.36 (KHTML, like Gecko) Chrome/122.0.0.0 Safari/537.36
2025.04.23 10:22:58 core.spotify_handler INFO     Added Spotify thumbnail: https://i.scdn.co/image/ab67616d0000b273994c295dc193fa50dde7f13d
2025.04.23 10:22:58 core.spotify_handler INFO     Metadata applied: download/download/PLAYBOYBUNNIES.m4a
2025.04.23 10:24:46 aiogram.event        INFO     Update id=511760964 is handled. Duration 0 ms by bot id=8095621527
2025.04.23 10:24:46 core.spotify_handler INFO     Fetching album data: 6Bkx66OfElcoOtkxp043SR
2025.04.23 10:24:48 core.webprofile      INFO     firefox brauzerindən cookies istifadə edilir.
2025.04.23 10:24:48 core.webprofile      INFO     Seçilmiş User-Agent: Mozilla/5.0 (Macintosh; Intel Mac OS X 10_15_7) AppleWebKit/537.36 (KHTML, like Gecko) Chrome/122.0.0.0 Safari/537.36
2025.04.23 10:24:57 core.spotify_handler INFO     Added Spotify thumbnail: https://i.scdn.co/image/ab67616d0000b27350e64f29717bb5a444db07e2
2025.04.23 10:24:57 core.spotify_handler INFO     Metadata applied: download/download/Bebe.m4a
2025.04.23 10:24:58 core.webprofile      INFO     firefox brauzerindən cookies istifadə edilir.
2025.04.23 10:24:58 core.webprofile      INFO     Seçilmiş User-Agent: Mozilla/5.0 (Linux; Android 14; Pixel 8 Pro) AppleWebKit/537.36 (KHTML, like Gecko) Chrome/122.0.0.0 Mobile Safari/537.36
2025.04.23 10:25:12 core.spotify_handler INFO     Added Spotify thumbnail: https://i.scdn.co/image/ab67616d0000b27350e64f29717bb5a444db07e2
2025.04.23 10:25:12 core.spotify_handler INFO     Metadata applied: download/download/Pa Mu.m4a
2025.04.23 10:25:14 core.webprofile      INFO     firefox brauzerindən cookies istifadə edilir.
2025.04.23 10:25:14 core.webprofile      INFO     Seçilmiş User-Agent: Mozilla/5.0 (X11; Ubuntu; Linux x86_64; rv:120.0) Gecko/20100101 Firefox/120.0
2025.04.23 10:25:24 core.spotify_handler INFO     Added Spotify thumbnail: https://i.scdn.co/image/ab67616d0000b27350e64f29717bb5a444db07e2
2025.04.23 10:25:24 core.spotify_handler INFO     Metadata applied: download/download/Eurosport.m4a
2025.04.23 10:25:26 core.webprofile      INFO     firefox brauzerindən cookies istifadə edilir.
2025.04.23 10:25:26 core.webprofile      INFO     Seçilmiş User-Agent: Mozilla/5.0 (Linux; Android 14; SM-G998B) AppleWebKit/537.36 (KHTML, like Gecko) Chrome/122.0.0.0 Mobile Safari/537.36
2025.04.23 10:25:34 core.spotify_handler INFO     Added Spotify thumbnail: https://i.scdn.co/image/ab67616d0000b27350e64f29717bb5a444db07e2
2025.04.23 10:25:34 core.spotify_handler INFO     Metadata applied: download/download/All Eyes On Me.m4a
2025.04.23 10:25:35 core.webprofile      INFO     firefox brauzerindən cookies istifadə edilir.
2025.04.23 10:25:35 core.webprofile      INFO     Seçilmiş User-Agent: Mozilla/5.0 (iPhone; CPU iPhone OS 17_2 like Mac OS X) AppleWebKit/605.1.15 (KHTML, like Gecko) Version/17.2 Mobile/15E148 Safari/604.1
2025.04.23 10:25:39 aiogram.event        INFO     Update id=511760965 is handled. Duration 1 ms by bot id=8095621527
2025.04.23 10:25:44 core.spotify_handler INFO     Added Spotify thumbnail: https://i.scdn.co/image/ab67616d0000b27350e64f29717bb5a444db07e2
2025.04.23 10:25:44 core.spotify_handler INFO     Metadata applied: download/download/Emirat.m4a
2025.04.23 10:25:46 core.webprofile      INFO     firefox brauzerindən cookies istifadə edilir.
2025.04.23 10:25:46 core.webprofile      INFO     Seçilmiş User-Agent: Mozilla/5.0 (Macintosh; Intel Mac OS X 10_15_7) AppleWebKit/537.36 (KHTML, like Gecko) Chrome/122.0.0.0 Safari/537.36
2025.04.23 10:25:57 core.spotify_handler INFO     Added Spotify thumbnail: https://i.scdn.co/image/ab67616d0000b27350e64f29717bb5a444db07e2
2025.04.23 10:25:57 core.spotify_handler INFO     Metadata applied: download/download/Ma Luna.m4a
2025.04.23 10:25:59 core.webprofile      INFO     firefox brauzerindən cookies istifadə edilir.
2025.04.23 10:25:59 core.webprofile      INFO     Seçilmiş User-Agent: Mozilla/5.0 (iPhone; CPU iPhone OS 17_2 like Mac OS X) AppleWebKit/605.1.15 (KHTML, like Gecko) Version/17.2 Mobile/15E148 Safari/604.1
2025.04.23 10:26:08 core.spotify_handler INFO     Added Spotify thumbnail: https://i.scdn.co/image/ab67616d0000b27350e64f29717bb5a444db07e2
2025.04.23 10:26:08 core.spotify_handler INFO     Metadata applied: download/download/Ekipa.m4a
2025.04.23 10:26:10 core.webprofile      INFO     firefox brauzerindən cookies istifadə edilir.
2025.04.23 10:26:10 core.webprofile      INFO     Seçilmiş User-Agent: Mozilla/5.0 (iPad; CPU OS 17_2 like Mac OS X) AppleWebKit/605.1.15 (KHTML, like Gecko) Version/17.2 Mobile/15E148 Safari/604.1
2025.04.23 10:26:19 core.spotify_handler INFO     Added Spotify thumbnail: https://i.scdn.co/image/ab67616d0000b27350e64f29717bb5a444db07e2
2025.04.23 10:26:19 core.spotify_handler INFO     Metadata applied: download/download/Pardon.m4a
2025.04.23 10:26:21 core.webprofile      INFO     firefox brauzerindən cookies istifadə edilir.
2025.04.23 10:26:21 core.webprofile      INFO     Seçilmiş User-Agent: Mozilla/5.0 (iPhone; CPU iPhone OS 17_2 like Mac OS X) AppleWebKit/605.1.15 (KHTML, like Gecko) Version/17.2 Mobile/15E148 Safari/604.1
2025.04.23 10:26:29 core.spotify_handler INFO     Added Spotify thumbnail: https://i.scdn.co/image/ab67616d0000b27350e64f29717bb5a444db07e2
2025.04.23 10:26:29 core.spotify_handler INFO     Metadata applied: download/download/Maje.m4a
2025.04.23 10:26:31 core.webprofile      INFO     firefox brauzerindən cookies istifadə edilir.
2025.04.23 10:26:31 core.webprofile      INFO     Seçilmiş User-Agent: Mozilla/5.0 (iPhone; CPU iPhone OS 17_2 like Mac OS X) AppleWebKit/605.1.15 (KHTML, like Gecko) Version/17.2 Mobile/15E148 Safari/604.1
2025.04.23 10:26:41 core.spotify_handler INFO     Added Spotify thumbnail: https://i.scdn.co/image/ab67616d0000b27350e64f29717bb5a444db07e2
2025.04.23 10:26:41 core.spotify_handler INFO     Metadata applied: download/download/Renault.m4a
2025.04.23 10:26:43 core.webprofile      INFO     firefox brauzerindən cookies istifadə edilir.
2025.04.23 10:26:43 core.webprofile      INFO     Seçilmiş User-Agent: Mozilla/5.0 (Linux; Android 14; Pixel 8 Pro) AppleWebKit/537.36 (KHTML, like Gecko) Chrome/122.0.0.0 Mobile Safari/537.36
2025.04.23 10:26:47 aiogram.event        INFO     Update id=511760966 is handled. Duration 4 ms by bot id=8095621527
2025.04.23 10:26:47 aiogram.event        INFO     Update id=511760967 is handled. Duration 4 ms by bot id=8095621527
2025.04.23 10:26:47 aiogram.event        INFO     Update id=511760968 is handled. Duration 4 ms by bot id=8095621527
2025.04.23 10:26:52 core.spotify_handler INFO     Added Spotify thumbnail: https://i.scdn.co/image/ab67616d0000b27350e64f29717bb5a444db07e2
2025.04.23 10:26:52 core.spotify_handler INFO     Metadata applied: download/download/Dale.m4a
2025.04.23 10:26:54 core.webprofile      INFO     firefox brauzerindən cookies istifadə edilir.
2025.04.23 10:26:54 core.webprofile      INFO     Seçilmiş User-Agent: Mozilla/5.0 (X11; Linux x86_64) AppleWebKit/537.36 (KHTML, like Gecko) Chrome/122.0.0.0 Safari/537.36
2025.04.23 10:27:02 core.spotify_handler INFO     Added Spotify thumbnail: https://i.scdn.co/image/ab67616d0000b27350e64f29717bb5a444db07e2
2025.04.23 10:27:02 core.spotify_handler INFO     Metadata applied: download/download/Khamzat.m4a
2025.04.23 10:27:04 core.webprofile      INFO     firefox brauzerindən cookies istifadə edilir.
2025.04.23 10:27:04 core.webprofile      INFO     Seçilmiş User-Agent: Mozilla/5.0 (X11; Ubuntu; Linux x86_64; rv:120.0) Gecko/20100101 Firefox/120.0
2025.04.23 10:27:14 core.spotify_handler INFO     Added Spotify thumbnail: https://i.scdn.co/image/ab67616d0000b27350e64f29717bb5a444db07e2
2025.04.23 10:27:14 core.spotify_handler INFO     Metadata applied: download/download/Big City Life.m4a
2025.04.23 10:27:15 core.webprofile      INFO     firefox brauzerindən cookies istifadə edilir.
2025.04.23 10:27:15 core.webprofile      INFO     Seçilmiş User-Agent: Mozilla/5.0 (Linux; Android 14; SM-G998B) AppleWebKit/537.36 (KHTML, like Gecko) Chrome/122.0.0.0 Mobile Safari/537.36
2025.04.23 10:27:27 core.spotify_handler INFO     Added Spotify thumbnail: https://i.scdn.co/image/ab67616d0000b27350e64f29717bb5a444db07e2
2025.04.23 10:27:27 core.spotify_handler INFO     Metadata applied: download/download/Tiffany.m4a
2025.04.23 10:27:37 aiogram.event        INFO     Update id=511760969 is handled. Duration 0 ms by bot id=8095621527
2025.04.23 10:27:37 core.spotify_handler INFO     Fetching album data: 1myLq2BFzmGEPqReRp6BUh
2025.04.23 10:27:39 core.webprofile      INFO     firefox brauzerindən cookies istifadə edilir.
2025.04.23 10:27:39 core.webprofile      INFO     Seçilmiş User-Agent: Mozilla/5.0 (X11; Linux x86_64) AppleWebKit/537.36 (KHTML, like Gecko) Chrome/122.0.0.0 Safari/537.36
2025.04.23 10:27:48 core.spotify_handler INFO     Added Spotify thumbnail: https://i.scdn.co/image/ab67616d0000b27324e69be63260a36e78cab8a7
2025.04.23 10:27:48 core.spotify_handler INFO     Metadata applied: download/download/WER MACHT PARA 3.m4a
2025.04.23 10:27:50 core.webprofile      INFO     firefox brauzerindən cookies istifadə edilir.
2025.04.23 10:27:50 core.webprofile      INFO     Seçilmiş User-Agent: Mozilla/5.0 (iPad; CPU OS 17_2 like Mac OS X) AppleWebKit/605.1.15 (KHTML, like Gecko) Version/17.2 Mobile/15E148 Safari/604.1
2025.04.23 10:28:00 core.spotify_handler INFO     Added Spotify thumbnail: https://i.scdn.co/image/ab67616d0000b27324e69be63260a36e78cab8a7
2025.04.23 10:28:00 core.spotify_handler INFO     Metadata applied: download/download/weR mAChT PaRA 2.m4a
2025.04.23 10:30:58 core.webprofile      INFO     firefox brauzerindən cookies istifadə edilir.
2025.04.23 10:30:58 core.webprofile      INFO     Seçilmiş User-Agent: Mozilla/5.0 (Linux; Android 14; SM-G998B) AppleWebKit/537.36 (KHTML, like Gecko) Chrome/122.0.0.0 Mobile Safari/537.36
2025.04.23 10:31:01 aiogram.event        INFO     Update id=511760970 is handled. Duration 3479 ms by bot id=8095621527
2025.04.23 10:31:06 core.webprofile      INFO     firefox brauzerindən cookies istifadə edilir.
2025.04.23 10:31:06 core.webprofile      INFO     Seçilmiş User-Agent: Mozilla/5.0 (iPad; CPU OS 17_2 like Mac OS X) AppleWebKit/605.1.15 (KHTML, like Gecko) Version/17.2 Mobile/15E148 Safari/604.1
2025.04.23 10:31:13 aiogram.event        INFO     Update id=511760971 is handled. Duration 7036 ms by bot id=8095621527
2025.04.23 10:31:54 aiogram.event        INFO     Update id=511760972 is handled. Duration 0 ms by bot id=8095621527
2025.04.23 10:31:54 core.spotify_handler INFO     Fetching album data: 28znTBZh9uV0BCoJ0w6xuk
2025.04.23 10:31:56 core.webprofile      INFO     firefox brauzerindən cookies istifadə edilir.
2025.04.23 10:31:56 core.webprofile      INFO     Seçilmiş User-Agent: Mozilla/5.0 (iPad; CPU OS 17_2 like Mac OS X) AppleWebKit/605.1.15 (KHTML, like Gecko) Version/17.2 Mobile/15E148 Safari/604.1
2025.04.23 10:32:10 core.spotify_handler INFO     Added Spotify thumbnail: https://i.scdn.co/image/ab67616d0000b2735eaab7e7b92b58e5cd862e9f
2025.04.23 10:32:10 core.spotify_handler INFO     Metadata applied: download/download/Gesegnet.m4a
2025.04.23 10:32:12 core.webprofile      INFO     firefox brauzerindən cookies istifadə edilir.
2025.04.23 10:32:12 core.webprofile      INFO     Seçilmiş User-Agent: Mozilla/5.0 (Macintosh; Intel Mac OS X 10_15_7) AppleWebKit/537.36 (KHTML, like Gecko) Chrome/122.0.0.0 Safari/537.36
2025.04.23 10:32:21 core.spotify_handler INFO     Added Spotify thumbnail: https://i.scdn.co/image/ab67616d0000b2735eaab7e7b92b58e5cd862e9f
2025.04.23 10:32:21 core.spotify_handler INFO     Metadata applied: download/download/Cold as Ice.m4a
2025.04.23 10:32:23 core.webprofile      INFO     firefox brauzerindən cookies istifadə edilir.
2025.04.23 10:32:23 core.webprofile      INFO     Seçilmiş User-Agent: Mozilla/5.0 (Macintosh; Intel Mac OS X 10_15_7) AppleWebKit/537.36 (KHTML, like Gecko) Chrome/122.0.0.0 Safari/537.36
2025.04.23 10:32:31 core.spotify_handler INFO     Added Spotify thumbnail: https://i.scdn.co/image/ab67616d0000b2735eaab7e7b92b58e5cd862e9f
2025.04.23 10:32:31 core.spotify_handler INFO     Metadata applied: download/download/Skit Tiefgaragen.m4a
2025.04.23 10:32:33 core.webprofile      INFO     firefox brauzerindən cookies istifadə edilir.
2025.04.23 10:32:33 core.webprofile      INFO     Seçilmiş User-Agent: Mozilla/5.0 (Linux; Android 14; Pixel 8 Pro) AppleWebKit/537.36 (KHTML, like Gecko) Chrome/122.0.0.0 Mobile Safari/537.36
2025.04.23 10:32:44 core.spotify_handler INFO     Added Spotify thumbnail: https://i.scdn.co/image/ab67616d0000b2735eaab7e7b92b58e5cd862e9f
2025.04.23 10:32:44 core.spotify_handler INFO     Metadata applied: download/download/Tiefgaragen.m4a
2025.04.23 10:32:46 core.webprofile      INFO     firefox brauzerindən cookies istifadə edilir.
2025.04.23 10:32:46 core.webprofile      INFO     Seçilmiş User-Agent: Mozilla/5.0 (X11; Ubuntu; Linux x86_64; rv:120.0) Gecko/20100101 Firefox/120.0
2025.04.23 10:32:59 core.spotify_handler INFO     Added Spotify thumbnail: https://i.scdn.co/image/ab67616d0000b2735eaab7e7b92b58e5cd862e9f
2025.04.23 10:32:59 core.spotify_handler INFO     Metadata applied: download/download/Yay.m4a
2025.04.23 10:33:01 core.webprofile      INFO     firefox brauzerindən cookies istifadə edilir.
2025.04.23 10:33:01 core.webprofile      INFO     Seçilmiş User-Agent: Mozilla/5.0 (X11; Linux x86_64) AppleWebKit/537.36 (KHTML, like Gecko) Chrome/122.0.0.0 Safari/537.36
2025.04.23 10:33:13 core.spotify_handler INFO     Added Spotify thumbnail: https://i.scdn.co/image/ab67616d0000b2735eaab7e7b92b58e5cd862e9f
2025.04.23 10:33:13 core.spotify_handler INFO     Metadata applied: download/download/Bei Nacht.m4a
2025.04.23 10:34:39 core.webprofile      INFO     firefox brauzerindən cookies istifadə edilir.
2025.04.23 10:34:39 core.webprofile      INFO     Seçilmiş User-Agent: Mozilla/5.0 (Linux; Android 14; Pixel 8 Pro) AppleWebKit/537.36 (KHTML, like Gecko) Chrome/122.0.0.0 Mobile Safari/537.36
2025.04.23 10:34:44 aiogram.event        INFO     Update id=511760973 is handled. Duration 4239 ms by bot id=8095621527
2025.04.23 10:34:46 core.webprofile      INFO     firefox brauzerindən cookies istifadə edilir.
2025.04.23 10:34:46 core.webprofile      INFO     Seçilmiş User-Agent: Mozilla/5.0 (iPhone; CPU iPhone OS 17_2 like Mac OS X) AppleWebKit/605.1.15 (KHTML, like Gecko) Version/17.2 Mobile/15E148 Safari/604.1
2025.04.23 10:34:55 aiogram.event        INFO     Update id=511760974 is handled. Duration 9124 ms by bot id=8095621527
2025.04.23 10:36:40 aiogram.event        INFO     Update id=511760975 is handled. Duration 0 ms by bot id=8095621527
2025.04.23 10:36:40 core.spotify_handler INFO     Fetching album data: 2Gnd3ZmQI08D9h7182JnZm
2025.04.23 10:36:42 core.webprofile      INFO     firefox brauzerindən cookies istifadə edilir.
2025.04.23 10:36:42 core.webprofile      INFO     Seçilmiş User-Agent: Mozilla/5.0 (X11; Ubuntu; Linux x86_64; rv:120.0) Gecko/20100101 Firefox/120.0
2025.04.23 10:36:52 core.spotify_handler INFO     Added Spotify thumbnail: https://i.scdn.co/image/ab67616d0000b273c1cd44a5d95b770ee34b4cc6
2025.04.23 10:36:52 core.spotify_handler INFO     Metadata applied: download/download/Chanelli.m4a
2025.04.23 10:41:01 aiogram.event        INFO     Update id=511760976 is handled. Duration 0 ms by bot id=8095621527
2025.04.23 10:41:01 core.spotify_handler INFO     Fetching album data: 00JqqbMAn0sReZIOz44jiu
2025.04.23 10:41:02 core.webprofile      INFO     firefox brauzerindən cookies istifadə edilir.
2025.04.23 10:41:02 core.webprofile      INFO     Seçilmiş User-Agent: Mozilla/5.0 (Windows NT 10.0; Win64; x64; rv:120.0) Gecko/20100101 Firefox/120.0
2025.04.23 10:41:15 core.spotify_handler INFO     Added Spotify thumbnail: https://i.scdn.co/image/ab67616d0000b273c5db677365a675cb22e0e397
2025.04.23 10:41:15 core.spotify_handler INFO     Metadata applied: download/download/Ghost.m4a
2025.04.23 10:41:18 core.webprofile      INFO     firefox brauzerindən cookies istifadə edilir.
2025.04.23 10:41:18 core.webprofile      INFO     Seçilmiş User-Agent: Mozilla/5.0 (Linux; Android 14; Pixel 8 Pro) AppleWebKit/537.36 (KHTML, like Gecko) Chrome/122.0.0.0 Mobile Safari/537.36
2025.04.23 10:41:29 core.spotify_handler INFO     Added Spotify thumbnail: https://i.scdn.co/image/ab67616d0000b273c5db677365a675cb22e0e397
2025.04.23 10:41:29 core.spotify_handler INFO     Metadata applied: download/download/Rollerblades (feat. KC Rebell).m4a
2025.04.23 10:41:31 core.webprofile      INFO     firefox brauzerindən cookies istifadə edilir.
2025.04.23 10:41:31 core.webprofile      INFO     Seçilmiş User-Agent: Mozilla/5.0 (X11; Ubuntu; Linux x86_64; rv:120.0) Gecko/20100101 Firefox/120.0
2025.04.23 10:41:43 core.spotify_handler INFO     Added Spotify thumbnail: https://i.scdn.co/image/ab67616d0000b273c5db677365a675cb22e0e397
2025.04.23 10:41:43 core.spotify_handler INFO     Metadata applied: download/download/Fatality (feat. Haftbefehl).m4a
2025.04.23 10:41:46 core.webprofile      INFO     firefox brauzerindən cookies istifadə edilir.
2025.04.23 10:41:46 core.webprofile      INFO     Seçilmiş User-Agent: Mozilla/5.0 (Linux; Android 14; SM-G998B) AppleWebKit/537.36 (KHTML, like Gecko) Chrome/122.0.0.0 Mobile Safari/537.36
2025.04.23 10:41:59 core.spotify_handler INFO     Added Spotify thumbnail: https://i.scdn.co/image/ab67616d0000b273c5db677365a675cb22e0e397
2025.04.23 10:41:59 core.spotify_handler INFO     Metadata applied: download/download/Donatella (feat. Farid Bang).m4a
2025.04.23 10:42:01 core.webprofile      INFO     firefox brauzerindən cookies istifadə edilir.
2025.04.23 10:42:01 core.webprofile      INFO     Seçilmiş User-Agent: Mozilla/5.0 (iPad; CPU OS 17_2 like Mac OS X) AppleWebKit/605.1.15 (KHTML, like Gecko) Version/17.2 Mobile/15E148 Safari/604.1
2025.04.23 10:42:12 core.spotify_handler INFO     Added Spotify thumbnail: https://i.scdn.co/image/ab67616d0000b273c5db677365a675cb22e0e397
2025.04.23 10:42:12 core.spotify_handler INFO     Metadata applied: download/download/Summer Cem (feat. Luciano).m4a
2025.04.23 10:42:14 core.webprofile      INFO     firefox brauzerindən cookies istifadə edilir.
2025.04.23 10:42:14 core.webprofile      INFO     Seçilmiş User-Agent: Mozilla/5.0 (Windows NT 10.0; Win64; x64) AppleWebKit/537.36 (KHTML, like Gecko) Chrome/122.0.0.0 Safari/537.36
2025.04.23 10:42:27 core.spotify_handler INFO     Added Spotify thumbnail: https://i.scdn.co/image/ab67616d0000b273c5db677365a675cb22e0e397
2025.04.23 10:42:27 core.spotify_handler INFO     Metadata applied: download/download/Sky is the Limit.m4a
2025.04.23 10:42:28 core.webprofile      INFO     firefox brauzerindən cookies istifadə edilir.
2025.04.23 10:42:28 core.webprofile      INFO     Seçilmiş User-Agent: Mozilla/5.0 (iPad; CPU OS 17_2 like Mac OS X) AppleWebKit/605.1.15 (KHTML, like Gecko) Version/17.2 Mobile/15E148 Safari/604.1
2025.04.23 10:42:40 core.spotify_handler INFO     Added Spotify thumbnail: https://i.scdn.co/image/ab67616d0000b273c5db677365a675cb22e0e397
2025.04.23 10:42:40 core.spotify_handler INFO     Metadata applied: download/download/Diamonds (feat. Capital Bra).m4a
2025.04.23 10:42:42 core.webprofile      INFO     firefox brauzerindən cookies istifadə edilir.
2025.04.23 10:42:42 core.webprofile      INFO     Seçilmiş User-Agent: Mozilla/5.0 (Macintosh; Intel Mac OS X 10_15_7) AppleWebKit/537.36 (KHTML, like Gecko) Chrome/122.0.0.0 Safari/537.36
2025.04.23 10:42:53 core.spotify_handler INFO     Added Spotify thumbnail: https://i.scdn.co/image/ab67616d0000b273c5db677365a675cb22e0e397
2025.04.23 10:42:53 core.spotify_handler INFO     Metadata applied: download/download/Bayram (feat. Elias).m4a
2025.04.23 10:42:55 core.webprofile      INFO     firefox brauzerindən cookies istifadə edilir.
2025.04.23 10:42:55 core.webprofile      INFO     Seçilmiş User-Agent: Mozilla/5.0 (iPhone; CPU iPhone OS 17_2 like Mac OS X) AppleWebKit/605.1.15 (KHTML, like Gecko) Version/17.2 Mobile/15E148 Safari/604.1
2025.04.23 10:43:06 core.spotify_handler INFO     Added Spotify thumbnail: https://i.scdn.co/image/ab67616d0000b273c5db677365a675cb22e0e397
2025.04.23 10:43:06 core.spotify_handler INFO     Metadata applied: download/download/Swish.m4a
2025.04.23 10:43:08 core.webprofile      INFO     firefox brauzerindən cookies istifadə edilir.
2025.04.23 10:43:08 core.webprofile      INFO     Seçilmiş User-Agent: Mozilla/5.0 (X11; Linux x86_64) AppleWebKit/537.36 (KHTML, like Gecko) Chrome/122.0.0.0 Safari/537.36
2025.04.23 10:43:19 core.spotify_handler INFO     Added Spotify thumbnail: https://i.scdn.co/image/ab67616d0000b273c5db677365a675cb22e0e397
2025.04.23 10:43:19 core.spotify_handler INFO     Metadata applied: download/download/Yallah Goodbye (feat. Gringo).m4a
2025.04.23 10:43:21 core.webprofile      INFO     firefox brauzerindən cookies istifadə edilir.
2025.04.23 10:43:21 core.webprofile      INFO     Seçilmiş User-Agent: Mozilla/5.0 (Windows NT 10.0; Win64; x64; rv:120.0) Gecko/20100101 Firefox/120.0
2025.04.23 10:43:26 aiogram.event        INFO     Update id=511760977 is handled. Duration 2 ms by bot id=8095621527
2025.04.23 10:43:26 aiogram.event        INFO     Update id=511760978 is handled. Duration 2 ms by bot id=8095621527
2025.04.23 10:43:26 aiogram.event        INFO     Update id=511760979 is handled. Duration 2 ms by bot id=8095621527
2025.04.23 10:43:32 core.spotify_handler INFO     Added Spotify thumbnail: https://i.scdn.co/image/ab67616d0000b273c5db677365a675cb22e0e397
2025.04.23 10:43:32 core.spotify_handler INFO     Metadata applied: download/download/Farben (feat. Bausa).m4a
2025.04.23 10:43:34 core.webprofile      INFO     firefox brauzerindən cookies istifadə edilir.
2025.04.23 10:43:34 core.webprofile      INFO     Seçilmiş User-Agent: Mozilla/5.0 (iPad; CPU OS 17_2 like Mac OS X) AppleWebKit/605.1.15 (KHTML, like Gecko) Version/17.2 Mobile/15E148 Safari/604.1
2025.04.23 10:43:47 core.spotify_handler INFO     Added Spotify thumbnail: https://i.scdn.co/image/ab67616d0000b273c5db677365a675cb22e0e397
2025.04.23 10:43:47 core.spotify_handler INFO     Metadata applied: download/download/Prada Linea Rossa (feat. Reezy).m4a
2025.04.23 10:43:48 core.webprofile      INFO     firefox brauzerindən cookies istifadə edilir.
2025.04.23 10:43:48 core.webprofile      INFO     Seçilmiş User-Agent: Mozilla/5.0 (Windows NT 10.0; Win64; x64) AppleWebKit/537.36 (KHTML, like Gecko) Chrome/122.0.0.0 Safari/537.36
2025.04.23 10:44:00 core.spotify_handler INFO     Added Spotify thumbnail: https://i.scdn.co/image/ab67616d0000b273c5db677365a675cb22e0e397
2025.04.23 10:44:00 core.spotify_handler INFO     Metadata applied: download/download/Primetime.m4a
2025.04.23 10:44:29 aiogram.event        INFO     Update id=511760980 is handled. Duration 3 ms by bot id=8095621527
2025.04.23 10:44:29 aiogram.event        INFO     Update id=511760981 is handled. Duration 3 ms by bot id=8095621527
2025.04.23 10:44:29 aiogram.event        INFO     Update id=511760982 is handled. Duration 3 ms by bot id=8095621527
2025.04.23 10:45:09 aiogram.event        INFO     Update id=511760983 is handled. Duration 1 ms by bot id=8095621527
2025.04.23 10:45:43 aiogram.event        INFO     Update id=511760984 is handled. Duration 1 ms by bot id=8095621527
2025.04.23 10:45:45 aiogram.event        INFO     Update id=511760985 is handled. Duration 1 ms by bot id=8095621527
2025.04.23 10:45:47 aiogram.event        INFO     Update id=511760986 is handled. Duration 1 ms by bot id=8095621527
2025.04.23 10:51:44 aiogram.event        INFO     Update id=511760987 is handled. Duration 1 ms by bot id=8095621527
2025.04.23 10:54:27 aiogram.event        INFO     Update id=511760988 is handled. Duration 2 ms by bot id=8095621527
2025.04.23 10:54:27 aiogram.event        INFO     Update id=511760989 is handled. Duration 2 ms by bot id=8095621527
2025.04.23 10:54:37 aiogram.event        INFO     Update id=511760990 is not handled. Duration 0 ms by bot id=8095621527
2025.04.23 10:57:19 aiogram.event        INFO     Update id=511760991 is handled. Duration 2 ms by bot id=8095621527
2025.04.23 10:57:19 aiogram.event        INFO     Update id=511760992 is handled. Duration 2 ms by bot id=8095621527
2025.04.23 10:57:56 aiogram.event        INFO     Update id=511760993 is handled. Duration 1 ms by bot id=8095621527
2025.04.23 10:58:56 aiogram.event        INFO     Update id=511760994 is handled. Duration 1 ms by bot id=8095621527
2025.04.23 11:08:13 aiogram.event        INFO     Update id=511760995 is handled. Duration 3 ms by bot id=8095621527
2025.04.23 11:08:13 aiogram.event        INFO     Update id=511760996 is handled. Duration 3 ms by bot id=8095621527
2025.04.23 11:08:13 aiogram.event        INFO     Update id=511760997 is handled. Duration 3 ms by bot id=8095621527
2025.04.23 11:09:04 aiogram.event        INFO     Update id=511760998 is handled. Duration 1 ms by bot id=8095621527
2025.04.23 11:09:07 aiogram.event        INFO     Update id=511760999 is handled. Duration 1 ms by bot id=8095621527
2025.04.23 11:12:39 aiogram.event        INFO     Update id=511761000 is handled. Duration 1 ms by bot id=8095621527
2025.04.23 11:13:38 aiogram.event        INFO     Update id=511761001 is handled. Duration 1 ms by bot id=8095621527
2025.04.23 11:17:56 aiogram.event        INFO     Update id=511761002 is handled. Duration 2 ms by bot id=8095621527
2025.04.23 11:17:56 aiogram.event        INFO     Update id=511761003 is handled. Duration 2 ms by bot id=8095621527
2025.04.23 11:17:56 aiogram.event        INFO     Update id=511761004 is handled. Duration 2 ms by bot id=8095621527
2025.04.23 11:17:58 aiogram.event        INFO     Update id=511761005 is handled. Duration 1 ms by bot id=8095621527
2025.04.23 11:19:28 aiogram.event        INFO     Update id=511761006 is handled. Duration 1 ms by bot id=8095621527
2025.04.23 11:22:52 aiogram.event        INFO     Update id=511761007 is handled. Duration 2 ms by bot id=8095621527
2025.04.23 11:22:52 aiogram.event        INFO     Update id=511761008 is handled. Duration 2 ms by bot id=8095621527
2025.04.23 11:22:52 aiogram.event        INFO     Update id=511761009 is handled. Duration 2 ms by bot id=8095621527
2025.04.23 11:24:58 aiogram.event        INFO     Update id=511761010 is handled. Duration 1 ms by bot id=8095621527
2025.04.23 11:27:52 aiogram.event        INFO     Update id=511761011 is handled. Duration 1 ms by bot id=8095621527
2025.04.23 11:29:06 aiogram.event        INFO     Update id=511761012 is handled. Duration 1 ms by bot id=8095621527
2025.04.23 11:29:54 aiogram.event        INFO     Update id=511761013 is handled. Duration 1 ms by bot id=8095621527
2025.04.23 11:38:07 aiogram.event        INFO     Update id=511761014 is handled. Duration 1 ms by bot id=8095621527
2025.04.23 11:38:18 aiogram.event        INFO     Update id=511761015 is not handled. Duration 2 ms by bot id=8095621527
2025.04.23 11:48:39 aiogram.event        INFO     Update id=511761016 is handled. Duration 1 ms by bot id=8095621527
2025.04.23 11:48:53 aiogram.event        INFO     Update id=511761017 is handled. Duration 1 ms by bot id=8095621527
2025.04.23 11:49:29 aiogram.event        INFO     Update id=511761018 is handled. Duration 1 ms by bot id=8095621527
2025.04.23 11:50:05 aiogram.event        INFO     Update id=511761019 is handled. Duration 1 ms by bot id=8095621527
2025.04.23 11:52:02 aiogram.event        INFO     Update id=511761020 is handled. Duration 4 ms by bot id=8095621527
2025.04.23 11:53:19 aiogram.event        INFO     Update id=511761021 is handled. Duration 1 ms by bot id=8095621527
2025.04.23 11:53:28 aiogram.event        INFO     Update id=511761022 is handled. Duration 1 ms by bot id=8095621527
2025.04.23 11:54:18 aiogram.event        INFO     Update id=511761023 is handled. Duration 1 ms by bot id=8095621527
2025.04.23 11:54:32 aiogram.event        INFO     Update id=511761024 is handled. Duration 1 ms by bot id=8095621527
2025.04.23 11:55:05 aiogram.event        INFO     Update id=511761025 is handled. Duration 1 ms by bot id=8095621527
2025.04.23 11:55:21 aiogram.event        INFO     Update id=511761026 is handled. Duration 1 ms by bot id=8095621527
2025.04.23 11:59:23 aiogram.event        INFO     Update id=511761027 is handled. Duration 1 ms by bot id=8095621527
2025.04.23 12:03:56 aiogram.event        INFO     Update id=511761028 is handled. Duration 2 ms by bot id=8095621527
2025.04.23 12:03:56 aiogram.event        INFO     Update id=511761029 is handled. Duration 2 ms by bot id=8095621527
2025.04.23 12:03:58 aiogram.event        INFO     Update id=511761030 is handled. Duration 1 ms by bot id=8095621527
2025.04.23 12:03:58 aiogram.event        INFO     Update id=511761031 is handled. Duration 2 ms by bot id=8095621527
2025.04.23 12:06:02 aiogram.event        INFO     Update id=511761032 is handled. Duration 9 ms by bot id=8095621527
2025.04.23 12:06:02 aiogram.event        INFO     Update id=511761033 is handled. Duration 9 ms by bot id=8095621527
2025.04.23 12:06:12 aiogram.event        INFO     Update id=511761034 is handled. Duration 2 ms by bot id=8095621527
2025.04.23 12:06:12 aiogram.event        INFO     Update id=511761035 is handled. Duration 2 ms by bot id=8095621527
2025.04.23 12:10:07 aiogram.event        INFO     Update id=511761036 is not handled. Duration 1 ms by bot id=8095621527
2025.04.23 12:10:43 aiogram.event        INFO     Update id=511761037 is handled. Duration 6 ms by bot id=8095621527
2025.04.23 12:10:43 aiogram.event        INFO     Update id=511761043 is handled. Duration 5 ms by bot id=8095621527
2025.04.23 12:10:43 aiogram.event        INFO     Update id=511761038 is handled. Duration 7 ms by bot id=8095621527
2025.04.23 12:10:43 aiogram.event        INFO     Update id=511761039 is handled. Duration 7 ms by bot id=8095621527
2025.04.23 12:10:43 aiogram.event        INFO     Update id=511761040 is handled. Duration 7 ms by bot id=8095621527
2025.04.23 12:10:43 aiogram.event        INFO     Update id=511761041 is handled. Duration 7 ms by bot id=8095621527
2025.04.23 12:10:43 aiogram.event        INFO     Update id=511761042 is handled. Duration 7 ms by bot id=8095621527
2025.04.23 12:10:58 aiogram.event        INFO     Update id=511761044 is handled. Duration 4 ms by bot id=8095621527
2025.04.23 12:10:58 aiogram.event        INFO     Update id=511761050 is handled. Duration 3 ms by bot id=8095621527
2025.04.23 12:10:58 aiogram.event        INFO     Update id=511761045 is handled. Duration 5 ms by bot id=8095621527
2025.04.23 12:10:58 aiogram.event        INFO     Update id=511761046 is handled. Duration 5 ms by bot id=8095621527
2025.04.23 12:10:58 aiogram.event        INFO     Update id=511761047 is handled. Duration 5 ms by bot id=8095621527
2025.04.23 12:10:58 aiogram.event        INFO     Update id=511761048 is handled. Duration 5 ms by bot id=8095621527
2025.04.23 12:10:58 aiogram.event        INFO     Update id=511761049 is handled. Duration 5 ms by bot id=8095621527
2025.04.23 12:12:23 aiogram.event        INFO     Update id=511761051 is not handled. Duration 0 ms by bot id=8095621527
2025.04.23 12:12:27 aiogram.event        INFO     Update id=511761052 is handled. Duration 3 ms by bot id=8095621527
2025.04.23 12:12:27 aiogram.event        INFO     Update id=511761055 is handled. Duration 3 ms by bot id=8095621527
2025.04.23 12:12:27 aiogram.event        INFO     Update id=511761056 is handled. Duration 4 ms by bot id=8095621527
2025.04.23 12:12:27 aiogram.event        INFO     Update id=511761053 is handled. Duration 4 ms by bot id=8095621527
2025.04.23 12:12:27 aiogram.event        INFO     Update id=511761054 is handled. Duration 4 ms by bot id=8095621527
2025.04.23 12:12:27 aiogram.event        INFO     Update id=511761057 is handled. Duration 4 ms by bot id=8095621527
2025.04.23 12:15:51 aiogram.event        INFO     Update id=511761058 is handled. Duration 1 ms by bot id=8095621527
2025.04.23 12:15:53 aiogram.event        INFO     Update id=511761059 is handled. Duration 1 ms by bot id=8095621527
2025.04.23 12:16:31 aiogram.event        INFO     Update id=511761060 is handled. Duration 3 ms by bot id=8095621527
2025.04.23 12:16:31 aiogram.event        INFO     Update id=511761063 is handled. Duration 3 ms by bot id=8095621527
2025.04.23 12:16:31 aiogram.event        INFO     Update id=511761064 is handled. Duration 3 ms by bot id=8095621527
2025.04.23 12:16:31 aiogram.event        INFO     Update id=511761061 is handled. Duration 4 ms by bot id=8095621527
2025.04.23 12:16:31 aiogram.event        INFO     Update id=511761062 is handled. Duration 4 ms by bot id=8095621527
2025.04.23 12:16:31 aiogram.event        INFO     Update id=511761065 is handled. Duration 4 ms by bot id=8095621527
2025.04.23 12:17:16 aiogram.event        INFO     Update id=511761066 is handled. Duration 2 ms by bot id=8095621527
2025.04.23 12:17:16 aiogram.event        INFO     Update id=511761067 is handled. Duration 2 ms by bot id=8095621527
2025.04.23 12:17:16 aiogram.event        INFO     Update id=511761068 is handled. Duration 2 ms by bot id=8095621527
2025.04.23 12:17:17 aiogram.event        INFO     Update id=511761069 is handled. Duration 2 ms by bot id=8095621527
2025.04.23 12:17:17 aiogram.event        INFO     Update id=511761070 is handled. Duration 2 ms by bot id=8095621527
2025.04.23 12:17:17 aiogram.event        INFO     Update id=511761071 is handled. Duration 3 ms by bot id=8095621527
2025.04.23 12:18:48 aiogram.event        INFO     Update id=511761072 is handled. Duration 1 ms by bot id=8095621527
2025.04.23 12:18:57 aiogram.event        INFO     Update id=511761073 is handled. Duration 4 ms by bot id=8095621527
2025.04.23 12:18:57 aiogram.event        INFO     Update id=511761074 is handled. Duration 4 ms by bot id=8095621527
2025.04.23 12:18:57 aiogram.event        INFO     Update id=511761075 is handled. Duration 4 ms by bot id=8095621527
2025.04.23 12:18:57 aiogram.event        INFO     Update id=511761076 is handled. Duration 4 ms by bot id=8095621527
2025.04.23 12:18:57 aiogram.event        INFO     Update id=511761077 is handled. Duration 4 ms by bot id=8095621527
2025.04.23 12:19:23 aiogram.event        INFO     Update id=511761078 is handled. Duration 4 ms by bot id=8095621527
2025.04.23 12:19:23 aiogram.event        INFO     Update id=511761079 is handled. Duration 4 ms by bot id=8095621527
2025.04.23 12:19:23 aiogram.event        INFO     Update id=511761080 is handled. Duration 4 ms by bot id=8095621527
2025.04.23 12:19:23 aiogram.event        INFO     Update id=511761081 is handled. Duration 4 ms by bot id=8095621527
2025.04.23 12:19:23 aiogram.event        INFO     Update id=511761082 is handled. Duration 4 ms by bot id=8095621527
2025.04.23 12:19:24 aiogram.event        INFO     Update id=511761083 is handled. Duration 3 ms by bot id=8095621527
2025.04.23 12:19:24 aiogram.event        INFO     Update id=511761084 is handled. Duration 3 ms by bot id=8095621527
2025.04.23 12:19:24 aiogram.event        INFO     Update id=511761085 is handled. Duration 3 ms by bot id=8095621527
2025.04.23 12:19:24 aiogram.event        INFO     Update id=511761086 is handled. Duration 3 ms by bot id=8095621527
2025.04.23 12:19:24 aiogram.event        INFO     Update id=511761087 is handled. Duration 4 ms by bot id=8095621527
2025.04.23 12:25:00 aiogram.event        INFO     Update id=511761088 is not handled. Duration 0 ms by bot id=8095621527
2025.04.23 12:30:20 aiogram.event        INFO     Update id=511761089 is handled. Duration 1 ms by bot id=8095621527
2025.04.23 12:30:28 aiogram.event        INFO     Update id=511761090 is handled. Duration 1 ms by bot id=8095621527
2025.04.23 12:31:26 aiogram.event        INFO     Update id=511761097 is handled. Duration 4 ms by bot id=8095621527
2025.04.23 12:31:26 aiogram.event        INFO     Update id=511761098 is handled. Duration 5 ms by bot id=8095621527
2025.04.23 12:31:26 aiogram.event        INFO     Update id=511761091 is handled. Duration 6 ms by bot id=8095621527
2025.04.23 12:31:26 aiogram.event        INFO     Update id=511761092 is handled. Duration 6 ms by bot id=8095621527
2025.04.23 12:31:26 aiogram.event        INFO     Update id=511761093 is handled. Duration 6 ms by bot id=8095621527
2025.04.23 12:31:26 aiogram.event        INFO     Update id=511761094 is handled. Duration 6 ms by bot id=8095621527
2025.04.23 12:31:26 aiogram.event        INFO     Update id=511761095 is handled. Duration 6 ms by bot id=8095621527
2025.04.23 12:31:26 aiogram.event        INFO     Update id=511761096 is handled. Duration 6 ms by bot id=8095621527
2025.04.23 12:31:26 aiogram.event        INFO     Update id=511761099 is handled. Duration 6 ms by bot id=8095621527
2025.04.23 12:31:26 aiogram.event        INFO     Update id=511761100 is handled. Duration 6 ms by bot id=8095621527
2025.04.23 12:31:26 aiogram.event        INFO     Update id=511761101 is handled. Duration 6 ms by bot id=8095621527
2025.04.23 12:31:27 aiogram.event        INFO     Update id=511761108 is handled. Duration 5 ms by bot id=8095621527
2025.04.23 12:31:27 aiogram.event        INFO     Update id=511761109 is handled. Duration 6 ms by bot id=8095621527
2025.04.23 12:31:27 aiogram.event        INFO     Update id=511761102 is handled. Duration 7 ms by bot id=8095621527
2025.04.23 12:31:27 aiogram.event        INFO     Update id=511761103 is handled. Duration 7 ms by bot id=8095621527
2025.04.23 12:31:27 aiogram.event        INFO     Update id=511761104 is handled. Duration 7 ms by bot id=8095621527
2025.04.23 12:31:27 aiogram.event        INFO     Update id=511761105 is handled. Duration 7 ms by bot id=8095621527
2025.04.23 12:31:27 aiogram.event        INFO     Update id=511761106 is handled. Duration 8 ms by bot id=8095621527
2025.04.23 12:31:27 aiogram.event        INFO     Update id=511761107 is handled. Duration 8 ms by bot id=8095621527
2025.04.23 12:31:27 aiogram.event        INFO     Update id=511761110 is handled. Duration 8 ms by bot id=8095621527
2025.04.23 12:31:27 aiogram.event        INFO     Update id=511761111 is handled. Duration 8 ms by bot id=8095621527
2025.04.23 12:31:27 aiogram.event        INFO     Update id=511761112 is handled. Duration 8 ms by bot id=8095621527
2025.04.23 12:35:24 aiogram.event        INFO     Update id=511761113 is handled. Duration 1 ms by bot id=8095621527
2025.04.23 12:47:42 aiogram.event        INFO     Update id=511761114 is handled. Duration 1 ms by bot id=8095621527
2025.04.23 12:49:07 aiogram.event        INFO     Update id=511761115 is handled. Duration 2 ms by bot id=8095621527
2025.04.23 12:49:07 aiogram.event        INFO     Update id=511761116 is handled. Duration 2 ms by bot id=8095621527
2025.04.23 12:49:08 aiogram.event        INFO     Update id=511761117 is handled. Duration 2 ms by bot id=8095621527
2025.04.23 12:49:08 aiogram.event        INFO     Update id=511761118 is handled. Duration 2 ms by bot id=8095621527
2025.04.23 12:53:25 aiogram.event        INFO     Update id=511761119 is handled. Duration 1 ms by bot id=8095621527
2025.04.23 12:58:51 aiogram.event        INFO     Update id=511761120 is handled. Duration 2 ms by bot id=8095621527
2025.04.23 12:58:51 aiogram.event        INFO     Update id=511761121 is handled. Duration 3 ms by bot id=8095621527
2025.04.23 12:58:51 aiogram.event        INFO     Update id=511761122 is handled. Duration 3 ms by bot id=8095621527
2025.04.23 12:58:51 aiogram.event        INFO     Update id=511761123 is handled. Duration 3 ms by bot id=8095621527
2025.04.23 13:00:01 aiogram.event        INFO     Update id=511761124 is handled. Duration 13 ms by bot id=8095621527
2025.04.23 13:02:10 aiogram.event        INFO     Update id=511761125 is handled. Duration 1 ms by bot id=8095621527
2025.04.23 13:02:24 aiogram.event        INFO     Update id=511761126 is handled. Duration 1 ms by bot id=8095621527
2025.04.23 13:02:30 aiogram.event        INFO     Update id=511761127 is handled. Duration 1 ms by bot id=8095621527
2025.04.23 13:02:35 aiogram.event        INFO     Update id=511761130 is handled. Duration 2 ms by bot id=8095621527
2025.04.23 13:02:35 aiogram.event        INFO     Update id=511761128 is handled. Duration 3 ms by bot id=8095621527
2025.04.23 13:02:35 aiogram.event        INFO     Update id=511761129 is handled. Duration 4 ms by bot id=8095621527
2025.04.23 13:02:35 aiogram.event        INFO     Update id=511761131 is handled. Duration 4 ms by bot id=8095621527
2025.04.23 13:03:27 aiogram.event        INFO     Update id=511761132 is handled. Duration 1 ms by bot id=8095621527
2025.04.23 13:05:11 aiogram.event        INFO     Update id=511761133 is handled. Duration 1 ms by bot id=8095621527
2025.04.23 13:05:25 aiogram.event        INFO     Update id=511761134 is handled. Duration 1 ms by bot id=8095621527
2025.04.23 13:06:07 aiogram.event        INFO     Update id=511761135 is handled. Duration 1 ms by bot id=8095621527
2025.04.23 13:06:07 aiogram.event        INFO     Update id=511761136 is handled. Duration 1 ms by bot id=8095621527
2025.04.23 13:06:18 aiogram.event        INFO     Update id=511761137 is handled. Duration 1 ms by bot id=8095621527
2025.04.23 13:06:26 aiogram.event        INFO     Update id=511761138 is handled. Duration 1 ms by bot id=8095621527
2025.04.23 13:06:31 aiogram.event        INFO     Update id=511761139 is handled. Duration 1 ms by bot id=8095621527
2025.04.23 13:06:36 aiogram.event        INFO     Update id=511761140 is handled. Duration 1 ms by bot id=8095621527
2025.04.23 13:06:40 aiogram.event        INFO     Update id=511761141 is handled. Duration 1 ms by bot id=8095621527
2025.04.23 13:06:48 aiogram.event        INFO     Update id=511761142 is handled. Duration 1 ms by bot id=8095621527
2025.04.23 13:06:59 aiogram.event        INFO     Update id=511761143 is handled. Duration 1 ms by bot id=8095621527
2025.04.23 13:07:02 aiogram.event        INFO     Update id=511761144 is handled. Duration 1 ms by bot id=8095621527
2025.04.23 13:07:10 aiogram.event        INFO     Update id=511761145 is handled. Duration 1 ms by bot id=8095621527
2025.04.23 13:09:08 aiogram.event        INFO     Update id=511761146 is handled. Duration 2 ms by bot id=8095621527
2025.04.23 13:09:08 aiogram.event        INFO     Update id=511761147 is handled. Duration 2 ms by bot id=8095621527
2025.04.23 13:09:08 aiogram.event        INFO     Update id=511761148 is handled. Duration 3 ms by bot id=8095621527
2025.04.23 13:09:40 aiogram.event        INFO     Update id=511761149 is handled. Duration 1 ms by bot id=8095621527
2025.04.23 13:19:08 aiogram.event        INFO     Update id=511761150 is handled. Duration 1 ms by bot id=8095621527
2025.04.23 13:19:10 aiogram.event        INFO     Update id=511761151 is handled. Duration 1 ms by bot id=8095621527
2025.04.23 13:19:26 aiogram.event        INFO     Update id=511761152 is handled. Duration 1 ms by bot id=8095621527
2025.04.23 13:19:45 aiogram.event        INFO     Update id=511761153 is handled. Duration 1 ms by bot id=8095621527
2025.04.23 13:20:24 aiogram.event        INFO     Update id=511761154 is handled. Duration 1 ms by bot id=8095621527
2025.04.23 13:20:36 aiogram.event        INFO     Update id=511761155 is handled. Duration 1 ms by bot id=8095621527
2025.04.23 13:21:41 aiogram.event        INFO     Update id=511761156 is handled. Duration 1 ms by bot id=8095621527
2025.04.23 13:22:09 aiogram.event        INFO     Update id=511761157 is handled. Duration 1 ms by bot id=8095621527
2025.04.23 13:22:13 aiogram.event        INFO     Update id=511761158 is handled. Duration 1 ms by bot id=8095621527
2025.04.23 13:27:43 aiogram.event        INFO     Update id=511761159 is handled. Duration 1 ms by bot id=8095621527
2025.04.23 13:27:50 aiogram.event        INFO     Update id=511761160 is handled. Duration 2 ms by bot id=8095621527
2025.04.23 13:27:50 aiogram.event        INFO     Update id=511761161 is handled. Duration 3 ms by bot id=8095621527
2025.04.23 13:27:50 aiogram.event        INFO     Update id=511761162 is handled. Duration 3 ms by bot id=8095621527
2025.04.23 13:27:53 aiogram.event        INFO     Update id=511761163 is handled. Duration 2 ms by bot id=8095621527
2025.04.23 13:27:53 aiogram.event        INFO     Update id=511761164 is handled. Duration 2 ms by bot id=8095621527
2025.04.23 13:27:53 aiogram.event        INFO     Update id=511761165 is handled. Duration 2 ms by bot id=8095621527
2025.04.23 13:30:02 aiogram.event        INFO     Update id=511761166 is handled. Duration 1 ms by bot id=8095621527
2025.04.23 13:35:51 aiogram.event        INFO     Update id=511761167 is handled. Duration 1 ms by bot id=8095621527
2025.04.23 13:41:50 aiogram.event        INFO     Update id=511761168 is handled. Duration 1 ms by bot id=8095621527
2025.04.23 13:41:50 aiogram.event        INFO     Update id=511761169 is handled. Duration 1 ms by bot id=8095621527
2025.04.23 13:45:29 aiogram.event        INFO     Update id=511761170 is handled. Duration 1 ms by bot id=8095621527
2025.04.23 13:45:35 aiogram.event        INFO     Update id=511761171 is handled. Duration 1 ms by bot id=8095621527
2025.04.23 13:45:50 aiogram.event        INFO     Update id=511761172 is handled. Duration 1 ms by bot id=8095621527
2025.04.23 13:45:55 aiogram.event        INFO     Update id=511761173 is handled. Duration 1 ms by bot id=8095621527
2025.04.23 13:49:38 aiogram.event        INFO     Update id=511761174 is handled. Duration 1 ms by bot id=8095621527
2025.04.23 13:52:04 aiogram.event        INFO     Update id=511761177 is handled. Duration 2 ms by bot id=8095621527
2025.04.23 13:52:04 aiogram.event        INFO     Update id=511761175 is handled. Duration 3 ms by bot id=8095621527
2025.04.23 13:52:04 aiogram.event        INFO     Update id=511761176 is handled. Duration 3 ms by bot id=8095621527
2025.04.23 13:52:04 aiogram.event        INFO     Update id=511761178 is handled. Duration 3 ms by bot id=8095621527
2025.04.23 13:55:57 aiogram.event        INFO     Update id=511761179 is handled. Duration 1 ms by bot id=8095621527
2025.04.23 14:03:42 aiogram.event        INFO     Update id=511761180 is handled. Duration 2 ms by bot id=8095621527
2025.04.23 14:03:42 aiogram.event        INFO     Update id=511761181 is handled. Duration 2 ms by bot id=8095621527
2025.04.23 14:03:42 aiogram.event        INFO     Update id=511761182 is handled. Duration 2 ms by bot id=8095621527
2025.04.23 14:03:59 aiogram.event        INFO     Update id=511761183 is handled. Duration 1 ms by bot id=8095621527
2025.04.23 14:06:01 aiogram.event        INFO     Update id=511761184 is handled. Duration 1 ms by bot id=8095621527
2025.04.23 14:07:24 aiogram.event        INFO     Update id=511761185 is handled. Duration 1 ms by bot id=8095621527
2025.04.23 14:08:31 aiogram.event        INFO     Update id=511761186 is handled. Duration 1 ms by bot id=8095621527
2025.04.23 14:08:50 aiogram.event        INFO     Update id=511761187 is handled. Duration 1 ms by bot id=8095621527
2025.04.23 14:09:49 aiogram.event        INFO     Update id=511761188 is handled. Duration 1 ms by bot id=8095621527
2025.04.23 14:09:52 aiogram.event        INFO     Update id=511761189 is not handled. Duration 2 ms by bot id=8095621527
2025.04.23 14:10:25 aiogram.event        INFO     Update id=511761190 is handled. Duration 1 ms by bot id=8095621527
2025.04.23 14:10:38 aiogram.event        INFO     Update id=511761191 is handled. Duration 1 ms by bot id=8095621527
2025.04.23 14:10:48 aiogram.event        INFO     Update id=511761192 is handled. Duration 1 ms by bot id=8095621527
2025.04.23 14:10:58 aiogram.event        INFO     Update id=511761193 is handled. Duration 1 ms by bot id=8095621527
2025.04.23 14:11:24 aiogram.event        INFO     Update id=511761194 is handled. Duration 1 ms by bot id=8095621527
2025.04.23 14:11:33 aiogram.event        INFO     Update id=511761195 is handled. Duration 1 ms by bot id=8095621527
2025.04.23 14:12:24 aiogram.event        INFO     Update id=511761196 is handled. Duration 1 ms by bot id=8095621527
2025.04.23 14:15:39 aiogram.event        INFO     Update id=511761197 is handled. Duration 1 ms by bot id=8095621527
2025.04.23 14:19:21 aiogram.event        INFO     Update id=511761198 is handled. Duration 2 ms by bot id=8095621527
2025.04.23 14:19:21 aiogram.event        INFO     Update id=511761199 is handled. Duration 2 ms by bot id=8095621527
2025.04.23 14:19:21 aiogram.event        INFO     Update id=511761200 is handled. Duration 2 ms by bot id=8095621527
2025.04.23 14:19:22 aiogram.event        INFO     Update id=511761201 is handled. Duration 2 ms by bot id=8095621527
2025.04.23 14:19:22 aiogram.event        INFO     Update id=511761202 is handled. Duration 2 ms by bot id=8095621527
2025.04.23 14:19:22 aiogram.event        INFO     Update id=511761203 is handled. Duration 2 ms by bot id=8095621527
2025.04.23 14:20:01 core.webprofile      INFO     firefox brauzerindən cookies istifadə edilir.
2025.04.23 14:20:01 core.webprofile      INFO     Seçilmiş User-Agent: Mozilla/5.0 (X11; Linux x86_64) AppleWebKit/537.36 (KHTML, like Gecko) Chrome/122.0.0.0 Safari/537.36
2025.04.23 14:20:08 aiogram.event        INFO     Update id=511761204 is handled. Duration 7414 ms by bot id=8095621527
2025.04.23 14:24:12 aiogram.event        INFO     Update id=511761205 is handled. Duration 1 ms by bot id=8095621527
2025.04.23 14:27:38 aiogram.event        INFO     Update id=511761206 is handled. Duration 1 ms by bot id=8095621527
2025.04.23 14:28:06 aiogram.event        INFO     Update id=511761207 is handled. Duration 1 ms by bot id=8095621527
2025.04.23 14:30:13 aiogram.event        INFO     Update id=511761208 is handled. Duration 1 ms by bot id=8095621527
2025.04.23 14:30:58 aiogram.event        INFO     Update id=511761209 is handled. Duration 1 ms by bot id=8095621527
2025.04.23 14:31:39 aiogram.event        INFO     Update id=511761210 is handled. Duration 1 ms by bot id=8095621527
2025.04.23 14:32:13 aiogram.event        INFO     Update id=511761211 is handled. Duration 1 ms by bot id=8095621527
2025.04.23 14:33:46 aiogram.event        INFO     Update id=511761212 is handled. Duration 1 ms by bot id=8095621527
2025.04.23 14:38:35 aiogram.event        INFO     Update id=511761213 is handled. Duration 1 ms by bot id=8095621527
2025.04.23 14:42:21 aiogram.event        INFO     Update id=511761214 is handled. Duration 2 ms by bot id=8095621527
2025.04.23 14:42:21 aiogram.event        INFO     Update id=511761215 is handled. Duration 2 ms by bot id=8095621527
2025.04.23 14:43:45 aiogram.event        INFO     Update id=511761216 is handled. Duration 1 ms by bot id=8095621527
2025.04.23 14:43:49 aiogram.event        INFO     Update id=511761217 is not handled. Duration 1 ms by bot id=8095621527
2025.04.23 14:51:56 aiogram.event        INFO     Update id=511761218 is handled. Duration 1 ms by bot id=8095621527
2025.04.23 14:55:20 aiogram.event        INFO     Update id=511761219 is handled. Duration 1 ms by bot id=8095621527
2025.04.23 14:55:25 aiogram.event        INFO     Update id=511761220 is handled. Duration 1 ms by bot id=8095621527
2025.04.23 15:02:13 aiogram.event        INFO     Update id=511761221 is not handled. Duration 1 ms by bot id=8095621527
2025.04.23 15:03:10 aiogram.event        INFO     Update id=511761222 is not handled. Duration 1 ms by bot id=8095621527
2025.04.23 15:04:55 aiogram.event        INFO     Update id=511761223 is handled. Duration 1 ms by bot id=8095621527
2025.04.23 15:05:28 aiogram.event        INFO     Update id=511761224 is handled. Duration 1 ms by bot id=8095621527
2025.04.23 15:05:31 aiogram.event        INFO     Update id=511761225 is handled. Duration 50 ms by bot id=8095621527
2025.04.23 15:05:43 aiogram.event        INFO     Update id=511761226 is handled. Duration 135 ms by bot id=8095621527
2025.04.23 15:05:49 aiogram.event        INFO     Update id=511761227 is handled. Duration 50 ms by bot id=8095621527
2025.04.23 15:05:50 aiogram.event        INFO     Update id=511761228 is handled. Duration 74 ms by bot id=8095621527
2025.04.23 15:05:57 aiogram.event        INFO     Update id=511761229 is handled. Duration 1 ms by bot id=8095621527
2025.04.23 15:06:03 aiogram.event        INFO     Update id=511761230 is handled. Duration 1 ms by bot id=8095621527
2025.04.23 15:07:18 aiogram.event        INFO     Update id=511761231 is handled. Duration 2 ms by bot id=8095621527
2025.04.23 15:07:26 aiogram.event        INFO     Update id=511761232 is handled. Duration 1 ms by bot id=8095621527
2025.04.23 15:07:34 aiogram.event        INFO     Update id=511761233 is handled. Duration 1 ms by bot id=8095621527
2025.04.23 15:07:51 aiogram.event        INFO     Update id=511761234 is handled. Duration 1 ms by bot id=8095621527
2025.04.23 15:08:05 aiogram.event        INFO     Update id=511761235 is handled. Duration 1 ms by bot id=8095621527
2025.04.23 15:08:20 aiogram.event        INFO     Update id=511761236 is handled. Duration 1 ms by bot id=8095621527
2025.04.23 15:08:34 aiogram.event        INFO     Update id=511761237 is handled. Duration 1 ms by bot id=8095621527
2025.04.23 15:09:07 aiogram.event        INFO     Update id=511761238 is handled. Duration 1 ms by bot id=8095621527
2025.04.23 15:14:43 aiogram.event        INFO     Update id=511761239 is handled. Duration 1 ms by bot id=8095621527
2025.04.23 15:14:44 aiogram.event        INFO     Update id=511761240 is handled. Duration 1 ms by bot id=8095621527
2025.04.23 15:14:45 aiogram.event        INFO     Update id=511761241 is handled. Duration 1 ms by bot id=8095621527
2025.04.23 15:15:22 aiogram.dispatcher   WARNING  Received SIGINT signal
2025.04.23 15:15:22 aiogram.dispatcher   INFO     Polling stopped for bot @dllmasterbot id=8095621527 - 'DLLMaster 🍊'
2025.04.23 15:15:22 aiogram.dispatcher   INFO     Polling stopped
2025.04.23 15:15:23 __main__             INFO     🛑 Polling stopped
2025.04.23 15:15:23 __main__             INFO     🔴 Bot stopped
2025.04.23 15:15:28 dotenv.main          WARNING  python-dotenv could not parse statement starting at line 5
2025.04.23 15:15:28 __main__             INFO     🤖 Starting bot...
2025.04.23 15:15:28 __main__             INFO     🚀 Starting bot initialization...
2025.04.23 15:15:28 __main__             INFO     ✅ Database initialized successfully
2025.04.23 15:15:28 core.spotify_handler INFO     Spotify API connection established.
2025.04.23 15:15:28 __main__             INFO     ✅ Spotify service initialized
2025.04.23 15:15:28 core.webprofile      INFO     Seçilmiş User-Agent: Mozilla/5.0 (X11; Ubuntu; Linux x86_64; rv:120.0) Gecko/20100101 Firefox/120.0
2025.04.23 15:15:28 core.youtube_handler INFO     firefox brauzerindən cookies istifadə edilir.
2025.04.23 15:15:28 __main__             INFO     ✅ YouTube services initialized (firefox)
2025.04.23 15:15:28 __main__             INFO     🔌 Loading plugins...
2025.04.23 15:15:28 __main__             INFO     🔍 Scanning plugins in: plugins
2025.04.23 15:15:28 __main__             INFO     🔄 Loading: plugins.spotify_plugin
2025.04.23 15:15:28 __main__             INFO     ✅ Loaded (sync): plugins.spotify_plugin
2025.04.23 15:15:28 __main__             INFO     🔄 Loading: plugins.menu_plugin
2025.04.23 15:15:28 __main__             INFO     ✅ Loaded (sync): plugins.menu_plugin
2025.04.23 15:15:28 __main__             INFO     🔄 Loading: plugins.sudo_plugin
2025.04.23 15:15:28 __main__             INFO     ✅ Loaded (sync): plugins.sudo_plugin
2025.04.23 15:15:28 __main__             INFO     🔄 Loading: plugins.youtube_plugin
2025.04.23 15:15:28 __main__             INFO     ✅ Loaded (sync): plugins.youtube_plugin
2025.04.23 15:15:28 __main__             INFO     🔄 Loading: plugins.neofetch_plugin
2025.04.23 15:15:28 __main__             INFO     ✅ Loaded (sync): plugins.neofetch_plugin
2025.04.23 15:15:28 __main__             INFO     🔄 Loading: plugins.id_command
2025.04.23 15:15:28 plugins.id_command   INFO     ✅ info_command plugin successfully loaded
2025.04.23 15:15:28 __main__             INFO     ✅ Loaded (async): plugins.id_command
2025.04.23 15:15:28 __main__             INFO     🔄 Loading: plugins.report_plugin
2025.04.23 15:15:28 __main__             INFO     ✅ Loaded (async): plugins.report_plugin
2025.04.23 15:15:28 __main__             INFO     🔄 Loading: plugins.del_plugin
2025.04.23 15:15:28 __main__             INFO     ✅ Loaded (sync): plugins.del_plugin
2025.04.23 15:15:28 __main__             INFO     🔄 Loading: plugins.mutagen
2025.04.23 15:15:28 plugins.mutagen      INFO     ✅ Mutagen plugin loaded successfully
2025.04.23 15:15:28 __main__             INFO     ✅ Loaded (sync): plugins.mutagen
2025.04.23 15:15:28 __main__             INFO     🔄 Loading: plugins.music_plugin
2025.04.23 15:15:28 __main__             INFO     ✅ Loaded (sync): plugins.music_plugin
2025.04.23 15:15:28 __main__             INFO     🔄 Loading: plugins.start_plugin
2025.04.23 15:15:28 __main__             INFO     ✅ Loaded (async): plugins.start_plugin
2025.04.23 15:15:28 __main__             INFO     🔄 Loading: plugins.stats_plugin
2025.04.23 15:15:28 __main__             INFO     ✅ Loaded (sync): plugins.stats_plugin
2025.04.23 15:15:28 __main__             INFO     🔄 Loading: plugins.dir_plugin
2025.04.23 15:15:28 __main__             INFO     ✅ Loaded (sync): plugins.dir_plugin
2025.04.23 15:15:28 __main__             INFO     🔄 Loading: plugins.broadcast_plugin
2025.04.23 15:15:28 __main__             INFO     ✅ Loaded (sync): plugins.broadcast_plugin
2025.04.23 15:15:28 __main__             INFO     🔄 Loading: plugins.speedtest_plugin
2025.04.23 15:15:28 __main__             INFO     ✅ Loaded (sync): plugins.speedtest_plugin
2025.04.23 15:15:28 __main__             INFO     🔄 Loading: plugins.profile
2025.04.23 15:15:28 __main__             ERROR    ❌ Failed to load plugins.profile: cannot import name 'Dispatcher' from 'aiogram.dispatcher' (/home/admin/.local/lib/python3.11/site-packages/aiogram/dispatcher/__init__.py)
Traceback (most recent call last):
  File "/home/admin/DLMaster/app.py", line 168, in load_plugins
    module = importlib.import_module(module_name)
             ^^^^^^^^^^^^^^^^^^^^^^^^^^^^^^^^^^^^
  File "/usr/lib/python3.11/importlib/__init__.py", line 126, in import_module
    return _bootstrap._gcd_import(name[level:], package, level)
           ^^^^^^^^^^^^^^^^^^^^^^^^^^^^^^^^^^^^^^^^^^^^^^^^^^^^
  File "<frozen importlib._bootstrap>", line 1206, in _gcd_import
  File "<frozen importlib._bootstrap>", line 1178, in _find_and_load
  File "<frozen importlib._bootstrap>", line 1149, in _find_and_load_unlocked
  File "<frozen importlib._bootstrap>", line 690, in _load_unlocked
  File "<frozen importlib._bootstrap_external>", line 940, in exec_module
  File "<frozen importlib._bootstrap>", line 241, in _call_with_frames_removed
  File "/home/admin/DLMaster/plugins/profile.py", line 3, in <module>
    from aiogram.dispatcher import Dispatcher
ImportError: cannot import name 'Dispatcher' from 'aiogram.dispatcher' (/home/admin/.local/lib/python3.11/site-packages/aiogram/dispatcher/__init__.py)
2025.04.23 15:15:28 __main__             INFO     🔄 Loading: plugins.bot_logs
2025.04.23 15:15:28 __main__             INFO     ✅ Loaded (async): plugins.bot_logs
2025.04.23 15:15:28 __main__             INFO     🚀 Starting polling...
2025.04.23 15:15:28 aiogram.dispatcher   INFO     Start polling
2025.04.23 15:15:28 aiogram.dispatcher   INFO     Run polling for bot @dllmasterbot id=8095621527 - 'DLLMaster 🍊'
2025.04.23 15:29:43 aiogram.event        INFO     Update id=511761242 is handled. Duration 1 ms by bot id=8095621527
2025.04.23 15:29:44 aiogram.event        INFO     Update id=511761243 is handled. Duration 1 ms by bot id=8095621527
2025.04.23 15:29:47 aiogram.event        INFO     Update id=511761244 is handled. Duration 4 ms by bot id=8095621527
2025.04.23 15:29:47 aiogram.event        INFO     Update id=511761245 is handled. Duration 4 ms by bot id=8095621527
2025.04.23 15:29:47 aiogram.event        INFO     Update id=511761246 is handled. Duration 4 ms by bot id=8095621527
2025.04.23 15:29:47 aiogram.event        INFO     Update id=511761247 is handled. Duration 3 ms by bot id=8095621527
2025.04.23 15:31:30 aiogram.event        INFO     Update id=511761248 is handled. Duration 1 ms by bot id=8095621527
2025.04.23 15:35:41 aiogram.event        INFO     Update id=511761249 is handled. Duration 3 ms by bot id=8095621527
2025.04.23 15:35:41 aiogram.event        INFO     Update id=511761250 is handled. Duration 3 ms by bot id=8095621527
2025.04.23 15:35:41 aiogram.event        INFO     Update id=511761251 is handled. Duration 3 ms by bot id=8095621527
2025.04.23 15:35:41 aiogram.event        INFO     Update id=511761252 is handled. Duration 3 ms by bot id=8095621527
2025.04.23 15:39:14 aiogram.event        INFO     Update id=511761253 is handled. Duration 1 ms by bot id=8095621527
2025.04.23 15:40:00 aiogram.event        INFO     Update id=511761254 is not handled. Duration 0 ms by bot id=8095621527
2025.04.23 15:41:56 aiogram.event        INFO     Update id=511761255 is handled. Duration 1 ms by bot id=8095621527
2025.04.23 15:42:06 aiogram.event        INFO     Update id=511761256 is handled. Duration 1 ms by bot id=8095621527
2025.04.23 15:42:09 aiogram.event        INFO     Update id=511761257 is handled. Duration 1 ms by bot id=8095621527
2025.04.23 15:42:14 aiogram.event        INFO     Update id=511761258 is handled. Duration 1 ms by bot id=8095621527
2025.04.23 15:45:46 aiogram.event        INFO     Update id=511761259 is not handled. Duration 0 ms by bot id=8095621527
2025.04.23 15:45:46 aiogram.event        INFO     Update id=511761260 is not handled. Duration 1 ms by bot id=8095621527
2025.04.23 15:45:47 aiogram.event        INFO     Update id=511761261 is not handled. Duration 0 ms by bot id=8095621527
2025.04.23 15:45:47 aiogram.event        INFO     Update id=511761262 is not handled. Duration 2 ms by bot id=8095621527
2025.04.23 15:46:00 aiogram.event        INFO     Update id=511761263 is handled. Duration 110 ms by bot id=8095621527
2025.04.23 15:46:19 aiogram.event        INFO     Update id=511761264 is handled. Duration 1 ms by bot id=8095621527
2025.04.23 15:46:24 aiogram.event        INFO     Update id=511761265 is handled. Duration 1 ms by bot id=8095621527
2025.04.23 15:46:31 aiogram.event        INFO     Update id=511761266 is handled. Duration 1 ms by bot id=8095621527
2025.04.23 15:47:07 aiogram.event        INFO     Update id=511761267 is not handled. Duration 2 ms by bot id=8095621527
2025.04.23 15:47:14 aiogram.event        INFO     Update id=511761268 is handled. Duration 2 ms by bot id=8095621527
2025.04.23 15:50:15 aiogram.event        INFO     Update id=511761269 is handled. Duration 1 ms by bot id=8095621527
2025.04.23 15:50:45 aiogram.event        INFO     Update id=511761270 is not handled. Duration 0 ms by bot id=8095621527
2025.04.23 15:53:43 aiogram.event        INFO     Update id=511761271 is handled. Duration 1 ms by bot id=8095621527
2025.04.23 15:54:31 aiogram.event        INFO     Update id=511761272 is not handled. Duration 0 ms by bot id=8095621527
2025.04.23 15:54:42 aiogram.event        INFO     Update id=511761273 is handled. Duration 1 ms by bot id=8095621527
2025.04.23 15:54:42 aiogram.event        INFO     Update id=511761274 is handled. Duration 1 ms by bot id=8095621527
2025.04.23 15:56:20 aiogram.event        INFO     Update id=511761276 is handled. Duration 1 ms by bot id=8095621527
2025.04.23 15:56:20 aiogram.event        INFO     Update id=511761275 is handled. Duration 2 ms by bot id=8095621527
2025.04.23 15:57:23 aiogram.event        INFO     Update id=511761277 is handled. Duration 1 ms by bot id=8095621527
2025.04.23 15:58:06 aiogram.dispatcher   WARNING  Received SIGINT signal
2025.04.23 15:58:06 aiogram.dispatcher   INFO     Polling stopped for bot @dllmasterbot id=8095621527 - 'DLLMaster 🍊'
2025.04.23 15:58:06 aiogram.dispatcher   INFO     Polling stopped
2025.04.23 15:58:06 __main__             INFO     🛑 Polling stopped
2025.04.23 15:58:06 __main__             INFO     🔴 Bot stopped
2025.04.23 15:58:11 dotenv.main          WARNING  python-dotenv could not parse statement starting at line 5
2025.04.23 15:58:11 __main__             INFO     🤖 Starting bot...
2025.04.23 15:58:11 __main__             INFO     🚀 Starting bot initialization...
2025.04.23 15:58:11 __main__             INFO     ✅ Database initialized successfully
2025.04.23 15:58:11 core.spotify_handler INFO     Spotify API connection established.
2025.04.23 15:58:11 __main__             INFO     ✅ Spotify service initialized
2025.04.23 15:58:11 core.webprofile      INFO     Seçilmiş User-Agent: Mozilla/5.0 (X11; Linux x86_64) AppleWebKit/537.36 (KHTML, like Gecko) Chrome/122.0.0.0 Safari/537.36
2025.04.23 15:58:11 core.youtube_handler INFO     firefox brauzerindən cookies istifadə edilir.
2025.04.23 15:58:11 __main__             INFO     ✅ YouTube services initialized (firefox)
2025.04.23 15:58:11 __main__             INFO     🔌 Loading plugins...
2025.04.23 15:58:11 __main__             INFO     🔍 Scanning plugins in: plugins
2025.04.23 15:58:11 __main__             INFO     🔄 Loading: plugins.spotify_plugin
2025.04.23 15:58:11 __main__             INFO     ✅ Loaded (sync): plugins.spotify_plugin
2025.04.23 15:58:11 __main__             INFO     🔄 Loading: plugins.menu_plugin
2025.04.23 15:58:11 __main__             INFO     ✅ Loaded (sync): plugins.menu_plugin
2025.04.23 15:58:11 __main__             INFO     🔄 Loading: plugins.sudo_plugin
2025.04.23 15:58:11 __main__             INFO     ✅ Loaded (sync): plugins.sudo_plugin
2025.04.23 15:58:11 __main__             INFO     🔄 Loading: plugins.youtube_plugin
2025.04.23 15:58:11 __main__             INFO     ✅ Loaded (sync): plugins.youtube_plugin
2025.04.23 15:58:11 __main__             INFO     🔄 Loading: plugins.neofetch_plugin
2025.04.23 15:58:11 __main__             INFO     ✅ Loaded (sync): plugins.neofetch_plugin
2025.04.23 15:58:11 __main__             INFO     🔄 Loading: plugins.id_command
2025.04.23 15:58:11 plugins.id_command   INFO     ✅ info_command plugin successfully loaded
2025.04.23 15:58:11 __main__             INFO     ✅ Loaded (async): plugins.id_command
2025.04.23 15:58:11 __main__             INFO     🔄 Loading: plugins.report_plugin
2025.04.23 15:58:11 __main__             INFO     ✅ Loaded (async): plugins.report_plugin
2025.04.23 15:58:11 __main__             INFO     🔄 Loading: plugins.del_plugin
2025.04.23 15:58:11 __main__             INFO     ✅ Loaded (sync): plugins.del_plugin
2025.04.23 15:58:11 __main__             INFO     🔄 Loading: plugins.mutagen
2025.04.23 15:58:11 plugins.mutagen      INFO     ✅ Mutagen plugin loaded successfully
2025.04.23 15:58:11 __main__             INFO     ✅ Loaded (sync): plugins.mutagen
2025.04.23 15:58:11 __main__             INFO     🔄 Loading: plugins.music_plugin
2025.04.23 15:58:11 __main__             INFO     ✅ Loaded (sync): plugins.music_plugin
2025.04.23 15:58:11 __main__             INFO     🔄 Loading: plugins.start_plugin
2025.04.23 15:58:11 __main__             INFO     ✅ Loaded (async): plugins.start_plugin
2025.04.23 15:58:11 __main__             INFO     🔄 Loading: plugins.stats_plugin
2025.04.23 15:58:11 __main__             INFO     ✅ Loaded (sync): plugins.stats_plugin
2025.04.23 15:58:11 __main__             INFO     🔄 Loading: plugins.dir_plugin
2025.04.23 15:58:11 __main__             INFO     ✅ Loaded (sync): plugins.dir_plugin
2025.04.23 15:58:11 __main__             INFO     🔄 Loading: plugins.broadcast_plugin
2025.04.23 15:58:11 __main__             INFO     ✅ Loaded (sync): plugins.broadcast_plugin
2025.04.23 15:58:11 __main__             INFO     🔄 Loading: plugins.speedtest_plugin
2025.04.23 15:58:11 __main__             INFO     ✅ Loaded (sync): plugins.speedtest_plugin
2025.04.23 15:58:11 __main__             INFO     🔄 Loading: plugins.profile
2025.04.23 15:58:11 plugins.profile      ERROR    Error loading profile plugin: 'AppContext' object has no attribute 'register_message_handler'
Traceback (most recent call last):
  File "/home/admin/DLMaster/plugins/profile.py", line 81, in setup
    dp.register_message_handler(profile_command, commands=["profile"], state="*")
    ^^^^^^^^^^^^^^^^^^^^^^^^^^^
AttributeError: 'AppContext' object has no attribute 'register_message_handler'
2025.04.23 15:58:11 __main__             INFO     ✅ Loaded (sync): plugins.profile
2025.04.23 15:58:11 __main__             INFO     🔄 Loading: plugins.bot_logs
2025.04.23 15:58:11 __main__             INFO     ✅ Loaded (async): plugins.bot_logs
2025.04.23 15:58:11 __main__             INFO     🚀 Starting polling...
2025.04.23 15:58:11 aiogram.dispatcher   INFO     Start polling
2025.04.23 15:58:12 aiogram.dispatcher   INFO     Run polling for bot @dllmasterbot id=8095621527 - 'DLLMaster 🍊'
2025.04.23 16:00:32 aiogram.dispatcher   WARNING  Received SIGINT signal
2025.04.23 16:00:32 aiogram.dispatcher   INFO     Polling stopped for bot @dllmasterbot id=8095621527 - 'DLLMaster 🍊'
2025.04.23 16:00:32 aiogram.dispatcher   INFO     Polling stopped
2025.04.23 16:00:32 __main__             INFO     🛑 Polling stopped
2025.04.23 16:00:32 __main__             INFO     🔴 Bot stopped
2025.04.23 16:00:37 dotenv.main          WARNING  python-dotenv could not parse statement starting at line 5
2025.04.23 16:00:37 __main__             INFO     🤖 Starting bot...
2025.04.23 16:00:37 __main__             INFO     🚀 Starting bot initialization...
2025.04.23 16:00:37 __main__             INFO     ✅ Database initialized successfully
2025.04.23 16:00:37 core.spotify_handler INFO     Spotify API connection established.
2025.04.23 16:00:37 __main__             INFO     ✅ Spotify service initialized
2025.04.23 16:00:37 core.webprofile      INFO     Seçilmiş User-Agent: Mozilla/5.0 (Linux; Android 14; Pixel 8 Pro) AppleWebKit/537.36 (KHTML, like Gecko) Chrome/122.0.0.0 Mobile Safari/537.36
2025.04.23 16:00:37 core.youtube_handler INFO     firefox brauzerindən cookies istifadə edilir.
2025.04.23 16:00:37 __main__             INFO     ✅ YouTube services initialized (firefox)
2025.04.23 16:00:37 __main__             INFO     🔌 Loading plugins...
2025.04.23 16:00:37 __main__             INFO     🔍 Scanning plugins in: plugins
2025.04.23 16:00:37 __main__             INFO     🔄 Loading: plugins.spotify_plugin
2025.04.23 16:00:37 __main__             INFO     ✅ Loaded (sync): plugins.spotify_plugin
2025.04.23 16:00:37 __main__             INFO     🔄 Loading: plugins.menu_plugin
2025.04.23 16:00:37 __main__             INFO     ✅ Loaded (sync): plugins.menu_plugin
2025.04.23 16:00:37 __main__             INFO     🔄 Loading: plugins.sudo_plugin
2025.04.23 16:00:37 __main__             INFO     ✅ Loaded (sync): plugins.sudo_plugin
2025.04.23 16:00:37 __main__             INFO     🔄 Loading: plugins.youtube_plugin
2025.04.23 16:00:37 __main__             INFO     ✅ Loaded (sync): plugins.youtube_plugin
2025.04.23 16:00:37 __main__             INFO     🔄 Loading: plugins.neofetch_plugin
2025.04.23 16:00:37 __main__             INFO     ✅ Loaded (sync): plugins.neofetch_plugin
2025.04.23 16:00:37 __main__             INFO     🔄 Loading: plugins.id_command
2025.04.23 16:00:37 plugins.id_command   INFO     ✅ info_command plugin successfully loaded
2025.04.23 16:00:37 __main__             INFO     ✅ Loaded (async): plugins.id_command
2025.04.23 16:00:37 __main__             INFO     🔄 Loading: plugins.report_plugin
2025.04.23 16:00:37 __main__             INFO     ✅ Loaded (async): plugins.report_plugin
2025.04.23 16:00:37 __main__             INFO     🔄 Loading: plugins.del_plugin
2025.04.23 16:00:37 __main__             INFO     ✅ Loaded (sync): plugins.del_plugin
2025.04.23 16:00:37 __main__             INFO     🔄 Loading: plugins.mutagen
2025.04.23 16:00:37 plugins.mutagen      INFO     ✅ Mutagen plugin loaded successfully
2025.04.23 16:00:37 __main__             INFO     ✅ Loaded (sync): plugins.mutagen
2025.04.23 16:00:37 __main__             INFO     🔄 Loading: plugins.music_plugin
2025.04.23 16:00:37 __main__             INFO     ✅ Loaded (sync): plugins.music_plugin
2025.04.23 16:00:37 __main__             INFO     🔄 Loading: plugins.start_plugin
2025.04.23 16:00:37 __main__             INFO     ✅ Loaded (async): plugins.start_plugin
2025.04.23 16:00:37 __main__             INFO     🔄 Loading: plugins.stats_plugin
2025.04.23 16:00:37 __main__             INFO     ✅ Loaded (sync): plugins.stats_plugin
2025.04.23 16:00:37 __main__             INFO     🔄 Loading: plugins.dir_plugin
2025.04.23 16:00:37 __main__             INFO     ✅ Loaded (sync): plugins.dir_plugin
2025.04.23 16:00:37 __main__             INFO     🔄 Loading: plugins.broadcast_plugin
2025.04.23 16:00:37 __main__             INFO     ✅ Loaded (sync): plugins.broadcast_plugin
2025.04.23 16:00:37 __main__             INFO     🔄 Loading: plugins.speedtest_plugin
2025.04.23 16:00:37 __main__             INFO     ✅ Loaded (sync): plugins.speedtest_plugin
2025.04.23 16:00:37 __main__             INFO     🔄 Loading: plugins.profile
2025.04.23 16:00:37 __main__             ERROR    ❌ Failed to load plugins.profile: 'Dispatcher' object has no attribute 'register_message_handler'
Traceback (most recent call last):
  File "/home/admin/DLMaster/app.py", line 174, in load_plugins
    module.setup(context)
  File "/home/admin/DLMaster/plugins/profile.py", line 43, in setup
    context.dp.register_message_handler(profile_command, commands=["profile"])
    ^^^^^^^^^^^^^^^^^^^^^^^^^^^^^^^^^^^
AttributeError: 'Dispatcher' object has no attribute 'register_message_handler'
2025.04.23 16:00:37 __main__             INFO     🔄 Loading: plugins.bot_logs
2025.04.23 16:00:37 __main__             INFO     ✅ Loaded (async): plugins.bot_logs
2025.04.23 16:00:37 __main__             INFO     🚀 Starting polling...
2025.04.23 16:00:37 aiogram.dispatcher   INFO     Start polling
2025.04.23 16:00:37 aiogram.dispatcher   INFO     Run polling for bot @dllmasterbot id=8095621527 - 'DLLMaster 🍊'
2025.04.23 16:01:19 aiogram.event        INFO     Update id=511761280 is handled. Duration 3 ms by bot id=8095621527
2025.04.23 16:01:19 aiogram.event        INFO     Update id=511761278 is handled. Duration 5 ms by bot id=8095621527
2025.04.23 16:01:19 aiogram.event        INFO     Update id=511761279 is handled. Duration 5 ms by bot id=8095621527
2025.04.23 16:01:19 aiogram.event        INFO     Update id=511761281 is handled. Duration 4 ms by bot id=8095621527
2025.04.23 16:01:33 aiogram.event        INFO     Update id=511761282 is handled. Duration 1 ms by bot id=8095621527
2025.04.23 16:01:56 aiogram.event        INFO     Update id=511761283 is handled. Duration 1 ms by bot id=8095621527
2025.04.23 16:02:17 aiogram.event        INFO     Update id=511761284 is handled. Duration 1 ms by bot id=8095621527
2025.04.23 16:03:49 aiogram.dispatcher   WARNING  Received SIGINT signal
2025.04.23 16:03:49 aiogram.dispatcher   INFO     Polling stopped for bot @dllmasterbot id=8095621527 - 'DLLMaster 🍊'
2025.04.23 16:03:49 aiogram.dispatcher   INFO     Polling stopped
2025.04.23 16:03:49 __main__             INFO     🛑 Polling stopped
2025.04.23 16:03:49 __main__             INFO     🔴 Bot stopped
2025.04.23 16:03:54 dotenv.main          WARNING  python-dotenv could not parse statement starting at line 5
2025.04.23 16:03:54 __main__             INFO     🤖 Starting bot...
2025.04.23 16:03:54 __main__             INFO     🚀 Starting bot initialization...
2025.04.23 16:03:54 __main__             INFO     ✅ Database initialized successfully
2025.04.23 16:03:54 core.spotify_handler INFO     Spotify API connection established.
2025.04.23 16:03:54 __main__             INFO     ✅ Spotify service initialized
2025.04.23 16:03:54 core.webprofile      INFO     Seçilmiş User-Agent: Mozilla/5.0 (Linux; Android 14; SM-G998B) AppleWebKit/537.36 (KHTML, like Gecko) Chrome/122.0.0.0 Mobile Safari/537.36
2025.04.23 16:03:54 core.youtube_handler INFO     firefox brauzerindən cookies istifadə edilir.
2025.04.23 16:03:54 __main__             INFO     ✅ YouTube services initialized (firefox)
2025.04.23 16:03:54 __main__             INFO     🔌 Loading plugins...
2025.04.23 16:03:54 __main__             INFO     🔍 Scanning plugins in: plugins
2025.04.23 16:03:54 __main__             INFO     🔄 Loading: plugins.spotify_plugin
2025.04.23 16:03:54 __main__             INFO     ✅ Loaded (sync): plugins.spotify_plugin
2025.04.23 16:03:54 __main__             INFO     🔄 Loading: plugins.menu_plugin
2025.04.23 16:03:54 __main__             INFO     ✅ Loaded (sync): plugins.menu_plugin
2025.04.23 16:03:54 __main__             INFO     🔄 Loading: plugins.sudo_plugin
2025.04.23 16:03:54 __main__             INFO     ✅ Loaded (sync): plugins.sudo_plugin
2025.04.23 16:03:54 __main__             INFO     🔄 Loading: plugins.youtube_plugin
2025.04.23 16:03:54 __main__             INFO     ✅ Loaded (sync): plugins.youtube_plugin
2025.04.23 16:03:54 __main__             INFO     🔄 Loading: plugins.neofetch_plugin
2025.04.23 16:03:54 __main__             INFO     ✅ Loaded (sync): plugins.neofetch_plugin
2025.04.23 16:03:54 __main__             INFO     🔄 Loading: plugins.id_command
2025.04.23 16:03:54 plugins.id_command   INFO     ✅ info_command plugin successfully loaded
2025.04.23 16:03:54 __main__             INFO     ✅ Loaded (async): plugins.id_command
2025.04.23 16:03:54 __main__             INFO     🔄 Loading: plugins.report_plugin
2025.04.23 16:03:54 __main__             INFO     ✅ Loaded (async): plugins.report_plugin
2025.04.23 16:03:54 __main__             INFO     🔄 Loading: plugins.del_plugin
2025.04.23 16:03:54 __main__             INFO     ✅ Loaded (sync): plugins.del_plugin
2025.04.23 16:03:54 __main__             INFO     🔄 Loading: plugins.mutagen
2025.04.23 16:03:54 plugins.mutagen      INFO     ✅ Mutagen plugin loaded successfully
2025.04.23 16:03:54 __main__             INFO     ✅ Loaded (sync): plugins.mutagen
2025.04.23 16:03:54 __main__             INFO     🔄 Loading: plugins.music_plugin
2025.04.23 16:03:54 __main__             INFO     ✅ Loaded (sync): plugins.music_plugin
2025.04.23 16:03:54 __main__             INFO     🔄 Loading: plugins.start_plugin
2025.04.23 16:03:54 __main__             INFO     ✅ Loaded (async): plugins.start_plugin
2025.04.23 16:03:54 __main__             INFO     🔄 Loading: plugins.stats_plugin
2025.04.23 16:03:54 __main__             INFO     ✅ Loaded (sync): plugins.stats_plugin
2025.04.23 16:03:54 __main__             INFO     🔄 Loading: plugins.dir_plugin
2025.04.23 16:03:54 __main__             INFO     ✅ Loaded (sync): plugins.dir_plugin
2025.04.23 16:03:54 __main__             INFO     🔄 Loading: plugins.broadcast_plugin
2025.04.23 16:03:54 __main__             INFO     ✅ Loaded (sync): plugins.broadcast_plugin
2025.04.23 16:03:54 __main__             INFO     🔄 Loading: plugins.speedtest_plugin
2025.04.23 16:03:54 __main__             INFO     ✅ Loaded (sync): plugins.speedtest_plugin
2025.04.23 16:03:54 __main__             INFO     🔄 Loading: plugins.profile
2025.04.23 16:03:54 __main__             ERROR    ❌ Failed to load plugins.profile: 'AppContext' object has no attribute 'message'
Traceback (most recent call last):
  File "/home/admin/DLMaster/app.py", line 174, in load_plugins
    module.setup(context)
  File "/home/admin/DLMaster/plugins/profile.py", line 43, in setup
    dp.message.register(profile_command, Command("profile"))  # Aiogram 3.x sintaksisi
    ^^^^^^^^^^
AttributeError: 'AppContext' object has no attribute 'message'
2025.04.23 16:03:54 __main__             INFO     🔄 Loading: plugins.bot_logs
2025.04.23 16:03:54 __main__             INFO     ✅ Loaded (async): plugins.bot_logs
2025.04.23 16:03:54 __main__             INFO     🚀 Starting polling...
2025.04.23 16:03:54 aiogram.dispatcher   INFO     Start polling
2025.04.23 16:03:54 aiogram.dispatcher   INFO     Run polling for bot @dllmasterbot id=8095621527 - 'DLLMaster 🍊'
2025.04.23 16:04:54 aiogram.event        INFO     Update id=511761285 is not handled. Duration 2 ms by bot id=8095621527
2025.04.23 16:05:13 aiogram.event        INFO     Update id=511761286 is handled. Duration 9 ms by bot id=8095621527
2025.04.23 16:05:13 aiogram.event        INFO     Update id=511761287 is handled. Duration 9 ms by bot id=8095621527
2025.04.23 16:05:13 aiogram.event        INFO     Update id=511761288 is handled. Duration 9 ms by bot id=8095621527
2025.04.23 16:05:13 aiogram.event        INFO     Update id=511761289 is handled. Duration 9 ms by bot id=8095621527
2025.04.23 16:05:13 aiogram.event        INFO     Update id=511761290 is handled. Duration 9 ms by bot id=8095621527
2025.04.23 16:05:13 aiogram.event        INFO     Update id=511761291 is handled. Duration 8 ms by bot id=8095621527
2025.04.23 16:05:13 aiogram.event        INFO     Update id=511761292 is handled. Duration 8 ms by bot id=8095621527
2025.04.23 16:05:13 aiogram.event        INFO     Update id=511761293 is handled. Duration 8 ms by bot id=8095621527
2025.04.23 16:05:13 aiogram.event        INFO     Update id=511761294 is handled. Duration 8 ms by bot id=8095621527
2025.04.23 16:05:13 aiogram.event        INFO     Update id=511761295 is handled. Duration 8 ms by bot id=8095621527
2025.04.23 16:05:13 aiogram.event        INFO     Update id=511761296 is handled. Duration 8 ms by bot id=8095621527
2025.04.23 16:05:13 aiogram.event        INFO     Update id=511761297 is handled. Duration 8 ms by bot id=8095621527
2025.04.23 16:05:13 aiogram.event        INFO     Update id=511761298 is handled. Duration 8 ms by bot id=8095621527
2025.04.23 16:07:12 aiogram.event        INFO     Update id=511761299 is handled. Duration 2 ms by bot id=8095621527
2025.04.23 16:07:12 aiogram.event        INFO     Update id=511761300 is handled. Duration 2 ms by bot id=8095621527
2025.04.23 16:07:13 aiogram.event        INFO     Update id=511761301 is handled. Duration 2 ms by bot id=8095621527
2025.04.23 16:07:13 aiogram.event        INFO     Update id=511761302 is handled. Duration 2 ms by bot id=8095621527
2025.04.23 16:12:38 aiogram.event        INFO     Update id=511761303 is handled. Duration 3 ms by bot id=8095621527
2025.04.23 16:12:38 aiogram.event        INFO     Update id=511761304 is handled. Duration 3 ms by bot id=8095621527
2025.04.23 16:12:38 aiogram.event        INFO     Update id=511761305 is handled. Duration 3 ms by bot id=8095621527
2025.04.23 16:12:38 aiogram.event        INFO     Update id=511761306 is handled. Duration 3 ms by bot id=8095621527
2025.04.23 16:14:10 aiogram.event        INFO     Update id=511761307 is handled. Duration 1 ms by bot id=8095621527
2025.04.23 16:15:56 aiogram.event        INFO     Update id=511761308 is handled. Duration 1 ms by bot id=8095621527
2025.04.23 16:15:59 aiogram.event        INFO     Update id=511761309 is handled. Duration 1 ms by bot id=8095621527
2025.04.23 16:19:07 aiogram.dispatcher   WARNING  Received SIGINT signal
2025.04.23 16:19:07 aiogram.dispatcher   INFO     Polling stopped for bot @dllmasterbot id=8095621527 - 'DLLMaster 🍊'
2025.04.23 16:19:07 aiogram.dispatcher   INFO     Polling stopped
2025.04.23 16:19:07 __main__             INFO     🛑 Polling stopped
2025.04.23 16:19:07 __main__             INFO     🔴 Bot stopped
2025.04.23 16:19:12 dotenv.main          WARNING  python-dotenv could not parse statement starting at line 5
2025.04.23 16:19:12 __main__             INFO     🤖 Starting bot...
2025.04.23 16:19:12 __main__             INFO     🚀 Starting bot initialization...
2025.04.23 16:19:12 __main__             INFO     ✅ Database initialized successfully
2025.04.23 16:19:12 core.spotify_handler INFO     Spotify API connection established.
2025.04.23 16:19:12 __main__             INFO     ✅ Spotify service initialized
2025.04.23 16:19:12 core.webprofile      INFO     Seçilmiş User-Agent: Mozilla/5.0 (Windows NT 10.0; Win64; x64) AppleWebKit/537.36 (KHTML, like Gecko) Edge/120.0.0.0 Safari/537.36
2025.04.23 16:19:12 core.youtube_handler INFO     firefox brauzerindən cookies istifadə edilir.
2025.04.23 16:19:12 __main__             INFO     ✅ YouTube services initialized (firefox)
2025.04.23 16:19:12 __main__             INFO     🔌 Loading plugins...
2025.04.23 16:19:12 __main__             INFO     🔍 Scanning plugins in: plugins
2025.04.23 16:19:12 __main__             INFO     🔄 Loading: plugins.spotify_plugin
2025.04.23 16:19:12 __main__             INFO     ✅ Loaded (sync): plugins.spotify_plugin
2025.04.23 16:19:12 __main__             INFO     🔄 Loading: plugins.menu_plugin
2025.04.23 16:19:12 __main__             INFO     ✅ Loaded (sync): plugins.menu_plugin
2025.04.23 16:19:12 __main__             INFO     🔄 Loading: plugins.sudo_plugin
2025.04.23 16:19:12 __main__             INFO     ✅ Loaded (sync): plugins.sudo_plugin
2025.04.23 16:19:12 __main__             INFO     🔄 Loading: plugins.youtube_plugin
2025.04.23 16:19:12 __main__             INFO     ✅ Loaded (sync): plugins.youtube_plugin
2025.04.23 16:19:12 __main__             INFO     🔄 Loading: plugins.neofetch_plugin
2025.04.23 16:19:12 __main__             INFO     ✅ Loaded (sync): plugins.neofetch_plugin
2025.04.23 16:19:12 __main__             INFO     🔄 Loading: plugins.id_command
2025.04.23 16:19:12 plugins.id_command   INFO     ✅ info_command plugin successfully loaded
2025.04.23 16:19:12 __main__             INFO     ✅ Loaded (async): plugins.id_command
2025.04.23 16:19:12 __main__             INFO     🔄 Loading: plugins.report_plugin
2025.04.23 16:19:12 __main__             INFO     ✅ Loaded (async): plugins.report_plugin
2025.04.23 16:19:12 __main__             INFO     🔄 Loading: plugins.del_plugin
2025.04.23 16:19:12 __main__             INFO     ✅ Loaded (sync): plugins.del_plugin
2025.04.23 16:19:12 __main__             INFO     🔄 Loading: plugins.mutagen
2025.04.23 16:19:12 plugins.mutagen      INFO     ✅ Mutagen plugin loaded successfully
2025.04.23 16:19:12 __main__             INFO     ✅ Loaded (sync): plugins.mutagen
2025.04.23 16:19:12 __main__             INFO     🔄 Loading: plugins.music_plugin
2025.04.23 16:19:12 __main__             INFO     ✅ Loaded (sync): plugins.music_plugin
2025.04.23 16:19:12 __main__             INFO     🔄 Loading: plugins.start_plugin
2025.04.23 16:19:12 __main__             INFO     ✅ Loaded (async): plugins.start_plugin
2025.04.23 16:19:12 __main__             INFO     🔄 Loading: plugins.stats_plugin
2025.04.23 16:19:12 __main__             INFO     ✅ Loaded (sync): plugins.stats_plugin
2025.04.23 16:19:12 __main__             INFO     🔄 Loading: plugins.dir_plugin
2025.04.23 16:19:12 __main__             INFO     ✅ Loaded (sync): plugins.dir_plugin
2025.04.23 16:19:12 __main__             INFO     🔄 Loading: plugins.broadcast_plugin
2025.04.23 16:19:12 __main__             INFO     ✅ Loaded (sync): plugins.broadcast_plugin
2025.04.23 16:19:12 __main__             INFO     🔄 Loading: plugins.speedtest_plugin
2025.04.23 16:19:12 __main__             INFO     ✅ Loaded (sync): plugins.speedtest_plugin
2025.04.23 16:19:12 __main__             INFO     🔄 Loading: plugins.bot_logs
2025.04.23 16:19:12 __main__             INFO     ✅ Loaded (async): plugins.bot_logs
2025.04.23 16:19:12 __main__             INFO     🚀 Starting polling...
2025.04.23 16:19:12 aiogram.dispatcher   INFO     Start polling
2025.04.23 16:19:12 aiogram.dispatcher   INFO     Run polling for bot @dllmasterbot id=8095621527 - 'DLLMaster 🍊'
2025.04.23 16:19:26 aiogram.event        INFO     Update id=511761310 is handled. Duration 2 ms by bot id=8095621527
2025.04.23 16:19:35 aiogram.event        INFO     Update id=511761311 is handled. Duration 1 ms by bot id=8095621527
2025.04.23 16:19:39 aiogram.dispatcher   WARNING  Received SIGINT signal
2025.04.23 16:19:39 aiogram.dispatcher   INFO     Polling stopped for bot @dllmasterbot id=8095621527 - 'DLLMaster 🍊'
2025.04.23 16:19:39 aiogram.dispatcher   INFO     Polling stopped
2025.04.23 16:19:39 __main__             INFO     🛑 Polling stopped
2025.04.23 16:19:39 __main__             INFO     🔴 Bot stopped
2025.04.23 16:19:44 dotenv.main          WARNING  python-dotenv could not parse statement starting at line 5
2025.04.23 16:19:44 __main__             INFO     🤖 Starting bot...
2025.04.23 16:19:44 __main__             INFO     🚀 Starting bot initialization...
2025.04.23 16:19:45 __main__             INFO     ✅ Database initialized successfully
2025.04.23 16:19:45 core.spotify_handler INFO     Spotify API connection established.
2025.04.23 16:19:45 __main__             INFO     ✅ Spotify service initialized
2025.04.23 16:19:45 core.webprofile      INFO     Seçilmiş User-Agent: Mozilla/5.0 (Macintosh; Intel Mac OS X 10_15_7) AppleWebKit/537.36 (KHTML, like Gecko) Chrome/122.0.0.0 Safari/537.36
2025.04.23 16:19:45 core.youtube_handler INFO     firefox brauzerindən cookies istifadə edilir.
2025.04.23 16:19:45 __main__             INFO     ✅ YouTube services initialized (firefox)
2025.04.23 16:19:45 __main__             INFO     🔌 Loading plugins...
2025.04.23 16:19:45 __main__             INFO     🔍 Scanning plugins in: plugins
2025.04.23 16:19:45 __main__             INFO     🔄 Loading: plugins.spotify_plugin
2025.04.23 16:19:45 __main__             INFO     ✅ Loaded (sync): plugins.spotify_plugin
2025.04.23 16:19:45 __main__             INFO     🔄 Loading: plugins.menu_plugin
2025.04.23 16:19:45 __main__             INFO     ✅ Loaded (sync): plugins.menu_plugin
2025.04.23 16:19:45 __main__             INFO     🔄 Loading: plugins.sudo_plugin
2025.04.23 16:19:45 __main__             INFO     ✅ Loaded (sync): plugins.sudo_plugin
2025.04.23 16:19:45 __main__             INFO     🔄 Loading: plugins.youtube_plugin
2025.04.23 16:19:45 __main__             INFO     ✅ Loaded (sync): plugins.youtube_plugin
2025.04.23 16:19:45 __main__             INFO     🔄 Loading: plugins.neofetch_plugin
2025.04.23 16:19:45 __main__             INFO     ✅ Loaded (sync): plugins.neofetch_plugin
2025.04.23 16:19:45 __main__             INFO     🔄 Loading: plugins.id_command
2025.04.23 16:19:45 plugins.id_command   INFO     ✅ info_command plugin successfully loaded
2025.04.23 16:19:45 __main__             INFO     ✅ Loaded (async): plugins.id_command
2025.04.23 16:19:45 __main__             INFO     🔄 Loading: plugins.report_plugin
2025.04.23 16:19:45 __main__             INFO     ✅ Loaded (async): plugins.report_plugin
2025.04.23 16:19:45 __main__             INFO     🔄 Loading: plugins.del_plugin
2025.04.23 16:19:45 __main__             INFO     ✅ Loaded (sync): plugins.del_plugin
2025.04.23 16:19:45 __main__             INFO     🔄 Loading: plugins.mutagen
2025.04.23 16:19:45 plugins.mutagen      INFO     ✅ Mutagen plugin loaded successfully
2025.04.23 16:19:45 __main__             INFO     ✅ Loaded (sync): plugins.mutagen
2025.04.23 16:19:45 __main__             INFO     🔄 Loading: plugins.music_plugin
2025.04.23 16:19:45 __main__             INFO     ✅ Loaded (sync): plugins.music_plugin
2025.04.23 16:19:45 __main__             INFO     🔄 Loading: plugins.start_plugin
2025.04.23 16:19:45 __main__             INFO     ✅ Loaded (async): plugins.start_plugin
2025.04.23 16:19:45 __main__             INFO     🔄 Loading: plugins.stats_plugin
2025.04.23 16:19:45 __main__             INFO     ✅ Loaded (sync): plugins.stats_plugin
2025.04.23 16:19:45 __main__             INFO     🔄 Loading: plugins.dir_plugin
2025.04.23 16:19:45 __main__             INFO     ✅ Loaded (sync): plugins.dir_plugin
2025.04.23 16:19:45 __main__             INFO     🔄 Loading: plugins.broadcast_plugin
2025.04.23 16:19:45 __main__             INFO     ✅ Loaded (sync): plugins.broadcast_plugin
2025.04.23 16:19:45 __main__             INFO     🔄 Loading: plugins.speedtest_plugin
2025.04.23 16:19:45 __main__             INFO     ✅ Loaded (sync): plugins.speedtest_plugin
2025.04.23 16:19:45 __main__             INFO     🔄 Loading: plugins.bot_logs
2025.04.23 16:19:45 __main__             INFO     ✅ Loaded (async): plugins.bot_logs
2025.04.23 16:19:45 __main__             INFO     🚀 Starting polling...
2025.04.23 16:19:45 aiogram.dispatcher   INFO     Start polling
2025.04.23 16:19:45 aiogram.dispatcher   INFO     Run polling for bot @dllmasterbot id=8095621527 - 'DLLMaster 🍊'
2025.04.23 16:20:09 aiogram.event        INFO     Update id=511761312 is handled. Duration 2 ms by bot id=8095621527
2025.04.23 16:20:10 aiogram.event        INFO     Update id=511761313 is handled. Duration 1 ms by bot id=8095621527
2025.04.23 16:20:11 aiogram.event        INFO     Update id=511761314 is handled. Duration 1 ms by bot id=8095621527
2025.04.23 16:20:39 aiogram.event        INFO     Update id=511761315 is handled. Duration 64 ms by bot id=8095621527
2025.04.23 16:20:56 aiogram.event        INFO     Update id=511761316 is handled. Duration 1 ms by bot id=8095621527
2025.04.23 16:20:59 aiogram.event        INFO     Update id=511761317 is handled. Duration 1 ms by bot id=8095621527
2025.04.23 16:32:21 aiogram.event        INFO     Update id=511761318 is handled. Duration 1 ms by bot id=8095621527
2025.04.23 16:32:50 aiogram.event        INFO     Update id=511761319 is handled. Duration 4 ms by bot id=8095621527
2025.04.23 16:32:50 aiogram.event        INFO     Update id=511761320 is handled. Duration 4 ms by bot id=8095621527
2025.04.23 16:32:50 aiogram.event        INFO     Update id=511761321 is handled. Duration 4 ms by bot id=8095621527
2025.04.23 16:32:50 aiogram.event        INFO     Update id=511761322 is handled. Duration 4 ms by bot id=8095621527
2025.04.23 16:33:00 aiogram.event        INFO     Update id=511761323 is handled. Duration 3 ms by bot id=8095621527
2025.04.23 16:33:00 aiogram.event        INFO     Update id=511761324 is handled. Duration 3 ms by bot id=8095621527
2025.04.23 16:33:00 aiogram.event        INFO     Update id=511761325 is handled. Duration 3 ms by bot id=8095621527
2025.04.23 16:33:01 aiogram.event        INFO     Update id=511761326 is handled. Duration 3 ms by bot id=8095621527
2025.04.23 16:33:01 aiogram.event        INFO     Update id=511761327 is handled. Duration 3 ms by bot id=8095621527
2025.04.23 16:33:01 aiogram.event        INFO     Update id=511761328 is handled. Duration 3 ms by bot id=8095621527
2025.04.23 16:33:16 aiogram.dispatcher   WARNING  Received SIGINT signal
2025.04.23 16:33:16 aiogram.dispatcher   INFO     Polling stopped for bot @dllmasterbot id=8095621527 - 'DLLMaster 🍊'
2025.04.23 16:33:16 aiogram.dispatcher   INFO     Polling stopped
2025.04.23 16:33:16 __main__             INFO     🛑 Polling stopped
2025.04.23 16:33:16 __main__             INFO     🔴 Bot stopped
2025.04.23 16:33:30 dotenv.main          WARNING  python-dotenv could not parse statement starting at line 5
2025.04.23 16:33:30 __main__             INFO     🤖 Starting bot...
2025.04.23 16:33:30 __main__             INFO     🚀 Starting bot initialization...
2025.04.23 16:33:30 __main__             INFO     ✅ Database initialized successfully
2025.04.23 16:33:30 core.spotify_handler INFO     Spotify API connection established.
2025.04.23 16:33:30 __main__             INFO     ✅ Spotify service initialized
2025.04.23 16:33:30 core.webprofile      INFO     Seçilmiş User-Agent: Mozilla/5.0 (iPad; CPU OS 17_2 like Mac OS X) AppleWebKit/605.1.15 (KHTML, like Gecko) Version/17.2 Mobile/15E148 Safari/604.1
2025.04.23 16:33:30 core.youtube_handler INFO     firefox brauzerindən cookies istifadə edilir.
2025.04.23 16:33:30 __main__             INFO     ✅ YouTube services initialized (firefox)
2025.04.23 16:33:30 __main__             INFO     🔌 Loading plugins...
2025.04.23 16:33:30 __main__             INFO     🔍 Scanning plugins in: plugins
2025.04.23 16:33:30 __main__             INFO     🔄 Loading: plugins.spotify_plugin
2025.04.23 16:33:30 __main__             INFO     ✅ Loaded (sync): plugins.spotify_plugin
2025.04.23 16:33:30 __main__             INFO     🔄 Loading: plugins.menu_plugin
2025.04.23 16:33:30 __main__             INFO     ✅ Loaded (sync): plugins.menu_plugin
2025.04.23 16:33:30 __main__             INFO     🔄 Loading: plugins.sudo_plugin
2025.04.23 16:33:30 __main__             INFO     ✅ Loaded (sync): plugins.sudo_plugin
2025.04.23 16:33:30 __main__             INFO     🔄 Loading: plugins.youtube_plugin
2025.04.23 16:33:30 __main__             INFO     ✅ Loaded (sync): plugins.youtube_plugin
2025.04.23 16:33:30 __main__             INFO     🔄 Loading: plugins.neofetch_plugin
2025.04.23 16:33:30 __main__             INFO     ✅ Loaded (sync): plugins.neofetch_plugin
2025.04.23 16:33:30 __main__             INFO     🔄 Loading: plugins.id_command
2025.04.23 16:33:30 plugins.id_command   INFO     ✅ info_command plugin successfully loaded
2025.04.23 16:33:30 __main__             INFO     ✅ Loaded (async): plugins.id_command
2025.04.23 16:33:30 __main__             INFO     🔄 Loading: plugins.report_plugin
2025.04.23 16:33:30 __main__             INFO     ✅ Loaded (async): plugins.report_plugin
2025.04.23 16:33:30 __main__             INFO     🔄 Loading: plugins.del_plugin
2025.04.23 16:33:30 __main__             INFO     ✅ Loaded (sync): plugins.del_plugin
2025.04.23 16:33:30 __main__             INFO     🔄 Loading: plugins.mutagen
2025.04.23 16:33:30 plugins.mutagen      INFO     ✅ Mutagen plugin loaded successfully
2025.04.23 16:33:30 __main__             INFO     ✅ Loaded (sync): plugins.mutagen
2025.04.23 16:33:30 __main__             INFO     🔄 Loading: plugins.music_plugin
2025.04.23 16:33:30 __main__             INFO     ✅ Loaded (sync): plugins.music_plugin
2025.04.23 16:33:30 __main__             INFO     🔄 Loading: plugins.start_plugin
2025.04.23 16:33:30 __main__             INFO     ✅ Loaded (async): plugins.start_plugin
2025.04.23 16:33:30 __main__             INFO     🔄 Loading: plugins.stats_plugin
2025.04.23 16:33:30 __main__             INFO     ✅ Loaded (sync): plugins.stats_plugin
2025.04.23 16:33:30 __main__             INFO     🔄 Loading: plugins.dir_plugin
2025.04.23 16:33:30 __main__             INFO     ✅ Loaded (sync): plugins.dir_plugin
2025.04.23 16:33:30 __main__             INFO     🔄 Loading: plugins.broadcast_plugin
2025.04.23 16:33:30 __main__             INFO     ✅ Loaded (sync): plugins.broadcast_plugin
2025.04.23 16:33:30 __main__             INFO     🔄 Loading: plugins.speedtest_plugin
2025.04.23 16:33:30 __main__             INFO     ✅ Loaded (sync): plugins.speedtest_plugin
2025.04.23 16:33:30 __main__             INFO     🔄 Loading: plugins.bot_logs
2025.04.23 16:33:30 __main__             INFO     ✅ Loaded (async): plugins.bot_logs
2025.04.23 16:33:30 __main__             INFO     🚀 Starting polling...
2025.04.23 16:33:30 aiogram.dispatcher   INFO     Start polling
2025.04.23 16:33:30 aiogram.dispatcher   INFO     Run polling for bot @dllmasterbot id=8095621527 - 'DLLMaster 🍊'
2025.04.23 16:33:49 aiogram.event        INFO     Update id=511761329 is handled. Duration 2 ms by bot id=8095621527
2025.04.23 16:33:50 aiogram.event        INFO     Update id=511761330 is handled. Duration 1 ms by bot id=8095621527
2025.04.23 16:34:04 aiogram.event        INFO     Update id=511761331 is handled. Duration 0 ms by bot id=8095621527
2025.04.23 16:34:08 aiogram.event        INFO     Update id=511761332 is handled. Duration 2 ms by bot id=8095621527
2025.04.23 16:35:28 aiogram.event        INFO     Update id=511761333 is handled. Duration 2 ms by bot id=8095621527
2025.04.23 16:39:06 aiogram.dispatcher   WARNING  Received SIGINT signal
2025.04.23 16:39:06 aiogram.dispatcher   INFO     Polling stopped for bot @dllmasterbot id=8095621527 - 'DLLMaster 🍊'
2025.04.23 16:39:06 aiogram.dispatcher   INFO     Polling stopped
2025.04.23 16:39:06 __main__             INFO     🛑 Polling stopped
2025.04.23 16:39:06 __main__             INFO     🔴 Bot stopped
2025.04.23 16:39:11 dotenv.main          WARNING  python-dotenv could not parse statement starting at line 5
2025.04.23 16:39:11 __main__             INFO     🤖 Starting bot...
2025.04.23 16:39:11 __main__             INFO     🚀 Starting bot initialization...
2025.04.23 16:39:11 __main__             INFO     ✅ Database initialized successfully
2025.04.23 16:39:11 core.spotify_handler INFO     Spotify API connection established.
2025.04.23 16:39:11 __main__             INFO     ✅ Spotify service initialized
2025.04.23 16:39:11 core.webprofile      INFO     Seçilmiş User-Agent: Mozilla/5.0 (iPad; CPU OS 17_2 like Mac OS X) AppleWebKit/605.1.15 (KHTML, like Gecko) Version/17.2 Mobile/15E148 Safari/604.1
2025.04.23 16:39:11 core.youtube_handler INFO     firefox brauzerindən cookies istifadə edilir.
2025.04.23 16:39:11 __main__             INFO     ✅ YouTube services initialized (firefox)
2025.04.23 16:39:11 __main__             INFO     🔌 Loading plugins...
2025.04.23 16:39:11 __main__             INFO     🔍 Scanning plugins in: plugins
2025.04.23 16:39:11 __main__             INFO     🔄 Loading: plugins.spotify_plugin
2025.04.23 16:39:11 __main__             INFO     ✅ Loaded (sync): plugins.spotify_plugin
2025.04.23 16:39:11 __main__             INFO     🔄 Loading: plugins.menu_plugin
2025.04.23 16:39:11 __main__             INFO     ✅ Loaded (sync): plugins.menu_plugin
2025.04.23 16:39:11 __main__             INFO     🔄 Loading: plugins.sudo_plugin
2025.04.23 16:39:11 __main__             INFO     ✅ Loaded (sync): plugins.sudo_plugin
2025.04.23 16:39:11 __main__             INFO     🔄 Loading: plugins.youtube_plugin
2025.04.23 16:39:11 __main__             INFO     ✅ Loaded (sync): plugins.youtube_plugin
2025.04.23 16:39:11 __main__             INFO     🔄 Loading: plugins.neofetch_plugin
2025.04.23 16:39:11 __main__             INFO     ✅ Loaded (sync): plugins.neofetch_plugin
2025.04.23 16:39:11 __main__             INFO     🔄 Loading: plugins.id_command
2025.04.23 16:39:11 plugins.id_command   INFO     ✅ info_command plugin successfully loaded
2025.04.23 16:39:11 __main__             INFO     ✅ Loaded (async): plugins.id_command
2025.04.23 16:39:11 __main__             INFO     🔄 Loading: plugins.report_plugin
2025.04.23 16:39:11 __main__             INFO     ✅ Loaded (async): plugins.report_plugin
2025.04.23 16:39:11 __main__             INFO     🔄 Loading: plugins.del_plugin
2025.04.23 16:39:11 __main__             INFO     ✅ Loaded (sync): plugins.del_plugin
2025.04.23 16:39:11 __main__             INFO     🔄 Loading: plugins.mutagen
2025.04.23 16:39:11 plugins.mutagen      INFO     ✅ Mutagen plugin loaded successfully
2025.04.23 16:39:11 __main__             INFO     ✅ Loaded (sync): plugins.mutagen
2025.04.23 16:39:11 __main__             INFO     🔄 Loading: plugins.music_plugin
2025.04.23 16:39:11 __main__             INFO     ✅ Loaded (sync): plugins.music_plugin
2025.04.23 16:39:11 __main__             INFO     🔄 Loading: plugins.start_plugin
2025.04.23 16:39:11 __main__             INFO     ✅ Loaded (async): plugins.start_plugin
2025.04.23 16:39:11 __main__             INFO     🔄 Loading: plugins.stats_plugin
2025.04.23 16:39:11 __main__             INFO     ✅ Loaded (sync): plugins.stats_plugin
2025.04.23 16:39:11 __main__             INFO     🔄 Loading: plugins.dir_plugin
2025.04.23 16:39:11 __main__             INFO     ✅ Loaded (sync): plugins.dir_plugin
2025.04.23 16:39:11 __main__             INFO     🔄 Loading: plugins.broadcast_plugin
2025.04.23 16:39:11 __main__             INFO     ✅ Loaded (sync): plugins.broadcast_plugin
2025.04.23 16:39:11 __main__             INFO     🔄 Loading: plugins.speedtest_plugin
2025.04.23 16:39:11 __main__             INFO     ✅ Loaded (sync): plugins.speedtest_plugin
2025.04.23 16:39:11 __main__             INFO     🔄 Loading: plugins.bot_logs
2025.04.23 16:39:11 __main__             INFO     ✅ Loaded (async): plugins.bot_logs
2025.04.23 16:39:11 __main__             INFO     🚀 Starting polling...
2025.04.23 16:39:11 aiogram.dispatcher   INFO     Start polling
2025.04.23 16:39:11 aiogram.dispatcher   INFO     Run polling for bot @dllmasterbot id=8095621527 - 'DLLMaster 🍊'
2025.04.23 16:39:17 aiogram.event        INFO     Update id=511761334 is handled. Duration 2 ms by bot id=8095621527
2025.04.23 16:39:19 aiogram.event        INFO     Update id=511761335 is handled. Duration 1 ms by bot id=8095621527
2025.04.23 16:40:11 aiogram.dispatcher   WARNING  Received SIGINT signal
2025.04.23 16:40:11 aiogram.dispatcher   INFO     Polling stopped for bot @dllmasterbot id=8095621527 - 'DLLMaster 🍊'
2025.04.23 16:40:11 aiogram.dispatcher   INFO     Polling stopped
2025.04.23 16:40:11 __main__             INFO     🛑 Polling stopped
2025.04.23 16:40:11 __main__             INFO     🔴 Bot stopped
2025.04.23 16:40:16 dotenv.main          WARNING  python-dotenv could not parse statement starting at line 5
2025.04.23 16:40:16 __main__             INFO     🤖 Starting bot...
2025.04.23 16:40:16 __main__             INFO     🚀 Starting bot initialization...
2025.04.23 16:40:16 __main__             INFO     ✅ Database initialized successfully
2025.04.23 16:40:16 core.spotify_handler INFO     Spotify API connection established.
2025.04.23 16:40:16 __main__             INFO     ✅ Spotify service initialized
2025.04.23 16:40:16 core.webprofile      INFO     Seçilmiş User-Agent: Mozilla/5.0 (X11; Ubuntu; Linux x86_64; rv:120.0) Gecko/20100101 Firefox/120.0
2025.04.23 16:40:16 core.youtube_handler INFO     firefox brauzerindən cookies istifadə edilir.
2025.04.23 16:40:16 __main__             INFO     ✅ YouTube services initialized (firefox)
2025.04.23 16:40:16 __main__             INFO     🔌 Loading plugins...
2025.04.23 16:40:16 __main__             INFO     🔍 Scanning plugins in: plugins
2025.04.23 16:40:16 __main__             INFO     🔄 Loading: plugins.spotify_plugin
2025.04.23 16:40:16 __main__             INFO     ✅ Loaded (sync): plugins.spotify_plugin
2025.04.23 16:40:16 __main__             INFO     🔄 Loading: plugins.menu_plugin
2025.04.23 16:40:16 __main__             INFO     ✅ Loaded (sync): plugins.menu_plugin
2025.04.23 16:40:16 __main__             INFO     🔄 Loading: plugins.sudo_plugin
2025.04.23 16:40:16 __main__             INFO     ✅ Loaded (sync): plugins.sudo_plugin
2025.04.23 16:40:16 __main__             INFO     🔄 Loading: plugins.youtube_plugin
2025.04.23 16:40:16 __main__             INFO     ✅ Loaded (sync): plugins.youtube_plugin
2025.04.23 16:40:16 __main__             INFO     🔄 Loading: plugins.neofetch_plugin
2025.04.23 16:40:16 __main__             INFO     ✅ Loaded (sync): plugins.neofetch_plugin
2025.04.23 16:40:16 __main__             INFO     🔄 Loading: plugins.id_command
2025.04.23 16:40:16 plugins.id_command   INFO     ✅ info_command plugin successfully loaded
2025.04.23 16:40:16 __main__             INFO     ✅ Loaded (async): plugins.id_command
2025.04.23 16:40:16 __main__             INFO     🔄 Loading: plugins.report_plugin
2025.04.23 16:40:16 __main__             INFO     ✅ Loaded (async): plugins.report_plugin
2025.04.23 16:40:16 __main__             INFO     🔄 Loading: plugins.del_plugin
2025.04.23 16:40:16 __main__             INFO     ✅ Loaded (sync): plugins.del_plugin
2025.04.23 16:40:16 __main__             INFO     🔄 Loading: plugins.mutagen
2025.04.23 16:40:16 plugins.mutagen      INFO     ✅ Mutagen plugin loaded successfully
2025.04.23 16:40:16 __main__             INFO     ✅ Loaded (sync): plugins.mutagen
2025.04.23 16:40:16 __main__             INFO     🔄 Loading: plugins.music_plugin
2025.04.23 16:40:16 __main__             INFO     ✅ Loaded (sync): plugins.music_plugin
2025.04.23 16:40:16 __main__             INFO     🔄 Loading: plugins.start_plugin
2025.04.23 16:40:16 __main__             INFO     ✅ Loaded (async): plugins.start_plugin
2025.04.23 16:40:16 __main__             INFO     🔄 Loading: plugins.stats_plugin
2025.04.23 16:40:16 __main__             INFO     ✅ Loaded (sync): plugins.stats_plugin
2025.04.23 16:40:16 __main__             INFO     🔄 Loading: plugins.dir_plugin
2025.04.23 16:40:16 __main__             INFO     ✅ Loaded (sync): plugins.dir_plugin
2025.04.23 16:40:16 __main__             INFO     🔄 Loading: plugins.broadcast_plugin
2025.04.23 16:40:16 __main__             INFO     ✅ Loaded (sync): plugins.broadcast_plugin
2025.04.23 16:40:16 __main__             INFO     🔄 Loading: plugins.speedtest_plugin
2025.04.23 16:40:16 __main__             INFO     ✅ Loaded (sync): plugins.speedtest_plugin
2025.04.23 16:40:16 __main__             INFO     🔄 Loading: plugins.bot_logs
2025.04.23 16:40:16 __main__             ERROR    ❌ Failed to load plugins.bot_logs: invalid syntax (bot_logs.py, line 50)
Traceback (most recent call last):
  File "/home/admin/DLMaster/app.py", line 168, in load_plugins
    module = importlib.import_module(module_name)
             ^^^^^^^^^^^^^^^^^^^^^^^^^^^^^^^^^^^^
  File "/usr/lib/python3.11/importlib/__init__.py", line 126, in import_module
    return _bootstrap._gcd_import(name[level:], package, level)
           ^^^^^^^^^^^^^^^^^^^^^^^^^^^^^^^^^^^^^^^^^^^^^^^^^^^^
  File "<frozen importlib._bootstrap>", line 1206, in _gcd_import
  File "<frozen importlib._bootstrap>", line 1178, in _find_and_load
  File "<frozen importlib._bootstrap>", line 1149, in _find_and_load_unlocked
  File "<frozen importlib._bootstrap>", line 690, in _load_unlocked
  File "<frozen importlib._bootstrap_external>", line 936, in exec_module
  File "<frozen importlib._bootstrap_external>", line 1074, in get_code
  File "<frozen importlib._bootstrap_external>", line 1004, in source_to_code
  File "<frozen importlib._bootstrap>", line 241, in _call_with_frames_removed
  File "/home/admin/DLMaster/plugins/bot_logs.py", line 50
    """İstifadəçi profil məlumatlarını göstər"""
       ^^^^^^^^^^^^^
SyntaxError: invalid syntax
2025.04.23 16:40:16 __main__             INFO     🚀 Starting polling...
2025.04.23 16:40:16 aiogram.dispatcher   INFO     Start polling
2025.04.23 16:40:16 aiogram.dispatcher   INFO     Run polling for bot @dllmasterbot id=8095621527 - 'DLLMaster 🍊'
2025.04.23 16:40:50 aiogram.dispatcher   WARNING  Received SIGINT signal
2025.04.23 16:40:50 aiogram.dispatcher   INFO     Polling stopped for bot @dllmasterbot id=8095621527 - 'DLLMaster 🍊'
2025.04.23 16:40:50 aiogram.dispatcher   INFO     Polling stopped
2025.04.23 16:40:50 __main__             INFO     🛑 Polling stopped
2025.04.23 16:40:50 __main__             INFO     🔴 Bot stopped
2025.04.23 16:40:56 dotenv.main          WARNING  python-dotenv could not parse statement starting at line 5
2025.04.23 16:40:56 __main__             INFO     🤖 Starting bot...
2025.04.23 16:40:56 __main__             INFO     🚀 Starting bot initialization...
2025.04.23 16:40:56 __main__             INFO     ✅ Database initialized successfully
2025.04.23 16:40:56 core.spotify_handler INFO     Spotify API connection established.
2025.04.23 16:40:56 __main__             INFO     ✅ Spotify service initialized
2025.04.23 16:40:56 core.webprofile      INFO     Seçilmiş User-Agent: Mozilla/5.0 (iPhone; CPU iPhone OS 17_2 like Mac OS X) AppleWebKit/605.1.15 (KHTML, like Gecko) Version/17.2 Mobile/15E148 Safari/604.1
2025.04.23 16:40:56 core.youtube_handler INFO     firefox brauzerindən cookies istifadə edilir.
2025.04.23 16:40:56 __main__             INFO     ✅ YouTube services initialized (firefox)
2025.04.23 16:40:56 __main__             INFO     🔌 Loading plugins...
2025.04.23 16:40:56 __main__             INFO     🔍 Scanning plugins in: plugins
2025.04.23 16:40:56 __main__             INFO     🔄 Loading: plugins.spotify_plugin
2025.04.23 16:40:56 __main__             INFO     ✅ Loaded (sync): plugins.spotify_plugin
2025.04.23 16:40:56 __main__             INFO     🔄 Loading: plugins.menu_plugin
2025.04.23 16:40:56 __main__             INFO     ✅ Loaded (sync): plugins.menu_plugin
2025.04.23 16:40:56 __main__             INFO     🔄 Loading: plugins.sudo_plugin
2025.04.23 16:40:56 __main__             INFO     ✅ Loaded (sync): plugins.sudo_plugin
2025.04.23 16:40:56 __main__             INFO     🔄 Loading: plugins.youtube_plugin
2025.04.23 16:40:56 __main__             INFO     ✅ Loaded (sync): plugins.youtube_plugin
2025.04.23 16:40:56 __main__             INFO     🔄 Loading: plugins.neofetch_plugin
2025.04.23 16:40:56 __main__             INFO     ✅ Loaded (sync): plugins.neofetch_plugin
2025.04.23 16:40:56 __main__             INFO     🔄 Loading: plugins.id_command
2025.04.23 16:40:56 plugins.id_command   INFO     ✅ info_command plugin successfully loaded
2025.04.23 16:40:56 __main__             INFO     ✅ Loaded (async): plugins.id_command
2025.04.23 16:40:56 __main__             INFO     🔄 Loading: plugins.report_plugin
2025.04.23 16:40:56 __main__             INFO     ✅ Loaded (async): plugins.report_plugin
2025.04.23 16:40:56 __main__             INFO     🔄 Loading: plugins.del_plugin
2025.04.23 16:40:56 __main__             INFO     ✅ Loaded (sync): plugins.del_plugin
2025.04.23 16:40:56 __main__             INFO     🔄 Loading: plugins.mutagen
2025.04.23 16:40:56 plugins.mutagen      INFO     ✅ Mutagen plugin loaded successfully
2025.04.23 16:40:56 __main__             INFO     ✅ Loaded (sync): plugins.mutagen
2025.04.23 16:40:56 __main__             INFO     🔄 Loading: plugins.music_plugin
2025.04.23 16:40:56 __main__             INFO     ✅ Loaded (sync): plugins.music_plugin
2025.04.23 16:40:56 __main__             INFO     🔄 Loading: plugins.start_plugin
2025.04.23 16:40:56 __main__             INFO     ✅ Loaded (async): plugins.start_plugin
2025.04.23 16:40:56 __main__             INFO     🔄 Loading: plugins.stats_plugin
2025.04.23 16:40:56 __main__             INFO     ✅ Loaded (sync): plugins.stats_plugin
2025.04.23 16:40:56 __main__             INFO     🔄 Loading: plugins.dir_plugin
2025.04.23 16:40:56 __main__             INFO     ✅ Loaded (sync): plugins.dir_plugin
2025.04.23 16:40:56 __main__             INFO     🔄 Loading: plugins.broadcast_plugin
2025.04.23 16:40:56 __main__             INFO     ✅ Loaded (sync): plugins.broadcast_plugin
2025.04.23 16:40:56 __main__             INFO     🔄 Loading: plugins.speedtest_plugin
2025.04.23 16:40:56 __main__             INFO     ✅ Loaded (sync): plugins.speedtest_plugin
2025.04.23 16:40:56 __main__             INFO     🔄 Loading: plugins.bot_logs
2025.04.23 16:40:56 __main__             INFO     ✅ Loaded (async): plugins.bot_logs
2025.04.23 16:40:56 __main__             INFO     🚀 Starting polling...
2025.04.23 16:40:56 aiogram.dispatcher   INFO     Start polling
2025.04.23 16:40:56 aiogram.dispatcher   INFO     Run polling for bot @dllmasterbot id=8095621527 - 'DLLMaster 🍊'
2025.04.23 16:40:56 aiogram.event        INFO     Update id=511761336 is handled. Duration 1 ms by bot id=8095621527
2025.04.23 16:41:01 aiogram.event        INFO     Update id=511761337 is handled. Duration 4 ms by bot id=8095621527
2025.04.23 16:41:05 aiogram.event        INFO     Update id=511761338 is handled. Duration 2 ms by bot id=8095621527
2025.04.23 16:41:06 aiogram.event        INFO     Update id=511761339 is handled. Duration 2 ms by bot id=8095621527
2025.04.23 16:41:33 aiogram.dispatcher   WARNING  Received SIGINT signal
2025.04.23 16:41:33 aiogram.dispatcher   INFO     Polling stopped for bot @dllmasterbot id=8095621527 - 'DLLMaster 🍊'
2025.04.23 16:41:33 aiogram.dispatcher   INFO     Polling stopped
2025.04.23 16:41:33 __main__             INFO     🛑 Polling stopped
2025.04.23 16:41:33 __main__             INFO     🔴 Bot stopped
2025.04.23 16:41:37 dotenv.main          WARNING  python-dotenv could not parse statement starting at line 5
2025.04.23 16:41:37 __main__             INFO     🤖 Starting bot...
2025.04.23 16:41:37 __main__             INFO     🚀 Starting bot initialization...
2025.04.23 16:41:38 __main__             INFO     ✅ Database initialized successfully
2025.04.23 16:41:38 core.spotify_handler INFO     Spotify API connection established.
2025.04.23 16:41:38 __main__             INFO     ✅ Spotify service initialized
2025.04.23 16:41:38 core.webprofile      INFO     Seçilmiş User-Agent: Mozilla/5.0 (X11; Linux x86_64) AppleWebKit/537.36 (KHTML, like Gecko) Chrome/122.0.0.0 Safari/537.36
2025.04.23 16:41:38 core.youtube_handler INFO     firefox brauzerindən cookies istifadə edilir.
2025.04.23 16:41:38 __main__             INFO     ✅ YouTube services initialized (firefox)
2025.04.23 16:41:38 __main__             INFO     🔌 Loading plugins...
2025.04.23 16:41:38 __main__             INFO     🔍 Scanning plugins in: plugins
2025.04.23 16:41:38 __main__             INFO     🔄 Loading: plugins.spotify_plugin
2025.04.23 16:41:38 __main__             INFO     ✅ Loaded (sync): plugins.spotify_plugin
2025.04.23 16:41:38 __main__             INFO     🔄 Loading: plugins.menu_plugin
2025.04.23 16:41:38 __main__             INFO     ✅ Loaded (sync): plugins.menu_plugin
2025.04.23 16:41:38 __main__             INFO     🔄 Loading: plugins.sudo_plugin
2025.04.23 16:41:38 __main__             INFO     ✅ Loaded (sync): plugins.sudo_plugin
2025.04.23 16:41:38 __main__             INFO     🔄 Loading: plugins.youtube_plugin
2025.04.23 16:41:38 __main__             INFO     ✅ Loaded (sync): plugins.youtube_plugin
2025.04.23 16:41:38 __main__             INFO     🔄 Loading: plugins.neofetch_plugin
2025.04.23 16:41:38 __main__             INFO     ✅ Loaded (sync): plugins.neofetch_plugin
2025.04.23 16:41:38 __main__             INFO     🔄 Loading: plugins.id_command
2025.04.23 16:41:38 plugins.id_command   INFO     ✅ info_command plugin successfully loaded
2025.04.23 16:41:38 __main__             INFO     ✅ Loaded (async): plugins.id_command
2025.04.23 16:41:38 __main__             INFO     🔄 Loading: plugins.report_plugin
2025.04.23 16:41:38 __main__             INFO     ✅ Loaded (async): plugins.report_plugin
2025.04.23 16:41:38 __main__             INFO     🔄 Loading: plugins.del_plugin
2025.04.23 16:41:38 __main__             INFO     ✅ Loaded (sync): plugins.del_plugin
2025.04.23 16:41:38 __main__             INFO     🔄 Loading: plugins.mutagen
2025.04.23 16:41:38 plugins.mutagen      INFO     ✅ Mutagen plugin loaded successfully
2025.04.23 16:41:38 __main__             INFO     ✅ Loaded (sync): plugins.mutagen
2025.04.23 16:41:38 __main__             INFO     🔄 Loading: plugins.music_plugin
2025.04.23 16:41:38 __main__             INFO     ✅ Loaded (sync): plugins.music_plugin
2025.04.23 16:41:38 __main__             INFO     🔄 Loading: plugins.start_plugin
2025.04.23 16:41:38 __main__             INFO     ✅ Loaded (async): plugins.start_plugin
2025.04.23 16:41:38 __main__             INFO     🔄 Loading: plugins.stats_plugin
2025.04.23 16:41:38 __main__             INFO     ✅ Loaded (sync): plugins.stats_plugin
2025.04.23 16:41:38 __main__             INFO     🔄 Loading: plugins.dir_plugin
2025.04.23 16:41:38 __main__             INFO     ✅ Loaded (sync): plugins.dir_plugin
2025.04.23 16:41:38 __main__             INFO     🔄 Loading: plugins.broadcast_plugin
2025.04.23 16:41:38 __main__             INFO     ✅ Loaded (sync): plugins.broadcast_plugin
2025.04.23 16:41:38 __main__             INFO     🔄 Loading: plugins.speedtest_plugin
2025.04.23 16:41:38 __main__             INFO     ✅ Loaded (sync): plugins.speedtest_plugin
2025.04.23 16:41:38 __main__             INFO     🔄 Loading: plugins.bot_logs
2025.04.23 16:41:38 __main__             INFO     ✅ Loaded (async): plugins.bot_logs
2025.04.23 16:41:38 __main__             INFO     🚀 Starting polling...
2025.04.23 16:41:38 aiogram.dispatcher   INFO     Start polling
2025.04.23 16:41:38 aiogram.dispatcher   INFO     Run polling for bot @dllmasterbot id=8095621527 - 'DLLMaster 🍊'
2025.04.23 16:41:41 aiogram.event        INFO     Update id=511761340 is handled. Duration 2 ms by bot id=8095621527
2025.04.23 16:42:20 aiogram.dispatcher   WARNING  Received SIGINT signal
2025.04.23 16:42:20 aiogram.dispatcher   INFO     Polling stopped for bot @dllmasterbot id=8095621527 - 'DLLMaster 🍊'
2025.04.23 16:42:20 aiogram.dispatcher   INFO     Polling stopped
2025.04.23 16:42:21 __main__             INFO     🛑 Polling stopped
2025.04.23 16:42:21 __main__             INFO     🔴 Bot stopped
2025.04.23 16:42:26 dotenv.main          WARNING  python-dotenv could not parse statement starting at line 5
2025.04.23 16:42:26 __main__             INFO     🤖 Starting bot...
2025.04.23 16:42:26 __main__             INFO     🚀 Starting bot initialization...
2025.04.23 16:42:26 __main__             INFO     ✅ Database initialized successfully
2025.04.23 16:42:26 core.spotify_handler INFO     Spotify API connection established.
2025.04.23 16:42:26 __main__             INFO     ✅ Spotify service initialized
2025.04.23 16:42:26 core.webprofile      INFO     Seçilmiş User-Agent: Mozilla/5.0 (Windows NT 10.0; Win64; x64) AppleWebKit/537.36 (KHTML, like Gecko) Edge/120.0.0.0 Safari/537.36
2025.04.23 16:42:26 core.youtube_handler INFO     firefox brauzerindən cookies istifadə edilir.
2025.04.23 16:42:26 __main__             INFO     ✅ YouTube services initialized (firefox)
2025.04.23 16:42:26 __main__             INFO     🔌 Loading plugins...
2025.04.23 16:42:26 __main__             INFO     🔍 Scanning plugins in: plugins
2025.04.23 16:42:26 __main__             INFO     🔄 Loading: plugins.spotify_plugin
2025.04.23 16:42:26 __main__             INFO     ✅ Loaded (sync): plugins.spotify_plugin
2025.04.23 16:42:26 __main__             INFO     🔄 Loading: plugins.menu_plugin
2025.04.23 16:42:26 __main__             INFO     ✅ Loaded (sync): plugins.menu_plugin
2025.04.23 16:42:26 __main__             INFO     🔄 Loading: plugins.sudo_plugin
2025.04.23 16:42:26 __main__             INFO     ✅ Loaded (sync): plugins.sudo_plugin
2025.04.23 16:42:26 __main__             INFO     🔄 Loading: plugins.youtube_plugin
2025.04.23 16:42:26 __main__             INFO     ✅ Loaded (sync): plugins.youtube_plugin
2025.04.23 16:42:26 __main__             INFO     🔄 Loading: plugins.neofetch_plugin
2025.04.23 16:42:26 __main__             INFO     ✅ Loaded (sync): plugins.neofetch_plugin
2025.04.23 16:42:26 __main__             INFO     🔄 Loading: plugins.id_command
2025.04.23 16:42:26 plugins.id_command   INFO     ✅ info_command plugin successfully loaded
2025.04.23 16:42:26 __main__             INFO     ✅ Loaded (async): plugins.id_command
2025.04.23 16:42:26 __main__             INFO     🔄 Loading: plugins.report_plugin
2025.04.23 16:42:26 __main__             INFO     ✅ Loaded (async): plugins.report_plugin
2025.04.23 16:42:26 __main__             INFO     🔄 Loading: plugins.del_plugin
2025.04.23 16:42:26 __main__             INFO     ✅ Loaded (sync): plugins.del_plugin
2025.04.23 16:42:26 __main__             INFO     🔄 Loading: plugins.mutagen
2025.04.23 16:42:26 plugins.mutagen      INFO     ✅ Mutagen plugin loaded successfully
2025.04.23 16:42:26 __main__             INFO     ✅ Loaded (sync): plugins.mutagen
2025.04.23 16:42:26 __main__             INFO     🔄 Loading: plugins.music_plugin
2025.04.23 16:42:26 __main__             INFO     ✅ Loaded (sync): plugins.music_plugin
2025.04.23 16:42:26 __main__             INFO     🔄 Loading: plugins.start_plugin
2025.04.23 16:42:26 __main__             INFO     ✅ Loaded (async): plugins.start_plugin
2025.04.23 16:42:26 __main__             INFO     🔄 Loading: plugins.stats_plugin
2025.04.23 16:42:26 __main__             INFO     ✅ Loaded (sync): plugins.stats_plugin
2025.04.23 16:42:26 __main__             INFO     🔄 Loading: plugins.dir_plugin
2025.04.23 16:42:26 __main__             INFO     ✅ Loaded (sync): plugins.dir_plugin
2025.04.23 16:42:26 __main__             INFO     🔄 Loading: plugins.broadcast_plugin
2025.04.23 16:42:26 __main__             INFO     ✅ Loaded (sync): plugins.broadcast_plugin
2025.04.23 16:42:26 __main__             INFO     🔄 Loading: plugins.speedtest_plugin
2025.04.23 16:42:26 __main__             INFO     ✅ Loaded (sync): plugins.speedtest_plugin
2025.04.23 16:42:26 __main__             INFO     🔄 Loading: plugins.bot_logs
2025.04.23 16:42:26 __main__             INFO     ✅ Loaded (async): plugins.bot_logs
2025.04.23 16:42:26 __main__             INFO     🚀 Starting polling...
2025.04.23 16:42:26 aiogram.dispatcher   INFO     Start polling
2025.04.23 16:42:26 aiogram.dispatcher   INFO     Run polling for bot @dllmasterbot id=8095621527 - 'DLLMaster 🍊'
2025.04.23 16:42:29 aiogram.event        INFO     Update id=511761341 is handled. Duration 2 ms by bot id=8095621527
2025.04.23 16:42:31 aiogram.event        INFO     Update id=511761342 is handled. Duration 1 ms by bot id=8095621527
2025.04.23 16:42:32 aiogram.event        INFO     Update id=511761343 is handled. Duration 2 ms by bot id=8095621527
2025.04.23 16:45:43 aiogram.event        INFO     Update id=511761344 is handled. Duration 1 ms by bot id=8095621527
2025.04.23 16:46:43 aiogram.event        INFO     Update id=511761345 is handled. Duration 1 ms by bot id=8095621527
2025.04.23 16:49:30 aiogram.event        INFO     Update id=511761346 is handled. Duration 1 ms by bot id=8095621527
2025.04.23 16:50:21 aiogram.event        INFO     Update id=511761347 is handled. Duration 1 ms by bot id=8095621527
2025.04.23 16:54:38 aiogram.event        INFO     Update id=511761348 is handled. Duration 1 ms by bot id=8095621527
2025.04.23 16:56:50 aiogram.event        INFO     Update id=511761349 is handled. Duration 1 ms by bot id=8095621527
2025.04.23 16:57:29 aiogram.event        INFO     Update id=511761350 is handled. Duration 1 ms by bot id=8095621527
2025.04.23 16:57:41 aiogram.event        INFO     Update id=511761351 is handled. Duration 5 ms by bot id=8095621527
2025.04.23 16:57:41 aiogram.event        INFO     Update id=511761357 is handled. Duration 4 ms by bot id=8095621527
2025.04.23 16:57:41 aiogram.event        INFO     Update id=511761352 is handled. Duration 5 ms by bot id=8095621527
2025.04.23 16:57:41 aiogram.event        INFO     Update id=511761353 is handled. Duration 5 ms by bot id=8095621527
2025.04.23 16:57:41 aiogram.event        INFO     Update id=511761354 is handled. Duration 5 ms by bot id=8095621527
2025.04.23 16:57:41 aiogram.event        INFO     Update id=511761355 is handled. Duration 5 ms by bot id=8095621527
2025.04.23 16:57:41 aiogram.event        INFO     Update id=511761356 is handled. Duration 5 ms by bot id=8095621527
2025.04.23 16:57:45 aiogram.event        INFO     Update id=511761358 is handled. Duration 1 ms by bot id=8095621527
2025.04.23 16:58:06 aiogram.event        INFO     Update id=511761359 is handled. Duration 4 ms by bot id=8095621527
2025.04.23 16:58:06 aiogram.event        INFO     Update id=511761365 is handled. Duration 4 ms by bot id=8095621527
2025.04.23 16:58:06 aiogram.event        INFO     Update id=511761360 is handled. Duration 5 ms by bot id=8095621527
2025.04.23 16:58:06 aiogram.event        INFO     Update id=511761361 is handled. Duration 5 ms by bot id=8095621527
2025.04.23 16:58:06 aiogram.event        INFO     Update id=511761362 is handled. Duration 5 ms by bot id=8095621527
2025.04.23 16:58:06 aiogram.event        INFO     Update id=511761363 is handled. Duration 5 ms by bot id=8095621527
2025.04.23 16:58:06 aiogram.event        INFO     Update id=511761364 is handled. Duration 5 ms by bot id=8095621527
2025.04.23 16:58:24 aiogram.event        INFO     Update id=511761366 is handled. Duration 1 ms by bot id=8095621527
2025.04.23 17:03:52 aiogram.dispatcher   WARNING  Received SIGINT signal
2025.04.23 17:03:52 aiogram.dispatcher   INFO     Polling stopped for bot @dllmasterbot id=8095621527 - 'DLLMaster 🍊'
2025.04.23 17:03:52 aiogram.dispatcher   INFO     Polling stopped
2025.04.23 17:03:52 __main__             INFO     🛑 Polling stopped
2025.04.23 17:03:52 __main__             INFO     🔴 Bot stopped
2025.04.23 17:05:56 dotenv.main          WARNING  python-dotenv could not parse statement starting at line 5
2025.04.23 17:05:56 __main__             INFO     🤖 Starting bot...
2025.04.23 17:05:56 __main__             INFO     🚀 Starting bot initialization...
2025.04.23 17:05:56 __main__             INFO     ✅ Database initialized successfully
2025.04.23 17:05:56 core.spotify_handler INFO     Spotify API connection established.
2025.04.23 17:05:56 __main__             INFO     ✅ Spotify service initialized
2025.04.23 17:05:56 core.webprofile      INFO     Seçilmiş User-Agent: Mozilla/5.0 (iPad; CPU OS 17_2 like Mac OS X) AppleWebKit/605.1.15 (KHTML, like Gecko) Version/17.2 Mobile/15E148 Safari/604.1
2025.04.23 17:05:56 core.youtube_handler INFO     firefox brauzerindən cookies istifadə edilir.
2025.04.23 17:05:56 __main__             INFO     ✅ YouTube services initialized (firefox)
2025.04.23 17:05:56 __main__             INFO     🔌 Loading plugins...
2025.04.23 17:05:56 __main__             INFO     🔍 Scanning plugins in: plugins
2025.04.23 17:05:56 __main__             INFO     🔄 Loading: plugins.spotify_plugin
2025.04.23 17:05:56 __main__             INFO     ✅ Loaded (sync): plugins.spotify_plugin
2025.04.23 17:05:56 __main__             INFO     🔄 Loading: plugins.menu_plugin
2025.04.23 17:05:56 __main__             INFO     ✅ Loaded (sync): plugins.menu_plugin
2025.04.23 17:05:56 __main__             INFO     🔄 Loading: plugins.sudo_plugin
2025.04.23 17:05:56 __main__             INFO     ✅ Loaded (sync): plugins.sudo_plugin
2025.04.23 17:05:56 __main__             INFO     🔄 Loading: plugins.youtube_plugin
2025.04.23 17:05:56 __main__             INFO     ✅ Loaded (sync): plugins.youtube_plugin
2025.04.23 17:05:56 __main__             INFO     🔄 Loading: plugins.neofetch_plugin
2025.04.23 17:05:56 __main__             INFO     ✅ Loaded (sync): plugins.neofetch_plugin
2025.04.23 17:05:56 __main__             INFO     🔄 Loading: plugins.id_command
2025.04.23 17:05:56 plugins.id_command   INFO     ✅ info_command plugin successfully loaded
2025.04.23 17:05:56 __main__             INFO     ✅ Loaded (async): plugins.id_command
2025.04.23 17:05:56 __main__             INFO     🔄 Loading: plugins.report_plugin
2025.04.23 17:05:56 __main__             INFO     ✅ Loaded (async): plugins.report_plugin
2025.04.23 17:05:56 __main__             INFO     🔄 Loading: plugins.del_plugin
2025.04.23 17:05:56 __main__             INFO     ✅ Loaded (sync): plugins.del_plugin
2025.04.23 17:05:56 __main__             INFO     🔄 Loading: plugins.mutagen
2025.04.23 17:05:56 plugins.mutagen      INFO     ✅ Mutagen plugin loaded successfully
2025.04.23 17:05:56 __main__             INFO     ✅ Loaded (sync): plugins.mutagen
2025.04.23 17:05:56 __main__             INFO     🔄 Loading: plugins.music_plugin
2025.04.23 17:05:56 __main__             INFO     ✅ Loaded (sync): plugins.music_plugin
2025.04.23 17:05:56 __main__             INFO     🔄 Loading: plugins.start_plugin
2025.04.23 17:05:56 __main__             INFO     ✅ Loaded (async): plugins.start_plugin
2025.04.23 17:05:56 __main__             INFO     🔄 Loading: plugins.stats_plugin
2025.04.23 17:05:56 __main__             INFO     ✅ Loaded (sync): plugins.stats_plugin
2025.04.23 17:05:56 __main__             INFO     🔄 Loading: plugins.dir_plugin
2025.04.23 17:05:56 __main__             INFO     ✅ Loaded (sync): plugins.dir_plugin
2025.04.23 17:05:56 __main__             INFO     🔄 Loading: plugins.broadcast_plugin
2025.04.23 17:05:56 __main__             INFO     ✅ Loaded (sync): plugins.broadcast_plugin
2025.04.23 17:05:56 __main__             INFO     🔄 Loading: plugins.speedtest_plugin
2025.04.23 17:05:56 __main__             INFO     ✅ Loaded (sync): plugins.speedtest_plugin
2025.04.23 17:05:56 __main__             INFO     🔄 Loading: plugins.bot_logs
2025.04.23 17:05:56 __main__             INFO     ✅ Loaded (async): plugins.bot_logs
2025.04.23 17:05:56 __main__             INFO     🚀 Starting polling...
2025.04.23 17:05:56 aiogram.dispatcher   INFO     Start polling
2025.04.23 17:05:56 aiogram.dispatcher   INFO     Run polling for bot @dllmasterbot id=8095621527 - 'DLLMaster 🍊'
2025.04.23 17:06:19 aiogram.event        INFO     Update id=511761367 is handled. Duration 2 ms by bot id=8095621527
2025.04.23 17:06:24 aiogram.event        INFO     Update id=511761368 is handled. Duration 63 ms by bot id=8095621527
2025.04.23 17:06:34 core.webprofile      INFO     firefox brauzerindən cookies istifadə edilir.
2025.04.23 17:06:34 core.webprofile      INFO     Seçilmiş User-Agent: Mozilla/5.0 (Windows NT 10.0; Win64; x64; rv:120.0) Gecko/20100101 Firefox/120.0
2025.04.23 17:06:40 aiogram.event        INFO     Update id=511761369 is handled. Duration 6042 ms by bot id=8095621527
2025.04.23 17:06:45 core.webprofile      INFO     firefox brauzerindən cookies istifadə edilir.
2025.04.23 17:06:45 core.webprofile      INFO     Seçilmiş User-Agent: Mozilla/5.0 (X11; Ubuntu; Linux x86_64; rv:120.0) Gecko/20100101 Firefox/120.0
2025.04.23 17:06:59 aiogram.event        INFO     Update id=511761370 is handled. Duration 14416 ms by bot id=8095621527
2025.04.23 17:08:09 aiogram.event        INFO     Update id=511761371 is not handled. Duration 0 ms by bot id=8095621527
2025.04.23 17:11:38 aiogram.dispatcher   WARNING  Received SIGINT signal
2025.04.23 17:11:38 aiogram.dispatcher   INFO     Polling stopped for bot @dllmasterbot id=8095621527 - 'DLLMaster 🍊'
2025.04.23 17:11:38 aiogram.dispatcher   INFO     Polling stopped
2025.04.23 17:11:39 __main__             INFO     🛑 Polling stopped
2025.04.23 17:11:39 __main__             INFO     🔴 Bot stopped
2025.04.23 17:11:44 dotenv.main          WARNING  python-dotenv could not parse statement starting at line 5
2025.04.23 17:11:44 __main__             INFO     🤖 Starting bot...
2025.04.23 17:11:44 __main__             INFO     🚀 Starting bot initialization...
2025.04.23 17:11:44 __main__             INFO     ✅ Database initialized successfully
2025.04.23 17:11:44 core.spotify_handler INFO     Spotify API connection established.
2025.04.23 17:11:44 __main__             INFO     ✅ Spotify service initialized
2025.04.23 17:11:44 core.webprofile      INFO     Seçilmiş User-Agent: Mozilla/5.0 (X11; Linux x86_64) AppleWebKit/537.36 (KHTML, like Gecko) Chrome/122.0.0.0 Safari/537.36
2025.04.23 17:11:44 core.youtube_handler INFO     firefox brauzerindən cookies istifadə edilir.
2025.04.23 17:11:44 __main__             INFO     ✅ YouTube services initialized (firefox)
2025.04.23 17:11:44 __main__             INFO     🔌 Loading plugins...
2025.04.23 17:11:44 __main__             INFO     🔍 Scanning plugins in: plugins
2025.04.23 17:11:44 __main__             INFO     🔄 Loading: plugins.spotify_plugin
2025.04.23 17:11:44 __main__             INFO     ✅ Loaded (sync): plugins.spotify_plugin
2025.04.23 17:11:44 __main__             INFO     🔄 Loading: plugins.menu_plugin
2025.04.23 17:11:44 __main__             INFO     ✅ Loaded (sync): plugins.menu_plugin
2025.04.23 17:11:44 __main__             INFO     🔄 Loading: plugins.sudo_plugin
2025.04.23 17:11:44 __main__             INFO     ✅ Loaded (sync): plugins.sudo_plugin
2025.04.23 17:11:44 __main__             INFO     🔄 Loading: plugins.youtube_plugin
2025.04.23 17:11:44 __main__             INFO     ✅ Loaded (sync): plugins.youtube_plugin
2025.04.23 17:11:44 __main__             INFO     🔄 Loading: plugins.neofetch_plugin
2025.04.23 17:11:44 __main__             INFO     ✅ Loaded (sync): plugins.neofetch_plugin
2025.04.23 17:11:44 __main__             INFO     🔄 Loading: plugins.id_command
2025.04.23 17:11:44 plugins.id_command   INFO     ✅ info_command plugin successfully loaded
2025.04.23 17:11:44 __main__             INFO     ✅ Loaded (async): plugins.id_command
2025.04.23 17:11:44 __main__             INFO     🔄 Loading: plugins.report_plugin
2025.04.23 17:11:44 __main__             INFO     ✅ Loaded (async): plugins.report_plugin
2025.04.23 17:11:44 __main__             INFO     🔄 Loading: plugins.del_plugin
2025.04.23 17:11:44 __main__             INFO     ✅ Loaded (sync): plugins.del_plugin
2025.04.23 17:11:44 __main__             INFO     🔄 Loading: plugins.mutagen
2025.04.23 17:11:44 plugins.mutagen      INFO     ✅ Mutagen plugin loaded successfully
2025.04.23 17:11:44 __main__             INFO     ✅ Loaded (sync): plugins.mutagen
2025.04.23 17:11:44 __main__             INFO     🔄 Loading: plugins.music_plugin
2025.04.23 17:11:44 __main__             INFO     ✅ Loaded (sync): plugins.music_plugin
2025.04.23 17:11:44 __main__             INFO     🔄 Loading: plugins.start_plugin
2025.04.23 17:11:44 __main__             INFO     ✅ Loaded (async): plugins.start_plugin
2025.04.23 17:11:44 __main__             INFO     🔄 Loading: plugins.stats_plugin
2025.04.23 17:11:44 __main__             INFO     ✅ Loaded (sync): plugins.stats_plugin
2025.04.23 17:11:44 __main__             INFO     🔄 Loading: plugins.dir_plugin
2025.04.23 17:11:44 __main__             INFO     ✅ Loaded (sync): plugins.dir_plugin
2025.04.23 17:11:44 __main__             INFO     🔄 Loading: plugins.broadcast_plugin
2025.04.23 17:11:44 __main__             INFO     ✅ Loaded (sync): plugins.broadcast_plugin
2025.04.23 17:11:44 __main__             INFO     🔄 Loading: plugins.speedtest_plugin
2025.04.23 17:11:44 __main__             INFO     ✅ Loaded (sync): plugins.speedtest_plugin
2025.04.23 17:11:44 __main__             INFO     🔄 Loading: plugins.bot_logs
2025.04.23 17:11:44 __main__             INFO     ✅ Loaded (async): plugins.bot_logs
2025.04.23 17:11:44 __main__             INFO     🚀 Starting polling...
2025.04.23 17:11:44 aiogram.dispatcher   INFO     Start polling
2025.04.23 17:11:44 aiogram.dispatcher   INFO     Run polling for bot @dllmasterbot id=8095621527 - 'DLLMaster 🍊'
2025.04.23 17:16:31 aiogram.dispatcher   WARNING  Received SIGINT signal
2025.04.23 17:16:31 aiogram.dispatcher   INFO     Polling stopped for bot @dllmasterbot id=8095621527 - 'DLLMaster 🍊'
2025.04.23 17:16:31 aiogram.dispatcher   INFO     Polling stopped
2025.04.23 17:16:32 __main__             INFO     🛑 Polling stopped
2025.04.23 17:16:32 __main__             INFO     🔴 Bot stopped
2025.04.23 17:16:37 dotenv.main          WARNING  python-dotenv could not parse statement starting at line 5
2025.04.23 17:16:37 __main__             INFO     🤖 Starting bot...
2025.04.23 17:16:37 __main__             INFO     🚀 Starting bot initialization...
2025.04.23 17:16:37 __main__             CRITICAL 💥 Fatal error: name 'Router' is not defined
Traceback (most recent call last):
  File "/home/admin/DLMaster/app.py", line 123, in main
    context = AppContext()
              ^^^^^^^^^^^^
  File "/home/admin/DLMaster/app.py", line 28, in __init__
    self.main_router = Router()
                       ^^^^^^
NameError: name 'Router' is not defined
2025.04.23 17:16:37 __main__             INFO     🔴 Bot stopped
2025.04.23 17:18:06 dotenv.main          WARNING  python-dotenv could not parse statement starting at line 5
2025.04.23 17:18:06 __main__             INFO     🤖 Starting bot...
2025.04.23 17:18:06 __main__             INFO     🚀 Starting bot initialization...
2025.04.23 17:18:06 __main__             INFO     ✅ Database initialized successfully
2025.04.23 17:18:06 core.spotify_handler INFO     Spotify API connection established.
2025.04.23 17:18:06 __main__             INFO     ✅ Spotify service initialized
2025.04.23 17:18:06 core.webprofile      INFO     Seçilmiş User-Agent: Mozilla/5.0 (Windows NT 10.0; Win64; x64; rv:120.0) Gecko/20100101 Firefox/120.0
2025.04.23 17:18:06 core.youtube_handler INFO     firefox brauzerindən cookies istifadə edilir.
2025.04.23 17:18:06 __main__             INFO     ✅ YouTube services initialized (firefox)
2025.04.23 17:18:06 __main__             INFO     🔌 Loading plugins...
2025.04.23 17:18:06 __main__             INFO     🔍 Scanning plugins in: plugins
2025.04.23 17:18:06 __main__             INFO     🔄 Loading: plugins.spotify_plugin
2025.04.23 17:18:06 __main__             INFO     ✅ Loaded (sync): plugins.spotify_plugin
2025.04.23 17:18:06 __main__             INFO     🔄 Loading: plugins.menu_plugin
2025.04.23 17:18:06 __main__             INFO     ✅ Loaded (sync): plugins.menu_plugin
2025.04.23 17:18:06 __main__             INFO     🔄 Loading: plugins.sudo_plugin
2025.04.23 17:18:06 __main__             INFO     ✅ Loaded (sync): plugins.sudo_plugin
2025.04.23 17:18:06 __main__             INFO     🔄 Loading: plugins.youtube_plugin
2025.04.23 17:18:06 __main__             INFO     ✅ Loaded (sync): plugins.youtube_plugin
2025.04.23 17:18:06 __main__             INFO     🔄 Loading: plugins.neofetch_plugin
2025.04.23 17:18:06 __main__             INFO     ✅ Loaded (sync): plugins.neofetch_plugin
2025.04.23 17:18:06 __main__             INFO     🔄 Loading: plugins.id_command
2025.04.23 17:18:06 plugins.id_command   INFO     ✅ info_command plugin successfully loaded
2025.04.23 17:18:06 __main__             INFO     ✅ Loaded (async): plugins.id_command
2025.04.23 17:18:06 __main__             INFO     🔄 Loading: plugins.report_plugin
2025.04.23 17:18:06 __main__             INFO     ✅ Loaded (async): plugins.report_plugin
2025.04.23 17:18:06 __main__             INFO     🔄 Loading: plugins.del_plugin
2025.04.23 17:18:06 __main__             INFO     ✅ Loaded (sync): plugins.del_plugin
2025.04.23 17:18:06 __main__             INFO     🔄 Loading: plugins.mutagen
2025.04.23 17:18:06 plugins.mutagen      INFO     ✅ Mutagen plugin loaded successfully
2025.04.23 17:18:06 __main__             INFO     ✅ Loaded (sync): plugins.mutagen
2025.04.23 17:18:06 __main__             INFO     🔄 Loading: plugins.music_plugin
2025.04.23 17:18:06 __main__             INFO     ✅ Loaded (sync): plugins.music_plugin
2025.04.23 17:18:06 __main__             INFO     🔄 Loading: plugins.start_plugin
2025.04.23 17:18:06 __main__             INFO     ✅ Loaded (async): plugins.start_plugin
2025.04.23 17:18:06 __main__             INFO     🔄 Loading: plugins.stats_plugin
2025.04.23 17:18:06 __main__             INFO     ✅ Loaded (sync): plugins.stats_plugin
2025.04.23 17:18:06 __main__             INFO     🔄 Loading: plugins.dir_plugin
2025.04.23 17:18:06 __main__             INFO     ✅ Loaded (sync): plugins.dir_plugin
2025.04.23 17:18:06 __main__             INFO     🔄 Loading: plugins.broadcast_plugin
2025.04.23 17:18:06 __main__             INFO     ✅ Loaded (sync): plugins.broadcast_plugin
2025.04.23 17:18:06 __main__             INFO     🔄 Loading: plugins.speedtest_plugin
2025.04.23 17:18:06 __main__             INFO     ✅ Loaded (sync): plugins.speedtest_plugin
2025.04.23 17:18:06 __main__             INFO     🔄 Loading: plugins.bot_logs
2025.04.23 17:18:06 __main__             INFO     ✅ Loaded (async): plugins.bot_logs
2025.04.23 17:18:06 __main__             INFO     🚀 Starting polling...
2025.04.23 17:18:06 aiogram.dispatcher   INFO     Start polling
2025.04.23 17:18:06 aiogram.dispatcher   INFO     Run polling for bot @dllmasterbot id=8095621527 - 'DLLMaster 🍊'
2025.04.23 17:18:11 aiogram.event        INFO     Update id=511761372 is handled. Duration 2 ms by bot id=8095621527
2025.04.23 17:18:17 aiogram.event        INFO     Update id=511761373 is handled. Duration 220 ms by bot id=8095621527
2025.04.23 17:18:19 aiogram.event        INFO     Update id=511761374 is handled. Duration 192 ms by bot id=8095621527
2025.04.23 17:18:23 aiogram.event        INFO     Update id=511761375 is handled. Duration 61 ms by bot id=8095621527
2025.04.23 17:18:25 aiogram.event        INFO     Update id=511761376 is handled. Duration 76 ms by bot id=8095621527
2025.04.23 17:18:26 aiogram.event        INFO     Update id=511761377 is handled. Duration 46 ms by bot id=8095621527
2025.04.23 17:18:26 aiogram.event        INFO     Update id=511761378 is handled. Duration 55 ms by bot id=8095621527
2025.04.23 17:18:26 aiogram.event        INFO     Update id=511761379 is handled. Duration 45 ms by bot id=8095621527
2025.04.23 17:18:27 aiogram.event        INFO     Update id=511761380 is handled. Duration 52 ms by bot id=8095621527
2025.04.23 17:18:31 aiogram.event        INFO     Update id=511761381 is handled. Duration 47 ms by bot id=8095621527
2025.04.23 17:18:32 aiogram.event        INFO     Update id=511761382 is handled. Duration 58 ms by bot id=8095621527
2025.04.23 17:18:33 aiogram.event        INFO     Update id=511761383 is handled. Duration 69 ms by bot id=8095621527
2025.04.23 17:18:33 aiogram.event        INFO     Update id=511761384 is handled. Duration 158 ms by bot id=8095621527
2025.04.23 17:18:34 aiogram.event        INFO     Update id=511761385 is handled. Duration 111 ms by bot id=8095621527
2025.04.23 17:18:36 aiogram.event        INFO     Update id=511761386 is handled. Duration 36 ms by bot id=8095621527
2025.04.23 17:18:55 aiogram.event        INFO     Update id=511761389 is handled. Duration 3 ms by bot id=8095621527
2025.04.23 17:18:55 aiogram.event        INFO     Update id=511761387 is handled. Duration 4 ms by bot id=8095621527
2025.04.23 17:18:55 aiogram.event        INFO     Update id=511761388 is handled. Duration 4 ms by bot id=8095621527
2025.04.23 17:18:55 aiogram.event        INFO     Update id=511761390 is handled. Duration 3 ms by bot id=8095621527
2025.04.23 17:19:19 aiogram.event        INFO     Update id=511761391 is handled. Duration 2 ms by bot id=8095621527
2025.04.23 17:21:02 aiogram.event        INFO     Update id=511761392 is handled. Duration 1 ms by bot id=8095621527
2025.04.23 17:21:13 aiogram.event        INFO     Update id=511761393 is handled. Duration 1 ms by bot id=8095621527
2025.04.23 17:22:03 aiogram.dispatcher   WARNING  Received SIGINT signal
2025.04.23 17:22:03 aiogram.dispatcher   INFO     Polling stopped for bot @dllmasterbot id=8095621527 - 'DLLMaster 🍊'
2025.04.23 17:22:03 aiogram.dispatcher   INFO     Polling stopped
2025.04.23 17:22:03 __main__             INFO     🛑 Polling stopped
2025.04.23 17:22:03 __main__             INFO     🔴 Bot stopped
2025.04.23 17:22:08 dotenv.main          WARNING  python-dotenv could not parse statement starting at line 5
2025.04.23 17:22:08 __main__             INFO     🤖 Starting bot...
2025.04.23 17:22:08 __main__             INFO     🚀 Starting bot initialization...
2025.04.23 17:22:08 __main__             INFO     ✅ Database initialized successfully
2025.04.23 17:22:08 core.spotify_handler INFO     Spotify API connection established.
2025.04.23 17:22:08 __main__             INFO     ✅ Spotify service initialized
2025.04.23 17:22:08 core.webprofile      INFO     Seçilmiş User-Agent: Mozilla/5.0 (X11; Linux x86_64) AppleWebKit/537.36 (KHTML, like Gecko) Chrome/122.0.0.0 Safari/537.36
2025.04.23 17:22:08 core.youtube_handler INFO     firefox brauzerindən cookies istifadə edilir.
2025.04.23 17:22:08 __main__             INFO     ✅ YouTube services initialized (firefox)
2025.04.23 17:22:08 __main__             INFO     🔌 Loading plugins...
2025.04.23 17:22:08 __main__             INFO     🔍 Scanning plugins in: plugins
2025.04.23 17:22:08 __main__             INFO     🔄 Loading: plugins.spotify_plugin
2025.04.23 17:22:08 __main__             INFO     ✅ Loaded (sync): plugins.spotify_plugin
2025.04.23 17:22:08 __main__             INFO     🔄 Loading: plugins.menu_plugin
2025.04.23 17:22:08 __main__             INFO     ✅ Loaded (sync): plugins.menu_plugin
2025.04.23 17:22:08 __main__             INFO     🔄 Loading: plugins.sudo_plugin
2025.04.23 17:22:08 __main__             INFO     ✅ Loaded (sync): plugins.sudo_plugin
2025.04.23 17:22:08 __main__             INFO     🔄 Loading: plugins.youtube_plugin
2025.04.23 17:22:08 __main__             INFO     ✅ Loaded (sync): plugins.youtube_plugin
2025.04.23 17:22:08 __main__             INFO     🔄 Loading: plugins.neofetch_plugin
2025.04.23 17:22:08 __main__             INFO     ✅ Loaded (sync): plugins.neofetch_plugin
2025.04.23 17:22:08 __main__             INFO     🔄 Loading: plugins.id_command
2025.04.23 17:22:08 plugins.id_command   INFO     ✅ info_command plugin successfully loaded
2025.04.23 17:22:08 __main__             INFO     ✅ Loaded (async): plugins.id_command
2025.04.23 17:22:08 __main__             INFO     🔄 Loading: plugins.report_plugin
2025.04.23 17:22:08 __main__             INFO     ✅ Loaded (async): plugins.report_plugin
2025.04.23 17:22:08 __main__             INFO     🔄 Loading: plugins.del_plugin
2025.04.23 17:22:08 __main__             INFO     ✅ Loaded (sync): plugins.del_plugin
2025.04.23 17:22:08 __main__             INFO     🔄 Loading: plugins.mutagen
2025.04.23 17:22:08 plugins.mutagen      INFO     ✅ Mutagen plugin loaded successfully
2025.04.23 17:22:08 __main__             INFO     ✅ Loaded (sync): plugins.mutagen
2025.04.23 17:22:08 __main__             INFO     🔄 Loading: plugins.music_plugin
2025.04.23 17:22:08 __main__             INFO     ✅ Loaded (sync): plugins.music_plugin
2025.04.23 17:22:08 __main__             INFO     🔄 Loading: plugins.start_plugin
2025.04.23 17:22:08 __main__             INFO     ✅ Loaded (async): plugins.start_plugin
2025.04.23 17:22:08 __main__             INFO     🔄 Loading: plugins.stats_plugin
2025.04.23 17:22:08 __main__             INFO     ✅ Loaded (sync): plugins.stats_plugin
2025.04.23 17:22:08 __main__             INFO     🔄 Loading: plugins.dir_plugin
2025.04.23 17:22:08 __main__             INFO     ✅ Loaded (sync): plugins.dir_plugin
2025.04.23 17:22:08 __main__             INFO     🔄 Loading: plugins.broadcast_plugin
2025.04.23 17:22:08 __main__             INFO     ✅ Loaded (sync): plugins.broadcast_plugin
2025.04.23 17:22:08 __main__             INFO     🔄 Loading: plugins.speedtest_plugin
2025.04.23 17:22:08 __main__             INFO     ✅ Loaded (sync): plugins.speedtest_plugin
2025.04.23 17:22:08 __main__             INFO     🔄 Loading: plugins.bot_logs
2025.04.23 17:22:08 __main__             ERROR    ❌ Failed to load plugins.bot_logs: 'AppContext' object has no attribute 'app_context'
Traceback (most recent call last):
  File "/home/admin/DLMaster/app.py", line 99, in load_plugins
    await module.setup(context)
  File "/home/admin/DLMaster/plugins/bot_logs.py", line 15, in setup
    context.app_context.main_router.include_router(router)
    ^^^^^^^^^^^^^^^^^^^
AttributeError: 'AppContext' object has no attribute 'app_context'
2025.04.23 17:22:08 __main__             INFO     🚀 Starting polling...
2025.04.23 17:22:08 aiogram.dispatcher   INFO     Start polling
2025.04.23 17:22:08 aiogram.dispatcher   INFO     Run polling for bot @dllmasterbot id=8095621527 - 'DLLMaster 🍊'
2025.04.23 17:22:41 aiogram.event        INFO     Update id=511761394 is handled. Duration 1 ms by bot id=8095621527
2025.04.23 17:22:59 aiogram.dispatcher   WARNING  Received SIGINT signal
2025.04.23 17:22:59 aiogram.dispatcher   INFO     Polling stopped for bot @dllmasterbot id=8095621527 - 'DLLMaster 🍊'
2025.04.23 17:22:59 aiogram.dispatcher   INFO     Polling stopped
2025.04.23 17:22:59 __main__             INFO     🛑 Polling stopped
2025.04.23 17:22:59 __main__             INFO     🔴 Bot stopped
2025.04.23 17:23:04 dotenv.main          WARNING  python-dotenv could not parse statement starting at line 5
2025.04.23 17:23:04 __main__             INFO     🤖 Starting bot...
2025.04.23 17:23:04 __main__             INFO     🚀 Starting bot initialization...
2025.04.23 17:23:04 __main__             INFO     ✅ Database initialized successfully
2025.04.23 17:23:04 core.spotify_handler INFO     Spotify API connection established.
2025.04.23 17:23:04 __main__             INFO     ✅ Spotify service initialized
2025.04.23 17:23:04 core.webprofile      INFO     Seçilmiş User-Agent: Mozilla/5.0 (iPad; CPU OS 17_2 like Mac OS X) AppleWebKit/605.1.15 (KHTML, like Gecko) Version/17.2 Mobile/15E148 Safari/604.1
2025.04.23 17:23:04 core.youtube_handler INFO     firefox brauzerindən cookies istifadə edilir.
2025.04.23 17:23:04 __main__             INFO     ✅ YouTube services initialized (firefox)
2025.04.23 17:23:04 __main__             INFO     🔌 Loading plugins...
2025.04.23 17:23:04 __main__             INFO     🔍 Scanning plugins in: plugins
2025.04.23 17:23:04 __main__             INFO     🔄 Loading: plugins.spotify_plugin
2025.04.23 17:23:04 __main__             INFO     ✅ Loaded (sync): plugins.spotify_plugin
2025.04.23 17:23:04 __main__             INFO     🔄 Loading: plugins.menu_plugin
2025.04.23 17:23:04 __main__             INFO     ✅ Loaded (sync): plugins.menu_plugin
2025.04.23 17:23:04 __main__             INFO     🔄 Loading: plugins.sudo_plugin
2025.04.23 17:23:04 __main__             INFO     ✅ Loaded (sync): plugins.sudo_plugin
2025.04.23 17:23:04 __main__             INFO     🔄 Loading: plugins.youtube_plugin
2025.04.23 17:23:04 __main__             INFO     ✅ Loaded (sync): plugins.youtube_plugin
2025.04.23 17:23:04 __main__             INFO     🔄 Loading: plugins.neofetch_plugin
2025.04.23 17:23:04 __main__             INFO     ✅ Loaded (sync): plugins.neofetch_plugin
2025.04.23 17:23:04 __main__             INFO     🔄 Loading: plugins.id_command
2025.04.23 17:23:04 plugins.id_command   INFO     ✅ info_command plugin successfully loaded
2025.04.23 17:23:04 __main__             INFO     ✅ Loaded (async): plugins.id_command
2025.04.23 17:23:04 __main__             INFO     🔄 Loading: plugins.report_plugin
2025.04.23 17:23:04 __main__             INFO     ✅ Loaded (async): plugins.report_plugin
2025.04.23 17:23:04 __main__             INFO     🔄 Loading: plugins.del_plugin
2025.04.23 17:23:04 __main__             INFO     ✅ Loaded (sync): plugins.del_plugin
2025.04.23 17:23:04 __main__             INFO     🔄 Loading: plugins.mutagen
2025.04.23 17:23:04 plugins.mutagen      INFO     ✅ Mutagen plugin loaded successfully
2025.04.23 17:23:04 __main__             INFO     ✅ Loaded (sync): plugins.mutagen
2025.04.23 17:23:04 __main__             INFO     🔄 Loading: plugins.music_plugin
2025.04.23 17:23:04 __main__             INFO     ✅ Loaded (sync): plugins.music_plugin
2025.04.23 17:23:04 __main__             INFO     🔄 Loading: plugins.start_plugin
2025.04.23 17:23:04 __main__             INFO     ✅ Loaded (async): plugins.start_plugin
2025.04.23 17:23:04 __main__             INFO     🔄 Loading: plugins.stats_plugin
2025.04.23 17:23:04 __main__             INFO     ✅ Loaded (sync): plugins.stats_plugin
2025.04.23 17:23:04 __main__             INFO     🔄 Loading: plugins.dir_plugin
2025.04.23 17:23:04 __main__             INFO     ✅ Loaded (sync): plugins.dir_plugin
2025.04.23 17:23:04 __main__             INFO     🔄 Loading: plugins.broadcast_plugin
2025.04.23 17:23:04 __main__             INFO     ✅ Loaded (sync): plugins.broadcast_plugin
2025.04.23 17:23:04 __main__             INFO     🔄 Loading: plugins.speedtest_plugin
2025.04.23 17:23:04 __main__             INFO     ✅ Loaded (sync): plugins.speedtest_plugin
2025.04.23 17:23:04 __main__             INFO     🔄 Loading: plugins.bot_logs
2025.04.23 17:23:04 plugins.bot_logs     INFO     ✅ Logs and Profile plugin loaded
2025.04.23 17:23:04 __main__             INFO     ✅ Loaded (async): plugins.bot_logs
2025.04.23 17:23:04 __main__             INFO     🚀 Starting polling...
2025.04.23 17:23:04 aiogram.dispatcher   INFO     Start polling
2025.04.23 17:23:04 aiogram.dispatcher   INFO     Run polling for bot @dllmasterbot id=8095621527 - 'DLLMaster 🍊'
2025.04.23 17:23:12 aiogram.event        INFO     Update id=511761395 is handled. Duration 148 ms by bot id=8095621527
2025.04.23 17:23:14 aiogram.event        INFO     Update id=511761396 is handled. Duration 163 ms by bot id=8095621527
2025.04.23 17:23:17 aiogram.event        INFO     Update id=511761397 is handled. Duration 1 ms by bot id=8095621527
2025.04.23 17:23:34 aiogram.event        INFO     Update id=511761398 is handled. Duration 1 ms by bot id=8095621527
2025.04.23 17:23:45 aiogram.event        INFO     Update id=511761399 is handled. Duration 186 ms by bot id=8095621527
2025.04.23 17:23:49 aiogram.event        INFO     Update id=511761400 is handled. Duration 246 ms by bot id=8095621527
2025.04.23 17:27:16 aiogram.event        INFO     Update id=511761401 is handled. Duration 1 ms by bot id=8095621527
2025.04.23 17:27:58 aiogram.event        INFO     Update id=511761402 is handled. Duration 1 ms by bot id=8095621527
2025.04.23 17:28:13 aiogram.event        INFO     Update id=511761403 is handled. Duration 1 ms by bot id=8095621527
2025.04.23 17:28:15 aiogram.dispatcher   WARNING  Received SIGINT signal
2025.04.23 17:28:15 aiogram.dispatcher   INFO     Polling stopped for bot @dllmasterbot id=8095621527 - 'DLLMaster 🍊'
2025.04.23 17:28:15 aiogram.dispatcher   INFO     Polling stopped
2025.04.23 17:28:15 __main__             INFO     🛑 Polling stopped
2025.04.23 17:28:15 __main__             INFO     🔴 Bot stopped
2025.04.23 17:28:20 dotenv.main          WARNING  python-dotenv could not parse statement starting at line 5
2025.04.23 17:28:20 __main__             INFO     🤖 Starting bot...
2025.04.23 17:28:20 __main__             INFO     🚀 Starting bot initialization...
2025.04.23 17:28:20 __main__             INFO     ✅ Database initialized successfully
2025.04.23 17:28:20 core.spotify_handler INFO     Spotify API connection established.
2025.04.23 17:28:20 __main__             INFO     ✅ Spotify service initialized
2025.04.23 17:28:20 core.webprofile      INFO     Seçilmiş User-Agent: Mozilla/5.0 (iPhone; CPU iPhone OS 17_2 like Mac OS X) AppleWebKit/605.1.15 (KHTML, like Gecko) Version/17.2 Mobile/15E148 Safari/604.1
2025.04.23 17:28:20 core.youtube_handler INFO     firefox brauzerindən cookies istifadə edilir.
2025.04.23 17:28:20 __main__             INFO     ✅ YouTube services initialized (firefox)
2025.04.23 17:28:20 __main__             INFO     🔌 Loading plugins...
2025.04.23 17:28:20 __main__             INFO     🔍 Scanning plugins in: plugins
2025.04.23 17:28:20 __main__             INFO     🔄 Loading: plugins.spotify_plugin
2025.04.23 17:28:20 __main__             INFO     ✅ Loaded (sync): plugins.spotify_plugin
2025.04.23 17:28:20 __main__             INFO     🔄 Loading: plugins.menu_plugin
2025.04.23 17:28:20 __main__             INFO     ✅ Loaded (sync): plugins.menu_plugin
2025.04.23 17:28:20 __main__             INFO     🔄 Loading: plugins.sudo_plugin
2025.04.23 17:28:20 __main__             INFO     ✅ Loaded (sync): plugins.sudo_plugin
2025.04.23 17:28:20 __main__             INFO     🔄 Loading: plugins.youtube_plugin
2025.04.23 17:28:20 __main__             INFO     ✅ Loaded (sync): plugins.youtube_plugin
2025.04.23 17:28:20 __main__             INFO     🔄 Loading: plugins.neofetch_plugin
2025.04.23 17:28:20 __main__             INFO     ✅ Loaded (sync): plugins.neofetch_plugin
2025.04.23 17:28:20 __main__             INFO     🔄 Loading: plugins.id_command
2025.04.23 17:28:20 plugins.id_command   INFO     ✅ info_command plugin successfully loaded
2025.04.23 17:28:20 __main__             INFO     ✅ Loaded (async): plugins.id_command
2025.04.23 17:28:20 __main__             INFO     🔄 Loading: plugins.report_plugin
2025.04.23 17:28:20 __main__             INFO     ✅ Loaded (async): plugins.report_plugin
2025.04.23 17:28:20 __main__             INFO     🔄 Loading: plugins.del_plugin
2025.04.23 17:28:20 __main__             INFO     ✅ Loaded (sync): plugins.del_plugin
2025.04.23 17:28:20 __main__             INFO     🔄 Loading: plugins.mutagen
2025.04.23 17:28:20 plugins.mutagen      INFO     ✅ Mutagen plugin loaded successfully
2025.04.23 17:28:20 __main__             INFO     ✅ Loaded (sync): plugins.mutagen
2025.04.23 17:28:20 __main__             INFO     🔄 Loading: plugins.music_plugin
2025.04.23 17:28:20 __main__             INFO     ✅ Loaded (sync): plugins.music_plugin
2025.04.23 17:28:20 __main__             INFO     🔄 Loading: plugins.start_plugin
2025.04.23 17:28:20 __main__             INFO     ✅ Loaded (async): plugins.start_plugin
2025.04.23 17:28:20 __main__             INFO     🔄 Loading: plugins.stats_plugin
2025.04.23 17:28:20 __main__             INFO     ✅ Loaded (sync): plugins.stats_plugin
2025.04.23 17:28:20 __main__             INFO     🔄 Loading: plugins.dir_plugin
2025.04.23 17:28:20 __main__             INFO     ✅ Loaded (sync): plugins.dir_plugin
2025.04.23 17:28:20 __main__             INFO     🔄 Loading: plugins.broadcast_plugin
2025.04.23 17:28:20 __main__             INFO     ✅ Loaded (sync): plugins.broadcast_plugin
2025.04.23 17:28:20 __main__             INFO     🔄 Loading: plugins.speedtest_plugin
2025.04.23 17:28:20 __main__             INFO     ✅ Loaded (sync): plugins.speedtest_plugin
2025.04.23 17:28:20 __main__             INFO     🔄 Loading: plugins.profile
2025.04.23 17:28:20 plugins.profile      INFO     ✅ Profile plugin loaded
2025.04.23 17:28:20 __main__             INFO     ✅ Loaded (async): plugins.profile
2025.04.23 17:28:20 __main__             INFO     🔄 Loading: plugins.bot_logs
2025.04.23 17:28:20 __main__             ERROR    ❌ Failed to load plugins.bot_logs: name 'send_profile_command' is not defined
Traceback (most recent call last):
  File "/home/admin/DLMaster/app.py", line 99, in load_plugins
    await module.setup(context)
  File "/home/admin/DLMaster/plugins/bot_logs.py", line 14, in setup
    router.message.register(send_profile_command, Command("profile"))
                            ^^^^^^^^^^^^^^^^^^^^
NameError: name 'send_profile_command' is not defined
2025.04.23 17:28:20 __main__             INFO     🚀 Starting polling...
2025.04.23 17:28:20 aiogram.dispatcher   INFO     Start polling
2025.04.23 17:28:20 aiogram.dispatcher   INFO     Run polling for bot @dllmasterbot id=8095621527 - 'DLLMaster 🍊'
2025.04.23 17:28:53 aiogram.event        INFO     Update id=511761404 is handled. Duration 1 ms by bot id=8095621527
2025.04.23 17:29:01 aiogram.dispatcher   WARNING  Received SIGINT signal
2025.04.23 17:29:01 aiogram.dispatcher   INFO     Polling stopped for bot @dllmasterbot id=8095621527 - 'DLLMaster 🍊'
2025.04.23 17:29:01 aiogram.dispatcher   INFO     Polling stopped
2025.04.23 17:29:01 __main__             INFO     🛑 Polling stopped
2025.04.23 17:29:01 __main__             INFO     🔴 Bot stopped
2025.04.23 17:29:06 dotenv.main          WARNING  python-dotenv could not parse statement starting at line 5
2025.04.23 17:29:06 __main__             INFO     🤖 Starting bot...
2025.04.23 17:29:06 __main__             INFO     🚀 Starting bot initialization...
2025.04.23 17:29:06 __main__             INFO     ✅ Database initialized successfully
2025.04.23 17:29:06 core.spotify_handler INFO     Spotify API connection established.
2025.04.23 17:29:06 __main__             INFO     ✅ Spotify service initialized
2025.04.23 17:29:06 core.webprofile      INFO     Seçilmiş User-Agent: Mozilla/5.0 (Windows NT 10.0; Win64; x64; rv:120.0) Gecko/20100101 Firefox/120.0
2025.04.23 17:29:06 core.youtube_handler INFO     firefox brauzerindən cookies istifadə edilir.
2025.04.23 17:29:06 __main__             INFO     ✅ YouTube services initialized (firefox)
2025.04.23 17:29:06 __main__             INFO     🔌 Loading plugins...
2025.04.23 17:29:06 __main__             INFO     🔍 Scanning plugins in: plugins
2025.04.23 17:29:06 __main__             INFO     🔄 Loading: plugins.spotify_plugin
2025.04.23 17:29:06 __main__             INFO     ✅ Loaded (sync): plugins.spotify_plugin
2025.04.23 17:29:06 __main__             INFO     🔄 Loading: plugins.menu_plugin
2025.04.23 17:29:06 __main__             INFO     ✅ Loaded (sync): plugins.menu_plugin
2025.04.23 17:29:06 __main__             INFO     🔄 Loading: plugins.sudo_plugin
2025.04.23 17:29:06 __main__             INFO     ✅ Loaded (sync): plugins.sudo_plugin
2025.04.23 17:29:06 __main__             INFO     🔄 Loading: plugins.youtube_plugin
2025.04.23 17:29:06 __main__             INFO     ✅ Loaded (sync): plugins.youtube_plugin
2025.04.23 17:29:06 __main__             INFO     🔄 Loading: plugins.neofetch_plugin
2025.04.23 17:29:06 __main__             INFO     ✅ Loaded (sync): plugins.neofetch_plugin
2025.04.23 17:29:06 __main__             INFO     🔄 Loading: plugins.id_command
2025.04.23 17:29:06 plugins.id_command   INFO     ✅ info_command plugin successfully loaded
2025.04.23 17:29:06 __main__             INFO     ✅ Loaded (async): plugins.id_command
2025.04.23 17:29:06 __main__             INFO     🔄 Loading: plugins.report_plugin
2025.04.23 17:29:06 __main__             INFO     ✅ Loaded (async): plugins.report_plugin
2025.04.23 17:29:06 __main__             INFO     🔄 Loading: plugins.del_plugin
2025.04.23 17:29:06 __main__             INFO     ✅ Loaded (sync): plugins.del_plugin
2025.04.23 17:29:06 __main__             INFO     🔄 Loading: plugins.mutagen
2025.04.23 17:29:06 plugins.mutagen      INFO     ✅ Mutagen plugin loaded successfully
2025.04.23 17:29:06 __main__             INFO     ✅ Loaded (sync): plugins.mutagen
2025.04.23 17:29:06 __main__             INFO     🔄 Loading: plugins.music_plugin
2025.04.23 17:29:06 __main__             INFO     ✅ Loaded (sync): plugins.music_plugin
2025.04.23 17:29:06 __main__             INFO     🔄 Loading: plugins.start_plugin
2025.04.23 17:29:06 __main__             INFO     ✅ Loaded (async): plugins.start_plugin
2025.04.23 17:29:06 __main__             INFO     🔄 Loading: plugins.stats_plugin
2025.04.23 17:29:06 __main__             INFO     ✅ Loaded (sync): plugins.stats_plugin
2025.04.23 17:29:06 __main__             INFO     🔄 Loading: plugins.dir_plugin
2025.04.23 17:29:06 __main__             INFO     ✅ Loaded (sync): plugins.dir_plugin
2025.04.23 17:29:06 __main__             INFO     🔄 Loading: plugins.broadcast_plugin
2025.04.23 17:29:06 __main__             INFO     ✅ Loaded (sync): plugins.broadcast_plugin
2025.04.23 17:29:06 __main__             INFO     🔄 Loading: plugins.speedtest_plugin
2025.04.23 17:29:06 __main__             INFO     ✅ Loaded (sync): plugins.speedtest_plugin
2025.04.23 17:29:06 __main__             INFO     🔄 Loading: plugins.profile
2025.04.23 17:29:06 plugins.profile      INFO     ✅ Profile plugin loaded
2025.04.23 17:29:06 __main__             INFO     ✅ Loaded (async): plugins.profile
2025.04.23 17:29:06 __main__             INFO     🔄 Loading: plugins.bot_logs
2025.04.23 17:29:06 plugins.bot_logs     INFO     ✅ Logs plugin loaded
2025.04.23 17:29:06 __main__             INFO     ✅ Loaded (async): plugins.bot_logs
2025.04.23 17:29:06 __main__             INFO     🚀 Starting polling...
2025.04.23 17:29:06 aiogram.dispatcher   INFO     Start polling
2025.04.23 17:29:06 aiogram.dispatcher   INFO     Run polling for bot @dllmasterbot id=8095621527 - 'DLLMaster 🍊'
2025.04.23 17:29:13 aiogram.event        INFO     Update id=511761405 is handled. Duration 1 ms by bot id=8095621527
2025.04.23 17:29:24 aiogram.event        INFO     Update id=511761406 is handled. Duration 1 ms by bot id=8095621527
2025.04.23 17:29:33 aiogram.event        INFO     Update id=511761407 is handled. Duration 194 ms by bot id=8095621527
2025.04.23 17:29:53 aiogram.event        INFO     Update id=511761408 is handled. Duration 1 ms by bot id=8095621527
2025.04.23 17:30:05 aiogram.event        INFO     Update id=511761409 is handled. Duration 1 ms by bot id=8095621527
2025.04.23 17:30:09 aiogram.event        INFO     Update id=511761410 is handled. Duration 1 ms by bot id=8095621527
2025.04.23 17:30:24 aiogram.event        INFO     Update id=511761411 is handled. Duration 1 ms by bot id=8095621527
2025.04.23 17:30:39 aiogram.event        INFO     Update id=511761412 is handled. Duration 1 ms by bot id=8095621527
2025.04.23 17:30:49 aiogram.event        INFO     Update id=511761413 is handled. Duration 1 ms by bot id=8095621527
2025.04.23 17:30:54 aiogram.event        INFO     Update id=511761414 is handled. Duration 1 ms by bot id=8095621527
2025.04.23 17:31:05 aiogram.event        INFO     Update id=511761415 is handled. Duration 1 ms by bot id=8095621527
2025.04.23 17:31:08 aiogram.event        INFO     Update id=511761416 is handled. Duration 1 ms by bot id=8095621527
2025.04.23 17:31:12 aiogram.event        INFO     Update id=511761417 is handled. Duration 1 ms by bot id=8095621527
2025.04.23 17:31:37 aiogram.event        INFO     Update id=511761418 is handled. Duration 1 ms by bot id=8095621527
2025.04.23 17:31:50 aiogram.event        INFO     Update id=511761419 is handled. Duration 1 ms by bot id=8095621527
2025.04.23 17:32:00 aiogram.event        INFO     Update id=511761420 is handled. Duration 1 ms by bot id=8095621527
2025.04.23 17:32:01 aiogram.event        INFO     Update id=511761421 is handled. Duration 9 ms by bot id=8095621527
2025.04.23 17:32:04 aiogram.event        INFO     Update id=511761422 is handled. Duration 1 ms by bot id=8095621527
2025.04.23 17:32:09 aiogram.event        INFO     Update id=511761423 is handled. Duration 1 ms by bot id=8095621527
2025.04.23 17:32:17 aiogram.event        INFO     Update id=511761424 is handled. Duration 1 ms by bot id=8095621527
2025.04.23 17:32:30 aiogram.event        INFO     Update id=511761425 is handled. Duration 1 ms by bot id=8095621527
2025.04.23 17:32:37 aiogram.event        INFO     Update id=511761426 is handled. Duration 1 ms by bot id=8095621527
2025.04.23 17:32:42 aiogram.event        INFO     Update id=511761427 is handled. Duration 1 ms by bot id=8095621527
2025.04.23 17:32:43 aiogram.event        INFO     Update id=511761428 is handled. Duration 1 ms by bot id=8095621527
2025.04.23 17:32:51 aiogram.event        INFO     Update id=511761429 is handled. Duration 1 ms by bot id=8095621527
2025.04.23 17:32:53 aiogram.event        INFO     Update id=511761430 is handled. Duration 1 ms by bot id=8095621527
2025.04.23 17:33:01 aiogram.event        INFO     Update id=511761431 is handled. Duration 2 ms by bot id=8095621527
2025.04.23 17:33:02 aiogram.event        INFO     Update id=511761432 is handled. Duration 1 ms by bot id=8095621527
2025.04.23 17:33:09 aiogram.event        INFO     Update id=511761433 is handled. Duration 1 ms by bot id=8095621527
2025.04.23 17:33:11 aiogram.event        INFO     Update id=511761434 is handled. Duration 1 ms by bot id=8095621527
2025.04.23 17:33:18 aiogram.event        INFO     Update id=511761435 is handled. Duration 1 ms by bot id=8095621527
2025.04.23 17:33:22 aiogram.event        INFO     Update id=511761436 is handled. Duration 1 ms by bot id=8095621527
2025.04.23 17:33:29 aiogram.event        INFO     Update id=511761437 is handled. Duration 1 ms by bot id=8095621527
2025.04.23 17:33:40 aiogram.event        INFO     Update id=511761438 is handled. Duration 1 ms by bot id=8095621527
2025.04.23 17:33:40 aiogram.event        INFO     Update id=511761439 is handled. Duration 1 ms by bot id=8095621527
2025.04.23 17:33:41 aiogram.event        INFO     Update id=511761440 is handled. Duration 1 ms by bot id=8095621527
2025.04.23 17:33:46 aiogram.event        INFO     Update id=511761441 is handled. Duration 1 ms by bot id=8095621527
2025.04.23 17:33:51 aiogram.event        INFO     Update id=511761442 is handled. Duration 2 ms by bot id=8095621527
2025.04.23 17:34:04 aiogram.event        INFO     Update id=511761443 is handled. Duration 1 ms by bot id=8095621527
2025.04.23 17:34:09 aiogram.event        INFO     Update id=511761444 is handled. Duration 1 ms by bot id=8095621527
2025.04.23 17:34:19 aiogram.dispatcher   WARNING  Received SIGINT signal
2025.04.23 17:34:19 aiogram.dispatcher   INFO     Polling stopped for bot @dllmasterbot id=8095621527 - 'DLLMaster 🍊'
2025.04.23 17:34:19 aiogram.dispatcher   INFO     Polling stopped
2025.04.23 17:34:19 __main__             INFO     🛑 Polling stopped
2025.04.23 17:34:19 __main__             INFO     🔴 Bot stopped
2025.04.23 17:34:24 dotenv.main          WARNING  python-dotenv could not parse statement starting at line 5
2025.04.23 17:34:24 __main__             INFO     🤖 Starting bot...
2025.04.23 17:34:24 __main__             INFO     🚀 Starting bot initialization...
2025.04.23 17:34:24 __main__             INFO     ✅ Database initialized successfully
2025.04.23 17:34:24 core.spotify_handler INFO     Spotify API connection established.
2025.04.23 17:34:24 __main__             INFO     ✅ Spotify service initialized
2025.04.23 17:34:24 core.webprofile      INFO     Seçilmiş User-Agent: Mozilla/5.0 (Linux; Android 14; Pixel 8 Pro) AppleWebKit/537.36 (KHTML, like Gecko) Chrome/122.0.0.0 Mobile Safari/537.36
2025.04.23 17:34:24 core.youtube_handler INFO     firefox brauzerindən cookies istifadə edilir.
2025.04.23 17:34:24 __main__             INFO     ✅ YouTube services initialized (firefox)
2025.04.23 17:34:24 __main__             INFO     🔌 Loading plugins...
2025.04.23 17:34:24 __main__             INFO     🔍 Scanning plugins in: plugins
2025.04.23 17:34:24 __main__             INFO     🔄 Loading: plugins.spotify_plugin
2025.04.23 17:34:24 __main__             INFO     ✅ Loaded (sync): plugins.spotify_plugin
2025.04.23 17:34:24 __main__             INFO     🔄 Loading: plugins.menu_plugin
2025.04.23 17:34:24 __main__             INFO     ✅ Loaded (sync): plugins.menu_plugin
2025.04.23 17:34:24 __main__             INFO     🔄 Loading: plugins.sudo_plugin
2025.04.23 17:34:24 __main__             INFO     ✅ Loaded (sync): plugins.sudo_plugin
2025.04.23 17:34:24 __main__             INFO     🔄 Loading: plugins.youtube_plugin
2025.04.23 17:34:24 __main__             INFO     ✅ Loaded (sync): plugins.youtube_plugin
2025.04.23 17:34:24 __main__             INFO     🔄 Loading: plugins.neofetch_plugin
2025.04.23 17:34:24 __main__             INFO     ✅ Loaded (sync): plugins.neofetch_plugin
2025.04.23 17:34:24 __main__             INFO     🔄 Loading: plugins.id_command
2025.04.23 17:34:24 plugins.id_command   INFO     ✅ info_command plugin successfully loaded
2025.04.23 17:34:24 __main__             INFO     ✅ Loaded (async): plugins.id_command
2025.04.23 17:34:24 __main__             INFO     🔄 Loading: plugins.report_plugin
2025.04.23 17:34:24 __main__             INFO     ✅ Loaded (async): plugins.report_plugin
2025.04.23 17:34:24 __main__             INFO     🔄 Loading: plugins.del_plugin
2025.04.23 17:34:24 __main__             INFO     ✅ Loaded (sync): plugins.del_plugin
2025.04.23 17:34:24 __main__             INFO     🔄 Loading: plugins.mutagen
2025.04.23 17:34:24 plugins.mutagen      INFO     ✅ Mutagen plugin loaded successfully
2025.04.23 17:34:24 __main__             INFO     ✅ Loaded (sync): plugins.mutagen
2025.04.23 17:34:24 __main__             INFO     🔄 Loading: plugins.music_plugin
2025.04.23 17:34:24 __main__             INFO     ✅ Loaded (sync): plugins.music_plugin
2025.04.23 17:34:24 __main__             INFO     🔄 Loading: plugins.start_plugin
2025.04.23 17:34:24 __main__             INFO     ✅ Loaded (async): plugins.start_plugin
2025.04.23 17:34:24 __main__             INFO     🔄 Loading: plugins.stats_plugin
2025.04.23 17:34:24 __main__             INFO     ✅ Loaded (sync): plugins.stats_plugin
2025.04.23 17:34:24 __main__             INFO     🔄 Loading: plugins.dir_plugin
2025.04.23 17:34:24 __main__             INFO     ✅ Loaded (sync): plugins.dir_plugin
2025.04.23 17:34:24 __main__             INFO     🔄 Loading: plugins.broadcast_plugin
2025.04.23 17:34:24 __main__             INFO     ✅ Loaded (sync): plugins.broadcast_plugin
2025.04.23 17:34:24 __main__             INFO     🔄 Loading: plugins.speedtest_plugin
2025.04.23 17:34:24 __main__             INFO     ✅ Loaded (sync): plugins.speedtest_plugin
2025.04.23 17:34:24 __main__             INFO     🔄 Loading: plugins.profile
2025.04.23 17:34:24 plugins.profile      INFO     ✅ Profile plugin loaded
2025.04.23 17:34:24 __main__             INFO     ✅ Loaded (async): plugins.profile
2025.04.23 17:34:24 __main__             INFO     🔄 Loading: plugins.bot_logs
2025.04.23 17:34:24 plugins.bot_logs     INFO     ✅ Logs plugin loaded
2025.04.23 17:34:24 __main__             INFO     ✅ Loaded (async): plugins.bot_logs
2025.04.23 17:34:24 __main__             INFO     🚀 Starting polling...
2025.04.23 17:34:24 aiogram.dispatcher   INFO     Start polling
2025.04.23 17:34:24 aiogram.dispatcher   INFO     Run polling for bot @dllmasterbot id=8095621527 - 'DLLMaster 🍊'
2025.04.23 17:34:29 aiogram.event        INFO     Update id=511761445 is handled. Duration 69 ms by bot id=8095621527
2025.04.23 17:34:31 aiogram.event        INFO     Update id=511761446 is handled. Duration 156 ms by bot id=8095621527
2025.04.23 17:34:34 aiogram.event        INFO     Update id=511761447 is handled. Duration 1 ms by bot id=8095621527
2025.04.23 17:34:36 aiogram.event        INFO     Update id=511761448 is handled. Duration 141 ms by bot id=8095621527
2025.04.23 17:34:37 aiogram.event        INFO     Update id=511761449 is handled. Duration 1 ms by bot id=8095621527
2025.04.23 17:34:38 aiogram.event        INFO     Update id=511761450 is handled. Duration 74 ms by bot id=8095621527
2025.04.23 17:34:40 aiogram.event        INFO     Update id=511761451 is handled. Duration 46 ms by bot id=8095621527
2025.04.23 17:34:57 aiogram.event        INFO     Update id=511761452 is handled. Duration 1 ms by bot id=8095621527
2025.04.23 17:35:06 aiogram.event        INFO     Update id=511761453 is handled. Duration 1 ms by bot id=8095621527
2025.04.23 17:35:29 aiogram.event        INFO     Update id=511761454 is handled. Duration 1 ms by bot id=8095621527
2025.04.23 17:35:45 aiogram.event        INFO     Update id=511761455 is handled. Duration 1 ms by bot id=8095621527
2025.04.23 17:35:52 aiogram.event        INFO     Update id=511761456 is handled. Duration 1 ms by bot id=8095621527
2025.04.23 17:36:01 aiogram.event        INFO     Update id=511761457 is handled. Duration 1 ms by bot id=8095621527
2025.04.23 17:36:04 aiogram.event        INFO     Update id=511761458 is handled. Duration 1 ms by bot id=8095621527
2025.04.23 17:36:19 aiogram.event        INFO     Update id=511761459 is handled. Duration 1 ms by bot id=8095621527
2025.04.23 17:36:22 aiogram.event        INFO     Update id=511761460 is handled. Duration 1 ms by bot id=8095621527
2025.04.23 17:37:40 aiogram.event        INFO     Update id=511761461 is handled. Duration 4 ms by bot id=8095621527
2025.04.23 17:37:40 aiogram.event        INFO     Update id=511761462 is handled. Duration 4 ms by bot id=8095621527
2025.04.23 17:37:40 aiogram.event        INFO     Update id=511761463 is handled. Duration 3 ms by bot id=8095621527
2025.04.23 17:37:40 aiogram.event        INFO     Update id=511761464 is handled. Duration 3 ms by bot id=8095621527
2025.04.23 17:38:17 aiogram.event        INFO     Update id=511761465 is handled. Duration 2 ms by bot id=8095621527
2025.04.23 17:38:17 aiogram.event        INFO     Update id=511761466 is handled. Duration 2 ms by bot id=8095621527
2025.04.23 17:38:59 aiogram.dispatcher   WARNING  Received SIGINT signal
2025.04.23 17:38:59 aiogram.dispatcher   INFO     Polling stopped for bot @dllmasterbot id=8095621527 - 'DLLMaster 🍊'
2025.04.23 17:38:59 aiogram.dispatcher   INFO     Polling stopped
2025.04.23 17:38:59 __main__             INFO     🛑 Polling stopped
2025.04.23 17:38:59 __main__             INFO     🔴 Bot stopped
2025.04.23 17:39:04 dotenv.main          WARNING  python-dotenv could not parse statement starting at line 5
2025.04.23 17:39:04 __main__             INFO     🤖 Starting bot...
2025.04.23 17:39:04 __main__             INFO     🚀 Starting bot initialization...
2025.04.23 17:39:04 __main__             INFO     ✅ Database initialized successfully
2025.04.23 17:39:04 core.spotify_handler INFO     Spotify API connection established.
2025.04.23 17:39:04 __main__             INFO     ✅ Spotify service initialized
2025.04.23 17:39:04 core.webprofile      INFO     Seçilmiş User-Agent: Mozilla/5.0 (Linux; Android 14; SM-G998B) AppleWebKit/537.36 (KHTML, like Gecko) Chrome/122.0.0.0 Mobile Safari/537.36
2025.04.23 17:39:04 core.youtube_handler INFO     firefox brauzerindən cookies istifadə edilir.
2025.04.23 17:39:04 __main__             INFO     ✅ YouTube services initialized (firefox)
2025.04.23 17:39:04 __main__             INFO     🔌 Loading plugins...
2025.04.23 17:39:04 __main__             INFO     🔍 Scanning plugins in: plugins
2025.04.23 17:39:04 __main__             INFO     🔄 Loading: plugins.spotify_plugin
2025.04.23 17:39:04 __main__             INFO     ✅ Loaded (sync): plugins.spotify_plugin
2025.04.23 17:39:04 __main__             INFO     🔄 Loading: plugins.menu_plugin
2025.04.23 17:39:04 __main__             INFO     ✅ Loaded (sync): plugins.menu_plugin
2025.04.23 17:39:04 __main__             INFO     🔄 Loading: plugins.sudo_plugin
2025.04.23 17:39:04 __main__             INFO     ✅ Loaded (sync): plugins.sudo_plugin
2025.04.23 17:39:04 __main__             INFO     🔄 Loading: plugins.youtube_plugin
2025.04.23 17:39:04 __main__             INFO     ✅ Loaded (sync): plugins.youtube_plugin
2025.04.23 17:39:04 __main__             INFO     🔄 Loading: plugins.neofetch_plugin
2025.04.23 17:39:04 __main__             INFO     ✅ Loaded (sync): plugins.neofetch_plugin
2025.04.23 17:39:04 __main__             INFO     🔄 Loading: plugins.id_command
2025.04.23 17:39:04 plugins.id_command   INFO     ✅ info_command plugin successfully loaded
2025.04.23 17:39:04 __main__             INFO     ✅ Loaded (async): plugins.id_command
2025.04.23 17:39:04 __main__             INFO     🔄 Loading: plugins.report_plugin
2025.04.23 17:39:04 __main__             INFO     ✅ Loaded (async): plugins.report_plugin
2025.04.23 17:39:04 __main__             INFO     🔄 Loading: plugins.del_plugin
2025.04.23 17:39:04 __main__             INFO     ✅ Loaded (sync): plugins.del_plugin
2025.04.23 17:39:04 __main__             INFO     🔄 Loading: plugins.mutagen
2025.04.23 17:39:04 plugins.mutagen      INFO     ✅ Mutagen plugin loaded successfully
2025.04.23 17:39:04 __main__             INFO     ✅ Loaded (sync): plugins.mutagen
2025.04.23 17:39:04 __main__             INFO     🔄 Loading: plugins.music_plugin
2025.04.23 17:39:04 __main__             INFO     ✅ Loaded (sync): plugins.music_plugin
2025.04.23 17:39:04 __main__             INFO     🔄 Loading: plugins.start_plugin
2025.04.23 17:39:04 __main__             INFO     ✅ Loaded (async): plugins.start_plugin
2025.04.23 17:39:04 __main__             INFO     🔄 Loading: plugins.stats_plugin
2025.04.23 17:39:04 __main__             INFO     ✅ Loaded (sync): plugins.stats_plugin
2025.04.23 17:39:04 __main__             INFO     🔄 Loading: plugins.dir_plugin
2025.04.23 17:39:04 __main__             INFO     ✅ Loaded (sync): plugins.dir_plugin
2025.04.23 17:39:04 __main__             INFO     🔄 Loading: plugins.broadcast_plugin
2025.04.23 17:39:04 __main__             INFO     ✅ Loaded (sync): plugins.broadcast_plugin
2025.04.23 17:39:04 __main__             INFO     🔄 Loading: plugins.speedtest_plugin
2025.04.23 17:39:04 __main__             INFO     ✅ Loaded (sync): plugins.speedtest_plugin
2025.04.23 17:39:04 __main__             INFO     🔄 Loading: plugins.profile
2025.04.23 17:39:04 plugins.profile      INFO     ✅ Profile plugin loaded
2025.04.23 17:39:04 __main__             INFO     ✅ Loaded (async): plugins.profile
2025.04.23 17:39:04 __main__             INFO     🔄 Loading: plugins.bot_logs
2025.04.23 17:39:04 plugins.bot_logs     INFO     ✅ Logs plugin loaded
2025.04.23 17:39:04 __main__             INFO     ✅ Loaded (async): plugins.bot_logs
2025.04.23 17:39:04 __main__             INFO     🚀 Starting polling...
2025.04.23 17:39:04 aiogram.dispatcher   INFO     Start polling
2025.04.23 17:39:04 aiogram.dispatcher   INFO     Run polling for bot @dllmasterbot id=8095621527 - 'DLLMaster 🍊'
2025.04.23 17:39:12 aiogram.event        INFO     Update id=511761467 is handled. Duration 146 ms by bot id=8095621527
2025.04.23 17:39:15 aiogram.event        INFO     Update id=511761468 is handled. Duration 169 ms by bot id=8095621527
2025.04.23 17:39:32 aiogram.event        INFO     Update id=511761469 is handled. Duration 147 ms by bot id=8095621527
2025.04.23 17:39:36 aiogram.event        INFO     Update id=511761470 is not handled. Duration 1 ms by bot id=8095621527
2025.04.23 17:39:36 aiogram.event        INFO     Update id=511761471 is not handled. Duration 1 ms by bot id=8095621527
2025.04.23 17:39:37 aiogram.event        INFO     Update id=511761472 is handled. Duration 187 ms by bot id=8095621527
2025.04.23 17:39:43 aiogram.event        INFO     Update id=511761473 is handled. Duration 54 ms by bot id=8095621527
2025.04.23 17:40:33 aiogram.event        INFO     Update id=511761474 is handled. Duration 1 ms by bot id=8095621527
2025.04.23 17:42:40 aiogram.event        INFO     Update id=511761475 is handled. Duration 1 ms by bot id=8095621527
2025.04.23 17:44:09 aiogram.dispatcher   WARNING  Received SIGINT signal
2025.04.23 17:44:09 aiogram.dispatcher   INFO     Polling stopped for bot @dllmasterbot id=8095621527 - 'DLLMaster 🍊'
2025.04.23 17:44:09 aiogram.dispatcher   INFO     Polling stopped
2025.04.23 17:44:09 __main__             INFO     🛑 Polling stopped
2025.04.23 17:44:09 __main__             INFO     🔴 Bot stopped
2025.04.23 17:44:13 dotenv.main          WARNING  python-dotenv could not parse statement starting at line 5
2025.04.23 17:44:13 __main__             INFO     🤖 Starting bot...
2025.04.23 17:44:13 __main__             INFO     🚀 Starting bot initialization...
2025.04.23 17:44:14 __main__             INFO     ✅ Database initialized successfully
2025.04.23 17:44:14 core.spotify_handler INFO     Spotify API connection established.
2025.04.23 17:44:14 __main__             INFO     ✅ Spotify service initialized
2025.04.23 17:44:14 core.webprofile      INFO     Seçilmiş User-Agent: Mozilla/5.0 (Linux; Android 14; SM-G998B) AppleWebKit/537.36 (KHTML, like Gecko) Chrome/122.0.0.0 Mobile Safari/537.36
2025.04.23 17:44:14 core.youtube_handler INFO     firefox brauzerindən cookies istifadə edilir.
2025.04.23 17:44:14 __main__             INFO     ✅ YouTube services initialized (firefox)
2025.04.23 17:44:14 __main__             INFO     🔌 Loading plugins...
2025.04.23 17:44:14 __main__             INFO     🔍 Scanning plugins in: plugins
2025.04.23 17:44:14 __main__             INFO     🔄 Loading: plugins.spotify_plugin
2025.04.23 17:44:14 __main__             INFO     ✅ Loaded (sync): plugins.spotify_plugin
2025.04.23 17:44:14 __main__             INFO     🔄 Loading: plugins.menu_plugin
2025.04.23 17:44:14 plugins.menu_plugin  INFO     ✅ Menu plugin yükləndi
2025.04.23 17:44:14 __main__             INFO     ✅ Loaded (async): plugins.menu_plugin
2025.04.23 17:44:14 __main__             INFO     🔄 Loading: plugins.sudo_plugin
2025.04.23 17:44:14 __main__             INFO     ✅ Loaded (sync): plugins.sudo_plugin
2025.04.23 17:44:14 __main__             INFO     🔄 Loading: plugins.youtube_plugin
2025.04.23 17:44:14 __main__             INFO     ✅ Loaded (sync): plugins.youtube_plugin
2025.04.23 17:44:14 __main__             INFO     🔄 Loading: plugins.neofetch_plugin
2025.04.23 17:44:14 __main__             INFO     ✅ Loaded (sync): plugins.neofetch_plugin
2025.04.23 17:44:14 __main__             INFO     🔄 Loading: plugins.id_command
2025.04.23 17:44:14 plugins.id_command   INFO     ✅ info_command plugin successfully loaded
2025.04.23 17:44:14 __main__             INFO     ✅ Loaded (async): plugins.id_command
2025.04.23 17:44:14 __main__             INFO     🔄 Loading: plugins.report_plugin
2025.04.23 17:44:14 __main__             INFO     ✅ Loaded (async): plugins.report_plugin
2025.04.23 17:44:14 __main__             INFO     🔄 Loading: plugins.del_plugin
2025.04.23 17:44:14 __main__             INFO     ✅ Loaded (sync): plugins.del_plugin
2025.04.23 17:44:14 __main__             INFO     🔄 Loading: plugins.mutagen
2025.04.23 17:44:14 plugins.mutagen      INFO     ✅ Mutagen plugin loaded successfully
2025.04.23 17:44:14 __main__             INFO     ✅ Loaded (sync): plugins.mutagen
2025.04.23 17:44:14 __main__             INFO     🔄 Loading: plugins.music_plugin
2025.04.23 17:44:14 __main__             INFO     ✅ Loaded (sync): plugins.music_plugin
2025.04.23 17:44:14 __main__             INFO     🔄 Loading: plugins.start_plugin
2025.04.23 17:44:14 __main__             INFO     ✅ Loaded (async): plugins.start_plugin
2025.04.23 17:44:14 __main__             INFO     🔄 Loading: plugins.stats_plugin
2025.04.23 17:44:14 __main__             INFO     ✅ Loaded (sync): plugins.stats_plugin
2025.04.23 17:44:14 __main__             INFO     🔄 Loading: plugins.dir_plugin
2025.04.23 17:44:14 __main__             INFO     ✅ Loaded (sync): plugins.dir_plugin
2025.04.23 17:44:14 __main__             INFO     🔄 Loading: plugins.broadcast_plugin
2025.04.23 17:44:14 __main__             INFO     ✅ Loaded (sync): plugins.broadcast_plugin
2025.04.23 17:44:14 __main__             INFO     🔄 Loading: plugins.speedtest_plugin
2025.04.23 17:44:14 __main__             INFO     ✅ Loaded (sync): plugins.speedtest_plugin
2025.04.23 17:44:14 __main__             INFO     🔄 Loading: plugins.profile
2025.04.23 17:44:14 plugins.profile      INFO     ✅ Profile plugin loaded
2025.04.23 17:44:14 __main__             INFO     ✅ Loaded (async): plugins.profile
2025.04.23 17:44:14 __main__             INFO     🔄 Loading: plugins.bot_logs
2025.04.23 17:44:14 plugins.bot_logs     INFO     ✅ Logs plugin loaded
2025.04.23 17:44:14 __main__             INFO     ✅ Loaded (async): plugins.bot_logs
2025.04.23 17:44:14 __main__             INFO     🚀 Starting polling...
2025.04.23 17:44:14 aiogram.dispatcher   INFO     Start polling
2025.04.23 17:44:14 aiogram.dispatcher   INFO     Run polling for bot @dllmasterbot id=8095621527 - 'DLLMaster 🍊'
2025.04.23 17:44:18 aiogram.event        INFO     Update id=511761476 is not handled. Duration 1 ms by bot id=8095621527
2025.04.23 17:44:18 aiogram.event        ERROR    Cause exception while process update id=511761476 by bot id=8095621527
AttributeError: 'AppContext' object has no attribute 'app_context'
Traceback (most recent call last):
  File "/home/admin/.local/lib/python3.11/site-packages/aiogram/dispatcher/dispatcher.py", line 309, in _process_update
    response = await self.feed_update(bot, update, **kwargs)
               ^^^^^^^^^^^^^^^^^^^^^^^^^^^^^^^^^^^^^^^^^^^^^
  File "/home/admin/.local/lib/python3.11/site-packages/aiogram/dispatcher/dispatcher.py", line 158, in feed_update
    response = await self.update.wrap_outer_middleware(
               ^^^^^^^^^^^^^^^^^^^^^^^^^^^^^^^^^^^^^^^^
  File "/home/admin/.local/lib/python3.11/site-packages/aiogram/dispatcher/middlewares/error.py", line 25, in __call__
    return await handler(event, data)
           ^^^^^^^^^^^^^^^^^^^^^^^^^^
  File "/home/admin/.local/lib/python3.11/site-packages/aiogram/dispatcher/middlewares/user_context.py", line 56, in __call__
    return await handler(event, data)
           ^^^^^^^^^^^^^^^^^^^^^^^^^^
  File "/home/admin/.local/lib/python3.11/site-packages/aiogram/fsm/middleware.py", line 42, in __call__
    return await handler(event, data)
           ^^^^^^^^^^^^^^^^^^^^^^^^^^
  File "/home/admin/.local/lib/python3.11/site-packages/aiogram/dispatcher/event/telegram.py", line 121, in trigger
    return await wrapped_inner(event, kwargs)
           ^^^^^^^^^^^^^^^^^^^^^^^^^^^^^^^^^^
  File "/home/admin/.local/lib/python3.11/site-packages/aiogram/dispatcher/event/handler.py", line 43, in call
    return await wrapped()
           ^^^^^^^^^^^^^^^
  File "/home/admin/.local/lib/python3.11/site-packages/aiogram/dispatcher/dispatcher.py", line 276, in _listen_update
    return await self.propagate_event(update_type=update_type, event=event, **kwargs)
           ^^^^^^^^^^^^^^^^^^^^^^^^^^^^^^^^^^^^^^^^^^^^^^^^^^^^^^^^^^^^^^^^^^^^^^^^^^
  File "/home/admin/.local/lib/python3.11/site-packages/aiogram/dispatcher/router.py", line 146, in propagate_event
    return await observer.wrap_outer_middleware(_wrapped, event=event, data=kwargs)
           ^^^^^^^^^^^^^^^^^^^^^^^^^^^^^^^^^^^^^^^^^^^^^^^^^^^^^^^^^^^^^^^^^^^^^^^^
  File "/home/admin/.local/lib/python3.11/site-packages/aiogram/dispatcher/router.py", line 141, in _wrapped
    return await self._propagate_event(
           ^^^^^^^^^^^^^^^^^^^^^^^^^^^^
  File "/home/admin/.local/lib/python3.11/site-packages/aiogram/dispatcher/router.py", line 174, in _propagate_event
    response = await router.propagate_event(update_type=update_type, event=event, **kwargs)
               ^^^^^^^^^^^^^^^^^^^^^^^^^^^^^^^^^^^^^^^^^^^^^^^^^^^^^^^^^^^^^^^^^^^^^^^^^^^^
  File "/home/admin/.local/lib/python3.11/site-packages/aiogram/dispatcher/router.py", line 146, in propagate_event
    return await observer.wrap_outer_middleware(_wrapped, event=event, data=kwargs)
           ^^^^^^^^^^^^^^^^^^^^^^^^^^^^^^^^^^^^^^^^^^^^^^^^^^^^^^^^^^^^^^^^^^^^^^^^
  File "/home/admin/.local/lib/python3.11/site-packages/aiogram/dispatcher/router.py", line 141, in _wrapped
    return await self._propagate_event(
           ^^^^^^^^^^^^^^^^^^^^^^^^^^^^
  File "/home/admin/.local/lib/python3.11/site-packages/aiogram/dispatcher/router.py", line 174, in _propagate_event
    response = await router.propagate_event(update_type=update_type, event=event, **kwargs)
               ^^^^^^^^^^^^^^^^^^^^^^^^^^^^^^^^^^^^^^^^^^^^^^^^^^^^^^^^^^^^^^^^^^^^^^^^^^^^
  File "/home/admin/.local/lib/python3.11/site-packages/aiogram/dispatcher/router.py", line 146, in propagate_event
    return await observer.wrap_outer_middleware(_wrapped, event=event, data=kwargs)
           ^^^^^^^^^^^^^^^^^^^^^^^^^^^^^^^^^^^^^^^^^^^^^^^^^^^^^^^^^^^^^^^^^^^^^^^^
  File "/home/admin/.local/lib/python3.11/site-packages/aiogram/dispatcher/router.py", line 141, in _wrapped
    return await self._propagate_event(
           ^^^^^^^^^^^^^^^^^^^^^^^^^^^^
  File "/home/admin/.local/lib/python3.11/site-packages/aiogram/dispatcher/router.py", line 166, in _propagate_event
    response = await observer.trigger(event, **kwargs)
               ^^^^^^^^^^^^^^^^^^^^^^^^^^^^^^^^^^^^^^^
  File "/home/admin/.local/lib/python3.11/site-packages/aiogram/dispatcher/event/telegram.py", line 121, in trigger
    return await wrapped_inner(event, kwargs)
           ^^^^^^^^^^^^^^^^^^^^^^^^^^^^^^^^^^
  File "/home/admin/.local/lib/python3.11/site-packages/aiogram/dispatcher/event/handler.py", line 43, in call
    return await wrapped()
           ^^^^^^^^^^^^^^^
  File "/home/admin/DLMaster/plugins/menu_plugin.py", line 39, in list_commands
    for handler in context.app_context.main_router.message.handlers:
                   ^^^^^^^^^^^^^^^^^^^
AttributeError: 'AppContext' object has no attribute 'app_context'
2025.04.23 17:45:00 aiogram.dispatcher   WARNING  Received SIGINT signal
2025.04.23 17:45:00 aiogram.dispatcher   INFO     Polling stopped for bot @dllmasterbot id=8095621527 - 'DLLMaster 🍊'
2025.04.23 17:45:00 aiogram.dispatcher   INFO     Polling stopped
2025.04.23 17:45:00 __main__             INFO     🛑 Polling stopped
2025.04.23 17:45:00 __main__             INFO     🔴 Bot stopped
2025.04.23 17:45:04 dotenv.main          WARNING  python-dotenv could not parse statement starting at line 5
2025.04.23 17:45:04 __main__             INFO     🤖 Starting bot...
2025.04.23 17:45:04 __main__             INFO     🚀 Starting bot initialization...
2025.04.23 17:45:04 __main__             INFO     ✅ Database initialized successfully
2025.04.23 17:45:05 core.spotify_handler INFO     Spotify API connection established.
2025.04.23 17:45:05 __main__             INFO     ✅ Spotify service initialized
2025.04.23 17:45:05 core.webprofile      INFO     Seçilmiş User-Agent: Mozilla/5.0 (X11; Linux x86_64) AppleWebKit/537.36 (KHTML, like Gecko) Chrome/122.0.0.0 Safari/537.36
2025.04.23 17:45:05 core.youtube_handler INFO     firefox brauzerindən cookies istifadə edilir.
2025.04.23 17:45:05 __main__             INFO     ✅ YouTube services initialized (firefox)
2025.04.23 17:45:05 __main__             INFO     🔌 Loading plugins...
2025.04.23 17:45:05 __main__             INFO     🔍 Scanning plugins in: plugins
2025.04.23 17:45:05 __main__             INFO     🔄 Loading: plugins.spotify_plugin
2025.04.23 17:45:05 __main__             INFO     ✅ Loaded (sync): plugins.spotify_plugin
2025.04.23 17:45:05 __main__             INFO     🔄 Loading: plugins.menu_plugin
2025.04.23 17:45:05 plugins.menu_plugin  INFO     ✅ Menu plugin yükləndi
2025.04.23 17:45:05 __main__             INFO     ✅ Loaded (async): plugins.menu_plugin
2025.04.23 17:45:05 __main__             INFO     🔄 Loading: plugins.sudo_plugin
2025.04.23 17:45:05 __main__             INFO     ✅ Loaded (sync): plugins.sudo_plugin
2025.04.23 17:45:05 __main__             INFO     🔄 Loading: plugins.youtube_plugin
2025.04.23 17:45:05 __main__             INFO     ✅ Loaded (sync): plugins.youtube_plugin
2025.04.23 17:45:05 __main__             INFO     🔄 Loading: plugins.neofetch_plugin
2025.04.23 17:45:05 __main__             INFO     ✅ Loaded (sync): plugins.neofetch_plugin
2025.04.23 17:45:05 __main__             INFO     🔄 Loading: plugins.id_command
2025.04.23 17:45:05 plugins.id_command   INFO     ✅ info_command plugin successfully loaded
2025.04.23 17:45:05 __main__             INFO     ✅ Loaded (async): plugins.id_command
2025.04.23 17:45:05 __main__             INFO     🔄 Loading: plugins.report_plugin
2025.04.23 17:45:05 __main__             INFO     ✅ Loaded (async): plugins.report_plugin
2025.04.23 17:45:05 __main__             INFO     🔄 Loading: plugins.del_plugin
2025.04.23 17:45:05 __main__             INFO     ✅ Loaded (sync): plugins.del_plugin
2025.04.23 17:45:05 __main__             INFO     🔄 Loading: plugins.mutagen
2025.04.23 17:45:05 plugins.mutagen      INFO     ✅ Mutagen plugin loaded successfully
2025.04.23 17:45:05 __main__             INFO     ✅ Loaded (sync): plugins.mutagen
2025.04.23 17:45:05 __main__             INFO     🔄 Loading: plugins.music_plugin
2025.04.23 17:45:05 __main__             INFO     ✅ Loaded (sync): plugins.music_plugin
2025.04.23 17:45:05 __main__             INFO     🔄 Loading: plugins.start_plugin
2025.04.23 17:45:05 __main__             INFO     ✅ Loaded (async): plugins.start_plugin
2025.04.23 17:45:05 __main__             INFO     🔄 Loading: plugins.stats_plugin
2025.04.23 17:45:05 __main__             INFO     ✅ Loaded (sync): plugins.stats_plugin
2025.04.23 17:45:05 __main__             INFO     🔄 Loading: plugins.dir_plugin
2025.04.23 17:45:05 __main__             INFO     ✅ Loaded (sync): plugins.dir_plugin
2025.04.23 17:45:05 __main__             INFO     🔄 Loading: plugins.broadcast_plugin
2025.04.23 17:45:05 __main__             INFO     ✅ Loaded (sync): plugins.broadcast_plugin
2025.04.23 17:45:05 __main__             INFO     🔄 Loading: plugins.speedtest_plugin
2025.04.23 17:45:05 __main__             INFO     ✅ Loaded (sync): plugins.speedtest_plugin
2025.04.23 17:45:05 __main__             INFO     🔄 Loading: plugins.profile
2025.04.23 17:45:05 plugins.profile      INFO     ✅ Profile plugin loaded
2025.04.23 17:45:05 __main__             INFO     ✅ Loaded (async): plugins.profile
2025.04.23 17:45:05 __main__             INFO     🔄 Loading: plugins.bot_logs
2025.04.23 17:45:05 plugins.bot_logs     INFO     ✅ Logs plugin loaded
2025.04.23 17:45:05 __main__             INFO     ✅ Loaded (async): plugins.bot_logs
2025.04.23 17:45:05 __main__             INFO     🚀 Starting polling...
2025.04.23 17:45:05 aiogram.dispatcher   INFO     Start polling
2025.04.23 17:45:05 aiogram.dispatcher   INFO     Run polling for bot @dllmasterbot id=8095621527 - 'DLLMaster 🍊'
2025.04.23 17:45:08 aiogram.event        INFO     Update id=511761477 is handled. Duration 80 ms by bot id=8095621527
2025.04.23 17:45:12 aiogram.event        INFO     Update id=511761478 is not handled. Duration 5 ms by bot id=8095621527
2025.04.23 17:45:12 aiogram.event        ERROR    Cause exception while process update id=511761478 by bot id=8095621527
AttributeError: 'Database' object has no attribute 'add_log'
Traceback (most recent call last):
  File "/home/admin/.local/lib/python3.11/site-packages/aiogram/dispatcher/dispatcher.py", line 309, in _process_update
    response = await self.feed_update(bot, update, **kwargs)
               ^^^^^^^^^^^^^^^^^^^^^^^^^^^^^^^^^^^^^^^^^^^^^
  File "/home/admin/.local/lib/python3.11/site-packages/aiogram/dispatcher/dispatcher.py", line 158, in feed_update
    response = await self.update.wrap_outer_middleware(
               ^^^^^^^^^^^^^^^^^^^^^^^^^^^^^^^^^^^^^^^^
  File "/home/admin/.local/lib/python3.11/site-packages/aiogram/dispatcher/middlewares/error.py", line 25, in __call__
    return await handler(event, data)
           ^^^^^^^^^^^^^^^^^^^^^^^^^^
  File "/home/admin/.local/lib/python3.11/site-packages/aiogram/dispatcher/middlewares/user_context.py", line 56, in __call__
    return await handler(event, data)
           ^^^^^^^^^^^^^^^^^^^^^^^^^^
  File "/home/admin/.local/lib/python3.11/site-packages/aiogram/fsm/middleware.py", line 42, in __call__
    return await handler(event, data)
           ^^^^^^^^^^^^^^^^^^^^^^^^^^
  File "/home/admin/.local/lib/python3.11/site-packages/aiogram/dispatcher/event/telegram.py", line 121, in trigger
    return await wrapped_inner(event, kwargs)
           ^^^^^^^^^^^^^^^^^^^^^^^^^^^^^^^^^^
  File "/home/admin/.local/lib/python3.11/site-packages/aiogram/dispatcher/event/handler.py", line 43, in call
    return await wrapped()
           ^^^^^^^^^^^^^^^
  File "/home/admin/.local/lib/python3.11/site-packages/aiogram/dispatcher/dispatcher.py", line 276, in _listen_update
    return await self.propagate_event(update_type=update_type, event=event, **kwargs)
           ^^^^^^^^^^^^^^^^^^^^^^^^^^^^^^^^^^^^^^^^^^^^^^^^^^^^^^^^^^^^^^^^^^^^^^^^^^
  File "/home/admin/.local/lib/python3.11/site-packages/aiogram/dispatcher/router.py", line 146, in propagate_event
    return await observer.wrap_outer_middleware(_wrapped, event=event, data=kwargs)
           ^^^^^^^^^^^^^^^^^^^^^^^^^^^^^^^^^^^^^^^^^^^^^^^^^^^^^^^^^^^^^^^^^^^^^^^^
  File "/home/admin/.local/lib/python3.11/site-packages/aiogram/dispatcher/router.py", line 141, in _wrapped
    return await self._propagate_event(
           ^^^^^^^^^^^^^^^^^^^^^^^^^^^^
  File "/home/admin/.local/lib/python3.11/site-packages/aiogram/dispatcher/router.py", line 166, in _propagate_event
    response = await observer.trigger(event, **kwargs)
               ^^^^^^^^^^^^^^^^^^^^^^^^^^^^^^^^^^^^^^^
  File "/home/admin/.local/lib/python3.11/site-packages/aiogram/dispatcher/event/telegram.py", line 121, in trigger
    return await wrapped_inner(event, kwargs)
           ^^^^^^^^^^^^^^^^^^^^^^^^^^^^^^^^^^
  File "/home/admin/.local/lib/python3.11/site-packages/aiogram/dispatcher/event/handler.py", line 43, in call
    return await wrapped()
           ^^^^^^^^^^^^^^^
  File "/home/admin/DLMaster/plugins/dir_plugin.py", line 115, in dir_cmd_callback
    db.add_log(
    ^^^^^^^^^^
AttributeError: 'Database' object has no attribute 'add_log'
2025.04.23 17:45:15 aiogram.event        INFO     Update id=511761479 is handled. Duration 1235 ms by bot id=8095621527
2025.04.23 17:45:16 aiogram.event        INFO     Update id=511761480 is handled. Duration 174 ms by bot id=8095621527
2025.04.23 17:45:20 aiogram.event        INFO     Update id=511761481 is handled. Duration 54 ms by bot id=8095621527
2025.04.23 17:45:24 aiogram.event        INFO     Update id=511761482 is handled. Duration 2198 ms by bot id=8095621527
2025.04.23 17:45:25 aiogram.event        INFO     Update id=511761483 is handled. Duration 33 ms by bot id=8095621527
2025.04.23 17:45:28 aiogram.event        INFO     Update id=511761484 is handled. Duration 43 ms by bot id=8095621527
2025.04.23 17:45:30 aiogram.event        INFO     Update id=511761485 is handled. Duration 165 ms by bot id=8095621527
2025.04.23 17:45:32 aiogram.event        INFO     Update id=511761486 is handled. Duration 48 ms by bot id=8095621527
2025.04.23 17:45:46 aiogram.event        INFO     Update id=511761487 is handled. Duration 67 ms by bot id=8095621527
2025.04.23 17:45:53 aiogram.event        INFO     Update id=511761488 is handled. Duration 304 ms by bot id=8095621527
2025.04.23 17:45:55 aiogram.event        INFO     Update id=511761489 is handled. Duration 35 ms by bot id=8095621527
2025.04.23 17:45:59 aiogram.event        INFO     Update id=511761490 is handled. Duration 1069 ms by bot id=8095621527
2025.04.23 17:46:03 aiogram.event        INFO     Update id=511761491 is handled. Duration 88 ms by bot id=8095621527
2025.04.23 17:48:07 aiogram.event        INFO     Update id=511761492 is handled. Duration 1 ms by bot id=8095621527
2025.04.23 17:49:08 aiogram.event        INFO     Update id=511761493 is handled. Duration 70 ms by bot id=8095621527
2025.04.23 17:49:20 aiogram.event        INFO     Update id=511761494 is handled. Duration 24 ms by bot id=8095621527
2025.04.23 17:49:22 aiogram.event        INFO     Update id=511761495 is handled. Duration 17 ms by bot id=8095621527
2025.04.23 17:49:41 aiogram.event        INFO     Update id=511761496 is handled. Duration 80 ms by bot id=8095621527
2025.04.23 17:49:48 aiogram.event        INFO     Update id=511761497 is handled. Duration 92 ms by bot id=8095621527
2025.04.23 17:50:54 aiogram.event        INFO     Update id=511761498 is handled. Duration 3 ms by bot id=8095621527
2025.04.23 17:50:54 aiogram.event        INFO     Update id=511761499 is handled. Duration 3 ms by bot id=8095621527
2025.04.23 17:50:54 aiogram.event        INFO     Update id=511761500 is handled. Duration 3 ms by bot id=8095621527
2025.04.23 17:50:54 aiogram.event        INFO     Update id=511761501 is handled. Duration 3 ms by bot id=8095621527
2025.04.23 17:52:00 aiogram.event        INFO     Update id=511761502 is handled. Duration 1 ms by bot id=8095621527
2025.04.23 17:52:26 aiogram.event        INFO     Update id=511761503 is handled. Duration 1 ms by bot id=8095621527
2025.04.23 17:52:31 aiogram.event        INFO     Update id=511761504 is handled. Duration 1 ms by bot id=8095621527
2025.04.23 17:53:12 aiogram.event        INFO     Update id=511761505 is handled. Duration 1 ms by bot id=8095621527
2025.04.23 17:53:25 aiogram.event        INFO     Update id=511761506 is handled. Duration 1 ms by bot id=8095621527
2025.04.23 17:53:44 aiogram.event        INFO     Update id=511761507 is handled. Duration 1 ms by bot id=8095621527
2025.04.23 17:53:54 aiogram.event        INFO     Update id=511761508 is handled. Duration 1 ms by bot id=8095621527
2025.04.23 17:54:05 aiogram.event        INFO     Update id=511761509 is handled. Duration 1 ms by bot id=8095621527
2025.04.23 17:54:21 aiogram.event        INFO     Update id=511761510 is handled. Duration 1 ms by bot id=8095621527
2025.04.23 17:54:30 aiogram.event        INFO     Update id=511761511 is handled. Duration 1 ms by bot id=8095621527
2025.04.23 17:54:33 aiogram.event        INFO     Update id=511761512 is handled. Duration 1 ms by bot id=8095621527
2025.04.23 17:54:37 aiogram.event        INFO     Update id=511761513 is handled. Duration 1 ms by bot id=8095621527
2025.04.23 17:54:38 aiogram.event        INFO     Update id=511761514 is handled. Duration 1 ms by bot id=8095621527
2025.04.23 17:54:40 aiogram.event        INFO     Update id=511761515 is handled. Duration 1 ms by bot id=8095621527
2025.04.23 17:54:49 aiogram.event        INFO     Update id=511761516 is handled. Duration 1 ms by bot id=8095621527
2025.04.23 17:55:03 aiogram.event        INFO     Update id=511761517 is handled. Duration 1 ms by bot id=8095621527
2025.04.23 17:55:16 aiogram.event        INFO     Update id=511761518 is handled. Duration 1 ms by bot id=8095621527
2025.04.23 17:55:27 aiogram.event        INFO     Update id=511761519 is handled. Duration 1 ms by bot id=8095621527
2025.04.23 17:56:00 aiogram.event        INFO     Update id=511761520 is handled. Duration 1 ms by bot id=8095621527
2025.04.23 17:56:03 aiogram.event        INFO     Update id=511761521 is handled. Duration 1 ms by bot id=8095621527
2025.04.23 17:56:09 aiogram.event        INFO     Update id=511761522 is handled. Duration 1 ms by bot id=8095621527
2025.04.23 17:56:12 aiogram.event        INFO     Update id=511761523 is handled. Duration 1 ms by bot id=8095621527
2025.04.23 17:56:17 aiogram.event        INFO     Update id=511761524 is handled. Duration 1 ms by bot id=8095621527
2025.04.23 17:56:18 aiogram.event        INFO     Update id=511761525 is handled. Duration 1 ms by bot id=8095621527
2025.04.23 17:56:19 aiogram.event        INFO     Update id=511761526 is handled. Duration 1 ms by bot id=8095621527
2025.04.23 17:56:26 aiogram.event        INFO     Update id=511761527 is not handled. Duration 0 ms by bot id=8095621527
2025.04.23 17:56:34 aiogram.event        INFO     Update id=511761528 is handled. Duration 1 ms by bot id=8095621527
2025.04.23 17:57:19 aiogram.event        INFO     Update id=511761529 is handled. Duration 1 ms by bot id=8095621527
2025.04.23 17:57:36 aiogram.event        INFO     Update id=511761530 is handled. Duration 1 ms by bot id=8095621527
2025.04.23 17:57:47 aiogram.event        INFO     Update id=511761531 is handled. Duration 1 ms by bot id=8095621527
2025.04.23 17:58:17 aiogram.event        INFO     Update id=511761532 is handled. Duration 1 ms by bot id=8095621527
2025.04.23 17:58:45 aiogram.event        INFO     Update id=511761533 is handled. Duration 1 ms by bot id=8095621527
2025.04.23 17:58:52 aiogram.event        INFO     Update id=511761534 is handled. Duration 1 ms by bot id=8095621527
2025.04.23 17:59:07 aiogram.event        INFO     Update id=511761535 is handled. Duration 1 ms by bot id=8095621527
2025.04.23 17:59:11 aiogram.event        INFO     Update id=511761536 is handled. Duration 1 ms by bot id=8095621527
2025.04.23 17:59:26 aiogram.event        INFO     Update id=511761537 is handled. Duration 1 ms by bot id=8095621527
2025.04.23 17:59:37 aiogram.event        INFO     Update id=511761538 is handled. Duration 1 ms by bot id=8095621527
2025.04.23 17:59:41 aiogram.event        INFO     Update id=511761539 is handled. Duration 1 ms by bot id=8095621527
2025.04.23 17:59:47 aiogram.event        INFO     Update id=511761540 is handled. Duration 1 ms by bot id=8095621527
2025.04.23 18:00:18 aiogram.event        INFO     Update id=511761541 is handled. Duration 1 ms by bot id=8095621527
2025.04.23 18:00:19 aiogram.event        INFO     Update id=511761542 is handled. Duration 1 ms by bot id=8095621527
2025.04.23 18:00:42 aiogram.event        INFO     Update id=511761543 is handled. Duration 1 ms by bot id=8095621527
2025.04.23 18:00:54 aiogram.event        INFO     Update id=511761544 is handled. Duration 1 ms by bot id=8095621527
2025.04.23 18:01:16 aiogram.event        INFO     Update id=511761545 is handled. Duration 1 ms by bot id=8095621527
2025.04.23 18:01:19 aiogram.dispatcher   WARNING  Received SIGINT signal
2025.04.23 18:01:19 aiogram.dispatcher   INFO     Polling stopped for bot @dllmasterbot id=8095621527 - 'DLLMaster 🍊'
2025.04.23 18:01:19 aiogram.dispatcher   INFO     Polling stopped
2025.04.23 18:01:19 __main__             INFO     🛑 Polling stopped
2025.04.23 18:01:19 __main__             INFO     🔴 Bot stopped
2025.04.23 18:01:24 dotenv.main          WARNING  python-dotenv could not parse statement starting at line 5
2025.04.23 18:01:24 __main__             INFO     🤖 Starting bot...
2025.04.23 18:01:24 __main__             INFO     🚀 Starting bot initialization...
2025.04.23 18:01:24 __main__             INFO     ✅ Database initialized successfully
2025.04.23 18:01:24 core.spotify_handler INFO     Spotify API connection established.
2025.04.23 18:01:24 __main__             INFO     ✅ Spotify service initialized
2025.04.23 18:01:24 core.webprofile      INFO     Seçilmiş User-Agent: Mozilla/5.0 (Linux; Android 14; Pixel 8 Pro) AppleWebKit/537.36 (KHTML, like Gecko) Chrome/122.0.0.0 Mobile Safari/537.36
2025.04.23 18:01:24 core.youtube_handler INFO     firefox brauzerindən cookies istifadə edilir.
2025.04.23 18:01:24 __main__             INFO     ✅ YouTube services initialized (firefox)
2025.04.23 18:01:24 __main__             INFO     🔌 Loading plugins...
2025.04.23 18:01:24 __main__             INFO     🔍 Scanning plugins in: plugins
2025.04.23 18:01:24 __main__             INFO     🔄 Loading: plugins.spotify_plugin
2025.04.23 18:01:24 __main__             INFO     ✅ Loaded (sync): plugins.spotify_plugin
2025.04.23 18:01:24 __main__             INFO     🔄 Loading: plugins.menu_plugin
2025.04.23 18:01:24 plugins.menu_plugin  INFO     ✅ Menu plugin yükləndi
2025.04.23 18:01:24 __main__             INFO     ✅ Loaded (async): plugins.menu_plugin
2025.04.23 18:01:24 __main__             INFO     🔄 Loading: plugins.sudo_plugin
2025.04.23 18:01:24 __main__             INFO     ✅ Loaded (sync): plugins.sudo_plugin
2025.04.23 18:01:24 __main__             INFO     🔄 Loading: plugins.youtube_plugin
2025.04.23 18:01:24 __main__             INFO     ✅ Loaded (sync): plugins.youtube_plugin
2025.04.23 18:01:24 __main__             INFO     🔄 Loading: plugins.neofetch_plugin
2025.04.23 18:01:24 __main__             INFO     ✅ Loaded (sync): plugins.neofetch_plugin
2025.04.23 18:01:24 __main__             INFO     🔄 Loading: plugins.id_command
2025.04.23 18:01:24 plugins.id_command   INFO     ✅ info_command plugin successfully loaded
2025.04.23 18:01:24 __main__             INFO     ✅ Loaded (async): plugins.id_command
2025.04.23 18:01:24 __main__             INFO     🔄 Loading: plugins.report_plugin
2025.04.23 18:01:24 __main__             INFO     ✅ Loaded (async): plugins.report_plugin
2025.04.23 18:01:24 __main__             INFO     🔄 Loading: plugins.del_plugin
2025.04.23 18:01:24 __main__             INFO     ✅ Loaded (sync): plugins.del_plugin
2025.04.23 18:01:24 __main__             INFO     🔄 Loading: plugins.mutagen
2025.04.23 18:01:24 plugins.mutagen      INFO     ✅ Mutagen plugin loaded successfully
2025.04.23 18:01:24 __main__             INFO     ✅ Loaded (sync): plugins.mutagen
2025.04.23 18:01:24 __main__             INFO     🔄 Loading: plugins.music_plugin
2025.04.23 18:01:24 __main__             INFO     ✅ Loaded (sync): plugins.music_plugin
2025.04.23 18:01:24 __main__             INFO     🔄 Loading: plugins.start_plugin
2025.04.23 18:01:24 __main__             ERROR    ❌ Failed to load plugins.start_plugin: unmatched ')' (start_plugin.py, line 128)
Traceback (most recent call last):
  File "/home/admin/DLMaster/app.py", line 96, in load_plugins
    module = importlib.import_module(module_name)
             ^^^^^^^^^^^^^^^^^^^^^^^^^^^^^^^^^^^^
  File "/usr/lib/python3.11/importlib/__init__.py", line 126, in import_module
    return _bootstrap._gcd_import(name[level:], package, level)
           ^^^^^^^^^^^^^^^^^^^^^^^^^^^^^^^^^^^^^^^^^^^^^^^^^^^^
  File "<frozen importlib._bootstrap>", line 1206, in _gcd_import
  File "<frozen importlib._bootstrap>", line 1178, in _find_and_load
  File "<frozen importlib._bootstrap>", line 1149, in _find_and_load_unlocked
  File "<frozen importlib._bootstrap>", line 690, in _load_unlocked
  File "<frozen importlib._bootstrap_external>", line 936, in exec_module
  File "<frozen importlib._bootstrap_external>", line 1074, in get_code
  File "<frozen importlib._bootstrap_external>", line 1004, in source_to_code
  File "<frozen importlib._bootstrap>", line 241, in _call_with_frames_removed
  File "/home/admin/DLMaster/plugins/start_plugin.py", line 128
    @router.callback_query(F.data == f"{CALLBACK_PREFIX}show_commands"))
                                                                       ^
SyntaxError: unmatched ')'
2025.04.23 18:01:24 __main__             INFO     🔄 Loading: plugins.stats_plugin
2025.04.23 18:01:24 __main__             INFO     ✅ Loaded (sync): plugins.stats_plugin
2025.04.23 18:01:24 __main__             INFO     🔄 Loading: plugins.dir_plugin
2025.04.23 18:01:24 __main__             INFO     ✅ Loaded (sync): plugins.dir_plugin
2025.04.23 18:01:24 __main__             INFO     🔄 Loading: plugins.broadcast_plugin
2025.04.23 18:01:24 __main__             INFO     ✅ Loaded (sync): plugins.broadcast_plugin
2025.04.23 18:01:24 __main__             INFO     🔄 Loading: plugins.speedtest_plugin
2025.04.23 18:01:24 __main__             INFO     ✅ Loaded (sync): plugins.speedtest_plugin
2025.04.23 18:01:24 __main__             INFO     🔄 Loading: plugins.profile
2025.04.23 18:01:24 plugins.profile      INFO     ✅ Profile plugin loaded
2025.04.23 18:01:24 __main__             INFO     ✅ Loaded (async): plugins.profile
2025.04.23 18:01:24 __main__             INFO     🔄 Loading: plugins.bot_logs
2025.04.23 18:01:24 plugins.bot_logs     INFO     ✅ Logs plugin loaded
2025.04.23 18:01:24 __main__             INFO     ✅ Loaded (async): plugins.bot_logs
2025.04.23 18:01:24 __main__             INFO     🚀 Starting polling...
2025.04.23 18:01:24 aiogram.dispatcher   INFO     Start polling
2025.04.23 18:01:24 aiogram.dispatcher   INFO     Run polling for bot @dllmasterbot id=8095621527 - 'DLLMaster 🍊'
2025.04.23 18:01:29 aiogram.event        INFO     Update id=511761546 is handled. Duration 1 ms by bot id=8095621527
2025.04.23 18:01:31 aiogram.event        INFO     Update id=511761547 is handled. Duration 1 ms by bot id=8095621527
2025.04.23 18:01:34 aiogram.event        INFO     Update id=511761548 is handled. Duration 1 ms by bot id=8095621527
2025.04.23 18:01:36 aiogram.event        INFO     Update id=511761549 is handled. Duration 1 ms by bot id=8095621527
2025.04.23 18:01:38 aiogram.event        INFO     Update id=511761550 is handled. Duration 1 ms by bot id=8095621527
2025.04.23 18:01:38 aiogram.event        INFO     Update id=511761551 is handled. Duration 1 ms by bot id=8095621527
2025.04.23 18:01:42 aiogram.event        INFO     Update id=511761552 is handled. Duration 1 ms by bot id=8095621527
2025.04.23 18:01:52 aiogram.event        INFO     Update id=511761553 is handled. Duration 1 ms by bot id=8095621527
2025.04.23 18:01:55 aiogram.event        INFO     Update id=511761554 is handled. Duration 1 ms by bot id=8095621527
2025.04.23 18:02:01 aiogram.event        INFO     Update id=511761555 is handled. Duration 1 ms by bot id=8095621527
2025.04.23 18:02:02 aiogram.dispatcher   WARNING  Received SIGINT signal
2025.04.23 18:02:02 aiogram.dispatcher   INFO     Polling stopped for bot @dllmasterbot id=8095621527 - 'DLLMaster 🍊'
2025.04.23 18:02:02 aiogram.dispatcher   INFO     Polling stopped
2025.04.23 18:02:02 __main__             INFO     🛑 Polling stopped
2025.04.23 18:02:02 __main__             INFO     🔴 Bot stopped
2025.04.23 18:02:07 dotenv.main          WARNING  python-dotenv could not parse statement starting at line 5
2025.04.23 18:02:07 __main__             INFO     🤖 Starting bot...
2025.04.23 18:02:07 __main__             INFO     🚀 Starting bot initialization...
2025.04.23 18:02:07 __main__             INFO     ✅ Database initialized successfully
2025.04.23 18:02:07 core.spotify_handler INFO     Spotify API connection established.
2025.04.23 18:02:07 __main__             INFO     ✅ Spotify service initialized
2025.04.23 18:02:07 core.webprofile      INFO     Seçilmiş User-Agent: Mozilla/5.0 (Linux; Android 14; SM-G998B) AppleWebKit/537.36 (KHTML, like Gecko) Chrome/122.0.0.0 Mobile Safari/537.36
2025.04.23 18:02:07 core.youtube_handler INFO     firefox brauzerindən cookies istifadə edilir.
2025.04.23 18:02:07 __main__             INFO     ✅ YouTube services initialized (firefox)
2025.04.23 18:02:07 __main__             INFO     🔌 Loading plugins...
2025.04.23 18:02:07 __main__             INFO     🔍 Scanning plugins in: plugins
2025.04.23 18:02:07 __main__             INFO     🔄 Loading: plugins.spotify_plugin
2025.04.23 18:02:07 __main__             INFO     ✅ Loaded (sync): plugins.spotify_plugin
2025.04.23 18:02:07 __main__             INFO     🔄 Loading: plugins.menu_plugin
2025.04.23 18:02:07 plugins.menu_plugin  INFO     ✅ Menu plugin yükləndi
2025.04.23 18:02:07 __main__             INFO     ✅ Loaded (async): plugins.menu_plugin
2025.04.23 18:02:07 __main__             INFO     🔄 Loading: plugins.sudo_plugin
2025.04.23 18:02:07 __main__             INFO     ✅ Loaded (sync): plugins.sudo_plugin
2025.04.23 18:02:07 __main__             INFO     🔄 Loading: plugins.youtube_plugin
2025.04.23 18:02:07 __main__             INFO     ✅ Loaded (sync): plugins.youtube_plugin
2025.04.23 18:02:07 __main__             INFO     🔄 Loading: plugins.neofetch_plugin
2025.04.23 18:02:07 __main__             INFO     ✅ Loaded (sync): plugins.neofetch_plugin
2025.04.23 18:02:07 __main__             INFO     🔄 Loading: plugins.id_command
2025.04.23 18:02:07 plugins.id_command   INFO     ✅ info_command plugin successfully loaded
2025.04.23 18:02:07 __main__             INFO     ✅ Loaded (async): plugins.id_command
2025.04.23 18:02:07 __main__             INFO     🔄 Loading: plugins.report_plugin
2025.04.23 18:02:07 __main__             INFO     ✅ Loaded (async): plugins.report_plugin
2025.04.23 18:02:07 __main__             INFO     🔄 Loading: plugins.del_plugin
2025.04.23 18:02:07 __main__             INFO     ✅ Loaded (sync): plugins.del_plugin
2025.04.23 18:02:07 __main__             INFO     🔄 Loading: plugins.mutagen
2025.04.23 18:02:07 plugins.mutagen      INFO     ✅ Mutagen plugin loaded successfully
2025.04.23 18:02:07 __main__             INFO     ✅ Loaded (sync): plugins.mutagen
2025.04.23 18:02:07 __main__             INFO     🔄 Loading: plugins.music_plugin
2025.04.23 18:02:07 __main__             INFO     ✅ Loaded (sync): plugins.music_plugin
2025.04.23 18:02:07 __main__             INFO     🔄 Loading: plugins.start_plugin
2025.04.23 18:02:07 __main__             ERROR    ❌ Failed to load plugins.start_plugin: name 'F' is not defined
Traceback (most recent call last):
  File "/home/admin/DLMaster/app.py", line 96, in load_plugins
    module = importlib.import_module(module_name)
             ^^^^^^^^^^^^^^^^^^^^^^^^^^^^^^^^^^^^
  File "/usr/lib/python3.11/importlib/__init__.py", line 126, in import_module
    return _bootstrap._gcd_import(name[level:], package, level)
           ^^^^^^^^^^^^^^^^^^^^^^^^^^^^^^^^^^^^^^^^^^^^^^^^^^^^
  File "<frozen importlib._bootstrap>", line 1206, in _gcd_import
  File "<frozen importlib._bootstrap>", line 1178, in _find_and_load
  File "<frozen importlib._bootstrap>", line 1149, in _find_and_load_unlocked
  File "<frozen importlib._bootstrap>", line 690, in _load_unlocked
  File "<frozen importlib._bootstrap_external>", line 940, in exec_module
  File "<frozen importlib._bootstrap>", line 241, in _call_with_frames_removed
  File "/home/admin/DLMaster/plugins/start_plugin.py", line 128, in <module>
    @router.callback_query(F.data == f"{CALLBACK_PREFIX}show_commands")
                           ^
NameError: name 'F' is not defined
2025.04.23 18:02:07 __main__             INFO     🔄 Loading: plugins.stats_plugin
2025.04.23 18:02:07 __main__             INFO     ✅ Loaded (sync): plugins.stats_plugin
2025.04.23 18:02:07 __main__             INFO     🔄 Loading: plugins.dir_plugin
2025.04.23 18:02:07 __main__             INFO     ✅ Loaded (sync): plugins.dir_plugin
2025.04.23 18:02:07 __main__             INFO     🔄 Loading: plugins.broadcast_plugin
2025.04.23 18:02:07 __main__             INFO     ✅ Loaded (sync): plugins.broadcast_plugin
2025.04.23 18:02:07 __main__             INFO     🔄 Loading: plugins.speedtest_plugin
2025.04.23 18:02:07 __main__             INFO     ✅ Loaded (sync): plugins.speedtest_plugin
2025.04.23 18:02:07 __main__             INFO     🔄 Loading: plugins.profile
2025.04.23 18:02:07 plugins.profile      INFO     ✅ Profile plugin loaded
2025.04.23 18:02:07 __main__             INFO     ✅ Loaded (async): plugins.profile
2025.04.23 18:02:07 __main__             INFO     🔄 Loading: plugins.bot_logs
2025.04.23 18:02:07 plugins.bot_logs     INFO     ✅ Logs plugin loaded
2025.04.23 18:02:07 __main__             INFO     ✅ Loaded (async): plugins.bot_logs
2025.04.23 18:02:07 __main__             INFO     🚀 Starting polling...
2025.04.23 18:02:07 aiogram.dispatcher   INFO     Start polling
2025.04.23 18:02:07 aiogram.dispatcher   INFO     Run polling for bot @dllmasterbot id=8095621527 - 'DLLMaster 🍊'
2025.04.23 18:02:07 aiogram.event        INFO     Update id=511761556 is handled. Duration 2 ms by bot id=8095621527
2025.04.23 18:02:07 aiogram.event        INFO     Update id=511761557 is handled. Duration 2 ms by bot id=8095621527
2025.04.23 18:02:23 aiogram.event        INFO     Update id=511761558 is handled. Duration 1 ms by bot id=8095621527
2025.04.23 18:02:34 aiogram.dispatcher   WARNING  Received SIGINT signal
2025.04.23 18:02:34 aiogram.dispatcher   INFO     Polling stopped for bot @dllmasterbot id=8095621527 - 'DLLMaster 🍊'
2025.04.23 18:02:34 aiogram.dispatcher   INFO     Polling stopped
2025.04.23 18:02:34 __main__             INFO     🛑 Polling stopped
2025.04.23 18:02:34 __main__             INFO     🔴 Bot stopped
2025.04.23 18:02:39 dotenv.main          WARNING  python-dotenv could not parse statement starting at line 5
2025.04.23 18:02:39 __main__             INFO     🤖 Starting bot...
2025.04.23 18:02:39 __main__             INFO     🚀 Starting bot initialization...
2025.04.23 18:02:39 __main__             INFO     ✅ Database initialized successfully
2025.04.23 18:02:39 core.spotify_handler INFO     Spotify API connection established.
2025.04.23 18:02:39 __main__             INFO     ✅ Spotify service initialized
2025.04.23 18:02:39 core.webprofile      INFO     Seçilmiş User-Agent: Mozilla/5.0 (X11; Ubuntu; Linux x86_64; rv:120.0) Gecko/20100101 Firefox/120.0
2025.04.23 18:02:39 core.youtube_handler INFO     firefox brauzerindən cookies istifadə edilir.
2025.04.23 18:02:39 __main__             INFO     ✅ YouTube services initialized (firefox)
2025.04.23 18:02:39 __main__             INFO     🔌 Loading plugins...
2025.04.23 18:02:39 __main__             INFO     🔍 Scanning plugins in: plugins
2025.04.23 18:02:39 __main__             INFO     🔄 Loading: plugins.spotify_plugin
2025.04.23 18:02:39 __main__             INFO     ✅ Loaded (sync): plugins.spotify_plugin
2025.04.23 18:02:39 __main__             INFO     🔄 Loading: plugins.menu_plugin
2025.04.23 18:02:39 plugins.menu_plugin  INFO     ✅ Menu plugin yükləndi
2025.04.23 18:02:39 __main__             INFO     ✅ Loaded (async): plugins.menu_plugin
2025.04.23 18:02:39 __main__             INFO     🔄 Loading: plugins.sudo_plugin
2025.04.23 18:02:39 __main__             INFO     ✅ Loaded (sync): plugins.sudo_plugin
2025.04.23 18:02:39 __main__             INFO     🔄 Loading: plugins.youtube_plugin
2025.04.23 18:02:39 __main__             INFO     ✅ Loaded (sync): plugins.youtube_plugin
2025.04.23 18:02:39 __main__             INFO     🔄 Loading: plugins.neofetch_plugin
2025.04.23 18:02:39 __main__             INFO     ✅ Loaded (sync): plugins.neofetch_plugin
2025.04.23 18:02:39 __main__             INFO     🔄 Loading: plugins.id_command
2025.04.23 18:02:39 plugins.id_command   INFO     ✅ info_command plugin successfully loaded
2025.04.23 18:02:39 __main__             INFO     ✅ Loaded (async): plugins.id_command
2025.04.23 18:02:39 __main__             INFO     🔄 Loading: plugins.report_plugin
2025.04.23 18:02:39 __main__             INFO     ✅ Loaded (async): plugins.report_plugin
2025.04.23 18:02:39 __main__             INFO     🔄 Loading: plugins.del_plugin
2025.04.23 18:02:39 __main__             INFO     ✅ Loaded (sync): plugins.del_plugin
2025.04.23 18:02:39 __main__             INFO     🔄 Loading: plugins.mutagen
2025.04.23 18:02:39 plugins.mutagen      INFO     ✅ Mutagen plugin loaded successfully
2025.04.23 18:02:39 __main__             INFO     ✅ Loaded (sync): plugins.mutagen
2025.04.23 18:02:39 __main__             INFO     🔄 Loading: plugins.music_plugin
2025.04.23 18:02:39 __main__             INFO     ✅ Loaded (sync): plugins.music_plugin
2025.04.23 18:02:39 __main__             INFO     🔄 Loading: plugins.start_plugin
2025.04.23 18:02:39 __main__             ERROR    ❌ Failed to load plugins.start_plugin: cannot import name 'F' from 'aiogram.filters' (/home/admin/.local/lib/python3.11/site-packages/aiogram/filters/__init__.py)
Traceback (most recent call last):
  File "/home/admin/DLMaster/app.py", line 96, in load_plugins
    module = importlib.import_module(module_name)
             ^^^^^^^^^^^^^^^^^^^^^^^^^^^^^^^^^^^^
  File "/usr/lib/python3.11/importlib/__init__.py", line 126, in import_module
    return _bootstrap._gcd_import(name[level:], package, level)
           ^^^^^^^^^^^^^^^^^^^^^^^^^^^^^^^^^^^^^^^^^^^^^^^^^^^^
  File "<frozen importlib._bootstrap>", line 1206, in _gcd_import
  File "<frozen importlib._bootstrap>", line 1178, in _find_and_load
  File "<frozen importlib._bootstrap>", line 1149, in _find_and_load_unlocked
  File "<frozen importlib._bootstrap>", line 690, in _load_unlocked
  File "<frozen importlib._bootstrap_external>", line 940, in exec_module
  File "<frozen importlib._bootstrap>", line 241, in _call_with_frames_removed
  File "/home/admin/DLMaster/plugins/start_plugin.py", line 2, in <module>
    from aiogram.filters import Command, ChatMemberUpdatedFilter, F
ImportError: cannot import name 'F' from 'aiogram.filters' (/home/admin/.local/lib/python3.11/site-packages/aiogram/filters/__init__.py)
2025.04.23 18:02:39 __main__             INFO     🔄 Loading: plugins.stats_plugin
2025.04.23 18:02:39 __main__             INFO     ✅ Loaded (sync): plugins.stats_plugin
2025.04.23 18:02:39 __main__             INFO     🔄 Loading: plugins.dir_plugin
2025.04.23 18:02:39 __main__             INFO     ✅ Loaded (sync): plugins.dir_plugin
2025.04.23 18:02:39 __main__             INFO     🔄 Loading: plugins.broadcast_plugin
2025.04.23 18:02:39 __main__             INFO     ✅ Loaded (sync): plugins.broadcast_plugin
2025.04.23 18:02:39 __main__             INFO     🔄 Loading: plugins.speedtest_plugin
2025.04.23 18:02:39 __main__             INFO     ✅ Loaded (sync): plugins.speedtest_plugin
2025.04.23 18:02:39 __main__             INFO     🔄 Loading: plugins.profile
2025.04.23 18:02:39 plugins.profile      INFO     ✅ Profile plugin loaded
2025.04.23 18:02:39 __main__             INFO     ✅ Loaded (async): plugins.profile
2025.04.23 18:02:39 __main__             INFO     🔄 Loading: plugins.bot_logs
2025.04.23 18:02:39 plugins.bot_logs     INFO     ✅ Logs plugin loaded
2025.04.23 18:02:39 __main__             INFO     ✅ Loaded (async): plugins.bot_logs
2025.04.23 18:02:39 __main__             INFO     🚀 Starting polling...
2025.04.23 18:02:39 aiogram.dispatcher   INFO     Start polling
2025.04.23 18:02:39 aiogram.dispatcher   INFO     Run polling for bot @dllmasterbot id=8095621527 - 'DLLMaster 🍊'
2025.04.23 18:02:46 aiogram.event        INFO     Update id=511761559 is handled. Duration 1 ms by bot id=8095621527
2025.04.23 18:02:52 aiogram.event        INFO     Update id=511761560 is handled. Duration 1 ms by bot id=8095621527
2025.04.23 18:03:02 aiogram.dispatcher   WARNING  Received SIGINT signal
2025.04.23 18:03:02 aiogram.dispatcher   INFO     Polling stopped for bot @dllmasterbot id=8095621527 - 'DLLMaster 🍊'
2025.04.23 18:03:02 aiogram.dispatcher   INFO     Polling stopped
2025.04.23 18:03:02 __main__             INFO     🛑 Polling stopped
2025.04.23 18:03:02 __main__             INFO     🔴 Bot stopped
2025.04.23 18:03:07 dotenv.main          WARNING  python-dotenv could not parse statement starting at line 5
2025.04.23 18:03:07 __main__             INFO     🤖 Starting bot...
2025.04.23 18:03:07 __main__             INFO     🚀 Starting bot initialization...
2025.04.23 18:03:07 __main__             INFO     ✅ Database initialized successfully
2025.04.23 18:03:07 core.spotify_handler INFO     Spotify API connection established.
2025.04.23 18:03:07 __main__             INFO     ✅ Spotify service initialized
2025.04.23 18:03:07 core.webprofile      INFO     Seçilmiş User-Agent: Mozilla/5.0 (Macintosh; Intel Mac OS X 10_15_7) AppleWebKit/537.36 (KHTML, like Gecko) Chrome/122.0.0.0 Safari/537.36
2025.04.23 18:03:07 core.youtube_handler INFO     firefox brauzerindən cookies istifadə edilir.
2025.04.23 18:03:07 __main__             INFO     ✅ YouTube services initialized (firefox)
2025.04.23 18:03:07 __main__             INFO     🔌 Loading plugins...
2025.04.23 18:03:07 __main__             INFO     🔍 Scanning plugins in: plugins
2025.04.23 18:03:07 __main__             INFO     🔄 Loading: plugins.spotify_plugin
2025.04.23 18:03:07 __main__             INFO     ✅ Loaded (sync): plugins.spotify_plugin
2025.04.23 18:03:07 __main__             INFO     🔄 Loading: plugins.menu_plugin
2025.04.23 18:03:07 plugins.menu_plugin  INFO     ✅ Menu plugin yükləndi
2025.04.23 18:03:07 __main__             INFO     ✅ Loaded (async): plugins.menu_plugin
2025.04.23 18:03:07 __main__             INFO     🔄 Loading: plugins.sudo_plugin
2025.04.23 18:03:07 __main__             INFO     ✅ Loaded (sync): plugins.sudo_plugin
2025.04.23 18:03:07 __main__             INFO     🔄 Loading: plugins.youtube_plugin
2025.04.23 18:03:07 __main__             INFO     ✅ Loaded (sync): plugins.youtube_plugin
2025.04.23 18:03:07 __main__             INFO     🔄 Loading: plugins.neofetch_plugin
2025.04.23 18:03:07 __main__             INFO     ✅ Loaded (sync): plugins.neofetch_plugin
2025.04.23 18:03:07 __main__             INFO     🔄 Loading: plugins.id_command
2025.04.23 18:03:07 plugins.id_command   INFO     ✅ info_command plugin successfully loaded
2025.04.23 18:03:07 __main__             INFO     ✅ Loaded (async): plugins.id_command
2025.04.23 18:03:07 __main__             INFO     🔄 Loading: plugins.report_plugin
2025.04.23 18:03:07 __main__             INFO     ✅ Loaded (async): plugins.report_plugin
2025.04.23 18:03:07 __main__             INFO     🔄 Loading: plugins.del_plugin
2025.04.23 18:03:07 __main__             INFO     ✅ Loaded (sync): plugins.del_plugin
2025.04.23 18:03:07 __main__             INFO     🔄 Loading: plugins.mutagen
2025.04.23 18:03:07 plugins.mutagen      INFO     ✅ Mutagen plugin loaded successfully
2025.04.23 18:03:07 __main__             INFO     ✅ Loaded (sync): plugins.mutagen
2025.04.23 18:03:07 __main__             INFO     🔄 Loading: plugins.music_plugin
2025.04.23 18:03:07 __main__             INFO     ✅ Loaded (sync): plugins.music_plugin
2025.04.23 18:03:07 __main__             INFO     🔄 Loading: plugins.start_plugin
2025.04.23 18:03:07 plugins.start_plugin INFO     ✅ Start plugin yükləndi
2025.04.23 18:03:07 __main__             INFO     ✅ Loaded (async): plugins.start_plugin
2025.04.23 18:03:07 __main__             INFO     🔄 Loading: plugins.stats_plugin
2025.04.23 18:03:07 __main__             INFO     ✅ Loaded (sync): plugins.stats_plugin
2025.04.23 18:03:07 __main__             INFO     🔄 Loading: plugins.dir_plugin
2025.04.23 18:03:07 __main__             INFO     ✅ Loaded (sync): plugins.dir_plugin
2025.04.23 18:03:07 __main__             INFO     🔄 Loading: plugins.broadcast_plugin
2025.04.23 18:03:07 __main__             INFO     ✅ Loaded (sync): plugins.broadcast_plugin
2025.04.23 18:03:07 __main__             INFO     🔄 Loading: plugins.speedtest_plugin
2025.04.23 18:03:07 __main__             INFO     ✅ Loaded (sync): plugins.speedtest_plugin
2025.04.23 18:03:07 __main__             INFO     🔄 Loading: plugins.profile
2025.04.23 18:03:07 plugins.profile      INFO     ✅ Profile plugin loaded
2025.04.23 18:03:07 __main__             INFO     ✅ Loaded (async): plugins.profile
2025.04.23 18:03:07 __main__             INFO     🔄 Loading: plugins.bot_logs
2025.04.23 18:03:07 plugins.bot_logs     INFO     ✅ Logs plugin loaded
2025.04.23 18:03:07 __main__             INFO     ✅ Loaded (async): plugins.bot_logs
2025.04.23 18:03:07 __main__             INFO     🚀 Starting polling...
2025.04.23 18:03:07 aiogram.dispatcher   INFO     Start polling
2025.04.23 18:03:07 aiogram.dispatcher   INFO     Run polling for bot @dllmasterbot id=8095621527 - 'DLLMaster 🍊'
2025.04.23 18:03:07 aiogram.event        INFO     Update id=511761561 is not handled. Duration 2 ms by bot id=8095621527
2025.04.23 18:03:16 aiogram.event        INFO     Update id=511761562 is handled. Duration 926 ms by bot id=8095621527
2025.04.23 18:03:16 aiogram.event        INFO     Update id=511761563 is handled. Duration 1 ms by bot id=8095621527
2025.04.23 18:03:17 aiogram.event        INFO     Update id=511761564 is handled. Duration 1 ms by bot id=8095621527
2025.04.23 18:03:33 aiogram.event        INFO     Update id=511761565 is handled. Duration 1 ms by bot id=8095621527
2025.04.23 18:03:35 aiogram.event        INFO     Update id=511761566 is handled. Duration 1 ms by bot id=8095621527
2025.04.23 18:03:35 aiogram.event        INFO     Update id=511761567 is not handled. Duration 1 ms by bot id=8095621527
2025.04.23 18:03:45 aiogram.event        INFO     Update id=511761568 is handled. Duration 1 ms by bot id=8095621527
2025.04.23 18:03:48 aiogram.event        INFO     Update id=511761569 is not handled. Duration 1 ms by bot id=8095621527
2025.04.23 18:03:50 aiogram.event        INFO     Update id=511761570 is handled. Duration 1 ms by bot id=8095621527
2025.04.23 18:04:08 aiogram.event        INFO     Update id=511761571 is handled. Duration 1 ms by bot id=8095621527
2025.04.23 18:04:09 aiogram.event        INFO     Update id=511761572 is handled. Duration 93 ms by bot id=8095621527
2025.04.23 18:04:09 aiogram.event        INFO     Update id=511761573 is handled. Duration 93 ms by bot id=8095621527
2025.04.23 18:04:09 aiogram.event        INFO     Update id=511761574 is handled. Duration 4 ms by bot id=8095621527
2025.04.23 18:04:09 aiogram.event        INFO     Update id=511761575 is handled. Duration 4 ms by bot id=8095621527
2025.04.23 18:04:11 aiogram.event        INFO     Update id=511761576 is handled. Duration 1 ms by bot id=8095621527
2025.04.23 18:04:12 aiogram.event        INFO     Update id=511761577 is handled. Duration 132 ms by bot id=8095621527
2025.04.23 18:04:13 aiogram.event        INFO     Update id=511761578 is handled. Duration 1 ms by bot id=8095621527
2025.04.23 18:04:18 aiogram.event        INFO     Update id=511761579 is handled. Duration 1 ms by bot id=8095621527
2025.04.23 18:04:20 aiogram.event        INFO     Update id=511761580 is handled. Duration 1 ms by bot id=8095621527
2025.04.23 18:04:20 aiogram.event        INFO     Update id=511761581 is handled. Duration 1 ms by bot id=8095621527
2025.04.23 18:04:21 aiogram.event        INFO     Update id=511761582 is handled. Duration 1 ms by bot id=8095621527
2025.04.23 18:04:22 aiogram.event        INFO     Update id=511761583 is handled. Duration 1 ms by bot id=8095621527
2025.04.23 18:04:22 aiogram.event        INFO     Update id=511761584 is handled. Duration 1 ms by bot id=8095621527
2025.04.23 18:04:23 aiogram.event        INFO     Update id=511761585 is handled. Duration 1 ms by bot id=8095621527
2025.04.23 18:04:27 aiogram.event        INFO     Update id=511761586 is handled. Duration 1 ms by bot id=8095621527
2025.04.23 18:04:28 aiogram.event        INFO     Update id=511761587 is handled. Duration 1 ms by bot id=8095621527
2025.04.23 18:04:30 aiogram.event        INFO     Update id=511761588 is handled. Duration 1 ms by bot id=8095621527
2025.04.23 18:04:33 aiogram.event        INFO     Update id=511761589 is handled. Duration 1 ms by bot id=8095621527
2025.04.23 18:04:33 aiogram.event        INFO     Update id=511761590 is handled. Duration 1 ms by bot id=8095621527
2025.04.23 18:04:33 plugins.start_plugin ERROR    Komandalar xətası: Telegram server says - Bad Request: there is no text in the message to edit
2025.04.23 18:04:33 aiogram.event        INFO     Update id=511761591 is handled. Duration 95 ms by bot id=8095621527
2025.04.23 18:04:41 aiogram.event        INFO     Update id=511761592 is handled. Duration 1 ms by bot id=8095621527
2025.04.23 18:04:44 aiogram.event        INFO     Update id=511761593 is handled. Duration 1 ms by bot id=8095621527
2025.04.23 18:04:53 aiogram.event        INFO     Update id=511761594 is handled. Duration 1 ms by bot id=8095621527
2025.04.23 18:04:57 aiogram.event        INFO     Update id=511761595 is handled. Duration 1 ms by bot id=8095621527
2025.04.23 18:04:57 aiogram.event        INFO     Update id=511761596 is handled. Duration 1 ms by bot id=8095621527
2025.04.23 18:05:00 aiogram.event        INFO     Update id=511761597 is handled. Duration 1 ms by bot id=8095621527
2025.04.23 18:05:02 aiogram.event        INFO     Update id=511761598 is handled. Duration 2 ms by bot id=8095621527
2025.04.23 18:05:04 aiogram.event        INFO     Update id=511761599 is handled. Duration 1 ms by bot id=8095621527
2025.04.23 18:05:06 aiogram.event        INFO     Update id=511761600 is handled. Duration 1 ms by bot id=8095621527
2025.04.23 18:05:11 aiogram.event        INFO     Update id=511761601 is handled. Duration 1 ms by bot id=8095621527
2025.04.23 18:05:12 aiogram.event        INFO     Update id=511761602 is handled. Duration 1 ms by bot id=8095621527
2025.04.23 18:05:16 aiogram.event        INFO     Update id=511761603 is handled. Duration 1 ms by bot id=8095621527
2025.04.23 18:05:16 aiogram.event        INFO     Update id=511761604 is handled. Duration 1 ms by bot id=8095621527
2025.04.23 18:05:20 aiogram.event        INFO     Update id=511761605 is handled. Duration 1 ms by bot id=8095621527
2025.04.23 18:05:22 aiogram.event        INFO     Update id=511761606 is handled. Duration 13 ms by bot id=8095621527
2025.04.23 18:05:22 aiogram.event        INFO     Update id=511761607 is handled. Duration 1 ms by bot id=8095621527
2025.04.23 18:05:24 aiogram.event        INFO     Update id=511761608 is handled. Duration 1 ms by bot id=8095621527
2025.04.23 18:05:30 aiogram.event        INFO     Update id=511761609 is handled. Duration 1 ms by bot id=8095621527
2025.04.23 18:05:34 aiogram.event        INFO     Update id=511761610 is handled. Duration 1 ms by bot id=8095621527
2025.04.23 18:05:39 aiogram.event        INFO     Update id=511761611 is handled. Duration 1 ms by bot id=8095621527
2025.04.23 18:05:45 aiogram.event        INFO     Update id=511761612 is handled. Duration 1 ms by bot id=8095621527
2025.04.23 18:05:48 aiogram.event        INFO     Update id=511761613 is handled. Duration 1 ms by bot id=8095621527
2025.04.23 18:05:52 aiogram.event        INFO     Update id=511761614 is handled. Duration 1 ms by bot id=8095621527
2025.04.23 18:05:54 aiogram.event        INFO     Update id=511761615 is handled. Duration 1 ms by bot id=8095621527
2025.04.23 18:05:54 aiogram.event        INFO     Update id=511761616 is handled. Duration 1 ms by bot id=8095621527
2025.04.23 18:05:56 aiogram.event        INFO     Update id=511761617 is handled. Duration 1 ms by bot id=8095621527
2025.04.23 18:05:58 aiogram.event        INFO     Update id=511761618 is handled. Duration 1 ms by bot id=8095621527
2025.04.23 18:06:04 aiogram.event        INFO     Update id=511761619 is handled. Duration 1 ms by bot id=8095621527
2025.04.23 18:06:07 aiogram.event        INFO     Update id=511761620 is handled. Duration 1 ms by bot id=8095621527
2025.04.23 18:06:15 aiogram.event        INFO     Update id=511761621 is handled. Duration 1 ms by bot id=8095621527
2025.04.23 18:06:17 aiogram.event        INFO     Update id=511761622 is handled. Duration 1 ms by bot id=8095621527
2025.04.23 18:06:22 aiogram.event        INFO     Update id=511761623 is handled. Duration 1 ms by bot id=8095621527
2025.04.23 18:06:30 aiogram.event        INFO     Update id=511761624 is handled. Duration 1 ms by bot id=8095621527
2025.04.23 18:06:31 aiogram.event        INFO     Update id=511761625 is handled. Duration 1 ms by bot id=8095621527
2025.04.23 18:06:34 aiogram.event        INFO     Update id=511761626 is handled. Duration 1 ms by bot id=8095621527
2025.04.23 18:06:42 aiogram.event        INFO     Update id=511761627 is handled. Duration 1 ms by bot id=8095621527
2025.04.23 18:06:46 aiogram.event        INFO     Update id=511761628 is handled. Duration 1 ms by bot id=8095621527
2025.04.23 18:06:49 aiogram.event        INFO     Update id=511761629 is handled. Duration 1 ms by bot id=8095621527
2025.04.23 18:06:49 aiogram.event        INFO     Update id=511761630 is handled. Duration 1 ms by bot id=8095621527
2025.04.23 18:06:53 aiogram.event        INFO     Update id=511761631 is handled. Duration 1 ms by bot id=8095621527
2025.04.23 18:06:54 aiogram.event        INFO     Update id=511761632 is handled. Duration 1 ms by bot id=8095621527
2025.04.23 18:06:57 aiogram.event        INFO     Update id=511761633 is handled. Duration 1 ms by bot id=8095621527
2025.04.23 18:07:01 aiogram.event        INFO     Update id=511761634 is handled. Duration 2 ms by bot id=8095621527
2025.04.23 18:07:02 aiogram.event        INFO     Update id=511761635 is not handled. Duration 0 ms by bot id=8095621527
2025.04.23 18:07:03 aiogram.event        INFO     Update id=511761636 is not handled. Duration 0 ms by bot id=8095621527
2025.04.23 18:07:52 aiogram.event        INFO     Update id=511761637 is handled. Duration 1 ms by bot id=8095621527
2025.04.23 18:08:04 aiogram.event        INFO     Update id=511761638 is handled. Duration 1 ms by bot id=8095621527
2025.04.23 18:08:11 aiogram.event        INFO     Update id=511761639 is handled. Duration 1 ms by bot id=8095621527
2025.04.23 18:08:19 aiogram.event        INFO     Update id=511761640 is handled. Duration 1 ms by bot id=8095621527
2025.04.23 18:08:20 aiogram.event        INFO     Update id=511761641 is handled. Duration 1 ms by bot id=8095621527
2025.04.23 18:08:35 aiogram.event        INFO     Update id=511761642 is handled. Duration 1 ms by bot id=8095621527
2025.04.23 18:08:38 aiogram.event        INFO     Update id=511761643 is handled. Duration 1 ms by bot id=8095621527
2025.04.23 18:08:48 aiogram.event        INFO     Update id=511761644 is handled. Duration 1 ms by bot id=8095621527
2025.04.23 18:08:54 aiogram.event        INFO     Update id=511761645 is not handled. Duration 1 ms by bot id=8095621527
2025.04.23 18:09:19 aiogram.event        INFO     Update id=511761646 is handled. Duration 1 ms by bot id=8095621527
2025.04.23 18:09:41 aiogram.event        INFO     Update id=511761647 is not handled. Duration 1 ms by bot id=8095621527
2025.04.23 18:10:13 aiogram.dispatcher   WARNING  Received SIGINT signal
2025.04.23 18:10:13 aiogram.dispatcher   INFO     Polling stopped for bot @dllmasterbot id=8095621527 - 'DLLMaster 🍊'
2025.04.23 18:10:13 aiogram.dispatcher   INFO     Polling stopped
2025.04.23 18:10:13 __main__             INFO     🛑 Polling stopped
2025.04.23 18:10:13 __main__             INFO     🔴 Bot stopped
2025.04.23 18:10:18 dotenv.main          WARNING  python-dotenv could not parse statement starting at line 5
2025.04.23 18:10:18 __main__             INFO     🤖 Starting bot...
2025.04.23 18:10:18 __main__             INFO     🚀 Starting bot initialization...
2025.04.23 18:10:18 __main__             INFO     ✅ Database initialized successfully
2025.04.23 18:10:19 core.spotify_handler INFO     Spotify API connection established.
2025.04.23 18:10:19 __main__             INFO     ✅ Spotify service initialized
2025.04.23 18:10:19 core.webprofile      INFO     Seçilmiş User-Agent: Mozilla/5.0 (Windows NT 10.0; Win64; x64) AppleWebKit/537.36 (KHTML, like Gecko) Chrome/122.0.0.0 Safari/537.36
2025.04.23 18:10:19 core.youtube_handler INFO     firefox brauzerindən cookies istifadə edilir.
2025.04.23 18:10:19 __main__             INFO     ✅ YouTube services initialized (firefox)
2025.04.23 18:10:19 __main__             INFO     🔌 Loading plugins...
2025.04.23 18:10:19 __main__             INFO     🔍 Scanning plugins in: plugins
2025.04.23 18:10:19 __main__             INFO     🔄 Loading: plugins.spotify_plugin
2025.04.23 18:10:19 __main__             INFO     ✅ Loaded (sync): plugins.spotify_plugin
2025.04.23 18:10:19 __main__             INFO     🔄 Loading: plugins.menu_plugin
2025.04.23 18:10:19 plugins.menu_plugin  INFO     ✅ Menu plugin yükləndi
2025.04.23 18:10:19 __main__             INFO     ✅ Loaded (async): plugins.menu_plugin
2025.04.23 18:10:19 __main__             INFO     🔄 Loading: plugins.sudo_plugin
2025.04.23 18:10:19 __main__             INFO     ✅ Loaded (sync): plugins.sudo_plugin
2025.04.23 18:10:19 __main__             INFO     🔄 Loading: plugins.youtube_plugin
2025.04.23 18:10:19 __main__             INFO     ✅ Loaded (sync): plugins.youtube_plugin
2025.04.23 18:10:19 __main__             INFO     🔄 Loading: plugins.neofetch_plugin
2025.04.23 18:10:19 __main__             INFO     ✅ Loaded (sync): plugins.neofetch_plugin
2025.04.23 18:10:19 __main__             INFO     🔄 Loading: plugins.id_command
2025.04.23 18:10:19 plugins.id_command   INFO     ✅ info_command plugin successfully loaded
2025.04.23 18:10:19 __main__             INFO     ✅ Loaded (async): plugins.id_command
2025.04.23 18:10:19 __main__             INFO     🔄 Loading: plugins.report_plugin
2025.04.23 18:10:19 __main__             INFO     ✅ Loaded (async): plugins.report_plugin
2025.04.23 18:10:19 __main__             INFO     🔄 Loading: plugins.del_plugin
2025.04.23 18:10:19 __main__             INFO     ✅ Loaded (sync): plugins.del_plugin
2025.04.23 18:10:19 __main__             INFO     🔄 Loading: plugins.mutagen
2025.04.23 18:10:19 plugins.mutagen      INFO     ✅ Mutagen plugin loaded successfully
2025.04.23 18:10:19 __main__             INFO     ✅ Loaded (sync): plugins.mutagen
2025.04.23 18:10:19 __main__             INFO     🔄 Loading: plugins.music_plugin
2025.04.23 18:10:19 __main__             INFO     ✅ Loaded (sync): plugins.music_plugin
2025.04.23 18:10:19 __main__             INFO     🔄 Loading: plugins.start_plugin
2025.04.23 18:10:19 __main__             ERROR    ❌ Failed to load plugins.start_plugin: unmatched ')' (start_plugin.py, line 128)
Traceback (most recent call last):
  File "/home/admin/DLMaster/app.py", line 96, in load_plugins
    module = importlib.import_module(module_name)
             ^^^^^^^^^^^^^^^^^^^^^^^^^^^^^^^^^^^^
  File "/usr/lib/python3.11/importlib/__init__.py", line 126, in import_module
    return _bootstrap._gcd_import(name[level:], package, level)
           ^^^^^^^^^^^^^^^^^^^^^^^^^^^^^^^^^^^^^^^^^^^^^^^^^^^^
  File "<frozen importlib._bootstrap>", line 1206, in _gcd_import
  File "<frozen importlib._bootstrap>", line 1178, in _find_and_load
  File "<frozen importlib._bootstrap>", line 1149, in _find_and_load_unlocked
  File "<frozen importlib._bootstrap>", line 690, in _load_unlocked
  File "<frozen importlib._bootstrap_external>", line 936, in exec_module
  File "<frozen importlib._bootstrap_external>", line 1074, in get_code
  File "<frozen importlib._bootstrap_external>", line 1004, in source_to_code
  File "<frozen importlib._bootstrap>", line 241, in _call_with_frames_removed
  File "/home/admin/DLMaster/plugins/start_plugin.py", line 128
    @router.callback_query(F.data == f"{CALLBACK_PREFIX}show_commands"))
                                                                       ^
SyntaxError: unmatched ')'
2025.04.23 18:10:19 __main__             INFO     🔄 Loading: plugins.stats_plugin
2025.04.23 18:10:19 __main__             INFO     ✅ Loaded (sync): plugins.stats_plugin
2025.04.23 18:10:19 __main__             INFO     🔄 Loading: plugins.dir_plugin
2025.04.23 18:10:19 __main__             INFO     ✅ Loaded (sync): plugins.dir_plugin
2025.04.23 18:10:19 __main__             INFO     🔄 Loading: plugins.broadcast_plugin
2025.04.23 18:10:19 __main__             INFO     ✅ Loaded (sync): plugins.broadcast_plugin
2025.04.23 18:10:19 __main__             INFO     🔄 Loading: plugins.speedtest_plugin
2025.04.23 18:10:19 __main__             INFO     ✅ Loaded (sync): plugins.speedtest_plugin
2025.04.23 18:10:19 __main__             INFO     🔄 Loading: plugins.profile
2025.04.23 18:10:19 plugins.profile      INFO     ✅ Profile plugin loaded
2025.04.23 18:10:19 __main__             INFO     ✅ Loaded (async): plugins.profile
2025.04.23 18:10:19 __main__             INFO     🔄 Loading: plugins.bot_logs
2025.04.23 18:10:19 plugins.bot_logs     INFO     ✅ Logs plugin loaded
2025.04.23 18:10:19 __main__             INFO     ✅ Loaded (async): plugins.bot_logs
2025.04.23 18:10:19 __main__             INFO     🚀 Starting polling...
2025.04.23 18:10:19 aiogram.dispatcher   INFO     Start polling
2025.04.23 18:10:19 aiogram.dispatcher   INFO     Run polling for bot @dllmasterbot id=8095621527 - 'DLLMaster 🍊'
2025.04.23 18:10:36 aiogram.event        INFO     Update id=511761648 is handled. Duration 1 ms by bot id=8095621527
2025.04.23 18:10:52 aiogram.dispatcher   WARNING  Received SIGINT signal
2025.04.23 18:10:52 aiogram.dispatcher   INFO     Polling stopped for bot @dllmasterbot id=8095621527 - 'DLLMaster 🍊'
2025.04.23 18:10:52 aiogram.dispatcher   INFO     Polling stopped
2025.04.23 18:10:52 __main__             INFO     🛑 Polling stopped
2025.04.23 18:10:52 __main__             INFO     🔴 Bot stopped
2025.04.23 18:10:57 dotenv.main          WARNING  python-dotenv could not parse statement starting at line 5
2025.04.23 18:10:57 __main__             INFO     🤖 Starting bot...
2025.04.23 18:10:57 __main__             INFO     🚀 Starting bot initialization...
2025.04.23 18:10:57 __main__             INFO     ✅ Database initialized successfully
2025.04.23 18:10:57 core.spotify_handler INFO     Spotify API connection established.
2025.04.23 18:10:57 __main__             INFO     ✅ Spotify service initialized
2025.04.23 18:10:57 core.webprofile      INFO     Seçilmiş User-Agent: Mozilla/5.0 (iPad; CPU OS 17_2 like Mac OS X) AppleWebKit/605.1.15 (KHTML, like Gecko) Version/17.2 Mobile/15E148 Safari/604.1
2025.04.23 18:10:57 core.youtube_handler INFO     firefox brauzerindən cookies istifadə edilir.
2025.04.23 18:10:57 __main__             INFO     ✅ YouTube services initialized (firefox)
2025.04.23 18:10:57 __main__             INFO     🔌 Loading plugins...
2025.04.23 18:10:57 __main__             INFO     🔍 Scanning plugins in: plugins
2025.04.23 18:10:57 __main__             INFO     🔄 Loading: plugins.spotify_plugin
2025.04.23 18:10:57 __main__             INFO     ✅ Loaded (sync): plugins.spotify_plugin
2025.04.23 18:10:57 __main__             INFO     🔄 Loading: plugins.menu_plugin
2025.04.23 18:10:57 plugins.menu_plugin  INFO     ✅ Menu plugin yükləndi
2025.04.23 18:10:57 __main__             INFO     ✅ Loaded (async): plugins.menu_plugin
2025.04.23 18:10:57 __main__             INFO     🔄 Loading: plugins.sudo_plugin
2025.04.23 18:10:57 __main__             INFO     ✅ Loaded (sync): plugins.sudo_plugin
2025.04.23 18:10:57 __main__             INFO     🔄 Loading: plugins.youtube_plugin
2025.04.23 18:10:57 __main__             INFO     ✅ Loaded (sync): plugins.youtube_plugin
2025.04.23 18:10:57 __main__             INFO     🔄 Loading: plugins.neofetch_plugin
2025.04.23 18:10:57 __main__             INFO     ✅ Loaded (sync): plugins.neofetch_plugin
2025.04.23 18:10:57 __main__             INFO     🔄 Loading: plugins.id_command
2025.04.23 18:10:57 plugins.id_command   INFO     ✅ info_command plugin successfully loaded
2025.04.23 18:10:57 __main__             INFO     ✅ Loaded (async): plugins.id_command
2025.04.23 18:10:57 __main__             INFO     🔄 Loading: plugins.report_plugin
2025.04.23 18:10:57 __main__             INFO     ✅ Loaded (async): plugins.report_plugin
2025.04.23 18:10:57 __main__             INFO     🔄 Loading: plugins.del_plugin
2025.04.23 18:10:57 __main__             INFO     ✅ Loaded (sync): plugins.del_plugin
2025.04.23 18:10:57 __main__             INFO     🔄 Loading: plugins.mutagen
2025.04.23 18:10:57 plugins.mutagen      INFO     ✅ Mutagen plugin loaded successfully
2025.04.23 18:10:57 __main__             INFO     ✅ Loaded (sync): plugins.mutagen
2025.04.23 18:10:57 __main__             INFO     🔄 Loading: plugins.music_plugin
2025.04.23 18:10:57 __main__             INFO     ✅ Loaded (sync): plugins.music_plugin
2025.04.23 18:10:57 __main__             INFO     🔄 Loading: plugins.start_plugin
2025.04.23 18:10:57 plugins.start_plugin INFO     ✅ Start plugin yükləndi
2025.04.23 18:10:57 __main__             INFO     ✅ Loaded (async): plugins.start_plugin
2025.04.23 18:10:57 __main__             INFO     🔄 Loading: plugins.stats_plugin
2025.04.23 18:10:57 __main__             INFO     ✅ Loaded (sync): plugins.stats_plugin
2025.04.23 18:10:57 __main__             INFO     🔄 Loading: plugins.dir_plugin
2025.04.23 18:10:57 __main__             INFO     ✅ Loaded (sync): plugins.dir_plugin
2025.04.23 18:10:57 __main__             INFO     🔄 Loading: plugins.broadcast_plugin
2025.04.23 18:10:57 __main__             INFO     ✅ Loaded (sync): plugins.broadcast_plugin
2025.04.23 18:10:57 __main__             INFO     🔄 Loading: plugins.speedtest_plugin
2025.04.23 18:10:57 __main__             INFO     ✅ Loaded (sync): plugins.speedtest_plugin
2025.04.23 18:10:57 __main__             INFO     🔄 Loading: plugins.profile
2025.04.23 18:10:57 plugins.profile      INFO     ✅ Profile plugin loaded
2025.04.23 18:10:57 __main__             INFO     ✅ Loaded (async): plugins.profile
2025.04.23 18:10:57 __main__             INFO     🔄 Loading: plugins.bot_logs
2025.04.23 18:10:57 plugins.bot_logs     INFO     ✅ Logs plugin loaded
2025.04.23 18:10:57 __main__             INFO     ✅ Loaded (async): plugins.bot_logs
2025.04.23 18:10:57 __main__             INFO     🚀 Starting polling...
2025.04.23 18:10:57 aiogram.dispatcher   INFO     Start polling
2025.04.23 18:10:57 aiogram.dispatcher   INFO     Run polling for bot @dllmasterbot id=8095621527 - 'DLLMaster 🍊'
2025.04.23 18:10:57 aiogram.event        INFO     Update id=511761649 is handled. Duration 1 ms by bot id=8095621527
2025.04.23 18:10:59 aiogram.event        INFO     Update id=511761650 is handled. Duration 1 ms by bot id=8095621527
2025.04.23 18:11:06 aiogram.event        INFO     Update id=511761651 is handled. Duration 739 ms by bot id=8095621527
2025.04.23 18:11:16 aiogram.event        INFO     Update id=511761652 is not handled. Duration 0 ms by bot id=8095621527
2025.04.23 18:11:16 aiogram.event        INFO     Update id=511761653 is not handled. Duration 1 ms by bot id=8095621527
2025.04.23 18:11:32 aiogram.event        INFO     Update id=511761654 is not handled. Duration 0 ms by bot id=8095621527
2025.04.23 18:11:32 aiogram.event        INFO     Update id=511761655 is not handled. Duration 1 ms by bot id=8095621527
2025.04.23 18:11:37 aiogram.event        INFO     Update id=511761656 is handled. Duration 1 ms by bot id=8095621527
2025.04.23 18:11:54 aiogram.event        INFO     Update id=511761657 is handled. Duration 1 ms by bot id=8095621527
2025.04.23 18:12:21 aiogram.dispatcher   WARNING  Received SIGINT signal
2025.04.23 18:12:21 aiogram.dispatcher   INFO     Polling stopped for bot @dllmasterbot id=8095621527 - 'DLLMaster 🍊'
2025.04.23 18:12:21 aiogram.dispatcher   INFO     Polling stopped
2025.04.23 18:12:21 __main__             INFO     🛑 Polling stopped
2025.04.23 18:12:21 __main__             INFO     🔴 Bot stopped
2025.04.23 18:12:26 dotenv.main          WARNING  python-dotenv could not parse statement starting at line 5
2025.04.23 18:12:26 __main__             INFO     🤖 Starting bot...
2025.04.23 18:12:26 __main__             INFO     🚀 Starting bot initialization...
2025.04.23 18:12:26 __main__             INFO     ✅ Database initialized successfully
2025.04.23 18:12:26 core.spotify_handler INFO     Spotify API connection established.
2025.04.23 18:12:26 __main__             INFO     ✅ Spotify service initialized
2025.04.23 18:12:26 core.webprofile      INFO     Seçilmiş User-Agent: Mozilla/5.0 (iPad; CPU OS 17_2 like Mac OS X) AppleWebKit/605.1.15 (KHTML, like Gecko) Version/17.2 Mobile/15E148 Safari/604.1
2025.04.23 18:12:26 core.youtube_handler INFO     firefox brauzerindən cookies istifadə edilir.
2025.04.23 18:12:26 __main__             INFO     ✅ YouTube services initialized (firefox)
2025.04.23 18:12:26 __main__             INFO     🔌 Loading plugins...
2025.04.23 18:12:26 __main__             INFO     🔍 Scanning plugins in: plugins
2025.04.23 18:12:26 __main__             INFO     🔄 Loading: plugins.spotify_plugin
2025.04.23 18:12:26 __main__             INFO     ✅ Loaded (sync): plugins.spotify_plugin
2025.04.23 18:12:26 __main__             INFO     🔄 Loading: plugins.menu_plugin
2025.04.23 18:12:26 plugins.menu_plugin  INFO     ✅ Menu plugin yükləndi
2025.04.23 18:12:26 __main__             INFO     ✅ Loaded (async): plugins.menu_plugin
2025.04.23 18:12:26 __main__             INFO     🔄 Loading: plugins.sudo_plugin
2025.04.23 18:12:26 __main__             INFO     ✅ Loaded (sync): plugins.sudo_plugin
2025.04.23 18:12:26 __main__             INFO     🔄 Loading: plugins.youtube_plugin
2025.04.23 18:12:26 __main__             INFO     ✅ Loaded (sync): plugins.youtube_plugin
2025.04.23 18:12:26 __main__             INFO     🔄 Loading: plugins.neofetch_plugin
2025.04.23 18:12:26 __main__             INFO     ✅ Loaded (sync): plugins.neofetch_plugin
2025.04.23 18:12:26 __main__             INFO     🔄 Loading: plugins.id_command
2025.04.23 18:12:26 plugins.id_command   INFO     ✅ info_command plugin successfully loaded
2025.04.23 18:12:26 __main__             INFO     ✅ Loaded (async): plugins.id_command
2025.04.23 18:12:26 __main__             INFO     🔄 Loading: plugins.report_plugin
2025.04.23 18:12:26 __main__             INFO     ✅ Loaded (async): plugins.report_plugin
2025.04.23 18:12:26 __main__             INFO     🔄 Loading: plugins.del_plugin
2025.04.23 18:12:26 __main__             INFO     ✅ Loaded (sync): plugins.del_plugin
2025.04.23 18:12:26 __main__             INFO     🔄 Loading: plugins.mutagen
2025.04.23 18:12:26 plugins.mutagen      INFO     ✅ Mutagen plugin loaded successfully
2025.04.23 18:12:26 __main__             INFO     ✅ Loaded (sync): plugins.mutagen
2025.04.23 18:12:26 __main__             INFO     🔄 Loading: plugins.music_plugin
2025.04.23 18:12:26 __main__             INFO     ✅ Loaded (sync): plugins.music_plugin
2025.04.23 18:12:26 __main__             INFO     🔄 Loading: plugins.start_plugin
2025.04.23 18:12:26 plugins.start_plugin INFO     ✅ Start plugin yükləndi
2025.04.23 18:12:26 __main__             INFO     ✅ Loaded (async): plugins.start_plugin
2025.04.23 18:12:26 __main__             INFO     🔄 Loading: plugins.stats_plugin
2025.04.23 18:12:26 __main__             INFO     ✅ Loaded (sync): plugins.stats_plugin
2025.04.23 18:12:26 __main__             INFO     🔄 Loading: plugins.dir_plugin
2025.04.23 18:12:26 __main__             INFO     ✅ Loaded (sync): plugins.dir_plugin
2025.04.23 18:12:26 __main__             INFO     🔄 Loading: plugins.broadcast_plugin
2025.04.23 18:12:26 __main__             INFO     ✅ Loaded (sync): plugins.broadcast_plugin
2025.04.23 18:12:26 __main__             INFO     🔄 Loading: plugins.speedtest_plugin
2025.04.23 18:12:26 __main__             INFO     ✅ Loaded (sync): plugins.speedtest_plugin
2025.04.23 18:12:26 __main__             INFO     🔄 Loading: plugins.profile
2025.04.23 18:12:26 plugins.profile      INFO     ✅ Profile plugin loaded
2025.04.23 18:12:26 __main__             INFO     ✅ Loaded (async): plugins.profile
2025.04.23 18:12:26 __main__             INFO     🔄 Loading: plugins.bot_logs
2025.04.23 18:12:26 plugins.bot_logs     INFO     ✅ Logs plugin loaded
2025.04.23 18:12:26 __main__             INFO     ✅ Loaded (async): plugins.bot_logs
2025.04.23 18:12:26 __main__             INFO     🚀 Starting polling...
2025.04.23 18:12:26 aiogram.dispatcher   INFO     Start polling
2025.04.23 18:12:26 aiogram.dispatcher   INFO     Run polling for bot @dllmasterbot id=8095621527 - 'DLLMaster 🍊'
2025.04.23 18:12:26 aiogram.event        INFO     Update id=511761658 is handled. Duration 1 ms by bot id=8095621527
2025.04.23 18:12:27 aiogram.event        INFO     Update id=511761659 is handled. Duration 1 ms by bot id=8095621527
2025.04.23 18:12:37 aiogram.event        INFO     Update id=511761660 is handled. Duration 1 ms by bot id=8095621527
2025.04.23 18:12:37 aiogram.event        INFO     Update id=511761661 is not handled. Duration 0 ms by bot id=8095621527
2025.04.23 18:12:45 aiogram.event        INFO     Update id=511761662 is not handled. Duration 0 ms by bot id=8095621527
2025.04.23 18:12:45 aiogram.event        INFO     Update id=511761663 is not handled. Duration 1 ms by bot id=8095621527
2025.04.23 18:12:52 aiogram.event        INFO     Update id=511761664 is not handled. Duration 1 ms by bot id=8095621527
2025.04.23 18:13:03 aiogram.event        INFO     Update id=511761665 is not handled. Duration 0 ms by bot id=8095621527
2025.04.23 18:13:03 aiogram.event        INFO     Update id=511761666 is not handled. Duration 1 ms by bot id=8095621527
2025.04.23 18:13:10 aiogram.event        INFO     Update id=511761667 is not handled. Duration 0 ms by bot id=8095621527
2025.04.23 18:13:10 aiogram.event        INFO     Update id=511761668 is not handled. Duration 1 ms by bot id=8095621527
2025.04.23 18:13:22 aiogram.event        INFO     Update id=511761669 is handled. Duration 316 ms by bot id=8095621527
2025.04.23 18:15:25 aiogram.event        INFO     Update id=511761670 is not handled. Duration 1 ms by bot id=8095621527
2025.04.23 18:17:45 aiogram.dispatcher   WARNING  Received SIGINT signal
2025.04.23 18:17:45 aiogram.dispatcher   INFO     Polling stopped for bot @dllmasterbot id=8095621527 - 'DLLMaster 🍊'
2025.04.23 18:17:45 aiogram.dispatcher   INFO     Polling stopped
2025.04.23 18:17:45 __main__             INFO     🛑 Polling stopped
2025.04.23 18:17:45 __main__             INFO     🔴 Bot stopped
2025.04.23 18:17:50 dotenv.main          WARNING  python-dotenv could not parse statement starting at line 5
2025.04.23 18:17:50 __main__             INFO     🤖 Starting bot...
2025.04.23 18:17:50 __main__             INFO     🚀 Starting bot initialization...
2025.04.23 18:17:50 __main__             INFO     ✅ Database initialized successfully
2025.04.23 18:17:50 core.spotify_handler INFO     Spotify API connection established.
2025.04.23 18:17:50 __main__             INFO     ✅ Spotify service initialized
2025.04.23 18:17:50 core.webprofile      INFO     Seçilmiş User-Agent: Mozilla/5.0 (iPad; CPU OS 17_2 like Mac OS X) AppleWebKit/605.1.15 (KHTML, like Gecko) Version/17.2 Mobile/15E148 Safari/604.1
2025.04.23 18:17:50 core.youtube_handler INFO     firefox brauzerindən cookies istifadə edilir.
2025.04.23 18:17:50 __main__             INFO     ✅ YouTube services initialized (firefox)
2025.04.23 18:17:50 __main__             INFO     🔌 Loading plugins...
2025.04.23 18:17:50 __main__             INFO     🔍 Scanning plugins in: plugins
2025.04.23 18:17:50 __main__             INFO     🔄 Loading: plugins.spotify_plugin
2025.04.23 18:17:50 __main__             INFO     ✅ Loaded (sync): plugins.spotify_plugin
2025.04.23 18:17:50 __main__             INFO     🔄 Loading: plugins.menu_plugin
2025.04.23 18:17:50 plugins.menu_plugin  INFO     ✅ Menu plugin yükləndi
2025.04.23 18:17:50 __main__             INFO     ✅ Loaded (async): plugins.menu_plugin
2025.04.23 18:17:50 __main__             INFO     🔄 Loading: plugins.sudo_plugin
2025.04.23 18:17:50 __main__             INFO     ✅ Loaded (sync): plugins.sudo_plugin
2025.04.23 18:17:50 __main__             INFO     🔄 Loading: plugins.youtube_plugin
2025.04.23 18:17:50 __main__             INFO     ✅ Loaded (sync): plugins.youtube_plugin
2025.04.23 18:17:50 __main__             INFO     🔄 Loading: plugins.neofetch_plugin
2025.04.23 18:17:50 __main__             INFO     ✅ Loaded (sync): plugins.neofetch_plugin
2025.04.23 18:17:50 __main__             INFO     🔄 Loading: plugins.id_command
2025.04.23 18:17:50 plugins.id_command   INFO     ✅ info_command plugin successfully loaded
2025.04.23 18:17:50 __main__             INFO     ✅ Loaded (async): plugins.id_command
2025.04.23 18:17:50 __main__             INFO     🔄 Loading: plugins.report_plugin
2025.04.23 18:17:50 __main__             INFO     ✅ Loaded (async): plugins.report_plugin
2025.04.23 18:17:50 __main__             INFO     🔄 Loading: plugins.del_plugin
2025.04.23 18:17:50 __main__             INFO     ✅ Loaded (sync): plugins.del_plugin
2025.04.23 18:17:50 __main__             INFO     🔄 Loading: plugins.mutagen
2025.04.23 18:17:50 plugins.mutagen      INFO     ✅ Mutagen plugin loaded successfully
2025.04.23 18:17:50 __main__             INFO     ✅ Loaded (sync): plugins.mutagen
2025.04.23 18:17:50 __main__             INFO     🔄 Loading: plugins.music_plugin
2025.04.23 18:17:50 __main__             INFO     ✅ Loaded (sync): plugins.music_plugin
2025.04.23 18:17:50 __main__             INFO     🔄 Loading: plugins.start_plugin
2025.04.23 18:17:50 plugins.start_plugin INFO     ✅ Start plugin yükləndi
2025.04.23 18:17:50 __main__             INFO     ✅ Loaded (async): plugins.start_plugin
2025.04.23 18:17:50 __main__             INFO     🔄 Loading: plugins.stats_plugin
2025.04.23 18:17:50 __main__             INFO     ✅ Loaded (sync): plugins.stats_plugin
2025.04.23 18:17:50 __main__             INFO     🔄 Loading: plugins.dir_plugin
2025.04.23 18:17:50 __main__             INFO     ✅ Loaded (sync): plugins.dir_plugin
2025.04.23 18:17:50 __main__             INFO     🔄 Loading: plugins.broadcast_plugin
2025.04.23 18:17:50 __main__             INFO     ✅ Loaded (sync): plugins.broadcast_plugin
2025.04.23 18:17:50 __main__             INFO     🔄 Loading: plugins.speedtest_plugin
2025.04.23 18:17:50 __main__             INFO     ✅ Loaded (sync): plugins.speedtest_plugin
2025.04.23 18:17:50 __main__             INFO     🔄 Loading: plugins.profile
2025.04.23 18:17:50 plugins.profile      INFO     ✅ Profile plugin loaded
2025.04.23 18:17:50 __main__             INFO     ✅ Loaded (async): plugins.profile
2025.04.23 18:17:50 __main__             INFO     🔄 Loading: plugins.bot_logs
2025.04.23 18:17:50 plugins.bot_logs     INFO     ✅ Logs plugin loaded
2025.04.23 18:17:50 __main__             INFO     ✅ Loaded (async): plugins.bot_logs
2025.04.23 18:17:50 __main__             INFO     🚀 Starting polling...
2025.04.23 18:17:50 aiogram.dispatcher   INFO     Start polling
2025.04.23 18:17:50 aiogram.dispatcher   INFO     Run polling for bot @dllmasterbot id=8095621527 - 'DLLMaster 🍊'
2025.04.23 18:17:59 aiogram.event        INFO     Update id=511761671 is not handled. Duration 0 ms by bot id=8095621527
2025.04.23 18:17:59 aiogram.event        INFO     Update id=511761672 is not handled. Duration 1 ms by bot id=8095621527
2025.04.23 18:18:05 aiogram.event        INFO     Update id=511761673 is not handled. Duration 0 ms by bot id=8095621527
2025.04.23 18:18:05 aiogram.event        INFO     Update id=511761674 is not handled. Duration 1 ms by bot id=8095621527
2025.04.23 18:18:40 aiogram.event        INFO     Update id=511761675 is handled. Duration 1 ms by bot id=8095621527
2025.04.23 18:18:49 aiogram.event        INFO     Update id=511761676 is not handled. Duration 1 ms by bot id=8095621527
2025.04.23 18:20:00 aiogram.event        INFO     Update id=511761677 is handled. Duration 1 ms by bot id=8095621527
2025.04.23 18:20:10 aiogram.event        INFO     Update id=511761678 is handled. Duration 1 ms by bot id=8095621527
2025.04.23 18:21:15 aiogram.event        INFO     Update id=511761679 is not handled. Duration 0 ms by bot id=8095621527
2025.04.23 18:21:15 aiogram.event        INFO     Update id=511761680 is not handled. Duration 2 ms by bot id=8095621527
2025.04.23 18:21:24 aiogram.event        INFO     Update id=511761681 is not handled. Duration 0 ms by bot id=8095621527
2025.04.23 18:21:24 aiogram.event        INFO     Update id=511761682 is not handled. Duration 1 ms by bot id=8095621527
2025.04.23 18:21:39 aiogram.event        INFO     Update id=511761683 is handled. Duration 1 ms by bot id=8095621527
2025.04.23 18:22:18 aiogram.event        INFO     Update id=511761684 is handled. Duration 1 ms by bot id=8095621527
2025.04.23 18:22:27 aiogram.event        INFO     Update id=511761685 is handled. Duration 1 ms by bot id=8095621527
2025.04.23 18:29:24 aiogram.dispatcher   WARNING  Received SIGINT signal
2025.04.23 18:29:24 aiogram.dispatcher   INFO     Polling stopped for bot @dllmasterbot id=8095621527 - 'DLLMaster 🍊'
2025.04.23 18:29:24 aiogram.dispatcher   INFO     Polling stopped
2025.04.23 18:29:24 __main__             INFO     🛑 Polling stopped
2025.04.23 18:29:24 __main__             INFO     🔴 Bot stopped
2025.04.23 18:29:41 dotenv.main          WARNING  python-dotenv could not parse statement starting at line 5
2025.04.23 18:29:41 __main__             INFO     🤖 Starting bot...
2025.04.23 18:29:41 __main__             INFO     🚀 Starting bot initialization...
2025.04.23 18:29:41 __main__             INFO     ✅ Database initialized successfully
2025.04.23 18:29:41 core.spotify_handler INFO     Spotify API connection established.
2025.04.23 18:29:41 __main__             INFO     ✅ Spotify service initialized
2025.04.23 18:29:41 core.webprofile      INFO     Seçilmiş User-Agent: Mozilla/5.0 (X11; Ubuntu; Linux x86_64; rv:120.0) Gecko/20100101 Firefox/120.0
2025.04.23 18:29:41 core.youtube_handler INFO     firefox brauzerindən cookies istifadə edilir.
2025.04.23 18:29:41 __main__             INFO     ✅ YouTube services initialized (firefox)
2025.04.23 18:29:41 __main__             INFO     🔌 Loading plugins...
2025.04.23 18:29:41 __main__             INFO     🔍 Scanning plugins in: plugins
2025.04.23 18:29:41 __main__             INFO     🔄 Loading: plugins.spotify_plugin
2025.04.23 18:29:41 __main__             INFO     ✅ Loaded (sync): plugins.spotify_plugin
2025.04.23 18:29:41 __main__             INFO     🔄 Loading: plugins.menu_plugin
2025.04.23 18:29:41 plugins.menu_plugin  INFO     ✅ Menu plugin yükləndi
2025.04.23 18:29:41 __main__             INFO     ✅ Loaded (async): plugins.menu_plugin
2025.04.23 18:29:41 __main__             INFO     🔄 Loading: plugins.sudo_plugin
2025.04.23 18:29:41 __main__             INFO     ✅ Loaded (sync): plugins.sudo_plugin
2025.04.23 18:29:41 __main__             INFO     🔄 Loading: plugins.youtube_plugin
2025.04.23 18:29:41 __main__             INFO     ✅ Loaded (sync): plugins.youtube_plugin
2025.04.23 18:29:41 __main__             INFO     🔄 Loading: plugins.neofetch_plugin
2025.04.23 18:29:41 __main__             INFO     ✅ Loaded (sync): plugins.neofetch_plugin
2025.04.23 18:29:41 __main__             INFO     🔄 Loading: plugins.id_command
2025.04.23 18:29:41 plugins.id_command   INFO     ✅ info_command plugin successfully loaded
2025.04.23 18:29:41 __main__             INFO     ✅ Loaded (async): plugins.id_command
2025.04.23 18:29:41 __main__             INFO     🔄 Loading: plugins.report_plugin
2025.04.23 18:29:41 __main__             INFO     ✅ Loaded (async): plugins.report_plugin
2025.04.23 18:29:41 __main__             INFO     🔄 Loading: plugins.del_plugin
2025.04.23 18:29:41 __main__             INFO     ✅ Loaded (sync): plugins.del_plugin
2025.04.23 18:29:41 __main__             INFO     🔄 Loading: plugins.mutagen
2025.04.23 18:29:41 plugins.mutagen      INFO     ✅ Mutagen plugin loaded successfully
2025.04.23 18:29:41 __main__             INFO     ✅ Loaded (sync): plugins.mutagen
2025.04.23 18:29:41 __main__             INFO     🔄 Loading: plugins.music_plugin
2025.04.23 18:29:41 __main__             INFO     ✅ Loaded (sync): plugins.music_plugin
2025.04.23 18:29:41 __main__             INFO     🔄 Loading: plugins.start_plugin
2025.04.23 18:29:41 plugins.start_plugin INFO     ✅ Start plugin yükləndi
2025.04.23 18:29:41 __main__             INFO     ✅ Loaded (async): plugins.start_plugin
2025.04.23 18:29:41 __main__             INFO     🔄 Loading: plugins.stats_plugin
2025.04.23 18:29:41 __main__             INFO     ✅ Loaded (sync): plugins.stats_plugin
2025.04.23 18:29:41 __main__             INFO     🔄 Loading: plugins.dir_plugin
2025.04.23 18:29:41 __main__             INFO     ✅ Loaded (sync): plugins.dir_plugin
2025.04.23 18:29:41 __main__             INFO     🔄 Loading: plugins.broadcast_plugin
2025.04.23 18:29:41 __main__             INFO     ✅ Loaded (sync): plugins.broadcast_plugin
2025.04.23 18:29:41 __main__             INFO     🔄 Loading: plugins.speedtest_plugin
2025.04.23 18:29:41 __main__             INFO     ✅ Loaded (sync): plugins.speedtest_plugin
2025.04.23 18:29:41 __main__             INFO     🔄 Loading: plugins.profile
2025.04.23 18:29:41 plugins.profile      INFO     ✅ Profile plugin loaded
2025.04.23 18:29:41 __main__             INFO     ✅ Loaded (async): plugins.profile
2025.04.23 18:29:41 __main__             INFO     🔄 Loading: plugins.bot_logs
2025.04.23 18:29:41 plugins.bot_logs     INFO     ✅ Logs plugin loaded
2025.04.23 18:29:41 __main__             INFO     ✅ Loaded (async): plugins.bot_logs
2025.04.23 18:29:41 __main__             INFO     🚀 Starting polling...
2025.04.23 18:29:41 aiogram.dispatcher   INFO     Start polling
2025.04.23 18:29:41 aiogram.dispatcher   INFO     Run polling for bot @dllmasterbot id=8095621527 - 'DLLMaster 🍊'
2025.04.23 18:29:46 aiogram.event        INFO     Update id=511761686 is handled. Duration 158 ms by bot id=8095621527
2025.04.23 18:29:57 aiogram.event        INFO     Update id=511761687 is not handled. Duration 0 ms by bot id=8095621527
2025.04.23 18:29:57 aiogram.event        INFO     Update id=511761688 is not handled. Duration 2 ms by bot id=8095621527
2025.04.23 18:30:07 aiogram.event        INFO     Update id=511761689 is not handled. Duration 0 ms by bot id=8095621527
2025.04.23 18:30:07 aiogram.event        INFO     Update id=511761690 is not handled. Duration 1 ms by bot id=8095621527
2025.04.23 18:30:10 aiogram.event        INFO     Update id=511761691 is handled. Duration 181 ms by bot id=8095621527
2025.04.23 18:30:12 aiogram.event        INFO     Update id=511761692 is handled. Duration 133 ms by bot id=8095621527
2025.04.23 18:32:14 core.webprofile      INFO     firefox brauzerindən cookies istifadə edilir.
2025.04.23 18:32:14 core.webprofile      INFO     Seçilmiş User-Agent: Mozilla/5.0 (Windows NT 10.0; Win64; x64) AppleWebKit/537.36 (KHTML, like Gecko) Edge/120.0.0.0 Safari/537.36
2025.04.23 18:32:23 aiogram.event        INFO     Update id=511761693 is handled. Duration 9170 ms by bot id=8095621527
2025.04.23 18:32:27 aiogram.event        INFO     Update id=511761694 is handled. Duration 79 ms by bot id=8095621527
2025.04.23 18:32:31 aiogram.event        INFO     Update id=511761695 is handled. Duration 99 ms by bot id=8095621527
2025.04.23 18:32:33 core.webprofile      INFO     firefox brauzerindən cookies istifadə edilir.
2025.04.23 18:32:33 core.webprofile      INFO     Seçilmiş User-Agent: Mozilla/5.0 (Linux; Android 14; Pixel 8 Pro) AppleWebKit/537.36 (KHTML, like Gecko) Chrome/122.0.0.0 Mobile Safari/537.36
2025.04.23 18:32:45 aiogram.event        INFO     Update id=511761696 is handled. Duration 12092 ms by bot id=8095621527
2025.04.23 18:33:00 aiogram.event        INFO     Update id=511761697 is handled. Duration 1 ms by bot id=8095621527
2025.04.23 18:37:23 aiogram.event        INFO     Update id=511761698 is handled. Duration 5 ms by bot id=8095621527
2025.04.23 18:37:23 aiogram.event        INFO     Update id=511761703 is handled. Duration 4 ms by bot id=8095621527
2025.04.23 18:37:23 aiogram.event        INFO     Update id=511761699 is handled. Duration 6 ms by bot id=8095621527
2025.04.23 18:37:23 aiogram.event        INFO     Update id=511761700 is handled. Duration 6 ms by bot id=8095621527
2025.04.23 18:37:23 aiogram.event        INFO     Update id=511761701 is handled. Duration 6 ms by bot id=8095621527
2025.04.23 18:37:23 aiogram.event        INFO     Update id=511761702 is handled. Duration 6 ms by bot id=8095621527
2025.04.23 18:37:23 aiogram.event        INFO     Update id=511761704 is handled. Duration 5 ms by bot id=8095621527
2025.04.23 18:37:24 aiogram.event        INFO     Update id=511761705 is handled. Duration 4 ms by bot id=8095621527
2025.04.23 18:37:24 aiogram.event        INFO     Update id=511761710 is handled. Duration 3 ms by bot id=8095621527
2025.04.23 18:37:24 aiogram.event        INFO     Update id=511761706 is handled. Duration 4 ms by bot id=8095621527
2025.04.23 18:37:24 aiogram.event        INFO     Update id=511761707 is handled. Duration 4 ms by bot id=8095621527
2025.04.23 18:37:24 aiogram.event        INFO     Update id=511761708 is handled. Duration 4 ms by bot id=8095621527
2025.04.23 18:37:24 aiogram.event        INFO     Update id=511761709 is handled. Duration 5 ms by bot id=8095621527
2025.04.23 18:37:24 aiogram.event        INFO     Update id=511761711 is handled. Duration 4 ms by bot id=8095621527
2025.04.23 18:38:28 aiogram.event        INFO     Update id=511761712 is handled. Duration 3 ms by bot id=8095621527
2025.04.23 18:38:28 aiogram.event        INFO     Update id=511761713 is handled. Duration 3 ms by bot id=8095621527
2025.04.23 18:38:28 aiogram.event        INFO     Update id=511761714 is handled. Duration 3 ms by bot id=8095621527
2025.04.23 18:38:28 aiogram.event        INFO     Update id=511761715 is handled. Duration 3 ms by bot id=8095621527
2025.04.23 18:39:41 aiogram.dispatcher   WARNING  Received SIGINT signal
2025.04.23 18:39:41 aiogram.dispatcher   INFO     Polling stopped for bot @dllmasterbot id=8095621527 - 'DLLMaster 🍊'
2025.04.23 18:39:41 aiogram.dispatcher   INFO     Polling stopped
2025.04.23 18:39:41 __main__             INFO     🛑 Polling stopped
2025.04.23 18:39:41 __main__             INFO     🔴 Bot stopped
2025.04.23 18:39:46 dotenv.main          WARNING  python-dotenv could not parse statement starting at line 5
2025.04.23 18:39:46 __main__             INFO     🤖 Starting bot...
2025.04.23 18:39:46 __main__             INFO     🚀 Starting bot initialization...
2025.04.23 18:39:46 __main__             INFO     ✅ Database initialized successfully
2025.04.23 18:39:46 core.spotify_handler INFO     Spotify API connection established.
2025.04.23 18:39:46 __main__             INFO     ✅ Spotify service initialized
2025.04.23 18:39:46 core.webprofile      INFO     Seçilmiş User-Agent: Mozilla/5.0 (Windows NT 10.0; Win64; x64; rv:120.0) Gecko/20100101 Firefox/120.0
2025.04.23 18:39:46 core.youtube_handler INFO     firefox brauzerindən cookies istifadə edilir.
2025.04.23 18:39:46 __main__             INFO     ✅ YouTube services initialized (firefox)
2025.04.23 18:39:46 __main__             INFO     🔌 Loading plugins...
2025.04.23 18:39:46 __main__             INFO     🔍 Scanning plugins in: plugins
2025.04.23 18:39:46 __main__             INFO     🔄 Loading: plugins.spotify_plugin
2025.04.23 18:39:46 __main__             INFO     ✅ Loaded (sync): plugins.spotify_plugin
2025.04.23 18:39:46 __main__             INFO     🔄 Loading: plugins.menu_plugin
2025.04.23 18:39:46 plugins.menu_plugin  INFO     ✅ Menu plugin yükləndi
2025.04.23 18:39:46 __main__             INFO     ✅ Loaded (async): plugins.menu_plugin
2025.04.23 18:39:46 __main__             INFO     🔄 Loading: plugins.sudo_plugin
2025.04.23 18:39:46 __main__             INFO     ✅ Loaded (sync): plugins.sudo_plugin
2025.04.23 18:39:46 __main__             INFO     🔄 Loading: plugins.youtube_plugin
2025.04.23 18:39:46 __main__             INFO     ✅ Loaded (sync): plugins.youtube_plugin
2025.04.23 18:39:46 __main__             INFO     🔄 Loading: plugins.neofetch_plugin
2025.04.23 18:39:46 __main__             INFO     ✅ Loaded (sync): plugins.neofetch_plugin
2025.04.23 18:39:46 __main__             INFO     🔄 Loading: plugins.id_command
2025.04.23 18:39:46 plugins.id_command   INFO     ✅ info_command plugin successfully loaded
2025.04.23 18:39:46 __main__             INFO     ✅ Loaded (async): plugins.id_command
2025.04.23 18:39:46 __main__             INFO     🔄 Loading: plugins.report_plugin
2025.04.23 18:39:46 __main__             INFO     ✅ Loaded (async): plugins.report_plugin
2025.04.23 18:39:46 __main__             INFO     🔄 Loading: plugins.del_plugin
2025.04.23 18:39:46 __main__             INFO     ✅ Loaded (sync): plugins.del_plugin
2025.04.23 18:39:46 __main__             INFO     🔄 Loading: plugins.mutagen
2025.04.23 18:39:46 plugins.mutagen      INFO     ✅ Mutagen plugin loaded successfully
2025.04.23 18:39:46 __main__             INFO     ✅ Loaded (sync): plugins.mutagen
2025.04.23 18:39:46 __main__             INFO     🔄 Loading: plugins.music_plugin
2025.04.23 18:39:46 __main__             WARNING  ⚠️ No setup() in: plugins.music_plugin
2025.04.23 18:39:46 __main__             INFO     🔄 Loading: plugins.start_plugin
2025.04.23 18:39:46 plugins.start_plugin INFO     ✅ Start plugin yükləndi
2025.04.23 18:39:46 __main__             INFO     ✅ Loaded (async): plugins.start_plugin
2025.04.23 18:39:46 __main__             INFO     🔄 Loading: plugins.stats_plugin
2025.04.23 18:39:46 __main__             INFO     ✅ Loaded (sync): plugins.stats_plugin
2025.04.23 18:39:46 __main__             INFO     🔄 Loading: plugins.dir_plugin
2025.04.23 18:39:46 __main__             INFO     ✅ Loaded (sync): plugins.dir_plugin
2025.04.23 18:39:46 __main__             INFO     🔄 Loading: plugins.broadcast_plugin
2025.04.23 18:39:46 __main__             INFO     ✅ Loaded (sync): plugins.broadcast_plugin
2025.04.23 18:39:46 __main__             INFO     🔄 Loading: plugins.speedtest_plugin
2025.04.23 18:39:46 __main__             INFO     ✅ Loaded (sync): plugins.speedtest_plugin
2025.04.23 18:39:46 __main__             INFO     🔄 Loading: plugins.profile
2025.04.23 18:39:46 plugins.profile      INFO     ✅ Profile plugin loaded
2025.04.23 18:39:46 __main__             INFO     ✅ Loaded (async): plugins.profile
2025.04.23 18:39:46 __main__             INFO     🔄 Loading: plugins.bot_logs
2025.04.23 18:39:46 plugins.bot_logs     INFO     ✅ Logs plugin loaded
2025.04.23 18:39:46 __main__             INFO     ✅ Loaded (async): plugins.bot_logs
2025.04.23 18:39:46 __main__             INFO     🚀 Starting polling...
2025.04.23 18:39:46 aiogram.dispatcher   INFO     Start polling
2025.04.23 18:39:46 aiogram.dispatcher   INFO     Run polling for bot @dllmasterbot id=8095621527 - 'DLLMaster 🍊'
2025.04.23 18:39:59 aiogram.event        INFO     Update id=511761716 is handled. Duration 1 ms by bot id=8095621527
2025.04.23 18:40:04 aiogram.event        INFO     Update id=511761717 is handled. Duration 2 ms by bot id=8095621527
2025.04.23 18:40:42 aiogram.dispatcher   WARNING  Received SIGINT signal
2025.04.23 18:40:42 aiogram.dispatcher   INFO     Polling stopped for bot @dllmasterbot id=8095621527 - 'DLLMaster 🍊'
2025.04.23 18:40:42 aiogram.dispatcher   INFO     Polling stopped
2025.04.23 18:40:42 __main__             INFO     🛑 Polling stopped
2025.04.23 18:40:42 __main__             INFO     🔴 Bot stopped
2025.04.23 18:40:47 dotenv.main          WARNING  python-dotenv could not parse statement starting at line 5
2025.04.23 18:40:47 __main__             INFO     🤖 Starting bot...
2025.04.23 18:40:47 __main__             INFO     🚀 Starting bot initialization...
2025.04.23 18:40:47 __main__             INFO     ✅ Database initialized successfully
2025.04.23 18:40:47 core.spotify_handler INFO     Spotify API connection established.
2025.04.23 18:40:47 __main__             INFO     ✅ Spotify service initialized
2025.04.23 18:40:47 core.webprofile      INFO     Seçilmiş User-Agent: Mozilla/5.0 (iPhone; CPU iPhone OS 17_2 like Mac OS X) AppleWebKit/605.1.15 (KHTML, like Gecko) Version/17.2 Mobile/15E148 Safari/604.1
2025.04.23 18:40:47 core.youtube_handler INFO     firefox brauzerindən cookies istifadə edilir.
2025.04.23 18:40:47 __main__             INFO     ✅ YouTube services initialized (firefox)
2025.04.23 18:40:47 __main__             INFO     🔌 Loading plugins...
2025.04.23 18:40:47 __main__             INFO     🔍 Scanning plugins in: plugins
2025.04.23 18:40:47 __main__             INFO     🔄 Loading: plugins.spotify_plugin
2025.04.23 18:40:47 __main__             INFO     ✅ Loaded (sync): plugins.spotify_plugin
2025.04.23 18:40:47 __main__             INFO     🔄 Loading: plugins.menu_plugin
2025.04.23 18:40:47 plugins.menu_plugin  INFO     ✅ Menu plugin yükləndi
2025.04.23 18:40:47 __main__             INFO     ✅ Loaded (async): plugins.menu_plugin
2025.04.23 18:40:47 __main__             INFO     🔄 Loading: plugins.sudo_plugin
2025.04.23 18:40:47 __main__             INFO     ✅ Loaded (sync): plugins.sudo_plugin
2025.04.23 18:40:47 __main__             INFO     🔄 Loading: plugins.youtube_plugin
2025.04.23 18:40:47 __main__             INFO     ✅ Loaded (sync): plugins.youtube_plugin
2025.04.23 18:40:47 __main__             INFO     🔄 Loading: plugins.neofetch_plugin
2025.04.23 18:40:47 __main__             INFO     ✅ Loaded (sync): plugins.neofetch_plugin
2025.04.23 18:40:47 __main__             INFO     🔄 Loading: plugins.id_command
2025.04.23 18:40:47 plugins.id_command   INFO     ✅ info_command plugin successfully loaded
2025.04.23 18:40:47 __main__             INFO     ✅ Loaded (async): plugins.id_command
2025.04.23 18:40:47 __main__             INFO     🔄 Loading: plugins.report_plugin
2025.04.23 18:40:47 __main__             INFO     ✅ Loaded (async): plugins.report_plugin
2025.04.23 18:40:47 __main__             INFO     🔄 Loading: plugins.del_plugin
2025.04.23 18:40:47 __main__             INFO     ✅ Loaded (sync): plugins.del_plugin
2025.04.23 18:40:47 __main__             INFO     🔄 Loading: plugins.mutagen
2025.04.23 18:40:47 plugins.mutagen      INFO     ✅ Mutagen plugin loaded successfully
2025.04.23 18:40:47 __main__             INFO     ✅ Loaded (sync): plugins.mutagen
2025.04.23 18:40:47 __main__             INFO     🔄 Loading: plugins.music_plugin
2025.04.23 18:40:47 __main__             INFO     ✅ Loaded (sync): plugins.music_plugin
2025.04.23 18:40:47 __main__             INFO     🔄 Loading: plugins.start_plugin
2025.04.23 18:40:47 plugins.start_plugin INFO     ✅ Start plugin yükləndi
2025.04.23 18:40:47 __main__             INFO     ✅ Loaded (async): plugins.start_plugin
2025.04.23 18:40:47 __main__             INFO     🔄 Loading: plugins.stats_plugin
2025.04.23 18:40:47 __main__             INFO     ✅ Loaded (sync): plugins.stats_plugin
2025.04.23 18:40:47 __main__             INFO     🔄 Loading: plugins.dir_plugin
2025.04.23 18:40:47 __main__             INFO     ✅ Loaded (sync): plugins.dir_plugin
2025.04.23 18:40:47 __main__             INFO     🔄 Loading: plugins.broadcast_plugin
2025.04.23 18:40:47 __main__             INFO     ✅ Loaded (sync): plugins.broadcast_plugin
2025.04.23 18:40:47 __main__             INFO     🔄 Loading: plugins.speedtest_plugin
2025.04.23 18:40:47 __main__             INFO     ✅ Loaded (sync): plugins.speedtest_plugin
2025.04.23 18:40:47 __main__             INFO     🔄 Loading: plugins.profile
2025.04.23 18:40:47 plugins.profile      INFO     ✅ Profile plugin loaded
2025.04.23 18:40:47 __main__             INFO     ✅ Loaded (async): plugins.profile
2025.04.23 18:40:47 __main__             INFO     🔄 Loading: plugins.bot_logs
2025.04.23 18:40:47 plugins.bot_logs     INFO     ✅ Logs plugin loaded
2025.04.23 18:40:47 __main__             INFO     ✅ Loaded (async): plugins.bot_logs
2025.04.23 18:40:47 __main__             INFO     🚀 Starting polling...
2025.04.23 18:40:47 aiogram.dispatcher   INFO     Start polling
2025.04.23 18:40:47 aiogram.dispatcher   INFO     Run polling for bot @dllmasterbot id=8095621527 - 'DLLMaster 🍊'
2025.04.23 18:40:57 core.webprofile      INFO     firefox brauzerindən cookies istifadə edilir.
2025.04.23 18:40:57 core.webprofile      INFO     Seçilmiş User-Agent: Mozilla/5.0 (Linux; Android 14; Pixel 8 Pro) AppleWebKit/537.36 (KHTML, like Gecko) Chrome/122.0.0.0 Mobile Safari/537.36
2025.04.23 18:41:04 aiogram.event        INFO     Update id=511761718 is handled. Duration 6827 ms by bot id=8095621527
2025.04.23 18:41:09 core.webprofile      INFO     firefox brauzerindən cookies istifadə edilir.
2025.04.23 18:41:09 core.webprofile      INFO     Seçilmiş User-Agent: Mozilla/5.0 (X11; Linux x86_64) AppleWebKit/537.36 (KHTML, like Gecko) Chrome/122.0.0.0 Safari/537.36
2025.04.23 18:41:34 aiogram.event        INFO     Update id=511761720 is handled. Duration 1 ms by bot id=8095621527
2025.04.23 18:42:37 core.webprofile      INFO     firefox brauzerindən cookies istifadə edilir.
2025.04.23 18:42:37 core.webprofile      INFO     Seçilmiş User-Agent: Mozilla/5.0 (Windows NT 10.0; Win64; x64; rv:120.0) Gecko/20100101 Firefox/120.0
2025.04.23 18:42:41 aiogram.event        INFO     Update id=511761721 is handled. Duration 4375 ms by bot id=8095621527
2025.04.23 18:42:45 core.webprofile      INFO     firefox brauzerindən cookies istifadə edilir.
2025.04.23 18:42:45 core.webprofile      INFO     Seçilmiş User-Agent: Mozilla/5.0 (Linux; Android 14; SM-G998B) AppleWebKit/537.36 (KHTML, like Gecko) Chrome/122.0.0.0 Mobile Safari/537.36
2025.04.23 18:43:06 aiogram.event        INFO     Update id=511761719 is handled. Duration 117181 ms by bot id=8095621527
2025.04.23 18:43:06 aiogram.event        INFO     Update id=511761722 is handled. Duration 21175 ms by bot id=8095621527
2025.04.23 18:44:55 aiogram.dispatcher   WARNING  Received SIGINT signal
2025.04.23 18:44:55 aiogram.dispatcher   INFO     Polling stopped for bot @dllmasterbot id=8095621527 - 'DLLMaster 🍊'
2025.04.23 18:44:55 aiogram.dispatcher   INFO     Polling stopped
2025.04.23 18:44:55 __main__             INFO     🛑 Polling stopped
2025.04.23 18:44:55 __main__             INFO     🔴 Bot stopped
2025.04.23 18:45:00 dotenv.main          WARNING  python-dotenv could not parse statement starting at line 5
2025.04.23 18:45:00 __main__             INFO     🤖 Starting bot...
2025.04.23 18:45:00 __main__             INFO     🚀 Starting bot initialization...
2025.04.23 18:45:00 __main__             INFO     ✅ Database initialized successfully
2025.04.23 18:45:00 core.spotify_handler INFO     Spotify API connection established.
2025.04.23 18:45:00 __main__             INFO     ✅ Spotify service initialized
2025.04.23 18:45:00 core.webprofile      INFO     Seçilmiş User-Agent: Mozilla/5.0 (Windows NT 10.0; Win64; x64) AppleWebKit/537.36 (KHTML, like Gecko) Edge/120.0.0.0 Safari/537.36
2025.04.23 18:45:00 core.youtube_handler INFO     firefox brauzerindən cookies istifadə edilir.
2025.04.23 18:45:00 __main__             INFO     ✅ YouTube services initialized (firefox)
2025.04.23 18:45:00 __main__             INFO     🔌 Loading plugins...
2025.04.23 18:45:00 __main__             INFO     🔍 Scanning plugins in: plugins
2025.04.23 18:45:00 __main__             INFO     🔄 Loading: plugins.spotify_plugin
2025.04.23 18:45:00 __main__             INFO     ✅ Loaded (sync): plugins.spotify_plugin
2025.04.23 18:45:00 __main__             INFO     🔄 Loading: plugins.menu_plugin
2025.04.23 18:45:00 plugins.menu_plugin  INFO     ✅ Menu plugin yükləndi
2025.04.23 18:45:00 __main__             INFO     ✅ Loaded (async): plugins.menu_plugin
2025.04.23 18:45:00 __main__             INFO     🔄 Loading: plugins.sudo_plugin
2025.04.23 18:45:00 __main__             INFO     ✅ Loaded (sync): plugins.sudo_plugin
2025.04.23 18:45:00 __main__             INFO     🔄 Loading: plugins.youtube_plugin
2025.04.23 18:45:00 __main__             INFO     ✅ Loaded (sync): plugins.youtube_plugin
2025.04.23 18:45:00 __main__             INFO     🔄 Loading: plugins.neofetch_plugin
2025.04.23 18:45:00 __main__             INFO     ✅ Loaded (sync): plugins.neofetch_plugin
2025.04.23 18:45:00 __main__             INFO     🔄 Loading: plugins.id_command
2025.04.23 18:45:00 plugins.id_command   INFO     ✅ info_command plugin successfully loaded
2025.04.23 18:45:00 __main__             INFO     ✅ Loaded (async): plugins.id_command
2025.04.23 18:45:00 __main__             INFO     🔄 Loading: plugins.report_plugin
2025.04.23 18:45:00 __main__             INFO     ✅ Loaded (async): plugins.report_plugin
2025.04.23 18:45:00 __main__             INFO     🔄 Loading: plugins.del_plugin
2025.04.23 18:45:00 __main__             INFO     ✅ Loaded (sync): plugins.del_plugin
2025.04.23 18:45:00 __main__             INFO     🔄 Loading: plugins.mutagen
2025.04.23 18:45:00 plugins.mutagen      INFO     ✅ Mutagen plugin loaded successfully
2025.04.23 18:45:00 __main__             INFO     ✅ Loaded (sync): plugins.mutagen
2025.04.23 18:45:00 __main__             INFO     🔄 Loading: plugins.music_plugin
2025.04.23 18:45:00 __main__             ERROR    ❌ Failed to load plugins.music_plugin: unmatched ')' (music_plugin.py, line 269)
Traceback (most recent call last):
  File "/home/admin/DLMaster/app.py", line 96, in load_plugins
    module = importlib.import_module(module_name)
             ^^^^^^^^^^^^^^^^^^^^^^^^^^^^^^^^^^^^
  File "/usr/lib/python3.11/importlib/__init__.py", line 126, in import_module
    return _bootstrap._gcd_import(name[level:], package, level)
           ^^^^^^^^^^^^^^^^^^^^^^^^^^^^^^^^^^^^^^^^^^^^^^^^^^^^
  File "<frozen importlib._bootstrap>", line 1206, in _gcd_import
  File "<frozen importlib._bootstrap>", line 1178, in _find_and_load
  File "<frozen importlib._bootstrap>", line 1149, in _find_and_load_unlocked
  File "<frozen importlib._bootstrap>", line 690, in _load_unlocked
  File "<frozen importlib._bootstrap_external>", line 936, in exec_module
  File "<frozen importlib._bootstrap_external>", line 1074, in get_code
  File "<frozen importlib._bootstrap_external>", line 1004, in source_to_code
  File "<frozen importlib._bootstrap>", line 241, in _call_with_frames_removed
  File "/home/admin/DLMaster/plugins/music_plugin.py", line 269
    @router.callback_query(F.data == "cancel"))
                                              ^
SyntaxError: unmatched ')'
2025.04.23 18:45:00 __main__             INFO     🔄 Loading: plugins.start_plugin
2025.04.23 18:45:00 plugins.start_plugin INFO     ✅ Start plugin yükləndi
2025.04.23 18:45:00 __main__             INFO     ✅ Loaded (async): plugins.start_plugin
2025.04.23 18:45:00 __main__             INFO     🔄 Loading: plugins.stats_plugin
2025.04.23 18:45:00 __main__             INFO     ✅ Loaded (sync): plugins.stats_plugin
2025.04.23 18:45:00 __main__             INFO     🔄 Loading: plugins.dir_plugin
2025.04.23 18:45:00 __main__             INFO     ✅ Loaded (sync): plugins.dir_plugin
2025.04.23 18:45:00 __main__             INFO     🔄 Loading: plugins.broadcast_plugin
2025.04.23 18:45:00 __main__             INFO     ✅ Loaded (sync): plugins.broadcast_plugin
2025.04.23 18:45:00 __main__             INFO     🔄 Loading: plugins.speedtest_plugin
2025.04.23 18:45:00 __main__             INFO     ✅ Loaded (sync): plugins.speedtest_plugin
2025.04.23 18:45:00 __main__             INFO     🔄 Loading: plugins.profile
2025.04.23 18:45:00 plugins.profile      INFO     ✅ Profile plugin loaded
2025.04.23 18:45:00 __main__             INFO     ✅ Loaded (async): plugins.profile
2025.04.23 18:45:00 __main__             INFO     🔄 Loading: plugins.bot_logs
2025.04.23 18:45:00 plugins.bot_logs     INFO     ✅ Logs plugin loaded
2025.04.23 18:45:00 __main__             INFO     ✅ Loaded (async): plugins.bot_logs
2025.04.23 18:45:00 __main__             INFO     🚀 Starting polling...
2025.04.23 18:45:00 aiogram.dispatcher   INFO     Start polling
2025.04.23 18:45:00 aiogram.dispatcher   INFO     Run polling for bot @dllmasterbot id=8095621527 - 'DLLMaster 🍊'
2025.04.23 18:45:25 aiogram.dispatcher   WARNING  Received SIGINT signal
2025.04.23 18:45:25 aiogram.dispatcher   INFO     Polling stopped for bot @dllmasterbot id=8095621527 - 'DLLMaster 🍊'
2025.04.23 18:45:25 aiogram.dispatcher   INFO     Polling stopped
2025.04.23 18:45:25 __main__             INFO     🛑 Polling stopped
2025.04.23 18:45:25 __main__             INFO     🔴 Bot stopped
2025.04.23 18:45:29 dotenv.main          WARNING  python-dotenv could not parse statement starting at line 5
2025.04.23 18:45:29 __main__             INFO     🤖 Starting bot...
2025.04.23 18:45:29 __main__             INFO     🚀 Starting bot initialization...
2025.04.23 18:45:30 __main__             INFO     ✅ Database initialized successfully
2025.04.23 18:45:30 core.spotify_handler INFO     Spotify API connection established.
2025.04.23 18:45:30 __main__             INFO     ✅ Spotify service initialized
2025.04.23 18:45:30 core.webprofile      INFO     Seçilmiş User-Agent: Mozilla/5.0 (Linux; Android 14; SM-G998B) AppleWebKit/537.36 (KHTML, like Gecko) Chrome/122.0.0.0 Mobile Safari/537.36
2025.04.23 18:45:30 core.youtube_handler INFO     firefox brauzerindən cookies istifadə edilir.
2025.04.23 18:45:30 __main__             INFO     ✅ YouTube services initialized (firefox)
2025.04.23 18:45:30 __main__             INFO     🔌 Loading plugins...
2025.04.23 18:45:30 __main__             INFO     🔍 Scanning plugins in: plugins
2025.04.23 18:45:30 __main__             INFO     🔄 Loading: plugins.spotify_plugin
2025.04.23 18:45:30 __main__             INFO     ✅ Loaded (sync): plugins.spotify_plugin
2025.04.23 18:45:30 __main__             INFO     🔄 Loading: plugins.menu_plugin
2025.04.23 18:45:30 plugins.menu_plugin  INFO     ✅ Menu plugin yükləndi
2025.04.23 18:45:30 __main__             INFO     ✅ Loaded (async): plugins.menu_plugin
2025.04.23 18:45:30 __main__             INFO     🔄 Loading: plugins.sudo_plugin
2025.04.23 18:45:30 __main__             INFO     ✅ Loaded (sync): plugins.sudo_plugin
2025.04.23 18:45:30 __main__             INFO     🔄 Loading: plugins.youtube_plugin
2025.04.23 18:45:30 __main__             INFO     ✅ Loaded (sync): plugins.youtube_plugin
2025.04.23 18:45:30 __main__             INFO     🔄 Loading: plugins.neofetch_plugin
2025.04.23 18:45:30 __main__             INFO     ✅ Loaded (sync): plugins.neofetch_plugin
2025.04.23 18:45:30 __main__             INFO     🔄 Loading: plugins.id_command
2025.04.23 18:45:30 plugins.id_command   INFO     ✅ info_command plugin successfully loaded
2025.04.23 18:45:30 __main__             INFO     ✅ Loaded (async): plugins.id_command
2025.04.23 18:45:30 __main__             INFO     🔄 Loading: plugins.report_plugin
2025.04.23 18:45:30 __main__             INFO     ✅ Loaded (async): plugins.report_plugin
2025.04.23 18:45:30 __main__             INFO     🔄 Loading: plugins.del_plugin
2025.04.23 18:45:30 __main__             INFO     ✅ Loaded (sync): plugins.del_plugin
2025.04.23 18:45:30 __main__             INFO     🔄 Loading: plugins.mutagen
2025.04.23 18:45:30 plugins.mutagen      INFO     ✅ Mutagen plugin loaded successfully
2025.04.23 18:45:30 __main__             INFO     ✅ Loaded (sync): plugins.mutagen
2025.04.23 18:45:30 __main__             INFO     🔄 Loading: plugins.music_plugin
2025.04.23 18:45:30 __main__             ERROR    ❌ Failed to load plugins.music_plugin: 'AppContext' object has no attribute 'app_context'
Traceback (most recent call last):
  File "/home/admin/DLMaster/app.py", line 99, in load_plugins
    await module.setup(context)
  File "/home/admin/DLMaster/plugins/music_plugin.py", line 301, in setup
    context.app_context.main_router.include_router(router)
    ^^^^^^^^^^^^^^^^^^^
AttributeError: 'AppContext' object has no attribute 'app_context'
2025.04.23 18:45:30 __main__             INFO     🔄 Loading: plugins.start_plugin
2025.04.23 18:45:30 plugins.start_plugin INFO     ✅ Start plugin yükləndi
2025.04.23 18:45:30 __main__             INFO     ✅ Loaded (async): plugins.start_plugin
2025.04.23 18:45:30 __main__             INFO     🔄 Loading: plugins.stats_plugin
2025.04.23 18:45:30 __main__             INFO     ✅ Loaded (sync): plugins.stats_plugin
2025.04.23 18:45:30 __main__             INFO     🔄 Loading: plugins.dir_plugin
2025.04.23 18:45:30 __main__             INFO     ✅ Loaded (sync): plugins.dir_plugin
2025.04.23 18:45:30 __main__             INFO     🔄 Loading: plugins.broadcast_plugin
2025.04.23 18:45:30 __main__             INFO     ✅ Loaded (sync): plugins.broadcast_plugin
2025.04.23 18:45:30 __main__             INFO     🔄 Loading: plugins.speedtest_plugin
2025.04.23 18:45:30 __main__             INFO     ✅ Loaded (sync): plugins.speedtest_plugin
2025.04.23 18:45:30 __main__             INFO     🔄 Loading: plugins.profile
2025.04.23 18:45:30 plugins.profile      INFO     ✅ Profile plugin loaded
2025.04.23 18:45:30 __main__             INFO     ✅ Loaded (async): plugins.profile
2025.04.23 18:45:30 __main__             INFO     🔄 Loading: plugins.bot_logs
2025.04.23 18:45:30 plugins.bot_logs     INFO     ✅ Logs plugin loaded
2025.04.23 18:45:30 __main__             INFO     ✅ Loaded (async): plugins.bot_logs
2025.04.23 18:45:30 __main__             INFO     🚀 Starting polling...
2025.04.23 18:45:30 aiogram.dispatcher   INFO     Start polling
2025.04.23 18:45:30 aiogram.dispatcher   INFO     Run polling for bot @dllmasterbot id=8095621527 - 'DLLMaster 🍊'
2025.04.23 18:45:52 aiogram.dispatcher   WARNING  Received SIGINT signal
2025.04.23 18:45:52 aiogram.dispatcher   INFO     Polling stopped for bot @dllmasterbot id=8095621527 - 'DLLMaster 🍊'
2025.04.23 18:45:52 aiogram.dispatcher   INFO     Polling stopped
2025.04.23 18:45:52 __main__             INFO     🛑 Polling stopped
2025.04.23 18:45:52 __main__             INFO     🔴 Bot stopped
2025.04.23 18:45:57 dotenv.main          WARNING  python-dotenv could not parse statement starting at line 5
2025.04.23 18:45:57 __main__             INFO     🤖 Starting bot...
2025.04.23 18:45:57 __main__             INFO     🚀 Starting bot initialization...
2025.04.23 18:45:57 __main__             INFO     ✅ Database initialized successfully
2025.04.23 18:45:57 core.spotify_handler INFO     Spotify API connection established.
2025.04.23 18:45:57 __main__             INFO     ✅ Spotify service initialized
2025.04.23 18:45:57 core.webprofile      INFO     Seçilmiş User-Agent: Mozilla/5.0 (iPhone; CPU iPhone OS 17_2 like Mac OS X) AppleWebKit/605.1.15 (KHTML, like Gecko) Version/17.2 Mobile/15E148 Safari/604.1
2025.04.23 18:45:57 core.youtube_handler INFO     firefox brauzerindən cookies istifadə edilir.
2025.04.23 18:45:57 __main__             INFO     ✅ YouTube services initialized (firefox)
2025.04.23 18:45:57 __main__             INFO     🔌 Loading plugins...
2025.04.23 18:45:57 __main__             INFO     🔍 Scanning plugins in: plugins
2025.04.23 18:45:57 __main__             INFO     🔄 Loading: plugins.spotify_plugin
2025.04.23 18:45:57 __main__             INFO     ✅ Loaded (sync): plugins.spotify_plugin
2025.04.23 18:45:57 __main__             INFO     🔄 Loading: plugins.menu_plugin
2025.04.23 18:45:57 plugins.menu_plugin  INFO     ✅ Menu plugin yükləndi
2025.04.23 18:45:57 __main__             INFO     ✅ Loaded (async): plugins.menu_plugin
2025.04.23 18:45:57 __main__             INFO     🔄 Loading: plugins.sudo_plugin
2025.04.23 18:45:57 __main__             INFO     ✅ Loaded (sync): plugins.sudo_plugin
2025.04.23 18:45:57 __main__             INFO     🔄 Loading: plugins.youtube_plugin
2025.04.23 18:45:57 __main__             INFO     ✅ Loaded (sync): plugins.youtube_plugin
2025.04.23 18:45:57 __main__             INFO     🔄 Loading: plugins.neofetch_plugin
2025.04.23 18:45:57 __main__             INFO     ✅ Loaded (sync): plugins.neofetch_plugin
2025.04.23 18:45:57 __main__             INFO     🔄 Loading: plugins.id_command
2025.04.23 18:45:57 plugins.id_command   INFO     ✅ info_command plugin successfully loaded
2025.04.23 18:45:57 __main__             INFO     ✅ Loaded (async): plugins.id_command
2025.04.23 18:45:57 __main__             INFO     🔄 Loading: plugins.report_plugin
2025.04.23 18:45:57 __main__             INFO     ✅ Loaded (async): plugins.report_plugin
2025.04.23 18:45:57 __main__             INFO     🔄 Loading: plugins.del_plugin
2025.04.23 18:45:57 __main__             INFO     ✅ Loaded (sync): plugins.del_plugin
2025.04.23 18:45:57 __main__             INFO     🔄 Loading: plugins.mutagen
2025.04.23 18:45:57 plugins.mutagen      INFO     ✅ Mutagen plugin loaded successfully
2025.04.23 18:45:57 __main__             INFO     ✅ Loaded (sync): plugins.mutagen
2025.04.23 18:45:57 __main__             INFO     🔄 Loading: plugins.music_plugin
2025.04.23 18:45:57 plugins.music_plugin INFO     ✅ Music plugin yükləndi
2025.04.23 18:45:57 __main__             ERROR    ❌ Failed to load plugins.music_plugin: 'AppContext' object has no attribute 'app_context'
Traceback (most recent call last):
  File "/home/admin/DLMaster/app.py", line 99, in load_plugins
    await module.setup(context)
  File "/home/admin/DLMaster/plugins/music_plugin.py", line 305, in setup
    if not hasattr(context.app_context, 'youtube_manager'):
                   ^^^^^^^^^^^^^^^^^^^
AttributeError: 'AppContext' object has no attribute 'app_context'
2025.04.23 18:45:57 __main__             INFO     🔄 Loading: plugins.start_plugin
2025.04.23 18:45:57 plugins.start_plugin INFO     ✅ Start plugin yükləndi
2025.04.23 18:45:57 __main__             INFO     ✅ Loaded (async): plugins.start_plugin
2025.04.23 18:45:57 __main__             INFO     🔄 Loading: plugins.stats_plugin
2025.04.23 18:45:57 __main__             INFO     ✅ Loaded (sync): plugins.stats_plugin
2025.04.23 18:45:57 __main__             INFO     🔄 Loading: plugins.dir_plugin
2025.04.23 18:45:57 __main__             INFO     ✅ Loaded (sync): plugins.dir_plugin
2025.04.23 18:45:57 __main__             INFO     🔄 Loading: plugins.broadcast_plugin
2025.04.23 18:45:57 __main__             INFO     ✅ Loaded (sync): plugins.broadcast_plugin
2025.04.23 18:45:57 __main__             INFO     🔄 Loading: plugins.speedtest_plugin
2025.04.23 18:45:57 __main__             INFO     ✅ Loaded (sync): plugins.speedtest_plugin
2025.04.23 18:45:57 __main__             INFO     🔄 Loading: plugins.profile
2025.04.23 18:45:57 plugins.profile      INFO     ✅ Profile plugin loaded
2025.04.23 18:45:57 __main__             INFO     ✅ Loaded (async): plugins.profile
2025.04.23 18:45:57 __main__             INFO     🔄 Loading: plugins.bot_logs
2025.04.23 18:45:57 plugins.bot_logs     INFO     ✅ Logs plugin loaded
2025.04.23 18:45:57 __main__             INFO     ✅ Loaded (async): plugins.bot_logs
2025.04.23 18:45:57 __main__             INFO     🚀 Starting polling...
2025.04.23 18:45:57 aiogram.dispatcher   INFO     Start polling
2025.04.23 18:45:57 aiogram.dispatcher   INFO     Run polling for bot @dllmasterbot id=8095621527 - 'DLLMaster 🍊'
2025.04.23 18:46:38 aiogram.dispatcher   WARNING  Received SIGINT signal
2025.04.23 18:46:38 aiogram.dispatcher   INFO     Polling stopped for bot @dllmasterbot id=8095621527 - 'DLLMaster 🍊'
2025.04.23 18:46:38 aiogram.dispatcher   INFO     Polling stopped
2025.04.23 18:46:38 __main__             INFO     🛑 Polling stopped
2025.04.23 18:46:38 __main__             INFO     🔴 Bot stopped
2025.04.23 18:46:42 dotenv.main          WARNING  python-dotenv could not parse statement starting at line 5
2025.04.23 18:46:42 __main__             INFO     🤖 Starting bot...
2025.04.23 18:46:42 __main__             INFO     🚀 Starting bot initialization...
2025.04.23 18:46:43 __main__             INFO     ✅ Database initialized successfully
2025.04.23 18:46:43 core.spotify_handler INFO     Spotify API connection established.
2025.04.23 18:46:43 __main__             INFO     ✅ Spotify service initialized
2025.04.23 18:46:43 core.webprofile      INFO     Seçilmiş User-Agent: Mozilla/5.0 (Macintosh; Intel Mac OS X 10_15_7) AppleWebKit/537.36 (KHTML, like Gecko) Chrome/122.0.0.0 Safari/537.36
2025.04.23 18:46:43 core.youtube_handler INFO     firefox brauzerindən cookies istifadə edilir.
2025.04.23 18:46:43 __main__             INFO     ✅ YouTube services initialized (firefox)
2025.04.23 18:46:43 __main__             INFO     🔌 Loading plugins...
2025.04.23 18:46:43 __main__             INFO     🔍 Scanning plugins in: plugins
2025.04.23 18:46:43 __main__             INFO     🔄 Loading: plugins.spotify_plugin
2025.04.23 18:46:43 __main__             INFO     ✅ Loaded (sync): plugins.spotify_plugin
2025.04.23 18:46:43 __main__             INFO     🔄 Loading: plugins.menu_plugin
2025.04.23 18:46:43 plugins.menu_plugin  INFO     ✅ Menu plugin yükləndi
2025.04.23 18:46:43 __main__             INFO     ✅ Loaded (async): plugins.menu_plugin
2025.04.23 18:46:43 __main__             INFO     🔄 Loading: plugins.sudo_plugin
2025.04.23 18:46:43 __main__             INFO     ✅ Loaded (sync): plugins.sudo_plugin
2025.04.23 18:46:43 __main__             INFO     🔄 Loading: plugins.youtube_plugin
2025.04.23 18:46:43 __main__             INFO     ✅ Loaded (sync): plugins.youtube_plugin
2025.04.23 18:46:43 __main__             INFO     🔄 Loading: plugins.neofetch_plugin
2025.04.23 18:46:43 __main__             INFO     ✅ Loaded (sync): plugins.neofetch_plugin
2025.04.23 18:46:43 __main__             INFO     🔄 Loading: plugins.id_command
2025.04.23 18:46:43 plugins.id_command   INFO     ✅ info_command plugin successfully loaded
2025.04.23 18:46:43 __main__             INFO     ✅ Loaded (async): plugins.id_command
2025.04.23 18:46:43 __main__             INFO     🔄 Loading: plugins.report_plugin
2025.04.23 18:46:43 __main__             INFO     ✅ Loaded (async): plugins.report_plugin
2025.04.23 18:46:43 __main__             INFO     🔄 Loading: plugins.del_plugin
2025.04.23 18:46:43 __main__             INFO     ✅ Loaded (sync): plugins.del_plugin
2025.04.23 18:46:43 __main__             INFO     🔄 Loading: plugins.mutagen
2025.04.23 18:46:43 plugins.mutagen      INFO     ✅ Mutagen plugin loaded successfully
2025.04.23 18:46:43 __main__             INFO     ✅ Loaded (sync): plugins.mutagen
2025.04.23 18:46:43 __main__             INFO     🔄 Loading: plugins.music_plugin
2025.04.23 18:46:43 plugins.music_plugin INFO     ✅ Music plugin yükləndi
2025.04.23 18:46:43 __main__             INFO     ✅ Loaded (async): plugins.music_plugin
2025.04.23 18:46:43 __main__             INFO     🔄 Loading: plugins.start_plugin
2025.04.23 18:46:43 plugins.start_plugin INFO     ✅ Start plugin yükləndi
2025.04.23 18:46:43 __main__             INFO     ✅ Loaded (async): plugins.start_plugin
2025.04.23 18:46:43 __main__             INFO     🔄 Loading: plugins.stats_plugin
2025.04.23 18:46:43 __main__             INFO     ✅ Loaded (sync): plugins.stats_plugin
2025.04.23 18:46:43 __main__             INFO     🔄 Loading: plugins.dir_plugin
2025.04.23 18:46:43 __main__             INFO     ✅ Loaded (sync): plugins.dir_plugin
2025.04.23 18:46:43 __main__             INFO     🔄 Loading: plugins.broadcast_plugin
2025.04.23 18:46:43 __main__             INFO     ✅ Loaded (sync): plugins.broadcast_plugin
2025.04.23 18:46:43 __main__             INFO     🔄 Loading: plugins.speedtest_plugin
2025.04.23 18:46:43 __main__             INFO     ✅ Loaded (sync): plugins.speedtest_plugin
2025.04.23 18:46:43 __main__             INFO     🔄 Loading: plugins.profile
2025.04.23 18:46:43 plugins.profile      INFO     ✅ Profile plugin loaded
2025.04.23 18:46:43 __main__             INFO     ✅ Loaded (async): plugins.profile
2025.04.23 18:46:43 __main__             INFO     🔄 Loading: plugins.bot_logs
2025.04.23 18:46:43 plugins.bot_logs     INFO     ✅ Logs plugin loaded
2025.04.23 18:46:43 __main__             INFO     ✅ Loaded (async): plugins.bot_logs
2025.04.23 18:46:43 __main__             INFO     🚀 Starting polling...
2025.04.23 18:46:43 aiogram.dispatcher   INFO     Start polling
2025.04.23 18:46:43 aiogram.dispatcher   INFO     Run polling for bot @dllmasterbot id=8095621527 - 'DLLMaster 🍊'
2025.04.23 18:46:49 aiogram.event        INFO     Update id=511761723 is handled. Duration 1 ms by bot id=8095621527
2025.04.23 18:47:01 aiogram.dispatcher   WARNING  Received SIGINT signal
2025.04.23 18:47:01 aiogram.dispatcher   INFO     Polling stopped for bot @dllmasterbot id=8095621527 - 'DLLMaster 🍊'
2025.04.23 18:47:01 aiogram.dispatcher   INFO     Polling stopped
2025.04.23 18:47:01 __main__             INFO     🛑 Polling stopped
2025.04.23 18:47:01 __main__             INFO     🔴 Bot stopped
2025.04.23 18:47:06 dotenv.main          WARNING  python-dotenv could not parse statement starting at line 5
2025.04.23 18:47:06 __main__             INFO     🤖 Starting bot...
2025.04.23 18:47:06 __main__             INFO     🚀 Starting bot initialization...
2025.04.23 18:47:06 __main__             INFO     ✅ Database initialized successfully
2025.04.23 18:47:06 core.spotify_handler INFO     Spotify API connection established.
2025.04.23 18:47:06 __main__             INFO     ✅ Spotify service initialized
2025.04.23 18:47:06 core.webprofile      INFO     Seçilmiş User-Agent: Mozilla/5.0 (iPhone; CPU iPhone OS 17_2 like Mac OS X) AppleWebKit/605.1.15 (KHTML, like Gecko) Version/17.2 Mobile/15E148 Safari/604.1
2025.04.23 18:47:06 core.youtube_handler INFO     firefox brauzerindən cookies istifadə edilir.
2025.04.23 18:47:06 __main__             INFO     ✅ YouTube services initialized (firefox)
2025.04.23 18:47:06 __main__             INFO     🔌 Loading plugins...
2025.04.23 18:47:06 __main__             INFO     🔍 Scanning plugins in: plugins
2025.04.23 18:47:06 __main__             INFO     🔄 Loading: plugins.spotify_plugin
2025.04.23 18:47:06 __main__             INFO     ✅ Loaded (sync): plugins.spotify_plugin
2025.04.23 18:47:06 __main__             INFO     🔄 Loading: plugins.menu_plugin
2025.04.23 18:47:06 plugins.menu_plugin  INFO     ✅ Menu plugin yükləndi
2025.04.23 18:47:06 __main__             INFO     ✅ Loaded (async): plugins.menu_plugin
2025.04.23 18:47:06 __main__             INFO     🔄 Loading: plugins.sudo_plugin
2025.04.23 18:47:06 __main__             INFO     ✅ Loaded (sync): plugins.sudo_plugin
2025.04.23 18:47:06 __main__             INFO     🔄 Loading: plugins.youtube_plugin
2025.04.23 18:47:06 __main__             INFO     ✅ Loaded (sync): plugins.youtube_plugin
2025.04.23 18:47:06 __main__             INFO     🔄 Loading: plugins.neofetch_plugin
2025.04.23 18:47:06 __main__             INFO     ✅ Loaded (sync): plugins.neofetch_plugin
2025.04.23 18:47:06 __main__             INFO     🔄 Loading: plugins.id_command
2025.04.23 18:47:06 plugins.id_command   INFO     ✅ info_command plugin successfully loaded
2025.04.23 18:47:06 __main__             INFO     ✅ Loaded (async): plugins.id_command
2025.04.23 18:47:06 __main__             INFO     🔄 Loading: plugins.report_plugin
2025.04.23 18:47:06 __main__             INFO     ✅ Loaded (async): plugins.report_plugin
2025.04.23 18:47:06 __main__             INFO     🔄 Loading: plugins.del_plugin
2025.04.23 18:47:06 __main__             INFO     ✅ Loaded (sync): plugins.del_plugin
2025.04.23 18:47:06 __main__             INFO     🔄 Loading: plugins.mutagen
2025.04.23 18:47:06 plugins.mutagen      INFO     ✅ Mutagen plugin loaded successfully
2025.04.23 18:47:06 __main__             INFO     ✅ Loaded (sync): plugins.mutagen
2025.04.23 18:47:06 __main__             INFO     🔄 Loading: plugins.music_plugin
2025.04.23 18:47:06 plugins.music_plugin INFO     ✅ Music plugin yükləndi
2025.04.23 18:47:06 __main__             INFO     ✅ Loaded (async): plugins.music_plugin
2025.04.23 18:47:06 __main__             INFO     🔄 Loading: plugins.start_plugin
2025.04.23 18:47:06 plugins.start_plugin INFO     ✅ Start plugin yükləndi
2025.04.23 18:47:06 __main__             INFO     ✅ Loaded (async): plugins.start_plugin
2025.04.23 18:47:06 __main__             INFO     🔄 Loading: plugins.stats_plugin
2025.04.23 18:47:06 __main__             INFO     ✅ Loaded (sync): plugins.stats_plugin
2025.04.23 18:47:06 __main__             INFO     🔄 Loading: plugins.dir_plugin
2025.04.23 18:47:06 __main__             INFO     ✅ Loaded (sync): plugins.dir_plugin
2025.04.23 18:47:06 __main__             INFO     🔄 Loading: plugins.broadcast_plugin
2025.04.23 18:47:06 __main__             INFO     ✅ Loaded (sync): plugins.broadcast_plugin
2025.04.23 18:47:06 __main__             INFO     🔄 Loading: plugins.speedtest_plugin
2025.04.23 18:47:06 __main__             INFO     ✅ Loaded (sync): plugins.speedtest_plugin
2025.04.23 18:47:06 __main__             INFO     🔄 Loading: plugins.profile
2025.04.23 18:47:06 plugins.profile      INFO     ✅ Profile plugin loaded
2025.04.23 18:47:06 __main__             INFO     ✅ Loaded (async): plugins.profile
2025.04.23 18:47:06 __main__             INFO     🔄 Loading: plugins.bot_logs
2025.04.23 18:47:06 plugins.bot_logs     INFO     ✅ Logs plugin loaded
2025.04.23 18:47:06 __main__             INFO     ✅ Loaded (async): plugins.bot_logs
2025.04.23 18:47:06 __main__             INFO     🚀 Starting polling...
2025.04.23 18:47:06 aiogram.dispatcher   INFO     Start polling
2025.04.23 18:47:06 aiogram.dispatcher   INFO     Run polling for bot @dllmasterbot id=8095621527 - 'DLLMaster 🍊'
2025.04.23 18:47:11 aiogram.event        INFO     Update id=511761724 is handled. Duration 1 ms by bot id=8095621527
2025.04.23 18:47:18 aiogram.event        INFO     Update id=511761726 is handled. Duration 2 ms by bot id=8095621527
2025.04.23 18:47:26 core.webprofile      INFO     firefox brauzerindən cookies istifadə edilir.
2025.04.23 18:47:26 core.webprofile      INFO     Seçilmiş User-Agent: Mozilla/5.0 (Macintosh; Intel Mac OS X 10_15_7) AppleWebKit/537.36 (KHTML, like Gecko) Chrome/122.0.0.0 Safari/537.36
2025.04.23 18:47:31 aiogram.event        INFO     Update id=511761727 is handled. Duration 5042 ms by bot id=8095621527
2025.04.23 18:47:33 aiogram.event        INFO     Update id=511761725 is handled. Duration 20165 ms by bot id=8095621527
2025.04.23 18:47:34 aiogram.event        INFO     Update id=511761728 is handled. Duration 158 ms by bot id=8095621527
2025.04.23 18:47:35 aiogram.event        INFO     Update id=511761729 is handled. Duration 45 ms by bot id=8095621527
2025.04.23 18:47:36 aiogram.event        INFO     Update id=511761730 is handled. Duration 87 ms by bot id=8095621527
2025.04.23 18:47:36 aiogram.event        INFO     Update id=511761731 is handled. Duration 80 ms by bot id=8095621527
2025.04.23 18:47:37 aiogram.event        INFO     Update id=511761732 is handled. Duration 276 ms by bot id=8095621527
2025.04.23 18:47:39 aiogram.event        INFO     Update id=511761733 is handled. Duration 66 ms by bot id=8095621527
2025.04.23 18:47:40 core.webprofile      INFO     firefox brauzerindən cookies istifadə edilir.
2025.04.23 18:47:40 core.webprofile      INFO     Seçilmiş User-Agent: Mozilla/5.0 (Windows NT 10.0; Win64; x64; rv:120.0) Gecko/20100101 Firefox/120.0
2025.04.23 18:47:57 aiogram.event        INFO     Update id=511761734 is handled. Duration 16648 ms by bot id=8095621527
2025.04.23 18:57:57 aiogram.event        INFO     Update id=511761735 is handled. Duration 3 ms by bot id=8095621527
2025.04.23 18:57:57 aiogram.event        INFO     Update id=511761736 is handled. Duration 3 ms by bot id=8095621527
2025.04.23 18:57:57 aiogram.event        INFO     Update id=511761737 is handled. Duration 3 ms by bot id=8095621527
2025.04.23 18:57:59 aiogram.event        INFO     Update id=511761738 is handled. Duration 2 ms by bot id=8095621527
2025.04.23 18:57:59 aiogram.event        INFO     Update id=511761739 is handled. Duration 3 ms by bot id=8095621527
2025.04.23 18:57:59 aiogram.event        INFO     Update id=511761740 is handled. Duration 3 ms by bot id=8095621527
2025.04.23 19:00:15 aiogram.dispatcher   WARNING  Received SIGINT signal
2025.04.23 19:00:15 aiogram.dispatcher   INFO     Polling stopped for bot @dllmasterbot id=8095621527 - 'DLLMaster 🍊'
2025.04.23 19:00:15 aiogram.dispatcher   INFO     Polling stopped
2025.04.23 19:00:15 __main__             INFO     🛑 Polling stopped
2025.04.23 19:00:15 __main__             INFO     🔴 Bot stopped
2025.04.23 19:00:21 dotenv.main          WARNING  python-dotenv could not parse statement starting at line 5
2025.04.23 19:00:21 __main__             INFO     🤖 Starting bot...
2025.04.23 19:00:21 __main__             INFO     🚀 Starting bot initialization...
2025.04.23 19:00:21 __main__             INFO     ✅ Database initialized successfully
2025.04.23 19:00:21 core.spotify_handler INFO     Spotify API connection established.
2025.04.23 19:00:21 __main__             INFO     ✅ Spotify service initialized
2025.04.23 19:00:21 core.webprofile      INFO     Seçilmiş User-Agent: Mozilla/5.0 (Windows NT 10.0; Win64; x64; rv:120.0) Gecko/20100101 Firefox/120.0
2025.04.23 19:00:21 core.youtube_handler INFO     firefox brauzerindən cookies istifadə edilir.
2025.04.23 19:00:21 __main__             INFO     ✅ YouTube services initialized (firefox)
2025.04.23 19:00:21 __main__             INFO     🔌 Loading plugins...
2025.04.23 19:00:21 __main__             INFO     🔍 Scanning plugins in: plugins
2025.04.23 19:00:21 __main__             INFO     🔄 Loading: plugins.spotify_plugin
2025.04.23 19:00:21 __main__             INFO     ✅ Loaded (sync): plugins.spotify_plugin
2025.04.23 19:00:21 __main__             INFO     🔄 Loading: plugins.menu_plugin
2025.04.23 19:00:21 plugins.menu_plugin  INFO     ✅ Menu plugin yükləndi
2025.04.23 19:00:21 __main__             INFO     ✅ Loaded (async): plugins.menu_plugin
2025.04.23 19:00:21 __main__             INFO     🔄 Loading: plugins.sudo_plugin
2025.04.23 19:00:21 __main__             INFO     ✅ Loaded (sync): plugins.sudo_plugin
2025.04.23 19:00:21 __main__             INFO     🔄 Loading: plugins.youtube_plugin
2025.04.23 19:00:21 __main__             INFO     ✅ Loaded (sync): plugins.youtube_plugin
2025.04.23 19:00:21 __main__             INFO     🔄 Loading: plugins.neofetch_plugin
2025.04.23 19:00:21 __main__             INFO     ✅ Loaded (sync): plugins.neofetch_plugin
2025.04.23 19:00:21 __main__             INFO     🔄 Loading: plugins.id_command
2025.04.23 19:00:21 plugins.id_command   INFO     ✅ info_command plugin successfully loaded
2025.04.23 19:00:21 __main__             INFO     ✅ Loaded (async): plugins.id_command
2025.04.23 19:00:21 __main__             INFO     🔄 Loading: plugins.report_plugin
2025.04.23 19:00:21 __main__             INFO     ✅ Loaded (async): plugins.report_plugin
2025.04.23 19:00:21 __main__             INFO     🔄 Loading: plugins.del_plugin
2025.04.23 19:00:21 __main__             INFO     ✅ Loaded (sync): plugins.del_plugin
2025.04.23 19:00:21 __main__             INFO     🔄 Loading: plugins.mutagen
2025.04.23 19:00:21 plugins.mutagen      INFO     ✅ Mutagen plugin loaded successfully
2025.04.23 19:00:21 __main__             INFO     ✅ Loaded (sync): plugins.mutagen
2025.04.23 19:00:21 __main__             INFO     🔄 Loading: plugins.music_plugin
2025.04.23 19:00:21 __main__             INFO     ✅ Loaded (sync): plugins.music_plugin
2025.04.23 19:00:21 __main__             INFO     🔄 Loading: plugins.start_plugin
2025.04.23 19:00:21 plugins.start_plugin INFO     ✅ Start plugin yükləndi
2025.04.23 19:00:21 __main__             INFO     ✅ Loaded (async): plugins.start_plugin
2025.04.23 19:00:21 __main__             INFO     🔄 Loading: plugins.stats_plugin
2025.04.23 19:00:21 __main__             INFO     ✅ Loaded (sync): plugins.stats_plugin
2025.04.23 19:00:21 __main__             INFO     🔄 Loading: plugins.dir_plugin
2025.04.23 19:00:21 __main__             INFO     ✅ Loaded (sync): plugins.dir_plugin
2025.04.23 19:00:21 __main__             INFO     🔄 Loading: plugins.broadcast_plugin
2025.04.23 19:00:21 __main__             INFO     ✅ Loaded (sync): plugins.broadcast_plugin
2025.04.23 19:00:21 __main__             INFO     🔄 Loading: plugins.speedtest_plugin
2025.04.23 19:00:21 __main__             INFO     ✅ Loaded (sync): plugins.speedtest_plugin
2025.04.23 19:00:21 __main__             INFO     🔄 Loading: plugins.profile
2025.04.23 19:00:21 plugins.profile      INFO     ✅ Profile plugin loaded
2025.04.23 19:00:21 __main__             INFO     ✅ Loaded (async): plugins.profile
2025.04.23 19:00:21 __main__             INFO     🔄 Loading: plugins.bot_logs
2025.04.23 19:00:21 plugins.bot_logs     INFO     ✅ Logs plugin loaded
2025.04.23 19:00:21 __main__             INFO     ✅ Loaded (async): plugins.bot_logs
2025.04.23 19:00:21 __main__             INFO     🚀 Starting polling...
2025.04.23 19:00:21 aiogram.dispatcher   INFO     Start polling
2025.04.23 19:00:21 aiogram.dispatcher   INFO     Run polling for bot @dllmasterbot id=8095621527 - 'DLLMaster 🍊'
2025.04.23 19:00:30 core.webprofile      INFO     firefox brauzerindən cookies istifadə edilir.
2025.04.23 19:00:30 core.webprofile      INFO     Seçilmiş User-Agent: Mozilla/5.0 (X11; Linux x86_64) AppleWebKit/537.36 (KHTML, like Gecko) Chrome/122.0.0.0 Safari/537.36
2025.04.23 19:00:35 aiogram.event        INFO     Update id=511761741 is handled. Duration 4821 ms by bot id=8095621527
2025.04.23 19:00:41 core.webprofile      INFO     firefox brauzerindən cookies istifadə edilir.
2025.04.23 19:00:41 core.webprofile      INFO     Seçilmiş User-Agent: Mozilla/5.0 (iPad; CPU OS 17_2 like Mac OS X) AppleWebKit/605.1.15 (KHTML, like Gecko) Version/17.2 Mobile/15E148 Safari/604.1
2025.04.23 19:00:48 aiogram.event        INFO     Update id=511761742 is handled. Duration 7311 ms by bot id=8095621527
2025.04.23 19:01:32 aiogram.dispatcher   WARNING  Received SIGINT signal
2025.04.23 19:01:32 aiogram.dispatcher   INFO     Polling stopped for bot @dllmasterbot id=8095621527 - 'DLLMaster 🍊'
2025.04.23 19:01:32 aiogram.dispatcher   INFO     Polling stopped
2025.04.23 19:01:33 __main__             INFO     🛑 Polling stopped
2025.04.23 19:01:33 __main__             INFO     🔴 Bot stopped
2025.04.23 19:01:37 dotenv.main          WARNING  python-dotenv could not parse statement starting at line 5
2025.04.23 19:01:37 __main__             INFO     🤖 Starting bot...
2025.04.23 19:01:37 __main__             INFO     🚀 Starting bot initialization...
2025.04.23 19:01:37 __main__             INFO     ✅ Database initialized successfully
2025.04.23 19:01:37 core.spotify_handler INFO     Spotify API connection established.
2025.04.23 19:01:37 __main__             INFO     ✅ Spotify service initialized
2025.04.23 19:01:37 core.webprofile      INFO     Seçilmiş User-Agent: Mozilla/5.0 (Windows NT 10.0; Win64; x64; rv:120.0) Gecko/20100101 Firefox/120.0
2025.04.23 19:01:37 core.youtube_handler INFO     firefox brauzerindən cookies istifadə edilir.
2025.04.23 19:01:37 __main__             INFO     ✅ YouTube services initialized (firefox)
2025.04.23 19:01:37 __main__             INFO     🔌 Loading plugins...
2025.04.23 19:01:37 __main__             INFO     🔍 Scanning plugins in: plugins
2025.04.23 19:01:37 __main__             INFO     🔄 Loading: plugins.spotify_plugin
2025.04.23 19:01:37 __main__             INFO     ✅ Loaded (sync): plugins.spotify_plugin
2025.04.23 19:01:37 __main__             INFO     🔄 Loading: plugins.menu_plugin
2025.04.23 19:01:37 plugins.menu_plugin  INFO     ✅ Menu plugin yükləndi
2025.04.23 19:01:37 __main__             INFO     ✅ Loaded (async): plugins.menu_plugin
2025.04.23 19:01:37 __main__             INFO     🔄 Loading: plugins.sudo_plugin
2025.04.23 19:01:37 __main__             INFO     ✅ Loaded (sync): plugins.sudo_plugin
2025.04.23 19:01:37 __main__             INFO     🔄 Loading: plugins.youtube_plugin
2025.04.23 19:01:37 __main__             INFO     ✅ Loaded (sync): plugins.youtube_plugin
2025.04.23 19:01:37 __main__             INFO     🔄 Loading: plugins.neofetch_plugin
2025.04.23 19:01:37 __main__             INFO     ✅ Loaded (sync): plugins.neofetch_plugin
2025.04.23 19:01:37 __main__             INFO     🔄 Loading: plugins.id_command
2025.04.23 19:01:37 plugins.id_command   INFO     ✅ info_command plugin successfully loaded
2025.04.23 19:01:37 __main__             INFO     ✅ Loaded (async): plugins.id_command
2025.04.23 19:01:37 __main__             INFO     🔄 Loading: plugins.report_plugin
2025.04.23 19:01:37 __main__             INFO     ✅ Loaded (async): plugins.report_plugin
2025.04.23 19:01:37 __main__             INFO     🔄 Loading: plugins.del_plugin
2025.04.23 19:01:37 __main__             INFO     ✅ Loaded (sync): plugins.del_plugin
2025.04.23 19:01:37 __main__             INFO     🔄 Loading: plugins.mutagen
2025.04.23 19:01:37 plugins.mutagen      INFO     ✅ Mutagen plugin loaded successfully
2025.04.23 19:01:37 __main__             INFO     ✅ Loaded (sync): plugins.mutagen
2025.04.23 19:01:37 __main__             INFO     🔄 Loading: plugins.music_plugin
2025.04.23 19:01:37 __main__             INFO     ✅ Loaded (sync): plugins.music_plugin
2025.04.23 19:01:37 __main__             INFO     🔄 Loading: plugins.start_plugin
2025.04.23 19:01:37 plugins.start_plugin INFO     ✅ Start plugin yükləndi
2025.04.23 19:01:37 __main__             INFO     ✅ Loaded (async): plugins.start_plugin
2025.04.23 19:01:37 __main__             INFO     🔄 Loading: plugins.stats_plugin
2025.04.23 19:01:37 __main__             INFO     ✅ Loaded (sync): plugins.stats_plugin
2025.04.23 19:01:37 __main__             INFO     🔄 Loading: plugins.dir_plugin
2025.04.23 19:01:37 __main__             INFO     ✅ Loaded (sync): plugins.dir_plugin
2025.04.23 19:01:37 __main__             INFO     🔄 Loading: plugins.broadcast_plugin
2025.04.23 19:01:37 __main__             INFO     ✅ Loaded (sync): plugins.broadcast_plugin
2025.04.23 19:01:37 __main__             INFO     🔄 Loading: plugins.speedtest_plugin
2025.04.23 19:01:37 __main__             INFO     ✅ Loaded (sync): plugins.speedtest_plugin
2025.04.23 19:01:37 __main__             INFO     🔄 Loading: plugins.profile
2025.04.23 19:01:37 plugins.profile      INFO     ✅ Profile plugin loaded
2025.04.23 19:01:37 __main__             INFO     ✅ Loaded (async): plugins.profile
2025.04.23 19:01:37 __main__             INFO     🔄 Loading: plugins.bot_logs
2025.04.23 19:01:37 plugins.bot_logs     INFO     ✅ Logs plugin loaded
2025.04.23 19:01:37 __main__             INFO     ✅ Loaded (async): plugins.bot_logs
2025.04.23 19:01:37 __main__             INFO     🚀 Starting polling...
2025.04.23 19:01:37 aiogram.dispatcher   INFO     Start polling
2025.04.23 19:01:37 aiogram.dispatcher   INFO     Run polling for bot @dllmasterbot id=8095621527 - 'DLLMaster 🍊'
2025.04.23 19:01:43 core.webprofile      INFO     firefox brauzerindən cookies istifadə edilir.
2025.04.23 19:01:43 core.webprofile      INFO     Seçilmiş User-Agent: Mozilla/5.0 (Linux; Android 14; SM-G998B) AppleWebKit/537.36 (KHTML, like Gecko) Chrome/122.0.0.0 Mobile Safari/537.36
2025.04.23 19:01:47 aiogram.event        INFO     Update id=511761743 is handled. Duration 4289 ms by bot id=8095621527
2025.04.23 19:01:52 core.webprofile      INFO     firefox brauzerindən cookies istifadə edilir.
2025.04.23 19:01:52 core.webprofile      INFO     Seçilmiş User-Agent: Mozilla/5.0 (Windows NT 10.0; Win64; x64) AppleWebKit/537.36 (KHTML, like Gecko) Chrome/122.0.0.0 Safari/537.36
2025.04.23 19:02:00 aiogram.event        INFO     Update id=511761744 is handled. Duration 8675 ms by bot id=8095621527
2025.04.23 19:02:05 core.webprofile      INFO     firefox brauzerindən cookies istifadə edilir.
2025.04.23 19:02:05 core.webprofile      INFO     Seçilmiş User-Agent: Mozilla/5.0 (iPhone; CPU iPhone OS 17_2 like Mac OS X) AppleWebKit/605.1.15 (KHTML, like Gecko) Version/17.2 Mobile/15E148 Safari/604.1
2025.04.23 19:02:09 aiogram.event        INFO     Update id=511761745 is handled. Duration 3920 ms by bot id=8095621527
2025.04.23 19:02:12 aiogram.event        INFO     Update id=511761746 is handled. Duration 45 ms by bot id=8095621527
2025.04.23 19:02:22 core.webprofile      INFO     firefox brauzerindən cookies istifadə edilir.
2025.04.23 19:02:22 core.webprofile      INFO     Seçilmiş User-Agent: Mozilla/5.0 (Linux; Android 14; Pixel 8 Pro) AppleWebKit/537.36 (KHTML, like Gecko) Chrome/122.0.0.0 Mobile Safari/537.36
2025.04.23 19:02:28 aiogram.event        INFO     Update id=511761747 is handled. Duration 6846 ms by bot id=8095621527
2025.04.23 19:02:38 aiogram.event        INFO     Update id=511761748 is handled. Duration 1 ms by bot id=8095621527
2025.04.23 19:03:27 aiogram.dispatcher   WARNING  Received SIGINT signal
2025.04.23 19:03:27 aiogram.dispatcher   INFO     Polling stopped for bot @dllmasterbot id=8095621527 - 'DLLMaster 🍊'
2025.04.23 19:03:27 aiogram.dispatcher   INFO     Polling stopped
2025.04.23 19:03:27 __main__             INFO     🛑 Polling stopped
2025.04.23 19:03:27 __main__             INFO     🔴 Bot stopped
2025.04.23 19:03:32 dotenv.main          WARNING  python-dotenv could not parse statement starting at line 5
2025.04.23 19:03:32 __main__             INFO     🤖 Starting bot...
2025.04.23 19:03:32 __main__             INFO     🚀 Starting bot initialization...
2025.04.23 19:03:32 __main__             INFO     ✅ Database initialized successfully
2025.04.23 19:03:32 core.spotify_handler INFO     Spotify API connection established.
2025.04.23 19:03:32 __main__             INFO     ✅ Spotify service initialized
2025.04.23 19:03:32 core.webprofile      INFO     Seçilmiş User-Agent: Mozilla/5.0 (Linux; Android 14; SM-G998B) AppleWebKit/537.36 (KHTML, like Gecko) Chrome/122.0.0.0 Mobile Safari/537.36
2025.04.23 19:03:32 core.youtube_handler INFO     firefox brauzerindən cookies istifadə edilir.
2025.04.23 19:03:32 __main__             INFO     ✅ YouTube services initialized (firefox)
2025.04.23 19:03:32 __main__             INFO     🔌 Loading plugins...
2025.04.23 19:03:32 __main__             INFO     🔍 Scanning plugins in: plugins
2025.04.23 19:03:32 __main__             INFO     🔄 Loading: plugins.spotify_plugin
2025.04.23 19:03:32 __main__             INFO     ✅ Loaded (sync): plugins.spotify_plugin
2025.04.23 19:03:32 __main__             INFO     🔄 Loading: plugins.menu_plugin
2025.04.23 19:03:32 plugins.menu_plugin  INFO     ✅ Menu plugin yükləndi
2025.04.23 19:03:32 __main__             INFO     ✅ Loaded (async): plugins.menu_plugin
2025.04.23 19:03:32 __main__             INFO     🔄 Loading: plugins.sudo_plugin
2025.04.23 19:03:32 __main__             INFO     ✅ Loaded (sync): plugins.sudo_plugin
2025.04.23 19:03:32 __main__             INFO     🔄 Loading: plugins.youtube_plugin
2025.04.23 19:03:32 __main__             INFO     ✅ Loaded (sync): plugins.youtube_plugin
2025.04.23 19:03:32 __main__             INFO     🔄 Loading: plugins.neofetch_plugin
2025.04.23 19:03:32 __main__             INFO     ✅ Loaded (sync): plugins.neofetch_plugin
2025.04.23 19:03:32 __main__             INFO     🔄 Loading: plugins.id_command
2025.04.23 19:03:32 plugins.id_command   INFO     ✅ info_command plugin successfully loaded
2025.04.23 19:03:32 __main__             INFO     ✅ Loaded (async): plugins.id_command
2025.04.23 19:03:32 __main__             INFO     🔄 Loading: plugins.report_plugin
2025.04.23 19:03:32 __main__             INFO     ✅ Loaded (async): plugins.report_plugin
2025.04.23 19:03:32 __main__             INFO     🔄 Loading: plugins.del_plugin
2025.04.23 19:03:32 __main__             INFO     ✅ Loaded (sync): plugins.del_plugin
2025.04.23 19:03:32 __main__             INFO     🔄 Loading: plugins.mutagen
2025.04.23 19:03:32 plugins.mutagen      INFO     ✅ Mutagen plugin loaded successfully
2025.04.23 19:03:32 __main__             INFO     ✅ Loaded (sync): plugins.mutagen
2025.04.23 19:03:32 __main__             INFO     🔄 Loading: plugins.music_plugin
2025.04.23 19:03:32 __main__             INFO     ✅ Loaded (sync): plugins.music_plugin
2025.04.23 19:03:32 __main__             INFO     🔄 Loading: plugins.start_plugin
2025.04.23 19:03:32 plugins.start_plugin INFO     ✅ Start plugin yükləndi
2025.04.23 19:03:32 __main__             INFO     ✅ Loaded (async): plugins.start_plugin
2025.04.23 19:03:32 __main__             INFO     🔄 Loading: plugins.stats_plugin
2025.04.23 19:03:32 __main__             INFO     ✅ Loaded (sync): plugins.stats_plugin
2025.04.23 19:03:32 __main__             INFO     🔄 Loading: plugins.dir_plugin
2025.04.23 19:03:32 __main__             INFO     ✅ Loaded (sync): plugins.dir_plugin
2025.04.23 19:03:32 __main__             INFO     🔄 Loading: plugins.broadcast_plugin
2025.04.23 19:03:32 __main__             INFO     ✅ Loaded (sync): plugins.broadcast_plugin
2025.04.23 19:03:32 __main__             INFO     🔄 Loading: plugins.speedtest_plugin
2025.04.23 19:03:32 __main__             INFO     ✅ Loaded (sync): plugins.speedtest_plugin
2025.04.23 19:03:32 __main__             INFO     🔄 Loading: plugins.profile
2025.04.23 19:03:32 plugins.profile      INFO     ✅ Profile plugin loaded
2025.04.23 19:03:32 __main__             INFO     ✅ Loaded (async): plugins.profile
2025.04.23 19:03:32 __main__             INFO     🔄 Loading: plugins.bot_logs
2025.04.23 19:03:32 plugins.bot_logs     INFO     ✅ Logs plugin loaded
2025.04.23 19:03:32 __main__             INFO     ✅ Loaded (async): plugins.bot_logs
2025.04.23 19:03:32 __main__             INFO     🚀 Starting polling...
2025.04.23 19:03:32 aiogram.dispatcher   INFO     Start polling
2025.04.23 19:03:32 aiogram.dispatcher   INFO     Run polling for bot @dllmasterbot id=8095621527 - 'DLLMaster 🍊'
2025.04.23 19:03:40 core.webprofile      INFO     firefox brauzerindən cookies istifadə edilir.
2025.04.23 19:03:40 core.webprofile      INFO     Seçilmiş User-Agent: Mozilla/5.0 (Linux; Android 14; Pixel 8 Pro) AppleWebKit/537.36 (KHTML, like Gecko) Chrome/122.0.0.0 Mobile Safari/537.36
2025.04.23 19:03:45 aiogram.event        INFO     Update id=511761749 is handled. Duration 4355 ms by bot id=8095621527
2025.04.23 19:03:47 aiogram.event        INFO     Update id=511761750 is handled. Duration 70 ms by bot id=8095621527
2025.04.23 19:03:53 core.webprofile      INFO     firefox brauzerindən cookies istifadə edilir.
2025.04.23 19:03:53 core.webprofile      INFO     Seçilmiş User-Agent: Mozilla/5.0 (iPhone; CPU iPhone OS 17_2 like Mac OS X) AppleWebKit/605.1.15 (KHTML, like Gecko) Version/17.2 Mobile/15E148 Safari/604.1
2025.04.23 19:03:56 aiogram.event        INFO     Update id=511761751 is handled. Duration 5231 ms by bot id=8095621527
2025.04.23 19:03:56 aiogram.event        INFO     Update id=511761752 is handled. Duration 3164 ms by bot id=8095621527
2025.04.23 19:03:58 aiogram.event        INFO     Update id=511761753 is handled. Duration 196 ms by bot id=8095621527
2025.04.23 19:03:59 aiogram.event        INFO     Update id=511761754 is handled. Duration 158 ms by bot id=8095621527
2025.04.23 19:04:01 aiogram.event        INFO     Update id=511761755 is handled. Duration 88 ms by bot id=8095621527
2025.04.23 19:04:03 aiogram.event        INFO     Update id=511761756 is handled. Duration 57 ms by bot id=8095621527
2025.04.23 19:04:14 aiogram.event        INFO     Update id=511761757 is handled. Duration 71 ms by bot id=8095621527
2025.04.23 19:04:16 aiogram.event        INFO     Update id=511761758 is handled. Duration 282 ms by bot id=8095621527
2025.04.23 19:04:20 core.webprofile      INFO     firefox brauzerindən cookies istifadə edilir.
2025.04.23 19:04:20 core.webprofile      INFO     Seçilmiş User-Agent: Mozilla/5.0 (Linux; Android 14; SM-G998B) AppleWebKit/537.36 (KHTML, like Gecko) Chrome/122.0.0.0 Mobile Safari/537.36
2025.04.23 19:04:26 aiogram.event        INFO     Update id=511761759 is handled. Duration 6494 ms by bot id=8095621527
2025.04.23 19:04:38 aiogram.dispatcher   WARNING  Received SIGINT signal
2025.04.23 19:04:38 aiogram.dispatcher   INFO     Polling stopped for bot @dllmasterbot id=8095621527 - 'DLLMaster 🍊'
2025.04.23 19:04:38 aiogram.dispatcher   INFO     Polling stopped
2025.04.23 19:04:39 __main__             INFO     🛑 Polling stopped
2025.04.23 19:04:39 __main__             INFO     🔴 Bot stopped
2025.04.23 19:05:04 dotenv.main          WARNING  python-dotenv could not parse statement starting at line 5
2025.04.23 19:05:04 __main__             INFO     🤖 Starting bot...
2025.04.23 19:05:04 __main__             INFO     🚀 Starting bot initialization...
2025.04.23 19:05:04 __main__             INFO     ✅ Database initialized successfully
2025.04.23 19:05:04 core.spotify_handler INFO     Spotify API connection established.
2025.04.23 19:05:04 __main__             INFO     ✅ Spotify service initialized
2025.04.23 19:05:04 core.webprofile      INFO     Seçilmiş User-Agent: Mozilla/5.0 (iPad; CPU OS 17_2 like Mac OS X) AppleWebKit/605.1.15 (KHTML, like Gecko) Version/17.2 Mobile/15E148 Safari/604.1
2025.04.23 19:05:04 core.youtube_handler INFO     firefox brauzerindən cookies istifadə edilir.
2025.04.23 19:05:04 __main__             INFO     ✅ YouTube services initialized (firefox)
2025.04.23 19:05:04 __main__             INFO     🔌 Loading plugins...
2025.04.23 19:05:04 __main__             INFO     🔍 Scanning plugins in: plugins
2025.04.23 19:05:04 __main__             INFO     🔄 Loading: plugins.spotify_plugin
2025.04.23 19:05:04 __main__             INFO     ✅ Loaded (sync): plugins.spotify_plugin
2025.04.23 19:05:04 __main__             INFO     🔄 Loading: plugins.menu_plugin
2025.04.23 19:05:04 plugins.menu_plugin  INFO     ✅ Menu plugin yükləndi
2025.04.23 19:05:04 __main__             INFO     ✅ Loaded (async): plugins.menu_plugin
2025.04.23 19:05:04 __main__             INFO     🔄 Loading: plugins.sudo_plugin
2025.04.23 19:05:04 __main__             INFO     ✅ Loaded (sync): plugins.sudo_plugin
2025.04.23 19:05:04 __main__             INFO     🔄 Loading: plugins.youtube_plugin
2025.04.23 19:05:04 __main__             INFO     ✅ Loaded (sync): plugins.youtube_plugin
2025.04.23 19:05:04 __main__             INFO     🔄 Loading: plugins.neofetch_plugin
2025.04.23 19:05:04 __main__             INFO     ✅ Loaded (sync): plugins.neofetch_plugin
2025.04.23 19:05:04 __main__             INFO     🔄 Loading: plugins.id_command
2025.04.23 19:05:04 plugins.id_command   INFO     ✅ info_command plugin successfully loaded
2025.04.23 19:05:04 __main__             INFO     ✅ Loaded (async): plugins.id_command
2025.04.23 19:05:04 __main__             INFO     🔄 Loading: plugins.report_plugin
2025.04.23 19:05:04 __main__             INFO     ✅ Loaded (async): plugins.report_plugin
2025.04.23 19:05:04 __main__             INFO     🔄 Loading: plugins.del_plugin
2025.04.23 19:05:04 __main__             INFO     ✅ Loaded (sync): plugins.del_plugin
2025.04.23 19:05:04 __main__             INFO     🔄 Loading: plugins.mutagen
2025.04.23 19:05:04 plugins.mutagen      INFO     ✅ Mutagen plugin loaded successfully
2025.04.23 19:05:04 __main__             INFO     ✅ Loaded (sync): plugins.mutagen
2025.04.23 19:05:04 __main__             INFO     🔄 Loading: plugins.music_plugin
2025.04.23 19:05:04 __main__             INFO     ✅ Loaded (sync): plugins.music_plugin
2025.04.23 19:05:04 __main__             INFO     🔄 Loading: plugins.start_plugin
2025.04.23 19:05:04 plugins.start_plugin INFO     ✅ Start plugin yükləndi
2025.04.23 19:05:04 __main__             INFO     ✅ Loaded (async): plugins.start_plugin
2025.04.23 19:05:04 __main__             INFO     🔄 Loading: plugins.stats_plugin
2025.04.23 19:05:04 __main__             INFO     ✅ Loaded (sync): plugins.stats_plugin
2025.04.23 19:05:04 __main__             INFO     🔄 Loading: plugins.dir_plugin
2025.04.23 19:05:04 __main__             INFO     ✅ Loaded (sync): plugins.dir_plugin
2025.04.23 19:05:04 __main__             INFO     🔄 Loading: plugins.broadcast_plugin
2025.04.23 19:05:04 __main__             INFO     ✅ Loaded (sync): plugins.broadcast_plugin
2025.04.23 19:05:04 __main__             INFO     🔄 Loading: plugins.speedtest_plugin
2025.04.23 19:05:04 __main__             INFO     ✅ Loaded (sync): plugins.speedtest_plugin
2025.04.23 19:05:04 __main__             INFO     🔄 Loading: plugins.profile
2025.04.23 19:05:04 plugins.profile      INFO     ✅ Profile plugin loaded
2025.04.23 19:05:04 __main__             INFO     ✅ Loaded (async): plugins.profile
2025.04.23 19:05:04 __main__             INFO     🔄 Loading: plugins.bot_logs
2025.04.23 19:05:04 plugins.bot_logs     INFO     ✅ Logs plugin loaded
2025.04.23 19:05:04 __main__             INFO     ✅ Loaded (async): plugins.bot_logs
2025.04.23 19:05:04 __main__             INFO     🚀 Starting polling...
2025.04.23 19:05:04 aiogram.dispatcher   INFO     Start polling
2025.04.23 19:05:04 aiogram.dispatcher   INFO     Run polling for bot @dllmasterbot id=8095621527 - 'DLLMaster 🍊'
2025.04.23 19:07:18 aiogram.event        INFO     Update id=511761760 is handled. Duration 1 ms by bot id=8095621527
2025.04.23 19:11:51 aiogram.event        INFO     Update id=511761761 is handled. Duration 6 ms by bot id=8095621527
2025.04.23 19:11:51 aiogram.event        INFO     Update id=511761762 is handled. Duration 7 ms by bot id=8095621527
2025.04.23 19:11:51 aiogram.event        INFO     Update id=511761763 is handled. Duration 6 ms by bot id=8095621527
2025.04.23 19:11:51 aiogram.event        INFO     Update id=511761764 is handled. Duration 6 ms by bot id=8095621527
2025.04.23 19:11:51 aiogram.event        INFO     Update id=511761765 is handled. Duration 6 ms by bot id=8095621527
2025.04.23 19:11:51 aiogram.event        INFO     Update id=511761766 is handled. Duration 5 ms by bot id=8095621527
2025.04.23 19:11:51 aiogram.event        INFO     Update id=511761767 is handled. Duration 5 ms by bot id=8095621527
2025.04.23 19:11:51 aiogram.event        INFO     Update id=511761768 is handled. Duration 5 ms by bot id=8095621527
2025.04.23 19:21:46 aiogram.event        INFO     Update id=511761769 is handled. Duration 2 ms by bot id=8095621527
2025.04.23 19:21:46 aiogram.event        INFO     Update id=511761770 is handled. Duration 2 ms by bot id=8095621527
2025.04.23 19:21:47 aiogram.event        INFO     Update id=511761771 is handled. Duration 2 ms by bot id=8095621527
2025.04.23 19:21:47 aiogram.event        INFO     Update id=511761772 is handled. Duration 2 ms by bot id=8095621527
2025.04.23 19:21:57 aiogram.event        INFO     Update id=511761773 is handled. Duration 2 ms by bot id=8095621527
2025.04.23 19:21:57 aiogram.event        INFO     Update id=511761774 is handled. Duration 2 ms by bot id=8095621527
2025.04.23 19:30:30 aiogram.event        INFO     Update id=511761775 is handled. Duration 4 ms by bot id=8095621527
2025.04.23 19:30:30 aiogram.event        INFO     Update id=511761776 is handled. Duration 4 ms by bot id=8095621527
2025.04.23 19:30:30 aiogram.event        INFO     Update id=511761777 is handled. Duration 4 ms by bot id=8095621527
2025.04.23 19:30:30 aiogram.event        INFO     Update id=511761778 is handled. Duration 4 ms by bot id=8095621527
2025.04.23 19:30:30 aiogram.event        INFO     Update id=511761779 is handled. Duration 5 ms by bot id=8095621527
2025.04.23 19:30:30 aiogram.event        INFO     Update id=511761780 is handled. Duration 5 ms by bot id=8095621527
2025.04.23 19:30:30 aiogram.event        INFO     Update id=511761781 is handled. Duration 5 ms by bot id=8095621527
2025.04.23 19:30:30 aiogram.event        INFO     Update id=511761782 is handled. Duration 5 ms by bot id=8095621527
2025.04.23 19:30:46 aiogram.event        INFO     Update id=511761783 is handled. Duration 1 ms by bot id=8095621527
2025.04.23 19:30:46 aiogram.event        INFO     Update id=511761784 is handled. Duration 1 ms by bot id=8095621527
2025.04.23 19:36:12 aiogram.event        INFO     Update id=511761785 is handled. Duration 1 ms by bot id=8095621527
2025.04.23 19:36:13 aiogram.event        INFO     Update id=511761786 is handled. Duration 1 ms by bot id=8095621527
2025.04.23 19:36:16 aiogram.event        INFO     Update id=511761787 is handled. Duration 1 ms by bot id=8095621527
2025.04.23 19:38:09 aiogram.event        INFO     Update id=511761788 is handled. Duration 4 ms by bot id=8095621527
2025.04.23 19:38:09 aiogram.event        INFO     Update id=511761789 is handled. Duration 4 ms by bot id=8095621527
2025.04.23 19:38:09 aiogram.event        INFO     Update id=511761790 is handled. Duration 4 ms by bot id=8095621527
2025.04.23 19:38:09 aiogram.event        INFO     Update id=511761791 is handled. Duration 4 ms by bot id=8095621527
2025.04.23 19:38:09 aiogram.event        INFO     Update id=511761792 is handled. Duration 5 ms by bot id=8095621527
2025.04.23 19:38:09 aiogram.event        INFO     Update id=511761793 is handled. Duration 5 ms by bot id=8095621527
2025.04.23 19:38:09 aiogram.event        INFO     Update id=511761794 is handled. Duration 5 ms by bot id=8095621527
2025.04.23 19:38:09 aiogram.event        INFO     Update id=511761795 is handled. Duration 5 ms by bot id=8095621527
2025.04.23 19:40:32 aiogram.event        INFO     Update id=511761796 is handled. Duration 1 ms by bot id=8095621527
2025.04.23 19:41:47 aiogram.event        INFO     Update id=511761797 is handled. Duration 3 ms by bot id=8095621527
2025.04.23 19:41:47 aiogram.event        INFO     Update id=511761798 is handled. Duration 3 ms by bot id=8095621527
2025.04.23 19:41:47 aiogram.event        INFO     Update id=511761799 is handled. Duration 3 ms by bot id=8095621527
2025.04.23 19:41:47 aiogram.event        INFO     Update id=511761800 is handled. Duration 3 ms by bot id=8095621527
2025.04.23 19:42:21 aiogram.event        INFO     Update id=511761801 is handled. Duration 1 ms by bot id=8095621527
2025.04.23 19:44:02 core.webprofile      INFO     firefox brauzerindən cookies istifadə edilir.
2025.04.23 19:44:02 core.webprofile      INFO     Seçilmiş User-Agent: Mozilla/5.0 (Macintosh; Intel Mac OS X 10_15_7) AppleWebKit/537.36 (KHTML, like Gecko) Chrome/122.0.0.0 Safari/537.36
2025.04.23 19:44:07 aiogram.event        INFO     Update id=511761802 is handled. Duration 5315 ms by bot id=8095621527
2025.04.23 19:44:11 core.webprofile      INFO     firefox brauzerindən cookies istifadə edilir.
2025.04.23 19:44:11 core.webprofile      INFO     Seçilmiş User-Agent: Mozilla/5.0 (Macintosh; Intel Mac OS X 10_15_7) AppleWebKit/537.36 (KHTML, like Gecko) Chrome/122.0.0.0 Safari/537.36
2025.04.23 19:44:22 aiogram.event        INFO     Update id=511761803 is handled. Duration 11323 ms by bot id=8095621527
2025.04.23 19:44:26 aiogram.event        INFO     Update id=511761804 is handled. Duration 2 ms by bot id=8095621527
2025.04.23 19:44:26 aiogram.event        INFO     Update id=511761805 is handled. Duration 2 ms by bot id=8095621527
2025.04.23 19:46:57 core.webprofile      INFO     firefox brauzerindən cookies istifadə edilir.
2025.04.23 19:46:57 core.webprofile      INFO     Seçilmiş User-Agent: Mozilla/5.0 (Windows NT 10.0; Win64; x64) AppleWebKit/537.36 (KHTML, like Gecko) Chrome/122.0.0.0 Safari/537.36
2025.04.23 19:47:02 aiogram.event        INFO     Update id=511761806 is handled. Duration 5362 ms by bot id=8095621527
2025.04.23 19:47:05 core.webprofile      INFO     firefox brauzerindən cookies istifadə edilir.
2025.04.23 19:47:05 core.webprofile      INFO     Seçilmiş User-Agent: Mozilla/5.0 (Macintosh; Intel Mac OS X 10_15_7) AppleWebKit/537.36 (KHTML, like Gecko) Chrome/122.0.0.0 Safari/537.36
2025.04.23 19:47:15 aiogram.event        INFO     Update id=511761807 is handled. Duration 9847 ms by bot id=8095621527
2025.04.23 19:49:49 aiogram.event        INFO     Update id=511761808 is handled. Duration 1 ms by bot id=8095621527
2025.04.23 19:49:51 aiogram.event        INFO     Update id=511761809 is handled. Duration 1 ms by bot id=8095621527
2025.04.23 20:01:31 aiogram.event        INFO     Update id=511761810 is handled. Duration 1 ms by bot id=8095621527
2025.04.23 20:01:32 aiogram.event        INFO     Update id=511761811 is handled. Duration 1 ms by bot id=8095621527
2025.04.23 20:02:37 aiogram.event        INFO     Update id=511761812 is handled. Duration 1 ms by bot id=8095621527
2025.04.23 20:03:34 aiogram.event        INFO     Update id=511761813 is handled. Duration 1 ms by bot id=8095621527
2025.04.23 20:07:27 core.webprofile      INFO     firefox brauzerindən cookies istifadə edilir.
2025.04.23 20:07:27 core.webprofile      INFO     Seçilmiş User-Agent: Mozilla/5.0 (Linux; Android 14; Pixel 8 Pro) AppleWebKit/537.36 (KHTML, like Gecko) Chrome/122.0.0.0 Mobile Safari/537.36
2025.04.23 20:07:31 aiogram.event        INFO     Update id=511761814 is handled. Duration 4658 ms by bot id=8095621527
2025.04.23 20:07:46 core.webprofile      INFO     firefox brauzerindən cookies istifadə edilir.
2025.04.23 20:07:46 core.webprofile      INFO     Seçilmiş User-Agent: Mozilla/5.0 (Windows NT 10.0; Win64; x64) AppleWebKit/537.36 (KHTML, like Gecko) Edge/120.0.0.0 Safari/537.36
2025.04.23 20:07:58 aiogram.event        INFO     Update id=511761815 is handled. Duration 11966 ms by bot id=8095621527
2025.04.23 20:09:10 aiogram.event        INFO     Update id=511761816 is handled. Duration 1 ms by bot id=8095621527
2025.04.23 20:10:09 aiogram.event        INFO     Update id=511761817 is handled. Duration 1 ms by bot id=8095621527
2025.04.23 20:10:48 aiogram.event        INFO     Update id=511761818 is handled. Duration 1 ms by bot id=8095621527
2025.04.23 20:11:08 aiogram.event        INFO     Update id=511761819 is handled. Duration 1 ms by bot id=8095621527
2025.04.23 20:11:21 aiogram.event        INFO     Update id=511761820 is handled. Duration 1 ms by bot id=8095621527
2025.04.23 20:11:24 aiogram.event        INFO     Update id=511761821 is handled. Duration 1 ms by bot id=8095621527
2025.04.23 20:11:27 aiogram.event        INFO     Update id=511761822 is handled. Duration 1 ms by bot id=8095621527
2025.04.23 20:11:34 aiogram.event        INFO     Update id=511761823 is handled. Duration 1 ms by bot id=8095621527
2025.04.23 20:11:37 aiogram.event        INFO     Update id=511761824 is handled. Duration 1 ms by bot id=8095621527
2025.04.23 20:11:46 aiogram.event        INFO     Update id=511761825 is handled. Duration 1 ms by bot id=8095621527
2025.04.23 20:11:55 aiogram.event        INFO     Update id=511761826 is handled. Duration 1 ms by bot id=8095621527
2025.04.23 20:11:56 aiogram.event        INFO     Update id=511761827 is handled. Duration 1 ms by bot id=8095621527
2025.04.23 20:12:01 aiogram.event        INFO     Update id=511761828 is handled. Duration 1 ms by bot id=8095621527
2025.04.23 20:12:42 aiogram.event        INFO     Update id=511761829 is handled. Duration 1 ms by bot id=8095621527
2025.04.23 20:14:12 aiogram.event        INFO     Update id=511761830 is handled. Duration 1 ms by bot id=8095621527
2025.04.23 20:15:17 aiogram.event        INFO     Update id=511761831 is handled. Duration 1 ms by bot id=8095621527
2025.04.23 20:15:47 aiogram.event        INFO     Update id=511761832 is handled. Duration 1 ms by bot id=8095621527
2025.04.23 20:17:18 aiogram.event        INFO     Update id=511761833 is handled. Duration 4 ms by bot id=8095621527
2025.04.23 20:17:18 aiogram.event        INFO     Update id=511761835 is handled. Duration 4 ms by bot id=8095621527
2025.04.23 20:17:18 aiogram.event        INFO     Update id=511761836 is handled. Duration 4 ms by bot id=8095621527
2025.04.23 20:17:18 aiogram.event        INFO     Update id=511761837 is handled. Duration 4 ms by bot id=8095621527
2025.04.23 20:17:18 aiogram.event        INFO     Update id=511761834 is not handled. Duration 5 ms by bot id=8095621527
2025.04.23 20:17:20 aiogram.event        INFO     Update id=511761838 is handled. Duration 3 ms by bot id=8095621527
2025.04.23 20:17:20 aiogram.event        INFO     Update id=511761840 is handled. Duration 4 ms by bot id=8095621527
2025.04.23 20:17:20 aiogram.event        INFO     Update id=511761841 is handled. Duration 4 ms by bot id=8095621527
2025.04.23 20:17:20 aiogram.event        INFO     Update id=511761842 is handled. Duration 4 ms by bot id=8095621527
2025.04.23 20:17:20 aiogram.event        INFO     Update id=511761839 is not handled. Duration 5 ms by bot id=8095621527
2025.04.23 20:17:55 aiogram.event        INFO     Update id=511761843 is handled. Duration 1 ms by bot id=8095621527
2025.04.23 20:19:00 aiogram.event        INFO     Update id=511761844 is handled. Duration 1 ms by bot id=8095621527
2025.04.23 20:19:12 aiogram.event        INFO     Update id=511761845 is handled. Duration 2 ms by bot id=8095621527
2025.04.23 20:19:32 aiogram.event        INFO     Update id=511761846 is handled. Duration 1 ms by bot id=8095621527
2025.04.23 20:19:47 aiogram.event        INFO     Update id=511761847 is handled. Duration 1 ms by bot id=8095621527
2025.04.23 20:20:26 aiogram.event        INFO     Update id=511761848 is handled. Duration 1 ms by bot id=8095621527
2025.04.23 20:20:27 aiogram.event        INFO     Update id=511761849 is handled. Duration 1 ms by bot id=8095621527
2025.04.23 20:20:40 aiogram.event        INFO     Update id=511761850 is handled. Duration 1 ms by bot id=8095621527
2025.04.23 20:20:44 aiogram.event        INFO     Update id=511761851 is handled. Duration 1 ms by bot id=8095621527
2025.04.23 20:20:55 aiogram.event        INFO     Update id=511761852 is handled. Duration 1 ms by bot id=8095621527
2025.04.23 20:20:58 aiogram.event        INFO     Update id=511761853 is handled. Duration 1 ms by bot id=8095621527
2025.04.23 20:21:02 aiogram.event        INFO     Update id=511761854 is handled. Duration 1 ms by bot id=8095621527
2025.04.23 20:21:07 aiogram.event        INFO     Update id=511761855 is handled. Duration 1 ms by bot id=8095621527
2025.04.23 20:21:22 aiogram.event        INFO     Update id=511761856 is handled. Duration 1 ms by bot id=8095621527
2025.04.23 20:21:41 aiogram.event        INFO     Update id=511761857 is handled. Duration 1 ms by bot id=8095621527
2025.04.23 20:21:44 aiogram.event        INFO     Update id=511761858 is handled. Duration 1 ms by bot id=8095621527
2025.04.23 20:21:55 aiogram.event        INFO     Update id=511761859 is handled. Duration 1 ms by bot id=8095621527
2025.04.23 20:22:54 aiogram.event        INFO     Update id=511761860 is handled. Duration 1 ms by bot id=8095621527
2025.04.23 20:23:10 aiogram.event        INFO     Update id=511761861 is handled. Duration 1 ms by bot id=8095621527
2025.04.23 20:23:36 aiogram.event        INFO     Update id=511761862 is handled. Duration 1 ms by bot id=8095621527
2025.04.23 20:23:43 aiogram.event        INFO     Update id=511761863 is not handled. Duration 2 ms by bot id=8095621527
2025.04.23 20:23:48 aiogram.event        INFO     Update id=511761864 is handled. Duration 1 ms by bot id=8095621527
2025.04.23 20:24:28 aiogram.event        INFO     Update id=511761865 is handled. Duration 1 ms by bot id=8095621527
2025.04.23 20:29:21 aiogram.event        INFO     Update id=511761866 is handled. Duration 1 ms by bot id=8095621527
2025.04.23 20:29:22 aiogram.event        INFO     Update id=511761867 is handled. Duration 1 ms by bot id=8095621527
2025.04.23 20:35:38 aiogram.dispatcher   WARNING  Received SIGINT signal
2025.04.23 20:35:38 aiogram.dispatcher   INFO     Polling stopped for bot @dllmasterbot id=8095621527 - 'DLLMaster 🍊'
2025.04.23 20:35:38 aiogram.dispatcher   INFO     Polling stopped
2025.04.23 20:35:38 __main__             INFO     🛑 Polling stopped
2025.04.23 20:35:38 __main__             INFO     🔴 Bot stopped
2025.04.23 20:35:43 dotenv.main          WARNING  python-dotenv could not parse statement starting at line 5
2025.04.23 20:35:43 __main__             INFO     🤖 Starting bot...
2025.04.23 20:35:43 __main__             INFO     🚀 Starting bot initialization...
2025.04.23 20:35:43 __main__             INFO     ✅ Database initialized successfully
2025.04.23 20:35:43 core.spotify_handler INFO     Spotify API connection established.
2025.04.23 20:35:43 __main__             INFO     ✅ Spotify service initialized
2025.04.23 20:35:43 core.webprofile      INFO     Seçilmiş User-Agent: Mozilla/5.0 (Linux; Android 14; Pixel 8 Pro) AppleWebKit/537.36 (KHTML, like Gecko) Chrome/122.0.0.0 Mobile Safari/537.36
2025.04.23 20:35:43 core.youtube_handler INFO     firefox brauzerindən cookies istifadə edilir.
2025.04.23 20:35:43 __main__             INFO     ✅ YouTube services initialized (firefox)
2025.04.23 20:35:43 __main__             INFO     🔌 Loading plugins...
2025.04.23 20:35:43 __main__             INFO     🔍 Scanning plugins in: plugins
2025.04.23 20:35:43 __main__             INFO     🔄 Loading: plugins.spotify_plugin
2025.04.23 20:35:43 __main__             INFO     ✅ Loaded (sync): plugins.spotify_plugin
2025.04.23 20:35:43 __main__             INFO     🔄 Loading: plugins.menu_plugin
2025.04.23 20:35:43 plugins.menu_plugin  INFO     ✅ Menu plugin yükləndi
2025.04.23 20:35:43 __main__             INFO     ✅ Loaded (async): plugins.menu_plugin
2025.04.23 20:35:43 __main__             INFO     🔄 Loading: plugins.sudo_plugin
2025.04.23 20:35:43 __main__             INFO     ✅ Loaded (sync): plugins.sudo_plugin
2025.04.23 20:35:43 __main__             INFO     🔄 Loading: plugins.youtube_plugin
2025.04.23 20:35:43 __main__             INFO     ✅ Loaded (sync): plugins.youtube_plugin
2025.04.23 20:35:43 __main__             INFO     🔄 Loading: plugins.neofetch_plugin
2025.04.23 20:35:43 __main__             INFO     ✅ Loaded (sync): plugins.neofetch_plugin
2025.04.23 20:35:43 __main__             INFO     🔄 Loading: plugins.id_command
2025.04.23 20:35:43 plugins.id_command   INFO     ✅ info_command plugin successfully loaded
2025.04.23 20:35:43 __main__             INFO     ✅ Loaded (async): plugins.id_command
2025.04.23 20:35:43 __main__             INFO     🔄 Loading: plugins.report_plugin
2025.04.23 20:35:43 __main__             INFO     ✅ Loaded (async): plugins.report_plugin
2025.04.23 20:35:43 __main__             INFO     🔄 Loading: plugins.del_plugin
2025.04.23 20:35:43 __main__             INFO     ✅ Loaded (sync): plugins.del_plugin
2025.04.23 20:35:43 __main__             INFO     🔄 Loading: plugins.mutagen
2025.04.23 20:35:43 __main__             ERROR    ❌ Failed to load plugins.mutagen: unmatched ')' (mutagen.py, line 112)
Traceback (most recent call last):
  File "/home/admin/DLMaster/app.py", line 96, in load_plugins
    module = importlib.import_module(module_name)
             ^^^^^^^^^^^^^^^^^^^^^^^^^^^^^^^^^^^^
  File "/usr/lib/python3.11/importlib/__init__.py", line 126, in import_module
    return _bootstrap._gcd_import(name[level:], package, level)
           ^^^^^^^^^^^^^^^^^^^^^^^^^^^^^^^^^^^^^^^^^^^^^^^^^^^^
  File "<frozen importlib._bootstrap>", line 1206, in _gcd_import
  File "<frozen importlib._bootstrap>", line 1178, in _find_and_load
  File "<frozen importlib._bootstrap>", line 1149, in _find_and_load_unlocked
  File "<frozen importlib._bootstrap>", line 690, in _load_unlocked
  File "<frozen importlib._bootstrap_external>", line 936, in exec_module
  File "<frozen importlib._bootstrap_external>", line 1074, in get_code
  File "<frozen importlib._bootstrap_external>", line 1004, in source_to_code
  File "<frozen importlib._bootstrap>", line 241, in _call_with_frames_removed
  File "/home/admin/DLMaster/plugins/mutagen.py", line 112
    @router.callback_query(F.data == "confirm_edit"))
                                                    ^
SyntaxError: unmatched ')'
2025.04.23 20:35:43 __main__             INFO     🔄 Loading: plugins.music_plugin
2025.04.23 20:35:43 __main__             INFO     ✅ Loaded (sync): plugins.music_plugin
2025.04.23 20:35:43 __main__             INFO     🔄 Loading: plugins.start_plugin
2025.04.23 20:35:43 plugins.start_plugin INFO     ✅ Start plugin yükləndi
2025.04.23 20:35:43 __main__             INFO     ✅ Loaded (async): plugins.start_plugin
2025.04.23 20:35:43 __main__             INFO     🔄 Loading: plugins.stats_plugin
2025.04.23 20:35:43 __main__             INFO     ✅ Loaded (sync): plugins.stats_plugin
2025.04.23 20:35:43 __main__             INFO     🔄 Loading: plugins.dir_plugin
2025.04.23 20:35:43 __main__             INFO     ✅ Loaded (sync): plugins.dir_plugin
2025.04.23 20:35:43 __main__             INFO     🔄 Loading: plugins.broadcast_plugin
2025.04.23 20:35:43 __main__             INFO     ✅ Loaded (sync): plugins.broadcast_plugin
2025.04.23 20:35:43 __main__             INFO     🔄 Loading: plugins.speedtest_plugin
2025.04.23 20:35:43 __main__             INFO     ✅ Loaded (sync): plugins.speedtest_plugin
2025.04.23 20:35:43 __main__             INFO     🔄 Loading: plugins.profile
2025.04.23 20:35:43 plugins.profile      INFO     ✅ Profile plugin loaded
2025.04.23 20:35:43 __main__             INFO     ✅ Loaded (async): plugins.profile
2025.04.23 20:35:43 __main__             INFO     🔄 Loading: plugins.bot_logs
2025.04.23 20:35:43 plugins.bot_logs     INFO     ✅ Logs plugin loaded
2025.04.23 20:35:43 __main__             INFO     ✅ Loaded (async): plugins.bot_logs
2025.04.23 20:35:43 __main__             INFO     🚀 Starting polling...
2025.04.23 20:35:43 aiogram.dispatcher   INFO     Start polling
2025.04.23 20:35:43 aiogram.dispatcher   INFO     Run polling for bot @dllmasterbot id=8095621527 - 'DLLMaster 🍊'
2025.04.23 20:36:00 aiogram.dispatcher   WARNING  Received SIGINT signal
2025.04.23 20:36:00 aiogram.dispatcher   INFO     Polling stopped for bot @dllmasterbot id=8095621527 - 'DLLMaster 🍊'
2025.04.23 20:36:00 aiogram.dispatcher   INFO     Polling stopped
2025.04.23 20:36:00 __main__             INFO     🛑 Polling stopped
2025.04.23 20:36:00 __main__             INFO     🔴 Bot stopped
2025.04.23 20:36:04 dotenv.main          WARNING  python-dotenv could not parse statement starting at line 5
2025.04.23 20:36:04 __main__             INFO     🤖 Starting bot...
2025.04.23 20:36:04 __main__             INFO     🚀 Starting bot initialization...
2025.04.23 20:36:04 __main__             INFO     ✅ Database initialized successfully
2025.04.23 20:36:04 core.spotify_handler INFO     Spotify API connection established.
2025.04.23 20:36:04 __main__             INFO     ✅ Spotify service initialized
2025.04.23 20:36:04 core.webprofile      INFO     Seçilmiş User-Agent: Mozilla/5.0 (iPhone; CPU iPhone OS 17_2 like Mac OS X) AppleWebKit/605.1.15 (KHTML, like Gecko) Version/17.2 Mobile/15E148 Safari/604.1
2025.04.23 20:36:04 core.youtube_handler INFO     firefox brauzerindən cookies istifadə edilir.
2025.04.23 20:36:04 __main__             INFO     ✅ YouTube services initialized (firefox)
2025.04.23 20:36:04 __main__             INFO     🔌 Loading plugins...
2025.04.23 20:36:04 __main__             INFO     🔍 Scanning plugins in: plugins
2025.04.23 20:36:04 __main__             INFO     🔄 Loading: plugins.spotify_plugin
2025.04.23 20:36:04 __main__             INFO     ✅ Loaded (sync): plugins.spotify_plugin
2025.04.23 20:36:04 __main__             INFO     🔄 Loading: plugins.menu_plugin
2025.04.23 20:36:04 plugins.menu_plugin  INFO     ✅ Menu plugin yükləndi
2025.04.23 20:36:04 __main__             INFO     ✅ Loaded (async): plugins.menu_plugin
2025.04.23 20:36:04 __main__             INFO     🔄 Loading: plugins.sudo_plugin
2025.04.23 20:36:04 __main__             INFO     ✅ Loaded (sync): plugins.sudo_plugin
2025.04.23 20:36:04 __main__             INFO     🔄 Loading: plugins.youtube_plugin
2025.04.23 20:36:04 __main__             INFO     ✅ Loaded (sync): plugins.youtube_plugin
2025.04.23 20:36:04 __main__             INFO     🔄 Loading: plugins.neofetch_plugin
2025.04.23 20:36:04 __main__             INFO     ✅ Loaded (sync): plugins.neofetch_plugin
2025.04.23 20:36:04 __main__             INFO     🔄 Loading: plugins.id_command
2025.04.23 20:36:04 plugins.id_command   INFO     ✅ info_command plugin successfully loaded
2025.04.23 20:36:04 __main__             INFO     ✅ Loaded (async): plugins.id_command
2025.04.23 20:36:04 __main__             INFO     🔄 Loading: plugins.report_plugin
2025.04.23 20:36:04 __main__             INFO     ✅ Loaded (async): plugins.report_plugin
2025.04.23 20:36:04 __main__             INFO     🔄 Loading: plugins.del_plugin
2025.04.23 20:36:04 __main__             INFO     ✅ Loaded (sync): plugins.del_plugin
2025.04.23 20:36:04 __main__             INFO     🔄 Loading: plugins.mutagen
2025.04.23 20:36:04 __main__             ERROR    ❌ Failed to load plugins.mutagen: 'AppContext' object has no attribute 'app_context'
Traceback (most recent call last):
  File "/home/admin/DLMaster/app.py", line 99, in load_plugins
    await module.setup(context)
  File "/home/admin/DLMaster/plugins/mutagen.py", line 18, in setup
    context.app_context.main_router.include_router(router)
    ^^^^^^^^^^^^^^^^^^^
AttributeError: 'AppContext' object has no attribute 'app_context'
2025.04.23 20:36:04 __main__             INFO     🔄 Loading: plugins.music_plugin
2025.04.23 20:36:04 __main__             INFO     ✅ Loaded (sync): plugins.music_plugin
2025.04.23 20:36:04 __main__             INFO     🔄 Loading: plugins.start_plugin
2025.04.23 20:36:04 plugins.start_plugin INFO     ✅ Start plugin yükləndi
2025.04.23 20:36:04 __main__             INFO     ✅ Loaded (async): plugins.start_plugin
2025.04.23 20:36:04 __main__             INFO     🔄 Loading: plugins.stats_plugin
2025.04.23 20:36:05 __main__             INFO     ✅ Loaded (sync): plugins.stats_plugin
2025.04.23 20:36:05 __main__             INFO     🔄 Loading: plugins.dir_plugin
2025.04.23 20:36:05 __main__             INFO     ✅ Loaded (sync): plugins.dir_plugin
2025.04.23 20:36:05 __main__             INFO     🔄 Loading: plugins.broadcast_plugin
2025.04.23 20:36:05 __main__             INFO     ✅ Loaded (sync): plugins.broadcast_plugin
2025.04.23 20:36:05 __main__             INFO     🔄 Loading: plugins.speedtest_plugin
2025.04.23 20:36:05 __main__             INFO     ✅ Loaded (sync): plugins.speedtest_plugin
2025.04.23 20:36:05 __main__             INFO     🔄 Loading: plugins.profile
2025.04.23 20:36:05 plugins.profile      INFO     ✅ Profile plugin loaded
2025.04.23 20:36:05 __main__             INFO     ✅ Loaded (async): plugins.profile
2025.04.23 20:36:05 __main__             INFO     🔄 Loading: plugins.bot_logs
2025.04.23 20:36:05 plugins.bot_logs     INFO     ✅ Logs plugin loaded
2025.04.23 20:36:05 __main__             INFO     ✅ Loaded (async): plugins.bot_logs
2025.04.23 20:36:05 __main__             INFO     🚀 Starting polling...
2025.04.23 20:36:05 aiogram.dispatcher   INFO     Start polling
2025.04.23 20:36:05 aiogram.dispatcher   INFO     Run polling for bot @dllmasterbot id=8095621527 - 'DLLMaster 🍊'
2025.04.23 20:36:31 aiogram.dispatcher   WARNING  Received SIGINT signal
2025.04.23 20:36:31 aiogram.dispatcher   INFO     Polling stopped for bot @dllmasterbot id=8095621527 - 'DLLMaster 🍊'
2025.04.23 20:36:31 aiogram.dispatcher   INFO     Polling stopped
2025.04.23 20:36:31 __main__             INFO     🛑 Polling stopped
2025.04.23 20:36:31 __main__             INFO     🔴 Bot stopped
2025.04.23 20:36:36 dotenv.main          WARNING  python-dotenv could not parse statement starting at line 5
2025.04.23 20:36:36 __main__             INFO     🤖 Starting bot...
2025.04.23 20:36:36 __main__             INFO     🚀 Starting bot initialization...
2025.04.23 20:36:36 __main__             INFO     ✅ Database initialized successfully
2025.04.23 20:36:36 core.spotify_handler INFO     Spotify API connection established.
2025.04.23 20:36:36 __main__             INFO     ✅ Spotify service initialized
2025.04.23 20:36:36 core.webprofile      INFO     Seçilmiş User-Agent: Mozilla/5.0 (Macintosh; Intel Mac OS X 10_15_7) AppleWebKit/537.36 (KHTML, like Gecko) Chrome/122.0.0.0 Safari/537.36
2025.04.23 20:36:36 core.youtube_handler INFO     firefox brauzerindən cookies istifadə edilir.
2025.04.23 20:36:36 __main__             INFO     ✅ YouTube services initialized (firefox)
2025.04.23 20:36:36 __main__             INFO     🔌 Loading plugins...
2025.04.23 20:36:36 __main__             INFO     🔍 Scanning plugins in: plugins
2025.04.23 20:36:36 __main__             INFO     🔄 Loading: plugins.spotify_plugin
2025.04.23 20:36:36 __main__             INFO     ✅ Loaded (sync): plugins.spotify_plugin
2025.04.23 20:36:36 __main__             INFO     🔄 Loading: plugins.menu_plugin
2025.04.23 20:36:36 plugins.menu_plugin  INFO     ✅ Menu plugin yükləndi
2025.04.23 20:36:36 __main__             INFO     ✅ Loaded (async): plugins.menu_plugin
2025.04.23 20:36:36 __main__             INFO     🔄 Loading: plugins.sudo_plugin
2025.04.23 20:36:36 __main__             INFO     ✅ Loaded (sync): plugins.sudo_plugin
2025.04.23 20:36:36 __main__             INFO     🔄 Loading: plugins.youtube_plugin
2025.04.23 20:36:36 __main__             INFO     ✅ Loaded (sync): plugins.youtube_plugin
2025.04.23 20:36:36 __main__             INFO     🔄 Loading: plugins.neofetch_plugin
2025.04.23 20:36:36 __main__             INFO     ✅ Loaded (sync): plugins.neofetch_plugin
2025.04.23 20:36:36 __main__             INFO     🔄 Loading: plugins.id_command
2025.04.23 20:36:36 plugins.id_command   INFO     ✅ info_command plugin successfully loaded
2025.04.23 20:36:36 __main__             INFO     ✅ Loaded (async): plugins.id_command
2025.04.23 20:36:36 __main__             INFO     🔄 Loading: plugins.report_plugin
2025.04.23 20:36:36 __main__             INFO     ✅ Loaded (async): plugins.report_plugin
2025.04.23 20:36:36 __main__             INFO     🔄 Loading: plugins.del_plugin
2025.04.23 20:36:36 __main__             INFO     ✅ Loaded (sync): plugins.del_plugin
2025.04.23 20:36:36 __main__             INFO     🔄 Loading: plugins.mutagen
2025.04.23 20:36:36 plugins.mutagen      INFO     ✅ Mutagen plugin yükləndi
2025.04.23 20:36:36 __main__             INFO     ✅ Loaded (async): plugins.mutagen
2025.04.23 20:36:36 __main__             INFO     🔄 Loading: plugins.music_plugin
2025.04.23 20:36:36 __main__             INFO     ✅ Loaded (sync): plugins.music_plugin
2025.04.23 20:36:36 __main__             INFO     🔄 Loading: plugins.start_plugin
2025.04.23 20:36:36 plugins.start_plugin INFO     ✅ Start plugin yükləndi
2025.04.23 20:36:36 __main__             INFO     ✅ Loaded (async): plugins.start_plugin
2025.04.23 20:36:36 __main__             INFO     🔄 Loading: plugins.stats_plugin
2025.04.23 20:36:36 __main__             INFO     ✅ Loaded (sync): plugins.stats_plugin
2025.04.23 20:36:36 __main__             INFO     🔄 Loading: plugins.dir_plugin
2025.04.23 20:36:36 __main__             INFO     ✅ Loaded (sync): plugins.dir_plugin
2025.04.23 20:36:36 __main__             INFO     🔄 Loading: plugins.broadcast_plugin
2025.04.23 20:36:36 __main__             INFO     ✅ Loaded (sync): plugins.broadcast_plugin
2025.04.23 20:36:36 __main__             INFO     🔄 Loading: plugins.speedtest_plugin
2025.04.23 20:36:36 __main__             INFO     ✅ Loaded (sync): plugins.speedtest_plugin
2025.04.23 20:36:36 __main__             INFO     🔄 Loading: plugins.profile
2025.04.23 20:36:36 plugins.profile      INFO     ✅ Profile plugin loaded
2025.04.23 20:36:36 __main__             INFO     ✅ Loaded (async): plugins.profile
2025.04.23 20:36:36 __main__             INFO     🔄 Loading: plugins.bot_logs
2025.04.23 20:36:36 plugins.bot_logs     INFO     ✅ Logs plugin loaded
2025.04.23 20:36:36 __main__             INFO     ✅ Loaded (async): plugins.bot_logs
2025.04.23 20:36:36 __main__             INFO     🚀 Starting polling...
2025.04.23 20:36:36 aiogram.dispatcher   INFO     Start polling
2025.04.23 20:36:36 aiogram.dispatcher   INFO     Run polling for bot @dllmasterbot id=8095621527 - 'DLLMaster 🍊'
2025.04.23 20:36:50 aiogram.event        INFO     Update id=511761868 is handled. Duration 74 ms by bot id=8095621527
2025.04.23 20:36:54 aiogram.event        INFO     Update id=511761869 is handled. Duration 46 ms by bot id=8095621527
2025.04.23 20:37:08 aiogram.event        INFO     Update id=511761871 is handled. Duration 1 ms by bot id=8095621527
2025.04.23 20:37:19 aiogram.event        INFO     Update id=511761872 is not handled. Duration 4 ms by bot id=8095621527
2025.04.23 20:37:19 aiogram.event        ERROR    Cause exception while process update id=511761872 by bot id=8095621527
AttributeError: type object 'ChatActionSender' has no attribute 'upload_audio'
Traceback (most recent call last):
  File "/home/admin/.local/lib/python3.11/site-packages/aiogram/dispatcher/dispatcher.py", line 309, in _process_update
    response = await self.feed_update(bot, update, **kwargs)
               ^^^^^^^^^^^^^^^^^^^^^^^^^^^^^^^^^^^^^^^^^^^^^
  File "/home/admin/.local/lib/python3.11/site-packages/aiogram/dispatcher/dispatcher.py", line 158, in feed_update
    response = await self.update.wrap_outer_middleware(
               ^^^^^^^^^^^^^^^^^^^^^^^^^^^^^^^^^^^^^^^^
  File "/home/admin/.local/lib/python3.11/site-packages/aiogram/dispatcher/middlewares/error.py", line 25, in __call__
    return await handler(event, data)
           ^^^^^^^^^^^^^^^^^^^^^^^^^^
  File "/home/admin/.local/lib/python3.11/site-packages/aiogram/dispatcher/middlewares/user_context.py", line 56, in __call__
    return await handler(event, data)
           ^^^^^^^^^^^^^^^^^^^^^^^^^^
  File "/home/admin/.local/lib/python3.11/site-packages/aiogram/fsm/middleware.py", line 42, in __call__
    return await handler(event, data)
           ^^^^^^^^^^^^^^^^^^^^^^^^^^
  File "/home/admin/.local/lib/python3.11/site-packages/aiogram/dispatcher/event/telegram.py", line 121, in trigger
    return await wrapped_inner(event, kwargs)
           ^^^^^^^^^^^^^^^^^^^^^^^^^^^^^^^^^^
  File "/home/admin/.local/lib/python3.11/site-packages/aiogram/dispatcher/event/handler.py", line 43, in call
    return await wrapped()
           ^^^^^^^^^^^^^^^
  File "/home/admin/.local/lib/python3.11/site-packages/aiogram/dispatcher/dispatcher.py", line 276, in _listen_update
    return await self.propagate_event(update_type=update_type, event=event, **kwargs)
           ^^^^^^^^^^^^^^^^^^^^^^^^^^^^^^^^^^^^^^^^^^^^^^^^^^^^^^^^^^^^^^^^^^^^^^^^^^
  File "/home/admin/.local/lib/python3.11/site-packages/aiogram/dispatcher/router.py", line 146, in propagate_event
    return await observer.wrap_outer_middleware(_wrapped, event=event, data=kwargs)
           ^^^^^^^^^^^^^^^^^^^^^^^^^^^^^^^^^^^^^^^^^^^^^^^^^^^^^^^^^^^^^^^^^^^^^^^^
  File "/home/admin/.local/lib/python3.11/site-packages/aiogram/dispatcher/router.py", line 141, in _wrapped
    return await self._propagate_event(
           ^^^^^^^^^^^^^^^^^^^^^^^^^^^^
  File "/home/admin/.local/lib/python3.11/site-packages/aiogram/dispatcher/router.py", line 174, in _propagate_event
    response = await router.propagate_event(update_type=update_type, event=event, **kwargs)
               ^^^^^^^^^^^^^^^^^^^^^^^^^^^^^^^^^^^^^^^^^^^^^^^^^^^^^^^^^^^^^^^^^^^^^^^^^^^^
  File "/home/admin/.local/lib/python3.11/site-packages/aiogram/dispatcher/router.py", line 146, in propagate_event
    return await observer.wrap_outer_middleware(_wrapped, event=event, data=kwargs)
           ^^^^^^^^^^^^^^^^^^^^^^^^^^^^^^^^^^^^^^^^^^^^^^^^^^^^^^^^^^^^^^^^^^^^^^^^
  File "/home/admin/.local/lib/python3.11/site-packages/aiogram/dispatcher/router.py", line 141, in _wrapped
    return await self._propagate_event(
           ^^^^^^^^^^^^^^^^^^^^^^^^^^^^
  File "/home/admin/.local/lib/python3.11/site-packages/aiogram/dispatcher/router.py", line 174, in _propagate_event
    response = await router.propagate_event(update_type=update_type, event=event, **kwargs)
               ^^^^^^^^^^^^^^^^^^^^^^^^^^^^^^^^^^^^^^^^^^^^^^^^^^^^^^^^^^^^^^^^^^^^^^^^^^^^
  File "/home/admin/.local/lib/python3.11/site-packages/aiogram/dispatcher/router.py", line 146, in propagate_event
    return await observer.wrap_outer_middleware(_wrapped, event=event, data=kwargs)
           ^^^^^^^^^^^^^^^^^^^^^^^^^^^^^^^^^^^^^^^^^^^^^^^^^^^^^^^^^^^^^^^^^^^^^^^^
  File "/home/admin/.local/lib/python3.11/site-packages/aiogram/dispatcher/router.py", line 141, in _wrapped
    return await self._propagate_event(
           ^^^^^^^^^^^^^^^^^^^^^^^^^^^^
  File "/home/admin/.local/lib/python3.11/site-packages/aiogram/dispatcher/router.py", line 166, in _propagate_event
    response = await observer.trigger(event, **kwargs)
               ^^^^^^^^^^^^^^^^^^^^^^^^^^^^^^^^^^^^^^^
  File "/home/admin/.local/lib/python3.11/site-packages/aiogram/dispatcher/event/telegram.py", line 121, in trigger
    return await wrapped_inner(event, kwargs)
           ^^^^^^^^^^^^^^^^^^^^^^^^^^^^^^^^^^
  File "/home/admin/.local/lib/python3.11/site-packages/aiogram/dispatcher/event/handler.py", line 43, in call
    return await wrapped()
           ^^^^^^^^^^^^^^^
  File "/home/admin/DLMaster/plugins/mutagen.py", line 118, in confirm_edit
    async with ChatActionSender.upload_audio(bot=callback.bot, chat_id=callback.message.chat.id):
               ^^^^^^^^^^^^^^^^^^^^^^^^^^^^^
AttributeError: type object 'ChatActionSender' has no attribute 'upload_audio'
2025.04.23 20:37:24 aiogram.event        INFO     Update id=511761870 is handled. Duration 20165 ms by bot id=8095621527
2025.04.23 20:37:36 aiogram.event        INFO     Update id=511761873 is handled. Duration 54 ms by bot id=8095621527
2025.04.23 20:37:40 core.webprofile      INFO     firefox brauzerindən cookies istifadə edilir.
2025.04.23 20:37:40 core.webprofile      INFO     Seçilmiş User-Agent: Mozilla/5.0 (X11; Ubuntu; Linux x86_64; rv:120.0) Gecko/20100101 Firefox/120.0
2025.04.23 20:37:44 aiogram.event        INFO     Update id=511761874 is handled. Duration 3906 ms by bot id=8095621527
2025.04.23 20:37:53 aiogram.event        INFO     Update id=511761875 is handled. Duration 5108 ms by bot id=8095621527
2025.04.23 20:38:05 core.webprofile      INFO     firefox brauzerindən cookies istifadə edilir.
2025.04.23 20:38:05 core.webprofile      INFO     Seçilmiş User-Agent: Mozilla/5.0 (Linux; Android 14; Pixel 8 Pro) AppleWebKit/537.36 (KHTML, like Gecko) Chrome/122.0.0.0 Mobile Safari/537.36
2025.04.23 20:38:08 aiogram.event        INFO     Update id=511761876 is handled. Duration 2981 ms by bot id=8095621527
2025.04.23 20:38:15 core.webprofile      INFO     firefox brauzerindən cookies istifadə edilir.
2025.04.23 20:38:15 core.webprofile      INFO     Seçilmiş User-Agent: Mozilla/5.0 (iPhone; CPU iPhone OS 17_2 like Mac OS X) AppleWebKit/605.1.15 (KHTML, like Gecko) Version/17.2 Mobile/15E148 Safari/604.1
2025.04.23 20:38:24 plugins.music_plugin ERROR    Orijinal mesaj silinərkən xəta (seçim): Telegram server says - Bad Request: message can't be deleted
2025.04.23 20:38:24 aiogram.event        INFO     Update id=511761877 is handled. Duration 9722 ms by bot id=8095621527
2025.04.23 20:38:30 aiogram.event        INFO     Update id=511761878 is handled. Duration 36 ms by bot id=8095621527
2025.04.23 20:38:33 aiogram.event        INFO     Update id=511761879 is handled. Duration 51 ms by bot id=8095621527
2025.04.23 20:38:37 aiogram.event        INFO     Update id=511761880 is handled. Duration 1 ms by bot id=8095621527
2025.04.23 20:38:47 aiogram.event        INFO     Update id=511761881 is handled. Duration 58 ms by bot id=8095621527
2025.04.23 20:38:51 aiogram.event        INFO     Update id=511761882 is handled. Duration 1 ms by bot id=8095621527
2025.04.23 20:38:57 aiogram.event        INFO     Update id=511761883 is not handled. Duration 3 ms by bot id=8095621527
2025.04.23 20:38:57 aiogram.event        ERROR    Cause exception while process update id=511761883 by bot id=8095621527
AttributeError: type object 'ChatActionSender' has no attribute 'upload_audio'
Traceback (most recent call last):
  File "/home/admin/.local/lib/python3.11/site-packages/aiogram/dispatcher/dispatcher.py", line 309, in _process_update
    response = await self.feed_update(bot, update, **kwargs)
               ^^^^^^^^^^^^^^^^^^^^^^^^^^^^^^^^^^^^^^^^^^^^^
  File "/home/admin/.local/lib/python3.11/site-packages/aiogram/dispatcher/dispatcher.py", line 158, in feed_update
    response = await self.update.wrap_outer_middleware(
               ^^^^^^^^^^^^^^^^^^^^^^^^^^^^^^^^^^^^^^^^
  File "/home/admin/.local/lib/python3.11/site-packages/aiogram/dispatcher/middlewares/error.py", line 25, in __call__
    return await handler(event, data)
           ^^^^^^^^^^^^^^^^^^^^^^^^^^
  File "/home/admin/.local/lib/python3.11/site-packages/aiogram/dispatcher/middlewares/user_context.py", line 56, in __call__
    return await handler(event, data)
           ^^^^^^^^^^^^^^^^^^^^^^^^^^
  File "/home/admin/.local/lib/python3.11/site-packages/aiogram/fsm/middleware.py", line 42, in __call__
    return await handler(event, data)
           ^^^^^^^^^^^^^^^^^^^^^^^^^^
  File "/home/admin/.local/lib/python3.11/site-packages/aiogram/dispatcher/event/telegram.py", line 121, in trigger
    return await wrapped_inner(event, kwargs)
           ^^^^^^^^^^^^^^^^^^^^^^^^^^^^^^^^^^
  File "/home/admin/.local/lib/python3.11/site-packages/aiogram/dispatcher/event/handler.py", line 43, in call
    return await wrapped()
           ^^^^^^^^^^^^^^^
  File "/home/admin/.local/lib/python3.11/site-packages/aiogram/dispatcher/dispatcher.py", line 276, in _listen_update
    return await self.propagate_event(update_type=update_type, event=event, **kwargs)
           ^^^^^^^^^^^^^^^^^^^^^^^^^^^^^^^^^^^^^^^^^^^^^^^^^^^^^^^^^^^^^^^^^^^^^^^^^^
  File "/home/admin/.local/lib/python3.11/site-packages/aiogram/dispatcher/router.py", line 146, in propagate_event
    return await observer.wrap_outer_middleware(_wrapped, event=event, data=kwargs)
           ^^^^^^^^^^^^^^^^^^^^^^^^^^^^^^^^^^^^^^^^^^^^^^^^^^^^^^^^^^^^^^^^^^^^^^^^
  File "/home/admin/.local/lib/python3.11/site-packages/aiogram/dispatcher/router.py", line 141, in _wrapped
    return await self._propagate_event(
           ^^^^^^^^^^^^^^^^^^^^^^^^^^^^
  File "/home/admin/.local/lib/python3.11/site-packages/aiogram/dispatcher/router.py", line 174, in _propagate_event
    response = await router.propagate_event(update_type=update_type, event=event, **kwargs)
               ^^^^^^^^^^^^^^^^^^^^^^^^^^^^^^^^^^^^^^^^^^^^^^^^^^^^^^^^^^^^^^^^^^^^^^^^^^^^
  File "/home/admin/.local/lib/python3.11/site-packages/aiogram/dispatcher/router.py", line 146, in propagate_event
    return await observer.wrap_outer_middleware(_wrapped, event=event, data=kwargs)
           ^^^^^^^^^^^^^^^^^^^^^^^^^^^^^^^^^^^^^^^^^^^^^^^^^^^^^^^^^^^^^^^^^^^^^^^^
  File "/home/admin/.local/lib/python3.11/site-packages/aiogram/dispatcher/router.py", line 141, in _wrapped
    return await self._propagate_event(
           ^^^^^^^^^^^^^^^^^^^^^^^^^^^^
  File "/home/admin/.local/lib/python3.11/site-packages/aiogram/dispatcher/router.py", line 174, in _propagate_event
    response = await router.propagate_event(update_type=update_type, event=event, **kwargs)
               ^^^^^^^^^^^^^^^^^^^^^^^^^^^^^^^^^^^^^^^^^^^^^^^^^^^^^^^^^^^^^^^^^^^^^^^^^^^^
  File "/home/admin/.local/lib/python3.11/site-packages/aiogram/dispatcher/router.py", line 146, in propagate_event
    return await observer.wrap_outer_middleware(_wrapped, event=event, data=kwargs)
           ^^^^^^^^^^^^^^^^^^^^^^^^^^^^^^^^^^^^^^^^^^^^^^^^^^^^^^^^^^^^^^^^^^^^^^^^
  File "/home/admin/.local/lib/python3.11/site-packages/aiogram/dispatcher/router.py", line 141, in _wrapped
    return await self._propagate_event(
           ^^^^^^^^^^^^^^^^^^^^^^^^^^^^
  File "/home/admin/.local/lib/python3.11/site-packages/aiogram/dispatcher/router.py", line 166, in _propagate_event
    response = await observer.trigger(event, **kwargs)
               ^^^^^^^^^^^^^^^^^^^^^^^^^^^^^^^^^^^^^^^
  File "/home/admin/.local/lib/python3.11/site-packages/aiogram/dispatcher/event/telegram.py", line 121, in trigger
    return await wrapped_inner(event, kwargs)
           ^^^^^^^^^^^^^^^^^^^^^^^^^^^^^^^^^^
  File "/home/admin/.local/lib/python3.11/site-packages/aiogram/dispatcher/event/handler.py", line 43, in call
    return await wrapped()
           ^^^^^^^^^^^^^^^
  File "/home/admin/DLMaster/plugins/mutagen.py", line 118, in confirm_edit
    async with ChatActionSender.upload_audio(bot=callback.bot, chat_id=callback.message.chat.id):
               ^^^^^^^^^^^^^^^^^^^^^^^^^^^^^
AttributeError: type object 'ChatActionSender' has no attribute 'upload_audio'
2025.04.23 20:41:34 aiogram.event        INFO     Update id=511761884 is handled. Duration 1 ms by bot id=8095621527
2025.04.23 20:43:50 aiogram.event        INFO     Update id=511761885 is handled. Duration 1 ms by bot id=8095621527
2025.04.23 20:44:02 aiogram.event        INFO     Update id=511761886 is handled. Duration 1 ms by bot id=8095621527
2025.04.23 20:44:14 aiogram.event        INFO     Update id=511761887 is handled. Duration 1 ms by bot id=8095621527
2025.04.23 20:45:55 aiogram.event        INFO     Update id=511761888 is handled. Duration 1 ms by bot id=8095621527
2025.04.23 20:49:48 aiogram.event        INFO     Update id=511761889 is handled. Duration 1 ms by bot id=8095621527
2025.04.23 20:50:51 aiogram.event        INFO     Update id=511761890 is handled. Duration 1 ms by bot id=8095621527
2025.04.23 20:50:56 aiogram.event        INFO     Update id=511761891 is handled. Duration 1 ms by bot id=8095621527
2025.04.23 20:50:57 aiogram.event        INFO     Update id=511761892 is handled. Duration 1 ms by bot id=8095621527
2025.04.23 20:51:07 aiogram.event        INFO     Update id=511761893 is handled. Duration 1 ms by bot id=8095621527
2025.04.23 20:51:07 aiogram.event        INFO     Update id=511761894 is handled. Duration 1 ms by bot id=8095621527
2025.04.23 20:51:12 aiogram.event        INFO     Update id=511761895 is handled. Duration 1 ms by bot id=8095621527
2025.04.23 20:51:18 aiogram.event        INFO     Update id=511761896 is handled. Duration 1 ms by bot id=8095621527
2025.04.23 20:51:18 aiogram.event        INFO     Update id=511761897 is handled. Duration 1 ms by bot id=8095621527
2025.04.23 20:51:35 aiogram.event        INFO     Update id=511761898 is handled. Duration 1 ms by bot id=8095621527
2025.04.23 20:51:39 aiogram.event        INFO     Update id=511761899 is handled. Duration 1 ms by bot id=8095621527
2025.04.23 20:51:40 aiogram.event        INFO     Update id=511761900 is handled. Duration 1 ms by bot id=8095621527
2025.04.23 20:51:54 aiogram.event        INFO     Update id=511761901 is handled. Duration 1 ms by bot id=8095621527
2025.04.23 20:51:58 aiogram.event        INFO     Update id=511761902 is handled. Duration 1 ms by bot id=8095621527
2025.04.23 20:52:01 aiogram.event        INFO     Update id=511761903 is handled. Duration 3 ms by bot id=8095621527
2025.04.23 20:52:09 aiogram.event        INFO     Update id=511761904 is handled. Duration 1 ms by bot id=8095621527
2025.04.23 20:52:21 aiogram.event        INFO     Update id=511761905 is handled. Duration 1 ms by bot id=8095621527
2025.04.23 20:52:22 aiogram.event        INFO     Update id=511761906 is handled. Duration 1 ms by bot id=8095621527
2025.04.23 20:52:42 aiogram.event        INFO     Update id=511761907 is handled. Duration 1 ms by bot id=8095621527
2025.04.23 20:52:56 aiogram.event        INFO     Update id=511761908 is handled. Duration 1 ms by bot id=8095621527
2025.04.23 20:53:06 aiogram.event        INFO     Update id=511761909 is handled. Duration 1 ms by bot id=8095621527
2025.04.23 20:53:17 aiogram.event        INFO     Update id=511761910 is handled. Duration 1 ms by bot id=8095621527
2025.04.23 20:53:21 aiogram.event        INFO     Update id=511761911 is handled. Duration 1 ms by bot id=8095621527
2025.04.23 20:53:22 aiogram.event        INFO     Update id=511761912 is handled. Duration 1 ms by bot id=8095621527
2025.04.23 20:53:25 aiogram.event        INFO     Update id=511761913 is handled. Duration 1 ms by bot id=8095621527
2025.04.23 20:53:26 aiogram.event        INFO     Update id=511761914 is handled. Duration 1 ms by bot id=8095621527
2025.04.23 20:53:29 aiogram.event        INFO     Update id=511761915 is handled. Duration 1 ms by bot id=8095621527
2025.04.23 20:53:31 aiogram.event        INFO     Update id=511761916 is handled. Duration 1 ms by bot id=8095621527
2025.04.23 20:53:34 aiogram.event        INFO     Update id=511761917 is handled. Duration 1 ms by bot id=8095621527
2025.04.23 20:53:53 aiogram.event        INFO     Update id=511761918 is handled. Duration 1 ms by bot id=8095621527
2025.04.23 20:54:02 aiogram.event        INFO     Update id=511761919 is handled. Duration 1 ms by bot id=8095621527
2025.04.23 20:54:06 aiogram.event        INFO     Update id=511761920 is handled. Duration 1 ms by bot id=8095621527
2025.04.23 20:54:08 aiogram.event        INFO     Update id=511761921 is handled. Duration 1 ms by bot id=8095621527
2025.04.23 20:54:15 aiogram.event        INFO     Update id=511761922 is handled. Duration 1 ms by bot id=8095621527
2025.04.23 20:54:23 aiogram.event        INFO     Update id=511761923 is handled. Duration 1 ms by bot id=8095621527
2025.04.23 20:54:28 aiogram.event        INFO     Update id=511761924 is handled. Duration 1 ms by bot id=8095621527
2025.04.23 20:54:32 aiogram.event        INFO     Update id=511761925 is handled. Duration 1 ms by bot id=8095621527
2025.04.23 20:54:49 aiogram.event        INFO     Update id=511761926 is handled. Duration 1 ms by bot id=8095621527
2025.04.23 20:54:49 aiogram.event        INFO     Update id=511761927 is handled. Duration 1 ms by bot id=8095621527
2025.04.23 20:54:53 aiogram.event        INFO     Update id=511761928 is handled. Duration 1 ms by bot id=8095621527
2025.04.23 20:54:55 aiogram.event        INFO     Update id=511761929 is handled. Duration 1 ms by bot id=8095621527
2025.04.23 20:54:57 aiogram.event        INFO     Update id=511761930 is handled. Duration 1 ms by bot id=8095621527
2025.04.23 20:55:03 aiogram.event        INFO     Update id=511761931 is handled. Duration 1 ms by bot id=8095621527
2025.04.23 20:55:04 aiogram.event        INFO     Update id=511761932 is handled. Duration 1 ms by bot id=8095621527
2025.04.23 20:55:05 aiogram.event        INFO     Update id=511761933 is handled. Duration 1 ms by bot id=8095621527
2025.04.23 20:55:07 aiogram.event        INFO     Update id=511761934 is handled. Duration 1 ms by bot id=8095621527
2025.04.23 20:55:09 aiogram.event        INFO     Update id=511761935 is handled. Duration 1 ms by bot id=8095621527
2025.04.23 20:55:11 aiogram.event        INFO     Update id=511761936 is handled. Duration 1 ms by bot id=8095621527
2025.04.23 20:55:13 aiogram.event        INFO     Update id=511761937 is handled. Duration 1 ms by bot id=8095621527
2025.04.23 20:55:15 aiogram.event        INFO     Update id=511761938 is handled. Duration 1 ms by bot id=8095621527
2025.04.23 20:55:26 aiogram.event        INFO     Update id=511761939 is handled. Duration 2 ms by bot id=8095621527
2025.04.23 20:55:38 aiogram.event        INFO     Update id=511761940 is handled. Duration 1 ms by bot id=8095621527
2025.04.23 20:56:07 aiogram.event        INFO     Update id=511761941 is handled. Duration 1 ms by bot id=8095621527
2025.04.23 20:56:11 aiogram.event        INFO     Update id=511761942 is handled. Duration 1 ms by bot id=8095621527
2025.04.23 20:56:12 aiogram.event        INFO     Update id=511761943 is handled. Duration 1 ms by bot id=8095621527
2025.04.23 20:56:26 aiogram.event        INFO     Update id=511761944 is handled. Duration 1 ms by bot id=8095621527
2025.04.23 20:56:30 aiogram.event        INFO     Update id=511761945 is handled. Duration 1 ms by bot id=8095621527
2025.04.23 20:56:32 aiogram.event        INFO     Update id=511761946 is handled. Duration 1 ms by bot id=8095621527
2025.04.23 20:56:34 aiogram.event        INFO     Update id=511761947 is handled. Duration 1 ms by bot id=8095621527
2025.04.23 20:56:35 aiogram.event        INFO     Update id=511761948 is handled. Duration 1 ms by bot id=8095621527
2025.04.23 20:56:49 aiogram.event        INFO     Update id=511761949 is handled. Duration 1 ms by bot id=8095621527
2025.04.23 20:56:52 aiogram.event        INFO     Update id=511761950 is handled. Duration 1 ms by bot id=8095621527
2025.04.23 20:56:57 aiogram.event        INFO     Update id=511761951 is handled. Duration 1 ms by bot id=8095621527
2025.04.23 20:57:04 aiogram.event        INFO     Update id=511761952 is handled. Duration 1 ms by bot id=8095621527
2025.04.23 20:57:17 aiogram.event        INFO     Update id=511761953 is handled. Duration 1 ms by bot id=8095621527
2025.04.23 20:57:38 aiogram.event        INFO     Update id=511761954 is handled. Duration 1 ms by bot id=8095621527
2025.04.23 20:58:11 aiogram.event        INFO     Update id=511761955 is handled. Duration 1 ms by bot id=8095621527
2025.04.23 21:00:29 aiogram.event        INFO     Update id=511761956 is handled. Duration 1 ms by bot id=8095621527
2025.04.23 21:01:23 aiogram.event        INFO     Update id=511761957 is not handled. Duration 2 ms by bot id=8095621527
2025.04.23 21:03:40 aiogram.event        INFO     Update id=511761958 is handled. Duration 1 ms by bot id=8095621527
2025.04.23 21:04:50 aiogram.event        INFO     Update id=511761959 is handled. Duration 1 ms by bot id=8095621527
2025.04.23 21:10:31 aiogram.event        INFO     Update id=511761960 is handled. Duration 63 ms by bot id=8095621527
2025.04.23 21:10:31 core.spotify_handler INFO     Fetching playlist data: 2mIYCmmpEJXpNpElmCFYMH
2025.04.23 21:10:33 core.webprofile      INFO     firefox brauzerindən cookies istifadə edilir.
2025.04.23 21:10:33 core.webprofile      INFO     Seçilmiş User-Agent: Mozilla/5.0 (Linux; Android 14; SM-G998B) AppleWebKit/537.36 (KHTML, like Gecko) Chrome/122.0.0.0 Mobile Safari/537.36
2025.04.23 21:10:46 core.spotify_handler INFO     Added Spotify thumbnail: https://i.scdn.co/image/ab67616d0000b27360f53ad183e3bc2253382728
2025.04.23 21:10:46 core.spotify_handler INFO     Metadata applied: download/download/Kal Sene Kurban.m4a
2025.04.23 21:10:48 core.webprofile      INFO     firefox brauzerindən cookies istifadə edilir.
2025.04.23 21:10:48 core.webprofile      INFO     Seçilmiş User-Agent: Mozilla/5.0 (X11; Linux x86_64) AppleWebKit/537.36 (KHTML, like Gecko) Chrome/122.0.0.0 Safari/537.36
2025.04.23 21:10:59 core.spotify_handler INFO     Added Spotify thumbnail: https://i.scdn.co/image/ab67616d0000b27314d9c6b1457c5226121f4cab
2025.04.23 21:10:59 core.spotify_handler INFO     Metadata applied: download/download/Ah Canım Sevgilim - Demo.m4a
2025.04.23 21:11:01 core.webprofile      INFO     firefox brauzerindən cookies istifadə edilir.
2025.04.23 21:11:01 core.webprofile      INFO     Seçilmiş User-Agent: Mozilla/5.0 (iPhone; CPU iPhone OS 17_2 like Mac OS X) AppleWebKit/605.1.15 (KHTML, like Gecko) Version/17.2 Mobile/15E148 Safari/604.1
2025.04.23 21:11:12 core.spotify_handler INFO     Added Spotify thumbnail: https://i.scdn.co/image/ab67616d0000b2731917a0f3f4152622a040913f
2025.04.23 21:11:12 core.spotify_handler INFO     Metadata applied: download/download/Another Love.m4a
2025.04.23 21:11:14 core.webprofile      INFO     firefox brauzerindən cookies istifadə edilir.
2025.04.23 21:11:14 core.webprofile      INFO     Seçilmiş User-Agent: Mozilla/5.0 (Macintosh; Intel Mac OS X 10_15_7) AppleWebKit/537.36 (KHTML, like Gecko) Chrome/122.0.0.0 Safari/537.36
2025.04.23 21:11:28 core.spotify_handler INFO     Added Spotify thumbnail: https://i.scdn.co/image/ab67616d0000b2735b12cc85540e99bf266dbd58
2025.04.23 21:11:28 core.spotify_handler INFO     Metadata applied: download/download/Bağışlaram Səni.m4a
2025.04.23 21:11:30 core.webprofile      INFO     firefox brauzerindən cookies istifadə edilir.
2025.04.23 21:11:30 core.webprofile      INFO     Seçilmiş User-Agent: Mozilla/5.0 (iPhone; CPU iPhone OS 17_2 like Mac OS X) AppleWebKit/605.1.15 (KHTML, like Gecko) Version/17.2 Mobile/15E148 Safari/604.1
2025.04.23 21:11:42 core.spotify_handler INFO     Added Spotify thumbnail: https://i.scdn.co/image/ab67616d0000b273cc7c7e7422c553d3fcf57bda
2025.04.23 21:11:42 core.spotify_handler INFO     Metadata applied: download/download/Sen Benim Başıma Gelen En Güzel Şey.m4a
2025.04.23 21:11:44 core.webprofile      INFO     firefox brauzerindən cookies istifadə edilir.
2025.04.23 21:11:44 core.webprofile      INFO     Seçilmiş User-Agent: Mozilla/5.0 (Windows NT 10.0; Win64; x64) AppleWebKit/537.36 (KHTML, like Gecko) Edge/120.0.0.0 Safari/537.36
2025.04.23 21:11:58 core.spotify_handler INFO     Added Spotify thumbnail: https://i.scdn.co/image/ab67616d0000b2733626c5b92a31da8b72f99b18
2025.04.23 21:11:58 core.spotify_handler INFO     Metadata applied: download/download/Mutlu Yıllar.m4a
2025.04.23 21:12:00 core.webprofile      INFO     firefox brauzerindən cookies istifadə edilir.
2025.04.23 21:12:00 core.webprofile      INFO     Seçilmiş User-Agent: Mozilla/5.0 (Linux; Android 14; SM-G998B) AppleWebKit/537.36 (KHTML, like Gecko) Chrome/122.0.0.0 Mobile Safari/537.36
2025.04.23 21:12:11 core.spotify_handler INFO     Added Spotify thumbnail: https://i.scdn.co/image/ab67616d0000b273b7edac308a902b6c3293499f
2025.04.23 21:12:11 core.spotify_handler INFO     Metadata applied: download/download/Dibe İniyorum - Demo.m4a
2025.04.23 21:12:13 core.webprofile      INFO     firefox brauzerindən cookies istifadə edilir.
2025.04.23 21:12:13 core.webprofile      INFO     Seçilmiş User-Agent: Mozilla/5.0 (X11; Ubuntu; Linux x86_64; rv:120.0) Gecko/20100101 Firefox/120.0
2025.04.23 21:12:26 core.spotify_handler INFO     Added Spotify thumbnail: https://i.scdn.co/image/ab67616d0000b273f559ff08f8cab84a7794f3cd
2025.04.23 21:12:26 core.spotify_handler INFO     Metadata applied: download/download/Dönge.m4a
2025.04.23 21:12:26 aiogram.event        INFO     Update id=511761961 is handled. Duration 1 ms by bot id=8095621527
2025.04.23 21:12:28 core.webprofile      INFO     firefox brauzerindən cookies istifadə edilir.
2025.04.23 21:12:28 core.webprofile      INFO     Seçilmiş User-Agent: Mozilla/5.0 (iPad; CPU OS 17_2 like Mac OS X) AppleWebKit/605.1.15 (KHTML, like Gecko) Version/17.2 Mobile/15E148 Safari/604.1
2025.04.23 21:12:31 aiogram.event        INFO     Update id=511761962 is handled. Duration 1 ms by bot id=8095621527
2025.04.23 21:12:40 core.spotify_handler INFO     Added Spotify thumbnail: https://i.scdn.co/image/ab67616d0000b273002a1f559f55f18c9bfa8713
2025.04.23 21:12:40 core.spotify_handler INFO     Metadata applied: download/download/Nazende sevgilim.m4a
2025.04.23 21:12:42 core.webprofile      INFO     firefox brauzerindən cookies istifadə edilir.
2025.04.23 21:12:42 core.webprofile      INFO     Seçilmiş User-Agent: Mozilla/5.0 (Windows NT 10.0; Win64; x64) AppleWebKit/537.36 (KHTML, like Gecko) Chrome/122.0.0.0 Safari/537.36
2025.04.23 21:12:59 core.spotify_handler INFO     Added Spotify thumbnail: https://i.scdn.co/image/ab67616d0000b2735513561349c91bc455b83189
2025.04.23 21:12:59 core.spotify_handler INFO     Metadata applied: download/download/Bir Könül Sındırmışam.m4a
2025.04.23 21:13:01 core.webprofile      INFO     firefox brauzerindən cookies istifadə edilir.
2025.04.23 21:13:01 core.webprofile      INFO     Seçilmiş User-Agent: Mozilla/5.0 (Linux; Android 14; SM-G998B) AppleWebKit/537.36 (KHTML, like Gecko) Chrome/122.0.0.0 Mobile Safari/537.36
2025.04.23 21:13:18 core.spotify_handler INFO     Added Spotify thumbnail: https://i.scdn.co/image/ab67616d0000b27317337008843efc89bfd492f6
2025.04.23 21:13:18 core.spotify_handler INFO     Metadata applied: download/download/Самая (feat. Amigo).m4a
2025.04.23 21:13:20 core.webprofile      INFO     firefox brauzerindən cookies istifadə edilir.
2025.04.23 21:13:20 core.webprofile      INFO     Seçilmiş User-Agent: Mozilla/5.0 (Linux; Android 14; SM-G998B) AppleWebKit/537.36 (KHTML, like Gecko) Chrome/122.0.0.0 Mobile Safari/537.36
2025.04.23 21:13:34 core.spotify_handler INFO     Added Spotify thumbnail: https://i.scdn.co/image/ab67616d0000b2735238b431d6a7388b191a9996
2025.04.23 21:13:34 core.spotify_handler INFO     Metadata applied: download/download/Adsız.m4a
2025.04.23 21:13:35 core.webprofile      INFO     firefox brauzerindən cookies istifadə edilir.
2025.04.23 21:13:35 core.webprofile      INFO     Seçilmiş User-Agent: Mozilla/5.0 (X11; Ubuntu; Linux x86_64; rv:120.0) Gecko/20100101 Firefox/120.0
2025.04.23 21:13:46 core.spotify_handler INFO     Added Spotify thumbnail: https://i.scdn.co/image/ab67616d0000b273f0ec23f47b77b05fcd2c82bb
2025.04.23 21:13:46 core.spotify_handler INFO     Metadata applied: download/download/En Dibine Kadar - Akustik.m4a
2025.04.23 21:13:47 core.webprofile      INFO     firefox brauzerindən cookies istifadə edilir.
2025.04.23 21:13:47 core.webprofile      INFO     Seçilmiş User-Agent: Mozilla/5.0 (X11; Linux x86_64) AppleWebKit/537.36 (KHTML, like Gecko) Chrome/122.0.0.0 Safari/537.36
2025.04.23 21:13:58 core.spotify_handler INFO     Added Spotify thumbnail: https://i.scdn.co/image/ab67616d0000b2737fc4e415c5eb1767953bf7f3
2025.04.23 21:13:58 core.spotify_handler INFO     Metadata applied: download/download/Unuda Bilmirəm.m4a
2025.04.23 21:14:00 core.webprofile      INFO     firefox brauzerindən cookies istifadə edilir.
2025.04.23 21:14:00 core.webprofile      INFO     Seçilmiş User-Agent: Mozilla/5.0 (Windows NT 10.0; Win64; x64) AppleWebKit/537.36 (KHTML, like Gecko) Edge/120.0.0.0 Safari/537.36
2025.04.23 21:14:10 core.spotify_handler INFO     Added Spotify thumbnail: https://i.scdn.co/image/ab67616d0000b2733910daf3974ae0074432eefb
2025.04.23 21:14:10 core.spotify_handler INFO     Metadata applied: download/download/Fesupanallah.m4a
2025.04.23 21:14:12 core.webprofile      INFO     firefox brauzerindən cookies istifadə edilir.
2025.04.23 21:14:12 core.webprofile      INFO     Seçilmiş User-Agent: Mozilla/5.0 (Windows NT 10.0; Win64; x64) AppleWebKit/537.36 (KHTML, like Gecko) Edge/120.0.0.0 Safari/537.36
2025.04.23 21:14:26 core.spotify_handler INFO     Added Spotify thumbnail: https://i.scdn.co/image/ab67616d0000b273060eb7555c18609eb87d5d7e
2025.04.23 21:14:26 core.spotify_handler INFO     Metadata applied: download/download/Qal Sənə Qurban.m4a
2025.04.23 21:14:28 core.webprofile      INFO     firefox brauzerindən cookies istifadə edilir.
2025.04.23 21:14:28 core.webprofile      INFO     Seçilmiş User-Agent: Mozilla/5.0 (iPad; CPU OS 17_2 like Mac OS X) AppleWebKit/605.1.15 (KHTML, like Gecko) Version/17.2 Mobile/15E148 Safari/604.1
2025.04.23 21:14:39 core.spotify_handler INFO     Added Spotify thumbnail: https://i.scdn.co/image/ab67616d0000b273687e34ae0068599ad3c33521
2025.04.23 21:14:39 core.spotify_handler INFO     Metadata applied: download/download/Derinlerde.m4a
2025.04.23 21:14:41 core.webprofile      INFO     firefox brauzerindən cookies istifadə edilir.
2025.04.23 21:14:41 core.webprofile      INFO     Seçilmiş User-Agent: Mozilla/5.0 (X11; Linux x86_64) AppleWebKit/537.36 (KHTML, like Gecko) Chrome/122.0.0.0 Safari/537.36
2025.04.23 21:14:50 core.spotify_handler INFO     Added Spotify thumbnail: https://i.scdn.co/image/ab67616d0000b273ab115bfa18bd5bbf1d53c27f
2025.04.23 21:14:50 core.spotify_handler INFO     Metadata applied: download/download/The Eyes, Chico. They Never Lie.m4a
2025.04.23 21:14:52 core.webprofile      INFO     firefox brauzerindən cookies istifadə edilir.
2025.04.23 21:14:52 core.webprofile      INFO     Seçilmiş User-Agent: Mozilla/5.0 (X11; Ubuntu; Linux x86_64; rv:120.0) Gecko/20100101 Firefox/120.0
2025.04.23 21:15:04 core.spotify_handler INFO     Added Spotify thumbnail: https://i.scdn.co/image/ab67616d0000b273b5ed0b7cb7f3bddf23979e63
2025.04.23 21:15:04 core.spotify_handler INFO     Metadata applied: download/download/Galiba - Chilly Hip Hop Mix.m4a
2025.04.23 21:15:06 core.webprofile      INFO     firefox brauzerindən cookies istifadə edilir.
2025.04.23 21:15:06 core.webprofile      INFO     Seçilmiş User-Agent: Mozilla/5.0 (X11; Ubuntu; Linux x86_64; rv:120.0) Gecko/20100101 Firefox/120.0
2025.04.23 21:15:17 aiogram.event        INFO     Update id=511761963 is handled. Duration 1 ms by bot id=8095621527
2025.04.23 21:15:18 core.spotify_handler INFO     Added Spotify thumbnail: https://i.scdn.co/image/ab67616d0000b273b73cdfdbf83179759b136606
2025.04.23 21:15:18 core.spotify_handler INFO     Metadata applied: download/download/Garezi Var.m4a
2025.04.23 21:15:20 core.webprofile      INFO     firefox brauzerindən cookies istifadə edilir.
2025.04.23 21:15:20 core.webprofile      INFO     Seçilmiş User-Agent: Mozilla/5.0 (Windows NT 10.0; Win64; x64) AppleWebKit/537.36 (KHTML, like Gecko) Chrome/122.0.0.0 Safari/537.36
2025.04.23 21:15:30 core.spotify_handler INFO     Added Spotify thumbnail: https://i.scdn.co/image/ab67616d0000b273192fb737c6faf1680fb5ed04
2025.04.23 21:15:30 core.spotify_handler INFO     Metadata applied: download/download/Valse.m4a
2025.04.23 21:15:32 core.webprofile      INFO     firefox brauzerindən cookies istifadə edilir.
2025.04.23 21:15:32 core.webprofile      INFO     Seçilmiş User-Agent: Mozilla/5.0 (Windows NT 10.0; Win64; x64) AppleWebKit/537.36 (KHTML, like Gecko) Chrome/122.0.0.0 Safari/537.36
2025.04.23 21:15:43 core.spotify_handler INFO     Added Spotify thumbnail: https://i.scdn.co/image/ab67616d0000b2732493f847e85bbd75c8aefd80
2025.04.23 21:15:43 core.spotify_handler INFO     Metadata applied: download/download/Детство - Инструментал.m4a
2025.04.23 21:15:44 core.webprofile      INFO     firefox brauzerindən cookies istifadə edilir.
2025.04.23 21:15:44 core.webprofile      INFO     Seçilmiş User-Agent: Mozilla/5.0 (iPhone; CPU iPhone OS 17_2 like Mac OS X) AppleWebKit/605.1.15 (KHTML, like Gecko) Version/17.2 Mobile/15E148 Safari/604.1
2025.04.23 21:15:57 core.spotify_handler INFO     Added Spotify thumbnail: https://i.scdn.co/image/ab67616d0000b27386c9f09ee0619c7e337a25f4
2025.04.23 21:15:57 core.spotify_handler INFO     Metadata applied: download/download/Recviem.m4a
2025.04.23 21:15:59 core.webprofile      INFO     firefox brauzerindən cookies istifadə edilir.
2025.04.23 21:15:59 core.webprofile      INFO     Seçilmiş User-Agent: Mozilla/5.0 (Linux; Android 14; SM-G998B) AppleWebKit/537.36 (KHTML, like Gecko) Chrome/122.0.0.0 Mobile Safari/537.36
2025.04.23 21:16:10 core.spotify_handler INFO     Added Spotify thumbnail: https://i.scdn.co/image/ab67616d0000b273411f91c8c9002f99fab39877
2025.04.23 21:16:10 core.spotify_handler INFO     Metadata applied: download/download/Closer.m4a
2025.04.23 21:16:12 core.webprofile      INFO     firefox brauzerindən cookies istifadə edilir.
2025.04.23 21:16:12 core.webprofile      INFO     Seçilmiş User-Agent: Mozilla/5.0 (Windows NT 10.0; Win64; x64) AppleWebKit/537.36 (KHTML, like Gecko) Chrome/122.0.0.0 Safari/537.36
2025.04.23 21:16:22 core.spotify_handler INFO     Added Spotify thumbnail: https://i.scdn.co/image/ab67616d0000b273771f3f401ce67a6ff22615f3
2025.04.23 21:16:22 core.spotify_handler INFO     Metadata applied: download/download/3 am walk - Slowed & Reverb Version.m4a
2025.04.23 21:16:24 core.webprofile      INFO     firefox brauzerindən cookies istifadə edilir.
2025.04.23 21:16:24 core.webprofile      INFO     Seçilmiş User-Agent: Mozilla/5.0 (Linux; Android 14; Pixel 8 Pro) AppleWebKit/537.36 (KHTML, like Gecko) Chrome/122.0.0.0 Mobile Safari/537.36
2025.04.23 21:16:35 core.spotify_handler INFO     Added Spotify thumbnail: https://i.scdn.co/image/ab67616d0000b273807a5384120b502d9ee0e08c
2025.04.23 21:16:35 core.spotify_handler INFO     Metadata applied: download/download/Kar.m4a
2025.04.23 21:16:37 core.webprofile      INFO     firefox brauzerindən cookies istifadə edilir.
2025.04.23 21:16:37 core.webprofile      INFO     Seçilmiş User-Agent: Mozilla/5.0 (iPhone; CPU iPhone OS 17_2 like Mac OS X) AppleWebKit/605.1.15 (KHTML, like Gecko) Version/17.2 Mobile/15E148 Safari/604.1
2025.04.23 21:16:49 core.spotify_handler INFO     Added Spotify thumbnail: https://i.scdn.co/image/ab67616d0000b27379963312936d4b8f6289b0d5
2025.04.23 21:16:49 core.spotify_handler INFO     Metadata applied: download/download/hüsran.m4a
2025.04.23 21:16:51 core.webprofile      INFO     firefox brauzerindən cookies istifadə edilir.
2025.04.23 21:16:51 core.webprofile      INFO     Seçilmiş User-Agent: Mozilla/5.0 (iPad; CPU OS 17_2 like Mac OS X) AppleWebKit/605.1.15 (KHTML, like Gecko) Version/17.2 Mobile/15E148 Safari/604.1
2025.04.23 21:17:07 core.spotify_handler INFO     Added Spotify thumbnail: https://i.scdn.co/image/ab67616d0000b2735db5f5739ac8a93d4f8b6eb4
2025.04.23 21:17:07 core.spotify_handler INFO     Metadata applied: download/download/Mevsim Sonbahar.m4a
2025.04.23 21:17:08 core.webprofile      INFO     firefox brauzerindən cookies istifadə edilir.
2025.04.23 21:17:08 core.webprofile      INFO     Seçilmiş User-Agent: Mozilla/5.0 (iPad; CPU OS 17_2 like Mac OS X) AppleWebKit/605.1.15 (KHTML, like Gecko) Version/17.2 Mobile/15E148 Safari/604.1
2025.04.23 21:17:20 core.spotify_handler INFO     Added Spotify thumbnail: https://i.scdn.co/image/ab67616d0000b2732499ea0e1004e2c82c83029e
2025.04.23 21:17:20 core.spotify_handler INFO     Metadata applied: download/download/3am..m4a
2025.04.23 21:17:22 core.webprofile      INFO     firefox brauzerindən cookies istifadə edilir.
2025.04.23 21:17:22 core.webprofile      INFO     Seçilmiş User-Agent: Mozilla/5.0 (Linux; Android 14; SM-G998B) AppleWebKit/537.36 (KHTML, like Gecko) Chrome/122.0.0.0 Mobile Safari/537.36
2025.04.23 21:17:33 core.spotify_handler INFO     Added Spotify thumbnail: https://i.scdn.co/image/ab67616d0000b27355e36b0dc5b0ef008fc85319
2025.04.23 21:17:33 core.spotify_handler INFO     Metadata applied: download/download/Falling Down - Bonus Track.m4a
2025.04.23 21:17:35 core.webprofile      INFO     firefox brauzerindən cookies istifadə edilir.
2025.04.23 21:17:35 core.webprofile      INFO     Seçilmiş User-Agent: Mozilla/5.0 (Windows NT 10.0; Win64; x64) AppleWebKit/537.36 (KHTML, like Gecko) Edge/120.0.0.0 Safari/537.36
2025.04.23 21:17:47 core.spotify_handler INFO     Added Spotify thumbnail: https://i.scdn.co/image/ab67616d0000b2733a0c2fdb33664b9df5919e13
2025.04.23 21:17:47 core.spotify_handler INFO     Metadata applied: download/download/Ankara Rüzgarı.m4a
2025.04.23 21:17:49 core.webprofile      INFO     firefox brauzerindən cookies istifadə edilir.
2025.04.23 21:17:49 core.webprofile      INFO     Seçilmiş User-Agent: Mozilla/5.0 (Macintosh; Intel Mac OS X 10_15_7) AppleWebKit/537.36 (KHTML, like Gecko) Chrome/122.0.0.0 Safari/537.36
2025.04.23 21:18:03 core.spotify_handler INFO     Added Spotify thumbnail: https://i.scdn.co/image/ab67616d0000b273de7f6523ee62ec34d8b68f54
2025.04.23 21:18:03 core.spotify_handler INFO     Metadata applied: download/download/Bir Rüya Gördüm.m4a
2025.04.23 21:18:05 core.webprofile      INFO     firefox brauzerindən cookies istifadə edilir.
2025.04.23 21:18:05 core.webprofile      INFO     Seçilmiş User-Agent: Mozilla/5.0 (iPhone; CPU iPhone OS 17_2 like Mac OS X) AppleWebKit/605.1.15 (KHTML, like Gecko) Version/17.2 Mobile/15E148 Safari/604.1
2025.04.23 21:18:15 core.spotify_handler INFO     Added Spotify thumbnail: https://i.scdn.co/image/ab67616d0000b273b8dafd648c375479282649a7
2025.04.23 21:18:15 core.spotify_handler INFO     Metadata applied: download/download/Yan Yana.m4a
2025.04.23 21:18:17 core.webprofile      INFO     firefox brauzerindən cookies istifadə edilir.
2025.04.23 21:18:17 core.webprofile      INFO     Seçilmiş User-Agent: Mozilla/5.0 (Windows NT 10.0; Win64; x64) AppleWebKit/537.36 (KHTML, like Gecko) Edge/120.0.0.0 Safari/537.36
2025.04.23 21:18:28 core.spotify_handler INFO     Added Spotify thumbnail: https://i.scdn.co/image/ab67616d0000b273c05076c381ce3b5af1a0e802
2025.04.23 21:18:28 core.spotify_handler INFO     Metadata applied: download/download/Bu Kız.m4a
2025.04.23 21:18:30 core.webprofile      INFO     firefox brauzerindən cookies istifadə edilir.
2025.04.23 21:18:30 core.webprofile      INFO     Seçilmiş User-Agent: Mozilla/5.0 (iPad; CPU OS 17_2 like Mac OS X) AppleWebKit/605.1.15 (KHTML, like Gecko) Version/17.2 Mobile/15E148 Safari/604.1
2025.04.23 21:18:42 core.spotify_handler INFO     Added Spotify thumbnail: https://i.scdn.co/image/ab67616d0000b273891fc0e3767f95354328ca6f
2025.04.23 21:18:42 core.spotify_handler INFO     Metadata applied: download/download/İçimde Ölen Biri.m4a
2025.04.23 21:18:44 core.webprofile      INFO     firefox brauzerindən cookies istifadə edilir.
2025.04.23 21:18:44 core.webprofile      INFO     Seçilmiş User-Agent: Mozilla/5.0 (Macintosh; Intel Mac OS X 10_15_7) AppleWebKit/537.36 (KHTML, like Gecko) Chrome/122.0.0.0 Safari/537.36
2025.04.23 21:18:58 core.spotify_handler INFO     Added Spotify thumbnail: https://i.scdn.co/image/ab67616d0000b273be43d6bffdf12201926e5d01
2025.04.23 21:18:58 core.spotify_handler INFO     Metadata applied: download/download/Dönersen Islık Çal.m4a
2025.04.23 21:19:00 core.webprofile      INFO     firefox brauzerindən cookies istifadə edilir.
2025.04.23 21:19:00 core.webprofile      INFO     Seçilmiş User-Agent: Mozilla/5.0 (Windows NT 10.0; Win64; x64) AppleWebKit/537.36 (KHTML, like Gecko) Edge/120.0.0.0 Safari/537.36
2025.04.23 21:19:11 core.spotify_handler INFO     Added Spotify thumbnail: https://i.scdn.co/image/ab67616d0000b27367c738a703dc979f5c3c52ef
2025.04.23 21:19:11 core.spotify_handler INFO     Metadata applied: download/download/Gecenin Içine Gir.m4a
2025.04.23 21:19:13 core.webprofile      INFO     firefox brauzerindən cookies istifadə edilir.
2025.04.23 21:19:13 core.webprofile      INFO     Seçilmiş User-Agent: Mozilla/5.0 (Windows NT 10.0; Win64; x64) AppleWebKit/537.36 (KHTML, like Gecko) Chrome/122.0.0.0 Safari/537.36
2025.04.23 21:19:26 core.spotify_handler INFO     Added Spotify thumbnail: https://i.scdn.co/image/ab67616d0000b273fc35bed668abc957920dd375
2025.04.23 21:19:26 core.spotify_handler INFO     Metadata applied: download/download/maalesef.m4a
2025.04.23 21:19:27 core.webprofile      INFO     firefox brauzerindən cookies istifadə edilir.
2025.04.23 21:19:27 core.webprofile      INFO     Seçilmiş User-Agent: Mozilla/5.0 (iPhone; CPU iPhone OS 17_2 like Mac OS X) AppleWebKit/605.1.15 (KHTML, like Gecko) Version/17.2 Mobile/15E148 Safari/604.1
2025.04.23 21:19:40 core.spotify_handler INFO     Added Spotify thumbnail: https://i.scdn.co/image/ab67616d0000b273ddb8679fc8ceec6d1fc7fe8a
2025.04.23 21:19:41 core.spotify_handler INFO     Metadata applied: download/download/Bugün Biraz İçtim (feat. Ezhel & Grogi).m4a
2025.04.23 21:19:43 core.webprofile      INFO     firefox brauzerindən cookies istifadə edilir.
2025.04.23 21:19:43 core.webprofile      INFO     Seçilmiş User-Agent: Mozilla/5.0 (Windows NT 10.0; Win64; x64; rv:120.0) Gecko/20100101 Firefox/120.0
2025.04.23 21:19:55 core.spotify_handler INFO     Added Spotify thumbnail: https://i.scdn.co/image/ab67616d0000b27308caa6d45ef97ce44edf1189
2025.04.23 21:19:55 core.spotify_handler INFO     Metadata applied: download/download/25.m4a
2025.04.23 21:19:57 core.webprofile      INFO     firefox brauzerindən cookies istifadə edilir.
2025.04.23 21:19:57 core.webprofile      INFO     Seçilmiş User-Agent: Mozilla/5.0 (Linux; Android 14; SM-G998B) AppleWebKit/537.36 (KHTML, like Gecko) Chrome/122.0.0.0 Mobile Safari/537.36
2025.04.23 21:20:10 core.spotify_handler INFO     Added Spotify thumbnail: https://i.scdn.co/image/ab67616d0000b27367c738a703dc979f5c3c52ef
2025.04.23 21:20:10 core.spotify_handler INFO     Metadata applied: download/download/Nedenini Sorma.m4a
2025.04.23 21:20:12 core.webprofile      INFO     firefox brauzerindən cookies istifadə edilir.
2025.04.23 21:20:12 core.webprofile      INFO     Seçilmiş User-Agent: Mozilla/5.0 (Macintosh; Intel Mac OS X 10_15_7) AppleWebKit/537.36 (KHTML, like Gecko) Chrome/122.0.0.0 Safari/537.36
2025.04.23 21:20:24 core.spotify_handler INFO     Added Spotify thumbnail: https://i.scdn.co/image/ab67616d0000b27310542efb17360b3851601b86
2025.04.23 21:20:24 core.spotify_handler INFO     Metadata applied: download/download/Değişmene Rağmen - Akustik.m4a
2025.04.23 21:20:26 core.webprofile      INFO     firefox brauzerindən cookies istifadə edilir.
2025.04.23 21:20:26 core.webprofile      INFO     Seçilmiş User-Agent: Mozilla/5.0 (Windows NT 10.0; Win64; x64; rv:120.0) Gecko/20100101 Firefox/120.0
2025.04.23 21:20:43 core.spotify_handler INFO     Added Spotify thumbnail: https://i.scdn.co/image/ab67616d0000b273a76616abf60ce17491e95891
2025.04.23 21:20:43 core.spotify_handler INFO     Metadata applied: download/download/Love Sosa.m4a
2025.04.23 21:20:44 core.webprofile      INFO     firefox brauzerindən cookies istifadə edilir.
2025.04.23 21:20:44 core.webprofile      INFO     Seçilmiş User-Agent: Mozilla/5.0 (iPhone; CPU iPhone OS 17_2 like Mac OS X) AppleWebKit/605.1.15 (KHTML, like Gecko) Version/17.2 Mobile/15E148 Safari/604.1
2025.04.23 21:20:57 core.spotify_handler INFO     Added Spotify thumbnail: https://i.scdn.co/image/ab67616d0000b2733a16496c1b824bfdbefcc031
2025.04.23 21:20:57 core.spotify_handler INFO     Metadata applied: download/download/SAFI  TMM.m4a
2025.04.23 21:20:58 core.webprofile      INFO     firefox brauzerindən cookies istifadə edilir.
2025.04.23 21:20:58 core.webprofile      INFO     Seçilmiş User-Agent: Mozilla/5.0 (Windows NT 10.0; Win64; x64) AppleWebKit/537.36 (KHTML, like Gecko) Edge/120.0.0.0 Safari/537.36
2025.04.23 21:21:13 core.spotify_handler INFO     Added Spotify thumbnail: https://i.scdn.co/image/ab67616d0000b2734578de3b609c667a3bcf8729
2025.04.23 21:21:13 core.spotify_handler INFO     Metadata applied: download/download/Ruf mich nicht an.m4a
2025.04.23 21:22:03 aiogram.event        INFO     Update id=511761964 is handled. Duration 1 ms by bot id=8095621527
2025.04.23 21:22:18 aiogram.event        INFO     Update id=511761965 is handled. Duration 1 ms by bot id=8095621527
2025.04.23 21:23:22 aiogram.event        INFO     Update id=511761966 is handled. Duration 1 ms by bot id=8095621527
2025.04.23 21:23:56 aiogram.event        INFO     Update id=511761967 is handled. Duration 1 ms by bot id=8095621527
2025.04.23 21:27:27 aiogram.event        INFO     Update id=511761968 is handled. Duration 1 ms by bot id=8095621527
2025.04.23 21:29:35 aiogram.event        INFO     Update id=511761969 is handled. Duration 1 ms by bot id=8095621527
2025.04.23 21:38:05 aiogram.dispatcher   ERROR    Failed to fetch updates - TelegramNetworkError: HTTP Client says - ClientOSError: [Errno 104] Connection reset by peer
2025.04.23 21:38:05 aiogram.dispatcher   WARNING  Sleep for 1.000000 seconds and try again... (tryings = 0, bot id = 8095621527)
2025.04.23 21:38:16 aiogram.dispatcher   INFO     Connection established (tryings = 1, bot id = 8095621527)
2025.04.23 21:58:09 aiogram.event        INFO     Update id=511761970 is handled. Duration 1 ms by bot id=8095621527
2025.04.23 22:04:48 aiogram.event        INFO     Update id=511761971 is not handled. Duration 1 ms by bot id=8095621527
2025.04.23 22:12:59 aiogram.event        INFO     Update id=511761972 is not handled. Duration 2 ms by bot id=8095621527
2025.04.23 22:13:07 aiogram.event        INFO     Update id=511761973 is handled. Duration 1 ms by bot id=8095621527
2025.04.23 22:13:38 aiogram.event        INFO     Update id=511761974 is handled. Duration 1 ms by bot id=8095621527
2025.04.23 22:14:09 aiogram.event        INFO     Update id=511761975 is handled. Duration 1 ms by bot id=8095621527
2025.04.23 22:14:33 aiogram.event        INFO     Update id=511761976 is handled. Duration 1 ms by bot id=8095621527
2025.04.23 22:20:44 aiogram.event        INFO     Update id=511761977 is handled. Duration 1 ms by bot id=8095621527
2025.04.23 22:20:51 aiogram.event        INFO     Update id=511761978 is handled. Duration 1 ms by bot id=8095621527
2025.04.23 22:21:06 aiogram.event        INFO     Update id=511761979 is handled. Duration 1 ms by bot id=8095621527
2025.04.23 22:21:21 aiogram.event        INFO     Update id=511761980 is handled. Duration 1 ms by bot id=8095621527
2025.04.23 22:21:34 aiogram.event        INFO     Update id=511761981 is handled. Duration 1 ms by bot id=8095621527
2025.04.23 22:21:40 aiogram.event        INFO     Update id=511761982 is handled. Duration 1 ms by bot id=8095621527
2025.04.23 22:21:58 aiogram.event        INFO     Update id=511761983 is handled. Duration 1 ms by bot id=8095621527
2025.04.23 22:21:58 aiogram.event        INFO     Update id=511761984 is handled. Duration 1 ms by bot id=8095621527
2025.04.23 22:22:04 aiogram.event        INFO     Update id=511761985 is handled. Duration 1 ms by bot id=8095621527
2025.04.23 22:22:11 aiogram.event        INFO     Update id=511761986 is not handled. Duration 2 ms by bot id=8095621527
2025.04.23 22:22:13 aiogram.event        INFO     Update id=511761987 is handled. Duration 1 ms by bot id=8095621527
2025.04.23 22:22:20 aiogram.event        INFO     Update id=511761988 is handled. Duration 1 ms by bot id=8095621527
2025.04.23 22:22:27 aiogram.event        INFO     Update id=511761989 is not handled. Duration 2 ms by bot id=8095621527
2025.04.23 22:22:28 aiogram.event        INFO     Update id=511761990 is handled. Duration 1 ms by bot id=8095621527
2025.04.23 22:22:42 aiogram.event        INFO     Update id=511761991 is handled. Duration 1 ms by bot id=8095621527
2025.04.23 22:23:15 aiogram.event        INFO     Update id=511761992 is handled. Duration 1 ms by bot id=8095621527
2025.04.23 22:23:39 aiogram.event        INFO     Update id=511761993 is handled. Duration 1 ms by bot id=8095621527
2025.04.23 22:30:10 aiogram.event        INFO     Update id=511761994 is handled. Duration 0 ms by bot id=8095621527
2025.04.23 22:30:10 core.spotify_handler INFO     Fetching track data: 5rFM7AJbOaX2PwQivuUBgd
2025.04.23 22:30:11 core.webprofile      INFO     firefox brauzerindən cookies istifadə edilir.
2025.04.23 22:30:11 core.webprofile      INFO     Seçilmiş User-Agent: Mozilla/5.0 (Linux; Android 14; SM-G998B) AppleWebKit/537.36 (KHTML, like Gecko) Chrome/122.0.0.0 Mobile Safari/537.36
2025.04.23 22:30:27 core.spotify_handler INFO     Added Spotify thumbnail: https://i.scdn.co/image/ab67616d0000b2736c1a2139a9bd729961e278d1
2025.04.23 22:30:27 core.spotify_handler INFO     Metadata applied: download/download/Loco.m4a
2025.04.23 22:32:15 aiogram.event        INFO     Update id=511761995 is handled. Duration 1 ms by bot id=8095621527
2025.04.23 22:32:17 aiogram.event        INFO     Update id=511761996 is handled. Duration 1 ms by bot id=8095621527
2025.04.23 22:34:23 aiogram.event        INFO     Update id=511761997 is not handled. Duration 2 ms by bot id=8095621527
2025.04.23 22:40:05 aiogram.event        INFO     Update id=511761998 is handled. Duration 1 ms by bot id=8095621527
2025.04.23 22:41:28 aiogram.event        INFO     Update id=511761999 is handled. Duration 1 ms by bot id=8095621527
2025.04.23 22:41:40 aiogram.event        INFO     Update id=511762000 is not handled. Duration 2 ms by bot id=8095621527
2025.04.23 22:41:54 aiogram.event        INFO     Update id=511762001 is handled. Duration 1 ms by bot id=8095621527
2025.04.23 22:42:02 aiogram.event        INFO     Update id=511762002 is handled. Duration 1 ms by bot id=8095621527
2025.04.23 22:44:48 aiogram.event        INFO     Update id=511762003 is handled. Duration 1 ms by bot id=8095621527
2025.04.23 22:51:46 aiogram.event        INFO     Update id=511762004 is not handled. Duration 2 ms by bot id=8095621527
2025.04.23 22:51:59 aiogram.event        INFO     Update id=511762005 is handled. Duration 1 ms by bot id=8095621527
2025.04.23 22:52:08 aiogram.event        INFO     Update id=511762006 is not handled. Duration 2 ms by bot id=8095621527
2025.04.23 22:52:13 aiogram.event        INFO     Update id=511762007 is handled. Duration 1 ms by bot id=8095621527
2025.04.23 22:52:15 aiogram.event        INFO     Update id=511762008 is not handled. Duration 1 ms by bot id=8095621527
2025.04.23 22:52:24 aiogram.event        INFO     Update id=511762009 is handled. Duration 1 ms by bot id=8095621527
2025.04.23 23:02:22 aiogram.event        INFO     Update id=511762010 is not handled. Duration 2 ms by bot id=8095621527
2025.04.23 23:03:09 aiogram.event        INFO     Update id=511762011 is handled. Duration 2 ms by bot id=8095621527
2025.04.23 23:03:11 aiogram.event        INFO     Update id=511762012 is handled. Duration 1 ms by bot id=8095621527
2025.04.23 23:03:16 aiogram.event        INFO     Update id=511762013 is handled. Duration 1 ms by bot id=8095621527
2025.04.23 23:06:11 aiogram.event        INFO     Update id=511762014 is handled. Duration 1 ms by bot id=8095621527
2025.04.23 23:07:18 aiogram.event        INFO     Update id=511762015 is handled. Duration 1 ms by bot id=8095621527
2025.04.23 23:26:23 aiogram.event        INFO     Update id=511762016 is handled. Duration 1 ms by bot id=8095621527
2025.04.23 23:40:21 aiogram.event        INFO     Update id=511762017 is handled. Duration 1 ms by bot id=8095621527
2025.04.23 23:50:52 aiogram.event        INFO     Update id=511762018 is handled. Duration 1 ms by bot id=8095621527
2025.04.23 23:53:14 aiogram.event        INFO     Update id=511762019 is handled. Duration 2 ms by bot id=8095621527
2025.04.23 23:55:15 aiogram.event        INFO     Update id=511762020 is handled. Duration 1 ms by bot id=8095621527
2025.04.24 00:01:12 aiogram.event        INFO     Update id=511762021 is handled. Duration 1 ms by bot id=8095621527
2025.04.24 00:06:54 aiogram.event        INFO     Update id=511762022 is handled. Duration 1 ms by bot id=8095621527
2025.04.24 00:14:16 aiogram.event        INFO     Update id=511762023 is handled. Duration 1 ms by bot id=8095621527
2025.04.24 00:24:48 aiogram.event        INFO     Update id=511762024 is handled. Duration 2 ms by bot id=8095621527
2025.04.24 00:48:36 aiogram.event        INFO     Update id=511762025 is handled. Duration 1 ms by bot id=8095621527
2025.04.24 01:22:45 aiogram.event        INFO     Update id=511762026 is handled. Duration 1 ms by bot id=8095621527
2025.04.24 01:57:23 aiogram.event        INFO     Update id=511762027 is handled. Duration 1 ms by bot id=8095621527
2025.04.24 02:31:11 aiogram.event        INFO     Update id=511762028 is handled. Duration 1 ms by bot id=8095621527
2025.04.24 03:05:26 aiogram.event        INFO     Update id=511762029 is handled. Duration 1 ms by bot id=8095621527
2025.04.24 03:20:27 aiogram.event        INFO     Update id=511762030 is not handled. Duration 2 ms by bot id=8095621527
2025.04.24 03:32:05 aiogram.event        INFO     Update id=511762031 is handled. Duration 13 ms by bot id=8095621527
2025.04.24 03:32:05 aiogram.event        INFO     Update id=511762032 is handled. Duration 13 ms by bot id=8095621527
2025.04.24 03:32:05 aiogram.event        INFO     Update id=511762033 is handled. Duration 2 ms by bot id=8095621527
2025.04.24 03:32:05 aiogram.event        INFO     Update id=511762034 is handled. Duration 2 ms by bot id=8095621527
2025.04.24 03:32:50 aiogram.event        INFO     Update id=511762035 is handled. Duration 1 ms by bot id=8095621527
2025.04.24 03:32:51 aiogram.event        INFO     Update id=511762036 is handled. Duration 1 ms by bot id=8095621527
2025.04.24 03:35:52 aiogram.dispatcher   ERROR    Failed to fetch updates - TelegramNetworkError: HTTP Client says - ClientOSError: [Errno 104] Connection reset by peer
2025.04.24 03:35:52 aiogram.dispatcher   WARNING  Sleep for 1.000000 seconds and try again... (tryings = 0, bot id = 8095621527)
2025.04.24 03:36:03 aiogram.dispatcher   INFO     Connection established (tryings = 1, bot id = 8095621527)
2025.04.24 03:39:26 aiogram.event        INFO     Update id=511762037 is handled. Duration 1 ms by bot id=8095621527
2025.04.24 04:05:28 aiogram.event        INFO     Update id=511762038 is not handled. Duration 2 ms by bot id=8095621527
2025.04.24 04:08:26 aiogram.event        INFO     Update id=511762039 is handled. Duration 2 ms by bot id=8095621527
2025.04.24 04:08:26 aiogram.event        INFO     Update id=511762040 is handled. Duration 2 ms by bot id=8095621527
2025.04.24 04:08:26 aiogram.event        INFO     Update id=511762041 is handled. Duration 2 ms by bot id=8095621527
2025.04.24 04:08:26 aiogram.event        INFO     Update id=511762042 is handled. Duration 2 ms by bot id=8095621527
2025.04.24 04:08:59 aiogram.event        INFO     Update id=511762043 is handled. Duration 1 ms by bot id=8095621527
2025.04.24 04:12:52 aiogram.event        INFO     Update id=511762044 is handled. Duration 1 ms by bot id=8095621527
2025.04.24 04:13:11 aiogram.event        INFO     Update id=511762045 is handled. Duration 1 ms by bot id=8095621527
2025.04.24 04:13:12 aiogram.event        INFO     Update id=511762046 is handled. Duration 1 ms by bot id=8095621527
2025.04.24 04:42:51 aiogram.event        INFO     Update id=511762047 is handled. Duration 120 ms by bot id=8095621527
2025.04.24 04:42:55 aiogram.event        INFO     Update id=511762048 is handled. Duration 195 ms by bot id=8095621527
2025.04.24 04:43:01 aiogram.event        INFO     Update id=511762049 is handled. Duration 94 ms by bot id=8095621527
2025.04.24 04:43:13 aiogram.event        INFO     Update id=511762050 is handled. Duration 48 ms by bot id=8095621527
2025.04.24 04:45:16 aiogram.event        INFO     Update id=511762051 is handled. Duration 1 ms by bot id=8095621527
2025.04.24 04:45:35 aiogram.event        INFO     Update id=511762052 is handled. Duration 1 ms by bot id=8095621527
2025.04.24 04:45:47 aiogram.event        INFO     Update id=511762053 is handled. Duration 1 ms by bot id=8095621527
2025.04.24 04:46:00 aiogram.event        INFO     Update id=511762054 is handled. Duration 1 ms by bot id=8095621527
2025.04.24 04:46:06 aiogram.event        INFO     Update id=511762055 is handled. Duration 1 ms by bot id=8095621527
2025.04.24 04:46:12 aiogram.event        INFO     Update id=511762056 is handled. Duration 1 ms by bot id=8095621527
2025.04.24 04:46:21 aiogram.event        INFO     Update id=511762057 is handled. Duration 1 ms by bot id=8095621527
2025.04.24 04:46:22 aiogram.event        INFO     Update id=511762058 is handled. Duration 2 ms by bot id=8095621527
2025.04.24 04:46:32 aiogram.event        INFO     Update id=511762059 is handled. Duration 2 ms by bot id=8095621527
2025.04.24 04:46:37 aiogram.event        INFO     Update id=511762060 is handled. Duration 1 ms by bot id=8095621527
2025.04.24 04:46:44 aiogram.event        INFO     Update id=511762061 is handled. Duration 1 ms by bot id=8095621527
2025.04.24 04:46:54 aiogram.event        INFO     Update id=511762062 is handled. Duration 1 ms by bot id=8095621527
2025.04.24 04:47:02 aiogram.event        INFO     Update id=511762063 is handled. Duration 1 ms by bot id=8095621527
2025.04.24 04:47:23 aiogram.event        INFO     Update id=511762064 is handled. Duration 1 ms by bot id=8095621527
2025.04.24 04:53:52 aiogram.event        INFO     Update id=511762065 is handled. Duration 2 ms by bot id=8095621527
2025.04.24 04:53:52 aiogram.event        INFO     Update id=511762066 is handled. Duration 2 ms by bot id=8095621527
2025.04.24 05:01:03 aiogram.event        INFO     Update id=511762067 is handled. Duration 2 ms by bot id=8095621527
2025.04.24 05:01:03 aiogram.event        INFO     Update id=511762068 is handled. Duration 2 ms by bot id=8095621527
2025.04.24 05:02:20 core.webprofile      INFO     firefox brauzerindən cookies istifadə edilir.
2025.04.24 05:02:20 core.webprofile      INFO     Seçilmiş User-Agent: Mozilla/5.0 (Windows NT 10.0; Win64; x64) AppleWebKit/537.36 (KHTML, like Gecko) Edge/120.0.0.0 Safari/537.36
2025.04.24 05:02:25 aiogram.event        INFO     Update id=511762069 is handled. Duration 5418 ms by bot id=8095621527
2025.04.24 05:02:27 core.webprofile      INFO     firefox brauzerindən cookies istifadə edilir.
2025.04.24 05:02:27 core.webprofile      INFO     Seçilmiş User-Agent: Mozilla/5.0 (Windows NT 10.0; Win64; x64) AppleWebKit/537.36 (KHTML, like Gecko) Chrome/122.0.0.0 Safari/537.36
2025.04.24 05:02:37 aiogram.event        INFO     Update id=511762070 is handled. Duration 9879 ms by bot id=8095621527
2025.04.24 05:11:08 core.webprofile      INFO     firefox brauzerindən cookies istifadə edilir.
2025.04.24 05:11:08 core.webprofile      INFO     Seçilmiş User-Agent: Mozilla/5.0 (Linux; Android 14; Pixel 8 Pro) AppleWebKit/537.36 (KHTML, like Gecko) Chrome/122.0.0.0 Mobile Safari/537.36
2025.04.24 05:11:13 aiogram.event        INFO     Update id=511762071 is handled. Duration 5106 ms by bot id=8095621527
2025.04.24 05:11:15 core.webprofile      INFO     firefox brauzerindən cookies istifadə edilir.
2025.04.24 05:11:15 core.webprofile      INFO     Seçilmiş User-Agent: Mozilla/5.0 (Windows NT 10.0; Win64; x64) AppleWebKit/537.36 (KHTML, like Gecko) Chrome/122.0.0.0 Safari/537.36
2025.04.24 05:11:25 aiogram.event        INFO     Update id=511762072 is handled. Duration 9774 ms by bot id=8095621527
2025.04.24 05:17:43 aiogram.event        INFO     Update id=511762073 is not handled. Duration 2 ms by bot id=8095621527
2025.04.24 05:17:49 aiogram.event        INFO     Update id=511762074 is not handled. Duration 1 ms by bot id=8095621527
2025.04.24 05:18:25 core.webprofile      INFO     firefox brauzerindən cookies istifadə edilir.
2025.04.24 05:18:25 core.webprofile      INFO     Seçilmiş User-Agent: Mozilla/5.0 (Windows NT 10.0; Win64; x64; rv:120.0) Gecko/20100101 Firefox/120.0
2025.04.24 05:18:28 aiogram.event        INFO     Update id=511762075 is handled. Duration 3758 ms by bot id=8095621527
2025.04.24 05:18:39 core.webprofile      INFO     firefox brauzerindən cookies istifadə edilir.
2025.04.24 05:18:39 core.webprofile      INFO     Seçilmiş User-Agent: Mozilla/5.0 (Linux; Android 14; SM-G998B) AppleWebKit/537.36 (KHTML, like Gecko) Chrome/122.0.0.0 Mobile Safari/537.36
2025.04.24 05:18:47 aiogram.event        INFO     Update id=511762076 is handled. Duration 8540 ms by bot id=8095621527
2025.04.24 05:20:37 aiogram.event        INFO     Update id=511762077 is handled. Duration 1 ms by bot id=8095621527
2025.04.24 05:22:18 aiogram.event        INFO     Update id=511762078 is handled. Duration 2 ms by bot id=8095621527
2025.04.24 05:22:18 aiogram.event        INFO     Update id=511762079 is handled. Duration 2 ms by bot id=8095621527
2025.04.24 05:25:39 aiogram.event        INFO     Update id=511762080 is handled. Duration 2 ms by bot id=8095621527
2025.04.24 05:25:39 aiogram.event        INFO     Update id=511762081 is handled. Duration 2 ms by bot id=8095621527
2025.04.24 05:25:40 aiogram.event        INFO     Update id=511762082 is handled. Duration 2 ms by bot id=8095621527
2025.04.24 05:25:40 aiogram.event        INFO     Update id=511762083 is handled. Duration 2 ms by bot id=8095621527
2025.04.24 05:47:31 aiogram.event        INFO     Update id=511762084 is handled. Duration 1 ms by bot id=8095621527
2025.04.24 05:47:43 aiogram.event        INFO     Update id=511762085 is handled. Duration 1 ms by bot id=8095621527
2025.04.24 05:54:13 aiogram.event        INFO     Update id=511762086 is handled. Duration 1 ms by bot id=8095621527
2025.04.24 05:54:13 aiogram.event        INFO     Update id=511762087 is handled. Duration 1 ms by bot id=8095621527
2025.04.24 05:54:18 aiogram.event        INFO     Update id=511762088 is handled. Duration 1 ms by bot id=8095621527
2025.04.24 05:55:30 aiogram.event        INFO     Update id=511762089 is handled. Duration 1 ms by bot id=8095621527
2025.04.24 06:21:16 aiogram.event        INFO     Update id=511762090 is handled. Duration 1 ms by bot id=8095621527
2025.04.24 06:29:24 aiogram.event        INFO     Update id=511762091 is handled. Duration 1 ms by bot id=8095621527
2025.04.24 06:44:20 aiogram.event        INFO     Update id=511762092 is handled. Duration 2 ms by bot id=8095621527
2025.04.24 06:44:20 aiogram.event        INFO     Update id=511762093 is handled. Duration 2 ms by bot id=8095621527
2025.04.24 06:44:21 aiogram.event        INFO     Update id=511762094 is handled. Duration 2 ms by bot id=8095621527
2025.04.24 06:44:21 aiogram.event        INFO     Update id=511762095 is handled. Duration 2 ms by bot id=8095621527
2025.04.24 06:44:44 aiogram.event        INFO     Update id=511762096 is handled. Duration 3 ms by bot id=8095621527
2025.04.24 06:44:44 aiogram.event        INFO     Update id=511762097 is handled. Duration 3 ms by bot id=8095621527
2025.04.24 06:44:44 aiogram.event        INFO     Update id=511762098 is handled. Duration 3 ms by bot id=8095621527
2025.04.24 06:44:45 aiogram.event        INFO     Update id=511762099 is handled. Duration 2 ms by bot id=8095621527
2025.04.24 06:44:45 aiogram.event        INFO     Update id=511762100 is handled. Duration 3 ms by bot id=8095621527
2025.04.24 06:44:45 aiogram.event        INFO     Update id=511762101 is handled. Duration 3 ms by bot id=8095621527
2025.04.24 06:49:50 aiogram.dispatcher   WARNING  Received SIGINT signal
2025.04.24 06:49:50 aiogram.dispatcher   INFO     Polling stopped for bot @dllmasterbot id=8095621527 - 'DLLMaster 🍊'
2025.04.24 06:49:50 aiogram.dispatcher   INFO     Polling stopped
2025.04.24 06:49:50 __main__             INFO     🛑 Polling stopped
2025.04.24 06:49:50 __main__             INFO     🔴 Bot stopped
