2025.04.08 13:35:17 dotenv.main          WARNING  python-dotenv could not parse statement starting at line 5
2025.04.08 13:35:17 __main__             INFO     🤖 Starting bot...
2025.04.08 13:35:17 __main__             INFO     🚀 Starting bot initialization...
2025.04.08 13:35:17 __main__             INFO     ✅ Database initialized successfully
2025.04.08 13:35:17 core.spotify_handler INFO     Spotify API connection established.
2025.04.08 13:35:17 __main__             INFO     ✅ Spotify service initialized
2025.04.08 13:35:17 core.webprofile      INFO     Seçilmiş User-Agent: Mozilla/5.0 (Linux; Android 14; SM-G998B) AppleWebKit/537.36 (KHTML, like Gecko) Chrome/122.0.0.0 Mobile Safari/537.36
2025.04.08 13:35:17 core.youtube_handler INFO     firefox brauzerindən cookies istifadə edilir.
2025.04.08 13:35:17 __main__             INFO     ✅ YouTube services initialized (firefox)
2025.04.08 13:35:17 __main__             INFO     🔌 Loading plugins...
2025.04.08 13:35:17 __main__             INFO     🔍 Scanning plugins in: plugins
2025.04.08 13:35:17 __main__             INFO     🔄 Loading: plugins.spotify_plugin
2025.04.08 13:35:17 __main__             INFO     ✅ Loaded (sync): plugins.spotify_plugin
2025.04.08 13:35:17 __main__             INFO     🔄 Loading: plugins.menu_plugin
2025.04.08 13:35:17 __main__             INFO     ✅ Loaded (sync): plugins.menu_plugin
2025.04.08 13:35:17 __main__             INFO     🔄 Loading: plugins.sudo_plugin
2025.04.08 13:35:17 __main__             INFO     ✅ Loaded (sync): plugins.sudo_plugin
2025.04.08 13:35:17 __main__             INFO     🔄 Loading: plugins.youtube_plugin
2025.04.08 13:35:17 __main__             INFO     ✅ Loaded (sync): plugins.youtube_plugin
2025.04.08 13:35:17 __main__             INFO     🔄 Loading: plugins.neofetch_plugin
2025.04.08 13:35:17 __main__             INFO     ✅ Loaded (sync): plugins.neofetch_plugin
2025.04.08 13:35:17 __main__             INFO     🔄 Loading: plugins.report_plugin
2025.04.08 13:35:17 __main__             INFO     ✅ Loaded (async): plugins.report_plugin
2025.04.08 13:35:17 __main__             INFO     🔄 Loading: plugins.del_plugin
2025.04.08 13:35:17 __main__             INFO     ✅ Loaded (sync): plugins.del_plugin
2025.04.08 13:35:17 __main__             INFO     🔄 Loading: plugins.music_plugin
2025.04.08 13:35:17 __main__             INFO     ✅ Loaded (sync): plugins.music_plugin
2025.04.08 13:35:17 __main__             INFO     🔄 Loading: plugins.start_plugin
2025.04.08 13:35:17 __main__             INFO     ✅ Loaded (async): plugins.start_plugin
2025.04.08 13:35:17 __main__             INFO     🔄 Loading: plugins.stats_plugin
2025.04.08 13:35:17 __main__             INFO     ✅ Loaded (sync): plugins.stats_plugin
2025.04.08 13:35:17 __main__             INFO     🔄 Loading: plugins.dir_plugin
2025.04.08 13:35:17 __main__             INFO     ✅ Loaded (sync): plugins.dir_plugin
2025.04.08 13:35:17 __main__             INFO     🔄 Loading: plugins.broadcast_plugin
2025.04.08 13:35:17 __main__             INFO     ✅ Loaded (sync): plugins.broadcast_plugin
2025.04.08 13:35:17 __main__             INFO     🔄 Loading: plugins.speedtest_plugin
2025.04.08 13:35:17 __main__             INFO     ✅ Loaded (sync): plugins.speedtest_plugin
2025.04.08 13:35:17 __main__             INFO     🔄 Loading: plugins.bot_logs
2025.04.08 13:35:17 __main__             INFO     ✅ Loaded (async): plugins.bot_logs
2025.04.08 13:35:17 __main__             INFO     🔄 Loading: plugins.inline_youtube
2025.04.08 13:35:17 plugins.inline_youtube INFO     ✅ YouTube plugin aktiv oldu
2025.04.08 13:35:17 __main__             INFO     ✅ Loaded (sync): plugins.inline_youtube
2025.04.08 13:35:17 __main__             INFO     🚀 Starting polling...
2025.04.08 13:35:17 aiogram.dispatcher   INFO     Start polling
2025.04.08 13:35:17 aiogram.dispatcher   INFO     Run polling for bot @dllmasterbot id=8095621527 - 'DLLMaster for Music'
2025.04.08 13:35:17 aiogram.event        INFO     Update id=511685551 is handled. Duration 2 ms by bot id=8095621527
2025.04.08 13:35:21 aiogram.event        INFO     Update id=511685552 is not handled. Duration 1 ms by bot id=8095621527
2025.04.08 13:35:21 aiogram.event        ERROR    Cause exception while process update id=511685552 by bot id=8095621527
AttributeError: 'Database' object has no attribute 'add_log'
Traceback (most recent call last):
  File "/home/admin/.local/lib/python3.11/site-packages/aiogram/dispatcher/dispatcher.py", line 309, in _process_update
    response = await self.feed_update(bot, update, **kwargs)
               ^^^^^^^^^^^^^^^^^^^^^^^^^^^^^^^^^^^^^^^^^^^^^
  File "/home/admin/.local/lib/python3.11/site-packages/aiogram/dispatcher/dispatcher.py", line 158, in feed_update
    response = await self.update.wrap_outer_middleware(
               ^^^^^^^^^^^^^^^^^^^^^^^^^^^^^^^^^^^^^^^^
  File "/home/admin/.local/lib/python3.11/site-packages/aiogram/dispatcher/middlewares/error.py", line 25, in __call__
    return await handler(event, data)
           ^^^^^^^^^^^^^^^^^^^^^^^^^^
  File "/home/admin/.local/lib/python3.11/site-packages/aiogram/dispatcher/middlewares/user_context.py", line 56, in __call__
    return await handler(event, data)
           ^^^^^^^^^^^^^^^^^^^^^^^^^^
  File "/home/admin/.local/lib/python3.11/site-packages/aiogram/fsm/middleware.py", line 42, in __call__
    return await handler(event, data)
           ^^^^^^^^^^^^^^^^^^^^^^^^^^
  File "/home/admin/.local/lib/python3.11/site-packages/aiogram/dispatcher/event/telegram.py", line 121, in trigger
    return await wrapped_inner(event, kwargs)
           ^^^^^^^^^^^^^^^^^^^^^^^^^^^^^^^^^^
  File "/home/admin/.local/lib/python3.11/site-packages/aiogram/dispatcher/event/handler.py", line 43, in call
    return await wrapped()
           ^^^^^^^^^^^^^^^
  File "/home/admin/.local/lib/python3.11/site-packages/aiogram/dispatcher/dispatcher.py", line 276, in _listen_update
    return await self.propagate_event(update_type=update_type, event=event, **kwargs)
           ^^^^^^^^^^^^^^^^^^^^^^^^^^^^^^^^^^^^^^^^^^^^^^^^^^^^^^^^^^^^^^^^^^^^^^^^^^
  File "/home/admin/.local/lib/python3.11/site-packages/aiogram/dispatcher/router.py", line 146, in propagate_event
    return await observer.wrap_outer_middleware(_wrapped, event=event, data=kwargs)
           ^^^^^^^^^^^^^^^^^^^^^^^^^^^^^^^^^^^^^^^^^^^^^^^^^^^^^^^^^^^^^^^^^^^^^^^^
  File "/home/admin/.local/lib/python3.11/site-packages/aiogram/dispatcher/router.py", line 141, in _wrapped
    return await self._propagate_event(
           ^^^^^^^^^^^^^^^^^^^^^^^^^^^^
  File "/home/admin/.local/lib/python3.11/site-packages/aiogram/dispatcher/router.py", line 166, in _propagate_event
    response = await observer.trigger(event, **kwargs)
               ^^^^^^^^^^^^^^^^^^^^^^^^^^^^^^^^^^^^^^^
  File "/home/admin/.local/lib/python3.11/site-packages/aiogram/dispatcher/event/telegram.py", line 121, in trigger
    return await wrapped_inner(event, kwargs)
           ^^^^^^^^^^^^^^^^^^^^^^^^^^^^^^^^^^
  File "/home/admin/.local/lib/python3.11/site-packages/aiogram/dispatcher/event/handler.py", line 43, in call
    return await wrapped()
           ^^^^^^^^^^^^^^^
  File "/home/admin/DLMaster/plugins/menu_plugin.py", line 62, in list_commands
    db.add_log(
    ^^^^^^^^^^
AttributeError: 'Database' object has no attribute 'add_log'
2025.04.08 13:35:34 aiogram.event        INFO     Update id=511685553 is handled. Duration 1 ms by bot id=8095621527
2025.04.08 13:35:46 aiogram.event        INFO     Update id=511685554 is handled. Duration 1 ms by bot id=8095621527
2025.04.08 13:35:58 aiogram.event        INFO     Update id=511685555 is handled. Duration 1 ms by bot id=8095621527
2025.04.08 13:36:02 aiogram.event        INFO     Update id=511685556 is handled. Duration 1 ms by bot id=8095621527
2025.04.08 13:36:31 aiogram.event        INFO     Update id=511685557 is handled. Duration 1 ms by bot id=8095621527
2025.04.08 13:36:36 aiogram.event        INFO     Update id=511685558 is handled. Duration 1 ms by bot id=8095621527
2025.04.08 13:36:41 aiogram.event        INFO     Update id=511685559 is handled. Duration 1 ms by bot id=8095621527
2025.04.08 13:36:44 aiogram.event        INFO     Update id=511685560 is handled. Duration 1 ms by bot id=8095621527
2025.04.08 13:36:55 aiogram.event        INFO     Update id=511685561 is handled. Duration 3 ms by bot id=8095621527
2025.04.08 13:37:06 aiogram.event        INFO     Update id=511685562 is handled. Duration 1 ms by bot id=8095621527
2025.04.08 13:37:08 aiogram.event        INFO     Update id=511685563 is handled. Duration 2 ms by bot id=8095621527
2025.04.08 13:37:16 aiogram.event        INFO     Update id=511685564 is handled. Duration 4 ms by bot id=8095621527
2025.04.08 13:37:20 aiogram.dispatcher   WARNING  Received SIGINT signal
2025.04.08 13:37:20 aiogram.dispatcher   INFO     Polling stopped for bot @dllmasterbot id=8095621527 - 'DLLMaster for Music'
2025.04.08 13:37:20 aiogram.dispatcher   INFO     Polling stopped
2025.04.08 13:37:20 __main__             INFO     🛑 Polling stopped
2025.04.08 13:37:20 __main__             INFO     🔴 Bot stopped
2025.04.08 13:37:26 dotenv.main          WARNING  python-dotenv could not parse statement starting at line 5
2025.04.08 13:37:26 __main__             INFO     🤖 Starting bot...
2025.04.08 13:37:26 __main__             INFO     🚀 Starting bot initialization...
2025.04.08 13:37:26 __main__             INFO     ✅ Database initialized successfully
2025.04.08 13:37:26 core.spotify_handler INFO     Spotify API connection established.
2025.04.08 13:37:26 __main__             INFO     ✅ Spotify service initialized
2025.04.08 13:37:26 core.webprofile      INFO     Seçilmiş User-Agent: Mozilla/5.0 (Linux; Android 14; Pixel 8 Pro) AppleWebKit/537.36 (KHTML, like Gecko) Chrome/122.0.0.0 Mobile Safari/537.36
2025.04.08 13:37:26 core.youtube_handler INFO     firefox brauzerindən cookies istifadə edilir.
2025.04.08 13:37:26 __main__             INFO     ✅ YouTube services initialized (firefox)
2025.04.08 13:37:26 __main__             INFO     🔌 Loading plugins...
2025.04.08 13:37:26 __main__             INFO     🔍 Scanning plugins in: plugins
2025.04.08 13:37:26 __main__             INFO     🔄 Loading: plugins.spotify_plugin
2025.04.08 13:37:26 __main__             INFO     ✅ Loaded (sync): plugins.spotify_plugin
2025.04.08 13:37:26 __main__             INFO     🔄 Loading: plugins.menu_plugin
2025.04.08 13:37:26 __main__             INFO     ✅ Loaded (sync): plugins.menu_plugin
2025.04.08 13:37:26 __main__             INFO     🔄 Loading: plugins.sudo_plugin
2025.04.08 13:37:26 __main__             INFO     ✅ Loaded (sync): plugins.sudo_plugin
2025.04.08 13:37:26 __main__             INFO     🔄 Loading: plugins.youtube_plugin
2025.04.08 13:37:26 __main__             INFO     ✅ Loaded (sync): plugins.youtube_plugin
2025.04.08 13:37:26 __main__             INFO     🔄 Loading: plugins.neofetch_plugin
2025.04.08 13:37:26 __main__             INFO     ✅ Loaded (sync): plugins.neofetch_plugin
2025.04.08 13:37:26 __main__             INFO     🔄 Loading: plugins.report_plugin
2025.04.08 13:37:26 __main__             INFO     ✅ Loaded (async): plugins.report_plugin
2025.04.08 13:37:26 __main__             INFO     🔄 Loading: plugins.del_plugin
2025.04.08 13:37:26 __main__             INFO     ✅ Loaded (sync): plugins.del_plugin
2025.04.08 13:37:26 __main__             INFO     🔄 Loading: plugins.music_plugin
2025.04.08 13:37:26 __main__             INFO     ✅ Loaded (sync): plugins.music_plugin
2025.04.08 13:37:26 __main__             INFO     🔄 Loading: plugins.start_plugin
2025.04.08 13:37:26 __main__             INFO     ✅ Loaded (async): plugins.start_plugin
2025.04.08 13:37:26 __main__             INFO     🔄 Loading: plugins.stats_plugin
2025.04.08 13:37:26 __main__             INFO     ✅ Loaded (sync): plugins.stats_plugin
2025.04.08 13:37:26 __main__             INFO     🔄 Loading: plugins.dir_plugin
2025.04.08 13:37:26 __main__             INFO     ✅ Loaded (sync): plugins.dir_plugin
2025.04.08 13:37:26 __main__             INFO     🔄 Loading: plugins.broadcast_plugin
2025.04.08 13:37:26 __main__             INFO     ✅ Loaded (sync): plugins.broadcast_plugin
2025.04.08 13:37:26 __main__             INFO     🔄 Loading: plugins.speedtest_plugin
2025.04.08 13:37:26 __main__             INFO     ✅ Loaded (sync): plugins.speedtest_plugin
2025.04.08 13:37:26 __main__             INFO     🔄 Loading: plugins.bot_logs
2025.04.08 13:37:26 __main__             INFO     ✅ Loaded (async): plugins.bot_logs
2025.04.08 13:37:26 __main__             INFO     🔄 Loading: plugins.inline_youtube
2025.04.08 13:37:26 plugins.inline_youtube INFO     ✅ YouTube plugin aktiv oldu
2025.04.08 13:37:26 __main__             INFO     ✅ Loaded (sync): plugins.inline_youtube
2025.04.08 13:37:26 __main__             INFO     🚀 Starting polling...
2025.04.08 13:37:26 aiogram.dispatcher   INFO     Start polling
2025.04.08 13:37:26 aiogram.dispatcher   INFO     Run polling for bot @dllmasterbot id=8095621527 - 'DLLMaster for Music'
2025.04.08 13:37:28 aiogram.event        INFO     Update id=511685565 is handled. Duration 9 ms by bot id=8095621527
2025.04.08 13:37:32 aiogram.event        INFO     Update id=511685566 is handled. Duration 83 ms by bot id=8095621527
2025.04.08 13:37:40 aiogram.event        INFO     Update id=511685567 is handled. Duration 11 ms by bot id=8095621527
2025.04.08 13:37:42 aiogram.event        INFO     Update id=511685568 is not handled. Duration 33 ms by bot id=8095621527
2025.04.08 13:37:42 aiogram.event        ERROR    Cause exception while process update id=511685568 by bot id=8095621527
AttributeError: 'Database' object has no attribute 'get_logs'
Traceback (most recent call last):
  File "/home/admin/.local/lib/python3.11/site-packages/aiogram/dispatcher/dispatcher.py", line 309, in _process_update
    response = await self.feed_update(bot, update, **kwargs)
               ^^^^^^^^^^^^^^^^^^^^^^^^^^^^^^^^^^^^^^^^^^^^^
  File "/home/admin/.local/lib/python3.11/site-packages/aiogram/dispatcher/dispatcher.py", line 158, in feed_update
    response = await self.update.wrap_outer_middleware(
               ^^^^^^^^^^^^^^^^^^^^^^^^^^^^^^^^^^^^^^^^
  File "/home/admin/.local/lib/python3.11/site-packages/aiogram/dispatcher/middlewares/error.py", line 25, in __call__
    return await handler(event, data)
           ^^^^^^^^^^^^^^^^^^^^^^^^^^
  File "/home/admin/.local/lib/python3.11/site-packages/aiogram/dispatcher/middlewares/user_context.py", line 56, in __call__
    return await handler(event, data)
           ^^^^^^^^^^^^^^^^^^^^^^^^^^
  File "/home/admin/.local/lib/python3.11/site-packages/aiogram/fsm/middleware.py", line 42, in __call__
    return await handler(event, data)
           ^^^^^^^^^^^^^^^^^^^^^^^^^^
  File "/home/admin/.local/lib/python3.11/site-packages/aiogram/dispatcher/event/telegram.py", line 121, in trigger
    return await wrapped_inner(event, kwargs)
           ^^^^^^^^^^^^^^^^^^^^^^^^^^^^^^^^^^
  File "/home/admin/.local/lib/python3.11/site-packages/aiogram/dispatcher/event/handler.py", line 43, in call
    return await wrapped()
           ^^^^^^^^^^^^^^^
  File "/home/admin/.local/lib/python3.11/site-packages/aiogram/dispatcher/dispatcher.py", line 276, in _listen_update
    return await self.propagate_event(update_type=update_type, event=event, **kwargs)
           ^^^^^^^^^^^^^^^^^^^^^^^^^^^^^^^^^^^^^^^^^^^^^^^^^^^^^^^^^^^^^^^^^^^^^^^^^^
  File "/home/admin/.local/lib/python3.11/site-packages/aiogram/dispatcher/router.py", line 146, in propagate_event
    return await observer.wrap_outer_middleware(_wrapped, event=event, data=kwargs)
           ^^^^^^^^^^^^^^^^^^^^^^^^^^^^^^^^^^^^^^^^^^^^^^^^^^^^^^^^^^^^^^^^^^^^^^^^
  File "/home/admin/.local/lib/python3.11/site-packages/aiogram/dispatcher/router.py", line 141, in _wrapped
    return await self._propagate_event(
           ^^^^^^^^^^^^^^^^^^^^^^^^^^^^
  File "/home/admin/.local/lib/python3.11/site-packages/aiogram/dispatcher/router.py", line 166, in _propagate_event
    response = await observer.trigger(event, **kwargs)
               ^^^^^^^^^^^^^^^^^^^^^^^^^^^^^^^^^^^^^^^
  File "/home/admin/.local/lib/python3.11/site-packages/aiogram/dispatcher/event/telegram.py", line 121, in trigger
    return await wrapped_inner(event, kwargs)
           ^^^^^^^^^^^^^^^^^^^^^^^^^^^^^^^^^^
  File "/home/admin/.local/lib/python3.11/site-packages/aiogram/dispatcher/event/handler.py", line 43, in call
    return await wrapped()
           ^^^^^^^^^^^^^^^
  File "/home/admin/DLMaster/plugins/stats_plugin.py", line 35, in show_stats_callback
    logs = db.get_logs()
           ^^^^^^^^^^^
AttributeError: 'Database' object has no attribute 'get_logs'
2025.04.08 13:37:50 aiogram.event        INFO     Update id=511685569 is handled. Duration 6 ms by bot id=8095621527
2025.04.08 13:38:02 aiogram.event        INFO     Update id=511685570 is handled. Duration 1 ms by bot id=8095621527
2025.04.08 13:38:03 aiogram.event        INFO     Update id=511685571 is handled. Duration 1 ms by bot id=8095621527
2025.04.08 13:38:18 aiogram.event        INFO     Update id=511685572 is handled. Duration 4 ms by bot id=8095621527
2025.04.08 13:38:27 aiogram.event        INFO     Update id=511685573 is handled. Duration 1 ms by bot id=8095621527
2025.04.08 13:38:42 aiogram.event        INFO     Update id=511685574 is handled. Duration 1 ms by bot id=8095621527
2025.04.08 13:38:51 aiogram.event        INFO     Update id=511685575 is handled. Duration 1 ms by bot id=8095621527
2025.04.08 13:39:19 aiogram.event        INFO     Update id=511685576 is not handled. Duration 1 ms by bot id=8095621527
2025.04.08 13:39:22 aiogram.event        INFO     Update id=511685577 is handled. Duration 1 ms by bot id=8095621527
2025.04.08 13:40:24 aiogram.event        INFO     Update id=511685578 is handled. Duration 2 ms by bot id=8095621527
2025.04.08 13:40:27 aiogram.event        INFO     Update id=511685579 is handled. Duration 1 ms by bot id=8095621527
2025.04.08 13:40:33 aiogram.event        INFO     Update id=511685580 is handled. Duration 1 ms by bot id=8095621527
2025.04.08 13:40:41 aiogram.event        INFO     Update id=511685581 is handled. Duration 1 ms by bot id=8095621527
2025.04.08 13:41:03 aiogram.event        INFO     Update id=511685582 is handled. Duration 1 ms by bot id=8095621527
2025.04.08 13:41:17 aiogram.event        INFO     Update id=511685583 is handled. Duration 2 ms by bot id=8095621527
2025.04.08 13:41:29 aiogram.event        INFO     Update id=511685584 is handled. Duration 3 ms by bot id=8095621527
2025.04.08 13:41:41 aiogram.event        INFO     Update id=511685585 is handled. Duration 1 ms by bot id=8095621527
2025.04.08 13:42:28 aiogram.event        INFO     Update id=511685586 is handled. Duration 1 ms by bot id=8095621527
2025.04.08 13:42:48 aiogram.dispatcher   WARNING  Received SIGINT signal
2025.04.08 13:42:48 aiogram.dispatcher   INFO     Polling stopped for bot @dllmasterbot id=8095621527 - 'DLLMaster for Music'
2025.04.08 13:42:48 aiogram.dispatcher   INFO     Polling stopped
2025.04.08 13:42:48 __main__             INFO     🛑 Polling stopped
2025.04.08 13:42:48 __main__             INFO     🔴 Bot stopped
2025.04.08 13:42:54 dotenv.main          WARNING  python-dotenv could not parse statement starting at line 5
2025.04.08 13:42:54 __main__             INFO     🤖 Starting bot...
2025.04.08 13:42:54 __main__             INFO     🚀 Starting bot initialization...
2025.04.08 13:42:54 __main__             INFO     ✅ Database initialized successfully
2025.04.08 13:42:54 core.spotify_handler INFO     Spotify API connection established.
2025.04.08 13:42:54 __main__             INFO     ✅ Spotify service initialized
2025.04.08 13:42:54 core.webprofile      INFO     Seçilmiş User-Agent: Mozilla/5.0 (Linux; Android 14; SM-G998B) AppleWebKit/537.36 (KHTML, like Gecko) Chrome/122.0.0.0 Mobile Safari/537.36
2025.04.08 13:42:54 core.youtube_handler INFO     firefox brauzerindən cookies istifadə edilir.
2025.04.08 13:42:54 __main__             INFO     ✅ YouTube services initialized (firefox)
2025.04.08 13:42:54 __main__             INFO     🔌 Loading plugins...
2025.04.08 13:42:54 __main__             INFO     🔍 Scanning plugins in: plugins
2025.04.08 13:42:54 __main__             INFO     🔄 Loading: plugins.spotify_plugin
2025.04.08 13:42:54 __main__             INFO     ✅ Loaded (sync): plugins.spotify_plugin
2025.04.08 13:42:54 __main__             INFO     🔄 Loading: plugins.menu_plugin
2025.04.08 13:42:54 __main__             INFO     ✅ Loaded (sync): plugins.menu_plugin
2025.04.08 13:42:54 __main__             INFO     🔄 Loading: plugins.sudo_plugin
2025.04.08 13:42:54 __main__             INFO     ✅ Loaded (sync): plugins.sudo_plugin
2025.04.08 13:42:54 __main__             INFO     🔄 Loading: plugins.youtube_plugin
2025.04.08 13:42:54 __main__             INFO     ✅ Loaded (sync): plugins.youtube_plugin
2025.04.08 13:42:54 __main__             INFO     🔄 Loading: plugins.neofetch_plugin
2025.04.08 13:42:54 __main__             INFO     ✅ Loaded (sync): plugins.neofetch_plugin
2025.04.08 13:42:54 __main__             INFO     🔄 Loading: plugins.report_plugin
2025.04.08 13:42:54 __main__             INFO     ✅ Loaded (async): plugins.report_plugin
2025.04.08 13:42:54 __main__             INFO     🔄 Loading: plugins.del_plugin
2025.04.08 13:42:54 __main__             INFO     ✅ Loaded (sync): plugins.del_plugin
2025.04.08 13:42:54 __main__             INFO     🔄 Loading: plugins.music_plugin
2025.04.08 13:42:54 __main__             INFO     ✅ Loaded (sync): plugins.music_plugin
2025.04.08 13:42:54 __main__             INFO     🔄 Loading: plugins.start_plugin
2025.04.08 13:42:54 __main__             INFO     ✅ Loaded (async): plugins.start_plugin
2025.04.08 13:42:54 __main__             INFO     🔄 Loading: plugins.stats_plugin
2025.04.08 13:42:54 __main__             INFO     ✅ Loaded (sync): plugins.stats_plugin
2025.04.08 13:42:54 __main__             INFO     🔄 Loading: plugins.dir_plugin
2025.04.08 13:42:54 __main__             INFO     ✅ Loaded (sync): plugins.dir_plugin
2025.04.08 13:42:54 __main__             INFO     🔄 Loading: plugins.broadcast_plugin
2025.04.08 13:42:54 __main__             INFO     ✅ Loaded (sync): plugins.broadcast_plugin
2025.04.08 13:42:54 __main__             INFO     🔄 Loading: plugins.speedtest_plugin
2025.04.08 13:42:54 __main__             INFO     ✅ Loaded (sync): plugins.speedtest_plugin
2025.04.08 13:42:54 __main__             INFO     🔄 Loading: plugins.bot_logs
2025.04.08 13:42:54 __main__             INFO     ✅ Loaded (async): plugins.bot_logs
2025.04.08 13:42:54 __main__             INFO     🔄 Loading: plugins.inline_youtube
2025.04.08 13:42:54 plugins.inline_youtube INFO     ✅ YouTube plugin aktiv oldu
2025.04.08 13:42:54 __main__             INFO     ✅ Loaded (sync): plugins.inline_youtube
2025.04.08 13:42:54 __main__             INFO     🚀 Starting polling...
2025.04.08 13:42:54 aiogram.dispatcher   INFO     Start polling
2025.04.08 13:42:54 aiogram.dispatcher   INFO     Run polling for bot @dllmasterbot id=8095621527 - 'DLLMaster for Music'
2025.04.08 13:42:58 aiogram.event        INFO     Update id=511685587 is handled. Duration 149 ms by bot id=8095621527
2025.04.08 13:43:09 aiogram.event        INFO     Update id=511685588 is handled. Duration 73 ms by bot id=8095621527
2025.04.08 13:43:25 aiogram.event        INFO     Update id=511685589 is handled. Duration 2 ms by bot id=8095621527
2025.04.08 13:43:27 aiogram.event        INFO     Update id=511685590 is handled. Duration 94 ms by bot id=8095621527
2025.04.08 13:43:35 aiogram.event        INFO     Update id=511685592 is handled. Duration 1 ms by bot id=8095621527
2025.04.08 13:43:35 aiogram.event        INFO     Update id=511685591 is handled. Duration 2745 ms by bot id=8095621527
2025.04.08 13:43:40 aiogram.event        INFO     Update id=511685593 is handled. Duration 68 ms by bot id=8095621527
2025.04.08 13:43:44 aiogram.event        INFO     Update id=511685594 is handled. Duration 332 ms by bot id=8095621527
2025.04.08 13:43:50 aiogram.event        INFO     Update id=511685595 is handled. Duration 168 ms by bot id=8095621527
2025.04.08 13:43:56 aiogram.event        INFO     Update id=511685596 is handled. Duration 191 ms by bot id=8095621527
2025.04.08 13:43:57 aiogram.event        INFO     Update id=511685597 is handled. Duration 32 ms by bot id=8095621527
2025.04.08 13:43:57 aiogram.event        INFO     Update id=511685598 is handled. Duration 34 ms by bot id=8095621527
2025.04.08 13:43:58 aiogram.event        INFO     Update id=511685599 is handled. Duration 36 ms by bot id=8095621527
2025.04.08 13:43:59 aiogram.event        INFO     Update id=511685600 is handled. Duration 43 ms by bot id=8095621527
2025.04.08 13:44:01 aiogram.event        INFO     Update id=511685601 is handled. Duration 143 ms by bot id=8095621527
2025.04.08 13:44:04 aiogram.event        INFO     Update id=511685602 is handled. Duration 72 ms by bot id=8095621527
2025.04.08 13:44:04 aiogram.event        INFO     Update id=511685603 is handled. Duration 109 ms by bot id=8095621527
2025.04.08 13:44:12 aiogram.event        INFO     Update id=511685604 is handled. Duration 43 ms by bot id=8095621527
2025.04.08 13:44:14 aiogram.event        INFO     Update id=511685605 is handled. Duration 119 ms by bot id=8095621527
2025.04.08 13:45:09 aiogram.event        INFO     Update id=511685606 is not handled. Duration 2 ms by bot id=8095621527
2025.04.08 13:47:50 aiogram.event        INFO     Update id=511685607 is handled. Duration 2 ms by bot id=8095621527
2025.04.08 13:49:26 aiogram.event        INFO     Update id=511685608 is handled. Duration 1 ms by bot id=8095621527
2025.04.08 13:49:35 aiogram.event        INFO     Update id=511685609 is handled. Duration 1 ms by bot id=8095621527
2025.04.08 13:50:31 aiogram.event        INFO     Update id=511685610 is not handled. Duration 3 ms by bot id=8095621527
2025.04.08 13:50:32 aiogram.event        INFO     Update id=511685611 is not handled. Duration 2 ms by bot id=8095621527
2025.04.08 13:51:36 aiogram.event        INFO     Update id=511685612 is handled. Duration 2 ms by bot id=8095621527
2025.04.08 13:51:37 aiogram.event        INFO     Update id=511685613 is handled. Duration 3 ms by bot id=8095621527
2025.04.08 13:53:52 aiogram.event        INFO     Update id=511685614 is handled. Duration 1 ms by bot id=8095621527
2025.04.08 13:53:53 aiogram.event        INFO     Update id=511685615 is handled. Duration 1 ms by bot id=8095621527
2025.04.08 13:54:01 aiogram.event        INFO     Update id=511685616 is handled. Duration 2 ms by bot id=8095621527
2025.04.08 13:54:55 aiogram.event        INFO     Update id=511685617 is handled. Duration 1 ms by bot id=8095621527
2025.04.08 13:55:38 aiogram.event        INFO     Update id=511685618 is handled. Duration 1 ms by bot id=8095621527
2025.04.08 13:56:54 aiogram.event        INFO     Update id=511685619 is handled. Duration 3 ms by bot id=8095621527
2025.04.08 13:56:54 aiogram.event        INFO     Update id=511685620 is handled. Duration 3 ms by bot id=8095621527
2025.04.08 13:56:54 aiogram.event        INFO     Update id=511685621 is handled. Duration 3 ms by bot id=8095621527
2025.04.08 13:57:43 aiogram.event        INFO     Update id=511685622 is handled. Duration 1 ms by bot id=8095621527
2025.04.08 13:57:47 aiogram.event        INFO     Update id=511685623 is handled. Duration 2 ms by bot id=8095621527
2025.04.08 13:57:59 aiogram.event        INFO     Update id=511685624 is handled. Duration 2 ms by bot id=8095621527
2025.04.08 13:58:30 aiogram.event        INFO     Update id=511685625 is handled. Duration 1 ms by bot id=8095621527
2025.04.08 13:59:04 aiogram.event        INFO     Update id=511685626 is handled. Duration 2 ms by bot id=8095621527
2025.04.08 13:59:04 aiogram.event        INFO     Update id=511685627 is handled. Duration 2 ms by bot id=8095621527
2025.04.08 13:59:13 aiogram.event        INFO     Update id=511685628 is handled. Duration 4 ms by bot id=8095621527
2025.04.08 13:59:24 aiogram.event        INFO     Update id=511685629 is not handled. Duration 0 ms by bot id=8095621527
2025.04.08 13:59:32 aiogram.event        INFO     Update id=511685630 is handled. Duration 1 ms by bot id=8095621527
2025.04.08 13:59:33 aiogram.event        INFO     Update id=511685631 is handled. Duration 1 ms by bot id=8095621527
2025.04.08 13:59:34 aiogram.event        INFO     Update id=511685632 is handled. Duration 1 ms by bot id=8095621527
2025.04.08 13:59:40 aiogram.event        INFO     Update id=511685633 is not handled. Duration 0 ms by bot id=8095621527
2025.04.08 14:00:06 aiogram.event        INFO     Update id=511685634 is handled. Duration 3 ms by bot id=8095621527
2025.04.08 14:00:08 aiogram.event        INFO     Update id=511685635 is not handled. Duration 7 ms by bot id=8095621527
2025.04.08 14:00:25 aiogram.event        INFO     Update id=511685636 is handled. Duration 1 ms by bot id=8095621527
2025.04.08 14:00:34 aiogram.event        INFO     Update id=511685637 is handled. Duration 2 ms by bot id=8095621527
2025.04.08 14:00:42 aiogram.event        INFO     Update id=511685638 is handled. Duration 1 ms by bot id=8095621527
2025.04.08 14:00:42 aiogram.event        INFO     Update id=511685639 is handled. Duration 1 ms by bot id=8095621527
2025.04.08 14:00:44 aiogram.event        INFO     Update id=511685640 is handled. Duration 1 ms by bot id=8095621527
2025.04.08 14:00:46 aiogram.event        INFO     Update id=511685641 is handled. Duration 1 ms by bot id=8095621527
2025.04.08 14:00:48 aiogram.event        INFO     Update id=511685642 is handled. Duration 3 ms by bot id=8095621527
2025.04.08 14:00:50 aiogram.event        INFO     Update id=511685643 is handled. Duration 1 ms by bot id=8095621527
2025.04.08 14:00:52 aiogram.event        INFO     Update id=511685644 is handled. Duration 1 ms by bot id=8095621527
2025.04.08 14:00:54 aiogram.event        INFO     Update id=511685645 is handled. Duration 1 ms by bot id=8095621527
2025.04.08 14:00:56 aiogram.event        INFO     Update id=511685646 is handled. Duration 1 ms by bot id=8095621527
2025.04.08 14:00:59 aiogram.event        INFO     Update id=511685647 is handled. Duration 1 ms by bot id=8095621527
2025.04.08 14:01:01 aiogram.event        INFO     Update id=511685648 is handled. Duration 1 ms by bot id=8095621527
2025.04.08 14:01:01 aiogram.event        INFO     Update id=511685649 is handled. Duration 1 ms by bot id=8095621527
2025.04.08 14:01:03 aiogram.event        INFO     Update id=511685650 is handled. Duration 5 ms by bot id=8095621527
2025.04.08 14:01:05 aiogram.event        INFO     Update id=511685651 is handled. Duration 1 ms by bot id=8095621527
2025.04.08 14:01:07 aiogram.event        INFO     Update id=511685652 is handled. Duration 2 ms by bot id=8095621527
2025.04.08 14:01:09 aiogram.event        INFO     Update id=511685653 is handled. Duration 1 ms by bot id=8095621527
2025.04.08 14:01:11 aiogram.event        INFO     Update id=511685654 is handled. Duration 2 ms by bot id=8095621527
2025.04.08 14:01:13 aiogram.event        INFO     Update id=511685655 is handled. Duration 4 ms by bot id=8095621527
2025.04.08 14:01:15 aiogram.event        INFO     Update id=511685656 is handled. Duration 2 ms by bot id=8095621527
2025.04.08 14:01:17 aiogram.event        INFO     Update id=511685657 is handled. Duration 2 ms by bot id=8095621527
2025.04.08 14:01:18 aiogram.event        INFO     Update id=511685658 is handled. Duration 2 ms by bot id=8095621527
2025.04.08 14:01:19 aiogram.event        INFO     Update id=511685659 is handled. Duration 2 ms by bot id=8095621527
2025.04.08 14:01:21 aiogram.event        INFO     Update id=511685660 is handled. Duration 1 ms by bot id=8095621527
2025.04.08 14:01:23 aiogram.event        INFO     Update id=511685661 is handled. Duration 1 ms by bot id=8095621527
2025.04.08 14:01:25 aiogram.event        INFO     Update id=511685662 is handled. Duration 1 ms by bot id=8095621527
2025.04.08 14:01:27 aiogram.event        INFO     Update id=511685663 is handled. Duration 1 ms by bot id=8095621527
2025.04.08 14:01:29 aiogram.event        INFO     Update id=511685664 is handled. Duration 2 ms by bot id=8095621527
2025.04.08 14:01:31 aiogram.event        INFO     Update id=511685665 is handled. Duration 4 ms by bot id=8095621527
2025.04.08 14:01:33 aiogram.event        INFO     Update id=511685666 is handled. Duration 7 ms by bot id=8095621527
2025.04.08 14:01:35 aiogram.event        INFO     Update id=511685667 is handled. Duration 2 ms by bot id=8095621527
2025.04.08 14:01:37 aiogram.event        INFO     Update id=511685668 is handled. Duration 2 ms by bot id=8095621527
2025.04.08 14:01:40 aiogram.event        INFO     Update id=511685669 is handled. Duration 2 ms by bot id=8095621527
2025.04.08 14:01:42 aiogram.event        INFO     Update id=511685670 is handled. Duration 4 ms by bot id=8095621527
2025.04.08 14:01:43 aiogram.event        INFO     Update id=511685671 is handled. Duration 1 ms by bot id=8095621527
2025.04.08 14:01:44 aiogram.event        INFO     Update id=511685672 is handled. Duration 3 ms by bot id=8095621527
2025.04.08 14:01:46 aiogram.event        INFO     Update id=511685673 is handled. Duration 5 ms by bot id=8095621527
2025.04.08 14:01:46 aiogram.event        INFO     Update id=511685674 is handled. Duration 1 ms by bot id=8095621527
2025.04.08 14:01:48 aiogram.event        INFO     Update id=511685675 is handled. Duration 2 ms by bot id=8095621527
2025.04.08 14:01:50 aiogram.event        INFO     Update id=511685676 is handled. Duration 5 ms by bot id=8095621527
2025.04.08 14:01:52 aiogram.event        INFO     Update id=511685677 is handled. Duration 1 ms by bot id=8095621527
2025.04.08 14:01:54 aiogram.event        INFO     Update id=511685678 is handled. Duration 1 ms by bot id=8095621527
2025.04.08 14:01:56 aiogram.event        INFO     Update id=511685679 is handled. Duration 1 ms by bot id=8095621527
2025.04.08 14:01:58 aiogram.event        INFO     Update id=511685680 is handled. Duration 1 ms by bot id=8095621527
2025.04.08 14:02:00 aiogram.event        INFO     Update id=511685681 is handled. Duration 1 ms by bot id=8095621527
2025.04.08 14:02:02 aiogram.event        INFO     Update id=511685682 is handled. Duration 1 ms by bot id=8095621527
2025.04.08 14:02:04 aiogram.event        INFO     Update id=511685683 is handled. Duration 1 ms by bot id=8095621527
2025.04.08 14:02:06 aiogram.event        INFO     Update id=511685684 is handled. Duration 1 ms by bot id=8095621527
2025.04.08 14:02:07 aiogram.event        INFO     Update id=511685685 is handled. Duration 1 ms by bot id=8095621527
2025.04.08 14:02:08 aiogram.event        INFO     Update id=511685686 is handled. Duration 1 ms by bot id=8095621527
2025.04.08 14:02:10 aiogram.event        INFO     Update id=511685687 is handled. Duration 1 ms by bot id=8095621527
2025.04.08 14:02:10 aiogram.event        INFO     Update id=511685688 is handled. Duration 1 ms by bot id=8095621527
2025.04.08 14:02:12 aiogram.event        INFO     Update id=511685689 is handled. Duration 2 ms by bot id=8095621527
2025.04.08 14:02:14 aiogram.event        INFO     Update id=511685690 is handled. Duration 2 ms by bot id=8095621527
2025.04.08 14:02:15 aiogram.event        INFO     Update id=511685691 is handled. Duration 1 ms by bot id=8095621527
2025.04.08 14:02:15 aiogram.event        INFO     Update id=511685692 is handled. Duration 1 ms by bot id=8095621527
2025.04.08 14:02:16 aiogram.event        INFO     Update id=511685693 is handled. Duration 1 ms by bot id=8095621527
2025.04.08 14:02:18 aiogram.event        INFO     Update id=511685694 is not handled. Duration 2 ms by bot id=8095621527
2025.04.08 14:02:18 aiogram.event        INFO     Update id=511685695 is handled. Duration 2 ms by bot id=8095621527
2025.04.08 14:02:20 aiogram.event        INFO     Update id=511685696 is handled. Duration 2 ms by bot id=8095621527
2025.04.08 14:02:22 aiogram.event        INFO     Update id=511685697 is handled. Duration 1 ms by bot id=8095621527
2025.04.08 14:02:24 aiogram.event        INFO     Update id=511685698 is handled. Duration 2 ms by bot id=8095621527
2025.04.08 14:02:27 aiogram.event        INFO     Update id=511685699 is handled. Duration 1 ms by bot id=8095621527
2025.04.08 14:02:27 aiogram.event        INFO     Update id=511685700 is handled. Duration 1 ms by bot id=8095621527
2025.04.08 14:02:29 aiogram.event        INFO     Update id=511685701 is handled. Duration 1 ms by bot id=8095621527
2025.04.08 14:02:31 aiogram.event        INFO     Update id=511685702 is handled. Duration 1 ms by bot id=8095621527
2025.04.08 14:02:33 aiogram.event        INFO     Update id=511685703 is handled. Duration 1 ms by bot id=8095621527
2025.04.08 14:02:35 aiogram.event        INFO     Update id=511685704 is handled. Duration 1 ms by bot id=8095621527
2025.04.08 14:02:35 aiogram.event        INFO     Update id=511685705 is handled. Duration 1 ms by bot id=8095621527
2025.04.08 14:02:36 aiogram.event        INFO     Update id=511685706 is handled. Duration 1 ms by bot id=8095621527
2025.04.08 14:02:37 aiogram.event        INFO     Update id=511685707 is handled. Duration 1 ms by bot id=8095621527
2025.04.08 14:02:38 aiogram.event        INFO     Update id=511685708 is handled. Duration 1 ms by bot id=8095621527
2025.04.08 14:02:39 aiogram.event        INFO     Update id=511685709 is handled. Duration 1 ms by bot id=8095621527
2025.04.08 14:02:39 aiogram.event        INFO     Update id=511685710 is handled. Duration 1 ms by bot id=8095621527
2025.04.08 14:02:41 aiogram.event        INFO     Update id=511685711 is handled. Duration 1 ms by bot id=8095621527
2025.04.08 14:02:41 aiogram.event        INFO     Update id=511685712 is handled. Duration 1 ms by bot id=8095621527
2025.04.08 14:02:43 aiogram.event        INFO     Update id=511685713 is handled. Duration 2 ms by bot id=8095621527
2025.04.08 14:02:43 aiogram.event        INFO     Update id=511685714 is handled. Duration 6 ms by bot id=8095621527
2025.04.08 14:02:44 aiogram.event        INFO     Update id=511685715 is handled. Duration 2 ms by bot id=8095621527
2025.04.08 14:02:45 aiogram.event        INFO     Update id=511685716 is handled. Duration 1 ms by bot id=8095621527
2025.04.08 14:02:46 aiogram.event        INFO     Update id=511685717 is handled. Duration 2 ms by bot id=8095621527
2025.04.08 14:02:47 aiogram.event        INFO     Update id=511685718 is handled. Duration 3 ms by bot id=8095621527
2025.04.08 14:02:48 aiogram.event        INFO     Update id=511685719 is handled. Duration 4 ms by bot id=8095621527
2025.04.08 14:02:49 aiogram.event        INFO     Update id=511685720 is handled. Duration 2 ms by bot id=8095621527
2025.04.08 14:02:49 aiogram.event        INFO     Update id=511685721 is handled. Duration 1 ms by bot id=8095621527
2025.04.08 14:02:50 aiogram.event        INFO     Update id=511685722 is handled. Duration 3 ms by bot id=8095621527
2025.04.08 14:02:51 aiogram.event        INFO     Update id=511685723 is handled. Duration 1 ms by bot id=8095621527
2025.04.08 14:02:52 aiogram.event        INFO     Update id=511685724 is handled. Duration 2 ms by bot id=8095621527
2025.04.08 14:02:53 aiogram.event        INFO     Update id=511685725 is handled. Duration 1 ms by bot id=8095621527
2025.04.08 14:02:54 aiogram.event        INFO     Update id=511685726 is handled. Duration 2 ms by bot id=8095621527
2025.04.08 14:02:55 aiogram.event        INFO     Update id=511685727 is handled. Duration 1 ms by bot id=8095621527
2025.04.08 14:02:56 aiogram.event        INFO     Update id=511685728 is handled. Duration 2 ms by bot id=8095621527
2025.04.08 14:02:57 aiogram.event        INFO     Update id=511685729 is handled. Duration 2 ms by bot id=8095621527
2025.04.08 14:02:57 aiogram.event        INFO     Update id=511685730 is handled. Duration 2 ms by bot id=8095621527
2025.04.08 14:02:59 aiogram.event        INFO     Update id=511685731 is handled. Duration 1 ms by bot id=8095621527
2025.04.08 14:03:00 aiogram.event        INFO     Update id=511685732 is handled. Duration 2 ms by bot id=8095621527
2025.04.08 14:03:01 aiogram.event        INFO     Update id=511685733 is handled. Duration 2 ms by bot id=8095621527
2025.04.08 14:03:03 aiogram.event        INFO     Update id=511685734 is handled. Duration 1 ms by bot id=8095621527
2025.04.08 14:03:04 aiogram.event        INFO     Update id=511685735 is handled. Duration 1 ms by bot id=8095621527
2025.04.08 14:03:05 aiogram.event        INFO     Update id=511685736 is handled. Duration 2 ms by bot id=8095621527
2025.04.08 14:03:06 aiogram.event        INFO     Update id=511685737 is handled. Duration 3 ms by bot id=8095621527
2025.04.08 14:03:07 aiogram.event        INFO     Update id=511685738 is handled. Duration 7 ms by bot id=8095621527
2025.04.08 14:03:09 aiogram.event        INFO     Update id=511685739 is handled. Duration 1 ms by bot id=8095621527
2025.04.08 14:03:12 aiogram.event        INFO     Update id=511685740 is handled. Duration 2 ms by bot id=8095621527
2025.04.08 14:03:14 aiogram.event        INFO     Update id=511685741 is handled. Duration 3 ms by bot id=8095621527
2025.04.08 14:03:16 aiogram.event        INFO     Update id=511685742 is handled. Duration 1 ms by bot id=8095621527
2025.04.08 14:03:18 aiogram.event        INFO     Update id=511685743 is handled. Duration 2 ms by bot id=8095621527
2025.04.08 14:03:20 aiogram.event        INFO     Update id=511685744 is handled. Duration 7 ms by bot id=8095621527
2025.04.08 14:03:22 aiogram.event        INFO     Update id=511685745 is handled. Duration 2 ms by bot id=8095621527
2025.04.08 14:03:24 aiogram.event        INFO     Update id=511685746 is handled. Duration 1 ms by bot id=8095621527
2025.04.08 14:03:26 aiogram.event        INFO     Update id=511685747 is handled. Duration 1 ms by bot id=8095621527
2025.04.08 14:03:28 aiogram.event        INFO     Update id=511685748 is handled. Duration 1 ms by bot id=8095621527
2025.04.08 14:03:28 aiogram.event        INFO     Update id=511685749 is handled. Duration 1 ms by bot id=8095621527
2025.04.08 14:03:30 aiogram.event        INFO     Update id=511685750 is handled. Duration 1 ms by bot id=8095621527
2025.04.08 14:03:31 aiogram.event        INFO     Update id=511685751 is handled. Duration 2 ms by bot id=8095621527
2025.04.08 14:03:32 aiogram.event        INFO     Update id=511685752 is handled. Duration 1 ms by bot id=8095621527
2025.04.08 14:03:34 aiogram.event        INFO     Update id=511685753 is handled. Duration 1 ms by bot id=8095621527
2025.04.08 14:03:36 aiogram.event        INFO     Update id=511685754 is handled. Duration 6 ms by bot id=8095621527
2025.04.08 14:03:38 aiogram.event        INFO     Update id=511685755 is handled. Duration 2 ms by bot id=8095621527
2025.04.08 14:03:40 aiogram.event        INFO     Update id=511685756 is handled. Duration 2 ms by bot id=8095621527
2025.04.08 14:03:42 aiogram.event        INFO     Update id=511685757 is handled. Duration 5 ms by bot id=8095621527
2025.04.08 14:03:44 aiogram.event        INFO     Update id=511685758 is handled. Duration 1 ms by bot id=8095621527
2025.04.08 14:03:46 aiogram.event        INFO     Update id=511685759 is handled. Duration 1 ms by bot id=8095621527
2025.04.08 14:03:48 aiogram.event        INFO     Update id=511685760 is handled. Duration 3 ms by bot id=8095621527
2025.04.08 14:03:50 aiogram.event        INFO     Update id=511685761 is handled. Duration 2 ms by bot id=8095621527
2025.04.08 14:03:52 aiogram.event        INFO     Update id=511685762 is handled. Duration 3 ms by bot id=8095621527
2025.04.08 14:03:54 aiogram.event        INFO     Update id=511685763 is handled. Duration 6 ms by bot id=8095621527
2025.04.08 14:03:56 aiogram.event        INFO     Update id=511685764 is handled. Duration 1 ms by bot id=8095621527
2025.04.08 14:03:58 aiogram.event        INFO     Update id=511685765 is handled. Duration 1 ms by bot id=8095621527
2025.04.08 14:04:00 aiogram.event        INFO     Update id=511685766 is handled. Duration 1 ms by bot id=8095621527
2025.04.08 14:04:02 aiogram.dispatcher   ERROR    Failed to fetch updates - TelegramNetworkError: HTTP Client says - ServerDisconnectedError: Server disconnected
2025.04.08 14:04:02 aiogram.dispatcher   WARNING  Sleep for 1.000000 seconds and try again... (tryings = 0, bot id = 8095621527)
2025.04.08 14:04:02 aiogram.event        INFO     Update id=511685767 is handled. Duration 5 ms by bot id=8095621527
2025.04.08 14:04:05 aiogram.dispatcher   INFO     Connection established (tryings = 1, bot id = 8095621527)
2025.04.08 14:04:05 aiogram.event        INFO     Update id=511685768 is handled. Duration 3 ms by bot id=8095621527
2025.04.08 14:04:07 aiogram.event        INFO     Update id=511685769 is handled. Duration 2 ms by bot id=8095621527
2025.04.08 14:04:09 aiogram.event        INFO     Update id=511685770 is handled. Duration 14 ms by bot id=8095621527
2025.04.08 14:04:11 aiogram.event        INFO     Update id=511685771 is handled. Duration 1 ms by bot id=8095621527
2025.04.08 14:04:13 aiogram.event        INFO     Update id=511685772 is handled. Duration 1 ms by bot id=8095621527
2025.04.08 14:04:13 aiogram.event        INFO     Update id=511685773 is handled. Duration 1 ms by bot id=8095621527
2025.04.08 14:04:15 aiogram.event        INFO     Update id=511685774 is handled. Duration 2 ms by bot id=8095621527
2025.04.08 14:04:17 aiogram.event        INFO     Update id=511685775 is handled. Duration 2 ms by bot id=8095621527
2025.04.08 14:04:18 aiogram.event        INFO     Update id=511685776 is handled. Duration 1 ms by bot id=8095621527
2025.04.08 14:04:19 aiogram.event        INFO     Update id=511685777 is handled. Duration 1 ms by bot id=8095621527
2025.04.08 14:04:21 aiogram.event        INFO     Update id=511685778 is handled. Duration 1 ms by bot id=8095621527
2025.04.08 14:04:23 aiogram.event        INFO     Update id=511685779 is handled. Duration 2 ms by bot id=8095621527
2025.04.08 14:04:25 aiogram.event        INFO     Update id=511685780 is handled. Duration 1 ms by bot id=8095621527
2025.04.08 14:04:27 aiogram.event        INFO     Update id=511685781 is handled. Duration 1 ms by bot id=8095621527
2025.04.08 14:04:29 aiogram.event        INFO     Update id=511685782 is handled. Duration 2 ms by bot id=8095621527
2025.04.08 14:04:31 aiogram.event        INFO     Update id=511685783 is handled. Duration 1 ms by bot id=8095621527
2025.04.08 14:04:33 aiogram.event        INFO     Update id=511685784 is handled. Duration 3 ms by bot id=8095621527
2025.04.08 14:04:35 aiogram.event        INFO     Update id=511685785 is handled. Duration 1 ms by bot id=8095621527
2025.04.08 14:04:37 aiogram.event        INFO     Update id=511685786 is handled. Duration 1 ms by bot id=8095621527
2025.04.08 14:04:39 aiogram.event        INFO     Update id=511685787 is handled. Duration 2 ms by bot id=8095621527
2025.04.08 14:04:41 aiogram.event        INFO     Update id=511685788 is handled. Duration 1 ms by bot id=8095621527
2025.04.08 14:04:43 aiogram.dispatcher   ERROR    Failed to fetch updates - TelegramNetworkError: HTTP Client says - ServerDisconnectedError: Server disconnected
2025.04.08 14:04:43 aiogram.dispatcher   WARNING  Sleep for 1.000000 seconds and try again... (tryings = 0, bot id = 8095621527)
2025.04.08 14:04:43 aiogram.event        INFO     Update id=511685789 is handled. Duration 4 ms by bot id=8095621527
2025.04.08 14:04:45 aiogram.dispatcher   INFO     Connection established (tryings = 1, bot id = 8095621527)
2025.04.08 14:04:45 aiogram.event        INFO     Update id=511685790 is handled. Duration 1 ms by bot id=8095621527
2025.04.08 14:04:47 aiogram.event        INFO     Update id=511685791 is handled. Duration 13 ms by bot id=8095621527
2025.04.08 14:04:49 aiogram.event        INFO     Update id=511685792 is handled. Duration 1 ms by bot id=8095621527
2025.04.08 14:04:51 aiogram.event        INFO     Update id=511685793 is handled. Duration 2 ms by bot id=8095621527
2025.04.08 14:04:53 aiogram.event        INFO     Update id=511685794 is handled. Duration 3 ms by bot id=8095621527
2025.04.08 14:04:56 aiogram.event        INFO     Update id=511685795 is handled. Duration 2 ms by bot id=8095621527
2025.04.08 14:04:58 aiogram.event        INFO     Update id=511685796 is handled. Duration 1 ms by bot id=8095621527
2025.04.08 14:05:00 aiogram.event        INFO     Update id=511685797 is handled. Duration 5 ms by bot id=8095621527
2025.04.08 14:05:00 aiogram.event        INFO     Update id=511685798 is handled. Duration 1 ms by bot id=8095621527
2025.04.08 14:05:02 aiogram.event        INFO     Update id=511685799 is handled. Duration 1 ms by bot id=8095621527
2025.04.08 14:05:04 aiogram.event        INFO     Update id=511685800 is handled. Duration 2 ms by bot id=8095621527
2025.04.08 14:05:06 aiogram.dispatcher   ERROR    Failed to fetch updates - TelegramNetworkError: HTTP Client says - ServerDisconnectedError: Server disconnected
2025.04.08 14:05:06 aiogram.dispatcher   WARNING  Sleep for 1.000000 seconds and try again... (tryings = 0, bot id = 8095621527)
2025.04.08 14:05:06 aiogram.event        INFO     Update id=511685801 is handled. Duration 5 ms by bot id=8095621527
2025.04.08 14:05:08 aiogram.dispatcher   INFO     Connection established (tryings = 1, bot id = 8095621527)
2025.04.08 14:05:08 aiogram.event        INFO     Update id=511685802 is handled. Duration 1 ms by bot id=8095621527
2025.04.08 14:05:10 aiogram.dispatcher   ERROR    Failed to fetch updates - TelegramNetworkError: HTTP Client says - ServerDisconnectedError: Server disconnected
2025.04.08 14:05:10 aiogram.dispatcher   WARNING  Sleep for 1.000000 seconds and try again... (tryings = 0, bot id = 8095621527)
2025.04.08 14:05:10 aiogram.event        INFO     Update id=511685803 is handled. Duration 12 ms by bot id=8095621527
2025.04.08 14:05:12 aiogram.dispatcher   INFO     Connection established (tryings = 1, bot id = 8095621527)
2025.04.08 14:05:12 aiogram.event        INFO     Update id=511685804 is handled. Duration 1 ms by bot id=8095621527
2025.04.08 14:05:14 aiogram.event        INFO     Update id=511685805 is handled. Duration 1 ms by bot id=8095621527
2025.04.08 14:05:16 aiogram.event        INFO     Update id=511685806 is handled. Duration 2 ms by bot id=8095621527
2025.04.08 14:05:18 aiogram.event        INFO     Update id=511685807 is handled. Duration 2 ms by bot id=8095621527
2025.04.08 14:05:20 aiogram.event        INFO     Update id=511685808 is handled. Duration 1 ms by bot id=8095621527
2025.04.08 14:05:22 aiogram.event        INFO     Update id=511685809 is handled. Duration 1 ms by bot id=8095621527
2025.04.08 14:05:24 aiogram.event        INFO     Update id=511685810 is handled. Duration 1 ms by bot id=8095621527
2025.04.08 14:05:26 aiogram.event        INFO     Update id=511685811 is handled. Duration 1 ms by bot id=8095621527
2025.04.08 14:05:28 aiogram.event        INFO     Update id=511685812 is handled. Duration 2 ms by bot id=8095621527
2025.04.08 14:05:30 aiogram.event        INFO     Update id=511685813 is handled. Duration 2 ms by bot id=8095621527
2025.04.08 14:05:32 aiogram.event        INFO     Update id=511685814 is handled. Duration 1 ms by bot id=8095621527
2025.04.08 14:05:34 aiogram.event        INFO     Update id=511685815 is handled. Duration 1 ms by bot id=8095621527
2025.04.08 14:05:34 aiogram.event        INFO     Update id=511685816 is handled. Duration 4 ms by bot id=8095621527
2025.04.08 14:05:35 aiogram.event        INFO     Update id=511685817 is handled. Duration 1 ms by bot id=8095621527
2025.04.08 14:05:36 aiogram.event        INFO     Update id=511685818 is handled. Duration 1 ms by bot id=8095621527
2025.04.08 14:05:39 aiogram.event        INFO     Update id=511685819 is handled. Duration 1 ms by bot id=8095621527
2025.04.08 14:05:40 aiogram.event        INFO     Update id=511685820 is handled. Duration 2 ms by bot id=8095621527
2025.04.08 14:05:41 aiogram.event        INFO     Update id=511685821 is handled. Duration 1 ms by bot id=8095621527
2025.04.08 14:05:43 aiogram.event        INFO     Update id=511685822 is handled. Duration 3 ms by bot id=8095621527
2025.04.08 14:05:45 aiogram.event        INFO     Update id=511685823 is handled. Duration 1 ms by bot id=8095621527
2025.04.08 14:05:47 aiogram.event        INFO     Update id=511685824 is handled. Duration 3 ms by bot id=8095621527
2025.04.08 14:05:47 aiogram.event        INFO     Update id=511685825 is handled. Duration 1 ms by bot id=8095621527
2025.04.08 14:05:49 aiogram.event        INFO     Update id=511685826 is handled. Duration 7 ms by bot id=8095621527
2025.04.08 14:05:51 aiogram.event        INFO     Update id=511685827 is handled. Duration 3 ms by bot id=8095621527
2025.04.08 14:05:53 aiogram.event        INFO     Update id=511685828 is handled. Duration 1 ms by bot id=8095621527
2025.04.08 14:05:53 aiogram.event        INFO     Update id=511685829 is not handled. Duration 2 ms by bot id=8095621527
2025.04.08 14:05:55 aiogram.dispatcher   ERROR    Failed to fetch updates - TelegramNetworkError: HTTP Client says - ServerDisconnectedError: Server disconnected
2025.04.08 14:05:55 aiogram.dispatcher   WARNING  Sleep for 1.000000 seconds and try again... (tryings = 0, bot id = 8095621527)
2025.04.08 14:05:55 aiogram.event        INFO     Update id=511685830 is handled. Duration 3 ms by bot id=8095621527
2025.04.08 14:05:57 aiogram.dispatcher   INFO     Connection established (tryings = 1, bot id = 8095621527)
2025.04.08 14:05:57 aiogram.event        INFO     Update id=511685831 is handled. Duration 2 ms by bot id=8095621527
2025.04.08 14:05:59 aiogram.event        INFO     Update id=511685832 is handled. Duration 2 ms by bot id=8095621527
2025.04.08 14:06:01 aiogram.event        INFO     Update id=511685833 is handled. Duration 1 ms by bot id=8095621527
2025.04.08 14:06:03 aiogram.event        INFO     Update id=511685834 is handled. Duration 1 ms by bot id=8095621527
2025.04.08 14:06:05 aiogram.event        INFO     Update id=511685835 is handled. Duration 2 ms by bot id=8095621527
2025.04.08 14:06:07 aiogram.event        INFO     Update id=511685836 is handled. Duration 2 ms by bot id=8095621527
2025.04.08 14:06:09 aiogram.event        INFO     Update id=511685837 is handled. Duration 3 ms by bot id=8095621527
2025.04.08 14:06:11 aiogram.event        INFO     Update id=511685838 is handled. Duration 1 ms by bot id=8095621527
2025.04.08 14:06:13 aiogram.event        INFO     Update id=511685839 is handled. Duration 2 ms by bot id=8095621527
2025.04.08 14:06:15 aiogram.event        INFO     Update id=511685840 is handled. Duration 3 ms by bot id=8095621527
2025.04.08 14:06:17 aiogram.event        INFO     Update id=511685841 is handled. Duration 1 ms by bot id=8095621527
2025.04.08 14:06:17 aiogram.event        INFO     Update id=511685842 is handled. Duration 2 ms by bot id=8095621527
2025.04.08 14:06:19 aiogram.event        INFO     Update id=511685843 is handled. Duration 2 ms by bot id=8095621527
2025.04.08 14:06:21 aiogram.event        INFO     Update id=511685844 is handled. Duration 2 ms by bot id=8095621527
2025.04.08 14:06:23 aiogram.event        INFO     Update id=511685845 is handled. Duration 1 ms by bot id=8095621527
2025.04.08 14:06:25 aiogram.event        INFO     Update id=511685846 is handled. Duration 3 ms by bot id=8095621527
2025.04.08 14:06:27 aiogram.event        INFO     Update id=511685847 is handled. Duration 1 ms by bot id=8095621527
2025.04.08 14:06:29 aiogram.event        INFO     Update id=511685848 is handled. Duration 1 ms by bot id=8095621527
2025.04.08 14:06:31 aiogram.event        INFO     Update id=511685849 is handled. Duration 1 ms by bot id=8095621527
2025.04.08 14:06:33 aiogram.event        INFO     Update id=511685850 is handled. Duration 1 ms by bot id=8095621527
2025.04.08 14:06:35 aiogram.event        INFO     Update id=511685851 is handled. Duration 1 ms by bot id=8095621527
2025.04.08 14:06:37 aiogram.event        INFO     Update id=511685852 is handled. Duration 2 ms by bot id=8095621527
2025.04.08 14:06:39 aiogram.event        INFO     Update id=511685853 is handled. Duration 4 ms by bot id=8095621527
2025.04.08 14:06:41 aiogram.event        INFO     Update id=511685854 is handled. Duration 2 ms by bot id=8095621527
2025.04.08 14:06:43 aiogram.event        INFO     Update id=511685855 is handled. Duration 1 ms by bot id=8095621527
2025.04.08 14:06:45 aiogram.event        INFO     Update id=511685856 is handled. Duration 4 ms by bot id=8095621527
2025.04.08 14:06:48 aiogram.event        INFO     Update id=511685857 is handled. Duration 4 ms by bot id=8095621527
2025.04.08 14:06:50 aiogram.event        INFO     Update id=511685858 is handled. Duration 1 ms by bot id=8095621527
2025.04.08 14:06:52 aiogram.event        INFO     Update id=511685859 is handled. Duration 1 ms by bot id=8095621527
2025.04.08 14:06:54 aiogram.event        INFO     Update id=511685860 is handled. Duration 3 ms by bot id=8095621527
2025.04.08 14:06:56 aiogram.event        INFO     Update id=511685861 is handled. Duration 1 ms by bot id=8095621527
2025.04.08 14:06:58 aiogram.event        INFO     Update id=511685862 is handled. Duration 1 ms by bot id=8095621527
2025.04.08 14:07:00 aiogram.event        INFO     Update id=511685863 is handled. Duration 1 ms by bot id=8095621527
2025.04.08 14:07:02 aiogram.event        INFO     Update id=511685864 is handled. Duration 3 ms by bot id=8095621527
2025.04.08 14:07:04 aiogram.event        INFO     Update id=511685865 is handled. Duration 2 ms by bot id=8095621527
2025.04.08 14:07:06 aiogram.event        INFO     Update id=511685866 is handled. Duration 1 ms by bot id=8095621527
2025.04.08 14:07:08 aiogram.event        INFO     Update id=511685867 is handled. Duration 3 ms by bot id=8095621527
2025.04.08 14:07:10 aiogram.event        INFO     Update id=511685868 is handled. Duration 4 ms by bot id=8095621527
2025.04.08 14:07:12 aiogram.event        INFO     Update id=511685869 is handled. Duration 2 ms by bot id=8095621527
2025.04.08 14:07:14 aiogram.event        INFO     Update id=511685870 is handled. Duration 2 ms by bot id=8095621527
2025.04.08 14:07:16 aiogram.event        INFO     Update id=511685871 is handled. Duration 1 ms by bot id=8095621527
2025.04.08 14:07:18 aiogram.event        INFO     Update id=511685872 is handled. Duration 1 ms by bot id=8095621527
2025.04.08 14:07:20 aiogram.event        INFO     Update id=511685873 is handled. Duration 2 ms by bot id=8095621527
2025.04.08 14:07:22 aiogram.event        INFO     Update id=511685874 is handled. Duration 2 ms by bot id=8095621527
2025.04.08 14:07:24 aiogram.event        INFO     Update id=511685875 is not handled. Duration 4 ms by bot id=8095621527
2025.04.08 14:07:24 aiogram.event        INFO     Update id=511685876 is handled. Duration 1 ms by bot id=8095621527
2025.04.08 14:07:26 aiogram.event        INFO     Update id=511685877 is handled. Duration 1 ms by bot id=8095621527
2025.04.08 14:07:28 aiogram.event        INFO     Update id=511685878 is handled. Duration 1 ms by bot id=8095621527
2025.04.08 14:07:31 aiogram.event        INFO     Update id=511685879 is handled. Duration 1 ms by bot id=8095621527
2025.04.08 14:07:33 aiogram.event        INFO     Update id=511685880 is handled. Duration 1 ms by bot id=8095621527
2025.04.08 14:07:35 aiogram.event        INFO     Update id=511685881 is handled. Duration 2 ms by bot id=8095621527
2025.04.08 14:07:37 aiogram.event        INFO     Update id=511685882 is handled. Duration 21 ms by bot id=8095621527
2025.04.08 14:07:39 aiogram.event        INFO     Update id=511685883 is handled. Duration 6 ms by bot id=8095621527
2025.04.08 14:07:41 aiogram.event        INFO     Update id=511685884 is handled. Duration 1 ms by bot id=8095621527
2025.04.08 14:07:43 aiogram.event        INFO     Update id=511685885 is handled. Duration 2 ms by bot id=8095621527
2025.04.08 14:07:45 aiogram.event        INFO     Update id=511685886 is handled. Duration 2 ms by bot id=8095621527
2025.04.08 14:07:47 aiogram.event        INFO     Update id=511685887 is handled. Duration 3 ms by bot id=8095621527
2025.04.08 14:07:50 aiogram.event        INFO     Update id=511685888 is handled. Duration 5 ms by bot id=8095621527
2025.04.08 14:07:52 aiogram.event        INFO     Update id=511685889 is handled. Duration 7 ms by bot id=8095621527
2025.04.08 14:07:54 aiogram.event        INFO     Update id=511685890 is handled. Duration 1 ms by bot id=8095621527
2025.04.08 14:07:56 aiogram.event        INFO     Update id=511685891 is handled. Duration 2 ms by bot id=8095621527
2025.04.08 14:07:58 aiogram.event        INFO     Update id=511685892 is handled. Duration 3 ms by bot id=8095621527
2025.04.08 14:08:00 aiogram.event        INFO     Update id=511685893 is handled. Duration 2 ms by bot id=8095621527
2025.04.08 14:08:02 aiogram.event        INFO     Update id=511685894 is handled. Duration 2 ms by bot id=8095621527
2025.04.08 14:08:04 aiogram.event        INFO     Update id=511685895 is handled. Duration 2 ms by bot id=8095621527
2025.04.08 14:08:07 aiogram.event        INFO     Update id=511685896 is handled. Duration 2 ms by bot id=8095621527
2025.04.08 14:08:08 aiogram.event        INFO     Update id=511685897 is handled. Duration 2 ms by bot id=8095621527
2025.04.08 14:08:11 aiogram.event        INFO     Update id=511685898 is handled. Duration 3 ms by bot id=8095621527
2025.04.08 14:08:13 aiogram.event        INFO     Update id=511685899 is handled. Duration 1 ms by bot id=8095621527
2025.04.08 14:08:15 aiogram.event        INFO     Update id=511685900 is handled. Duration 1 ms by bot id=8095621527
2025.04.08 14:08:17 aiogram.event        INFO     Update id=511685901 is handled. Duration 1 ms by bot id=8095621527
2025.04.08 14:08:19 aiogram.event        INFO     Update id=511685902 is handled. Duration 1 ms by bot id=8095621527
2025.04.08 14:08:21 aiogram.event        INFO     Update id=511685903 is handled. Duration 2 ms by bot id=8095621527
2025.04.08 14:08:23 aiogram.event        INFO     Update id=511685904 is handled. Duration 4 ms by bot id=8095621527
2025.04.08 14:08:25 aiogram.event        INFO     Update id=511685905 is handled. Duration 6 ms by bot id=8095621527
2025.04.08 14:08:27 aiogram.event        INFO     Update id=511685906 is handled. Duration 1 ms by bot id=8095621527
2025.04.08 14:08:29 aiogram.event        INFO     Update id=511685907 is handled. Duration 1 ms by bot id=8095621527
2025.04.08 14:08:31 aiogram.event        INFO     Update id=511685908 is handled. Duration 3 ms by bot id=8095621527
2025.04.08 14:08:33 aiogram.event        INFO     Update id=511685909 is handled. Duration 2 ms by bot id=8095621527
2025.04.08 14:08:35 aiogram.event        INFO     Update id=511685910 is handled. Duration 2 ms by bot id=8095621527
2025.04.08 14:08:37 aiogram.event        INFO     Update id=511685911 is handled. Duration 5 ms by bot id=8095621527
2025.04.08 14:08:39 aiogram.event        INFO     Update id=511685912 is handled. Duration 4 ms by bot id=8095621527
2025.04.08 14:08:41 aiogram.event        INFO     Update id=511685913 is handled. Duration 2 ms by bot id=8095621527
2025.04.08 14:08:43 aiogram.event        INFO     Update id=511685914 is handled. Duration 4 ms by bot id=8095621527
2025.04.08 14:08:45 aiogram.event        INFO     Update id=511685915 is handled. Duration 1 ms by bot id=8095621527
2025.04.08 14:08:47 aiogram.event        INFO     Update id=511685916 is handled. Duration 7 ms by bot id=8095621527
2025.04.08 14:08:49 aiogram.event        INFO     Update id=511685917 is handled. Duration 1 ms by bot id=8095621527
2025.04.08 14:08:51 aiogram.event        INFO     Update id=511685918 is handled. Duration 2 ms by bot id=8095621527
2025.04.08 14:08:53 aiogram.event        INFO     Update id=511685919 is handled. Duration 2 ms by bot id=8095621527
2025.04.08 14:08:55 aiogram.event        INFO     Update id=511685920 is handled. Duration 1 ms by bot id=8095621527
2025.04.08 14:08:57 aiogram.event        INFO     Update id=511685921 is handled. Duration 1 ms by bot id=8095621527
2025.04.08 14:08:59 aiogram.event        INFO     Update id=511685922 is handled. Duration 1 ms by bot id=8095621527
2025.04.08 14:09:01 aiogram.event        INFO     Update id=511685923 is handled. Duration 1 ms by bot id=8095621527
2025.04.08 14:09:03 aiogram.event        INFO     Update id=511685924 is handled. Duration 3 ms by bot id=8095621527
2025.04.08 14:09:05 aiogram.event        INFO     Update id=511685925 is handled. Duration 3 ms by bot id=8095621527
2025.04.08 14:09:07 aiogram.event        INFO     Update id=511685926 is handled. Duration 1 ms by bot id=8095621527
2025.04.08 14:09:09 aiogram.event        INFO     Update id=511685927 is handled. Duration 6 ms by bot id=8095621527
2025.04.08 14:09:11 aiogram.event        INFO     Update id=511685928 is handled. Duration 1 ms by bot id=8095621527
2025.04.08 14:09:13 aiogram.event        INFO     Update id=511685929 is handled. Duration 6 ms by bot id=8095621527
2025.04.08 14:09:15 aiogram.event        INFO     Update id=511685930 is handled. Duration 16 ms by bot id=8095621527
2025.04.08 14:09:17 aiogram.event        INFO     Update id=511685931 is handled. Duration 1 ms by bot id=8095621527
2025.04.08 14:09:19 aiogram.event        INFO     Update id=511685932 is handled. Duration 1 ms by bot id=8095621527
2025.04.08 14:09:21 aiogram.event        INFO     Update id=511685933 is handled. Duration 1 ms by bot id=8095621527
2025.04.08 14:09:23 aiogram.event        INFO     Update id=511685934 is handled. Duration 3 ms by bot id=8095621527
2025.04.08 14:09:25 aiogram.event        INFO     Update id=511685935 is handled. Duration 7 ms by bot id=8095621527
2025.04.08 14:09:27 aiogram.event        INFO     Update id=511685936 is handled. Duration 3 ms by bot id=8095621527
2025.04.08 14:09:29 aiogram.event        INFO     Update id=511685937 is handled. Duration 2 ms by bot id=8095621527
2025.04.08 14:09:31 aiogram.event        INFO     Update id=511685938 is handled. Duration 1 ms by bot id=8095621527
2025.04.08 14:09:33 aiogram.event        INFO     Update id=511685939 is handled. Duration 1 ms by bot id=8095621527
2025.04.08 14:09:35 aiogram.event        INFO     Update id=511685940 is handled. Duration 1 ms by bot id=8095621527
2025.04.08 14:09:37 aiogram.event        INFO     Update id=511685941 is handled. Duration 12 ms by bot id=8095621527
2025.04.08 14:09:39 aiogram.event        INFO     Update id=511685942 is handled. Duration 2 ms by bot id=8095621527
2025.04.08 14:09:41 aiogram.event        INFO     Update id=511685943 is handled. Duration 5 ms by bot id=8095621527
2025.04.08 14:09:43 aiogram.event        INFO     Update id=511685944 is handled. Duration 4 ms by bot id=8095621527
2025.04.08 14:09:46 aiogram.event        INFO     Update id=511685945 is handled. Duration 2 ms by bot id=8095621527
2025.04.08 14:09:48 aiogram.event        INFO     Update id=511685946 is handled. Duration 1 ms by bot id=8095621527
2025.04.08 14:09:50 aiogram.event        INFO     Update id=511685947 is handled. Duration 2 ms by bot id=8095621527
2025.04.08 14:09:52 aiogram.event        INFO     Update id=511685948 is handled. Duration 1 ms by bot id=8095621527
2025.04.08 14:09:54 aiogram.event        INFO     Update id=511685949 is handled. Duration 2 ms by bot id=8095621527
2025.04.08 14:09:56 aiogram.event        INFO     Update id=511685950 is handled. Duration 8 ms by bot id=8095621527
2025.04.08 14:09:58 aiogram.event        INFO     Update id=511685951 is handled. Duration 3 ms by bot id=8095621527
2025.04.08 14:10:00 aiogram.event        INFO     Update id=511685952 is handled. Duration 4 ms by bot id=8095621527
2025.04.08 14:10:00 aiogram.event        INFO     Update id=511685953 is not handled. Duration 6 ms by bot id=8095621527
2025.04.08 14:10:02 aiogram.event        INFO     Update id=511685954 is handled. Duration 2 ms by bot id=8095621527
2025.04.08 14:10:04 aiogram.event        INFO     Update id=511685955 is handled. Duration 8 ms by bot id=8095621527
2025.04.08 14:10:06 aiogram.event        INFO     Update id=511685956 is handled. Duration 2 ms by bot id=8095621527
2025.04.08 14:10:08 aiogram.event        INFO     Update id=511685957 is handled. Duration 2 ms by bot id=8095621527
2025.04.08 14:10:10 aiogram.event        INFO     Update id=511685958 is handled. Duration 6 ms by bot id=8095621527
2025.04.08 14:10:12 aiogram.event        INFO     Update id=511685959 is handled. Duration 3 ms by bot id=8095621527
2025.04.08 14:10:14 aiogram.event        INFO     Update id=511685960 is handled. Duration 2 ms by bot id=8095621527
2025.04.08 14:10:16 aiogram.event        INFO     Update id=511685961 is handled. Duration 3 ms by bot id=8095621527
2025.04.08 14:10:18 aiogram.event        INFO     Update id=511685962 is handled. Duration 1 ms by bot id=8095621527
2025.04.08 14:10:20 aiogram.event        INFO     Update id=511685963 is handled. Duration 1 ms by bot id=8095621527
2025.04.08 14:10:22 aiogram.event        INFO     Update id=511685964 is handled. Duration 1 ms by bot id=8095621527
2025.04.08 14:10:24 aiogram.event        INFO     Update id=511685965 is handled. Duration 1 ms by bot id=8095621527
2025.04.08 14:10:26 aiogram.event        INFO     Update id=511685966 is handled. Duration 4 ms by bot id=8095621527
2025.04.08 14:10:28 aiogram.event        INFO     Update id=511685967 is handled. Duration 2 ms by bot id=8095621527
2025.04.08 14:10:30 aiogram.event        INFO     Update id=511685968 is handled. Duration 1 ms by bot id=8095621527
2025.04.08 14:10:32 aiogram.event        INFO     Update id=511685969 is handled. Duration 1 ms by bot id=8095621527
2025.04.08 14:10:34 aiogram.event        INFO     Update id=511685970 is handled. Duration 1 ms by bot id=8095621527
2025.04.08 14:10:36 aiogram.event        INFO     Update id=511685971 is handled. Duration 1 ms by bot id=8095621527
2025.04.08 14:10:38 aiogram.event        INFO     Update id=511685972 is handled. Duration 1 ms by bot id=8095621527
2025.04.08 14:10:41 aiogram.event        INFO     Update id=511685973 is handled. Duration 1 ms by bot id=8095621527
2025.04.08 14:10:43 aiogram.event        INFO     Update id=511685974 is handled. Duration 1 ms by bot id=8095621527
2025.04.08 14:10:45 aiogram.event        INFO     Update id=511685975 is handled. Duration 21 ms by bot id=8095621527
2025.04.08 14:10:47 aiogram.event        INFO     Update id=511685976 is handled. Duration 1 ms by bot id=8095621527
2025.04.08 14:10:49 aiogram.event        INFO     Update id=511685977 is handled. Duration 1 ms by bot id=8095621527
2025.04.08 14:10:51 aiogram.event        INFO     Update id=511685978 is handled. Duration 1 ms by bot id=8095621527
2025.04.08 14:10:53 aiogram.event        INFO     Update id=511685979 is handled. Duration 1 ms by bot id=8095621527
2025.04.08 14:10:55 aiogram.event        INFO     Update id=511685980 is handled. Duration 2 ms by bot id=8095621527
2025.04.08 14:10:57 aiogram.event        INFO     Update id=511685981 is handled. Duration 4 ms by bot id=8095621527
2025.04.08 14:10:59 aiogram.event        INFO     Update id=511685982 is handled. Duration 1 ms by bot id=8095621527
2025.04.08 14:11:01 aiogram.event        INFO     Update id=511685983 is handled. Duration 1 ms by bot id=8095621527
2025.04.08 14:11:03 aiogram.event        INFO     Update id=511685984 is handled. Duration 1 ms by bot id=8095621527
2025.04.08 14:11:03 aiogram.event        INFO     Update id=511685985 is not handled. Duration 1 ms by bot id=8095621527
2025.04.08 14:11:05 aiogram.event        INFO     Update id=511685986 is handled. Duration 1 ms by bot id=8095621527
2025.04.08 14:11:07 aiogram.event        INFO     Update id=511685987 is handled. Duration 1 ms by bot id=8095621527
2025.04.08 14:11:09 aiogram.event        INFO     Update id=511685988 is handled. Duration 1 ms by bot id=8095621527
2025.04.08 14:11:11 aiogram.event        INFO     Update id=511685989 is handled. Duration 1 ms by bot id=8095621527
2025.04.08 14:11:13 aiogram.event        INFO     Update id=511685990 is handled. Duration 1 ms by bot id=8095621527
2025.04.08 14:11:15 aiogram.event        INFO     Update id=511685991 is handled. Duration 2 ms by bot id=8095621527
2025.04.08 14:11:17 aiogram.event        INFO     Update id=511685992 is handled. Duration 2 ms by bot id=8095621527
2025.04.08 14:11:17 aiogram.event        INFO     Update id=511685993 is handled. Duration 2 ms by bot id=8095621527
2025.04.08 14:11:19 aiogram.event        INFO     Update id=511685994 is handled. Duration 6 ms by bot id=8095621527
2025.04.08 14:11:20 aiogram.event        INFO     Update id=511685995 is handled. Duration 2 ms by bot id=8095621527
2025.04.08 14:11:21 aiogram.event        INFO     Update id=511685996 is handled. Duration 2 ms by bot id=8095621527
2025.04.08 14:11:23 aiogram.event        INFO     Update id=511685997 is handled. Duration 1 ms by bot id=8095621527
2025.04.08 14:11:23 aiogram.event        INFO     Update id=511685998 is handled. Duration 1 ms by bot id=8095621527
2025.04.08 14:11:25 aiogram.event        INFO     Update id=511685999 is handled. Duration 2 ms by bot id=8095621527
2025.04.08 14:11:26 aiogram.event        INFO     Update id=511686000 is handled. Duration 1 ms by bot id=8095621527
2025.04.08 14:11:27 aiogram.event        INFO     Update id=511686001 is handled. Duration 1 ms by bot id=8095621527
2025.04.08 14:11:29 aiogram.event        INFO     Update id=511686002 is handled. Duration 2 ms by bot id=8095621527
2025.04.08 14:11:30 aiogram.event        INFO     Update id=511686003 is handled. Duration 2 ms by bot id=8095621527
2025.04.08 14:11:31 aiogram.event        INFO     Update id=511686004 is handled. Duration 2 ms by bot id=8095621527
2025.04.08 14:11:33 aiogram.event        INFO     Update id=511686005 is handled. Duration 1 ms by bot id=8095621527
2025.04.08 14:11:35 aiogram.event        INFO     Update id=511686006 is handled. Duration 2 ms by bot id=8095621527
2025.04.08 14:11:37 aiogram.event        INFO     Update id=511686007 is handled. Duration 1 ms by bot id=8095621527
2025.04.08 14:11:39 aiogram.event        INFO     Update id=511686008 is handled. Duration 2 ms by bot id=8095621527
2025.04.08 14:11:41 aiogram.event        INFO     Update id=511686009 is handled. Duration 2 ms by bot id=8095621527
2025.04.08 14:11:43 aiogram.event        INFO     Update id=511686010 is handled. Duration 1 ms by bot id=8095621527
2025.04.08 14:11:45 aiogram.event        INFO     Update id=511686011 is handled. Duration 2 ms by bot id=8095621527
2025.04.08 14:11:47 aiogram.event        INFO     Update id=511686012 is handled. Duration 1 ms by bot id=8095621527
2025.04.08 14:11:49 aiogram.event        INFO     Update id=511686013 is handled. Duration 1 ms by bot id=8095621527
2025.04.08 14:11:51 aiogram.event        INFO     Update id=511686014 is handled. Duration 1 ms by bot id=8095621527
2025.04.08 14:11:54 aiogram.event        INFO     Update id=511686015 is handled. Duration 1 ms by bot id=8095621527
2025.04.08 14:11:56 aiogram.event        INFO     Update id=511686016 is handled. Duration 1 ms by bot id=8095621527
2025.04.08 14:11:58 aiogram.event        INFO     Update id=511686017 is handled. Duration 2 ms by bot id=8095621527
2025.04.08 14:12:00 aiogram.event        INFO     Update id=511686018 is handled. Duration 1 ms by bot id=8095621527
2025.04.08 14:12:02 aiogram.event        INFO     Update id=511686019 is handled. Duration 2 ms by bot id=8095621527
2025.04.08 14:12:04 aiogram.event        INFO     Update id=511686020 is handled. Duration 1 ms by bot id=8095621527
2025.04.08 14:12:06 aiogram.event        INFO     Update id=511686021 is handled. Duration 2 ms by bot id=8095621527
2025.04.08 14:12:08 aiogram.event        INFO     Update id=511686022 is handled. Duration 2 ms by bot id=8095621527
2025.04.08 14:12:10 aiogram.event        INFO     Update id=511686023 is handled. Duration 3 ms by bot id=8095621527
2025.04.08 14:12:12 aiogram.event        INFO     Update id=511686024 is handled. Duration 2 ms by bot id=8095621527
2025.04.08 14:12:14 aiogram.event        INFO     Update id=511686025 is handled. Duration 1 ms by bot id=8095621527
2025.04.08 14:12:16 aiogram.event        INFO     Update id=511686026 is handled. Duration 1 ms by bot id=8095621527
2025.04.08 14:12:18 aiogram.event        INFO     Update id=511686027 is handled. Duration 2 ms by bot id=8095621527
2025.04.08 14:12:20 aiogram.event        INFO     Update id=511686028 is handled. Duration 1 ms by bot id=8095621527
2025.04.08 14:12:22 aiogram.event        INFO     Update id=511686029 is handled. Duration 2 ms by bot id=8095621527
2025.04.08 14:12:24 aiogram.event        INFO     Update id=511686030 is handled. Duration 3 ms by bot id=8095621527
2025.04.08 14:12:26 aiogram.event        INFO     Update id=511686031 is handled. Duration 1 ms by bot id=8095621527
2025.04.08 14:12:28 aiogram.event        INFO     Update id=511686032 is handled. Duration 4 ms by bot id=8095621527
2025.04.08 14:12:30 aiogram.event        INFO     Update id=511686033 is handled. Duration 3 ms by bot id=8095621527
2025.04.08 14:12:32 aiogram.event        INFO     Update id=511686034 is handled. Duration 1 ms by bot id=8095621527
2025.04.08 14:12:34 aiogram.event        INFO     Update id=511686035 is handled. Duration 1 ms by bot id=8095621527
2025.04.08 14:12:36 aiogram.event        INFO     Update id=511686036 is handled. Duration 3 ms by bot id=8095621527
2025.04.08 14:12:39 aiogram.event        INFO     Update id=511686037 is handled. Duration 1 ms by bot id=8095621527
2025.04.08 14:12:41 aiogram.event        INFO     Update id=511686038 is handled. Duration 2 ms by bot id=8095621527
2025.04.08 14:12:43 aiogram.event        INFO     Update id=511686039 is handled. Duration 1 ms by bot id=8095621527
2025.04.08 14:12:45 aiogram.event        INFO     Update id=511686040 is handled. Duration 8 ms by bot id=8095621527
2025.04.08 14:12:47 aiogram.event        INFO     Update id=511686041 is handled. Duration 1 ms by bot id=8095621527
2025.04.08 14:12:49 aiogram.event        INFO     Update id=511686042 is handled. Duration 2 ms by bot id=8095621527
2025.04.08 14:12:51 aiogram.event        INFO     Update id=511686043 is handled. Duration 2 ms by bot id=8095621527
2025.04.08 14:12:53 aiogram.event        INFO     Update id=511686044 is handled. Duration 2 ms by bot id=8095621527
2025.04.08 14:12:55 aiogram.event        INFO     Update id=511686045 is handled. Duration 10 ms by bot id=8095621527
2025.04.08 14:12:56 aiogram.event        INFO     Update id=511686046 is not handled. Duration 0 ms by bot id=8095621527
2025.04.08 14:12:57 aiogram.event        INFO     Update id=511686047 is handled. Duration 1 ms by bot id=8095621527
2025.04.08 14:12:59 aiogram.event        INFO     Update id=511686048 is handled. Duration 1 ms by bot id=8095621527
2025.04.08 14:13:01 aiogram.event        INFO     Update id=511686049 is handled. Duration 1 ms by bot id=8095621527
2025.04.08 14:13:03 aiogram.event        INFO     Update id=511686050 is handled. Duration 2 ms by bot id=8095621527
2025.04.08 14:13:04 aiogram.event        INFO     Update id=511686051 is handled. Duration 2 ms by bot id=8095621527
2025.04.08 14:13:05 aiogram.event        INFO     Update id=511686052 is handled. Duration 2 ms by bot id=8095621527
2025.04.08 14:13:07 aiogram.event        INFO     Update id=511686053 is handled. Duration 1 ms by bot id=8095621527
2025.04.08 14:13:08 aiogram.event        INFO     Update id=511686054 is handled. Duration 1 ms by bot id=8095621527
2025.04.08 14:13:09 aiogram.event        INFO     Update id=511686055 is handled. Duration 2 ms by bot id=8095621527
2025.04.08 14:13:11 aiogram.event        INFO     Update id=511686056 is handled. Duration 2 ms by bot id=8095621527
2025.04.08 14:13:13 aiogram.event        INFO     Update id=511686057 is handled. Duration 4 ms by bot id=8095621527
2025.04.08 14:13:15 aiogram.event        INFO     Update id=511686058 is handled. Duration 2 ms by bot id=8095621527
2025.04.08 14:13:17 aiogram.event        INFO     Update id=511686059 is handled. Duration 1 ms by bot id=8095621527
2025.04.08 14:13:19 aiogram.event        INFO     Update id=511686060 is handled. Duration 1 ms by bot id=8095621527
2025.04.08 14:13:21 aiogram.event        INFO     Update id=511686061 is handled. Duration 3 ms by bot id=8095621527
2025.04.08 14:13:23 aiogram.event        INFO     Update id=511686062 is handled. Duration 3 ms by bot id=8095621527
2025.04.08 14:13:25 aiogram.event        INFO     Update id=511686063 is handled. Duration 1 ms by bot id=8095621527
2025.04.08 14:13:26 aiogram.event        INFO     Update id=511686064 is handled. Duration 3 ms by bot id=8095621527
2025.04.08 14:13:27 aiogram.event        INFO     Update id=511686065 is handled. Duration 2 ms by bot id=8095621527
2025.04.08 14:13:29 aiogram.event        INFO     Update id=511686066 is handled. Duration 2 ms by bot id=8095621527
2025.04.08 14:13:30 aiogram.event        INFO     Update id=511686067 is handled. Duration 2 ms by bot id=8095621527
2025.04.08 14:13:31 aiogram.event        INFO     Update id=511686068 is handled. Duration 2 ms by bot id=8095621527
2025.04.08 14:13:33 aiogram.event        INFO     Update id=511686069 is handled. Duration 2 ms by bot id=8095621527
2025.04.08 14:13:35 aiogram.event        INFO     Update id=511686070 is handled. Duration 3 ms by bot id=8095621527
2025.04.08 14:13:37 aiogram.event        INFO     Update id=511686071 is handled. Duration 3 ms by bot id=8095621527
2025.04.08 14:13:39 aiogram.event        INFO     Update id=511686072 is handled. Duration 1 ms by bot id=8095621527
2025.04.08 14:13:41 aiogram.event        INFO     Update id=511686073 is handled. Duration 3 ms by bot id=8095621527
2025.04.08 14:13:43 aiogram.event        INFO     Update id=511686074 is handled. Duration 1 ms by bot id=8095621527
2025.04.08 14:13:45 aiogram.event        INFO     Update id=511686075 is handled. Duration 2 ms by bot id=8095621527
2025.04.08 14:13:47 aiogram.event        INFO     Update id=511686076 is handled. Duration 1 ms by bot id=8095621527
2025.04.08 14:13:49 aiogram.event        INFO     Update id=511686077 is handled. Duration 2 ms by bot id=8095621527
2025.04.08 14:13:51 aiogram.event        INFO     Update id=511686078 is handled. Duration 4 ms by bot id=8095621527
2025.04.08 14:13:53 aiogram.event        INFO     Update id=511686079 is handled. Duration 1 ms by bot id=8095621527
2025.04.08 14:13:55 aiogram.event        INFO     Update id=511686080 is handled. Duration 1 ms by bot id=8095621527
2025.04.08 14:13:58 aiogram.event        INFO     Update id=511686081 is handled. Duration 1 ms by bot id=8095621527
2025.04.08 14:14:00 aiogram.event        INFO     Update id=511686082 is handled. Duration 3 ms by bot id=8095621527
2025.04.08 14:14:02 aiogram.event        INFO     Update id=511686083 is handled. Duration 2 ms by bot id=8095621527
2025.04.08 14:14:04 aiogram.event        INFO     Update id=511686084 is handled. Duration 14 ms by bot id=8095621527
2025.04.08 14:14:06 aiogram.event        INFO     Update id=511686085 is handled. Duration 1 ms by bot id=8095621527
2025.04.08 14:14:08 aiogram.event        INFO     Update id=511686086 is handled. Duration 2 ms by bot id=8095621527
2025.04.08 14:14:10 aiogram.event        INFO     Update id=511686087 is handled. Duration 1 ms by bot id=8095621527
2025.04.08 14:14:12 aiogram.event        INFO     Update id=511686088 is handled. Duration 2 ms by bot id=8095621527
2025.04.08 14:14:14 aiogram.event        INFO     Update id=511686089 is handled. Duration 1 ms by bot id=8095621527
2025.04.08 14:14:16 aiogram.event        INFO     Update id=511686090 is handled. Duration 2 ms by bot id=8095621527
2025.04.08 14:14:18 aiogram.event        INFO     Update id=511686091 is handled. Duration 3 ms by bot id=8095621527
2025.04.08 14:14:20 aiogram.event        INFO     Update id=511686092 is handled. Duration 1 ms by bot id=8095621527
2025.04.08 14:14:22 aiogram.event        INFO     Update id=511686093 is handled. Duration 1 ms by bot id=8095621527
2025.04.08 14:14:24 aiogram.event        INFO     Update id=511686094 is handled. Duration 4 ms by bot id=8095621527
2025.04.08 14:14:25 aiogram.event        INFO     Update id=511686095 is handled. Duration 1 ms by bot id=8095621527
2025.04.08 14:14:26 aiogram.event        INFO     Update id=511686096 is handled. Duration 3 ms by bot id=8095621527
2025.04.08 14:14:28 aiogram.event        INFO     Update id=511686097 is handled. Duration 2 ms by bot id=8095621527
2025.04.08 14:14:30 aiogram.event        INFO     Update id=511686098 is handled. Duration 1 ms by bot id=8095621527
2025.04.08 14:14:32 aiogram.event        INFO     Update id=511686099 is handled. Duration 2 ms by bot id=8095621527
2025.04.08 14:14:34 aiogram.event        INFO     Update id=511686100 is handled. Duration 1 ms by bot id=8095621527
2025.04.08 14:14:35 aiogram.event        INFO     Update id=511686101 is handled. Duration 11 ms by bot id=8095621527
2025.04.08 14:14:36 aiogram.event        INFO     Update id=511686102 is handled. Duration 15 ms by bot id=8095621527
2025.04.08 14:14:37 aiogram.event        INFO     Update id=511686103 is handled. Duration 1 ms by bot id=8095621527
2025.04.08 14:14:38 aiogram.event        INFO     Update id=511686104 is handled. Duration 1 ms by bot id=8095621527
2025.04.08 14:14:40 aiogram.event        INFO     Update id=511686105 is handled. Duration 22 ms by bot id=8095621527
2025.04.08 14:14:43 aiogram.event        INFO     Update id=511686106 is handled. Duration 6 ms by bot id=8095621527
2025.04.08 14:14:45 aiogram.event        INFO     Update id=511686107 is handled. Duration 4 ms by bot id=8095621527
2025.04.08 14:14:47 aiogram.event        INFO     Update id=511686108 is handled. Duration 1 ms by bot id=8095621527
2025.04.08 14:14:49 aiogram.event        INFO     Update id=511686109 is handled. Duration 1 ms by bot id=8095621527
2025.04.08 14:14:51 aiogram.event        INFO     Update id=511686110 is handled. Duration 17 ms by bot id=8095621527
2025.04.08 14:14:53 aiogram.event        INFO     Update id=511686111 is handled. Duration 2 ms by bot id=8095621527
2025.04.08 14:14:55 aiogram.event        INFO     Update id=511686112 is handled. Duration 1 ms by bot id=8095621527
2025.04.08 14:14:56 aiogram.event        INFO     Update id=511686113 is handled. Duration 2 ms by bot id=8095621527
2025.04.08 14:14:57 aiogram.event        INFO     Update id=511686114 is handled. Duration 1 ms by bot id=8095621527
2025.04.08 14:14:59 aiogram.event        INFO     Update id=511686115 is handled. Duration 1 ms by bot id=8095621527
2025.04.08 14:15:01 aiogram.event        INFO     Update id=511686116 is handled. Duration 2 ms by bot id=8095621527
2025.04.08 14:15:03 aiogram.event        INFO     Update id=511686117 is handled. Duration 3 ms by bot id=8095621527
2025.04.08 14:15:05 aiogram.event        INFO     Update id=511686118 is handled. Duration 1 ms by bot id=8095621527
2025.04.08 14:15:07 aiogram.event        INFO     Update id=511686119 is handled. Duration 5 ms by bot id=8095621527
2025.04.08 14:15:09 aiogram.event        INFO     Update id=511686120 is not handled. Duration 0 ms by bot id=8095621527
2025.04.08 14:15:09 aiogram.event        INFO     Update id=511686121 is handled. Duration 3 ms by bot id=8095621527
2025.04.08 14:15:11 aiogram.event        INFO     Update id=511686122 is handled. Duration 4 ms by bot id=8095621527
2025.04.08 14:15:11 aiogram.event        INFO     Update id=511686123 is handled. Duration 2 ms by bot id=8095621527
2025.04.08 14:15:13 aiogram.event        INFO     Update id=511686124 is handled. Duration 1 ms by bot id=8095621527
2025.04.08 14:15:15 aiogram.event        INFO     Update id=511686125 is handled. Duration 1 ms by bot id=8095621527
2025.04.08 14:15:17 aiogram.event        INFO     Update id=511686126 is handled. Duration 2 ms by bot id=8095621527
2025.04.08 14:15:19 aiogram.event        INFO     Update id=511686127 is handled. Duration 1 ms by bot id=8095621527
2025.04.08 14:15:20 aiogram.event        INFO     Update id=511686128 is not handled. Duration 1 ms by bot id=8095621527
2025.04.08 14:15:21 aiogram.event        INFO     Update id=511686129 is handled. Duration 2 ms by bot id=8095621527
2025.04.08 14:15:21 aiogram.event        INFO     Update id=511686130 is handled. Duration 19 ms by bot id=8095621527
2025.04.08 14:15:23 aiogram.event        INFO     Update id=511686131 is handled. Duration 2 ms by bot id=8095621527
2025.04.08 14:15:25 aiogram.event        INFO     Update id=511686132 is handled. Duration 1 ms by bot id=8095621527
2025.04.08 14:15:27 aiogram.event        INFO     Update id=511686133 is handled. Duration 1 ms by bot id=8095621527
2025.04.08 14:15:29 aiogram.event        INFO     Update id=511686134 is handled. Duration 1 ms by bot id=8095621527
2025.04.08 14:15:29 aiogram.event        INFO     Update id=511686135 is handled. Duration 1 ms by bot id=8095621527
2025.04.08 14:15:31 aiogram.event        INFO     Update id=511686136 is handled. Duration 1 ms by bot id=8095621527
2025.04.08 14:15:34 aiogram.event        INFO     Update id=511686137 is handled. Duration 1 ms by bot id=8095621527
2025.04.08 14:15:36 aiogram.event        INFO     Update id=511686138 is handled. Duration 3 ms by bot id=8095621527
2025.04.08 14:15:38 aiogram.event        INFO     Update id=511686139 is handled. Duration 2 ms by bot id=8095621527
2025.04.08 14:15:40 aiogram.event        INFO     Update id=511686140 is handled. Duration 16 ms by bot id=8095621527
2025.04.08 14:15:42 aiogram.event        INFO     Update id=511686141 is handled. Duration 4 ms by bot id=8095621527
2025.04.08 14:15:44 aiogram.event        INFO     Update id=511686142 is handled. Duration 4 ms by bot id=8095621527
2025.04.08 14:15:46 aiogram.event        INFO     Update id=511686143 is handled. Duration 1 ms by bot id=8095621527
2025.04.08 14:15:48 aiogram.event        INFO     Update id=511686144 is handled. Duration 1 ms by bot id=8095621527
2025.04.08 14:15:50 aiogram.event        INFO     Update id=511686145 is handled. Duration 1 ms by bot id=8095621527
2025.04.08 14:15:52 aiogram.event        INFO     Update id=511686146 is handled. Duration 1 ms by bot id=8095621527
2025.04.08 14:15:54 aiogram.event        INFO     Update id=511686147 is handled. Duration 1 ms by bot id=8095621527
2025.04.08 14:15:56 aiogram.event        INFO     Update id=511686148 is handled. Duration 5 ms by bot id=8095621527
2025.04.08 14:15:58 aiogram.event        INFO     Update id=511686149 is handled. Duration 11 ms by bot id=8095621527
2025.04.08 14:16:00 aiogram.event        INFO     Update id=511686150 is handled. Duration 1 ms by bot id=8095621527
2025.04.08 14:16:02 aiogram.event        INFO     Update id=511686151 is handled. Duration 2 ms by bot id=8095621527
2025.04.08 14:16:04 aiogram.event        INFO     Update id=511686152 is handled. Duration 1 ms by bot id=8095621527
2025.04.08 14:16:05 aiogram.event        INFO     Update id=511686153 is handled. Duration 4 ms by bot id=8095621527
2025.04.08 14:16:06 aiogram.event        INFO     Update id=511686154 is handled. Duration 2 ms by bot id=8095621527
2025.04.08 14:16:08 aiogram.event        INFO     Update id=511686155 is handled. Duration 1 ms by bot id=8095621527
2025.04.08 14:16:10 aiogram.event        INFO     Update id=511686156 is handled. Duration 2 ms by bot id=8095621527
2025.04.08 14:16:12 aiogram.event        INFO     Update id=511686157 is handled. Duration 1 ms by bot id=8095621527
2025.04.08 14:16:14 aiogram.event        INFO     Update id=511686158 is handled. Duration 2 ms by bot id=8095621527
2025.04.08 14:16:16 aiogram.event        INFO     Update id=511686159 is handled. Duration 1 ms by bot id=8095621527
2025.04.08 14:16:18 aiogram.event        INFO     Update id=511686160 is handled. Duration 3 ms by bot id=8095621527
2025.04.08 14:16:20 aiogram.event        INFO     Update id=511686161 is handled. Duration 1 ms by bot id=8095621527
2025.04.08 14:16:22 aiogram.event        INFO     Update id=511686162 is handled. Duration 1 ms by bot id=8095621527
2025.04.08 14:16:24 aiogram.event        INFO     Update id=511686163 is handled. Duration 5 ms by bot id=8095621527
2025.04.08 14:16:26 aiogram.event        INFO     Update id=511686164 is handled. Duration 3 ms by bot id=8095621527
2025.04.08 14:16:28 aiogram.event        INFO     Update id=511686165 is handled. Duration 5 ms by bot id=8095621527
2025.04.08 14:16:30 aiogram.event        INFO     Update id=511686166 is handled. Duration 3 ms by bot id=8095621527
2025.04.08 14:16:32 aiogram.event        INFO     Update id=511686167 is handled. Duration 3 ms by bot id=8095621527
2025.04.08 14:16:34 aiogram.event        INFO     Update id=511686168 is handled. Duration 2 ms by bot id=8095621527
2025.04.08 14:16:36 aiogram.event        INFO     Update id=511686169 is handled. Duration 2 ms by bot id=8095621527
2025.04.08 14:16:38 aiogram.event        INFO     Update id=511686170 is handled. Duration 4 ms by bot id=8095621527
2025.04.08 14:16:41 aiogram.event        INFO     Update id=511686171 is handled. Duration 4 ms by bot id=8095621527
2025.04.08 14:16:43 aiogram.event        INFO     Update id=511686172 is handled. Duration 1 ms by bot id=8095621527
2025.04.08 14:16:45 aiogram.event        INFO     Update id=511686173 is handled. Duration 4 ms by bot id=8095621527
2025.04.08 14:16:47 aiogram.event        INFO     Update id=511686174 is handled. Duration 5 ms by bot id=8095621527
2025.04.08 14:16:49 aiogram.event        INFO     Update id=511686175 is handled. Duration 2 ms by bot id=8095621527
2025.04.08 14:16:51 aiogram.event        INFO     Update id=511686176 is handled. Duration 2 ms by bot id=8095621527
2025.04.08 14:16:53 aiogram.event        INFO     Update id=511686177 is handled. Duration 2 ms by bot id=8095621527
2025.04.08 14:16:55 aiogram.event        INFO     Update id=511686178 is handled. Duration 2 ms by bot id=8095621527
2025.04.08 14:16:57 aiogram.event        INFO     Update id=511686179 is handled. Duration 1 ms by bot id=8095621527
2025.04.08 14:16:59 aiogram.event        INFO     Update id=511686180 is handled. Duration 1 ms by bot id=8095621527
2025.04.08 14:17:01 aiogram.event        INFO     Update id=511686181 is handled. Duration 3 ms by bot id=8095621527
2025.04.08 14:17:03 aiogram.event        INFO     Update id=511686182 is handled. Duration 3 ms by bot id=8095621527
2025.04.08 14:17:05 aiogram.event        INFO     Update id=511686183 is handled. Duration 1 ms by bot id=8095621527
2025.04.08 14:17:07 aiogram.event        INFO     Update id=511686184 is handled. Duration 2 ms by bot id=8095621527
2025.04.08 14:17:09 aiogram.event        INFO     Update id=511686185 is handled. Duration 2 ms by bot id=8095621527
2025.04.08 14:17:11 aiogram.event        INFO     Update id=511686186 is handled. Duration 2 ms by bot id=8095621527
2025.04.08 14:17:14 aiogram.event        INFO     Update id=511686187 is handled. Duration 1 ms by bot id=8095621527
2025.04.08 14:17:16 aiogram.event        INFO     Update id=511686188 is handled. Duration 2 ms by bot id=8095621527
2025.04.08 14:17:16 aiogram.event        INFO     Update id=511686189 is handled. Duration 2 ms by bot id=8095621527
2025.04.08 14:17:18 aiogram.event        INFO     Update id=511686190 is handled. Duration 2 ms by bot id=8095621527
2025.04.08 14:17:20 aiogram.event        INFO     Update id=511686191 is handled. Duration 2 ms by bot id=8095621527
2025.04.08 14:17:22 aiogram.event        INFO     Update id=511686192 is handled. Duration 2 ms by bot id=8095621527
2025.04.08 14:17:24 aiogram.event        INFO     Update id=511686193 is handled. Duration 2 ms by bot id=8095621527
2025.04.08 14:17:26 aiogram.event        INFO     Update id=511686194 is handled. Duration 1 ms by bot id=8095621527
2025.04.08 14:17:28 aiogram.event        INFO     Update id=511686195 is handled. Duration 2 ms by bot id=8095621527
2025.04.08 14:17:30 aiogram.event        INFO     Update id=511686196 is handled. Duration 1 ms by bot id=8095621527
2025.04.08 14:17:32 aiogram.event        INFO     Update id=511686197 is handled. Duration 3 ms by bot id=8095621527
2025.04.08 14:17:34 aiogram.event        INFO     Update id=511686198 is handled. Duration 2 ms by bot id=8095621527
2025.04.08 14:17:36 aiogram.event        INFO     Update id=511686199 is handled. Duration 1 ms by bot id=8095621527
2025.04.08 14:18:19 aiogram.event        INFO     Update id=511686201 is handled. Duration 2 ms by bot id=8095621527
2025.04.08 14:18:19 aiogram.event        INFO     Update id=511686200 is handled. Duration 3 ms by bot id=8095621527
2025.04.08 14:18:36 aiogram.event        INFO     Update id=511686202 is handled. Duration 2 ms by bot id=8095621527
2025.04.08 14:18:56 aiogram.event        INFO     Update id=511686203 is handled. Duration 1 ms by bot id=8095621527
2025.04.08 14:19:06 aiogram.event        INFO     Update id=511686204 is not handled. Duration 4 ms by bot id=8095621527
2025.04.08 14:19:14 aiogram.event        INFO     Update id=511686205 is handled. Duration 1 ms by bot id=8095621527
2025.04.08 14:19:17 aiogram.event        INFO     Update id=511686206 is handled. Duration 1 ms by bot id=8095621527
2025.04.08 14:19:20 aiogram.event        INFO     Update id=511686207 is handled. Duration 1 ms by bot id=8095621527
2025.04.08 14:19:28 aiogram.event        INFO     Update id=511686208 is handled. Duration 2 ms by bot id=8095621527
2025.04.08 14:22:58 aiogram.event        INFO     Update id=511686209 is not handled. Duration 0 ms by bot id=8095621527
2025.04.08 14:23:44 aiogram.event        INFO     Update id=511686210 is handled. Duration 1 ms by bot id=8095621527
2025.04.08 14:24:28 aiogram.event        INFO     Update id=511686211 is handled. Duration 1 ms by bot id=8095621527
2025.04.08 14:24:52 aiogram.event        INFO     Update id=511686212 is handled. Duration 2 ms by bot id=8095621527
2025.04.08 14:24:54 aiogram.event        INFO     Update id=511686213 is handled. Duration 1 ms by bot id=8095621527
2025.04.08 14:24:59 aiogram.event        INFO     Update id=511686214 is handled. Duration 21 ms by bot id=8095621527
2025.04.08 14:25:24 aiogram.event        INFO     Update id=511686215 is handled. Duration 2 ms by bot id=8095621527
2025.04.08 14:25:27 aiogram.event        INFO     Update id=511686216 is handled. Duration 2 ms by bot id=8095621527
2025.04.08 14:26:09 aiogram.event        INFO     Update id=511686217 is handled. Duration 1 ms by bot id=8095621527
2025.04.08 14:26:28 aiogram.event        INFO     Update id=511686218 is handled. Duration 1 ms by bot id=8095621527
2025.04.08 14:26:39 aiogram.event        INFO     Update id=511686219 is handled. Duration 3 ms by bot id=8095621527
2025.04.08 14:26:56 aiogram.event        INFO     Update id=511686220 is handled. Duration 2 ms by bot id=8095621527
2025.04.08 14:27:00 aiogram.event        INFO     Update id=511686221 is handled. Duration 2 ms by bot id=8095621527
2025.04.08 14:27:15 aiogram.event        INFO     Update id=511686222 is handled. Duration 1 ms by bot id=8095621527
2025.04.08 14:27:16 aiogram.event        INFO     Update id=511686223 is handled. Duration 1 ms by bot id=8095621527
2025.04.08 14:27:17 aiogram.event        INFO     Update id=511686224 is handled. Duration 7 ms by bot id=8095621527
2025.04.08 14:29:46 aiogram.event        INFO     Update id=511686225 is not handled. Duration 0 ms by bot id=8095621527
2025.04.08 14:33:57 aiogram.event        INFO     Update id=511686226 is handled. Duration 15 ms by bot id=8095621527
2025.04.08 14:33:57 aiogram.event        INFO     Update id=511686227 is handled. Duration 15 ms by bot id=8095621527
2025.04.08 14:33:57 aiogram.event        INFO     Update id=511686228 is handled. Duration 15 ms by bot id=8095621527
2025.04.08 14:34:48 aiogram.event        INFO     Update id=511686229 is not handled. Duration 0 ms by bot id=8095621527
2025.04.08 14:34:52 aiogram.event        INFO     Update id=511686230 is handled. Duration 1 ms by bot id=8095621527
2025.04.08 14:35:01 aiogram.event        INFO     Update id=511686231 is handled. Duration 9 ms by bot id=8095621527
2025.04.08 14:35:01 aiogram.event        INFO     Update id=511686232 is handled. Duration 9 ms by bot id=8095621527
2025.04.08 14:35:01 aiogram.event        INFO     Update id=511686233 is handled. Duration 10 ms by bot id=8095621527
2025.04.08 14:35:39 aiogram.dispatcher   WARNING  Received SIGINT signal
2025.04.08 14:35:39 aiogram.dispatcher   INFO     Polling stopped for bot @dllmasterbot id=8095621527 - 'DLLMaster for Music'
2025.04.08 14:35:39 aiogram.dispatcher   INFO     Polling stopped
2025.04.08 14:35:39 __main__             INFO     🛑 Polling stopped
2025.04.08 14:35:39 __main__             INFO     🔴 Bot stopped
2025.04.08 14:35:46 dotenv.main          WARNING  python-dotenv could not parse statement starting at line 5
2025.04.08 14:35:46 __main__             INFO     🤖 Starting bot...
2025.04.08 14:35:46 __main__             INFO     🚀 Starting bot initialization...
2025.04.08 14:35:46 __main__             ERROR    ❌ Database initialization failed: connection to server at "*" (::1), port 5432 failed: FATAL:  password authentication failed for user "admin"
connection to server at "*" (::1), port 5432 failed: FATAL:  password authentication failed for user "admin"

2025.04.08 14:35:46 core.spotify_handler INFO     Spotify API connection established.
2025.04.08 14:35:46 __main__             INFO     ✅ Spotify service initialized
2025.04.08 14:35:46 core.webprofile      INFO     Seçilmiş User-Agent: Mozilla/5.0 (iPhone; CPU iPhone OS 17_2 like Mac OS X) AppleWebKit/605.1.15 (KHTML, like Gecko) Version/17.2 Mobile/15E148 Safari/604.1
2025.04.08 14:35:46 core.youtube_handler INFO     firefox brauzerindən cookies istifadə edilir.
2025.04.08 14:35:46 __main__             INFO     ✅ YouTube services initialized (firefox)
2025.04.08 14:35:46 __main__             INFO     🔌 Loading plugins...
2025.04.08 14:35:46 __main__             INFO     🔍 Scanning plugins in: plugins
2025.04.08 14:35:46 __main__             INFO     🔄 Loading: plugins.spotify_plugin
2025.04.08 14:35:46 __main__             INFO     ✅ Loaded (sync): plugins.spotify_plugin
2025.04.08 14:35:46 __main__             INFO     🔄 Loading: plugins.menu_plugin
2025.04.08 14:35:46 __main__             INFO     ✅ Loaded (sync): plugins.menu_plugin
2025.04.08 14:35:46 __main__             INFO     🔄 Loading: plugins.sudo_plugin
2025.04.08 14:35:46 __main__             INFO     ✅ Loaded (sync): plugins.sudo_plugin
2025.04.08 14:35:46 __main__             INFO     🔄 Loading: plugins.youtube_plugin
2025.04.08 14:35:46 __main__             INFO     ✅ Loaded (sync): plugins.youtube_plugin
2025.04.08 14:35:46 __main__             INFO     🔄 Loading: plugins.neofetch_plugin
2025.04.08 14:35:47 __main__             INFO     ✅ Loaded (sync): plugins.neofetch_plugin
2025.04.08 14:35:47 __main__             INFO     🔄 Loading: plugins.report_plugin
2025.04.08 14:35:47 __main__             INFO     ✅ Loaded (async): plugins.report_plugin
2025.04.08 14:35:47 __main__             INFO     🔄 Loading: plugins.del_plugin
2025.04.08 14:35:47 __main__             INFO     ✅ Loaded (sync): plugins.del_plugin
2025.04.08 14:35:47 __main__             INFO     🔄 Loading: plugins.music_plugin
2025.04.08 14:35:47 __main__             INFO     ✅ Loaded (sync): plugins.music_plugin
2025.04.08 14:35:47 __main__             INFO     🔄 Loading: plugins.start_plugin
2025.04.08 14:35:47 __main__             INFO     ✅ Loaded (async): plugins.start_plugin
2025.04.08 14:35:47 __main__             INFO     🔄 Loading: plugins.stats_plugin
2025.04.08 14:35:47 __main__             INFO     ✅ Loaded (sync): plugins.stats_plugin
2025.04.08 14:35:47 __main__             INFO     🔄 Loading: plugins.dir_plugin
2025.04.08 14:35:47 __main__             INFO     ✅ Loaded (sync): plugins.dir_plugin
2025.04.08 14:35:47 __main__             INFO     🔄 Loading: plugins.broadcast_plugin
2025.04.08 14:35:47 __main__             INFO     ✅ Loaded (sync): plugins.broadcast_plugin
2025.04.08 14:35:47 __main__             INFO     🔄 Loading: plugins.speedtest_plugin
2025.04.08 14:35:47 __main__             INFO     ✅ Loaded (sync): plugins.speedtest_plugin
2025.04.08 14:35:47 __main__             INFO     🔄 Loading: plugins.bot_logs
2025.04.08 14:35:47 __main__             INFO     ✅ Loaded (async): plugins.bot_logs
2025.04.08 14:35:47 __main__             INFO     🔄 Loading: plugins.inline_youtube
2025.04.08 14:35:47 plugins.inline_youtube INFO     ✅ YouTube plugin aktiv oldu
2025.04.08 14:35:47 __main__             INFO     ✅ Loaded (sync): plugins.inline_youtube
2025.04.08 14:35:47 __main__             INFO     🚀 Starting polling...
2025.04.08 14:35:47 aiogram.dispatcher   INFO     Start polling
2025.04.08 14:35:47 aiogram.dispatcher   INFO     Run polling for bot @dllmasterbot id=8095621527 - 'DLLMaster for Music'
2025.04.08 14:36:06 aiogram.event        INFO     Update id=511686234 is handled. Duration 3 ms by bot id=8095621527
2025.04.08 14:36:41 aiogram.event        INFO     Update id=511686235 is handled. Duration 4 ms by bot id=8095621527
2025.04.08 14:37:51 aiogram.event        INFO     Update id=511686236 is handled. Duration 2 ms by bot id=8095621527
2025.04.08 14:38:58 aiogram.dispatcher   WARNING  Received SIGINT signal
2025.04.08 14:38:58 aiogram.dispatcher   INFO     Polling stopped for bot @dllmasterbot id=8095621527 - 'DLLMaster for Music'
2025.04.08 14:38:58 aiogram.dispatcher   INFO     Polling stopped
2025.04.08 14:38:58 __main__             INFO     🛑 Polling stopped
2025.04.08 14:38:58 __main__             INFO     🔴 Bot stopped
2025.04.08 14:39:07 dotenv.main          WARNING  python-dotenv could not parse statement starting at line 5
2025.04.08 14:39:07 __main__             INFO     🤖 Starting bot...
2025.04.08 14:39:07 __main__             INFO     🚀 Starting bot initialization...
2025.04.08 14:39:07 __main__             ERROR    ❌ Database initialization failed: permission denied for schema public
LINE 2:             CREATE TABLE IF NOT EXISTS users (
                                               ^

2025.04.08 14:39:07 core.spotify_handler INFO     Spotify API connection established.
2025.04.08 14:39:07 __main__             INFO     ✅ Spotify service initialized
2025.04.08 14:39:07 core.webprofile      INFO     Seçilmiş User-Agent: Mozilla/5.0 (Linux; Android 14; SM-G998B) AppleWebKit/537.36 (KHTML, like Gecko) Chrome/122.0.0.0 Mobile Safari/537.36
2025.04.08 14:39:07 core.youtube_handler INFO     firefox brauzerindən cookies istifadə edilir.
2025.04.08 14:39:07 __main__             INFO     ✅ YouTube services initialized (firefox)
2025.04.08 14:39:07 __main__             INFO     🔌 Loading plugins...
2025.04.08 14:39:07 __main__             INFO     🔍 Scanning plugins in: plugins
2025.04.08 14:39:07 __main__             INFO     🔄 Loading: plugins.spotify_plugin
2025.04.08 14:39:07 __main__             INFO     ✅ Loaded (sync): plugins.spotify_plugin
2025.04.08 14:39:07 __main__             INFO     🔄 Loading: plugins.menu_plugin
2025.04.08 14:39:07 __main__             INFO     ✅ Loaded (sync): plugins.menu_plugin
2025.04.08 14:39:07 __main__             INFO     🔄 Loading: plugins.sudo_plugin
2025.04.08 14:39:07 __main__             INFO     ✅ Loaded (sync): plugins.sudo_plugin
2025.04.08 14:39:07 __main__             INFO     🔄 Loading: plugins.youtube_plugin
2025.04.08 14:39:07 __main__             INFO     ✅ Loaded (sync): plugins.youtube_plugin
2025.04.08 14:39:07 __main__             INFO     🔄 Loading: plugins.neofetch_plugin
2025.04.08 14:39:07 __main__             INFO     ✅ Loaded (sync): plugins.neofetch_plugin
2025.04.08 14:39:07 __main__             INFO     🔄 Loading: plugins.report_plugin
2025.04.08 14:39:07 __main__             INFO     ✅ Loaded (async): plugins.report_plugin
2025.04.08 14:39:07 __main__             INFO     🔄 Loading: plugins.del_plugin
2025.04.08 14:39:07 __main__             INFO     ✅ Loaded (sync): plugins.del_plugin
2025.04.08 14:39:07 __main__             INFO     🔄 Loading: plugins.music_plugin
2025.04.08 14:39:07 __main__             INFO     ✅ Loaded (sync): plugins.music_plugin
2025.04.08 14:39:07 __main__             INFO     🔄 Loading: plugins.start_plugin
2025.04.08 14:39:07 __main__             INFO     ✅ Loaded (async): plugins.start_plugin
2025.04.08 14:39:07 __main__             INFO     🔄 Loading: plugins.stats_plugin
2025.04.08 14:39:07 __main__             INFO     ✅ Loaded (sync): plugins.stats_plugin
2025.04.08 14:39:07 __main__             INFO     🔄 Loading: plugins.dir_plugin
2025.04.08 14:39:07 __main__             INFO     ✅ Loaded (sync): plugins.dir_plugin
2025.04.08 14:39:07 __main__             INFO     🔄 Loading: plugins.broadcast_plugin
2025.04.08 14:39:07 __main__             INFO     ✅ Loaded (sync): plugins.broadcast_plugin
2025.04.08 14:39:07 __main__             INFO     🔄 Loading: plugins.speedtest_plugin
2025.04.08 14:39:07 __main__             INFO     ✅ Loaded (sync): plugins.speedtest_plugin
2025.04.08 14:39:07 __main__             INFO     🔄 Loading: plugins.bot_logs
2025.04.08 14:39:07 __main__             INFO     ✅ Loaded (async): plugins.bot_logs
2025.04.08 14:39:07 __main__             INFO     🔄 Loading: plugins.inline_youtube
2025.04.08 14:39:07 plugins.inline_youtube INFO     ✅ YouTube plugin aktiv oldu
2025.04.08 14:39:07 __main__             INFO     ✅ Loaded (sync): plugins.inline_youtube
2025.04.08 14:39:07 __main__             INFO     🚀 Starting polling...
2025.04.08 14:39:07 aiogram.dispatcher   INFO     Start polling
2025.04.08 14:39:07 aiogram.dispatcher   INFO     Run polling for bot @dllmasterbot id=8095621527 - 'DLLMaster for Music'
2025.04.08 14:40:02 aiogram.event        INFO     Update id=511686237 is handled. Duration 3 ms by bot id=8095621527
2025.04.08 14:40:06 aiogram.event        INFO     Update id=511686238 is handled. Duration 1 ms by bot id=8095621527
2025.04.08 14:40:06 aiogram.event        INFO     Update id=511686239 is handled. Duration 2 ms by bot id=8095621527
2025.04.08 14:40:45 aiogram.event        INFO     Update id=511686240 is handled. Duration 1 ms by bot id=8095621527
2025.04.08 14:40:58 aiogram.event        INFO     Update id=511686241 is handled. Duration 1 ms by bot id=8095621527
2025.04.08 14:41:00 aiogram.event        INFO     Update id=511686242 is handled. Duration 2 ms by bot id=8095621527
2025.04.08 14:41:02 aiogram.event        INFO     Update id=511686243 is handled. Duration 159 ms by bot id=8095621527
2025.04.08 14:41:04 aiogram.event        INFO     Update id=511686244 is not handled. Duration 4 ms by bot id=8095621527
2025.04.08 14:41:04 aiogram.event        ERROR    Cause exception while process update id=511686244 by bot id=8095621527
AttributeError: 'NoneType' object has no attribute 'get_all_users'
Traceback (most recent call last):
  File "/home/admin/.local/lib/python3.11/site-packages/aiogram/dispatcher/dispatcher.py", line 309, in _process_update
    response = await self.feed_update(bot, update, **kwargs)
               ^^^^^^^^^^^^^^^^^^^^^^^^^^^^^^^^^^^^^^^^^^^^^
  File "/home/admin/.local/lib/python3.11/site-packages/aiogram/dispatcher/dispatcher.py", line 158, in feed_update
    response = await self.update.wrap_outer_middleware(
               ^^^^^^^^^^^^^^^^^^^^^^^^^^^^^^^^^^^^^^^^
  File "/home/admin/.local/lib/python3.11/site-packages/aiogram/dispatcher/middlewares/error.py", line 25, in __call__
    return await handler(event, data)
           ^^^^^^^^^^^^^^^^^^^^^^^^^^
  File "/home/admin/.local/lib/python3.11/site-packages/aiogram/dispatcher/middlewares/user_context.py", line 56, in __call__
    return await handler(event, data)
           ^^^^^^^^^^^^^^^^^^^^^^^^^^
  File "/home/admin/.local/lib/python3.11/site-packages/aiogram/fsm/middleware.py", line 42, in __call__
    return await handler(event, data)
           ^^^^^^^^^^^^^^^^^^^^^^^^^^
  File "/home/admin/.local/lib/python3.11/site-packages/aiogram/dispatcher/event/telegram.py", line 121, in trigger
    return await wrapped_inner(event, kwargs)
           ^^^^^^^^^^^^^^^^^^^^^^^^^^^^^^^^^^
  File "/home/admin/.local/lib/python3.11/site-packages/aiogram/dispatcher/event/handler.py", line 43, in call
    return await wrapped()
           ^^^^^^^^^^^^^^^
  File "/home/admin/.local/lib/python3.11/site-packages/aiogram/dispatcher/dispatcher.py", line 276, in _listen_update
    return await self.propagate_event(update_type=update_type, event=event, **kwargs)
           ^^^^^^^^^^^^^^^^^^^^^^^^^^^^^^^^^^^^^^^^^^^^^^^^^^^^^^^^^^^^^^^^^^^^^^^^^^
  File "/home/admin/.local/lib/python3.11/site-packages/aiogram/dispatcher/router.py", line 146, in propagate_event
    return await observer.wrap_outer_middleware(_wrapped, event=event, data=kwargs)
           ^^^^^^^^^^^^^^^^^^^^^^^^^^^^^^^^^^^^^^^^^^^^^^^^^^^^^^^^^^^^^^^^^^^^^^^^
  File "/home/admin/.local/lib/python3.11/site-packages/aiogram/dispatcher/router.py", line 141, in _wrapped
    return await self._propagate_event(
           ^^^^^^^^^^^^^^^^^^^^^^^^^^^^
  File "/home/admin/.local/lib/python3.11/site-packages/aiogram/dispatcher/router.py", line 166, in _propagate_event
    response = await observer.trigger(event, **kwargs)
               ^^^^^^^^^^^^^^^^^^^^^^^^^^^^^^^^^^^^^^^
  File "/home/admin/.local/lib/python3.11/site-packages/aiogram/dispatcher/event/telegram.py", line 121, in trigger
    return await wrapped_inner(event, kwargs)
           ^^^^^^^^^^^^^^^^^^^^^^^^^^^^^^^^^^
  File "/home/admin/.local/lib/python3.11/site-packages/aiogram/dispatcher/event/handler.py", line 43, in call
    return await wrapped()
           ^^^^^^^^^^^^^^^
  File "/home/admin/DLMaster/plugins/stats_plugin.py", line 33, in show_stats_callback
    users = db.get_all_users()
            ^^^^^^^^^^^^^^^^
AttributeError: 'NoneType' object has no attribute 'get_all_users'
2025.04.08 14:41:07 aiogram.event        INFO     Update id=511686245 is handled. Duration 1 ms by bot id=8095621527
2025.04.08 14:41:08 aiogram.event        INFO     Update id=511686246 is handled. Duration 6 ms by bot id=8095621527
2025.04.08 14:41:08 aiogram.event        INFO     Update id=511686247 is handled. Duration 1 ms by bot id=8095621527
2025.04.08 14:41:13 aiogram.event        INFO     Update id=511686248 is handled. Duration 10 ms by bot id=8095621527
2025.04.08 14:41:21 aiogram.event        INFO     Update id=511686249 is handled. Duration 1 ms by bot id=8095621527
2025.04.08 14:41:24 aiogram.event        INFO     Update id=511686250 is handled. Duration 3 ms by bot id=8095621527
2025.04.08 14:41:26 aiogram.event        INFO     Update id=511686251 is handled. Duration 1 ms by bot id=8095621527
2025.04.08 14:41:27 aiogram.event        INFO     Update id=511686252 is handled. Duration 2 ms by bot id=8095621527
2025.04.08 14:41:33 aiogram.event        INFO     Update id=511686253 is handled. Duration 1 ms by bot id=8095621527
2025.04.08 14:41:35 aiogram.event        INFO     Update id=511686254 is handled. Duration 1 ms by bot id=8095621527
2025.04.08 14:41:36 aiogram.event        INFO     Update id=511686255 is handled. Duration 1 ms by bot id=8095621527
2025.04.08 14:41:42 aiogram.event        INFO     Update id=511686256 is handled. Duration 10 ms by bot id=8095621527
2025.04.08 14:41:56 aiogram.event        INFO     Update id=511686257 is handled. Duration 1 ms by bot id=8095621527
2025.04.08 14:42:09 aiogram.dispatcher   WARNING  Received SIGINT signal
2025.04.08 14:42:09 aiogram.dispatcher   INFO     Polling stopped for bot @dllmasterbot id=8095621527 - 'DLLMaster for Music'
2025.04.08 14:42:09 aiogram.dispatcher   INFO     Polling stopped
2025.04.08 14:42:09 __main__             INFO     🛑 Polling stopped
2025.04.08 14:42:09 __main__             INFO     🔴 Bot stopped
2025.04.08 14:42:15 dotenv.main          WARNING  python-dotenv could not parse statement starting at line 5
2025.04.08 14:42:15 __main__             INFO     🤖 Starting bot...
2025.04.08 14:42:15 __main__             INFO     🚀 Starting bot initialization...
2025.04.08 14:42:15 __main__             INFO     ✅ Database initialized successfully
2025.04.08 14:42:15 core.spotify_handler INFO     Spotify API connection established.
2025.04.08 14:42:15 __main__             INFO     ✅ Spotify service initialized
2025.04.08 14:42:15 core.webprofile      INFO     Seçilmiş User-Agent: Mozilla/5.0 (iPhone; CPU iPhone OS 17_2 like Mac OS X) AppleWebKit/605.1.15 (KHTML, like Gecko) Version/17.2 Mobile/15E148 Safari/604.1
2025.04.08 14:42:15 core.youtube_handler INFO     firefox brauzerindən cookies istifadə edilir.
2025.04.08 14:42:15 __main__             INFO     ✅ YouTube services initialized (firefox)
2025.04.08 14:42:15 __main__             INFO     🔌 Loading plugins...
2025.04.08 14:42:15 __main__             INFO     🔍 Scanning plugins in: plugins
2025.04.08 14:42:15 __main__             INFO     🔄 Loading: plugins.spotify_plugin
2025.04.08 14:42:15 __main__             INFO     ✅ Loaded (sync): plugins.spotify_plugin
2025.04.08 14:42:15 __main__             INFO     🔄 Loading: plugins.menu_plugin
2025.04.08 14:42:15 __main__             INFO     ✅ Loaded (sync): plugins.menu_plugin
2025.04.08 14:42:15 __main__             INFO     🔄 Loading: plugins.sudo_plugin
2025.04.08 14:42:15 __main__             INFO     ✅ Loaded (sync): plugins.sudo_plugin
2025.04.08 14:42:15 __main__             INFO     🔄 Loading: plugins.youtube_plugin
2025.04.08 14:42:15 __main__             INFO     ✅ Loaded (sync): plugins.youtube_plugin
2025.04.08 14:42:15 __main__             INFO     🔄 Loading: plugins.neofetch_plugin
2025.04.08 14:42:15 __main__             INFO     ✅ Loaded (sync): plugins.neofetch_plugin
2025.04.08 14:42:15 __main__             INFO     🔄 Loading: plugins.report_plugin
2025.04.08 14:42:15 __main__             INFO     ✅ Loaded (async): plugins.report_plugin
2025.04.08 14:42:15 __main__             INFO     🔄 Loading: plugins.del_plugin
2025.04.08 14:42:15 __main__             INFO     ✅ Loaded (sync): plugins.del_plugin
2025.04.08 14:42:15 __main__             INFO     🔄 Loading: plugins.music_plugin
2025.04.08 14:42:15 __main__             INFO     ✅ Loaded (sync): plugins.music_plugin
2025.04.08 14:42:15 __main__             INFO     🔄 Loading: plugins.start_plugin
2025.04.08 14:42:15 __main__             INFO     ✅ Loaded (async): plugins.start_plugin
2025.04.08 14:42:15 __main__             INFO     🔄 Loading: plugins.stats_plugin
2025.04.08 14:42:15 __main__             INFO     ✅ Loaded (sync): plugins.stats_plugin
2025.04.08 14:42:15 __main__             INFO     🔄 Loading: plugins.dir_plugin
2025.04.08 14:42:15 __main__             INFO     ✅ Loaded (sync): plugins.dir_plugin
2025.04.08 14:42:15 __main__             INFO     🔄 Loading: plugins.broadcast_plugin
2025.04.08 14:42:15 __main__             INFO     ✅ Loaded (sync): plugins.broadcast_plugin
2025.04.08 14:42:15 __main__             INFO     🔄 Loading: plugins.speedtest_plugin
2025.04.08 14:42:15 __main__             INFO     ✅ Loaded (sync): plugins.speedtest_plugin
2025.04.08 14:42:15 __main__             INFO     🔄 Loading: plugins.bot_logs
2025.04.08 14:42:15 __main__             INFO     ✅ Loaded (async): plugins.bot_logs
2025.04.08 14:42:15 __main__             INFO     🔄 Loading: plugins.inline_youtube
2025.04.08 14:42:15 plugins.inline_youtube INFO     ✅ YouTube plugin aktiv oldu
2025.04.08 14:42:15 __main__             INFO     ✅ Loaded (sync): plugins.inline_youtube
2025.04.08 14:42:15 __main__             INFO     🚀 Starting polling...
2025.04.08 14:42:15 aiogram.dispatcher   INFO     Start polling
2025.04.08 14:42:15 aiogram.dispatcher   INFO     Run polling for bot @dllmasterbot id=8095621527 - 'DLLMaster for Music'
2025.04.08 14:42:15 aiogram.event        INFO     Update id=511686258 is handled. Duration 2 ms by bot id=8095621527
2025.04.08 14:42:25 aiogram.event        INFO     Update id=511686259 is handled. Duration 3 ms by bot id=8095621527
2025.04.08 14:42:31 aiogram.event        INFO     Update id=511686260 is handled. Duration 2 ms by bot id=8095621527
2025.04.08 14:42:40 aiogram.event        INFO     Update id=511686261 is handled. Duration 280 ms by bot id=8095621527
2025.04.08 14:42:40 aiogram.event        INFO     Update id=511686262 is handled. Duration 1 ms by bot id=8095621527
2025.04.08 14:44:32 aiogram.event        INFO     Update id=511686263 is not handled. Duration 0 ms by bot id=8095621527
2025.04.08 14:44:52 aiogram.event        INFO     Update id=511686264 is not handled. Duration 1 ms by bot id=8095621527
2025.04.08 14:45:17 aiogram.event        INFO     Update id=511686265 is not handled. Duration 1 ms by bot id=8095621527
2025.04.08 14:45:46 aiogram.event        INFO     Update id=511686266 is handled. Duration 1 ms by bot id=8095621527
2025.04.08 14:45:53 aiogram.event        INFO     Update id=511686267 is handled. Duration 1 ms by bot id=8095621527
2025.04.08 14:45:56 aiogram.event        INFO     Update id=511686268 is not handled. Duration 2 ms by bot id=8095621527
2025.04.08 14:46:45 aiogram.event        INFO     Update id=511686269 is not handled. Duration 1 ms by bot id=8095621527
2025.04.08 14:47:21 aiogram.event        INFO     Update id=511686270 is not handled. Duration 1 ms by bot id=8095621527
2025.04.08 14:47:58 aiogram.event        INFO     Update id=511686271 is handled. Duration 1 ms by bot id=8095621527
2025.04.08 14:48:00 aiogram.event        INFO     Update id=511686272 is not handled. Duration 1 ms by bot id=8095621527
2025.04.08 14:48:07 aiogram.event        INFO     Update id=511686273 is handled. Duration 1 ms by bot id=8095621527
2025.04.08 14:48:14 aiogram.event        INFO     Update id=511686274 is handled. Duration 1 ms by bot id=8095621527
2025.04.08 14:48:28 aiogram.event        INFO     Update id=511686275 is not handled. Duration 1 ms by bot id=8095621527
2025.04.08 14:48:32 aiogram.event        INFO     Update id=511686276 is handled. Duration 2 ms by bot id=8095621527
2025.04.08 14:48:36 aiogram.event        INFO     Update id=511686277 is handled. Duration 6 ms by bot id=8095621527
2025.04.08 14:48:55 aiogram.event        INFO     Update id=511686278 is handled. Duration 1 ms by bot id=8095621527
2025.04.08 14:48:58 aiogram.event        INFO     Update id=511686279 is handled. Duration 1 ms by bot id=8095621527
2025.04.08 14:49:05 aiogram.event        INFO     Update id=511686280 is not handled. Duration 8 ms by bot id=8095621527
2025.04.08 14:49:22 aiogram.event        INFO     Update id=511686281 is handled. Duration 2 ms by bot id=8095621527
2025.04.08 14:49:37 aiogram.event        INFO     Update id=511686282 is handled. Duration 1 ms by bot id=8095621527
2025.04.08 14:49:39 aiogram.event        INFO     Update id=511686283 is handled. Duration 1 ms by bot id=8095621527
2025.04.08 14:50:11 aiogram.event        INFO     Update id=511686284 is not handled. Duration 2 ms by bot id=8095621527
2025.04.08 14:50:28 aiogram.event        INFO     Update id=511686285 is not handled. Duration 4 ms by bot id=8095621527
2025.04.08 14:50:40 aiogram.event        INFO     Update id=511686286 is handled. Duration 1 ms by bot id=8095621527
2025.04.08 14:50:51 aiogram.event        INFO     Update id=511686287 is handled. Duration 1 ms by bot id=8095621527
2025.04.08 14:50:56 aiogram.event        INFO     Update id=511686288 is handled. Duration 7 ms by bot id=8095621527
2025.04.08 14:51:00 aiogram.event        INFO     Update id=511686289 is handled. Duration 1 ms by bot id=8095621527
2025.04.08 14:51:06 aiogram.event        INFO     Update id=511686290 is handled. Duration 1 ms by bot id=8095621527
2025.04.08 14:51:07 aiogram.event        INFO     Update id=511686291 is handled. Duration 1 ms by bot id=8095621527
2025.04.08 14:51:08 aiogram.event        INFO     Update id=511686292 is handled. Duration 1 ms by bot id=8095621527
2025.04.08 14:51:11 aiogram.event        INFO     Update id=511686293 is handled. Duration 3 ms by bot id=8095621527
2025.04.08 14:51:17 aiogram.event        INFO     Update id=511686294 is handled. Duration 1 ms by bot id=8095621527
2025.04.08 14:51:17 aiogram.event        INFO     Update id=511686295 is handled. Duration 2 ms by bot id=8095621527
2025.04.08 14:51:22 aiogram.event        INFO     Update id=511686296 is handled. Duration 2 ms by bot id=8095621527
2025.04.08 14:51:26 aiogram.event        INFO     Update id=511686297 is handled. Duration 1 ms by bot id=8095621527
2025.04.08 14:51:39 aiogram.event        INFO     Update id=511686298 is handled. Duration 1 ms by bot id=8095621527
2025.04.08 14:51:43 aiogram.event        INFO     Update id=511686299 is handled. Duration 1 ms by bot id=8095621527
2025.04.08 14:51:48 aiogram.event        INFO     Update id=511686300 is handled. Duration 1 ms by bot id=8095621527
2025.04.08 14:51:48 aiogram.event        INFO     Update id=511686301 is handled. Duration 2 ms by bot id=8095621527
2025.04.08 14:52:05 aiogram.event        INFO     Update id=511686302 is handled. Duration 1 ms by bot id=8095621527
2025.04.08 14:52:24 aiogram.event        INFO     Update id=511686303 is handled. Duration 1 ms by bot id=8095621527
2025.04.08 14:52:31 aiogram.event        INFO     Update id=511686304 is handled. Duration 1 ms by bot id=8095621527
2025.04.08 14:52:47 aiogram.event        INFO     Update id=511686305 is handled. Duration 1 ms by bot id=8095621527
2025.04.08 14:52:56 aiogram.event        INFO     Update id=511686306 is handled. Duration 1 ms by bot id=8095621527
2025.04.08 14:52:57 aiogram.event        INFO     Update id=511686307 is handled. Duration 1 ms by bot id=8095621527
2025.04.08 14:52:58 aiogram.event        INFO     Update id=511686308 is handled. Duration 1 ms by bot id=8095621527
2025.04.08 14:53:10 aiogram.event        INFO     Update id=511686309 is handled. Duration 1 ms by bot id=8095621527
2025.04.08 14:53:14 aiogram.event        INFO     Update id=511686310 is handled. Duration 1 ms by bot id=8095621527
2025.04.08 14:53:22 aiogram.event        INFO     Update id=511686311 is handled. Duration 1 ms by bot id=8095621527
2025.04.08 14:53:27 aiogram.event        INFO     Update id=511686312 is handled. Duration 1 ms by bot id=8095621527
2025.04.08 14:53:29 aiogram.event        INFO     Update id=511686313 is handled. Duration 1 ms by bot id=8095621527
2025.04.08 14:53:36 aiogram.event        INFO     Update id=511686314 is handled. Duration 1 ms by bot id=8095621527
2025.04.08 14:53:39 aiogram.event        INFO     Update id=511686315 is handled. Duration 1 ms by bot id=8095621527
2025.04.08 14:53:41 aiogram.event        INFO     Update id=511686316 is handled. Duration 1 ms by bot id=8095621527
2025.04.08 14:53:44 aiogram.event        INFO     Update id=511686317 is handled. Duration 1 ms by bot id=8095621527
2025.04.08 14:53:45 aiogram.event        INFO     Update id=511686318 is handled. Duration 1 ms by bot id=8095621527
2025.04.08 14:53:48 aiogram.event        INFO     Update id=511686319 is handled. Duration 4 ms by bot id=8095621527
2025.04.08 14:53:52 aiogram.event        INFO     Update id=511686320 is handled. Duration 1 ms by bot id=8095621527
2025.04.08 14:54:02 aiogram.event        INFO     Update id=511686321 is handled. Duration 1 ms by bot id=8095621527
2025.04.08 14:54:05 aiogram.event        INFO     Update id=511686322 is handled. Duration 1 ms by bot id=8095621527
2025.04.08 14:54:05 aiogram.event        INFO     Update id=511686323 is handled. Duration 1 ms by bot id=8095621527
2025.04.08 14:54:07 aiogram.event        INFO     Update id=511686324 is handled. Duration 1 ms by bot id=8095621527
2025.04.08 14:54:10 aiogram.event        INFO     Update id=511686325 is handled. Duration 16 ms by bot id=8095621527
2025.04.08 14:54:13 aiogram.event        INFO     Update id=511686326 is handled. Duration 1 ms by bot id=8095621527
2025.04.08 14:54:16 aiogram.event        INFO     Update id=511686327 is handled. Duration 1 ms by bot id=8095621527
2025.04.08 14:54:18 aiogram.event        INFO     Update id=511686328 is handled. Duration 1 ms by bot id=8095621527
2025.04.08 14:54:24 aiogram.event        INFO     Update id=511686329 is handled. Duration 1 ms by bot id=8095621527
2025.04.08 14:54:49 aiogram.event        INFO     Update id=511686330 is handled. Duration 2 ms by bot id=8095621527
2025.04.08 14:54:53 aiogram.event        INFO     Update id=511686331 is handled. Duration 1 ms by bot id=8095621527
2025.04.08 14:54:57 aiogram.event        INFO     Update id=511686332 is handled. Duration 1 ms by bot id=8095621527
2025.04.08 14:55:05 aiogram.event        INFO     Update id=511686333 is handled. Duration 1 ms by bot id=8095621527
2025.04.08 14:55:09 aiogram.event        INFO     Update id=511686334 is handled. Duration 2 ms by bot id=8095621527
2025.04.08 14:55:09 aiogram.event        INFO     Update id=511686335 is handled. Duration 1 ms by bot id=8095621527
2025.04.08 14:55:22 aiogram.event        INFO     Update id=511686336 is handled. Duration 1 ms by bot id=8095621527
2025.04.08 14:55:27 aiogram.event        INFO     Update id=511686337 is handled. Duration 1 ms by bot id=8095621527
2025.04.08 14:55:41 aiogram.event        INFO     Update id=511686338 is handled. Duration 1 ms by bot id=8095621527
2025.04.08 14:55:42 aiogram.event        INFO     Update id=511686339 is handled. Duration 2 ms by bot id=8095621527
2025.04.08 14:55:44 aiogram.event        INFO     Update id=511686340 is handled. Duration 1 ms by bot id=8095621527
2025.04.08 14:55:51 aiogram.event        INFO     Update id=511686341 is handled. Duration 1 ms by bot id=8095621527
2025.04.08 14:55:56 aiogram.event        INFO     Update id=511686342 is handled. Duration 1 ms by bot id=8095621527
2025.04.08 14:56:04 aiogram.event        INFO     Update id=511686343 is handled. Duration 1 ms by bot id=8095621527
2025.04.08 14:56:09 aiogram.event        INFO     Update id=511686344 is handled. Duration 5 ms by bot id=8095621527
2025.04.08 14:56:14 aiogram.event        INFO     Update id=511686345 is handled. Duration 2 ms by bot id=8095621527
2025.04.08 14:56:22 aiogram.event        INFO     Update id=511686346 is handled. Duration 2 ms by bot id=8095621527
2025.04.08 14:56:24 aiogram.event        INFO     Update id=511686347 is handled. Duration 6 ms by bot id=8095621527
2025.04.08 14:56:24 aiogram.event        INFO     Update id=511686348 is handled. Duration 7 ms by bot id=8095621527
2025.04.08 14:56:25 aiogram.event        INFO     Update id=511686349 is handled. Duration 1 ms by bot id=8095621527
2025.04.08 14:56:28 aiogram.event        INFO     Update id=511686350 is handled. Duration 2 ms by bot id=8095621527
2025.04.08 14:56:37 aiogram.event        INFO     Update id=511686351 is not handled. Duration 2 ms by bot id=8095621527
2025.04.08 14:56:50 aiogram.event        INFO     Update id=511686352 is handled. Duration 1 ms by bot id=8095621527
2025.04.08 14:57:05 aiogram.event        INFO     Update id=511686353 is handled. Duration 1 ms by bot id=8095621527
2025.04.08 14:57:22 aiogram.event        INFO     Update id=511686354 is handled. Duration 1 ms by bot id=8095621527
2025.04.08 14:57:42 aiogram.event        INFO     Update id=511686355 is handled. Duration 1 ms by bot id=8095621527
2025.04.08 14:57:55 aiogram.event        INFO     Update id=511686356 is handled. Duration 2 ms by bot id=8095621527
2025.04.08 14:58:03 aiogram.event        INFO     Update id=511686357 is handled. Duration 4 ms by bot id=8095621527
2025.04.08 14:58:20 aiogram.event        INFO     Update id=511686358 is handled. Duration 3 ms by bot id=8095621527
2025.04.08 14:58:20 aiogram.event        INFO     Update id=511686359 is handled. Duration 3 ms by bot id=8095621527
2025.04.08 14:58:27 aiogram.event        INFO     Update id=511686360 is handled. Duration 1 ms by bot id=8095621527
2025.04.08 14:58:34 aiogram.event        INFO     Update id=511686361 is handled. Duration 1 ms by bot id=8095621527
2025.04.08 14:58:36 aiogram.event        INFO     Update id=511686362 is handled. Duration 5 ms by bot id=8095621527
2025.04.08 14:58:39 aiogram.event        INFO     Update id=511686363 is handled. Duration 1 ms by bot id=8095621527
2025.04.08 14:58:46 aiogram.event        INFO     Update id=511686364 is handled. Duration 1 ms by bot id=8095621527
2025.04.08 14:58:54 aiogram.event        INFO     Update id=511686365 is handled. Duration 1 ms by bot id=8095621527
2025.04.08 14:59:03 aiogram.event        INFO     Update id=511686366 is handled. Duration 10 ms by bot id=8095621527
2025.04.08 14:59:03 aiogram.event        INFO     Update id=511686367 is handled. Duration 7 ms by bot id=8095621527
2025.04.08 14:59:06 aiogram.event        INFO     Update id=511686368 is handled. Duration 1 ms by bot id=8095621527
2025.04.08 14:59:08 aiogram.event        INFO     Update id=511686369 is handled. Duration 1 ms by bot id=8095621527
2025.04.08 14:59:11 aiogram.event        INFO     Update id=511686370 is handled. Duration 1 ms by bot id=8095621527
2025.04.08 14:59:14 aiogram.event        INFO     Update id=511686371 is handled. Duration 1 ms by bot id=8095621527
2025.04.08 14:59:19 aiogram.event        INFO     Update id=511686372 is handled. Duration 1 ms by bot id=8095621527
2025.04.08 14:59:19 aiogram.event        INFO     Update id=511686373 is handled. Duration 2 ms by bot id=8095621527
2025.04.08 14:59:21 aiogram.event        INFO     Update id=511686374 is handled. Duration 2 ms by bot id=8095621527
2025.04.08 14:59:24 aiogram.event        INFO     Update id=511686375 is handled. Duration 1 ms by bot id=8095621527
2025.04.08 14:59:28 aiogram.event        INFO     Update id=511686376 is handled. Duration 1 ms by bot id=8095621527
2025.04.08 14:59:34 aiogram.event        INFO     Update id=511686377 is handled. Duration 1 ms by bot id=8095621527
2025.04.08 14:59:34 aiogram.event        INFO     Update id=511686378 is handled. Duration 1 ms by bot id=8095621527
2025.04.08 14:59:38 aiogram.event        INFO     Update id=511686379 is handled. Duration 2 ms by bot id=8095621527
2025.04.08 14:59:43 aiogram.event        INFO     Update id=511686380 is handled. Duration 1 ms by bot id=8095621527
2025.04.08 14:59:43 aiogram.event        INFO     Update id=511686381 is handled. Duration 1 ms by bot id=8095621527
2025.04.08 14:59:47 aiogram.event        INFO     Update id=511686382 is handled. Duration 1 ms by bot id=8095621527
2025.04.08 14:59:47 aiogram.event        INFO     Update id=511686383 is handled. Duration 2 ms by bot id=8095621527
2025.04.08 14:59:51 aiogram.event        INFO     Update id=511686384 is handled. Duration 2 ms by bot id=8095621527
2025.04.08 14:59:53 aiogram.event        INFO     Update id=511686385 is handled. Duration 1 ms by bot id=8095621527
2025.04.08 15:00:12 aiogram.event        INFO     Update id=511686386 is handled. Duration 1 ms by bot id=8095621527
2025.04.08 15:00:13 aiogram.event        INFO     Update id=511686387 is handled. Duration 2 ms by bot id=8095621527
2025.04.08 15:00:14 aiogram.event        INFO     Update id=511686388 is handled. Duration 3 ms by bot id=8095621527
2025.04.08 15:00:28 aiogram.event        INFO     Update id=511686389 is handled. Duration 1 ms by bot id=8095621527
2025.04.08 15:00:36 aiogram.event        INFO     Update id=511686390 is handled. Duration 1 ms by bot id=8095621527
2025.04.08 15:00:37 aiogram.event        INFO     Update id=511686391 is handled. Duration 1 ms by bot id=8095621527
2025.04.08 15:00:39 aiogram.event        INFO     Update id=511686392 is handled. Duration 1 ms by bot id=8095621527
2025.04.08 15:00:40 aiogram.event        INFO     Update id=511686393 is handled. Duration 1 ms by bot id=8095621527
2025.04.08 15:00:55 aiogram.event        INFO     Update id=511686394 is handled. Duration 1 ms by bot id=8095621527
2025.04.08 15:00:58 aiogram.event        INFO     Update id=511686395 is handled. Duration 1 ms by bot id=8095621527
2025.04.08 15:00:58 aiogram.event        INFO     Update id=511686396 is handled. Duration 1 ms by bot id=8095621527
2025.04.08 15:00:59 aiogram.event        INFO     Update id=511686397 is handled. Duration 1 ms by bot id=8095621527
2025.04.08 15:01:01 aiogram.event        INFO     Update id=511686398 is handled. Duration 5 ms by bot id=8095621527
2025.04.08 15:01:13 aiogram.event        INFO     Update id=511686399 is handled. Duration 1 ms by bot id=8095621527
2025.04.08 15:01:17 aiogram.event        INFO     Update id=511686400 is handled. Duration 1 ms by bot id=8095621527
2025.04.08 15:01:20 aiogram.event        INFO     Update id=511686401 is handled. Duration 3 ms by bot id=8095621527
2025.04.08 15:01:20 aiogram.event        INFO     Update id=511686402 is handled. Duration 2 ms by bot id=8095621527
2025.04.08 15:01:22 aiogram.event        INFO     Update id=511686403 is handled. Duration 2 ms by bot id=8095621527
2025.04.08 15:01:28 aiogram.event        INFO     Update id=511686404 is handled. Duration 2 ms by bot id=8095621527
2025.04.08 15:01:29 aiogram.event        INFO     Update id=511686405 is handled. Duration 1 ms by bot id=8095621527
2025.04.08 15:01:29 aiogram.event        INFO     Update id=511686406 is handled. Duration 1 ms by bot id=8095621527
2025.04.08 15:01:31 aiogram.event        INFO     Update id=511686407 is handled. Duration 1 ms by bot id=8095621527
2025.04.08 15:01:34 aiogram.event        INFO     Update id=511686408 is handled. Duration 1 ms by bot id=8095621527
2025.04.08 15:01:43 aiogram.event        INFO     Update id=511686409 is handled. Duration 1 ms by bot id=8095621527
2025.04.08 15:01:44 aiogram.event        INFO     Update id=511686410 is handled. Duration 1 ms by bot id=8095621527
2025.04.08 15:01:49 aiogram.event        INFO     Update id=511686411 is handled. Duration 1 ms by bot id=8095621527
2025.04.08 15:01:49 aiogram.event        INFO     Update id=511686412 is handled. Duration 1 ms by bot id=8095621527
2025.04.08 15:01:58 aiogram.event        INFO     Update id=511686413 is handled. Duration 1 ms by bot id=8095621527
2025.04.08 15:01:58 aiogram.event        INFO     Update id=511686414 is handled. Duration 4 ms by bot id=8095621527
2025.04.08 15:02:03 aiogram.event        INFO     Update id=511686415 is handled. Duration 1 ms by bot id=8095621527
2025.04.08 15:02:03 aiogram.event        INFO     Update id=511686416 is handled. Duration 2 ms by bot id=8095621527
2025.04.08 15:02:05 aiogram.event        INFO     Update id=511686417 is handled. Duration 1 ms by bot id=8095621527
2025.04.08 15:02:10 aiogram.event        INFO     Update id=511686418 is handled. Duration 2 ms by bot id=8095621527
2025.04.08 15:02:16 aiogram.event        INFO     Update id=511686419 is handled. Duration 4 ms by bot id=8095621527
2025.04.08 15:02:17 aiogram.event        INFO     Update id=511686420 is handled. Duration 1 ms by bot id=8095621527
2025.04.08 15:02:17 aiogram.event        INFO     Update id=511686421 is handled. Duration 1 ms by bot id=8095621527
2025.04.08 15:02:19 aiogram.event        INFO     Update id=511686422 is handled. Duration 2 ms by bot id=8095621527
2025.04.08 15:02:19 aiogram.event        INFO     Update id=511686423 is handled. Duration 1 ms by bot id=8095621527
2025.04.08 15:02:20 aiogram.event        INFO     Update id=511686424 is handled. Duration 1 ms by bot id=8095621527
2025.04.08 15:02:27 aiogram.event        INFO     Update id=511686425 is handled. Duration 1 ms by bot id=8095621527
2025.04.08 15:02:31 aiogram.event        INFO     Update id=511686426 is handled. Duration 1 ms by bot id=8095621527
2025.04.08 15:02:36 aiogram.event        INFO     Update id=511686427 is handled. Duration 15 ms by bot id=8095621527
2025.04.08 15:02:45 aiogram.event        INFO     Update id=511686428 is handled. Duration 4 ms by bot id=8095621527
2025.04.08 15:02:48 aiogram.event        INFO     Update id=511686429 is handled. Duration 1 ms by bot id=8095621527
2025.04.08 15:02:49 aiogram.event        INFO     Update id=511686430 is handled. Duration 1 ms by bot id=8095621527
2025.04.08 15:02:53 aiogram.event        INFO     Update id=511686431 is handled. Duration 2 ms by bot id=8095621527
2025.04.08 15:02:54 aiogram.event        INFO     Update id=511686432 is handled. Duration 2 ms by bot id=8095621527
2025.04.08 15:03:03 aiogram.event        INFO     Update id=511686433 is handled. Duration 4 ms by bot id=8095621527
2025.04.08 15:03:22 aiogram.event        INFO     Update id=511686434 is handled. Duration 1 ms by bot id=8095621527
2025.04.08 15:03:26 aiogram.event        INFO     Update id=511686435 is handled. Duration 3 ms by bot id=8095621527
2025.04.08 15:03:35 aiogram.event        INFO     Update id=511686436 is handled. Duration 2 ms by bot id=8095621527
2025.04.08 15:03:36 aiogram.event        INFO     Update id=511686437 is handled. Duration 1 ms by bot id=8095621527
2025.04.08 15:03:47 aiogram.event        INFO     Update id=511686438 is handled. Duration 3 ms by bot id=8095621527
2025.04.08 15:03:51 aiogram.event        INFO     Update id=511686439 is handled. Duration 1 ms by bot id=8095621527
2025.04.08 15:03:55 aiogram.event        INFO     Update id=511686440 is handled. Duration 2 ms by bot id=8095621527
2025.04.08 15:04:09 aiogram.event        INFO     Update id=511686441 is handled. Duration 6 ms by bot id=8095621527
2025.04.08 15:04:20 aiogram.event        INFO     Update id=511686442 is handled. Duration 2 ms by bot id=8095621527
2025.04.08 15:04:31 aiogram.event        INFO     Update id=511686443 is handled. Duration 1 ms by bot id=8095621527
2025.04.08 15:04:34 aiogram.event        INFO     Update id=511686444 is handled. Duration 2 ms by bot id=8095621527
2025.04.08 15:04:46 aiogram.event        INFO     Update id=511686445 is handled. Duration 2 ms by bot id=8095621527
2025.04.08 15:04:52 aiogram.event        INFO     Update id=511686446 is not handled. Duration 3 ms by bot id=8095621527
2025.04.08 15:04:59 aiogram.event        INFO     Update id=511686447 is handled. Duration 1 ms by bot id=8095621527
2025.04.08 15:05:00 aiogram.event        INFO     Update id=511686448 is handled. Duration 1 ms by bot id=8095621527
2025.04.08 15:05:07 aiogram.event        INFO     Update id=511686449 is handled. Duration 2 ms by bot id=8095621527
2025.04.08 15:05:12 aiogram.event        INFO     Update id=511686450 is handled. Duration 2 ms by bot id=8095621527
2025.04.08 15:05:13 aiogram.event        INFO     Update id=511686451 is handled. Duration 1 ms by bot id=8095621527
2025.04.08 15:05:14 aiogram.event        INFO     Update id=511686452 is handled. Duration 1 ms by bot id=8095621527
2025.04.08 15:05:18 aiogram.event        INFO     Update id=511686453 is handled. Duration 2 ms by bot id=8095621527
2025.04.08 15:05:32 aiogram.event        INFO     Update id=511686454 is not handled. Duration 1 ms by bot id=8095621527
2025.04.08 15:05:32 aiogram.event        INFO     Update id=511686455 is handled. Duration 1 ms by bot id=8095621527
2025.04.08 15:05:35 aiogram.event        INFO     Update id=511686456 is handled. Duration 1 ms by bot id=8095621527
2025.04.08 15:06:00 aiogram.event        INFO     Update id=511686457 is handled. Duration 2 ms by bot id=8095621527
2025.04.08 15:06:00 aiogram.event        INFO     Update id=511686458 is handled. Duration 3 ms by bot id=8095621527
2025.04.08 15:06:02 aiogram.event        INFO     Update id=511686459 is handled. Duration 1 ms by bot id=8095621527
2025.04.08 15:06:03 aiogram.event        INFO     Update id=511686460 is handled. Duration 1 ms by bot id=8095621527
2025.04.08 15:06:07 aiogram.event        INFO     Update id=511686461 is handled. Duration 1 ms by bot id=8095621527
2025.04.08 15:06:10 aiogram.event        INFO     Update id=511686462 is handled. Duration 1 ms by bot id=8095621527
2025.04.08 15:06:14 aiogram.event        INFO     Update id=511686463 is handled. Duration 1 ms by bot id=8095621527
2025.04.08 15:06:15 aiogram.event        INFO     Update id=511686464 is handled. Duration 1 ms by bot id=8095621527
2025.04.08 15:06:21 aiogram.event        INFO     Update id=511686465 is handled. Duration 3 ms by bot id=8095621527
2025.04.08 15:06:22 aiogram.event        INFO     Update id=511686466 is handled. Duration 1 ms by bot id=8095621527
2025.04.08 15:06:23 aiogram.event        INFO     Update id=511686467 is handled. Duration 1 ms by bot id=8095621527
2025.04.08 15:06:25 aiogram.event        INFO     Update id=511686468 is handled. Duration 1 ms by bot id=8095621527
2025.04.08 15:06:31 aiogram.event        INFO     Update id=511686469 is handled. Duration 4 ms by bot id=8095621527
2025.04.08 15:06:34 aiogram.event        INFO     Update id=511686470 is handled. Duration 1 ms by bot id=8095621527
2025.04.08 15:06:35 aiogram.event        INFO     Update id=511686471 is handled. Duration 1 ms by bot id=8095621527
2025.04.08 15:06:45 aiogram.event        INFO     Update id=511686472 is handled. Duration 8 ms by bot id=8095621527
2025.04.08 15:06:47 aiogram.event        INFO     Update id=511686473 is handled. Duration 1 ms by bot id=8095621527
2025.04.08 15:06:54 aiogram.event        INFO     Update id=511686474 is handled. Duration 3 ms by bot id=8095621527
2025.04.08 15:07:00 aiogram.event        INFO     Update id=511686475 is handled. Duration 1 ms by bot id=8095621527
2025.04.08 15:07:09 aiogram.event        INFO     Update id=511686476 is not handled. Duration 2 ms by bot id=8095621527
2025.04.08 15:07:28 aiogram.event        INFO     Update id=511686477 is handled. Duration 1 ms by bot id=8095621527
2025.04.08 15:07:31 aiogram.event        INFO     Update id=511686478 is handled. Duration 1 ms by bot id=8095621527
2025.04.08 15:07:37 aiogram.event        INFO     Update id=511686479 is handled. Duration 3 ms by bot id=8095621527
2025.04.08 15:07:44 aiogram.event        INFO     Update id=511686480 is handled. Duration 1 ms by bot id=8095621527
2025.04.08 15:07:49 aiogram.event        INFO     Update id=511686481 is handled. Duration 1 ms by bot id=8095621527
2025.04.08 15:07:52 aiogram.event        INFO     Update id=511686482 is handled. Duration 1 ms by bot id=8095621527
2025.04.08 15:07:55 aiogram.event        INFO     Update id=511686483 is handled. Duration 2 ms by bot id=8095621527
2025.04.08 15:07:56 aiogram.event        INFO     Update id=511686484 is handled. Duration 1 ms by bot id=8095621527
2025.04.08 15:08:14 aiogram.event        INFO     Update id=511686485 is handled. Duration 2 ms by bot id=8095621527
2025.04.08 15:08:22 aiogram.event        INFO     Update id=511686486 is handled. Duration 2 ms by bot id=8095621527
2025.04.08 15:08:32 aiogram.event        INFO     Update id=511686487 is handled. Duration 1 ms by bot id=8095621527
2025.04.08 15:08:53 aiogram.event        INFO     Update id=511686488 is handled. Duration 1 ms by bot id=8095621527
2025.04.08 15:09:03 aiogram.event        INFO     Update id=511686489 is handled. Duration 2 ms by bot id=8095621527
2025.04.08 15:09:14 aiogram.event        INFO     Update id=511686490 is handled. Duration 1 ms by bot id=8095621527
2025.04.08 15:09:25 aiogram.event        INFO     Update id=511686491 is handled. Duration 1 ms by bot id=8095621527
2025.04.08 15:09:35 aiogram.event        INFO     Update id=511686492 is handled. Duration 1 ms by bot id=8095621527
2025.04.08 15:09:38 aiogram.event        INFO     Update id=511686493 is handled. Duration 1 ms by bot id=8095621527
2025.04.08 15:09:52 aiogram.event        INFO     Update id=511686494 is handled. Duration 2 ms by bot id=8095621527
2025.04.08 15:10:13 aiogram.event        INFO     Update id=511686495 is handled. Duration 1 ms by bot id=8095621527
2025.04.08 15:10:36 aiogram.event        INFO     Update id=511686496 is handled. Duration 1 ms by bot id=8095621527
2025.04.08 15:10:46 aiogram.event        INFO     Update id=511686497 is handled. Duration 3 ms by bot id=8095621527
2025.04.08 15:10:52 aiogram.event        INFO     Update id=511686498 is handled. Duration 1 ms by bot id=8095621527
2025.04.08 15:11:00 aiogram.event        INFO     Update id=511686499 is handled. Duration 8 ms by bot id=8095621527
2025.04.08 15:11:09 aiogram.event        INFO     Update id=511686500 is handled. Duration 1 ms by bot id=8095621527
2025.04.08 15:11:19 aiogram.event        INFO     Update id=511686501 is handled. Duration 1 ms by bot id=8095621527
2025.04.08 15:11:30 aiogram.event        INFO     Update id=511686502 is handled. Duration 2 ms by bot id=8095621527
2025.04.08 15:11:35 aiogram.event        INFO     Update id=511686503 is handled. Duration 1 ms by bot id=8095621527
2025.04.08 15:11:51 aiogram.event        INFO     Update id=511686504 is handled. Duration 1 ms by bot id=8095621527
2025.04.08 15:11:57 aiogram.event        INFO     Update id=511686505 is handled. Duration 3 ms by bot id=8095621527
2025.04.08 15:12:40 aiogram.event        INFO     Update id=511686506 is handled. Duration 9 ms by bot id=8095621527
2025.04.08 15:12:40 aiogram.event        INFO     Update id=511686507 is handled. Duration 1 ms by bot id=8095621527
2025.04.08 15:12:50 aiogram.event        INFO     Update id=511686508 is not handled. Duration 3 ms by bot id=8095621527
2025.04.08 15:12:50 aiogram.event        INFO     Update id=511686509 is handled. Duration 2 ms by bot id=8095621527
2025.04.08 15:13:24 aiogram.event        INFO     Update id=511686510 is handled. Duration 2 ms by bot id=8095621527
2025.04.08 15:14:27 aiogram.event        INFO     Update id=511686511 is handled. Duration 1 ms by bot id=8095621527
2025.04.08 15:14:51 aiogram.event        INFO     Update id=511686512 is handled. Duration 1 ms by bot id=8095621527
2025.04.08 15:15:21 aiogram.event        INFO     Update id=511686513 is handled. Duration 1 ms by bot id=8095621527
2025.04.08 15:15:35 aiogram.event        INFO     Update id=511686514 is handled. Duration 2 ms by bot id=8095621527
2025.04.08 15:15:56 aiogram.event        INFO     Update id=511686515 is handled. Duration 1 ms by bot id=8095621527
2025.04.08 15:16:05 aiogram.event        INFO     Update id=511686516 is handled. Duration 2 ms by bot id=8095621527
2025.04.08 15:16:35 aiogram.event        INFO     Update id=511686517 is handled. Duration 1 ms by bot id=8095621527
2025.04.08 15:16:38 aiogram.event        INFO     Update id=511686518 is handled. Duration 1 ms by bot id=8095621527
2025.04.08 15:17:13 aiogram.event        INFO     Update id=511686519 is handled. Duration 1 ms by bot id=8095621527
2025.04.08 15:17:27 aiogram.event        INFO     Update id=511686520 is handled. Duration 1 ms by bot id=8095621527
2025.04.08 15:19:07 aiogram.dispatcher   ERROR    Failed to fetch updates - TelegramNetworkError: HTTP Client says - ClientOSError: [Errno 104] Connection reset by peer
2025.04.08 15:19:07 aiogram.dispatcher   WARNING  Sleep for 1.000000 seconds and try again... (tryings = 0, bot id = 8095621527)
2025.04.08 15:19:18 aiogram.dispatcher   INFO     Connection established (tryings = 1, bot id = 8095621527)
2025.04.08 15:20:59 aiogram.event        INFO     Update id=511686521 is handled. Duration 1 ms by bot id=8095621527
2025.04.08 15:22:34 aiogram.event        INFO     Update id=511686522 is handled. Duration 3 ms by bot id=8095621527
2025.04.08 15:23:23 aiogram.event        INFO     Update id=511686523 is handled. Duration 1 ms by bot id=8095621527
2025.04.08 15:27:17 aiogram.event        INFO     Update id=511686524 is handled. Duration 3 ms by bot id=8095621527
2025.04.08 15:27:25 aiogram.event        INFO     Update id=511686525 is handled. Duration 1 ms by bot id=8095621527
2025.04.08 15:27:27 aiogram.dispatcher   WARNING  Received SIGINT signal
2025.04.08 15:27:27 aiogram.dispatcher   INFO     Polling stopped for bot @dllmasterbot id=8095621527 - 'DLLMaster for Music'
2025.04.08 15:27:27 aiogram.dispatcher   INFO     Polling stopped
2025.04.08 15:27:27 __main__             INFO     🛑 Polling stopped
2025.04.08 15:27:27 __main__             INFO     🔴 Bot stopped
2025.04.08 15:27:33 dotenv.main          WARNING  python-dotenv could not parse statement starting at line 5
2025.04.08 15:27:33 __main__             INFO     🤖 Starting bot...
2025.04.08 15:27:33 __main__             INFO     🚀 Starting bot initialization...
2025.04.08 15:27:33 __main__             INFO     ✅ Database initialized successfully
2025.04.08 15:27:33 core.spotify_handler INFO     Spotify API connection established.
2025.04.08 15:27:33 __main__             INFO     ✅ Spotify service initialized
2025.04.08 15:27:33 core.webprofile      INFO     Seçilmiş User-Agent: Mozilla/5.0 (Linux; Android 14; SM-G998B) AppleWebKit/537.36 (KHTML, like Gecko) Chrome/122.0.0.0 Mobile Safari/537.36
2025.04.08 15:27:33 core.youtube_handler INFO     firefox brauzerindən cookies istifadə edilir.
2025.04.08 15:27:33 __main__             INFO     ✅ YouTube services initialized (firefox)
2025.04.08 15:27:33 __main__             INFO     🔌 Loading plugins...
2025.04.08 15:27:33 __main__             INFO     🔍 Scanning plugins in: plugins
2025.04.08 15:27:33 __main__             INFO     🔄 Loading: plugins.spotify_plugin
2025.04.08 15:27:33 __main__             INFO     ✅ Loaded (sync): plugins.spotify_plugin
2025.04.08 15:27:33 __main__             INFO     🔄 Loading: plugins.menu_plugin
2025.04.08 15:27:33 __main__             INFO     ✅ Loaded (sync): plugins.menu_plugin
2025.04.08 15:27:33 __main__             INFO     🔄 Loading: plugins.sudo_plugin
2025.04.08 15:27:33 __main__             INFO     ✅ Loaded (sync): plugins.sudo_plugin
2025.04.08 15:27:33 __main__             INFO     🔄 Loading: plugins.youtube_plugin
2025.04.08 15:27:33 __main__             INFO     ✅ Loaded (sync): plugins.youtube_plugin
2025.04.08 15:27:33 __main__             INFO     🔄 Loading: plugins.neofetch_plugin
2025.04.08 15:27:33 __main__             INFO     ✅ Loaded (sync): plugins.neofetch_plugin
2025.04.08 15:27:33 __main__             INFO     🔄 Loading: plugins.report_plugin
2025.04.08 15:27:33 __main__             INFO     ✅ Loaded (async): plugins.report_plugin
2025.04.08 15:27:33 __main__             INFO     🔄 Loading: plugins.del_plugin
2025.04.08 15:27:33 __main__             INFO     ✅ Loaded (sync): plugins.del_plugin
2025.04.08 15:27:33 __main__             INFO     🔄 Loading: plugins.music_plugin
2025.04.08 15:27:33 __main__             INFO     ✅ Loaded (sync): plugins.music_plugin
2025.04.08 15:27:33 __main__             INFO     🔄 Loading: plugins.start_plugin
2025.04.08 15:27:33 __main__             INFO     ✅ Loaded (async): plugins.start_plugin
2025.04.08 15:27:33 __main__             INFO     🔄 Loading: plugins.stats_plugin
2025.04.08 15:27:33 __main__             INFO     ✅ Loaded (sync): plugins.stats_plugin
2025.04.08 15:27:33 __main__             INFO     🔄 Loading: plugins.dir_plugin
2025.04.08 15:27:33 __main__             INFO     ✅ Loaded (sync): plugins.dir_plugin
2025.04.08 15:27:33 __main__             INFO     🔄 Loading: plugins.broadcast_plugin
2025.04.08 15:27:33 __main__             INFO     ✅ Loaded (sync): plugins.broadcast_plugin
2025.04.08 15:27:33 __main__             INFO     🔄 Loading: plugins.speedtest_plugin
2025.04.08 15:27:33 __main__             INFO     ✅ Loaded (sync): plugins.speedtest_plugin
2025.04.08 15:27:33 __main__             INFO     🔄 Loading: plugins.bot_logs
2025.04.08 15:27:33 __main__             INFO     ✅ Loaded (async): plugins.bot_logs
2025.04.08 15:27:33 __main__             INFO     🔄 Loading: plugins.inline_youtube
2025.04.08 15:27:33 plugins.inline_youtube INFO     ✅ YouTube plugin aktiv oldu
2025.04.08 15:27:33 __main__             INFO     ✅ Loaded (sync): plugins.inline_youtube
2025.04.08 15:27:33 __main__             INFO     🚀 Starting polling...
2025.04.08 15:27:33 aiogram.dispatcher   INFO     Start polling
2025.04.08 15:27:33 aiogram.dispatcher   INFO     Run polling for bot @dllmasterbot id=8095621527 - 'DLLMaster for Music'
2025.04.08 15:27:38 aiogram.event        INFO     Update id=511686526 is handled. Duration 484 ms by bot id=8095621527
2025.04.08 15:28:01 aiogram.event        INFO     Update id=511686527 is handled. Duration 6 ms by bot id=8095621527
2025.04.08 15:28:27 core.webprofile      INFO     firefox brauzerindən cookies istifadə edilir.
2025.04.08 15:28:27 core.webprofile      INFO     Seçilmiş User-Agent: Mozilla/5.0 (Linux; Android 14; SM-G998B) AppleWebKit/537.36 (KHTML, like Gecko) Chrome/122.0.0.0 Mobile Safari/537.36
2025.04.08 15:28:32 aiogram.event        INFO     Update id=511686528 is handled. Duration 5206 ms by bot id=8095621527
2025.04.08 15:28:35 core.webprofile      INFO     firefox brauzerindən cookies istifadə edilir.
2025.04.08 15:28:35 core.webprofile      INFO     Seçilmiş User-Agent: Mozilla/5.0 (Linux; Android 14; SM-G998B) AppleWebKit/537.36 (KHTML, like Gecko) Chrome/122.0.0.0 Mobile Safari/537.36
2025.04.08 15:28:48 plugins.music_plugin ERROR    Orijinal mesaj silinərkən xəta (seçim): Telegram server says - Bad Request: message to delete not found
2025.04.08 15:28:48 aiogram.event        INFO     Update id=511686529 is handled. Duration 13213 ms by bot id=8095621527
2025.04.08 15:29:40 aiogram.event        INFO     Update id=511686530 is handled. Duration 2 ms by bot id=8095621527
2025.04.08 15:29:42 aiogram.event        INFO     Update id=511686531 is handled. Duration 2 ms by bot id=8095621527
2025.04.08 15:29:59 aiogram.event        INFO     Update id=511686532 is not handled. Duration 2 ms by bot id=8095621527
2025.04.08 15:30:43 aiogram.event        INFO     Update id=511686533 is handled. Duration 3 ms by bot id=8095621527
2025.04.08 15:30:45 aiogram.event        INFO     Update id=511686534 is handled. Duration 1 ms by bot id=8095621527
2025.04.08 15:31:05 aiogram.event        INFO     Update id=511686535 is handled. Duration 2 ms by bot id=8095621527
2025.04.08 15:31:06 aiogram.event        INFO     Update id=511686536 is not handled. Duration 1 ms by bot id=8095621527
2025.04.08 15:31:09 aiogram.event        INFO     Update id=511686537 is handled. Duration 2 ms by bot id=8095621527
2025.04.08 15:31:14 aiogram.event        INFO     Update id=511686538 is handled. Duration 2 ms by bot id=8095621527
2025.04.08 15:31:16 aiogram.event        INFO     Update id=511686539 is handled. Duration 2 ms by bot id=8095621527
2025.04.08 15:31:17 aiogram.event        INFO     Update id=511686540 is handled. Duration 1 ms by bot id=8095621527
2025.04.08 15:31:23 aiogram.event        INFO     Update id=511686541 is handled. Duration 12 ms by bot id=8095621527
2025.04.08 15:31:25 aiogram.event        INFO     Update id=511686542 is handled. Duration 1 ms by bot id=8095621527
2025.04.08 15:31:31 aiogram.event        INFO     Update id=511686543 is handled. Duration 1 ms by bot id=8095621527
2025.04.08 15:31:37 aiogram.event        INFO     Update id=511686544 is handled. Duration 1 ms by bot id=8095621527
2025.04.08 15:31:42 aiogram.event        INFO     Update id=511686545 is handled. Duration 3 ms by bot id=8095621527
2025.04.08 15:32:06 aiogram.event        INFO     Update id=511686546 is handled. Duration 1 ms by bot id=8095621527
2025.04.08 15:32:18 aiogram.event        INFO     Update id=511686547 is handled. Duration 2 ms by bot id=8095621527
2025.04.08 15:32:27 aiogram.event        INFO     Update id=511686548 is handled. Duration 2 ms by bot id=8095621527
2025.04.08 15:32:33 aiogram.event        INFO     Update id=511686549 is handled. Duration 1 ms by bot id=8095621527
2025.04.08 15:32:42 aiogram.event        INFO     Update id=511686550 is handled. Duration 1 ms by bot id=8095621527
2025.04.08 15:32:50 aiogram.event        INFO     Update id=511686551 is handled. Duration 1 ms by bot id=8095621527
2025.04.08 15:32:51 aiogram.dispatcher   WARNING  Received SIGINT signal
2025.04.08 15:32:51 aiogram.dispatcher   INFO     Polling stopped for bot @dllmasterbot id=8095621527 - 'DLLMaster for Music'
2025.04.08 15:32:51 aiogram.dispatcher   INFO     Polling stopped
2025.04.08 15:32:51 __main__             INFO     🛑 Polling stopped
2025.04.08 15:32:51 __main__             INFO     🔴 Bot stopped
2025.04.08 15:32:57 dotenv.main          WARNING  python-dotenv could not parse statement starting at line 5
2025.04.08 15:32:57 __main__             INFO     🤖 Starting bot...
2025.04.08 15:32:57 __main__             INFO     🚀 Starting bot initialization...
2025.04.08 15:32:57 __main__             INFO     ✅ Database initialized successfully
2025.04.08 15:32:57 core.spotify_handler INFO     Spotify API connection established.
2025.04.08 15:32:57 __main__             INFO     ✅ Spotify service initialized
2025.04.08 15:32:57 core.webprofile      INFO     Seçilmiş User-Agent: Mozilla/5.0 (iPad; CPU OS 17_2 like Mac OS X) AppleWebKit/605.1.15 (KHTML, like Gecko) Version/17.2 Mobile/15E148 Safari/604.1
2025.04.08 15:32:57 core.youtube_handler INFO     firefox brauzerindən cookies istifadə edilir.
2025.04.08 15:32:57 __main__             INFO     ✅ YouTube services initialized (firefox)
2025.04.08 15:32:57 __main__             INFO     🔌 Loading plugins...
2025.04.08 15:32:57 __main__             INFO     🔍 Scanning plugins in: plugins
2025.04.08 15:32:57 __main__             INFO     🔄 Loading: plugins.spotify_plugin
2025.04.08 15:32:57 __main__             INFO     ✅ Loaded (sync): plugins.spotify_plugin
2025.04.08 15:32:57 __main__             INFO     🔄 Loading: plugins.menu_plugin
2025.04.08 15:32:57 __main__             INFO     ✅ Loaded (sync): plugins.menu_plugin
2025.04.08 15:32:57 __main__             INFO     🔄 Loading: plugins.sudo_plugin
2025.04.08 15:32:57 __main__             INFO     ✅ Loaded (sync): plugins.sudo_plugin
2025.04.08 15:32:57 __main__             INFO     🔄 Loading: plugins.youtube_plugin
2025.04.08 15:32:57 __main__             INFO     ✅ Loaded (sync): plugins.youtube_plugin
2025.04.08 15:32:57 __main__             INFO     🔄 Loading: plugins.neofetch_plugin
2025.04.08 15:32:57 __main__             INFO     ✅ Loaded (sync): plugins.neofetch_plugin
2025.04.08 15:32:57 __main__             INFO     🔄 Loading: plugins.report_plugin
2025.04.08 15:32:57 __main__             INFO     ✅ Loaded (async): plugins.report_plugin
2025.04.08 15:32:57 __main__             INFO     🔄 Loading: plugins.del_plugin
2025.04.08 15:32:57 __main__             INFO     ✅ Loaded (sync): plugins.del_plugin
2025.04.08 15:32:57 __main__             INFO     🔄 Loading: plugins.music_plugin
2025.04.08 15:32:57 __main__             INFO     ✅ Loaded (sync): plugins.music_plugin
2025.04.08 15:32:57 __main__             INFO     🔄 Loading: plugins.start_plugin
2025.04.08 15:32:57 __main__             INFO     ✅ Loaded (async): plugins.start_plugin
2025.04.08 15:32:57 __main__             INFO     🔄 Loading: plugins.stats_plugin
2025.04.08 15:32:57 __main__             INFO     ✅ Loaded (sync): plugins.stats_plugin
2025.04.08 15:32:57 __main__             INFO     🔄 Loading: plugins.dir_plugin
2025.04.08 15:32:57 __main__             INFO     ✅ Loaded (sync): plugins.dir_plugin
2025.04.08 15:32:57 __main__             INFO     🔄 Loading: plugins.broadcast_plugin
2025.04.08 15:32:57 __main__             INFO     ✅ Loaded (sync): plugins.broadcast_plugin
2025.04.08 15:32:57 __main__             INFO     🔄 Loading: plugins.speedtest_plugin
2025.04.08 15:32:57 __main__             INFO     ✅ Loaded (sync): plugins.speedtest_plugin
2025.04.08 15:32:57 __main__             INFO     🔄 Loading: plugins.bot_logs
2025.04.08 15:32:57 __main__             INFO     ✅ Loaded (async): plugins.bot_logs
2025.04.08 15:32:57 __main__             INFO     🔄 Loading: plugins.inline_youtube
2025.04.08 15:32:57 plugins.inline_youtube INFO     ✅ YouTube plugin aktiv oldu
2025.04.08 15:32:57 __main__             INFO     ✅ Loaded (sync): plugins.inline_youtube
2025.04.08 15:32:57 __main__             INFO     🚀 Starting polling...
2025.04.08 15:32:57 aiogram.dispatcher   INFO     Start polling
2025.04.08 15:32:57 aiogram.dispatcher   INFO     Run polling for bot @dllmasterbot id=8095621527 - 'DLLMaster for Music'
2025.04.08 15:33:07 aiogram.event        INFO     Update id=511686552 is handled. Duration 1 ms by bot id=8095621527
2025.04.08 15:33:19 aiogram.event        INFO     Update id=511686553 is handled. Duration 3 ms by bot id=8095621527
2025.04.08 15:33:19 aiogram.event        INFO     Update id=511686554 is handled. Duration 3 ms by bot id=8095621527
2025.04.08 15:33:24 aiogram.event        INFO     Update id=511686555 is handled. Duration 1 ms by bot id=8095621527
2025.04.08 15:33:29 aiogram.event        INFO     Update id=511686556 is handled. Duration 1 ms by bot id=8095621527
2025.04.08 15:33:56 aiogram.event        INFO     Update id=511686557 is handled. Duration 1 ms by bot id=8095621527
2025.04.08 15:33:58 aiogram.event        INFO     Update id=511686558 is handled. Duration 3 ms by bot id=8095621527
2025.04.08 15:34:00 aiogram.event        INFO     Update id=511686559 is handled. Duration 1 ms by bot id=8095621527
2025.04.08 15:34:03 aiogram.event        INFO     Update id=511686560 is handled. Duration 1 ms by bot id=8095621527
2025.04.08 15:34:33 aiogram.event        INFO     Update id=511686561 is handled. Duration 1 ms by bot id=8095621527
2025.04.08 15:34:34 aiogram.event        INFO     Update id=511686562 is not handled. Duration 1 ms by bot id=8095621527
2025.04.08 15:34:37 aiogram.event        INFO     Update id=511686563 is handled. Duration 2 ms by bot id=8095621527
2025.04.08 15:34:50 aiogram.event        INFO     Update id=511686564 is handled. Duration 1 ms by bot id=8095621527
2025.04.08 15:37:05 aiogram.event        INFO     Update id=511686565 is handled. Duration 1 ms by bot id=8095621527
2025.04.08 15:37:46 aiogram.event        INFO     Update id=511686566 is handled. Duration 11 ms by bot id=8095621527
2025.04.08 15:38:25 aiogram.event        INFO     Update id=511686567 is not handled. Duration 1 ms by bot id=8095621527
2025.04.08 15:38:35 aiogram.event        INFO     Update id=511686568 is handled. Duration 2 ms by bot id=8095621527
2025.04.08 15:38:37 aiogram.event        INFO     Update id=511686569 is handled. Duration 1 ms by bot id=8095621527
2025.04.08 15:38:39 aiogram.event        INFO     Update id=511686570 is handled. Duration 1 ms by bot id=8095621527
2025.04.08 15:38:42 aiogram.event        INFO     Update id=511686571 is handled. Duration 1 ms by bot id=8095621527
2025.04.08 15:39:02 aiogram.event        INFO     Update id=511686572 is handled. Duration 3 ms by bot id=8095621527
2025.04.08 15:39:03 aiogram.event        INFO     Update id=511686573 is not handled. Duration 2 ms by bot id=8095621527
2025.04.08 15:39:10 aiogram.event        INFO     Update id=511686574 is not handled. Duration 2 ms by bot id=8095621527
2025.04.08 15:39:23 aiogram.event        INFO     Update id=511686575 is not handled. Duration 2 ms by bot id=8095621527
2025.04.08 15:39:58 aiogram.event        INFO     Update id=511686576 is handled. Duration 2 ms by bot id=8095621527
2025.04.08 15:40:51 aiogram.event        INFO     Update id=511686577 is handled. Duration 2 ms by bot id=8095621527
2025.04.08 15:42:20 aiogram.event        INFO     Update id=511686578 is handled. Duration 1 ms by bot id=8095621527
2025.04.08 15:42:22 aiogram.event        INFO     Update id=511686579 is handled. Duration 1 ms by bot id=8095621527
2025.04.08 15:42:38 aiogram.event        INFO     Update id=511686580 is handled. Duration 1 ms by bot id=8095621527
2025.04.08 15:43:07 aiogram.event        INFO     Update id=511686581 is handled. Duration 5 ms by bot id=8095621527
2025.04.08 15:43:10 aiogram.event        INFO     Update id=511686582 is handled. Duration 2 ms by bot id=8095621527
2025.04.08 15:43:17 aiogram.event        INFO     Update id=511686583 is handled. Duration 2 ms by bot id=8095621527
2025.04.08 15:43:36 aiogram.event        INFO     Update id=511686584 is handled. Duration 1 ms by bot id=8095621527
2025.04.08 15:43:36 aiogram.event        INFO     Update id=511686585 is handled. Duration 1 ms by bot id=8095621527
2025.04.08 15:43:37 aiogram.event        INFO     Update id=511686586 is handled. Duration 2 ms by bot id=8095621527
2025.04.08 15:43:40 aiogram.event        INFO     Update id=511686587 is not handled. Duration 2 ms by bot id=8095621527
2025.04.08 15:43:46 aiogram.event        INFO     Update id=511686588 is handled. Duration 1 ms by bot id=8095621527
2025.04.08 15:44:10 aiogram.event        INFO     Update id=511686589 is handled. Duration 5 ms by bot id=8095621527
2025.04.08 15:44:22 aiogram.event        INFO     Update id=511686590 is handled. Duration 1 ms by bot id=8095621527
2025.04.08 15:44:31 aiogram.event        INFO     Update id=511686591 is handled. Duration 4 ms by bot id=8095621527
2025.04.08 15:44:35 aiogram.event        INFO     Update id=511686592 is handled. Duration 1 ms by bot id=8095621527
2025.04.08 15:44:55 aiogram.event        INFO     Update id=511686593 is handled. Duration 47 ms by bot id=8095621527
2025.04.08 15:44:56 aiogram.event        INFO     Update id=511686594 is not handled. Duration 4 ms by bot id=8095621527
2025.04.08 15:45:08 aiogram.event        INFO     Update id=511686595 is handled. Duration 1 ms by bot id=8095621527
2025.04.08 15:45:09 aiogram.event        INFO     Update id=511686596 is handled. Duration 2 ms by bot id=8095621527
2025.04.08 15:45:16 aiogram.event        INFO     Update id=511686597 is handled. Duration 52 ms by bot id=8095621527
2025.04.08 15:46:01 aiogram.event        INFO     Update id=511686598 is handled. Duration 2 ms by bot id=8095621527
2025.04.08 15:46:12 aiogram.event        INFO     Update id=511686599 is handled. Duration 2 ms by bot id=8095621527
2025.04.08 15:47:33 aiogram.event        INFO     Update id=511686600 is handled. Duration 2 ms by bot id=8095621527
2025.04.08 15:47:38 aiogram.event        INFO     Update id=511686601 is handled. Duration 1 ms by bot id=8095621527
2025.04.08 15:47:49 aiogram.event        INFO     Update id=511686602 is not handled. Duration 0 ms by bot id=8095621527
2025.04.08 15:48:21 aiogram.event        INFO     Update id=511686603 is handled. Duration 1 ms by bot id=8095621527
2025.04.08 15:48:24 aiogram.event        INFO     Update id=511686604 is handled. Duration 12 ms by bot id=8095621527
2025.04.08 15:48:27 aiogram.event        INFO     Update id=511686605 is handled. Duration 8 ms by bot id=8095621527
2025.04.08 15:48:28 aiogram.event        INFO     Update id=511686606 is handled. Duration 17 ms by bot id=8095621527
2025.04.08 15:48:29 aiogram.event        INFO     Update id=511686607 is handled. Duration 50 ms by bot id=8095621527
2025.04.08 15:49:27 aiogram.event        INFO     Update id=511686608 is handled. Duration 3 ms by bot id=8095621527
2025.04.08 15:50:26 aiogram.event        INFO     Update id=511686609 is handled. Duration 4 ms by bot id=8095621527
2025.04.08 15:51:19 aiogram.event        INFO     Update id=511686610 is handled. Duration 1 ms by bot id=8095621527
2025.04.08 15:52:14 aiogram.event        INFO     Update id=511686611 is handled. Duration 1 ms by bot id=8095621527
2025.04.08 15:53:21 aiogram.event        INFO     Update id=511686612 is handled. Duration 1 ms by bot id=8095621527
2025.04.08 15:56:57 aiogram.event        INFO     Update id=511686613 is handled. Duration 51 ms by bot id=8095621527
2025.04.08 15:58:05 aiogram.event        INFO     Update id=511686614 is handled. Duration 9 ms by bot id=8095621527
2025.04.08 15:58:16 aiogram.event        INFO     Update id=511686615 is handled. Duration 5 ms by bot id=8095621527
2025.04.08 16:00:46 aiogram.event        INFO     Update id=511686616 is handled. Duration 3 ms by bot id=8095621527
2025.04.08 16:02:18 aiogram.event        INFO     Update id=511686617 is handled. Duration 1 ms by bot id=8095621527
2025.04.08 16:02:27 aiogram.event        INFO     Update id=511686618 is handled. Duration 1 ms by bot id=8095621527
2025.04.08 16:02:31 aiogram.event        INFO     Update id=511686619 is handled. Duration 1 ms by bot id=8095621527
2025.04.08 16:02:33 aiogram.event        INFO     Update id=511686620 is handled. Duration 1 ms by bot id=8095621527
2025.04.08 16:02:53 aiogram.event        INFO     Update id=511686621 is handled. Duration 1 ms by bot id=8095621527
2025.04.08 16:03:31 aiogram.event        INFO     Update id=511686622 is handled. Duration 2 ms by bot id=8095621527
2025.04.08 16:03:39 aiogram.event        INFO     Update id=511686623 is handled. Duration 1 ms by bot id=8095621527
2025.04.08 16:03:44 aiogram.event        INFO     Update id=511686624 is handled. Duration 1 ms by bot id=8095621527
2025.04.08 16:04:49 aiogram.event        INFO     Update id=511686625 is handled. Duration 1 ms by bot id=8095621527
2025.04.08 16:04:52 aiogram.event        INFO     Update id=511686626 is handled. Duration 2 ms by bot id=8095621527
2025.04.08 16:05:22 aiogram.event        INFO     Update id=511686627 is handled. Duration 2 ms by bot id=8095621527
2025.04.08 16:05:31 aiogram.event        INFO     Update id=511686628 is handled. Duration 1 ms by bot id=8095621527
2025.04.08 16:05:52 aiogram.event        INFO     Update id=511686629 is handled. Duration 1 ms by bot id=8095621527
2025.04.08 16:05:55 aiogram.event        INFO     Update id=511686630 is handled. Duration 2 ms by bot id=8095621527
2025.04.08 16:05:59 aiogram.event        INFO     Update id=511686631 is handled. Duration 1 ms by bot id=8095621527
2025.04.08 16:06:01 aiogram.event        INFO     Update id=511686632 is handled. Duration 1 ms by bot id=8095621527
2025.04.08 16:06:56 aiogram.event        INFO     Update id=511686633 is handled. Duration 1 ms by bot id=8095621527
2025.04.08 16:06:58 aiogram.event        INFO     Update id=511686634 is not handled. Duration 4 ms by bot id=8095621527
2025.04.08 16:07:02 aiogram.event        INFO     Update id=511686635 is not handled. Duration 6 ms by bot id=8095621527
2025.04.08 16:07:24 aiogram.event        INFO     Update id=511686636 is handled. Duration 2 ms by bot id=8095621527
2025.04.08 16:07:35 aiogram.event        INFO     Update id=511686637 is handled. Duration 1 ms by bot id=8095621527
2025.04.08 16:07:39 aiogram.event        INFO     Update id=511686638 is handled. Duration 1 ms by bot id=8095621527
2025.04.08 16:07:44 aiogram.event        INFO     Update id=511686639 is handled. Duration 2 ms by bot id=8095621527
2025.04.08 16:07:46 aiogram.event        INFO     Update id=511686640 is handled. Duration 2 ms by bot id=8095621527
2025.04.08 16:08:13 aiogram.event        INFO     Update id=511686641 is handled. Duration 2 ms by bot id=8095621527
2025.04.08 16:08:15 aiogram.event        INFO     Update id=511686642 is handled. Duration 1 ms by bot id=8095621527
2025.04.08 16:08:19 aiogram.event        INFO     Update id=511686643 is handled. Duration 1 ms by bot id=8095621527
2025.04.08 16:08:20 aiogram.event        INFO     Update id=511686644 is handled. Duration 1 ms by bot id=8095621527
2025.04.08 16:08:32 aiogram.event        INFO     Update id=511686645 is handled. Duration 4 ms by bot id=8095621527
2025.04.08 16:08:32 aiogram.event        INFO     Update id=511686646 is handled. Duration 4 ms by bot id=8095621527
2025.04.08 16:08:42 aiogram.event        INFO     Update id=511686647 is handled. Duration 2 ms by bot id=8095621527
2025.04.08 16:08:47 aiogram.event        INFO     Update id=511686648 is not handled. Duration 2 ms by bot id=8095621527
2025.04.08 16:08:52 aiogram.event        INFO     Update id=511686649 is handled. Duration 4 ms by bot id=8095621527
2025.04.08 16:08:55 aiogram.event        INFO     Update id=511686650 is handled. Duration 58 ms by bot id=8095621527
2025.04.08 16:08:56 aiogram.event        INFO     Update id=511686651 is handled. Duration 6 ms by bot id=8095621527
2025.04.08 16:08:59 aiogram.event        INFO     Update id=511686652 is handled. Duration 1 ms by bot id=8095621527
2025.04.08 16:08:59 aiogram.event        INFO     Update id=511686653 is handled. Duration 1 ms by bot id=8095621527
2025.04.08 16:09:03 aiogram.event        INFO     Update id=511686654 is handled. Duration 5 ms by bot id=8095621527
2025.04.08 16:09:05 aiogram.event        INFO     Update id=511686655 is not handled. Duration 2 ms by bot id=8095621527
2025.04.08 16:09:06 aiogram.event        INFO     Update id=511686656 is handled. Duration 1 ms by bot id=8095621527
2025.04.08 16:09:08 aiogram.event        INFO     Update id=511686657 is handled. Duration 8 ms by bot id=8095621527
2025.04.08 16:09:12 aiogram.event        INFO     Update id=511686658 is handled. Duration 1 ms by bot id=8095621527
2025.04.08 16:09:14 aiogram.event        INFO     Update id=511686659 is handled. Duration 2 ms by bot id=8095621527
2025.04.08 16:09:15 aiogram.event        INFO     Update id=511686660 is handled. Duration 3 ms by bot id=8095621527
2025.04.08 16:09:15 aiogram.event        INFO     Update id=511686661 is handled. Duration 3 ms by bot id=8095621527
2025.04.08 16:09:22 aiogram.event        INFO     Update id=511686662 is handled. Duration 1 ms by bot id=8095621527
2025.04.08 16:09:25 aiogram.event        INFO     Update id=511686663 is handled. Duration 1 ms by bot id=8095621527
2025.04.08 16:09:36 aiogram.event        INFO     Update id=511686664 is handled. Duration 1 ms by bot id=8095621527
2025.04.08 16:09:39 aiogram.event        INFO     Update id=511686665 is handled. Duration 1 ms by bot id=8095621527
2025.04.08 16:09:40 aiogram.event        INFO     Update id=511686666 is handled. Duration 2 ms by bot id=8095621527
2025.04.08 16:09:49 aiogram.event        INFO     Update id=511686667 is handled. Duration 1 ms by bot id=8095621527
2025.04.08 16:09:50 aiogram.event        INFO     Update id=511686668 is handled. Duration 1 ms by bot id=8095621527
2025.04.08 16:09:50 aiogram.event        INFO     Update id=511686669 is handled. Duration 1 ms by bot id=8095621527
2025.04.08 16:10:00 aiogram.event        INFO     Update id=511686670 is handled. Duration 1 ms by bot id=8095621527
2025.04.08 16:10:01 aiogram.event        INFO     Update id=511686671 is not handled. Duration 2 ms by bot id=8095621527
2025.04.08 16:10:03 aiogram.event        INFO     Update id=511686672 is handled. Duration 8 ms by bot id=8095621527
2025.04.08 16:10:04 aiogram.event        INFO     Update id=511686673 is handled. Duration 2 ms by bot id=8095621527
2025.04.08 16:10:13 aiogram.event        INFO     Update id=511686674 is handled. Duration 3 ms by bot id=8095621527
2025.04.08 16:10:17 aiogram.event        INFO     Update id=511686675 is handled. Duration 1 ms by bot id=8095621527
2025.04.08 16:10:22 aiogram.event        INFO     Update id=511686676 is handled. Duration 1 ms by bot id=8095621527
2025.04.08 16:10:25 aiogram.event        INFO     Update id=511686677 is handled. Duration 1 ms by bot id=8095621527
2025.04.08 16:10:28 aiogram.event        INFO     Update id=511686678 is handled. Duration 2 ms by bot id=8095621527
2025.04.08 16:10:32 aiogram.event        INFO     Update id=511686679 is handled. Duration 1 ms by bot id=8095621527
2025.04.08 16:10:36 aiogram.event        INFO     Update id=511686680 is handled. Duration 3 ms by bot id=8095621527
2025.04.08 16:10:47 aiogram.event        INFO     Update id=511686681 is handled. Duration 2 ms by bot id=8095621527
2025.04.08 16:10:49 aiogram.event        INFO     Update id=511686682 is handled. Duration 2 ms by bot id=8095621527
2025.04.08 16:10:53 aiogram.event        INFO     Update id=511686683 is not handled. Duration 2 ms by bot id=8095621527
2025.04.08 16:11:10 aiogram.event        INFO     Update id=511686684 is handled. Duration 3 ms by bot id=8095621527
2025.04.08 16:11:10 aiogram.event        INFO     Update id=511686685 is handled. Duration 1 ms by bot id=8095621527
2025.04.08 16:11:22 aiogram.event        INFO     Update id=511686686 is handled. Duration 1 ms by bot id=8095621527
2025.04.08 16:11:33 aiogram.event        INFO     Update id=511686687 is handled. Duration 1 ms by bot id=8095621527
2025.04.08 16:11:33 aiogram.event        INFO     Update id=511686688 is handled. Duration 1 ms by bot id=8095621527
2025.04.08 16:11:45 aiogram.event        INFO     Update id=511686689 is not handled. Duration 2 ms by bot id=8095621527
2025.04.08 16:12:07 aiogram.event        INFO     Update id=511686690 is not handled. Duration 2 ms by bot id=8095621527
2025.04.08 16:12:26 aiogram.event        INFO     Update id=511686691 is not handled. Duration 1 ms by bot id=8095621527
2025.04.08 16:12:37 aiogram.event        INFO     Update id=511686692 is handled. Duration 1 ms by bot id=8095621527
2025.04.08 16:12:42 aiogram.event        INFO     Update id=511686693 is handled. Duration 1 ms by bot id=8095621527
2025.04.08 16:12:45 aiogram.event        INFO     Update id=511686694 is handled. Duration 1 ms by bot id=8095621527
2025.04.08 16:12:48 aiogram.event        INFO     Update id=511686695 is handled. Duration 4 ms by bot id=8095621527
2025.04.08 16:12:50 aiogram.event        INFO     Update id=511686696 is handled. Duration 2 ms by bot id=8095621527
2025.04.08 16:12:53 aiogram.event        INFO     Update id=511686697 is not handled. Duration 7 ms by bot id=8095621527
2025.04.08 16:12:55 aiogram.event        INFO     Update id=511686698 is handled. Duration 1 ms by bot id=8095621527
2025.04.08 16:12:57 aiogram.event        INFO     Update id=511686699 is handled. Duration 1 ms by bot id=8095621527
2025.04.08 16:13:00 aiogram.event        INFO     Update id=511686700 is handled. Duration 1 ms by bot id=8095621527
2025.04.08 16:13:05 aiogram.event        INFO     Update id=511686701 is handled. Duration 1 ms by bot id=8095621527
2025.04.08 16:13:06 aiogram.event        INFO     Update id=511686702 is handled. Duration 1 ms by bot id=8095621527
2025.04.08 16:13:13 aiogram.event        INFO     Update id=511686703 is handled. Duration 2 ms by bot id=8095621527
2025.04.08 16:13:16 aiogram.event        INFO     Update id=511686704 is handled. Duration 2 ms by bot id=8095621527
2025.04.08 16:13:17 aiogram.event        INFO     Update id=511686705 is handled. Duration 2 ms by bot id=8095621527
2025.04.08 16:13:17 aiogram.event        INFO     Update id=511686706 is handled. Duration 2 ms by bot id=8095621527
2025.04.08 16:13:23 aiogram.event        INFO     Update id=511686707 is handled. Duration 1 ms by bot id=8095621527
2025.04.08 16:13:24 aiogram.event        INFO     Update id=511686708 is handled. Duration 2 ms by bot id=8095621527
2025.04.08 16:13:32 aiogram.event        INFO     Update id=511686709 is handled. Duration 1 ms by bot id=8095621527
2025.04.08 16:13:32 aiogram.event        INFO     Update id=511686710 is handled. Duration 1 ms by bot id=8095621527
2025.04.08 16:13:46 aiogram.event        INFO     Update id=511686711 is handled. Duration 9 ms by bot id=8095621527
2025.04.08 16:13:53 aiogram.event        INFO     Update id=511686712 is not handled. Duration 3 ms by bot id=8095621527
2025.04.08 16:13:57 aiogram.event        INFO     Update id=511686713 is not handled. Duration 2 ms by bot id=8095621527
2025.04.08 16:13:59 aiogram.event        INFO     Update id=511686714 is handled. Duration 1 ms by bot id=8095621527
2025.04.08 16:13:59 aiogram.event        INFO     Update id=511686715 is handled. Duration 1 ms by bot id=8095621527
2025.04.08 16:14:04 aiogram.event        INFO     Update id=511686716 is handled. Duration 2 ms by bot id=8095621527
2025.04.08 16:14:04 aiogram.event        INFO     Update id=511686717 is handled. Duration 7 ms by bot id=8095621527
2025.04.08 16:14:09 aiogram.event        INFO     Update id=511686718 is handled. Duration 2 ms by bot id=8095621527
2025.04.08 16:14:18 aiogram.event        INFO     Update id=511686719 is not handled. Duration 2 ms by bot id=8095621527
2025.04.08 16:14:19 aiogram.event        INFO     Update id=511686720 is handled. Duration 1 ms by bot id=8095621527
2025.04.08 16:14:25 aiogram.event        INFO     Update id=511686721 is handled. Duration 2 ms by bot id=8095621527
2025.04.08 16:14:31 aiogram.event        INFO     Update id=511686722 is handled. Duration 1 ms by bot id=8095621527
2025.04.08 16:14:35 aiogram.event        INFO     Update id=511686723 is handled. Duration 1 ms by bot id=8095621527
2025.04.08 16:14:37 aiogram.event        INFO     Update id=511686724 is handled. Duration 1 ms by bot id=8095621527
2025.04.08 16:14:51 aiogram.event        INFO     Update id=511686725 is handled. Duration 1 ms by bot id=8095621527
2025.04.08 16:15:00 aiogram.event        INFO     Update id=511686726 is handled. Duration 1 ms by bot id=8095621527
2025.04.08 16:15:01 aiogram.event        INFO     Update id=511686727 is handled. Duration 14 ms by bot id=8095621527
2025.04.08 16:15:01 aiogram.event        INFO     Update id=511686728 is handled. Duration 10 ms by bot id=8095621527
2025.04.08 16:15:01 aiogram.event        INFO     Update id=511686729 is handled. Duration 9 ms by bot id=8095621527
2025.04.08 16:15:27 aiogram.event        INFO     Update id=511686730 is handled. Duration 3 ms by bot id=8095621527
2025.04.08 16:15:31 aiogram.event        INFO     Update id=511686731 is not handled. Duration 2 ms by bot id=8095621527
2025.04.08 16:15:47 aiogram.event        INFO     Update id=511686732 is handled. Duration 1 ms by bot id=8095621527
2025.04.08 16:15:49 aiogram.event        INFO     Update id=511686733 is handled. Duration 1 ms by bot id=8095621527
2025.04.08 16:15:52 aiogram.event        INFO     Update id=511686734 is handled. Duration 1 ms by bot id=8095621527
2025.04.08 16:15:56 aiogram.event        INFO     Update id=511686735 is handled. Duration 1 ms by bot id=8095621527
2025.04.08 16:15:57 aiogram.event        INFO     Update id=511686736 is handled. Duration 1 ms by bot id=8095621527
2025.04.08 16:16:03 aiogram.event        INFO     Update id=511686737 is handled. Duration 1 ms by bot id=8095621527
2025.04.08 16:16:07 aiogram.event        INFO     Update id=511686738 is not handled. Duration 1 ms by bot id=8095621527
2025.04.08 16:16:11 aiogram.event        INFO     Update id=511686739 is handled. Duration 1 ms by bot id=8095621527
2025.04.08 16:16:16 aiogram.event        INFO     Update id=511686740 is handled. Duration 2 ms by bot id=8095621527
2025.04.08 16:16:19 aiogram.event        INFO     Update id=511686741 is handled. Duration 1 ms by bot id=8095621527
2025.04.08 16:16:20 aiogram.event        INFO     Update id=511686742 is handled. Duration 1 ms by bot id=8095621527
2025.04.08 16:16:22 aiogram.event        INFO     Update id=511686743 is handled. Duration 1 ms by bot id=8095621527
2025.04.08 16:16:24 aiogram.event        INFO     Update id=511686744 is handled. Duration 1 ms by bot id=8095621527
2025.04.08 16:16:29 aiogram.event        INFO     Update id=511686745 is handled. Duration 1 ms by bot id=8095621527
2025.04.08 16:16:32 aiogram.event        INFO     Update id=511686746 is handled. Duration 1 ms by bot id=8095621527
2025.04.08 16:16:36 aiogram.event        INFO     Update id=511686747 is handled. Duration 1 ms by bot id=8095621527
2025.04.08 16:16:38 aiogram.event        INFO     Update id=511686748 is handled. Duration 1 ms by bot id=8095621527
2025.04.08 16:16:45 aiogram.event        INFO     Update id=511686749 is not handled. Duration 2 ms by bot id=8095621527
2025.04.08 16:16:51 aiogram.event        INFO     Update id=511686750 is handled. Duration 4 ms by bot id=8095621527
2025.04.08 16:16:51 aiogram.event        INFO     Update id=511686751 is handled. Duration 5 ms by bot id=8095621527
2025.04.08 16:16:55 aiogram.event        INFO     Update id=511686752 is handled. Duration 1 ms by bot id=8095621527
2025.04.08 16:17:05 aiogram.event        INFO     Update id=511686753 is handled. Duration 2 ms by bot id=8095621527
2025.04.08 16:17:07 aiogram.event        INFO     Update id=511686754 is handled. Duration 2 ms by bot id=8095621527
2025.04.08 16:17:17 aiogram.event        INFO     Update id=511686755 is not handled. Duration 1 ms by bot id=8095621527
2025.04.08 16:17:24 aiogram.event        INFO     Update id=511686756 is handled. Duration 1 ms by bot id=8095621527
2025.04.08 16:17:26 aiogram.event        INFO     Update id=511686757 is not handled. Duration 2 ms by bot id=8095621527
2025.04.08 16:17:27 aiogram.event        INFO     Update id=511686758 is handled. Duration 1 ms by bot id=8095621527
2025.04.08 16:17:31 aiogram.event        INFO     Update id=511686759 is handled. Duration 1 ms by bot id=8095621527
2025.04.08 16:17:33 aiogram.event        INFO     Update id=511686760 is handled. Duration 1 ms by bot id=8095621527
2025.04.08 16:17:37 aiogram.event        INFO     Update id=511686761 is not handled. Duration 1 ms by bot id=8095621527
2025.04.08 16:17:39 aiogram.event        INFO     Update id=511686762 is not handled. Duration 2 ms by bot id=8095621527
2025.04.08 16:17:46 aiogram.event        INFO     Update id=511686763 is handled. Duration 2 ms by bot id=8095621527
2025.04.08 16:17:52 aiogram.event        INFO     Update id=511686764 is handled. Duration 2 ms by bot id=8095621527
2025.04.08 16:17:55 aiogram.event        INFO     Update id=511686765 is handled. Duration 3 ms by bot id=8095621527
2025.04.08 16:17:55 aiogram.event        INFO     Update id=511686766 is handled. Duration 3 ms by bot id=8095621527
2025.04.08 16:17:59 aiogram.event        INFO     Update id=511686767 is handled. Duration 1 ms by bot id=8095621527
2025.04.08 16:18:16 aiogram.event        INFO     Update id=511686768 is handled. Duration 1 ms by bot id=8095621527
2025.04.08 16:18:23 aiogram.event        INFO     Update id=511686769 is handled. Duration 1 ms by bot id=8095621527
2025.04.08 16:18:55 aiogram.event        INFO     Update id=511686770 is handled. Duration 5 ms by bot id=8095621527
2025.04.08 16:18:56 aiogram.event        INFO     Update id=511686771 is handled. Duration 1 ms by bot id=8095621527
2025.04.08 16:19:00 aiogram.event        INFO     Update id=511686772 is handled. Duration 2 ms by bot id=8095621527
2025.04.08 16:19:02 aiogram.event        INFO     Update id=511686773 is handled. Duration 1 ms by bot id=8095621527
2025.04.08 16:19:06 aiogram.event        INFO     Update id=511686774 is handled. Duration 1 ms by bot id=8095621527
2025.04.08 16:19:06 aiogram.event        INFO     Update id=511686775 is handled. Duration 1 ms by bot id=8095621527
2025.04.08 16:19:08 aiogram.event        INFO     Update id=511686776 is handled. Duration 1 ms by bot id=8095621527
2025.04.08 16:19:13 aiogram.event        INFO     Update id=511686777 is handled. Duration 2 ms by bot id=8095621527
2025.04.08 16:19:13 aiogram.event        INFO     Update id=511686778 is handled. Duration 2 ms by bot id=8095621527
2025.04.08 16:19:18 aiogram.event        INFO     Update id=511686779 is handled. Duration 1 ms by bot id=8095621527
2025.04.08 16:19:22 aiogram.event        INFO     Update id=511686780 is handled. Duration 1 ms by bot id=8095621527
2025.04.08 16:19:29 aiogram.event        INFO     Update id=511686781 is handled. Duration 1 ms by bot id=8095621527
2025.04.08 16:19:33 aiogram.event        INFO     Update id=511686782 is handled. Duration 1 ms by bot id=8095621527
2025.04.08 16:19:39 aiogram.event        INFO     Update id=511686783 is handled. Duration 2 ms by bot id=8095621527
2025.04.08 16:19:48 aiogram.event        INFO     Update id=511686784 is handled. Duration 1 ms by bot id=8095621527
2025.04.08 16:20:05 aiogram.event        INFO     Update id=511686785 is handled. Duration 3 ms by bot id=8095621527
2025.04.08 16:20:07 aiogram.event        INFO     Update id=511686786 is handled. Duration 5 ms by bot id=8095621527
2025.04.08 16:20:09 aiogram.event        INFO     Update id=511686787 is handled. Duration 1 ms by bot id=8095621527
2025.04.08 16:20:11 aiogram.event        INFO     Update id=511686788 is handled. Duration 1 ms by bot id=8095621527
2025.04.08 16:20:15 aiogram.event        INFO     Update id=511686789 is handled. Duration 1 ms by bot id=8095621527
2025.04.08 16:20:18 aiogram.event        INFO     Update id=511686790 is handled. Duration 1 ms by bot id=8095621527
2025.04.08 16:20:22 aiogram.event        INFO     Update id=511686791 is handled. Duration 1 ms by bot id=8095621527
2025.04.08 16:20:27 aiogram.event        INFO     Update id=511686792 is handled. Duration 1 ms by bot id=8095621527
2025.04.08 16:20:36 aiogram.event        INFO     Update id=511686793 is handled. Duration 1 ms by bot id=8095621527
2025.04.08 16:20:38 aiogram.event        INFO     Update id=511686794 is handled. Duration 2 ms by bot id=8095621527
2025.04.08 16:20:41 aiogram.event        INFO     Update id=511686795 is handled. Duration 1 ms by bot id=8095621527
2025.04.08 16:20:50 aiogram.event        INFO     Update id=511686796 is handled. Duration 2 ms by bot id=8095621527
2025.04.08 16:20:54 aiogram.event        INFO     Update id=511686797 is handled. Duration 1 ms by bot id=8095621527
2025.04.08 16:20:57 aiogram.event        INFO     Update id=511686798 is handled. Duration 1 ms by bot id=8095621527
2025.04.08 16:20:57 aiogram.event        INFO     Update id=511686799 is handled. Duration 4 ms by bot id=8095621527
2025.04.08 16:20:58 aiogram.event        INFO     Update id=511686800 is handled. Duration 1 ms by bot id=8095621527
2025.04.08 16:20:59 aiogram.event        INFO     Update id=511686801 is handled. Duration 1 ms by bot id=8095621527
2025.04.08 16:21:02 aiogram.event        INFO     Update id=511686802 is handled. Duration 1 ms by bot id=8095621527
2025.04.08 16:21:07 aiogram.event        INFO     Update id=511686803 is handled. Duration 2 ms by bot id=8095621527
2025.04.08 16:21:09 aiogram.event        INFO     Update id=511686804 is handled. Duration 1 ms by bot id=8095621527
2025.04.08 16:21:09 aiogram.event        INFO     Update id=511686805 is handled. Duration 1 ms by bot id=8095621527
2025.04.08 16:21:27 aiogram.event        INFO     Update id=511686806 is handled. Duration 1 ms by bot id=8095621527
2025.04.08 16:21:33 aiogram.event        INFO     Update id=511686807 is handled. Duration 1 ms by bot id=8095621527
2025.04.08 16:21:39 aiogram.event        INFO     Update id=511686808 is handled. Duration 1 ms by bot id=8095621527
2025.04.08 16:21:47 aiogram.event        INFO     Update id=511686809 is handled. Duration 2 ms by bot id=8095621527
2025.04.08 16:21:52 aiogram.event        INFO     Update id=511686810 is not handled. Duration 1 ms by bot id=8095621527
2025.04.08 16:21:57 aiogram.event        INFO     Update id=511686811 is not handled. Duration 1 ms by bot id=8095621527
2025.04.08 16:21:58 aiogram.event        INFO     Update id=511686812 is handled. Duration 1 ms by bot id=8095621527
2025.04.08 16:22:00 aiogram.event        INFO     Update id=511686813 is handled. Duration 1 ms by bot id=8095621527
2025.04.08 16:22:04 aiogram.event        INFO     Update id=511686814 is handled. Duration 1 ms by bot id=8095621527
2025.04.08 16:22:06 aiogram.event        INFO     Update id=511686815 is handled. Duration 5 ms by bot id=8095621527
2025.04.08 16:22:21 aiogram.event        INFO     Update id=511686816 is handled. Duration 1 ms by bot id=8095621527
2025.04.08 16:22:23 aiogram.event        INFO     Update id=511686817 is handled. Duration 2 ms by bot id=8095621527
2025.04.08 16:22:33 aiogram.event        INFO     Update id=511686818 is handled. Duration 1 ms by bot id=8095621527
2025.04.08 16:22:40 aiogram.event        INFO     Update id=511686819 is handled. Duration 1 ms by bot id=8095621527
2025.04.08 16:22:51 aiogram.event        INFO     Update id=511686820 is handled. Duration 1 ms by bot id=8095621527
2025.04.08 16:22:53 aiogram.event        INFO     Update id=511686821 is handled. Duration 1 ms by bot id=8095621527
2025.04.08 16:23:08 aiogram.event        INFO     Update id=511686822 is handled. Duration 3 ms by bot id=8095621527
2025.04.08 16:23:08 aiogram.event        INFO     Update id=511686823 is handled. Duration 1 ms by bot id=8095621527
2025.04.08 16:23:12 aiogram.event        INFO     Update id=511686824 is handled. Duration 1 ms by bot id=8095621527
2025.04.08 16:23:18 aiogram.event        INFO     Update id=511686825 is handled. Duration 1 ms by bot id=8095621527
2025.04.08 16:23:20 aiogram.event        INFO     Update id=511686826 is handled. Duration 1 ms by bot id=8095621527
2025.04.08 16:23:32 aiogram.event        INFO     Update id=511686827 is handled. Duration 1 ms by bot id=8095621527
2025.04.08 16:23:34 aiogram.event        INFO     Update id=511686828 is handled. Duration 1 ms by bot id=8095621527
2025.04.08 16:23:35 aiogram.event        INFO     Update id=511686829 is handled. Duration 1 ms by bot id=8095621527
2025.04.08 16:23:40 aiogram.event        INFO     Update id=511686830 is handled. Duration 1 ms by bot id=8095621527
2025.04.08 16:23:47 aiogram.event        INFO     Update id=511686831 is handled. Duration 1 ms by bot id=8095621527
2025.04.08 16:23:48 aiogram.event        INFO     Update id=511686832 is handled. Duration 1 ms by bot id=8095621527
2025.04.08 16:23:58 aiogram.event        INFO     Update id=511686833 is handled. Duration 1 ms by bot id=8095621527
2025.04.08 16:24:06 aiogram.event        INFO     Update id=511686834 is handled. Duration 1 ms by bot id=8095621527
2025.04.08 16:24:06 aiogram.event        INFO     Update id=511686835 is handled. Duration 1 ms by bot id=8095621527
2025.04.08 16:24:11 aiogram.event        INFO     Update id=511686836 is handled. Duration 1 ms by bot id=8095621527
2025.04.08 16:24:17 aiogram.event        INFO     Update id=511686837 is handled. Duration 1 ms by bot id=8095621527
2025.04.08 16:24:23 aiogram.event        INFO     Update id=511686838 is handled. Duration 3 ms by bot id=8095621527
2025.04.08 16:24:29 aiogram.event        INFO     Update id=511686839 is not handled. Duration 1 ms by bot id=8095621527
2025.04.08 16:24:33 aiogram.event        INFO     Update id=511686840 is handled. Duration 3 ms by bot id=8095621527
2025.04.08 16:24:55 aiogram.event        INFO     Update id=511686841 is handled. Duration 3 ms by bot id=8095621527
2025.04.08 16:24:56 aiogram.event        INFO     Update id=511686842 is handled. Duration 1 ms by bot id=8095621527
2025.04.08 16:24:57 aiogram.event        INFO     Update id=511686843 is handled. Duration 2 ms by bot id=8095621527
2025.04.08 16:25:03 aiogram.event        INFO     Update id=511686844 is handled. Duration 2 ms by bot id=8095621527
2025.04.08 16:25:05 aiogram.event        INFO     Update id=511686845 is not handled. Duration 2 ms by bot id=8095621527
2025.04.08 16:25:05 aiogram.event        INFO     Update id=511686846 is handled. Duration 1 ms by bot id=8095621527
2025.04.08 16:25:12 aiogram.event        INFO     Update id=511686847 is handled. Duration 1 ms by bot id=8095621527
2025.04.08 16:25:25 aiogram.event        INFO     Update id=511686848 is handled. Duration 1 ms by bot id=8095621527
2025.04.08 16:25:36 aiogram.event        INFO     Update id=511686849 is not handled. Duration 5 ms by bot id=8095621527
2025.04.08 16:25:38 aiogram.event        INFO     Update id=511686850 is handled. Duration 1 ms by bot id=8095621527
2025.04.08 16:25:56 aiogram.event        INFO     Update id=511686851 is handled. Duration 2 ms by bot id=8095621527
2025.04.08 16:26:10 aiogram.event        INFO     Update id=511686852 is handled. Duration 1 ms by bot id=8095621527
2025.04.08 16:26:13 aiogram.event        INFO     Update id=511686853 is handled. Duration 2 ms by bot id=8095621527
2025.04.08 16:26:32 aiogram.event        INFO     Update id=511686854 is handled. Duration 2 ms by bot id=8095621527
2025.04.08 16:26:35 aiogram.event        INFO     Update id=511686855 is handled. Duration 3 ms by bot id=8095621527
2025.04.08 16:26:39 aiogram.event        INFO     Update id=511686856 is not handled. Duration 1 ms by bot id=8095621527
2025.04.08 16:26:46 aiogram.event        INFO     Update id=511686857 is handled. Duration 1 ms by bot id=8095621527
2025.04.08 16:26:49 aiogram.event        INFO     Update id=511686858 is not handled. Duration 1 ms by bot id=8095621527
2025.04.08 16:26:49 aiogram.event        INFO     Update id=511686859 is not handled. Duration 1 ms by bot id=8095621527
2025.04.08 16:26:49 aiogram.event        INFO     Update id=511686860 is not handled. Duration 1 ms by bot id=8095621527
2025.04.08 16:26:51 aiogram.event        INFO     Update id=511686861 is not handled. Duration 1 ms by bot id=8095621527
2025.04.08 16:26:52 aiogram.event        INFO     Update id=511686862 is not handled. Duration 1 ms by bot id=8095621527
2025.04.08 16:26:52 aiogram.event        INFO     Update id=511686863 is not handled. Duration 2 ms by bot id=8095621527
2025.04.08 16:26:52 aiogram.event        INFO     Update id=511686864 is not handled. Duration 2 ms by bot id=8095621527
2025.04.08 16:26:52 aiogram.event        INFO     Update id=511686865 is not handled. Duration 2 ms by bot id=8095621527
2025.04.08 16:26:52 aiogram.event        INFO     Update id=511686866 is not handled. Duration 1 ms by bot id=8095621527
2025.04.08 16:26:54 aiogram.event        INFO     Update id=511686867 is handled. Duration 1 ms by bot id=8095621527
2025.04.08 16:27:16 aiogram.event        INFO     Update id=511686868 is handled. Duration 1 ms by bot id=8095621527
2025.04.08 16:27:17 aiogram.event        INFO     Update id=511686869 is handled. Duration 1 ms by bot id=8095621527
2025.04.08 16:27:30 aiogram.event        INFO     Update id=511686870 is handled. Duration 2 ms by bot id=8095621527
2025.04.08 16:27:30 aiogram.event        INFO     Update id=511686871 is not handled. Duration 1 ms by bot id=8095621527
2025.04.08 16:27:32 aiogram.event        INFO     Update id=511686872 is handled. Duration 1 ms by bot id=8095621527
2025.04.08 16:27:35 aiogram.event        INFO     Update id=511686873 is handled. Duration 1 ms by bot id=8095621527
2025.04.08 16:27:39 aiogram.event        INFO     Update id=511686874 is handled. Duration 3 ms by bot id=8095621527
2025.04.08 16:27:40 aiogram.event        INFO     Update id=511686875 is handled. Duration 1 ms by bot id=8095621527
2025.04.08 16:27:43 aiogram.event        INFO     Update id=511686876 is handled. Duration 1 ms by bot id=8095621527
2025.04.08 16:27:47 aiogram.event        INFO     Update id=511686877 is handled. Duration 1 ms by bot id=8095621527
2025.04.08 16:28:36 aiogram.event        INFO     Update id=511686878 is handled. Duration 1 ms by bot id=8095621527
2025.04.08 16:29:05 aiogram.event        INFO     Update id=511686879 is not handled. Duration 5 ms by bot id=8095621527
2025.04.08 16:29:10 aiogram.event        INFO     Update id=511686880 is not handled. Duration 2 ms by bot id=8095621527
2025.04.08 16:29:30 aiogram.event        INFO     Update id=511686881 is handled. Duration 1 ms by bot id=8095621527
2025.04.08 16:29:32 aiogram.event        INFO     Update id=511686882 is handled. Duration 1 ms by bot id=8095621527
2025.04.08 16:29:40 aiogram.event        INFO     Update id=511686883 is handled. Duration 2 ms by bot id=8095621527
2025.04.08 16:29:41 aiogram.event        INFO     Update id=511686884 is handled. Duration 1 ms by bot id=8095621527
2025.04.08 16:29:42 aiogram.event        INFO     Update id=511686885 is not handled. Duration 0 ms by bot id=8095621527
2025.04.08 16:29:44 aiogram.event        INFO     Update id=511686886 is handled. Duration 1 ms by bot id=8095621527
2025.04.08 16:30:15 aiogram.event        INFO     Update id=511686887 is handled. Duration 1 ms by bot id=8095621527
2025.04.08 16:30:16 aiogram.event        INFO     Update id=511686888 is handled. Duration 1 ms by bot id=8095621527
2025.04.08 16:30:17 aiogram.event        INFO     Update id=511686889 is handled. Duration 1 ms by bot id=8095621527
2025.04.08 16:30:37 aiogram.event        INFO     Update id=511686890 is not handled. Duration 1 ms by bot id=8095621527
2025.04.08 16:30:43 aiogram.event        INFO     Update id=511686891 is handled. Duration 1 ms by bot id=8095621527
2025.04.08 16:30:44 aiogram.event        INFO     Update id=511686892 is handled. Duration 1 ms by bot id=8095621527
2025.04.08 16:30:56 aiogram.event        INFO     Update id=511686893 is handled. Duration 2 ms by bot id=8095621527
2025.04.08 16:30:57 aiogram.event        INFO     Update id=511686894 is handled. Duration 1 ms by bot id=8095621527
2025.04.08 16:31:05 aiogram.event        INFO     Update id=511686895 is not handled. Duration 3 ms by bot id=8095621527
2025.04.08 16:31:06 aiogram.event        INFO     Update id=511686896 is handled. Duration 1 ms by bot id=8095621527
2025.04.08 16:31:10 aiogram.event        INFO     Update id=511686897 is handled. Duration 2 ms by bot id=8095621527
2025.04.08 16:31:16 aiogram.event        INFO     Update id=511686898 is handled. Duration 1 ms by bot id=8095621527
2025.04.08 16:31:20 aiogram.event        INFO     Update id=511686899 is handled. Duration 1 ms by bot id=8095621527
2025.04.08 16:31:21 aiogram.event        INFO     Update id=511686900 is handled. Duration 2 ms by bot id=8095621527
2025.04.08 16:31:25 aiogram.event        INFO     Update id=511686901 is handled. Duration 1 ms by bot id=8095621527
2025.04.08 16:31:32 aiogram.event        INFO     Update id=511686902 is not handled. Duration 4 ms by bot id=8095621527
2025.04.08 16:31:34 aiogram.event        INFO     Update id=511686903 is handled. Duration 1 ms by bot id=8095621527
2025.04.08 16:31:40 aiogram.event        INFO     Update id=511686904 is handled. Duration 1 ms by bot id=8095621527
2025.04.08 16:31:46 aiogram.event        INFO     Update id=511686905 is handled. Duration 3 ms by bot id=8095621527
2025.04.08 16:31:46 aiogram.event        INFO     Update id=511686906 is handled. Duration 1 ms by bot id=8095621527
2025.04.08 16:31:48 aiogram.event        INFO     Update id=511686907 is not handled. Duration 2 ms by bot id=8095621527
2025.04.08 16:31:51 aiogram.event        INFO     Update id=511686908 is handled. Duration 1 ms by bot id=8095621527
2025.04.08 16:31:54 aiogram.event        INFO     Update id=511686909 is handled. Duration 1 ms by bot id=8095621527
2025.04.08 16:31:54 aiogram.event        INFO     Update id=511686910 is handled. Duration 1 ms by bot id=8095621527
2025.04.08 16:31:56 aiogram.event        INFO     Update id=511686911 is handled. Duration 2 ms by bot id=8095621527
2025.04.08 16:32:03 aiogram.event        INFO     Update id=511686912 is handled. Duration 1 ms by bot id=8095621527
2025.04.08 16:32:06 aiogram.event        INFO     Update id=511686913 is handled. Duration 1 ms by bot id=8095621527
2025.04.08 16:32:10 aiogram.event        INFO     Update id=511686914 is handled. Duration 1 ms by bot id=8095621527
2025.04.08 16:32:14 aiogram.event        INFO     Update id=511686915 is not handled. Duration 0 ms by bot id=8095621527
2025.04.08 16:32:17 aiogram.event        INFO     Update id=511686916 is handled. Duration 3 ms by bot id=8095621527
2025.04.08 16:32:27 aiogram.event        INFO     Update id=511686917 is handled. Duration 1 ms by bot id=8095621527
2025.04.08 16:32:27 aiogram.event        INFO     Update id=511686918 is handled. Duration 1 ms by bot id=8095621527
2025.04.08 16:32:29 aiogram.event        INFO     Update id=511686919 is handled. Duration 1 ms by bot id=8095621527
2025.04.08 16:32:31 aiogram.event        INFO     Update id=511686920 is handled. Duration 1 ms by bot id=8095621527
2025.04.08 16:32:37 aiogram.event        INFO     Update id=511686921 is handled. Duration 1 ms by bot id=8095621527
2025.04.08 16:32:38 aiogram.event        INFO     Update id=511686922 is handled. Duration 1 ms by bot id=8095621527
2025.04.08 16:32:43 aiogram.event        INFO     Update id=511686923 is handled. Duration 2 ms by bot id=8095621527
2025.04.08 16:32:46 aiogram.event        INFO     Update id=511686924 is handled. Duration 5 ms by bot id=8095621527
2025.04.08 16:32:53 aiogram.event        INFO     Update id=511686925 is handled. Duration 1 ms by bot id=8095621527
2025.04.08 16:33:08 aiogram.event        INFO     Update id=511686926 is handled. Duration 2 ms by bot id=8095621527
2025.04.08 16:33:11 aiogram.event        INFO     Update id=511686927 is handled. Duration 1 ms by bot id=8095621527
2025.04.08 16:33:12 aiogram.event        INFO     Update id=511686928 is handled. Duration 1 ms by bot id=8095621527
2025.04.08 16:33:15 aiogram.event        INFO     Update id=511686929 is handled. Duration 1 ms by bot id=8095621527
2025.04.08 16:33:27 aiogram.event        INFO     Update id=511686930 is handled. Duration 4 ms by bot id=8095621527
2025.04.08 16:33:32 aiogram.event        INFO     Update id=511686931 is handled. Duration 2 ms by bot id=8095621527
2025.04.08 16:33:32 aiogram.event        INFO     Update id=511686932 is handled. Duration 1 ms by bot id=8095621527
2025.04.08 16:33:35 aiogram.event        INFO     Update id=511686933 is handled. Duration 1 ms by bot id=8095621527
2025.04.08 16:33:54 aiogram.event        INFO     Update id=511686934 is handled. Duration 4 ms by bot id=8095621527
2025.04.08 16:33:57 aiogram.event        INFO     Update id=511686935 is not handled. Duration 3 ms by bot id=8095621527
2025.04.08 16:34:06 aiogram.event        INFO     Update id=511686936 is handled. Duration 2 ms by bot id=8095621527
2025.04.08 16:34:08 aiogram.event        INFO     Update id=511686937 is handled. Duration 1 ms by bot id=8095621527
2025.04.08 16:34:11 aiogram.event        INFO     Update id=511686938 is handled. Duration 1 ms by bot id=8095621527
2025.04.08 16:34:15 aiogram.event        INFO     Update id=511686939 is handled. Duration 2 ms by bot id=8095621527
2025.04.08 16:34:16 aiogram.event        INFO     Update id=511686940 is handled. Duration 1 ms by bot id=8095621527
2025.04.08 16:34:29 aiogram.event        INFO     Update id=511686941 is handled. Duration 1 ms by bot id=8095621527
2025.04.08 16:34:50 aiogram.event        INFO     Update id=511686942 is handled. Duration 1 ms by bot id=8095621527
2025.04.08 16:34:52 aiogram.event        INFO     Update id=511686943 is handled. Duration 1 ms by bot id=8095621527
2025.04.08 16:34:55 aiogram.event        INFO     Update id=511686944 is handled. Duration 1 ms by bot id=8095621527
2025.04.08 16:35:02 aiogram.event        INFO     Update id=511686945 is handled. Duration 1 ms by bot id=8095621527
2025.04.08 16:35:04 aiogram.event        INFO     Update id=511686946 is handled. Duration 1 ms by bot id=8095621527
2025.04.08 16:35:08 aiogram.event        INFO     Update id=511686947 is handled. Duration 6 ms by bot id=8095621527
2025.04.08 16:35:12 aiogram.event        INFO     Update id=511686948 is handled. Duration 1 ms by bot id=8095621527
2025.04.08 16:35:25 aiogram.event        INFO     Update id=511686949 is handled. Duration 1 ms by bot id=8095621527
2025.04.08 16:35:26 aiogram.event        INFO     Update id=511686950 is handled. Duration 1 ms by bot id=8095621527
2025.04.08 16:35:29 aiogram.event        INFO     Update id=511686951 is handled. Duration 1 ms by bot id=8095621527
2025.04.08 16:35:35 aiogram.event        INFO     Update id=511686952 is handled. Duration 1 ms by bot id=8095621527
2025.04.08 16:35:36 aiogram.event        INFO     Update id=511686953 is not handled. Duration 0 ms by bot id=8095621527
2025.04.08 16:35:37 aiogram.event        INFO     Update id=511686954 is handled. Duration 1 ms by bot id=8095621527
2025.04.08 16:35:41 aiogram.event        INFO     Update id=511686955 is handled. Duration 1 ms by bot id=8095621527
2025.04.08 16:35:46 aiogram.event        INFO     Update id=511686956 is handled. Duration 1 ms by bot id=8095621527
2025.04.08 16:35:56 aiogram.event        INFO     Update id=511686957 is handled. Duration 2 ms by bot id=8095621527
2025.04.08 16:36:03 aiogram.event        INFO     Update id=511686958 is handled. Duration 2 ms by bot id=8095621527
2025.04.08 16:36:07 aiogram.event        INFO     Update id=511686959 is handled. Duration 1 ms by bot id=8095621527
2025.04.08 16:36:27 aiogram.event        INFO     Update id=511686960 is handled. Duration 2 ms by bot id=8095621527
2025.04.08 16:36:32 aiogram.event        INFO     Update id=511686961 is handled. Duration 1 ms by bot id=8095621527
2025.04.08 16:36:34 aiogram.event        INFO     Update id=511686962 is handled. Duration 1 ms by bot id=8095621527
2025.04.08 16:36:38 aiogram.event        INFO     Update id=511686963 is handled. Duration 2 ms by bot id=8095621527
2025.04.08 16:36:43 aiogram.event        INFO     Update id=511686964 is handled. Duration 6 ms by bot id=8095621527
2025.04.08 16:36:46 aiogram.event        INFO     Update id=511686965 is handled. Duration 2 ms by bot id=8095621527
2025.04.08 16:36:51 aiogram.event        INFO     Update id=511686966 is handled. Duration 1 ms by bot id=8095621527
2025.04.08 16:36:58 aiogram.event        INFO     Update id=511686967 is handled. Duration 1 ms by bot id=8095621527
2025.04.08 16:37:01 aiogram.event        INFO     Update id=511686968 is handled. Duration 1 ms by bot id=8095621527
2025.04.08 16:37:09 aiogram.event        INFO     Update id=511686969 is handled. Duration 4 ms by bot id=8095621527
2025.04.08 16:37:17 aiogram.event        INFO     Update id=511686970 is handled. Duration 1 ms by bot id=8095621527
2025.04.08 16:37:19 aiogram.event        INFO     Update id=511686971 is handled. Duration 6 ms by bot id=8095621527
2025.04.08 16:37:27 aiogram.event        INFO     Update id=511686972 is handled. Duration 1 ms by bot id=8095621527
2025.04.08 16:37:30 aiogram.event        INFO     Update id=511686973 is handled. Duration 1 ms by bot id=8095621527
2025.04.08 16:37:45 aiogram.event        INFO     Update id=511686974 is handled. Duration 1 ms by bot id=8095621527
2025.04.08 16:37:45 aiogram.event        INFO     Update id=511686975 is not handled. Duration 3 ms by bot id=8095621527
2025.04.08 16:37:47 aiogram.event        INFO     Update id=511686976 is handled. Duration 1 ms by bot id=8095621527
2025.04.08 16:37:56 aiogram.event        INFO     Update id=511686977 is handled. Duration 1 ms by bot id=8095621527
2025.04.08 16:38:01 aiogram.event        INFO     Update id=511686978 is handled. Duration 5 ms by bot id=8095621527
2025.04.08 16:38:08 aiogram.event        INFO     Update id=511686979 is handled. Duration 2 ms by bot id=8095621527
2025.04.08 16:38:08 aiogram.event        INFO     Update id=511686980 is handled. Duration 1 ms by bot id=8095621527
2025.04.08 16:38:14 aiogram.event        INFO     Update id=511686981 is handled. Duration 2 ms by bot id=8095621527
2025.04.08 16:38:15 aiogram.event        INFO     Update id=511686982 is handled. Duration 1 ms by bot id=8095621527
2025.04.08 16:38:19 aiogram.event        INFO     Update id=511686983 is handled. Duration 1 ms by bot id=8095621527
2025.04.08 16:38:22 aiogram.event        INFO     Update id=511686984 is handled. Duration 1 ms by bot id=8095621527
2025.04.08 16:38:29 aiogram.event        INFO     Update id=511686985 is handled. Duration 2 ms by bot id=8095621527
2025.04.08 16:38:30 aiogram.event        INFO     Update id=511686986 is handled. Duration 1 ms by bot id=8095621527
2025.04.08 16:38:35 aiogram.event        INFO     Update id=511686987 is handled. Duration 2 ms by bot id=8095621527
2025.04.08 16:38:36 aiogram.event        INFO     Update id=511686988 is handled. Duration 1 ms by bot id=8095621527
2025.04.08 16:38:36 aiogram.event        INFO     Update id=511686989 is handled. Duration 1 ms by bot id=8095621527
2025.04.08 16:38:38 aiogram.event        INFO     Update id=511686990 is handled. Duration 1 ms by bot id=8095621527
2025.04.08 16:38:43 aiogram.event        INFO     Update id=511686991 is handled. Duration 2 ms by bot id=8095621527
2025.04.08 16:38:45 aiogram.event        INFO     Update id=511686992 is handled. Duration 2 ms by bot id=8095621527
2025.04.08 16:38:49 aiogram.event        INFO     Update id=511686993 is handled. Duration 2 ms by bot id=8095621527
2025.04.08 16:38:53 aiogram.event        INFO     Update id=511686994 is handled. Duration 1 ms by bot id=8095621527
2025.04.08 16:39:17 aiogram.event        INFO     Update id=511686995 is handled. Duration 2 ms by bot id=8095621527
2025.04.08 16:39:19 aiogram.event        INFO     Update id=511686996 is handled. Duration 1 ms by bot id=8095621527
2025.04.08 16:39:20 aiogram.event        INFO     Update id=511686997 is handled. Duration 1 ms by bot id=8095621527
2025.04.08 16:39:22 aiogram.event        INFO     Update id=511686998 is handled. Duration 3 ms by bot id=8095621527
2025.04.08 16:39:25 aiogram.event        INFO     Update id=511686999 is handled. Duration 1 ms by bot id=8095621527
2025.04.08 16:39:27 aiogram.event        INFO     Update id=511687000 is handled. Duration 2 ms by bot id=8095621527
2025.04.08 16:39:29 aiogram.event        INFO     Update id=511687001 is handled. Duration 2 ms by bot id=8095621527
2025.04.08 16:39:35 aiogram.event        INFO     Update id=511687002 is handled. Duration 1 ms by bot id=8095621527
2025.04.08 16:39:37 aiogram.event        INFO     Update id=511687003 is handled. Duration 1 ms by bot id=8095621527
2025.04.08 16:39:37 aiogram.event        INFO     Update id=511687004 is handled. Duration 2 ms by bot id=8095621527
2025.04.08 16:39:42 aiogram.event        INFO     Update id=511687005 is handled. Duration 1 ms by bot id=8095621527
2025.04.08 16:39:44 aiogram.event        INFO     Update id=511687006 is handled. Duration 1 ms by bot id=8095621527
2025.04.08 16:39:47 aiogram.event        INFO     Update id=511687007 is handled. Duration 1 ms by bot id=8095621527
2025.04.08 16:39:48 aiogram.event        INFO     Update id=511687008 is handled. Duration 1 ms by bot id=8095621527
2025.04.08 16:39:52 aiogram.event        INFO     Update id=511687009 is handled. Duration 1 ms by bot id=8095621527
2025.04.08 16:39:57 aiogram.event        INFO     Update id=511687010 is handled. Duration 2 ms by bot id=8095621527
2025.04.08 16:40:08 aiogram.event        INFO     Update id=511687011 is handled. Duration 23 ms by bot id=8095621527
2025.04.08 16:40:09 aiogram.event        INFO     Update id=511687012 is handled. Duration 4 ms by bot id=8095621527
2025.04.08 16:40:13 aiogram.event        INFO     Update id=511687013 is handled. Duration 3 ms by bot id=8095621527
2025.04.08 16:40:23 aiogram.event        INFO     Update id=511687014 is handled. Duration 4 ms by bot id=8095621527
2025.04.08 16:40:23 aiogram.event        INFO     Update id=511687015 is handled. Duration 3 ms by bot id=8095621527
2025.04.08 16:40:31 aiogram.event        INFO     Update id=511687016 is handled. Duration 8 ms by bot id=8095621527
2025.04.08 16:40:34 aiogram.event        INFO     Update id=511687017 is handled. Duration 5 ms by bot id=8095621527
2025.04.08 16:40:41 aiogram.event        INFO     Update id=511687018 is handled. Duration 6 ms by bot id=8095621527
2025.04.08 16:40:42 aiogram.event        INFO     Update id=511687019 is handled. Duration 190 ms by bot id=8095621527
2025.04.08 16:40:42 aiogram.event        INFO     Update id=511687020 is handled. Duration 2 ms by bot id=8095621527
2025.04.08 16:40:44 aiogram.event        INFO     Update id=511687021 is handled. Duration 3 ms by bot id=8095621527
2025.04.08 16:40:47 aiogram.event        INFO     Update id=511687022 is handled. Duration 3 ms by bot id=8095621527
2025.04.08 16:40:48 aiogram.event        INFO     Update id=511687023 is handled. Duration 6 ms by bot id=8095621527
2025.04.08 16:40:50 aiogram.event        INFO     Update id=511687024 is handled. Duration 1 ms by bot id=8095621527
2025.04.08 16:40:52 aiogram.event        INFO     Update id=511687025 is handled. Duration 3 ms by bot id=8095621527
2025.04.08 16:40:54 aiogram.event        INFO     Update id=511687026 is handled. Duration 3 ms by bot id=8095621527
2025.04.08 16:40:57 aiogram.event        INFO     Update id=511687027 is handled. Duration 3 ms by bot id=8095621527
2025.04.08 16:41:01 aiogram.event        INFO     Update id=511687028 is handled. Duration 2 ms by bot id=8095621527
2025.04.08 16:41:01 aiogram.event        INFO     Update id=511687029 is handled. Duration 1 ms by bot id=8095621527
2025.04.08 16:41:04 aiogram.event        INFO     Update id=511687030 is handled. Duration 1 ms by bot id=8095621527
2025.04.08 16:41:04 aiogram.event        INFO     Update id=511687031 is handled. Duration 5 ms by bot id=8095621527
2025.04.08 16:41:05 aiogram.event        INFO     Update id=511687032 is handled. Duration 4 ms by bot id=8095621527
2025.04.08 16:41:07 aiogram.event        INFO     Update id=511687033 is handled. Duration 2 ms by bot id=8095621527
2025.04.08 16:41:08 aiogram.event        INFO     Update id=511687034 is handled. Duration 5 ms by bot id=8095621527
2025.04.08 16:41:10 aiogram.event        INFO     Update id=511687035 is handled. Duration 2 ms by bot id=8095621527
2025.04.08 16:41:10 aiogram.event        INFO     Update id=511687036 is handled. Duration 2 ms by bot id=8095621527
2025.04.08 16:41:12 aiogram.event        INFO     Update id=511687037 is handled. Duration 4 ms by bot id=8095621527
2025.04.08 16:41:16 aiogram.event        INFO     Update id=511687038 is handled. Duration 4 ms by bot id=8095621527
2025.04.08 16:41:20 aiogram.event        INFO     Update id=511687039 is handled. Duration 4 ms by bot id=8095621527
2025.04.08 16:41:21 aiogram.event        INFO     Update id=511687040 is handled. Duration 3 ms by bot id=8095621527
2025.04.08 16:41:22 aiogram.event        INFO     Update id=511687041 is handled. Duration 4 ms by bot id=8095621527
2025.04.08 16:41:25 aiogram.event        INFO     Update id=511687042 is handled. Duration 1 ms by bot id=8095621527
2025.04.08 16:41:28 aiogram.event        INFO     Update id=511687043 is handled. Duration 4 ms by bot id=8095621527
2025.04.08 16:41:31 aiogram.event        INFO     Update id=511687044 is handled. Duration 8 ms by bot id=8095621527
2025.04.08 16:41:33 aiogram.event        INFO     Update id=511687045 is handled. Duration 2 ms by bot id=8095621527
2025.04.08 16:41:35 aiogram.event        INFO     Update id=511687046 is handled. Duration 1 ms by bot id=8095621527
2025.04.08 16:41:35 aiogram.event        INFO     Update id=511687047 is handled. Duration 3 ms by bot id=8095621527
2025.04.08 16:41:36 aiogram.event        INFO     Update id=511687048 is handled. Duration 2 ms by bot id=8095621527
2025.04.08 16:41:41 aiogram.event        INFO     Update id=511687049 is handled. Duration 10 ms by bot id=8095621527
2025.04.08 16:41:41 aiogram.event        INFO     Update id=511687050 is handled. Duration 8 ms by bot id=8095621527
2025.04.08 16:41:41 aiogram.event        INFO     Update id=511687051 is handled. Duration 7 ms by bot id=8095621527
2025.04.08 16:41:41 aiogram.event        INFO     Update id=511687052 is handled. Duration 1 ms by bot id=8095621527
2025.04.08 16:41:46 aiogram.event        INFO     Update id=511687053 is handled. Duration 3 ms by bot id=8095621527
2025.04.08 16:41:48 aiogram.event        INFO     Update id=511687054 is handled. Duration 5 ms by bot id=8095621527
2025.04.08 16:41:49 aiogram.event        INFO     Update id=511687055 is handled. Duration 4 ms by bot id=8095621527
2025.04.08 16:41:50 aiogram.event        INFO     Update id=511687056 is handled. Duration 4 ms by bot id=8095621527
2025.04.08 16:41:51 aiogram.event        INFO     Update id=511687057 is handled. Duration 2 ms by bot id=8095621527
2025.04.08 16:41:54 aiogram.event        INFO     Update id=511687058 is handled. Duration 1 ms by bot id=8095621527
2025.04.08 16:41:58 aiogram.event        INFO     Update id=511687059 is handled. Duration 1 ms by bot id=8095621527
2025.04.08 16:41:59 aiogram.event        INFO     Update id=511687060 is handled. Duration 2 ms by bot id=8095621527
2025.04.08 16:42:02 aiogram.event        INFO     Update id=511687061 is handled. Duration 3 ms by bot id=8095621527
2025.04.08 16:42:02 aiogram.event        INFO     Update id=511687062 is handled. Duration 1 ms by bot id=8095621527
2025.04.08 16:42:13 aiogram.event        INFO     Update id=511687063 is handled. Duration 2 ms by bot id=8095621527
2025.04.08 16:42:14 aiogram.event        INFO     Update id=511687064 is handled. Duration 3 ms by bot id=8095621527
2025.04.08 16:42:24 aiogram.event        INFO     Update id=511687065 is handled. Duration 4 ms by bot id=8095621527
2025.04.08 16:42:27 aiogram.event        INFO     Update id=511687066 is handled. Duration 2 ms by bot id=8095621527
2025.04.08 16:42:28 aiogram.event        INFO     Update id=511687067 is handled. Duration 2 ms by bot id=8095621527
2025.04.08 16:42:30 aiogram.event        INFO     Update id=511687068 is not handled. Duration 7 ms by bot id=8095621527
2025.04.08 16:42:32 aiogram.event        INFO     Update id=511687069 is handled. Duration 1 ms by bot id=8095621527
2025.04.08 16:42:34 aiogram.event        INFO     Update id=511687070 is handled. Duration 2 ms by bot id=8095621527
2025.04.08 16:42:42 aiogram.event        INFO     Update id=511687071 is handled. Duration 2 ms by bot id=8095621527
2025.04.08 16:42:43 aiogram.event        INFO     Update id=511687072 is handled. Duration 2 ms by bot id=8095621527
2025.04.08 16:42:46 aiogram.event        INFO     Update id=511687073 is handled. Duration 14 ms by bot id=8095621527
2025.04.08 16:42:47 aiogram.event        INFO     Update id=511687074 is handled. Duration 2 ms by bot id=8095621527
2025.04.08 16:42:52 aiogram.event        INFO     Update id=511687075 is handled. Duration 6 ms by bot id=8095621527
2025.04.08 16:42:52 aiogram.event        INFO     Update id=511687076 is handled. Duration 2 ms by bot id=8095621527
2025.04.08 16:42:55 aiogram.event        INFO     Update id=511687077 is handled. Duration 1 ms by bot id=8095621527
2025.04.08 16:42:58 aiogram.event        INFO     Update id=511687078 is handled. Duration 6 ms by bot id=8095621527
2025.04.08 16:43:04 aiogram.event        INFO     Update id=511687079 is handled. Duration 1 ms by bot id=8095621527
2025.04.08 16:43:08 aiogram.event        INFO     Update id=511687080 is handled. Duration 1 ms by bot id=8095621527
2025.04.08 16:43:11 aiogram.event        INFO     Update id=511687081 is handled. Duration 3 ms by bot id=8095621527
2025.04.08 16:43:16 aiogram.event        INFO     Update id=511687082 is handled. Duration 1 ms by bot id=8095621527
2025.04.08 16:43:17 aiogram.event        INFO     Update id=511687083 is handled. Duration 2 ms by bot id=8095621527
2025.04.08 16:43:18 aiogram.event        INFO     Update id=511687084 is handled. Duration 1 ms by bot id=8095621527
2025.04.08 16:43:18 aiogram.event        INFO     Update id=511687085 is handled. Duration 2 ms by bot id=8095621527
2025.04.08 16:43:18 aiogram.event        INFO     Update id=511687086 is handled. Duration 2 ms by bot id=8095621527
2025.04.08 16:43:22 aiogram.event        INFO     Update id=511687087 is handled. Duration 4 ms by bot id=8095621527
2025.04.08 16:43:32 aiogram.event        INFO     Update id=511687088 is handled. Duration 3 ms by bot id=8095621527
2025.04.08 16:43:41 aiogram.event        INFO     Update id=511687089 is handled. Duration 2 ms by bot id=8095621527
2025.04.08 16:43:42 aiogram.event        INFO     Update id=511687090 is handled. Duration 2 ms by bot id=8095621527
2025.04.08 16:43:44 aiogram.event        INFO     Update id=511687091 is handled. Duration 2 ms by bot id=8095621527
2025.04.08 16:44:04 aiogram.event        INFO     Update id=511687092 is handled. Duration 1 ms by bot id=8095621527
2025.04.08 16:44:11 aiogram.event        INFO     Update id=511687093 is handled. Duration 3 ms by bot id=8095621527
2025.04.08 16:44:13 aiogram.event        INFO     Update id=511687094 is handled. Duration 2 ms by bot id=8095621527
2025.04.08 16:44:16 aiogram.event        INFO     Update id=511687095 is handled. Duration 1 ms by bot id=8095621527
2025.04.08 16:44:17 aiogram.event        INFO     Update id=511687096 is handled. Duration 1 ms by bot id=8095621527
2025.04.08 16:44:25 aiogram.event        INFO     Update id=511687097 is handled. Duration 9 ms by bot id=8095621527
2025.04.08 16:44:25 aiogram.event        INFO     Update id=511687098 is handled. Duration 2 ms by bot id=8095621527
2025.04.08 16:44:27 aiogram.event        INFO     Update id=511687099 is handled. Duration 1 ms by bot id=8095621527
2025.04.08 16:44:37 aiogram.event        INFO     Update id=511687100 is handled. Duration 3 ms by bot id=8095621527
2025.04.08 16:44:39 aiogram.event        INFO     Update id=511687101 is handled. Duration 1 ms by bot id=8095621527
2025.04.08 16:44:41 aiogram.event        INFO     Update id=511687102 is handled. Duration 2 ms by bot id=8095621527
2025.04.08 16:44:44 aiogram.event        INFO     Update id=511687103 is handled. Duration 2 ms by bot id=8095621527
2025.04.08 16:44:48 aiogram.event        INFO     Update id=511687104 is handled. Duration 1 ms by bot id=8095621527
2025.04.08 16:44:52 aiogram.event        INFO     Update id=511687105 is handled. Duration 1 ms by bot id=8095621527
2025.04.08 16:44:54 aiogram.event        INFO     Update id=511687106 is handled. Duration 1 ms by bot id=8095621527
2025.04.08 16:44:56 aiogram.event        INFO     Update id=511687107 is handled. Duration 1 ms by bot id=8095621527
2025.04.08 16:44:56 aiogram.event        INFO     Update id=511687108 is handled. Duration 2 ms by bot id=8095621527
2025.04.08 16:44:59 aiogram.event        INFO     Update id=511687109 is handled. Duration 1 ms by bot id=8095621527
2025.04.08 16:45:09 aiogram.event        INFO     Update id=511687110 is handled. Duration 5 ms by bot id=8095621527
2025.04.08 16:45:11 aiogram.event        INFO     Update id=511687111 is handled. Duration 1 ms by bot id=8095621527
2025.04.08 16:45:12 aiogram.event        INFO     Update id=511687112 is handled. Duration 1 ms by bot id=8095621527
2025.04.08 16:45:14 aiogram.event        INFO     Update id=511687113 is handled. Duration 1 ms by bot id=8095621527
2025.04.08 16:45:22 aiogram.event        INFO     Update id=511687114 is handled. Duration 2 ms by bot id=8095621527
2025.04.08 16:45:33 aiogram.event        INFO     Update id=511687115 is handled. Duration 3 ms by bot id=8095621527
2025.04.08 16:45:43 aiogram.event        INFO     Update id=511687116 is handled. Duration 2 ms by bot id=8095621527
2025.04.08 16:45:50 aiogram.event        INFO     Update id=511687117 is handled. Duration 1 ms by bot id=8095621527
2025.04.08 16:45:53 aiogram.event        INFO     Update id=511687118 is handled. Duration 3 ms by bot id=8095621527
2025.04.08 16:45:53 aiogram.event        INFO     Update id=511687119 is handled. Duration 2 ms by bot id=8095621527
2025.04.08 16:46:07 aiogram.event        INFO     Update id=511687120 is handled. Duration 1 ms by bot id=8095621527
2025.04.08 16:46:12 aiogram.event        INFO     Update id=511687121 is handled. Duration 3 ms by bot id=8095621527
2025.04.08 16:46:23 aiogram.event        INFO     Update id=511687122 is handled. Duration 1 ms by bot id=8095621527
2025.04.08 16:46:28 aiogram.event        INFO     Update id=511687123 is handled. Duration 3 ms by bot id=8095621527
2025.04.08 16:46:34 aiogram.event        INFO     Update id=511687124 is handled. Duration 2 ms by bot id=8095621527
2025.04.08 16:46:37 aiogram.event        INFO     Update id=511687125 is handled. Duration 1 ms by bot id=8095621527
2025.04.08 16:46:41 aiogram.event        INFO     Update id=511687126 is handled. Duration 2 ms by bot id=8095621527
2025.04.08 16:46:48 aiogram.event        INFO     Update id=511687127 is handled. Duration 4 ms by bot id=8095621527
2025.04.08 16:47:17 aiogram.event        INFO     Update id=511687128 is handled. Duration 1 ms by bot id=8095621527
2025.04.08 16:47:19 aiogram.event        INFO     Update id=511687129 is handled. Duration 1 ms by bot id=8095621527
2025.04.08 16:47:37 aiogram.event        INFO     Update id=511687130 is handled. Duration 20 ms by bot id=8095621527
2025.04.08 16:47:37 aiogram.event        INFO     Update id=511687131 is handled. Duration 17 ms by bot id=8095621527
2025.04.08 16:47:37 aiogram.event        INFO     Update id=511687132 is handled. Duration 17 ms by bot id=8095621527
2025.04.08 16:47:37 aiogram.event        INFO     Update id=511687133 is handled. Duration 17 ms by bot id=8095621527
2025.04.08 16:47:37 aiogram.event        INFO     Update id=511687134 is handled. Duration 8 ms by bot id=8095621527
2025.04.08 16:47:37 aiogram.event        INFO     Update id=511687135 is handled. Duration 8 ms by bot id=8095621527
2025.04.08 16:47:37 aiogram.event        INFO     Update id=511687136 is handled. Duration 7 ms by bot id=8095621527
2025.04.08 16:48:12 aiogram.event        INFO     Update id=511687137 is handled. Duration 1 ms by bot id=8095621527
2025.04.08 16:48:26 aiogram.event        INFO     Update id=511687138 is handled. Duration 1 ms by bot id=8095621527
2025.04.08 16:48:36 aiogram.event        INFO     Update id=511687139 is handled. Duration 2 ms by bot id=8095621527
2025.04.08 16:48:37 aiogram.event        INFO     Update id=511687140 is handled. Duration 1 ms by bot id=8095621527
2025.04.08 16:48:39 aiogram.event        INFO     Update id=511687141 is handled. Duration 1 ms by bot id=8095621527
2025.04.08 16:48:43 aiogram.event        INFO     Update id=511687142 is handled. Duration 1 ms by bot id=8095621527
2025.04.08 16:48:45 aiogram.event        INFO     Update id=511687143 is handled. Duration 4 ms by bot id=8095621527
2025.04.08 16:48:48 aiogram.event        INFO     Update id=511687144 is handled. Duration 1 ms by bot id=8095621527
2025.04.08 16:48:48 aiogram.event        INFO     Update id=511687145 is handled. Duration 1 ms by bot id=8095621527
2025.04.08 16:48:50 aiogram.event        INFO     Update id=511687146 is handled. Duration 2 ms by bot id=8095621527
2025.04.08 16:48:53 aiogram.event        INFO     Update id=511687147 is handled. Duration 2 ms by bot id=8095621527
2025.04.08 16:48:57 aiogram.event        INFO     Update id=511687148 is handled. Duration 1 ms by bot id=8095621527
2025.04.08 16:48:57 aiogram.event        INFO     Update id=511687149 is handled. Duration 1 ms by bot id=8095621527
2025.04.08 16:49:09 aiogram.event        INFO     Update id=511687150 is handled. Duration 1 ms by bot id=8095621527
2025.04.08 16:49:31 aiogram.event        INFO     Update id=511687151 is handled. Duration 1 ms by bot id=8095621527
2025.04.08 16:49:40 aiogram.event        INFO     Update id=511687152 is handled. Duration 1 ms by bot id=8095621527
2025.04.08 16:49:47 aiogram.event        INFO     Update id=511687153 is handled. Duration 1 ms by bot id=8095621527
2025.04.08 16:49:51 aiogram.event        INFO     Update id=511687154 is handled. Duration 1 ms by bot id=8095621527
2025.04.08 16:49:52 aiogram.event        INFO     Update id=511687155 is handled. Duration 1 ms by bot id=8095621527
2025.04.08 16:49:57 aiogram.event        INFO     Update id=511687156 is handled. Duration 1 ms by bot id=8095621527
2025.04.08 16:50:04 aiogram.event        INFO     Update id=511687157 is handled. Duration 1 ms by bot id=8095621527
2025.04.08 16:50:12 aiogram.event        INFO     Update id=511687158 is handled. Duration 1 ms by bot id=8095621527
2025.04.08 16:50:49 aiogram.event        INFO     Update id=511687159 is handled. Duration 1 ms by bot id=8095621527
2025.04.08 16:51:03 aiogram.event        INFO     Update id=511687160 is handled. Duration 1 ms by bot id=8095621527
2025.04.08 16:51:22 aiogram.event        INFO     Update id=511687161 is handled. Duration 2 ms by bot id=8095621527
2025.04.08 16:53:19 aiogram.event        INFO     Update id=511687162 is not handled. Duration 5 ms by bot id=8095621527
2025.04.08 16:56:09 aiogram.event        INFO     Update id=511687163 is handled. Duration 1 ms by bot id=8095621527
2025.04.08 16:56:18 aiogram.event        INFO     Update id=511687164 is handled. Duration 2 ms by bot id=8095621527
2025.04.08 16:56:22 aiogram.event        INFO     Update id=511687165 is handled. Duration 1 ms by bot id=8095621527
2025.04.08 16:56:35 aiogram.event        INFO     Update id=511687166 is handled. Duration 1 ms by bot id=8095621527
2025.04.08 16:56:36 aiogram.event        INFO     Update id=511687167 is handled. Duration 2 ms by bot id=8095621527
2025.04.08 16:56:43 aiogram.event        INFO     Update id=511687168 is handled. Duration 2 ms by bot id=8095621527
2025.04.08 16:57:25 aiogram.event        INFO     Update id=511687169 is handled. Duration 1 ms by bot id=8095621527
2025.04.08 16:58:05 aiogram.dispatcher   ERROR    Failed to fetch updates - TelegramNetworkError: HTTP Client says - ClientOSError: [Errno 104] Connection reset by peer
2025.04.08 16:58:05 aiogram.dispatcher   WARNING  Sleep for 1.000000 seconds and try again... (tryings = 0, bot id = 8095621527)
2025.04.08 16:58:06 aiogram.dispatcher   INFO     Connection established (tryings = 1, bot id = 8095621527)
2025.04.08 16:58:06 aiogram.event        INFO     Update id=511687170 is handled. Duration 4 ms by bot id=8095621527
2025.04.08 16:58:09 aiogram.event        INFO     Update id=511687171 is handled. Duration 3 ms by bot id=8095621527
2025.04.08 16:58:24 aiogram.event        INFO     Update id=511687172 is handled. Duration 1 ms by bot id=8095621527
2025.04.08 16:58:41 aiogram.event        INFO     Update id=511687173 is handled. Duration 1 ms by bot id=8095621527
2025.04.08 16:59:17 aiogram.event        INFO     Update id=511687174 is handled. Duration 2 ms by bot id=8095621527
2025.04.08 16:59:27 aiogram.event        INFO     Update id=511687175 is handled. Duration 2 ms by bot id=8095621527
2025.04.08 16:59:46 aiogram.event        INFO     Update id=511687176 is handled. Duration 1 ms by bot id=8095621527
2025.04.08 16:59:48 aiogram.event        INFO     Update id=511687177 is handled. Duration 1 ms by bot id=8095621527
2025.04.08 16:59:52 aiogram.event        INFO     Update id=511687178 is handled. Duration 1 ms by bot id=8095621527
2025.04.08 16:59:53 aiogram.event        INFO     Update id=511687179 is handled. Duration 2 ms by bot id=8095621527
2025.04.08 16:59:57 aiogram.event        INFO     Update id=511687180 is handled. Duration 2 ms by bot id=8095621527
2025.04.08 17:00:02 aiogram.event        INFO     Update id=511687181 is handled. Duration 1 ms by bot id=8095621527
2025.04.08 17:00:07 aiogram.event        INFO     Update id=511687182 is handled. Duration 1 ms by bot id=8095621527
2025.04.08 17:00:11 aiogram.event        INFO     Update id=511687183 is handled. Duration 1 ms by bot id=8095621527
2025.04.08 17:00:15 aiogram.event        INFO     Update id=511687184 is handled. Duration 1 ms by bot id=8095621527
2025.04.08 17:00:20 aiogram.event        INFO     Update id=511687185 is handled. Duration 2 ms by bot id=8095621527
2025.04.08 17:00:22 aiogram.event        INFO     Update id=511687186 is handled. Duration 1 ms by bot id=8095621527
2025.04.08 17:00:26 aiogram.event        INFO     Update id=511687187 is handled. Duration 1 ms by bot id=8095621527
2025.04.08 17:00:31 aiogram.event        INFO     Update id=511687188 is handled. Duration 1 ms by bot id=8095621527
2025.04.08 17:00:36 aiogram.event        INFO     Update id=511687189 is handled. Duration 1 ms by bot id=8095621527
2025.04.08 17:00:42 aiogram.event        INFO     Update id=511687190 is handled. Duration 1 ms by bot id=8095621527
2025.04.08 17:00:47 aiogram.event        INFO     Update id=511687191 is handled. Duration 1 ms by bot id=8095621527
2025.04.08 17:00:48 aiogram.event        INFO     Update id=511687192 is handled. Duration 1 ms by bot id=8095621527
2025.04.08 17:00:50 aiogram.event        INFO     Update id=511687193 is handled. Duration 1 ms by bot id=8095621527
2025.04.08 17:00:53 aiogram.event        INFO     Update id=511687194 is handled. Duration 1 ms by bot id=8095621527
2025.04.08 17:00:57 aiogram.event        INFO     Update id=511687195 is handled. Duration 1 ms by bot id=8095621527
2025.04.08 17:01:10 aiogram.event        INFO     Update id=511687196 is handled. Duration 1 ms by bot id=8095621527
2025.04.08 17:01:19 aiogram.event        INFO     Update id=511687197 is handled. Duration 1 ms by bot id=8095621527
2025.04.08 17:01:22 aiogram.event        INFO     Update id=511687198 is handled. Duration 3 ms by bot id=8095621527
2025.04.08 17:01:28 aiogram.event        INFO     Update id=511687199 is handled. Duration 1 ms by bot id=8095621527
2025.04.08 17:01:39 aiogram.event        INFO     Update id=511687200 is handled. Duration 2 ms by bot id=8095621527
2025.04.08 17:01:46 aiogram.event        INFO     Update id=511687201 is handled. Duration 1 ms by bot id=8095621527
2025.04.08 17:01:50 aiogram.event        INFO     Update id=511687202 is not handled. Duration 7 ms by bot id=8095621527
2025.04.08 17:02:02 aiogram.event        INFO     Update id=511687203 is handled. Duration 1 ms by bot id=8095621527
2025.04.08 17:02:14 aiogram.event        INFO     Update id=511687204 is handled. Duration 1 ms by bot id=8095621527
2025.04.08 17:02:16 aiogram.event        INFO     Update id=511687205 is handled. Duration 2 ms by bot id=8095621527
2025.04.08 17:02:30 aiogram.event        INFO     Update id=511687206 is handled. Duration 1 ms by bot id=8095621527
2025.04.08 17:02:45 aiogram.event        INFO     Update id=511687207 is handled. Duration 1 ms by bot id=8095621527
2025.04.08 17:02:48 aiogram.event        INFO     Update id=511687208 is handled. Duration 1 ms by bot id=8095621527
2025.04.08 17:02:56 aiogram.event        INFO     Update id=511687209 is handled. Duration 1 ms by bot id=8095621527
2025.04.08 17:02:58 aiogram.event        INFO     Update id=511687210 is handled. Duration 1 ms by bot id=8095621527
2025.04.08 17:03:06 aiogram.event        INFO     Update id=511687211 is handled. Duration 1 ms by bot id=8095621527
2025.04.08 17:03:12 aiogram.event        INFO     Update id=511687212 is handled. Duration 1 ms by bot id=8095621527
2025.04.08 17:03:13 aiogram.event        INFO     Update id=511687213 is handled. Duration 1 ms by bot id=8095621527
2025.04.08 17:03:42 aiogram.event        INFO     Update id=511687214 is not handled. Duration 1 ms by bot id=8095621527
2025.04.08 17:03:51 aiogram.event        INFO     Update id=511687215 is handled. Duration 1 ms by bot id=8095621527
2025.04.08 17:03:59 aiogram.event        INFO     Update id=511687216 is handled. Duration 1 ms by bot id=8095621527
2025.04.08 17:04:00 aiogram.event        INFO     Update id=511687217 is handled. Duration 1 ms by bot id=8095621527
2025.04.08 17:04:08 aiogram.event        INFO     Update id=511687218 is not handled. Duration 4 ms by bot id=8095621527
2025.04.08 17:04:09 aiogram.event        INFO     Update id=511687219 is handled. Duration 1 ms by bot id=8095621527
2025.04.08 17:04:15 aiogram.event        INFO     Update id=511687220 is handled. Duration 1 ms by bot id=8095621527
2025.04.08 17:04:15 aiogram.event        INFO     Update id=511687221 is handled. Duration 1 ms by bot id=8095621527
2025.04.08 17:04:23 aiogram.event        INFO     Update id=511687222 is handled. Duration 1 ms by bot id=8095621527
2025.04.08 17:04:40 aiogram.event        INFO     Update id=511687223 is handled. Duration 1 ms by bot id=8095621527
2025.04.08 17:04:41 aiogram.event        INFO     Update id=511687224 is handled. Duration 2 ms by bot id=8095621527
2025.04.08 17:04:46 aiogram.event        INFO     Update id=511687225 is handled. Duration 1 ms by bot id=8095621527
2025.04.08 17:04:47 aiogram.event        INFO     Update id=511687226 is handled. Duration 1 ms by bot id=8095621527
2025.04.08 17:04:58 aiogram.event        INFO     Update id=511687227 is handled. Duration 1 ms by bot id=8095621527
2025.04.08 17:05:01 aiogram.event        INFO     Update id=511687228 is handled. Duration 1 ms by bot id=8095621527
2025.04.08 17:05:04 aiogram.event        INFO     Update id=511687229 is handled. Duration 2 ms by bot id=8095621527
2025.04.08 17:05:10 aiogram.event        INFO     Update id=511687230 is handled. Duration 1 ms by bot id=8095621527
2025.04.08 17:05:11 aiogram.event        INFO     Update id=511687231 is handled. Duration 1 ms by bot id=8095621527
2025.04.08 17:05:15 aiogram.event        INFO     Update id=511687232 is handled. Duration 2 ms by bot id=8095621527
2025.04.08 17:05:15 aiogram.event        INFO     Update id=511687233 is handled. Duration 1 ms by bot id=8095621527
2025.04.08 17:05:18 aiogram.event        INFO     Update id=511687234 is handled. Duration 1 ms by bot id=8095621527
2025.04.08 17:05:22 aiogram.event        INFO     Update id=511687235 is handled. Duration 1 ms by bot id=8095621527
2025.04.08 17:05:23 aiogram.event        INFO     Update id=511687236 is handled. Duration 2 ms by bot id=8095621527
2025.04.08 17:05:27 aiogram.event        INFO     Update id=511687237 is handled. Duration 1 ms by bot id=8095621527
2025.04.08 17:05:36 aiogram.event        INFO     Update id=511687238 is handled. Duration 3 ms by bot id=8095621527
2025.04.08 17:05:38 aiogram.event        INFO     Update id=511687239 is handled. Duration 652 ms by bot id=8095621527
2025.04.08 17:05:45 plugins.broadcast_plugin ERROR    Error sending message to target 571698989: Telegram server says - Forbidden: bot was blocked by the user
2025.04.08 17:05:46 plugins.broadcast_plugin ERROR    Error sending message to target 6232384148: Telegram server says - Forbidden: bot was blocked by the user
2025.04.08 17:05:46 plugins.broadcast_plugin ERROR    Error sending message to target 6439814403: Telegram server says - Forbidden: bot was blocked by the user
2025.04.08 17:05:46 plugins.broadcast_plugin ERROR    Error sending message to target 7711587503: Telegram server says - Forbidden: user is deactivated
2025.04.08 17:05:46 plugins.broadcast_plugin ERROR    Error sending message to target 6335798082: Telegram server says - Forbidden: bot was blocked by the user
2025.04.08 17:05:46 plugins.broadcast_plugin ERROR    Error sending message to target 1808796665: Telegram server says - Forbidden: bot was blocked by the user
2025.04.08 17:05:46 plugins.broadcast_plugin ERROR    Error sending message to target 7709703747: Telegram server says - Forbidden: bot was blocked by the user
2025.04.08 17:05:46 plugins.broadcast_plugin ERROR    Error sending message to target 2129368688: Telegram server says - Forbidden: bot can't initiate conversation with a user
2025.04.08 17:05:47 plugins.broadcast_plugin ERROR    Error sending message to target 6438664530: Telegram server says - Forbidden: bot can't initiate conversation with a user
2025.04.08 17:05:47 plugins.broadcast_plugin ERROR    Error sending message to target 7784990881: Telegram server says - Forbidden: user is deactivated
2025.04.08 17:05:47 plugins.broadcast_plugin ERROR    Error sending message to target 5456739132: Telegram server says - Forbidden: bot was blocked by the user
2025.04.08 17:05:47 plugins.broadcast_plugin ERROR    Error sending message to target 6612407828: Telegram server says - Forbidden: bot can't initiate conversation with a user
2025.04.08 17:05:47 plugins.broadcast_plugin ERROR    Error sending message to target 5420773841: Telegram server says - Forbidden: bot can't initiate conversation with a user
2025.04.08 17:05:47 plugins.broadcast_plugin ERROR    Error sending message to target 8073545296: Telegram server says - Forbidden: user is deactivated
2025.04.08 17:05:47 plugins.broadcast_plugin ERROR    Error sending message to target 1699751293: Telegram server says - Forbidden: bot can't initiate conversation with a user
2025.04.08 17:05:47 plugins.broadcast_plugin ERROR    Error sending message to target 5416068661: Telegram server says - Forbidden: bot can't initiate conversation with a user
2025.04.08 17:05:47 plugins.broadcast_plugin ERROR    Error sending message to target 7171250172: Telegram server says - Forbidden: bot can't initiate conversation with a user
2025.04.08 17:05:47 plugins.broadcast_plugin ERROR    Error sending message to target 1087968824: Telegram server says - Forbidden: bots can't send messages to bots
2025.04.08 17:05:47 plugins.broadcast_plugin ERROR    Error sending message to target 6104996252: Telegram server says - Forbidden: bot can't initiate conversation with a user
2025.04.08 17:05:47 plugins.broadcast_plugin ERROR    Error sending message to target 7602805707: Telegram server says - Forbidden: bot can't initiate conversation with a user
2025.04.08 17:05:47 plugins.broadcast_plugin ERROR    Error sending message to target 1229064409: Telegram server says - Forbidden: bot was blocked by the user
2025.04.08 17:05:47 plugins.broadcast_plugin ERROR    Error sending message to target 5754170636: Telegram server says - Forbidden: bot can't initiate conversation with a user
2025.04.08 17:05:47 plugins.broadcast_plugin ERROR    Error sending message to target 8028850482: Telegram server says - Forbidden: bot can't initiate conversation with a user
2025.04.08 17:05:47 plugins.broadcast_plugin ERROR    Error sending message to target 7779672707: Telegram server says - Forbidden: bot can't initiate conversation with a user
2025.04.08 17:05:47 plugins.broadcast_plugin ERROR    Error sending message to target 7372288258: Telegram server says - Forbidden: bot can't initiate conversation with a user
2025.04.08 17:05:47 plugins.broadcast_plugin ERROR    Error sending message to target 7236137804: Telegram server says - Forbidden: user is deactivated
2025.04.08 17:05:47 plugins.broadcast_plugin ERROR    Error sending message to target 7373866051: Telegram server says - Forbidden: bot can't initiate conversation with a user
2025.04.08 17:05:47 plugins.broadcast_plugin ERROR    Error sending message to target 6157231227: Telegram server says - Forbidden: bot can't initiate conversation with a user
2025.04.08 17:05:47 plugins.broadcast_plugin ERROR    Error sending message to target 7628238319: Telegram server says - Forbidden: bot can't initiate conversation with a user
2025.04.08 17:05:47 plugins.broadcast_plugin ERROR    Error sending message to target 7684071896: Telegram server says - Forbidden: user is deactivated
2025.04.08 17:05:47 plugins.broadcast_plugin ERROR    Error sending message to target 7470360078: Telegram server says - Forbidden: bot was blocked by the user
2025.04.08 17:05:47 plugins.broadcast_plugin ERROR    Error sending message to target 1707114411: Telegram server says - Forbidden: bot can't initiate conversation with a user
2025.04.08 17:05:47 plugins.broadcast_plugin ERROR    Error sending message to target 1262536517: Telegram server says - Forbidden: bot can't initiate conversation with a user
2025.04.08 17:05:47 plugins.broadcast_plugin ERROR    Error sending message to target 7329702575: Telegram server says - Forbidden: bot can't initiate conversation with a user
2025.04.08 17:05:48 plugins.broadcast_plugin ERROR    Error sending message to target 7876144806: Telegram server says - Forbidden: bot can't initiate conversation with a user
2025.04.08 17:05:48 plugins.broadcast_plugin ERROR    Error sending message to target 7080092632: Telegram server says - Forbidden: bot can't initiate conversation with a user
2025.04.08 17:05:48 plugins.broadcast_plugin ERROR    Error sending message to target 1652434891: Telegram server says - Forbidden: bot can't initiate conversation with a user
2025.04.08 17:05:48 plugins.broadcast_plugin ERROR    Error sending message to target 8017791302: Telegram server says - Forbidden: user is deactivated
2025.04.08 17:05:48 plugins.broadcast_plugin ERROR    Error sending message to target 7910335388: Telegram server says - Forbidden: bot can't initiate conversation with a user
2025.04.08 17:05:48 plugins.broadcast_plugin ERROR    Error sending message to target 5864198263: Telegram server says - Forbidden: bot can't initiate conversation with a user
2025.04.08 17:05:48 plugins.broadcast_plugin ERROR    Error sending message to target 7924311918: Telegram server says - Forbidden: bot can't initiate conversation with a user
2025.04.08 17:05:48 plugins.broadcast_plugin ERROR    Error sending message to target 7833695943: Telegram server says - Forbidden: bot can't initiate conversation with a user
2025.04.08 17:05:48 plugins.broadcast_plugin ERROR    Error sending message to target 8069866943: Telegram server says - Forbidden: bot can't initiate conversation with a user
2025.04.08 17:05:48 plugins.broadcast_plugin ERROR    Error sending message to target 5519715847: Telegram server says - Forbidden: bot can't initiate conversation with a user
2025.04.08 17:05:48 plugins.broadcast_plugin ERROR    Error sending message to target 8137475522: Telegram server says - Forbidden: bot can't initiate conversation with a user
2025.04.08 17:05:48 plugins.broadcast_plugin ERROR    Error sending message to target 7573125129: Telegram server says - Forbidden: bot can't initiate conversation with a user
2025.04.08 17:05:48 plugins.broadcast_plugin ERROR    Error sending message to target 7300693127: Telegram server says - Forbidden: bot was blocked by the user
2025.04.08 17:05:48 plugins.broadcast_plugin ERROR    Error sending message to target 802813182: Telegram server says - Forbidden: bot can't initiate conversation with a user
2025.04.08 17:05:49 plugins.broadcast_plugin ERROR    Error sending message to target -4646130561: Telegram server says - Bad Request: group chat was upgraded to a supergroup chat
(background on this error at: https://core.telegram.org/bots/api#responseparameters)
2025.04.08 17:05:49 plugins.broadcast_plugin ERROR    Error sending message to target -1002217982149: Telegram server says - Forbidden: bot was kicked from the supergroup chat
2025.04.08 17:05:50 aiogram.event        INFO     Update id=511687240 is handled. Duration 6759 ms by bot id=8095621527
2025.04.08 17:05:59 aiogram.event        INFO     Update id=511687241 is handled. Duration 3 ms by bot id=8095621527
2025.04.08 17:06:01 aiogram.event        INFO     Update id=511687242 is handled. Duration 2 ms by bot id=8095621527
2025.04.08 17:06:10 aiogram.event        INFO     Update id=511687243 is handled. Duration 2 ms by bot id=8095621527
2025.04.08 17:06:16 aiogram.event        INFO     Update id=511687244 is handled. Duration 1 ms by bot id=8095621527
2025.04.08 17:06:20 aiogram.event        INFO     Update id=511687245 is handled. Duration 2 ms by bot id=8095621527
2025.04.08 17:06:23 aiogram.event        INFO     Update id=511687246 is handled. Duration 1 ms by bot id=8095621527
2025.04.08 17:06:27 aiogram.event        INFO     Update id=511687247 is handled. Duration 1 ms by bot id=8095621527
2025.04.08 17:06:28 aiogram.event        INFO     Update id=511687248 is handled. Duration 1 ms by bot id=8095621527
2025.04.08 17:06:39 aiogram.event        INFO     Update id=511687249 is handled. Duration 1 ms by bot id=8095621527
2025.04.08 17:06:46 aiogram.event        INFO     Update id=511687250 is handled. Duration 5 ms by bot id=8095621527
2025.04.08 17:06:48 aiogram.event        INFO     Update id=511687251 is not handled. Duration 2 ms by bot id=8095621527
2025.04.08 17:06:49 aiogram.event        INFO     Update id=511687252 is handled. Duration 1 ms by bot id=8095621527
2025.04.08 17:06:56 aiogram.event        INFO     Update id=511687253 is handled. Duration 2 ms by bot id=8095621527
2025.04.08 17:06:56 aiogram.event        INFO     Update id=511687254 is handled. Duration 1 ms by bot id=8095621527
2025.04.08 17:06:57 aiogram.event        INFO     Update id=511687255 is handled. Duration 1 ms by bot id=8095621527
2025.04.08 17:06:57 aiogram.event        INFO     Update id=511687256 is handled. Duration 1 ms by bot id=8095621527
2025.04.08 17:06:57 aiogram.event        INFO     Update id=511687257 is handled. Duration 3 ms by bot id=8095621527
2025.04.08 17:06:57 aiogram.event        INFO     Update id=511687258 is handled. Duration 1 ms by bot id=8095621527
2025.04.08 17:06:57 aiogram.event        INFO     Update id=511687259 is handled. Duration 2 ms by bot id=8095621527
2025.04.08 17:06:57 aiogram.event        INFO     Update id=511687260 is handled. Duration 1 ms by bot id=8095621527
2025.04.08 17:06:57 aiogram.event        INFO     Update id=511687261 is handled. Duration 1 ms by bot id=8095621527
2025.04.08 17:06:59 aiogram.event        INFO     Update id=511687262 is handled. Duration 1 ms by bot id=8095621527
2025.04.08 17:06:59 aiogram.event        INFO     Update id=511687263 is handled. Duration 2 ms by bot id=8095621527
2025.04.08 17:06:59 aiogram.event        INFO     Update id=511687264 is handled. Duration 3 ms by bot id=8095621527
2025.04.08 17:07:00 aiogram.event        INFO     Update id=511687265 is handled. Duration 2 ms by bot id=8095621527
2025.04.08 17:07:00 aiogram.event        INFO     Update id=511687266 is handled. Duration 2 ms by bot id=8095621527
2025.04.08 17:07:00 aiogram.event        INFO     Update id=511687267 is handled. Duration 2 ms by bot id=8095621527
2025.04.08 17:07:00 aiogram.event        INFO     Update id=511687268 is handled. Duration 2 ms by bot id=8095621527
2025.04.08 17:07:00 aiogram.event        INFO     Update id=511687269 is handled. Duration 2 ms by bot id=8095621527
2025.04.08 17:07:01 aiogram.event        INFO     Update id=511687270 is handled. Duration 4 ms by bot id=8095621527
2025.04.08 17:07:01 aiogram.event        INFO     Update id=511687271 is handled. Duration 3 ms by bot id=8095621527
2025.04.08 17:07:01 aiogram.event        INFO     Update id=511687272 is handled. Duration 1 ms by bot id=8095621527
2025.04.08 17:07:04 aiogram.event        INFO     Update id=511687273 is handled. Duration 1 ms by bot id=8095621527
2025.04.08 17:07:09 aiogram.event        INFO     Update id=511687274 is handled. Duration 1 ms by bot id=8095621527
2025.04.08 17:07:14 aiogram.event        INFO     Update id=511687275 is handled. Duration 1 ms by bot id=8095621527
2025.04.08 17:07:16 aiogram.dispatcher   WARNING  Received SIGINT signal
2025.04.08 17:07:16 aiogram.dispatcher   INFO     Polling stopped for bot @dllmasterbot id=8095621527 - 'DLLMaster for Music'
2025.04.08 17:07:16 aiogram.dispatcher   INFO     Polling stopped
2025.04.08 17:07:16 __main__             INFO     🛑 Polling stopped
2025.04.08 17:07:16 __main__             INFO     🔴 Bot stopped
2025.04.08 17:07:23 dotenv.main          WARNING  python-dotenv could not parse statement starting at line 5
2025.04.08 17:07:23 __main__             INFO     🤖 Starting bot...
2025.04.08 17:07:23 __main__             INFO     🚀 Starting bot initialization...
2025.04.08 17:07:23 __main__             ERROR    ❌ Database initialization failed: near ")": syntax error
2025.04.08 17:07:23 core.spotify_handler INFO     Spotify API connection established.
2025.04.08 17:07:23 __main__             INFO     ✅ Spotify service initialized
2025.04.08 17:07:23 core.webprofile      INFO     Seçilmiş User-Agent: Mozilla/5.0 (Linux; Android 14; Pixel 8 Pro) AppleWebKit/537.36 (KHTML, like Gecko) Chrome/122.0.0.0 Mobile Safari/537.36
2025.04.08 17:07:23 core.youtube_handler INFO     firefox brauzerindən cookies istifadə edilir.
2025.04.08 17:07:23 __main__             INFO     ✅ YouTube services initialized (firefox)
2025.04.08 17:07:23 __main__             INFO     🔌 Loading plugins...
2025.04.08 17:07:23 __main__             INFO     🔍 Scanning plugins in: plugins
2025.04.08 17:07:23 __main__             INFO     🔄 Loading: plugins.spotify_plugin
2025.04.08 17:07:23 __main__             INFO     ✅ Loaded (sync): plugins.spotify_plugin
2025.04.08 17:07:23 __main__             INFO     🔄 Loading: plugins.menu_plugin
2025.04.08 17:07:23 __main__             ERROR    ❌ Failed to load plugins.menu_plugin: 'AppContext' object has no attribute 'sudo_users'
Traceback (most recent call last):
  File "/home/admin/DLMaster/app.py", line 170, in load_plugins
    module.setup(context)
  File "/home/admin/DLMaster/plugins/menu_plugin.py", line 14, in setup
    sudo_users = context.sudo_users
                 ^^^^^^^^^^^^^^^^^^
AttributeError: 'AppContext' object has no attribute 'sudo_users'
2025.04.08 17:07:23 __main__             INFO     🔄 Loading: plugins.sudo_plugin
2025.04.08 17:07:23 __main__             ERROR    ❌ Failed to load plugins.sudo_plugin: 'NoneType' object has no attribute 'get_sudo_users'
Traceback (most recent call last):
  File "/home/admin/DLMaster/app.py", line 170, in load_plugins
    module.setup(context)
  File "/home/admin/DLMaster/plugins/sudo_plugin.py", line 12, in setup
    sudo_users: List[int] = db.get_sudo_users()
                            ^^^^^^^^^^^^^^^^^
AttributeError: 'NoneType' object has no attribute 'get_sudo_users'
2025.04.08 17:07:23 __main__             INFO     🔄 Loading: plugins.youtube_plugin
2025.04.08 17:07:23 __main__             INFO     ✅ Loaded (sync): plugins.youtube_plugin
2025.04.08 17:07:23 __main__             INFO     🔄 Loading: plugins.neofetch_plugin
2025.04.08 17:07:23 __main__             ERROR    ❌ Failed to load plugins.neofetch_plugin: 'AppContext' object has no attribute 'sudo_users'
Traceback (most recent call last):
  File "/home/admin/DLMaster/app.py", line 170, in load_plugins
    module.setup(context)
  File "/home/admin/DLMaster/plugins/neofetch_plugin.py", line 14, in setup
    sudo_users = context.sudo_users
                 ^^^^^^^^^^^^^^^^^^
AttributeError: 'AppContext' object has no attribute 'sudo_users'
2025.04.08 17:07:23 __main__             INFO     🔄 Loading: plugins.report_plugin
2025.04.08 17:07:23 __main__             INFO     ✅ Loaded (async): plugins.report_plugin
2025.04.08 17:07:23 __main__             INFO     🔄 Loading: plugins.del_plugin
2025.04.08 17:07:23 __main__             INFO     ✅ Loaded (sync): plugins.del_plugin
2025.04.08 17:07:23 __main__             INFO     🔄 Loading: plugins.music_plugin
2025.04.08 17:07:23 __main__             INFO     ✅ Loaded (sync): plugins.music_plugin
2025.04.08 17:07:23 __main__             INFO     🔄 Loading: plugins.start_plugin
2025.04.08 17:07:23 __main__             INFO     ✅ Loaded (async): plugins.start_plugin
2025.04.08 17:07:23 __main__             INFO     🔄 Loading: plugins.stats_plugin
2025.04.08 17:07:23 __main__             ERROR    ❌ Failed to load plugins.stats_plugin: 'AppContext' object has no attribute 'sudo_users'
Traceback (most recent call last):
  File "/home/admin/DLMaster/app.py", line 170, in load_plugins
    module.setup(context)
  File "/home/admin/DLMaster/plugins/stats_plugin.py", line 18, in setup
    sudo_users = context.sudo_users
                 ^^^^^^^^^^^^^^^^^^
AttributeError: 'AppContext' object has no attribute 'sudo_users'
2025.04.08 17:07:23 __main__             INFO     🔄 Loading: plugins.dir_plugin
2025.04.08 17:07:23 __main__             INFO     ✅ Loaded (sync): plugins.dir_plugin
2025.04.08 17:07:23 __main__             INFO     🔄 Loading: plugins.broadcast_plugin
2025.04.08 17:07:23 __main__             INFO     ✅ Loaded (sync): plugins.broadcast_plugin
2025.04.08 17:07:23 __main__             INFO     🔄 Loading: plugins.speedtest_plugin
2025.04.08 17:07:23 __main__             ERROR    ❌ Failed to load plugins.speedtest_plugin: 'AppContext' object has no attribute 'sudo_users'
Traceback (most recent call last):
  File "/home/admin/DLMaster/app.py", line 170, in load_plugins
    module.setup(context)
  File "/home/admin/DLMaster/plugins/speedtest_plugin.py", line 12, in setup
    sudo_users = context.sudo_users
                 ^^^^^^^^^^^^^^^^^^
AttributeError: 'AppContext' object has no attribute 'sudo_users'
2025.04.08 17:07:23 __main__             INFO     🔄 Loading: plugins.bot_logs
2025.04.08 17:07:23 __main__             INFO     ✅ Loaded (async): plugins.bot_logs
2025.04.08 17:07:23 __main__             INFO     🔄 Loading: plugins.inline_youtube
2025.04.08 17:07:23 plugins.inline_youtube INFO     ✅ YouTube plugin aktiv oldu
2025.04.08 17:07:23 __main__             INFO     ✅ Loaded (sync): plugins.inline_youtube
2025.04.08 17:07:23 __main__             INFO     🚀 Starting polling...
2025.04.08 17:07:23 aiogram.dispatcher   INFO     Start polling
2025.04.08 17:07:23 aiogram.dispatcher   INFO     Run polling for bot @dllmasterbot id=8095621527 - 'DLLMaster for Music'
2025.04.08 17:07:29 aiogram.event        INFO     Update id=511687276 is handled. Duration 1 ms by bot id=8095621527
2025.04.08 17:07:32 aiogram.event        INFO     Update id=511687277 is not handled. Duration 2 ms by bot id=8095621527
2025.04.08 17:07:35 aiogram.event        INFO     Update id=511687278 is handled. Duration 2 ms by bot id=8095621527
2025.04.08 17:07:37 aiogram.dispatcher   WARNING  Received SIGINT signal
2025.04.08 17:07:37 aiogram.dispatcher   INFO     Polling stopped for bot @dllmasterbot id=8095621527 - 'DLLMaster for Music'
2025.04.08 17:07:37 aiogram.dispatcher   INFO     Polling stopped
2025.04.08 17:07:37 __main__             INFO     🛑 Polling stopped
2025.04.08 17:07:37 __main__             INFO     🔴 Bot stopped
2025.04.08 17:07:51 dotenv.main          WARNING  python-dotenv could not parse statement starting at line 5
2025.04.08 17:07:51 __main__             INFO     🤖 Starting bot...
2025.04.08 17:07:51 __main__             INFO     🚀 Starting bot initialization...
2025.04.08 17:07:51 __main__             ERROR    ❌ Database initialization failed: near ")": syntax error
2025.04.08 17:07:51 core.spotify_handler INFO     Spotify API connection established.
2025.04.08 17:07:51 __main__             INFO     ✅ Spotify service initialized
2025.04.08 17:07:51 core.webprofile      INFO     Seçilmiş User-Agent: Mozilla/5.0 (Windows NT 10.0; Win64; x64) AppleWebKit/537.36 (KHTML, like Gecko) Edge/120.0.0.0 Safari/537.36
2025.04.08 17:07:51 core.youtube_handler INFO     firefox brauzerindən cookies istifadə edilir.
2025.04.08 17:07:51 __main__             INFO     ✅ YouTube services initialized (firefox)
2025.04.08 17:07:51 __main__             INFO     🔌 Loading plugins...
2025.04.08 17:07:51 __main__             INFO     🔍 Scanning plugins in: plugins
2025.04.08 17:07:51 __main__             INFO     🔄 Loading: plugins.spotify_plugin
2025.04.08 17:07:51 __main__             INFO     ✅ Loaded (sync): plugins.spotify_plugin
2025.04.08 17:07:51 __main__             INFO     🔄 Loading: plugins.menu_plugin
2025.04.08 17:07:51 __main__             ERROR    ❌ Failed to load plugins.menu_plugin: 'AppContext' object has no attribute 'sudo_users'
Traceback (most recent call last):
  File "/home/admin/DLMaster/app.py", line 170, in load_plugins
    module.setup(context)
  File "/home/admin/DLMaster/plugins/menu_plugin.py", line 14, in setup
    sudo_users = context.sudo_users
                 ^^^^^^^^^^^^^^^^^^
AttributeError: 'AppContext' object has no attribute 'sudo_users'
2025.04.08 17:07:51 __main__             INFO     🔄 Loading: plugins.sudo_plugin
2025.04.08 17:07:51 __main__             ERROR    ❌ Failed to load plugins.sudo_plugin: 'NoneType' object has no attribute 'get_sudo_users'
Traceback (most recent call last):
  File "/home/admin/DLMaster/app.py", line 170, in load_plugins
    module.setup(context)
  File "/home/admin/DLMaster/plugins/sudo_plugin.py", line 12, in setup
    sudo_users: List[int] = db.get_sudo_users()
                            ^^^^^^^^^^^^^^^^^
AttributeError: 'NoneType' object has no attribute 'get_sudo_users'
2025.04.08 17:07:51 __main__             INFO     🔄 Loading: plugins.youtube_plugin
2025.04.08 17:07:51 __main__             INFO     ✅ Loaded (sync): plugins.youtube_plugin
2025.04.08 17:07:51 __main__             INFO     🔄 Loading: plugins.neofetch_plugin
2025.04.08 17:07:51 __main__             ERROR    ❌ Failed to load plugins.neofetch_plugin: 'AppContext' object has no attribute 'sudo_users'
Traceback (most recent call last):
  File "/home/admin/DLMaster/app.py", line 170, in load_plugins
    module.setup(context)
  File "/home/admin/DLMaster/plugins/neofetch_plugin.py", line 14, in setup
    sudo_users = context.sudo_users
                 ^^^^^^^^^^^^^^^^^^
AttributeError: 'AppContext' object has no attribute 'sudo_users'
2025.04.08 17:07:51 __main__             INFO     🔄 Loading: plugins.report_plugin
2025.04.08 17:07:51 __main__             INFO     ✅ Loaded (async): plugins.report_plugin
2025.04.08 17:07:51 __main__             INFO     🔄 Loading: plugins.del_plugin
2025.04.08 17:07:51 __main__             INFO     ✅ Loaded (sync): plugins.del_plugin
2025.04.08 17:07:51 __main__             INFO     🔄 Loading: plugins.music_plugin
2025.04.08 17:07:51 __main__             INFO     ✅ Loaded (sync): plugins.music_plugin
2025.04.08 17:07:51 __main__             INFO     🔄 Loading: plugins.start_plugin
2025.04.08 17:07:51 __main__             INFO     ✅ Loaded (async): plugins.start_plugin
2025.04.08 17:07:51 __main__             INFO     🔄 Loading: plugins.stats_plugin
2025.04.08 17:07:51 __main__             ERROR    ❌ Failed to load plugins.stats_plugin: 'AppContext' object has no attribute 'sudo_users'
Traceback (most recent call last):
  File "/home/admin/DLMaster/app.py", line 170, in load_plugins
    module.setup(context)
  File "/home/admin/DLMaster/plugins/stats_plugin.py", line 18, in setup
    sudo_users = context.sudo_users
                 ^^^^^^^^^^^^^^^^^^
AttributeError: 'AppContext' object has no attribute 'sudo_users'
2025.04.08 17:07:51 __main__             INFO     🔄 Loading: plugins.dir_plugin
2025.04.08 17:07:51 __main__             INFO     ✅ Loaded (sync): plugins.dir_plugin
2025.04.08 17:07:51 __main__             INFO     🔄 Loading: plugins.broadcast_plugin
2025.04.08 17:07:51 __main__             INFO     ✅ Loaded (sync): plugins.broadcast_plugin
2025.04.08 17:07:51 __main__             INFO     🔄 Loading: plugins.speedtest_plugin
2025.04.08 17:07:51 __main__             ERROR    ❌ Failed to load plugins.speedtest_plugin: 'AppContext' object has no attribute 'sudo_users'
Traceback (most recent call last):
  File "/home/admin/DLMaster/app.py", line 170, in load_plugins
    module.setup(context)
  File "/home/admin/DLMaster/plugins/speedtest_plugin.py", line 12, in setup
    sudo_users = context.sudo_users
                 ^^^^^^^^^^^^^^^^^^
AttributeError: 'AppContext' object has no attribute 'sudo_users'
2025.04.08 17:07:51 __main__             INFO     🔄 Loading: plugins.bot_logs
2025.04.08 17:07:51 __main__             INFO     ✅ Loaded (async): plugins.bot_logs
2025.04.08 17:07:51 __main__             INFO     🔄 Loading: plugins.inline_youtube
2025.04.08 17:07:51 plugins.inline_youtube INFO     ✅ YouTube plugin aktiv oldu
2025.04.08 17:07:51 __main__             INFO     ✅ Loaded (sync): plugins.inline_youtube
2025.04.08 17:07:51 __main__             INFO     🚀 Starting polling...
2025.04.08 17:07:51 aiogram.dispatcher   INFO     Start polling
2025.04.08 17:07:51 aiogram.dispatcher   INFO     Run polling for bot @dllmasterbot id=8095621527 - 'DLLMaster for Music'
2025.04.08 17:07:51 aiogram.event        INFO     Update id=511687279 is handled. Duration 2 ms by bot id=8095621527
2025.04.08 17:07:51 aiogram.event        INFO     Update id=511687280 is handled. Duration 2 ms by bot id=8095621527
2025.04.08 17:07:53 aiogram.event        INFO     Update id=511687281 is handled. Duration 1 ms by bot id=8095621527
2025.04.08 17:07:58 aiogram.event        INFO     Update id=511687282 is handled. Duration 1 ms by bot id=8095621527
2025.04.08 17:08:04 aiogram.event        INFO     Update id=511687283 is handled. Duration 2 ms by bot id=8095621527
2025.04.08 17:08:12 aiogram.event        INFO     Update id=511687284 is handled. Duration 1 ms by bot id=8095621527
2025.04.08 17:08:13 aiogram.event        INFO     Update id=511687285 is handled. Duration 1 ms by bot id=8095621527
2025.04.08 17:08:17 aiogram.event        INFO     Update id=511687286 is handled. Duration 2 ms by bot id=8095621527
2025.04.08 17:08:18 aiogram.event        INFO     Update id=511687287 is handled. Duration 4 ms by bot id=8095621527
2025.04.08 17:08:25 aiogram.event        INFO     Update id=511687288 is not handled. Duration 2 ms by bot id=8095621527
2025.04.08 17:08:26 aiogram.event        INFO     Update id=511687289 is handled. Duration 1 ms by bot id=8095621527
2025.04.08 17:08:26 aiogram.event        INFO     Update id=511687290 is handled. Duration 1 ms by bot id=8095621527
2025.04.08 17:08:40 aiogram.event        INFO     Update id=511687291 is handled. Duration 1 ms by bot id=8095621527
2025.04.08 17:08:45 aiogram.event        INFO     Update id=511687292 is handled. Duration 2 ms by bot id=8095621527
2025.04.08 17:08:47 aiogram.event        INFO     Update id=511687293 is not handled. Duration 2 ms by bot id=8095621527
2025.04.08 17:08:48 aiogram.event        INFO     Update id=511687294 is handled. Duration 2 ms by bot id=8095621527
2025.04.08 17:08:49 aiogram.event        INFO     Update id=511687295 is not handled. Duration 2 ms by bot id=8095621527
2025.04.08 17:08:49 aiogram.event        INFO     Update id=511687296 is handled. Duration 3 ms by bot id=8095621527
2025.04.08 17:08:50 aiogram.event        INFO     Update id=511687297 is handled. Duration 2 ms by bot id=8095621527
2025.04.08 17:08:52 aiogram.dispatcher   WARNING  Received SIGINT signal
2025.04.08 17:08:52 aiogram.dispatcher   INFO     Polling stopped for bot @dllmasterbot id=8095621527 - 'DLLMaster for Music'
2025.04.08 17:08:52 aiogram.dispatcher   INFO     Polling stopped
2025.04.08 17:08:53 __main__             INFO     🛑 Polling stopped
2025.04.08 17:08:53 __main__             INFO     🔴 Bot stopped
2025.04.08 17:09:00 dotenv.main          WARNING  python-dotenv could not parse statement starting at line 5
2025.04.08 17:09:00 __main__             INFO     🤖 Starting bot...
2025.04.08 17:09:00 __main__             INFO     🚀 Starting bot initialization...
2025.04.08 17:09:00 __main__             ERROR    ❌ Database initialization failed: near ")": syntax error
2025.04.08 17:09:00 core.spotify_handler INFO     Spotify API connection established.
2025.04.08 17:09:00 __main__             INFO     ✅ Spotify service initialized
2025.04.08 17:09:00 core.webprofile      INFO     Seçilmiş User-Agent: Mozilla/5.0 (Macintosh; Intel Mac OS X 10_15_7) AppleWebKit/537.36 (KHTML, like Gecko) Chrome/122.0.0.0 Safari/537.36
2025.04.08 17:09:00 core.youtube_handler INFO     firefox brauzerindən cookies istifadə edilir.
2025.04.08 17:09:00 __main__             INFO     ✅ YouTube services initialized (firefox)
2025.04.08 17:09:00 __main__             INFO     🔌 Loading plugins...
2025.04.08 17:09:00 __main__             INFO     🔍 Scanning plugins in: plugins
2025.04.08 17:09:00 __main__             INFO     🔄 Loading: plugins.spotify_plugin
2025.04.08 17:09:00 __main__             INFO     ✅ Loaded (sync): plugins.spotify_plugin
2025.04.08 17:09:00 __main__             INFO     🔄 Loading: plugins.menu_plugin
2025.04.08 17:09:00 __main__             ERROR    ❌ Failed to load plugins.menu_plugin: 'AppContext' object has no attribute 'sudo_users'
Traceback (most recent call last):
  File "/home/admin/DLMaster/app.py", line 170, in load_plugins
    module.setup(context)
  File "/home/admin/DLMaster/plugins/menu_plugin.py", line 14, in setup
    sudo_users = context.sudo_users
                 ^^^^^^^^^^^^^^^^^^
AttributeError: 'AppContext' object has no attribute 'sudo_users'
2025.04.08 17:09:00 __main__             INFO     🔄 Loading: plugins.sudo_plugin
2025.04.08 17:09:00 __main__             ERROR    ❌ Failed to load plugins.sudo_plugin: 'NoneType' object has no attribute 'get_sudo_users'
Traceback (most recent call last):
  File "/home/admin/DLMaster/app.py", line 170, in load_plugins
    module.setup(context)
  File "/home/admin/DLMaster/plugins/sudo_plugin.py", line 12, in setup
    sudo_users: List[int] = db.get_sudo_users()
                            ^^^^^^^^^^^^^^^^^
AttributeError: 'NoneType' object has no attribute 'get_sudo_users'
2025.04.08 17:09:00 __main__             INFO     🔄 Loading: plugins.youtube_plugin
2025.04.08 17:09:00 __main__             INFO     ✅ Loaded (sync): plugins.youtube_plugin
2025.04.08 17:09:00 __main__             INFO     🔄 Loading: plugins.neofetch_plugin
2025.04.08 17:09:00 __main__             ERROR    ❌ Failed to load plugins.neofetch_plugin: 'AppContext' object has no attribute 'sudo_users'
Traceback (most recent call last):
  File "/home/admin/DLMaster/app.py", line 170, in load_plugins
    module.setup(context)
  File "/home/admin/DLMaster/plugins/neofetch_plugin.py", line 14, in setup
    sudo_users = context.sudo_users
                 ^^^^^^^^^^^^^^^^^^
AttributeError: 'AppContext' object has no attribute 'sudo_users'
2025.04.08 17:09:00 __main__             INFO     🔄 Loading: plugins.report_plugin
2025.04.08 17:09:00 __main__             INFO     ✅ Loaded (async): plugins.report_plugin
2025.04.08 17:09:00 __main__             INFO     🔄 Loading: plugins.del_plugin
2025.04.08 17:09:00 __main__             INFO     ✅ Loaded (sync): plugins.del_plugin
2025.04.08 17:09:00 __main__             INFO     🔄 Loading: plugins.music_plugin
2025.04.08 17:09:00 __main__             INFO     ✅ Loaded (sync): plugins.music_plugin
2025.04.08 17:09:00 __main__             INFO     🔄 Loading: plugins.start_plugin
2025.04.08 17:09:00 __main__             INFO     ✅ Loaded (async): plugins.start_plugin
2025.04.08 17:09:00 __main__             INFO     🔄 Loading: plugins.stats_plugin
2025.04.08 17:09:00 __main__             ERROR    ❌ Failed to load plugins.stats_plugin: 'AppContext' object has no attribute 'sudo_users'
Traceback (most recent call last):
  File "/home/admin/DLMaster/app.py", line 170, in load_plugins
    module.setup(context)
  File "/home/admin/DLMaster/plugins/stats_plugin.py", line 18, in setup
    sudo_users = context.sudo_users
                 ^^^^^^^^^^^^^^^^^^
AttributeError: 'AppContext' object has no attribute 'sudo_users'
2025.04.08 17:09:00 __main__             INFO     🔄 Loading: plugins.dir_plugin
2025.04.08 17:09:00 __main__             INFO     ✅ Loaded (sync): plugins.dir_plugin
2025.04.08 17:09:00 __main__             INFO     🔄 Loading: plugins.broadcast_plugin
2025.04.08 17:09:00 __main__             INFO     ✅ Loaded (sync): plugins.broadcast_plugin
2025.04.08 17:09:00 __main__             INFO     🔄 Loading: plugins.speedtest_plugin
2025.04.08 17:09:00 __main__             ERROR    ❌ Failed to load plugins.speedtest_plugin: 'AppContext' object has no attribute 'sudo_users'
Traceback (most recent call last):
  File "/home/admin/DLMaster/app.py", line 170, in load_plugins
    module.setup(context)
  File "/home/admin/DLMaster/plugins/speedtest_plugin.py", line 12, in setup
    sudo_users = context.sudo_users
                 ^^^^^^^^^^^^^^^^^^
AttributeError: 'AppContext' object has no attribute 'sudo_users'
2025.04.08 17:09:00 __main__             INFO     🔄 Loading: plugins.bot_logs
2025.04.08 17:09:00 __main__             INFO     ✅ Loaded (async): plugins.bot_logs
2025.04.08 17:09:00 __main__             INFO     🔄 Loading: plugins.inline_youtube
2025.04.08 17:09:00 plugins.inline_youtube INFO     ✅ YouTube plugin aktiv oldu
2025.04.08 17:09:00 __main__             INFO     ✅ Loaded (sync): plugins.inline_youtube
2025.04.08 17:09:00 __main__             INFO     🚀 Starting polling...
2025.04.08 17:09:00 aiogram.dispatcher   INFO     Start polling
2025.04.08 17:09:00 aiogram.dispatcher   INFO     Run polling for bot @dllmasterbot id=8095621527 - 'DLLMaster for Music'
2025.04.08 17:09:00 aiogram.event        INFO     Update id=511687298 is handled. Duration 5 ms by bot id=8095621527
2025.04.08 17:09:00 aiogram.event        INFO     Update id=511687299 is handled. Duration 6 ms by bot id=8095621527
2025.04.08 17:09:00 aiogram.event        INFO     Update id=511687300 is handled. Duration 5 ms by bot id=8095621527
2025.04.08 17:09:00 aiogram.event        INFO     Update id=511687301 is handled. Duration 5 ms by bot id=8095621527
2025.04.08 17:09:00 aiogram.event        INFO     Update id=511687302 is handled. Duration 5 ms by bot id=8095621527
2025.04.08 17:09:03 aiogram.event        INFO     Update id=511687303 is handled. Duration 1 ms by bot id=8095621527
2025.04.08 17:09:07 aiogram.event        INFO     Update id=511687304 is handled. Duration 1 ms by bot id=8095621527
2025.04.08 17:09:07 aiogram.event        INFO     Update id=511687305 is handled. Duration 2 ms by bot id=8095621527
2025.04.08 17:09:08 plugins.bot_logs     ERROR    Log göndərilmədi: 'Bot' object has no attribute 'data'
Traceback (most recent call last):
  File "/home/admin/DLMaster/plugins/bot_logs.py", line 18, in send_log_command
    context = message.bot.data.get('app_context')
              ^^^^^^^^^^^^^^^^
AttributeError: 'Bot' object has no attribute 'data'
2025.04.08 17:09:08 aiogram.event        INFO     Update id=511687306 is handled. Duration 183 ms by bot id=8095621527
2025.04.08 17:09:11 aiogram.event        INFO     Update id=511687307 is handled. Duration 2 ms by bot id=8095621527
2025.04.08 17:09:13 plugins.bot_logs     ERROR    Log göndərilmədi: 'Bot' object has no attribute 'data'
Traceback (most recent call last):
  File "/home/admin/DLMaster/plugins/bot_logs.py", line 18, in send_log_command
    context = message.bot.data.get('app_context')
              ^^^^^^^^^^^^^^^^
AttributeError: 'Bot' object has no attribute 'data'
2025.04.08 17:09:13 aiogram.event        INFO     Update id=511687308 is handled. Duration 49 ms by bot id=8095621527
2025.04.08 17:09:15 aiogram.event        INFO     Update id=511687309 is handled. Duration 1 ms by bot id=8095621527
2025.04.08 17:09:15 aiogram.event        INFO     Update id=511687310 is handled. Duration 1 ms by bot id=8095621527
2025.04.08 17:09:18 aiogram.event        INFO     Update id=511687311 is handled. Duration 2 ms by bot id=8095621527
2025.04.08 17:09:19 aiogram.event        INFO     Update id=511687312 is handled. Duration 1 ms by bot id=8095621527
2025.04.08 17:09:20 aiogram.event        INFO     Update id=511687313 is handled. Duration 1 ms by bot id=8095621527
2025.04.08 17:09:22 aiogram.event        INFO     Update id=511687314 is handled. Duration 1 ms by bot id=8095621527
2025.04.08 17:09:23 aiogram.event        INFO     Update id=511687315 is handled. Duration 1 ms by bot id=8095621527
2025.04.08 17:09:23 aiogram.event        INFO     Update id=511687316 is handled. Duration 1 ms by bot id=8095621527
2025.04.08 17:09:25 aiogram.event        INFO     Update id=511687317 is handled. Duration 1 ms by bot id=8095621527
2025.04.08 17:09:28 aiogram.event        INFO     Update id=511687318 is handled. Duration 1 ms by bot id=8095621527
2025.04.08 17:09:28 aiogram.event        INFO     Update id=511687319 is handled. Duration 1 ms by bot id=8095621527
2025.04.08 17:09:33 aiogram.event        INFO     Update id=511687320 is handled. Duration 1 ms by bot id=8095621527
2025.04.08 17:09:33 aiogram.event        INFO     Update id=511687321 is handled. Duration 1 ms by bot id=8095621527
2025.04.08 17:09:35 aiogram.event        INFO     Update id=511687322 is handled. Duration 3 ms by bot id=8095621527
2025.04.08 17:09:42 aiogram.event        INFO     Update id=511687323 is handled. Duration 1 ms by bot id=8095621527
2025.04.08 17:09:46 aiogram.event        INFO     Update id=511687324 is handled. Duration 5 ms by bot id=8095621527
2025.04.08 17:09:47 aiogram.event        INFO     Update id=511687325 is handled. Duration 2 ms by bot id=8095621527
2025.04.08 17:09:51 aiogram.event        INFO     Update id=511687326 is handled. Duration 1 ms by bot id=8095621527
2025.04.08 17:09:52 aiogram.event        INFO     Update id=511687327 is handled. Duration 1 ms by bot id=8095621527
2025.04.08 17:09:53 aiogram.event        INFO     Update id=511687328 is handled. Duration 1 ms by bot id=8095621527
2025.04.08 17:09:55 aiogram.event        INFO     Update id=511687329 is handled. Duration 2 ms by bot id=8095621527
2025.04.08 17:09:59 aiogram.event        INFO     Update id=511687330 is handled. Duration 5 ms by bot id=8095621527
2025.04.08 17:09:59 aiogram.event        INFO     Update id=511687331 is handled. Duration 3 ms by bot id=8095621527
2025.04.08 17:10:03 aiogram.event        INFO     Update id=511687332 is handled. Duration 2 ms by bot id=8095621527
2025.04.08 17:10:06 aiogram.event        INFO     Update id=511687333 is handled. Duration 2 ms by bot id=8095621527
2025.04.08 17:10:07 aiogram.event        INFO     Update id=511687334 is handled. Duration 2 ms by bot id=8095621527
2025.04.08 17:10:10 aiogram.event        INFO     Update id=511687335 is handled. Duration 3 ms by bot id=8095621527
2025.04.08 17:10:12 aiogram.event        INFO     Update id=511687336 is handled. Duration 2 ms by bot id=8095621527
2025.04.08 17:10:13 aiogram.event        INFO     Update id=511687337 is handled. Duration 2 ms by bot id=8095621527
2025.04.08 17:10:17 aiogram.event        INFO     Update id=511687338 is handled. Duration 1 ms by bot id=8095621527
2025.04.08 17:10:22 aiogram.event        INFO     Update id=511687339 is handled. Duration 1 ms by bot id=8095621527
2025.04.08 17:10:24 aiogram.event        INFO     Update id=511687340 is handled. Duration 1 ms by bot id=8095621527
2025.04.08 17:10:29 aiogram.event        INFO     Update id=511687341 is handled. Duration 1 ms by bot id=8095621527
2025.04.08 17:10:34 aiogram.event        INFO     Update id=511687342 is handled. Duration 1 ms by bot id=8095621527
2025.04.08 17:10:38 aiogram.event        INFO     Update id=511687343 is handled. Duration 1 ms by bot id=8095621527
2025.04.08 17:10:44 aiogram.event        INFO     Update id=511687344 is handled. Duration 1 ms by bot id=8095621527
2025.04.08 17:10:49 aiogram.event        INFO     Update id=511687345 is handled. Duration 2 ms by bot id=8095621527
2025.04.08 17:10:55 aiogram.event        INFO     Update id=511687346 is handled. Duration 2 ms by bot id=8095621527
2025.04.08 17:10:55 aiogram.event        INFO     Update id=511687347 is handled. Duration 2 ms by bot id=8095621527
2025.04.08 17:10:56 aiogram.dispatcher   WARNING  Received SIGINT signal
2025.04.08 17:10:56 aiogram.dispatcher   INFO     Polling stopped for bot @dllmasterbot id=8095621527 - 'DLLMaster for Music'
2025.04.08 17:10:56 aiogram.dispatcher   INFO     Polling stopped
2025.04.08 17:10:56 __main__             INFO     🛑 Polling stopped
2025.04.08 17:10:56 __main__             INFO     🔴 Bot stopped
2025.04.08 17:11:02 dotenv.main          WARNING  python-dotenv could not parse statement starting at line 5
2025.04.08 17:11:02 __main__             INFO     🤖 Starting bot...
2025.04.08 17:11:02 __main__             INFO     🚀 Starting bot initialization...
2025.04.08 17:11:02 __main__             CRITICAL 💥 Fatal error: name 'db' is not defined
Traceback (most recent call last):
  File "/home/admin/DLMaster/app.py", line 198, in main
    context = AppContext()
              ^^^^^^^^^^^^
  File "/home/admin/DLMaster/app.py", line 109, in __init__
    sudo_users: List[int] = db.get_sudo_users()
                            ^^
NameError: name 'db' is not defined
2025.04.08 17:11:02 __main__             INFO     🔴 Bot stopped
2025.04.08 17:22:24 dotenv.main          WARNING  python-dotenv could not parse statement starting at line 5
2025.04.08 17:22:24 __main__             INFO     🤖 Starting bot...
2025.04.08 17:22:24 __main__             INFO     🚀 Starting bot initialization...
2025.04.08 17:22:24 __main__             ERROR    ❌ Database initialization failed: near ")": syntax error
2025.04.08 17:22:24 core.spotify_handler INFO     Spotify API connection established.
2025.04.08 17:22:24 __main__             INFO     ✅ Spotify service initialized
2025.04.08 17:22:24 core.webprofile      INFO     Seçilmiş User-Agent: Mozilla/5.0 (X11; Linux x86_64) AppleWebKit/537.36 (KHTML, like Gecko) Chrome/122.0.0.0 Safari/537.36
2025.04.08 17:22:24 core.youtube_handler INFO     firefox brauzerindən cookies istifadə edilir.
2025.04.08 17:22:24 __main__             INFO     ✅ YouTube services initialized (firefox)
2025.04.08 17:22:24 __main__             INFO     🔌 Loading plugins...
2025.04.08 17:22:24 __main__             INFO     🔍 Scanning plugins in: plugins
2025.04.08 17:22:24 __main__             INFO     🔄 Loading: plugins.spotify_plugin
2025.04.08 17:22:24 __main__             INFO     ✅ Loaded (sync): plugins.spotify_plugin
2025.04.08 17:22:24 __main__             INFO     🔄 Loading: plugins.menu_plugin
2025.04.08 17:22:24 __main__             ERROR    ❌ Failed to load plugins.menu_plugin: 'NoneType' object has no attribute 'get_sudo_users'
Traceback (most recent call last):
  File "/home/admin/DLMaster/app.py", line 170, in load_plugins
    module.setup(context)
  File "/home/admin/DLMaster/plugins/menu_plugin.py", line 16, in setup
    sudo_users = db.get_sudo_users()  # Köhnə context.sudo_users əvəzinə
                 ^^^^^^^^^^^^^^^^^
AttributeError: 'NoneType' object has no attribute 'get_sudo_users'
2025.04.08 17:22:24 __main__             INFO     🔄 Loading: plugins.sudo_plugin
2025.04.08 17:22:24 __main__             INFO     ✅ Loaded (sync): plugins.sudo_plugin
2025.04.08 17:22:24 __main__             INFO     🔄 Loading: plugins.youtube_plugin
2025.04.08 17:22:24 __main__             INFO     ✅ Loaded (sync): plugins.youtube_plugin
2025.04.08 17:22:24 __main__             INFO     🔄 Loading: plugins.neofetch_plugin
2025.04.08 17:22:24 __main__             ERROR    ❌ Failed to load plugins.neofetch_plugin: 'NoneType' object has no attribute 'get_sudo_users'
Traceback (most recent call last):
  File "/home/admin/DLMaster/app.py", line 170, in load_plugins
    module.setup(context)
  File "/home/admin/DLMaster/plugins/neofetch_plugin.py", line 16, in setup
    sudo_users = db.get_sudo_users()  # Köhnə context.sudo_users əvəzinə
                 ^^^^^^^^^^^^^^^^^
AttributeError: 'NoneType' object has no attribute 'get_sudo_users'
2025.04.08 17:22:24 __main__             INFO     🔄 Loading: plugins.report_plugin
2025.04.08 17:22:24 __main__             INFO     ✅ Loaded (async): plugins.report_plugin
2025.04.08 17:22:24 __main__             INFO     🔄 Loading: plugins.del_plugin
2025.04.08 17:22:24 __main__             INFO     ✅ Loaded (sync): plugins.del_plugin
2025.04.08 17:22:24 __main__             INFO     🔄 Loading: plugins.music_plugin
2025.04.08 17:22:24 __main__             INFO     ✅ Loaded (sync): plugins.music_plugin
2025.04.08 17:22:24 __main__             INFO     🔄 Loading: plugins.start_plugin
2025.04.08 17:22:24 __main__             INFO     ✅ Loaded (async): plugins.start_plugin
2025.04.08 17:22:24 __main__             INFO     🔄 Loading: plugins.stats_plugin
2025.04.08 17:22:24 __main__             ERROR    ❌ Failed to load plugins.stats_plugin: 'NoneType' object has no attribute 'get_sudo_users'
Traceback (most recent call last):
  File "/home/admin/DLMaster/app.py", line 170, in load_plugins
    module.setup(context)
  File "/home/admin/DLMaster/plugins/stats_plugin.py", line 20, in setup
    sudo_users = db.get_sudo_users()  # Köhnə context.sudo_users əvəzinə
                 ^^^^^^^^^^^^^^^^^
AttributeError: 'NoneType' object has no attribute 'get_sudo_users'
2025.04.08 17:22:24 __main__             INFO     🔄 Loading: plugins.dir_plugin
2025.04.08 17:22:24 __main__             INFO     ✅ Loaded (sync): plugins.dir_plugin
2025.04.08 17:22:24 __main__             INFO     🔄 Loading: plugins.broadcast_plugin
2025.04.08 17:22:24 __main__             INFO     ✅ Loaded (sync): plugins.broadcast_plugin
2025.04.08 17:22:24 __main__             INFO     🔄 Loading: plugins.speedtest_plugin
2025.04.08 17:22:24 __main__             ERROR    ❌ Failed to load plugins.speedtest_plugin: 'NoneType' object has no attribute 'get_sudo_users'
Traceback (most recent call last):
  File "/home/admin/DLMaster/app.py", line 170, in load_plugins
    module.setup(context)
  File "/home/admin/DLMaster/plugins/speedtest_plugin.py", line 14, in setup
    sudo_users = db.get_sudo_users()  # Köhnə context.sudo_users əvəzinə
                 ^^^^^^^^^^^^^^^^^
AttributeError: 'NoneType' object has no attribute 'get_sudo_users'
2025.04.08 17:22:24 __main__             INFO     🔄 Loading: plugins.bot_logs
2025.04.08 17:22:24 __main__             INFO     ✅ Loaded (async): plugins.bot_logs
2025.04.08 17:22:24 __main__             INFO     🔄 Loading: plugins.inline_youtube
2025.04.08 17:22:24 plugins.inline_youtube INFO     ✅ YouTube plugin aktiv oldu
2025.04.08 17:22:24 __main__             INFO     ✅ Loaded (sync): plugins.inline_youtube
2025.04.08 17:22:24 __main__             INFO     🚀 Starting polling...
2025.04.08 17:22:24 aiogram.dispatcher   INFO     Start polling
2025.04.08 17:22:24 aiogram.dispatcher   INFO     Run polling for bot @dllmasterbot id=8095621527 - 'DLLMaster for Music'
2025.04.08 17:22:24 aiogram.event        INFO     Update id=511687348 is handled. Duration 43 ms by bot id=8095621527
2025.04.08 17:22:24 aiogram.event        INFO     Update id=511687349 is handled. Duration 43 ms by bot id=8095621527
2025.04.08 17:22:24 aiogram.event        INFO     Update id=511687350 is handled. Duration 42 ms by bot id=8095621527
2025.04.08 17:22:24 aiogram.event        INFO     Update id=511687351 is handled. Duration 42 ms by bot id=8095621527
2025.04.08 17:22:24 aiogram.event        INFO     Update id=511687352 is handled. Duration 42 ms by bot id=8095621527
2025.04.08 17:22:24 aiogram.event        INFO     Update id=511687353 is handled. Duration 42 ms by bot id=8095621527
2025.04.08 17:22:24 aiogram.event        INFO     Update id=511687354 is handled. Duration 42 ms by bot id=8095621527
2025.04.08 17:22:24 aiogram.event        INFO     Update id=511687355 is handled. Duration 42 ms by bot id=8095621527
2025.04.08 17:22:24 aiogram.event        INFO     Update id=511687356 is handled. Duration 42 ms by bot id=8095621527
2025.04.08 17:22:24 aiogram.event        INFO     Update id=511687357 is handled. Duration 42 ms by bot id=8095621527
2025.04.08 17:22:24 aiogram.event        INFO     Update id=511687358 is handled. Duration 42 ms by bot id=8095621527
2025.04.08 17:22:24 aiogram.event        INFO     Update id=511687359 is handled. Duration 42 ms by bot id=8095621527
2025.04.08 17:22:24 aiogram.event        INFO     Update id=511687360 is handled. Duration 43 ms by bot id=8095621527
2025.04.08 17:22:24 aiogram.event        INFO     Update id=511687361 is handled. Duration 43 ms by bot id=8095621527
2025.04.08 17:22:24 aiogram.event        INFO     Update id=511687362 is handled. Duration 42 ms by bot id=8095621527
2025.04.08 17:22:24 aiogram.event        INFO     Update id=511687363 is handled. Duration 42 ms by bot id=8095621527
2025.04.08 17:22:24 aiogram.event        INFO     Update id=511687364 is handled. Duration 42 ms by bot id=8095621527
2025.04.08 17:22:24 aiogram.event        INFO     Update id=511687365 is handled. Duration 42 ms by bot id=8095621527
2025.04.08 17:22:24 aiogram.event        INFO     Update id=511687366 is handled. Duration 42 ms by bot id=8095621527
2025.04.08 17:22:24 aiogram.event        INFO     Update id=511687367 is handled. Duration 42 ms by bot id=8095621527
2025.04.08 17:22:24 aiogram.event        INFO     Update id=511687368 is handled. Duration 42 ms by bot id=8095621527
2025.04.08 17:22:24 aiogram.event        INFO     Update id=511687369 is handled. Duration 40 ms by bot id=8095621527
2025.04.08 17:22:24 aiogram.event        INFO     Update id=511687370 is handled. Duration 40 ms by bot id=8095621527
2025.04.08 17:22:24 aiogram.event        INFO     Update id=511687371 is handled. Duration 40 ms by bot id=8095621527
2025.04.08 17:22:24 aiogram.event        INFO     Update id=511687372 is handled. Duration 41 ms by bot id=8095621527
2025.04.08 17:22:24 aiogram.event        INFO     Update id=511687373 is handled. Duration 41 ms by bot id=8095621527
2025.04.08 17:22:24 aiogram.event        INFO     Update id=511687374 is handled. Duration 41 ms by bot id=8095621527
2025.04.08 17:22:24 aiogram.event        INFO     Update id=511687375 is handled. Duration 41 ms by bot id=8095621527
2025.04.08 17:22:24 aiogram.event        INFO     Update id=511687376 is handled. Duration 41 ms by bot id=8095621527
2025.04.08 17:22:24 aiogram.event        INFO     Update id=511687377 is handled. Duration 41 ms by bot id=8095621527
2025.04.08 17:22:24 aiogram.event        INFO     Update id=511687378 is handled. Duration 41 ms by bot id=8095621527
2025.04.08 17:22:24 aiogram.event        INFO     Update id=511687379 is handled. Duration 41 ms by bot id=8095621527
2025.04.08 17:22:24 aiogram.event        INFO     Update id=511687380 is handled. Duration 41 ms by bot id=8095621527
2025.04.08 17:22:24 aiogram.event        INFO     Update id=511687381 is handled. Duration 41 ms by bot id=8095621527
2025.04.08 17:22:24 aiogram.event        INFO     Update id=511687383 is handled. Duration 41 ms by bot id=8095621527
2025.04.08 17:22:24 aiogram.event        INFO     Update id=511687384 is handled. Duration 41 ms by bot id=8095621527
2025.04.08 17:22:24 aiogram.event        INFO     Update id=511687385 is handled. Duration 42 ms by bot id=8095621527
2025.04.08 17:22:24 aiogram.event        INFO     Update id=511687386 is handled. Duration 42 ms by bot id=8095621527
2025.04.08 17:22:24 aiogram.event        INFO     Update id=511687387 is handled. Duration 42 ms by bot id=8095621527
2025.04.08 17:22:24 aiogram.event        INFO     Update id=511687388 is handled. Duration 42 ms by bot id=8095621527
2025.04.08 17:22:24 aiogram.event        INFO     Update id=511687389 is handled. Duration 42 ms by bot id=8095621527
2025.04.08 17:22:24 aiogram.event        INFO     Update id=511687390 is handled. Duration 42 ms by bot id=8095621527
2025.04.08 17:22:24 aiogram.event        INFO     Update id=511687391 is handled. Duration 42 ms by bot id=8095621527
2025.04.08 17:22:24 aiogram.event        INFO     Update id=511687392 is handled. Duration 42 ms by bot id=8095621527
2025.04.08 17:22:24 aiogram.event        INFO     Update id=511687393 is handled. Duration 42 ms by bot id=8095621527
2025.04.08 17:22:24 aiogram.event        INFO     Update id=511687394 is handled. Duration 42 ms by bot id=8095621527
2025.04.08 17:22:24 aiogram.event        INFO     Update id=511687396 is handled. Duration 42 ms by bot id=8095621527
2025.04.08 17:22:24 aiogram.event        INFO     Update id=511687397 is handled. Duration 43 ms by bot id=8095621527
2025.04.08 17:22:24 aiogram.event        INFO     Update id=511687398 is handled. Duration 43 ms by bot id=8095621527
2025.04.08 17:22:24 aiogram.event        INFO     Update id=511687399 is handled. Duration 43 ms by bot id=8095621527
2025.04.08 17:22:24 aiogram.event        INFO     Update id=511687400 is handled. Duration 43 ms by bot id=8095621527
2025.04.08 17:22:24 aiogram.event        INFO     Update id=511687401 is handled. Duration 43 ms by bot id=8095621527
2025.04.08 17:22:24 aiogram.event        INFO     Update id=511687402 is handled. Duration 43 ms by bot id=8095621527
2025.04.08 17:22:24 aiogram.event        INFO     Update id=511687403 is handled. Duration 43 ms by bot id=8095621527
2025.04.08 17:22:24 aiogram.event        INFO     Update id=511687404 is handled. Duration 43 ms by bot id=8095621527
2025.04.08 17:22:24 aiogram.event        INFO     Update id=511687405 is handled. Duration 43 ms by bot id=8095621527
2025.04.08 17:22:24 aiogram.event        INFO     Update id=511687406 is handled. Duration 43 ms by bot id=8095621527
2025.04.08 17:22:24 aiogram.event        INFO     Update id=511687407 is handled. Duration 43 ms by bot id=8095621527
2025.04.08 17:22:24 aiogram.event        INFO     Update id=511687408 is handled. Duration 43 ms by bot id=8095621527
2025.04.08 17:22:24 aiogram.event        INFO     Update id=511687409 is handled. Duration 44 ms by bot id=8095621527
2025.04.08 17:22:24 aiogram.event        INFO     Update id=511687410 is handled. Duration 44 ms by bot id=8095621527
2025.04.08 17:22:24 aiogram.event        INFO     Update id=511687411 is handled. Duration 44 ms by bot id=8095621527
2025.04.08 17:22:24 aiogram.event        INFO     Update id=511687412 is handled. Duration 44 ms by bot id=8095621527
2025.04.08 17:22:24 aiogram.event        INFO     Update id=511687413 is handled. Duration 44 ms by bot id=8095621527
2025.04.08 17:22:24 aiogram.event        INFO     Update id=511687414 is handled. Duration 44 ms by bot id=8095621527
2025.04.08 17:22:24 aiogram.event        INFO     Update id=511687415 is handled. Duration 44 ms by bot id=8095621527
2025.04.08 17:22:24 aiogram.event        INFO     Update id=511687417 is handled. Duration 44 ms by bot id=8095621527
2025.04.08 17:22:24 aiogram.event        INFO     Update id=511687419 is handled. Duration 44 ms by bot id=8095621527
2025.04.08 17:22:24 aiogram.event        INFO     Update id=511687420 is handled. Duration 45 ms by bot id=8095621527
2025.04.08 17:22:24 aiogram.event        INFO     Update id=511687421 is handled. Duration 45 ms by bot id=8095621527
2025.04.08 17:22:24 aiogram.event        INFO     Update id=511687422 is handled. Duration 45 ms by bot id=8095621527
2025.04.08 17:22:24 aiogram.event        INFO     Update id=511687423 is handled. Duration 45 ms by bot id=8095621527
2025.04.08 17:22:24 aiogram.event        INFO     Update id=511687424 is handled. Duration 45 ms by bot id=8095621527
2025.04.08 17:22:24 aiogram.event        INFO     Update id=511687425 is handled. Duration 45 ms by bot id=8095621527
2025.04.08 17:22:24 aiogram.event        INFO     Update id=511687426 is handled. Duration 45 ms by bot id=8095621527
2025.04.08 17:22:24 aiogram.event        INFO     Update id=511687416 is handled. Duration 47 ms by bot id=8095621527
2025.04.08 17:22:24 aiogram.event        INFO     Update id=511687382 is not handled. Duration 51 ms by bot id=8095621527
2025.04.08 17:22:24 aiogram.event        INFO     Update id=511687395 is not handled. Duration 50 ms by bot id=8095621527
2025.04.08 17:22:24 aiogram.event        INFO     Update id=511687418 is not handled. Duration 47 ms by bot id=8095621527
2025.04.08 17:22:28 aiogram.event        INFO     Update id=511687427 is not handled. Duration 2 ms by bot id=8095621527
2025.04.08 17:22:33 aiogram.event        INFO     Update id=511687428 is not handled. Duration 2 ms by bot id=8095621527
2025.04.08 17:22:35 aiogram.event        INFO     Update id=511687429 is handled. Duration 1 ms by bot id=8095621527
2025.04.08 17:22:38 aiogram.dispatcher   WARNING  Received SIGINT signal
2025.04.08 17:22:38 aiogram.dispatcher   INFO     Polling stopped for bot @dllmasterbot id=8095621527 - 'DLLMaster for Music'
2025.04.08 17:22:38 aiogram.dispatcher   INFO     Polling stopped
2025.04.08 17:22:38 __main__             INFO     🛑 Polling stopped
2025.04.08 17:22:38 __main__             INFO     🔴 Bot stopped
2025.04.08 17:22:44 dotenv.main          WARNING  python-dotenv could not parse statement starting at line 5
2025.04.08 17:22:44 __main__             INFO     🤖 Starting bot...
2025.04.08 17:22:44 __main__             INFO     🚀 Starting bot initialization...
2025.04.08 17:22:44 __main__             ERROR    ❌ Database initialization failed: near ")": syntax error
2025.04.08 17:22:44 core.spotify_handler INFO     Spotify API connection established.
2025.04.08 17:22:44 __main__             INFO     ✅ Spotify service initialized
2025.04.08 17:22:44 core.webprofile      INFO     Seçilmiş User-Agent: Mozilla/5.0 (iPad; CPU OS 17_2 like Mac OS X) AppleWebKit/605.1.15 (KHTML, like Gecko) Version/17.2 Mobile/15E148 Safari/604.1
2025.04.08 17:22:44 core.youtube_handler INFO     firefox brauzerindən cookies istifadə edilir.
2025.04.08 17:22:44 __main__             INFO     ✅ YouTube services initialized (firefox)
2025.04.08 17:22:44 __main__             INFO     🔌 Loading plugins...
2025.04.08 17:22:44 __main__             INFO     🔍 Scanning plugins in: plugins
2025.04.08 17:22:44 __main__             INFO     🔄 Loading: plugins.spotify_plugin
2025.04.08 17:22:44 __main__             INFO     ✅ Loaded (sync): plugins.spotify_plugin
2025.04.08 17:22:44 __main__             INFO     🔄 Loading: plugins.menu_plugin
2025.04.08 17:22:44 __main__             ERROR    ❌ Failed to load plugins.menu_plugin: 'NoneType' object has no attribute 'get_sudo_users'
Traceback (most recent call last):
  File "/home/admin/DLMaster/app.py", line 170, in load_plugins
    module.setup(context)
  File "/home/admin/DLMaster/plugins/menu_plugin.py", line 16, in setup
    sudo_users = db.get_sudo_users()  # Köhnə context.sudo_users əvəzinə
                 ^^^^^^^^^^^^^^^^^
AttributeError: 'NoneType' object has no attribute 'get_sudo_users'
2025.04.08 17:22:44 __main__             INFO     🔄 Loading: plugins.sudo_plugin
2025.04.08 17:22:44 __main__             INFO     ✅ Loaded (sync): plugins.sudo_plugin
2025.04.08 17:22:44 __main__             INFO     🔄 Loading: plugins.youtube_plugin
2025.04.08 17:22:44 __main__             INFO     ✅ Loaded (sync): plugins.youtube_plugin
2025.04.08 17:22:44 __main__             INFO     🔄 Loading: plugins.neofetch_plugin
2025.04.08 17:22:44 __main__             ERROR    ❌ Failed to load plugins.neofetch_plugin: 'NoneType' object has no attribute 'get_sudo_users'
Traceback (most recent call last):
  File "/home/admin/DLMaster/app.py", line 170, in load_plugins
    module.setup(context)
  File "/home/admin/DLMaster/plugins/neofetch_plugin.py", line 16, in setup
    sudo_users = db.get_sudo_users()  # Köhnə context.sudo_users əvəzinə
                 ^^^^^^^^^^^^^^^^^
AttributeError: 'NoneType' object has no attribute 'get_sudo_users'
2025.04.08 17:22:44 __main__             INFO     🔄 Loading: plugins.report_plugin
2025.04.08 17:22:44 __main__             INFO     ✅ Loaded (async): plugins.report_plugin
2025.04.08 17:22:44 __main__             INFO     🔄 Loading: plugins.del_plugin
2025.04.08 17:22:44 __main__             INFO     ✅ Loaded (sync): plugins.del_plugin
2025.04.08 17:22:44 __main__             INFO     🔄 Loading: plugins.music_plugin
2025.04.08 17:22:44 __main__             INFO     ✅ Loaded (sync): plugins.music_plugin
2025.04.08 17:22:44 __main__             INFO     🔄 Loading: plugins.start_plugin
2025.04.08 17:22:44 __main__             INFO     ✅ Loaded (async): plugins.start_plugin
2025.04.08 17:22:44 __main__             INFO     🔄 Loading: plugins.stats_plugin
2025.04.08 17:22:44 __main__             ERROR    ❌ Failed to load plugins.stats_plugin: 'NoneType' object has no attribute 'get_sudo_users'
Traceback (most recent call last):
  File "/home/admin/DLMaster/app.py", line 170, in load_plugins
    module.setup(context)
  File "/home/admin/DLMaster/plugins/stats_plugin.py", line 20, in setup
    sudo_users = db.get_sudo_users()  # Köhnə context.sudo_users əvəzinə
                 ^^^^^^^^^^^^^^^^^
AttributeError: 'NoneType' object has no attribute 'get_sudo_users'
2025.04.08 17:22:44 __main__             INFO     🔄 Loading: plugins.dir_plugin
2025.04.08 17:22:44 __main__             INFO     ✅ Loaded (sync): plugins.dir_plugin
2025.04.08 17:22:44 __main__             INFO     🔄 Loading: plugins.broadcast_plugin
2025.04.08 17:22:44 __main__             INFO     ✅ Loaded (sync): plugins.broadcast_plugin
2025.04.08 17:22:44 __main__             INFO     🔄 Loading: plugins.speedtest_plugin
2025.04.08 17:22:44 __main__             ERROR    ❌ Failed to load plugins.speedtest_plugin: 'NoneType' object has no attribute 'get_sudo_users'
Traceback (most recent call last):
  File "/home/admin/DLMaster/app.py", line 170, in load_plugins
    module.setup(context)
  File "/home/admin/DLMaster/plugins/speedtest_plugin.py", line 14, in setup
    sudo_users = db.get_sudo_users()  # Köhnə context.sudo_users əvəzinə
                 ^^^^^^^^^^^^^^^^^
AttributeError: 'NoneType' object has no attribute 'get_sudo_users'
2025.04.08 17:22:44 __main__             INFO     🔄 Loading: plugins.bot_logs
2025.04.08 17:22:44 __main__             INFO     ✅ Loaded (async): plugins.bot_logs
2025.04.08 17:22:44 __main__             INFO     🔄 Loading: plugins.inline_youtube
2025.04.08 17:22:44 plugins.inline_youtube INFO     ✅ YouTube plugin aktiv oldu
2025.04.08 17:22:44 __main__             INFO     ✅ Loaded (sync): plugins.inline_youtube
2025.04.08 17:22:44 __main__             INFO     🚀 Starting polling...
2025.04.08 17:22:44 aiogram.dispatcher   INFO     Start polling
2025.04.08 17:22:44 aiogram.dispatcher   INFO     Run polling for bot @dllmasterbot id=8095621527 - 'DLLMaster for Music'
2025.04.08 17:22:44 aiogram.event        INFO     Update id=511687430 is handled. Duration 5 ms by bot id=8095621527
2025.04.08 17:22:44 aiogram.event        INFO     Update id=511687431 is handled. Duration 5 ms by bot id=8095621527
2025.04.08 17:22:44 aiogram.event        INFO     Update id=511687433 is handled. Duration 4 ms by bot id=8095621527
2025.04.08 17:22:44 aiogram.event        INFO     Update id=511687432 is not handled. Duration 5 ms by bot id=8095621527
2025.04.08 17:22:44 aiogram.event        INFO     Update id=511687434 is handled. Duration 1 ms by bot id=8095621527
2025.04.08 17:22:46 aiogram.event        INFO     Update id=511687435 is handled. Duration 1 ms by bot id=8095621527
2025.04.08 17:22:48 aiogram.event        INFO     Update id=511687436 is handled. Duration 2 ms by bot id=8095621527
2025.04.08 17:22:51 aiogram.event        INFO     Update id=511687437 is handled. Duration 1 ms by bot id=8095621527
2025.04.08 17:22:53 aiogram.event        INFO     Update id=511687438 is handled. Duration 1 ms by bot id=8095621527
2025.04.08 17:22:55 aiogram.event        INFO     Update id=511687439 is handled. Duration 1 ms by bot id=8095621527
2025.04.08 17:22:57 aiogram.event        INFO     Update id=511687440 is handled. Duration 2 ms by bot id=8095621527
2025.04.08 17:22:59 aiogram.event        INFO     Update id=511687441 is handled. Duration 1 ms by bot id=8095621527
2025.04.08 17:23:01 aiogram.event        INFO     Update id=511687442 is handled. Duration 3 ms by bot id=8095621527
2025.04.08 17:23:03 aiogram.event        INFO     Update id=511687443 is handled. Duration 2 ms by bot id=8095621527
2025.04.08 17:23:05 core.webprofile      INFO     firefox brauzerindən cookies istifadə edilir.
2025.04.08 17:23:05 core.webprofile      INFO     Seçilmiş User-Agent: Mozilla/5.0 (iPad; CPU OS 17_2 like Mac OS X) AppleWebKit/605.1.15 (KHTML, like Gecko) Version/17.2 Mobile/15E148 Safari/604.1
2025.04.08 17:23:05 aiogram.event        INFO     Update id=511687445 is handled. Duration 129 ms by bot id=8095621527
2025.04.08 17:23:07 aiogram.event        INFO     Update id=511687446 is handled. Duration 1 ms by bot id=8095621527
2025.04.08 17:23:09 aiogram.event        INFO     Update id=511687447 is handled. Duration 11 ms by bot id=8095621527
2025.04.08 17:23:09 aiogram.event        INFO     Update id=511687449 is handled. Duration 2 ms by bot id=8095621527
2025.04.08 17:23:09 plugins.bot_logs     ERROR    Log göndərilmədi: 'Bot' object has no attribute 'data'
Traceback (most recent call last):
  File "/home/admin/DLMaster/plugins/bot_logs.py", line 18, in send_log_command
    context = message.bot.data.get('app_context')
              ^^^^^^^^^^^^^^^^
AttributeError: 'Bot' object has no attribute 'data'
2025.04.08 17:23:09 aiogram.event        INFO     Update id=511687448 is handled. Duration 85 ms by bot id=8095621527
2025.04.08 17:23:11 aiogram.event        INFO     Update id=511687444 is handled. Duration 5596 ms by bot id=8095621527
2025.04.08 17:23:11 aiogram.event        INFO     Update id=511687450 is handled. Duration 5 ms by bot id=8095621527
2025.04.08 17:23:13 aiogram.event        INFO     Update id=511687451 is handled. Duration 2 ms by bot id=8095621527
2025.04.08 17:23:14 core.webprofile      INFO     firefox brauzerindən cookies istifadə edilir.
2025.04.08 17:23:14 core.webprofile      INFO     Seçilmiş User-Agent: Mozilla/5.0 (X11; Ubuntu; Linux x86_64; rv:120.0) Gecko/20100101 Firefox/120.0
2025.04.08 17:23:15 aiogram.event        INFO     Update id=511687453 is handled. Duration 2 ms by bot id=8095621527
2025.04.08 17:23:17 aiogram.event        INFO     Update id=511687454 is handled. Duration 6 ms by bot id=8095621527
2025.04.08 17:23:19 aiogram.event        INFO     Update id=511687455 is handled. Duration 141 ms by bot id=8095621527
2025.04.08 17:23:21 aiogram.event        INFO     Update id=511687456 is handled. Duration 1 ms by bot id=8095621527
2025.04.08 17:23:23 aiogram.event        INFO     Update id=511687457 is handled. Duration 1 ms by bot id=8095621527
2025.04.08 17:23:23 aiogram.event        INFO     Update id=511687458 is handled. Duration 1 ms by bot id=8095621527
2025.04.08 17:23:25 aiogram.event        INFO     Update id=511687459 is not handled. Duration 2 ms by bot id=8095621527
2025.04.08 17:23:25 aiogram.event        INFO     Update id=511687460 is handled. Duration 2 ms by bot id=8095621527
2025.04.08 17:23:26 aiogram.event        INFO     Update id=511687452 is handled. Duration 12297 ms by bot id=8095621527
2025.04.08 17:23:27 aiogram.event        INFO     Update id=511687461 is handled. Duration 1 ms by bot id=8095621527
2025.04.08 17:23:29 aiogram.event        INFO     Update id=511687462 is not handled. Duration 2 ms by bot id=8095621527
2025.04.08 17:23:29 aiogram.event        INFO     Update id=511687463 is handled. Duration 4 ms by bot id=8095621527
2025.04.08 17:23:31 aiogram.event        INFO     Update id=511687464 is handled. Duration 1 ms by bot id=8095621527
2025.04.08 17:23:33 aiogram.event        INFO     Update id=511687465 is handled. Duration 1 ms by bot id=8095621527
2025.04.08 17:23:35 aiogram.event        INFO     Update id=511687466 is handled. Duration 1 ms by bot id=8095621527
2025.04.08 17:23:38 aiogram.event        INFO     Update id=511687467 is handled. Duration 1 ms by bot id=8095621527
2025.04.08 17:23:40 aiogram.event        INFO     Update id=511687468 is handled. Duration 1 ms by bot id=8095621527
2025.04.08 17:23:42 aiogram.event        INFO     Update id=511687469 is handled. Duration 1 ms by bot id=8095621527
2025.04.08 17:23:44 aiogram.event        INFO     Update id=511687470 is handled. Duration 1 ms by bot id=8095621527
2025.04.08 17:23:46 aiogram.event        INFO     Update id=511687471 is handled. Duration 1 ms by bot id=8095621527
2025.04.08 17:23:48 aiogram.event        INFO     Update id=511687472 is handled. Duration 1 ms by bot id=8095621527
2025.04.08 17:23:50 aiogram.event        INFO     Update id=511687473 is handled. Duration 1 ms by bot id=8095621527
2025.04.08 17:23:50 aiogram.event        INFO     Update id=511687474 is handled. Duration 1 ms by bot id=8095621527
2025.04.08 17:23:52 aiogram.event        INFO     Update id=511687475 is handled. Duration 1 ms by bot id=8095621527
2025.04.08 17:23:53 aiogram.event        INFO     Update id=511687476 is handled. Duration 1 ms by bot id=8095621527
2025.04.08 17:23:54 aiogram.event        INFO     Update id=511687477 is handled. Duration 1 ms by bot id=8095621527
2025.04.08 17:23:56 aiogram.event        INFO     Update id=511687478 is handled. Duration 2 ms by bot id=8095621527
2025.04.08 17:23:58 aiogram.event        INFO     Update id=511687479 is handled. Duration 1 ms by bot id=8095621527
2025.04.08 17:24:00 aiogram.event        INFO     Update id=511687480 is handled. Duration 1 ms by bot id=8095621527
2025.04.08 17:24:02 aiogram.event        INFO     Update id=511687481 is handled. Duration 1 ms by bot id=8095621527
2025.04.08 17:24:04 aiogram.event        INFO     Update id=511687482 is handled. Duration 1 ms by bot id=8095621527
2025.04.08 17:24:06 aiogram.event        INFO     Update id=511687483 is handled. Duration 1 ms by bot id=8095621527
2025.04.08 17:24:08 aiogram.event        INFO     Update id=511687484 is handled. Duration 1 ms by bot id=8095621527
2025.04.08 17:24:10 aiogram.event        INFO     Update id=511687485 is handled. Duration 1 ms by bot id=8095621527
2025.04.08 17:24:12 aiogram.event        INFO     Update id=511687486 is handled. Duration 1 ms by bot id=8095621527
2025.04.08 17:24:14 aiogram.event        INFO     Update id=511687487 is handled. Duration 1 ms by bot id=8095621527
2025.04.08 17:24:16 aiogram.event        INFO     Update id=511687488 is handled. Duration 1 ms by bot id=8095621527
2025.04.08 17:24:18 aiogram.event        INFO     Update id=511687489 is handled. Duration 2 ms by bot id=8095621527
2025.04.08 17:24:20 aiogram.event        INFO     Update id=511687490 is handled. Duration 1 ms by bot id=8095621527
2025.04.08 17:24:22 aiogram.event        INFO     Update id=511687491 is handled. Duration 2 ms by bot id=8095621527
2025.04.08 17:24:24 aiogram.event        INFO     Update id=511687492 is handled. Duration 1 ms by bot id=8095621527
2025.04.08 17:24:26 aiogram.event        INFO     Update id=511687493 is handled. Duration 2 ms by bot id=8095621527
2025.04.08 17:24:28 aiogram.event        INFO     Update id=511687494 is handled. Duration 1 ms by bot id=8095621527
2025.04.08 17:24:31 aiogram.event        INFO     Update id=511687495 is handled. Duration 1 ms by bot id=8095621527
2025.04.08 17:24:32 aiogram.event        INFO     Update id=511687496 is handled. Duration 2 ms by bot id=8095621527
2025.04.08 17:24:34 aiogram.event        INFO     Update id=511687497 is handled. Duration 1 ms by bot id=8095621527
2025.04.08 17:24:36 aiogram.event        INFO     Update id=511687498 is handled. Duration 1 ms by bot id=8095621527
2025.04.08 17:24:39 aiogram.event        INFO     Update id=511687499 is handled. Duration 1 ms by bot id=8095621527
2025.04.08 17:24:41 aiogram.event        INFO     Update id=511687500 is handled. Duration 1 ms by bot id=8095621527
2025.04.08 17:24:43 aiogram.event        INFO     Update id=511687501 is handled. Duration 1 ms by bot id=8095621527
2025.04.08 17:24:45 aiogram.event        INFO     Update id=511687502 is handled. Duration 1 ms by bot id=8095621527
2025.04.08 17:24:47 aiogram.event        INFO     Update id=511687503 is handled. Duration 2 ms by bot id=8095621527
2025.04.08 17:24:49 aiogram.event        INFO     Update id=511687504 is handled. Duration 1 ms by bot id=8095621527
2025.04.08 17:24:51 aiogram.event        INFO     Update id=511687505 is handled. Duration 1 ms by bot id=8095621527
2025.04.08 17:24:53 aiogram.event        INFO     Update id=511687506 is handled. Duration 1 ms by bot id=8095621527
2025.04.08 17:24:55 aiogram.event        INFO     Update id=511687507 is handled. Duration 1 ms by bot id=8095621527
2025.04.08 17:24:57 aiogram.event        INFO     Update id=511687508 is handled. Duration 4 ms by bot id=8095621527
2025.04.08 17:24:59 aiogram.event        INFO     Update id=511687509 is handled. Duration 1 ms by bot id=8095621527
2025.04.08 17:25:01 aiogram.event        INFO     Update id=511687510 is handled. Duration 1 ms by bot id=8095621527
2025.04.08 17:25:03 aiogram.event        INFO     Update id=511687511 is handled. Duration 1 ms by bot id=8095621527
2025.04.08 17:25:05 aiogram.event        INFO     Update id=511687512 is handled. Duration 1 ms by bot id=8095621527
2025.04.08 17:25:07 aiogram.event        INFO     Update id=511687513 is handled. Duration 1 ms by bot id=8095621527
2025.04.08 17:25:09 aiogram.event        INFO     Update id=511687514 is handled. Duration 1 ms by bot id=8095621527
2025.04.08 17:25:11 aiogram.event        INFO     Update id=511687515 is handled. Duration 1 ms by bot id=8095621527
2025.04.08 17:25:13 aiogram.event        INFO     Update id=511687516 is handled. Duration 4 ms by bot id=8095621527
2025.04.08 17:25:15 aiogram.event        INFO     Update id=511687517 is handled. Duration 1 ms by bot id=8095621527
2025.04.08 17:25:17 aiogram.event        INFO     Update id=511687518 is handled. Duration 1 ms by bot id=8095621527
2025.04.08 17:25:19 aiogram.event        INFO     Update id=511687519 is handled. Duration 1 ms by bot id=8095621527
2025.04.08 17:25:20 aiogram.event        INFO     Update id=511687520 is handled. Duration 1 ms by bot id=8095621527
2025.04.08 17:25:22 aiogram.event        INFO     Update id=511687521 is handled. Duration 1 ms by bot id=8095621527
2025.04.08 17:25:24 aiogram.event        INFO     Update id=511687522 is handled. Duration 1 ms by bot id=8095621527
2025.04.08 17:25:26 aiogram.event        INFO     Update id=511687523 is handled. Duration 1 ms by bot id=8095621527
2025.04.08 17:25:28 aiogram.event        INFO     Update id=511687524 is handled. Duration 1 ms by bot id=8095621527
2025.04.08 17:25:30 aiogram.event        INFO     Update id=511687525 is handled. Duration 3 ms by bot id=8095621527
2025.04.08 17:25:30 aiogram.event        INFO     Update id=511687526 is handled. Duration 1 ms by bot id=8095621527
2025.04.08 17:25:32 aiogram.event        INFO     Update id=511687527 is handled. Duration 1 ms by bot id=8095621527
2025.04.08 17:25:34 aiogram.event        INFO     Update id=511687528 is handled. Duration 2 ms by bot id=8095621527
2025.04.08 17:25:36 aiogram.event        INFO     Update id=511687529 is handled. Duration 1 ms by bot id=8095621527
2025.04.08 17:25:38 aiogram.event        INFO     Update id=511687530 is handled. Duration 1 ms by bot id=8095621527
2025.04.08 17:25:40 aiogram.event        INFO     Update id=511687531 is handled. Duration 2 ms by bot id=8095621527
2025.04.08 17:25:42 aiogram.event        INFO     Update id=511687532 is handled. Duration 1 ms by bot id=8095621527
2025.04.08 17:25:44 aiogram.event        INFO     Update id=511687533 is handled. Duration 1 ms by bot id=8095621527
2025.04.08 17:25:46 aiogram.event        INFO     Update id=511687534 is handled. Duration 1 ms by bot id=8095621527
2025.04.08 17:25:48 aiogram.event        INFO     Update id=511687535 is handled. Duration 1 ms by bot id=8095621527
2025.04.08 17:25:50 aiogram.event        INFO     Update id=511687536 is handled. Duration 1 ms by bot id=8095621527
2025.04.08 17:25:52 aiogram.event        INFO     Update id=511687537 is handled. Duration 1 ms by bot id=8095621527
2025.04.08 17:25:54 aiogram.event        INFO     Update id=511687538 is handled. Duration 1 ms by bot id=8095621527
2025.04.08 17:25:56 aiogram.event        INFO     Update id=511687539 is handled. Duration 1 ms by bot id=8095621527
2025.04.08 17:25:58 aiogram.event        INFO     Update id=511687540 is handled. Duration 1 ms by bot id=8095621527
2025.04.08 17:25:59 aiogram.event        INFO     Update id=511687541 is handled. Duration 1 ms by bot id=8095621527
2025.04.08 17:26:00 aiogram.event        INFO     Update id=511687542 is handled. Duration 2 ms by bot id=8095621527
2025.04.08 17:26:02 aiogram.event        INFO     Update id=511687543 is handled. Duration 1 ms by bot id=8095621527
2025.04.08 17:26:04 aiogram.event        INFO     Update id=511687544 is handled. Duration 1 ms by bot id=8095621527
2025.04.08 17:26:06 aiogram.event        INFO     Update id=511687545 is handled. Duration 1 ms by bot id=8095621527
2025.04.08 17:26:09 aiogram.event        INFO     Update id=511687546 is handled. Duration 2 ms by bot id=8095621527
2025.04.08 17:26:11 aiogram.event        INFO     Update id=511687547 is handled. Duration 1 ms by bot id=8095621527
2025.04.08 17:26:13 aiogram.event        INFO     Update id=511687548 is handled. Duration 1 ms by bot id=8095621527
2025.04.08 17:26:15 aiogram.event        INFO     Update id=511687549 is handled. Duration 1 ms by bot id=8095621527
2025.04.08 17:26:17 aiogram.event        INFO     Update id=511687550 is handled. Duration 1 ms by bot id=8095621527
2025.04.08 17:26:19 aiogram.event        INFO     Update id=511687551 is handled. Duration 1 ms by bot id=8095621527
2025.04.08 17:26:21 aiogram.event        INFO     Update id=511687552 is handled. Duration 1 ms by bot id=8095621527
2025.04.08 17:26:23 aiogram.event        INFO     Update id=511687553 is handled. Duration 1 ms by bot id=8095621527
2025.04.08 17:26:25 aiogram.event        INFO     Update id=511687554 is handled. Duration 1 ms by bot id=8095621527
2025.04.08 17:26:27 aiogram.event        INFO     Update id=511687555 is handled. Duration 1 ms by bot id=8095621527
2025.04.08 17:26:29 aiogram.event        INFO     Update id=511687556 is handled. Duration 1 ms by bot id=8095621527
2025.04.08 17:26:31 aiogram.event        INFO     Update id=511687557 is handled. Duration 1 ms by bot id=8095621527
2025.04.08 17:26:33 aiogram.event        INFO     Update id=511687558 is handled. Duration 1 ms by bot id=8095621527
2025.04.08 17:26:35 aiogram.event        INFO     Update id=511687559 is handled. Duration 1 ms by bot id=8095621527
2025.04.08 17:26:37 aiogram.event        INFO     Update id=511687560 is handled. Duration 1 ms by bot id=8095621527
2025.04.08 17:26:39 aiogram.event        INFO     Update id=511687561 is handled. Duration 2 ms by bot id=8095621527
2025.04.08 17:26:41 aiogram.event        INFO     Update id=511687562 is handled. Duration 1 ms by bot id=8095621527
2025.04.08 17:26:43 aiogram.event        INFO     Update id=511687563 is handled. Duration 1 ms by bot id=8095621527
2025.04.08 17:26:45 aiogram.event        INFO     Update id=511687564 is handled. Duration 1 ms by bot id=8095621527
2025.04.08 17:26:47 aiogram.event        INFO     Update id=511687565 is handled. Duration 2 ms by bot id=8095621527
2025.04.08 17:26:49 aiogram.event        INFO     Update id=511687566 is handled. Duration 2 ms by bot id=8095621527
2025.04.08 17:26:51 aiogram.event        INFO     Update id=511687567 is handled. Duration 1 ms by bot id=8095621527
2025.04.08 17:26:53 aiogram.event        INFO     Update id=511687568 is handled. Duration 1 ms by bot id=8095621527
2025.04.08 17:26:55 aiogram.event        INFO     Update id=511687569 is handled. Duration 2 ms by bot id=8095621527
2025.04.08 17:26:57 aiogram.event        INFO     Update id=511687570 is handled. Duration 2 ms by bot id=8095621527
2025.04.08 17:26:59 aiogram.event        INFO     Update id=511687571 is handled. Duration 1 ms by bot id=8095621527
2025.04.08 17:27:01 aiogram.event        INFO     Update id=511687572 is handled. Duration 1 ms by bot id=8095621527
2025.04.08 17:27:03 aiogram.event        INFO     Update id=511687573 is handled. Duration 3 ms by bot id=8095621527
2025.04.08 17:27:06 aiogram.event        INFO     Update id=511687574 is handled. Duration 1 ms by bot id=8095621527
2025.04.08 17:27:08 aiogram.event        INFO     Update id=511687575 is handled. Duration 2 ms by bot id=8095621527
2025.04.08 17:27:10 aiogram.event        INFO     Update id=511687576 is handled. Duration 1 ms by bot id=8095621527
2025.04.08 17:27:12 aiogram.event        INFO     Update id=511687577 is handled. Duration 1 ms by bot id=8095621527
2025.04.08 17:27:14 aiogram.event        INFO     Update id=511687578 is handled. Duration 1 ms by bot id=8095621527
2025.04.08 17:27:16 aiogram.event        INFO     Update id=511687579 is handled. Duration 1 ms by bot id=8095621527
2025.04.08 17:27:18 aiogram.event        INFO     Update id=511687580 is handled. Duration 1 ms by bot id=8095621527
2025.04.08 17:27:20 aiogram.event        INFO     Update id=511687581 is handled. Duration 1 ms by bot id=8095621527
2025.04.08 17:27:22 aiogram.event        INFO     Update id=511687582 is handled. Duration 2 ms by bot id=8095621527
2025.04.08 17:27:24 aiogram.event        INFO     Update id=511687583 is handled. Duration 1 ms by bot id=8095621527
2025.04.08 17:27:26 aiogram.event        INFO     Update id=511687584 is handled. Duration 1 ms by bot id=8095621527
2025.04.08 17:27:28 aiogram.event        INFO     Update id=511687585 is handled. Duration 1 ms by bot id=8095621527
2025.04.08 17:27:30 aiogram.event        INFO     Update id=511687586 is handled. Duration 2 ms by bot id=8095621527
2025.04.08 17:27:32 aiogram.event        INFO     Update id=511687587 is handled. Duration 1 ms by bot id=8095621527
2025.04.08 17:27:34 aiogram.event        INFO     Update id=511687588 is handled. Duration 1 ms by bot id=8095621527
2025.04.08 17:27:36 aiogram.event        INFO     Update id=511687589 is handled. Duration 1 ms by bot id=8095621527
2025.04.08 17:27:36 aiogram.event        INFO     Update id=511687590 is handled. Duration 2 ms by bot id=8095621527
2025.04.08 17:27:38 aiogram.event        INFO     Update id=511687591 is handled. Duration 2 ms by bot id=8095621527
2025.04.08 17:27:40 aiogram.event        INFO     Update id=511687592 is handled. Duration 1 ms by bot id=8095621527
2025.04.08 17:27:42 aiogram.event        INFO     Update id=511687593 is handled. Duration 2 ms by bot id=8095621527
2025.04.08 17:27:44 aiogram.event        INFO     Update id=511687594 is handled. Duration 2 ms by bot id=8095621527
2025.04.08 17:27:45 aiogram.event        INFO     Update id=511687595 is handled. Duration 1 ms by bot id=8095621527
2025.04.08 17:27:46 aiogram.event        INFO     Update id=511687596 is handled. Duration 2 ms by bot id=8095621527
2025.04.08 17:27:48 aiogram.event        INFO     Update id=511687597 is handled. Duration 2 ms by bot id=8095621527
2025.04.08 17:27:50 aiogram.event        INFO     Update id=511687598 is handled. Duration 1 ms by bot id=8095621527
2025.04.08 17:27:50 aiogram.event        INFO     Update id=511687599 is handled. Duration 1 ms by bot id=8095621527
2025.04.08 17:27:52 aiogram.event        INFO     Update id=511687600 is handled. Duration 1 ms by bot id=8095621527
2025.04.08 17:27:54 aiogram.event        INFO     Update id=511687601 is handled. Duration 1 ms by bot id=8095621527
2025.04.08 17:27:56 aiogram.event        INFO     Update id=511687602 is handled. Duration 1 ms by bot id=8095621527
2025.04.08 17:27:58 aiogram.event        INFO     Update id=511687603 is handled. Duration 1 ms by bot id=8095621527
2025.04.08 17:28:00 aiogram.event        INFO     Update id=511687604 is handled. Duration 2 ms by bot id=8095621527
2025.04.08 17:28:02 aiogram.event        INFO     Update id=511687605 is handled. Duration 1 ms by bot id=8095621527
2025.04.08 17:28:04 aiogram.event        INFO     Update id=511687606 is handled. Duration 1 ms by bot id=8095621527
2025.04.08 17:28:06 aiogram.event        INFO     Update id=511687607 is handled. Duration 1 ms by bot id=8095621527
2025.04.08 17:28:08 aiogram.event        INFO     Update id=511687608 is handled. Duration 1 ms by bot id=8095621527
2025.04.08 17:28:10 aiogram.event        INFO     Update id=511687609 is handled. Duration 1 ms by bot id=8095621527
2025.04.08 17:28:12 aiogram.event        INFO     Update id=511687610 is handled. Duration 1 ms by bot id=8095621527
2025.04.08 17:28:15 aiogram.event        INFO     Update id=511687611 is handled. Duration 1 ms by bot id=8095621527
2025.04.08 17:28:17 aiogram.event        INFO     Update id=511687612 is handled. Duration 1 ms by bot id=8095621527
2025.04.08 17:28:19 aiogram.event        INFO     Update id=511687613 is handled. Duration 1 ms by bot id=8095621527
2025.04.08 17:28:21 aiogram.event        INFO     Update id=511687614 is handled. Duration 1 ms by bot id=8095621527
2025.04.08 17:28:23 aiogram.event        INFO     Update id=511687615 is handled. Duration 1 ms by bot id=8095621527
2025.04.08 17:28:25 aiogram.event        INFO     Update id=511687616 is handled. Duration 1 ms by bot id=8095621527
2025.04.08 17:28:27 aiogram.event        INFO     Update id=511687617 is handled. Duration 1 ms by bot id=8095621527
2025.04.08 17:28:29 aiogram.event        INFO     Update id=511687618 is handled. Duration 1 ms by bot id=8095621527
2025.04.08 17:28:31 aiogram.event        INFO     Update id=511687619 is handled. Duration 1 ms by bot id=8095621527
2025.04.08 17:28:33 aiogram.event        INFO     Update id=511687620 is handled. Duration 2 ms by bot id=8095621527
2025.04.08 17:28:35 aiogram.event        INFO     Update id=511687621 is handled. Duration 1 ms by bot id=8095621527
2025.04.08 17:28:37 aiogram.event        INFO     Update id=511687622 is handled. Duration 1 ms by bot id=8095621527
2025.04.08 17:28:39 aiogram.event        INFO     Update id=511687623 is handled. Duration 1 ms by bot id=8095621527
2025.04.08 17:28:41 aiogram.event        INFO     Update id=511687624 is handled. Duration 2 ms by bot id=8095621527
2025.04.08 17:28:43 aiogram.event        INFO     Update id=511687625 is handled. Duration 1 ms by bot id=8095621527
2025.04.08 17:28:45 aiogram.event        INFO     Update id=511687626 is handled. Duration 3 ms by bot id=8095621527
2025.04.08 17:28:47 aiogram.event        INFO     Update id=511687627 is handled. Duration 1 ms by bot id=8095621527
2025.04.08 17:28:50 aiogram.event        INFO     Update id=511687628 is handled. Duration 8 ms by bot id=8095621527
2025.04.08 17:28:52 aiogram.event        INFO     Update id=511687629 is handled. Duration 1 ms by bot id=8095621527
2025.04.08 17:28:54 aiogram.event        INFO     Update id=511687630 is handled. Duration 1 ms by bot id=8095621527
2025.04.08 17:28:56 aiogram.event        INFO     Update id=511687631 is handled. Duration 1 ms by bot id=8095621527
2025.04.08 17:28:58 aiogram.event        INFO     Update id=511687632 is handled. Duration 3 ms by bot id=8095621527
2025.04.08 17:29:00 aiogram.event        INFO     Update id=511687633 is handled. Duration 1 ms by bot id=8095621527
2025.04.08 17:29:02 aiogram.event        INFO     Update id=511687634 is handled. Duration 2 ms by bot id=8095621527
2025.04.08 17:29:04 aiogram.event        INFO     Update id=511687635 is handled. Duration 1 ms by bot id=8095621527
2025.04.08 17:29:06 aiogram.event        INFO     Update id=511687636 is handled. Duration 1 ms by bot id=8095621527
2025.04.08 17:29:08 aiogram.event        INFO     Update id=511687637 is handled. Duration 1 ms by bot id=8095621527
2025.04.08 17:29:10 aiogram.event        INFO     Update id=511687638 is handled. Duration 1 ms by bot id=8095621527
2025.04.08 17:29:12 aiogram.event        INFO     Update id=511687639 is handled. Duration 1 ms by bot id=8095621527
2025.04.08 17:29:14 aiogram.event        INFO     Update id=511687640 is handled. Duration 1 ms by bot id=8095621527
2025.04.08 17:29:16 aiogram.event        INFO     Update id=511687641 is handled. Duration 1 ms by bot id=8095621527
2025.04.08 17:29:18 aiogram.event        INFO     Update id=511687642 is handled. Duration 1 ms by bot id=8095621527
2025.04.08 17:29:20 aiogram.event        INFO     Update id=511687643 is handled. Duration 2 ms by bot id=8095621527
2025.04.08 17:29:22 aiogram.event        INFO     Update id=511687644 is handled. Duration 2 ms by bot id=8095621527
2025.04.08 17:29:23 aiogram.event        INFO     Update id=511687645 is handled. Duration 1 ms by bot id=8095621527
2025.04.08 17:29:24 aiogram.event        INFO     Update id=511687646 is handled. Duration 1 ms by bot id=8095621527
2025.04.08 17:29:26 aiogram.event        INFO     Update id=511687647 is handled. Duration 1 ms by bot id=8095621527
2025.04.08 17:29:28 aiogram.event        INFO     Update id=511687648 is handled. Duration 1 ms by bot id=8095621527
2025.04.08 17:29:30 aiogram.event        INFO     Update id=511687649 is handled. Duration 1 ms by bot id=8095621527
2025.04.08 17:29:31 aiogram.event        INFO     Update id=511687650 is handled. Duration 1 ms by bot id=8095621527
2025.04.08 17:29:33 aiogram.event        INFO     Update id=511687651 is handled. Duration 1 ms by bot id=8095621527
2025.04.08 17:29:35 aiogram.event        INFO     Update id=511687652 is handled. Duration 2 ms by bot id=8095621527
2025.04.08 17:29:37 aiogram.event        INFO     Update id=511687653 is handled. Duration 2 ms by bot id=8095621527
2025.04.08 17:29:39 aiogram.event        INFO     Update id=511687654 is handled. Duration 1 ms by bot id=8095621527
2025.04.08 17:29:41 aiogram.event        INFO     Update id=511687655 is handled. Duration 4 ms by bot id=8095621527
2025.04.08 17:29:43 aiogram.event        INFO     Update id=511687656 is handled. Duration 2 ms by bot id=8095621527
2025.04.08 17:29:45 aiogram.event        INFO     Update id=511687657 is handled. Duration 2 ms by bot id=8095621527
2025.04.08 17:29:47 aiogram.event        INFO     Update id=511687658 is handled. Duration 1 ms by bot id=8095621527
2025.04.08 17:29:49 aiogram.event        INFO     Update id=511687659 is handled. Duration 2 ms by bot id=8095621527
2025.04.08 17:29:49 aiogram.event        INFO     Update id=511687660 is handled. Duration 1 ms by bot id=8095621527
2025.04.08 17:29:51 aiogram.event        INFO     Update id=511687661 is handled. Duration 2 ms by bot id=8095621527
2025.04.08 17:29:53 aiogram.event        INFO     Update id=511687662 is handled. Duration 2 ms by bot id=8095621527
2025.04.08 17:29:55 aiogram.event        INFO     Update id=511687663 is handled. Duration 1 ms by bot id=8095621527
2025.04.08 17:29:55 aiogram.event        INFO     Update id=511687664 is handled. Duration 1 ms by bot id=8095621527
2025.04.08 17:29:55 aiogram.event        INFO     Update id=511687665 is handled. Duration 3 ms by bot id=8095621527
2025.04.08 17:29:57 aiogram.event        INFO     Update id=511687666 is handled. Duration 1 ms by bot id=8095621527
2025.04.08 17:29:59 aiogram.event        INFO     Update id=511687667 is handled. Duration 1 ms by bot id=8095621527
2025.04.08 17:30:01 aiogram.event        INFO     Update id=511687668 is handled. Duration 4 ms by bot id=8095621527
2025.04.08 17:30:03 aiogram.event        INFO     Update id=511687669 is handled. Duration 8 ms by bot id=8095621527
2025.04.08 17:30:05 aiogram.event        INFO     Update id=511687670 is handled. Duration 1 ms by bot id=8095621527
2025.04.08 17:30:07 aiogram.event        INFO     Update id=511687671 is handled. Duration 1 ms by bot id=8095621527
2025.04.08 17:30:09 aiogram.event        INFO     Update id=511687672 is handled. Duration 1 ms by bot id=8095621527
2025.04.08 17:30:11 aiogram.event        INFO     Update id=511687673 is handled. Duration 1 ms by bot id=8095621527
2025.04.08 17:30:13 aiogram.event        INFO     Update id=511687674 is handled. Duration 1 ms by bot id=8095621527
2025.04.08 17:30:13 aiogram.event        INFO     Update id=511687675 is handled. Duration 1 ms by bot id=8095621527
2025.04.08 17:30:15 aiogram.event        INFO     Update id=511687676 is handled. Duration 1 ms by bot id=8095621527
2025.04.08 17:30:18 aiogram.event        INFO     Update id=511687677 is handled. Duration 1 ms by bot id=8095621527
2025.04.08 17:30:20 aiogram.event        INFO     Update id=511687678 is handled. Duration 1 ms by bot id=8095621527
2025.04.08 17:30:22 aiogram.event        INFO     Update id=511687679 is handled. Duration 1 ms by bot id=8095621527
2025.04.08 17:30:24 aiogram.event        INFO     Update id=511687680 is handled. Duration 1 ms by bot id=8095621527
2025.04.08 17:30:26 aiogram.event        INFO     Update id=511687681 is handled. Duration 1 ms by bot id=8095621527
2025.04.08 17:30:28 aiogram.event        INFO     Update id=511687682 is handled. Duration 1 ms by bot id=8095621527
2025.04.08 17:30:30 aiogram.event        INFO     Update id=511687683 is handled. Duration 1 ms by bot id=8095621527
2025.04.08 17:30:32 aiogram.event        INFO     Update id=511687684 is handled. Duration 2 ms by bot id=8095621527
2025.04.08 17:30:33 aiogram.event        INFO     Update id=511687686 is handled. Duration 1 ms by bot id=8095621527
2025.04.08 17:30:33 aiogram.event        INFO     Update id=511687685 is handled. Duration 2 ms by bot id=8095621527
2025.04.08 17:30:34 aiogram.event        INFO     Update id=511687687 is handled. Duration 2 ms by bot id=8095621527
2025.04.08 17:30:36 aiogram.event        INFO     Update id=511687688 is handled. Duration 1 ms by bot id=8095621527
2025.04.08 17:30:38 aiogram.event        INFO     Update id=511687689 is handled. Duration 1 ms by bot id=8095621527
2025.04.08 17:30:39 aiogram.event        INFO     Update id=511687690 is handled. Duration 1 ms by bot id=8095621527
2025.04.08 17:30:40 aiogram.event        INFO     Update id=511687691 is handled. Duration 1 ms by bot id=8095621527
2025.04.08 17:30:42 aiogram.event        INFO     Update id=511687692 is handled. Duration 2 ms by bot id=8095621527
2025.04.08 17:30:44 aiogram.event        INFO     Update id=511687693 is handled. Duration 1 ms by bot id=8095621527
2025.04.08 17:30:46 aiogram.event        INFO     Update id=511687694 is handled. Duration 1 ms by bot id=8095621527
2025.04.08 17:30:48 aiogram.event        INFO     Update id=511687695 is handled. Duration 1 ms by bot id=8095621527
2025.04.08 17:30:50 aiogram.event        INFO     Update id=511687696 is handled. Duration 1 ms by bot id=8095621527
2025.04.08 17:30:52 aiogram.event        INFO     Update id=511687697 is handled. Duration 1 ms by bot id=8095621527
2025.04.08 17:30:55 aiogram.event        INFO     Update id=511687698 is handled. Duration 1 ms by bot id=8095621527
2025.04.08 17:30:57 aiogram.event        INFO     Update id=511687699 is handled. Duration 1 ms by bot id=8095621527
2025.04.08 17:30:57 aiogram.event        INFO     Update id=511687700 is handled. Duration 2 ms by bot id=8095621527
2025.04.08 17:30:59 aiogram.event        INFO     Update id=511687701 is handled. Duration 1 ms by bot id=8095621527
2025.04.08 17:31:01 aiogram.event        INFO     Update id=511687702 is handled. Duration 2 ms by bot id=8095621527
2025.04.08 17:31:03 aiogram.event        INFO     Update id=511687703 is handled. Duration 1 ms by bot id=8095621527
2025.04.08 17:31:05 aiogram.event        INFO     Update id=511687704 is handled. Duration 1 ms by bot id=8095621527
2025.04.08 17:31:07 aiogram.event        INFO     Update id=511687705 is handled. Duration 1 ms by bot id=8095621527
2025.04.08 17:31:07 aiogram.event        INFO     Update id=511687706 is handled. Duration 1 ms by bot id=8095621527
2025.04.08 17:31:09 aiogram.event        INFO     Update id=511687707 is handled. Duration 2 ms by bot id=8095621527
2025.04.08 17:31:11 aiogram.event        INFO     Update id=511687708 is handled. Duration 1 ms by bot id=8095621527
2025.04.08 17:31:13 aiogram.event        INFO     Update id=511687709 is handled. Duration 1 ms by bot id=8095621527
2025.04.08 17:31:15 aiogram.event        INFO     Update id=511687710 is handled. Duration 2 ms by bot id=8095621527
2025.04.08 17:31:17 aiogram.event        INFO     Update id=511687711 is handled. Duration 1 ms by bot id=8095621527
2025.04.08 17:31:19 aiogram.event        INFO     Update id=511687712 is handled. Duration 2 ms by bot id=8095621527
2025.04.08 17:31:21 aiogram.event        INFO     Update id=511687713 is handled. Duration 2 ms by bot id=8095621527
2025.04.08 17:31:23 aiogram.event        INFO     Update id=511687714 is handled. Duration 1 ms by bot id=8095621527
2025.04.08 17:31:25 aiogram.event        INFO     Update id=511687715 is handled. Duration 1 ms by bot id=8095621527
2025.04.08 17:31:27 aiogram.event        INFO     Update id=511687716 is handled. Duration 2 ms by bot id=8095621527
2025.04.08 17:31:29 aiogram.event        INFO     Update id=511687717 is handled. Duration 2 ms by bot id=8095621527
2025.04.08 17:31:31 aiogram.event        INFO     Update id=511687718 is handled. Duration 5 ms by bot id=8095621527
2025.04.08 17:31:33 aiogram.event        INFO     Update id=511687719 is handled. Duration 4 ms by bot id=8095621527
2025.04.08 17:31:35 aiogram.event        INFO     Update id=511687720 is handled. Duration 2 ms by bot id=8095621527
2025.04.08 17:31:37 aiogram.event        INFO     Update id=511687721 is handled. Duration 1 ms by bot id=8095621527
2025.04.08 17:31:39 aiogram.event        INFO     Update id=511687722 is handled. Duration 1 ms by bot id=8095621527
2025.04.08 17:31:41 aiogram.event        INFO     Update id=511687723 is handled. Duration 1 ms by bot id=8095621527
2025.04.08 17:31:43 aiogram.event        INFO     Update id=511687724 is handled. Duration 1 ms by bot id=8095621527
2025.04.08 17:31:45 aiogram.event        INFO     Update id=511687725 is handled. Duration 1 ms by bot id=8095621527
2025.04.08 17:31:47 aiogram.event        INFO     Update id=511687726 is handled. Duration 1 ms by bot id=8095621527
2025.04.08 17:31:49 aiogram.event        INFO     Update id=511687727 is handled. Duration 1 ms by bot id=8095621527
2025.04.08 17:31:51 aiogram.event        INFO     Update id=511687728 is handled. Duration 1 ms by bot id=8095621527
2025.04.08 17:31:53 aiogram.event        INFO     Update id=511687729 is handled. Duration 1 ms by bot id=8095621527
2025.04.08 17:31:55 aiogram.event        INFO     Update id=511687730 is handled. Duration 1 ms by bot id=8095621527
2025.04.08 17:31:57 aiogram.event        INFO     Update id=511687731 is handled. Duration 1 ms by bot id=8095621527
2025.04.08 17:31:59 aiogram.event        INFO     Update id=511687732 is handled. Duration 1 ms by bot id=8095621527
2025.04.08 17:32:01 aiogram.event        INFO     Update id=511687733 is handled. Duration 1 ms by bot id=8095621527
2025.04.08 17:32:03 aiogram.event        INFO     Update id=511687734 is handled. Duration 1 ms by bot id=8095621527
2025.04.08 17:32:06 aiogram.event        INFO     Update id=511687735 is handled. Duration 1 ms by bot id=8095621527
2025.04.08 17:32:08 aiogram.event        INFO     Update id=511687736 is handled. Duration 23 ms by bot id=8095621527
2025.04.08 17:32:10 aiogram.event        INFO     Update id=511687737 is handled. Duration 1 ms by bot id=8095621527
2025.04.08 17:32:12 aiogram.event        INFO     Update id=511687738 is handled. Duration 2 ms by bot id=8095621527
2025.04.08 17:32:14 aiogram.event        INFO     Update id=511687739 is handled. Duration 1 ms by bot id=8095621527
2025.04.08 17:32:16 aiogram.event        INFO     Update id=511687740 is handled. Duration 1 ms by bot id=8095621527
2025.04.08 17:32:18 aiogram.event        INFO     Update id=511687741 is handled. Duration 1 ms by bot id=8095621527
2025.04.08 17:32:20 aiogram.event        INFO     Update id=511687742 is handled. Duration 1 ms by bot id=8095621527
2025.04.08 17:32:22 aiogram.event        INFO     Update id=511687743 is handled. Duration 7 ms by bot id=8095621527
2025.04.08 17:32:24 aiogram.event        INFO     Update id=511687744 is handled. Duration 1 ms by bot id=8095621527
2025.04.08 17:32:26 aiogram.event        INFO     Update id=511687745 is handled. Duration 1 ms by bot id=8095621527
2025.04.08 17:32:28 aiogram.event        INFO     Update id=511687746 is handled. Duration 2 ms by bot id=8095621527
2025.04.08 17:32:30 aiogram.event        INFO     Update id=511687747 is handled. Duration 1 ms by bot id=8095621527
2025.04.08 17:32:32 aiogram.event        INFO     Update id=511687748 is handled. Duration 2 ms by bot id=8095621527
2025.04.08 17:32:34 aiogram.event        INFO     Update id=511687749 is handled. Duration 1 ms by bot id=8095621527
2025.04.08 17:32:36 aiogram.event        INFO     Update id=511687750 is handled. Duration 2 ms by bot id=8095621527
2025.04.08 17:32:38 aiogram.event        INFO     Update id=511687751 is handled. Duration 1 ms by bot id=8095621527
2025.04.08 17:32:40 aiogram.event        INFO     Update id=511687752 is handled. Duration 1 ms by bot id=8095621527
2025.04.08 17:32:42 aiogram.event        INFO     Update id=511687753 is handled. Duration 1 ms by bot id=8095621527
2025.04.08 17:32:44 aiogram.event        INFO     Update id=511687754 is handled. Duration 3 ms by bot id=8095621527
2025.04.08 17:32:46 aiogram.event        INFO     Update id=511687755 is handled. Duration 2 ms by bot id=8095621527
2025.04.08 17:32:46 aiogram.event        INFO     Update id=511687756 is handled. Duration 2 ms by bot id=8095621527
2025.04.08 17:32:48 aiogram.event        INFO     Update id=511687757 is handled. Duration 2 ms by bot id=8095621527
2025.04.08 17:32:50 aiogram.event        INFO     Update id=511687758 is handled. Duration 1 ms by bot id=8095621527
2025.04.08 17:32:52 aiogram.event        INFO     Update id=511687759 is handled. Duration 1 ms by bot id=8095621527
2025.04.08 17:32:54 aiogram.event        INFO     Update id=511687760 is handled. Duration 1 ms by bot id=8095621527
2025.04.08 17:32:56 aiogram.event        INFO     Update id=511687761 is handled. Duration 1 ms by bot id=8095621527
2025.04.08 17:32:58 aiogram.event        INFO     Update id=511687762 is handled. Duration 1 ms by bot id=8095621527
2025.04.08 17:33:00 aiogram.event        INFO     Update id=511687763 is handled. Duration 2 ms by bot id=8095621527
2025.04.08 17:33:02 aiogram.event        INFO     Update id=511687764 is handled. Duration 2 ms by bot id=8095621527
2025.04.08 17:33:04 aiogram.event        INFO     Update id=511687765 is handled. Duration 3 ms by bot id=8095621527
2025.04.08 17:33:06 aiogram.event        INFO     Update id=511687766 is handled. Duration 1 ms by bot id=8095621527
2025.04.08 17:33:07 aiogram.event        INFO     Update id=511687767 is handled. Duration 1 ms by bot id=8095621527
2025.04.08 17:33:08 aiogram.event        INFO     Update id=511687768 is handled. Duration 1 ms by bot id=8095621527
2025.04.08 17:33:10 aiogram.event        INFO     Update id=511687769 is handled. Duration 1 ms by bot id=8095621527
2025.04.08 17:33:12 aiogram.event        INFO     Update id=511687770 is handled. Duration 1 ms by bot id=8095621527
2025.04.08 17:33:14 aiogram.event        INFO     Update id=511687771 is handled. Duration 1 ms by bot id=8095621527
2025.04.08 17:33:16 aiogram.event        INFO     Update id=511687772 is handled. Duration 2 ms by bot id=8095621527
2025.04.08 17:33:18 aiogram.event        INFO     Update id=511687773 is handled. Duration 1 ms by bot id=8095621527
2025.04.08 17:33:20 aiogram.event        INFO     Update id=511687774 is handled. Duration 1 ms by bot id=8095621527
2025.04.08 17:33:22 aiogram.event        INFO     Update id=511687775 is handled. Duration 5 ms by bot id=8095621527
2025.04.08 17:33:24 aiogram.event        INFO     Update id=511687776 is handled. Duration 1 ms by bot id=8095621527
2025.04.08 17:33:25 aiogram.event        INFO     Update id=511687777 is handled. Duration 3 ms by bot id=8095621527
2025.04.08 17:33:26 aiogram.event        INFO     Update id=511687778 is handled. Duration 1 ms by bot id=8095621527
2025.04.08 17:33:28 aiogram.event        INFO     Update id=511687779 is handled. Duration 1 ms by bot id=8095621527
2025.04.08 17:33:30 aiogram.event        INFO     Update id=511687780 is handled. Duration 1 ms by bot id=8095621527
2025.04.08 17:33:32 aiogram.event        INFO     Update id=511687781 is handled. Duration 1 ms by bot id=8095621527
2025.04.08 17:33:35 aiogram.event        INFO     Update id=511687782 is handled. Duration 1 ms by bot id=8095621527
2025.04.08 17:33:37 aiogram.event        INFO     Update id=511687783 is handled. Duration 1 ms by bot id=8095621527
2025.04.08 17:33:37 aiogram.event        INFO     Update id=511687784 is handled. Duration 1 ms by bot id=8095621527
2025.04.08 17:33:39 aiogram.event        INFO     Update id=511687785 is handled. Duration 1 ms by bot id=8095621527
2025.04.08 17:33:41 aiogram.event        INFO     Update id=511687786 is handled. Duration 1 ms by bot id=8095621527
2025.04.08 17:33:43 aiogram.event        INFO     Update id=511687787 is handled. Duration 1 ms by bot id=8095621527
2025.04.08 17:33:45 aiogram.event        INFO     Update id=511687788 is handled. Duration 1 ms by bot id=8095621527
2025.04.08 17:33:47 aiogram.event        INFO     Update id=511687789 is handled. Duration 1 ms by bot id=8095621527
2025.04.08 17:33:49 aiogram.event        INFO     Update id=511687790 is handled. Duration 1 ms by bot id=8095621527
2025.04.08 17:33:51 aiogram.event        INFO     Update id=511687791 is handled. Duration 1 ms by bot id=8095621527
2025.04.08 17:33:53 aiogram.event        INFO     Update id=511687792 is handled. Duration 1 ms by bot id=8095621527
2025.04.08 17:33:55 aiogram.event        INFO     Update id=511687793 is handled. Duration 1 ms by bot id=8095621527
2025.04.08 17:33:57 aiogram.event        INFO     Update id=511687794 is handled. Duration 1 ms by bot id=8095621527
2025.04.08 17:33:59 aiogram.event        INFO     Update id=511687795 is handled. Duration 1 ms by bot id=8095621527
2025.04.08 17:34:01 aiogram.event        INFO     Update id=511687796 is handled. Duration 10 ms by bot id=8095621527
2025.04.08 17:34:03 aiogram.event        INFO     Update id=511687797 is handled. Duration 2 ms by bot id=8095621527
2025.04.08 17:34:05 aiogram.event        INFO     Update id=511687798 is handled. Duration 1 ms by bot id=8095621527
2025.04.08 17:34:07 aiogram.event        INFO     Update id=511687799 is handled. Duration 1 ms by bot id=8095621527
2025.04.08 17:34:09 aiogram.event        INFO     Update id=511687800 is handled. Duration 1 ms by bot id=8095621527
2025.04.08 17:34:11 aiogram.event        INFO     Update id=511687801 is handled. Duration 1 ms by bot id=8095621527
2025.04.08 17:34:14 aiogram.event        INFO     Update id=511687802 is handled. Duration 1 ms by bot id=8095621527
2025.04.08 17:34:16 aiogram.event        INFO     Update id=511687803 is handled. Duration 1 ms by bot id=8095621527
2025.04.08 17:34:18 aiogram.event        INFO     Update id=511687804 is handled. Duration 1 ms by bot id=8095621527
2025.04.08 17:34:20 aiogram.event        INFO     Update id=511687805 is handled. Duration 1 ms by bot id=8095621527
2025.04.08 17:34:22 aiogram.event        INFO     Update id=511687806 is handled. Duration 1 ms by bot id=8095621527
2025.04.08 17:34:24 aiogram.event        INFO     Update id=511687807 is handled. Duration 1 ms by bot id=8095621527
2025.04.08 17:34:26 aiogram.event        INFO     Update id=511687808 is handled. Duration 1 ms by bot id=8095621527
2025.04.08 17:34:28 aiogram.event        INFO     Update id=511687809 is handled. Duration 2 ms by bot id=8095621527
2025.04.08 17:34:30 aiogram.event        INFO     Update id=511687810 is handled. Duration 1 ms by bot id=8095621527
2025.04.08 17:34:32 aiogram.event        INFO     Update id=511687811 is handled. Duration 3 ms by bot id=8095621527
2025.04.08 17:34:34 aiogram.event        INFO     Update id=511687812 is handled. Duration 2 ms by bot id=8095621527
2025.04.08 17:34:36 aiogram.event        INFO     Update id=511687813 is handled. Duration 2 ms by bot id=8095621527
2025.04.08 17:34:38 aiogram.event        INFO     Update id=511687814 is handled. Duration 1 ms by bot id=8095621527
2025.04.08 17:34:40 aiogram.event        INFO     Update id=511687815 is handled. Duration 2 ms by bot id=8095621527
2025.04.08 17:34:42 aiogram.event        INFO     Update id=511687816 is handled. Duration 3 ms by bot id=8095621527
2025.04.08 17:34:43 aiogram.event        INFO     Update id=511687817 is handled. Duration 2 ms by bot id=8095621527
2025.04.08 17:34:44 aiogram.event        INFO     Update id=511687818 is handled. Duration 4 ms by bot id=8095621527
2025.04.08 17:34:46 aiogram.event        INFO     Update id=511687819 is handled. Duration 2 ms by bot id=8095621527
2025.04.08 17:34:48 aiogram.event        INFO     Update id=511687820 is handled. Duration 1 ms by bot id=8095621527
2025.04.08 17:34:50 aiogram.event        INFO     Update id=511687821 is handled. Duration 1 ms by bot id=8095621527
2025.04.08 17:34:52 aiogram.event        INFO     Update id=511687822 is handled. Duration 1 ms by bot id=8095621527
2025.04.08 17:34:54 aiogram.event        INFO     Update id=511687823 is handled. Duration 1 ms by bot id=8095621527
2025.04.08 17:34:56 aiogram.event        INFO     Update id=511687824 is handled. Duration 2 ms by bot id=8095621527
2025.04.08 17:34:58 aiogram.event        INFO     Update id=511687825 is handled. Duration 1 ms by bot id=8095621527
2025.04.08 17:35:00 aiogram.event        INFO     Update id=511687826 is handled. Duration 8 ms by bot id=8095621527
2025.04.08 17:35:02 aiogram.event        INFO     Update id=511687827 is handled. Duration 3 ms by bot id=8095621527
2025.04.08 17:35:04 aiogram.event        INFO     Update id=511687828 is handled. Duration 1 ms by bot id=8095621527
2025.04.08 17:35:06 aiogram.event        INFO     Update id=511687829 is handled. Duration 1 ms by bot id=8095621527
2025.04.08 17:35:08 aiogram.event        INFO     Update id=511687830 is handled. Duration 1 ms by bot id=8095621527
2025.04.08 17:35:09 aiogram.event        INFO     Update id=511687831 is handled. Duration 9 ms by bot id=8095621527
2025.04.08 17:35:09 aiogram.event        INFO     Update id=511687832 is handled. Duration 9 ms by bot id=8095621527
2025.04.08 17:35:09 aiogram.event        INFO     Update id=511687833 is handled. Duration 9 ms by bot id=8095621527
2025.04.08 17:35:09 aiogram.event        INFO     Update id=511687834 is handled. Duration 9 ms by bot id=8095621527
2025.04.08 17:35:09 aiogram.event        INFO     Update id=511687835 is handled. Duration 10 ms by bot id=8095621527
2025.04.08 17:35:10 aiogram.event        INFO     Update id=511687836 is handled. Duration 1 ms by bot id=8095621527
2025.04.08 17:35:12 aiogram.event        INFO     Update id=511687837 is handled. Duration 2 ms by bot id=8095621527
2025.04.08 17:35:12 aiogram.event        INFO     Update id=511687838 is handled. Duration 2 ms by bot id=8095621527
2025.04.08 17:35:12 aiogram.event        INFO     Update id=511687839 is handled. Duration 2 ms by bot id=8095621527
2025.04.08 17:35:28 aiogram.event        INFO     Update id=511687840 is not handled. Duration 2 ms by bot id=8095621527
2025.04.08 17:35:30 aiogram.event        INFO     Update id=511687841 is handled. Duration 1 ms by bot id=8095621527
2025.04.08 17:35:30 aiogram.event        INFO     Update id=511687842 is handled. Duration 3 ms by bot id=8095621527
2025.04.08 17:35:32 aiogram.event        INFO     Update id=511687843 is handled. Duration 2 ms by bot id=8095621527
2025.04.08 17:35:34 aiogram.event        INFO     Update id=511687844 is handled. Duration 1 ms by bot id=8095621527
2025.04.08 17:35:37 aiogram.event        INFO     Update id=511687845 is handled. Duration 2 ms by bot id=8095621527
2025.04.08 17:35:39 aiogram.event        INFO     Update id=511687846 is handled. Duration 1 ms by bot id=8095621527
2025.04.08 17:35:41 aiogram.event        INFO     Update id=511687847 is handled. Duration 4 ms by bot id=8095621527
2025.04.08 17:35:43 aiogram.event        INFO     Update id=511687848 is handled. Duration 1 ms by bot id=8095621527
2025.04.08 17:35:45 aiogram.event        INFO     Update id=511687849 is handled. Duration 2 ms by bot id=8095621527
2025.04.08 17:35:45 aiogram.event        INFO     Update id=511687850 is handled. Duration 4 ms by bot id=8095621527
2025.04.08 17:35:46 aiogram.event        INFO     Update id=511687851 is handled. Duration 1 ms by bot id=8095621527
2025.04.08 17:35:47 aiogram.event        INFO     Update id=511687852 is handled. Duration 1 ms by bot id=8095621527
2025.04.08 17:35:47 aiogram.event        INFO     Update id=511687853 is handled. Duration 1 ms by bot id=8095621527
2025.04.08 17:35:49 aiogram.event        INFO     Update id=511687854 is handled. Duration 2 ms by bot id=8095621527
2025.04.08 17:35:51 aiogram.event        INFO     Update id=511687855 is handled. Duration 1 ms by bot id=8095621527
2025.04.08 17:35:51 aiogram.event        INFO     Update id=511687856 is handled. Duration 1 ms by bot id=8095621527
2025.04.08 17:35:52 aiogram.event        INFO     Update id=511687857 is handled. Duration 2 ms by bot id=8095621527
2025.04.08 17:35:53 aiogram.event        INFO     Update id=511687858 is not handled. Duration 0 ms by bot id=8095621527
2025.04.08 17:35:53 aiogram.event        INFO     Update id=511687859 is handled. Duration 1 ms by bot id=8095621527
2025.04.08 17:35:55 aiogram.event        INFO     Update id=511687860 is handled. Duration 2 ms by bot id=8095621527
2025.04.08 17:35:57 aiogram.event        INFO     Update id=511687861 is handled. Duration 1 ms by bot id=8095621527
2025.04.08 17:35:59 aiogram.event        INFO     Update id=511687862 is handled. Duration 1 ms by bot id=8095621527
2025.04.08 17:36:01 aiogram.event        INFO     Update id=511687863 is handled. Duration 3 ms by bot id=8095621527
2025.04.08 17:36:03 aiogram.event        INFO     Update id=511687864 is handled. Duration 1 ms by bot id=8095621527
2025.04.08 17:36:05 aiogram.event        INFO     Update id=511687865 is handled. Duration 1 ms by bot id=8095621527
2025.04.08 17:36:06 aiogram.event        INFO     Update id=511687866 is not handled. Duration 2 ms by bot id=8095621527
2025.04.08 17:36:07 aiogram.event        INFO     Update id=511687867 is handled. Duration 1 ms by bot id=8095621527
2025.04.08 17:36:09 aiogram.event        INFO     Update id=511687868 is handled. Duration 2 ms by bot id=8095621527
2025.04.08 17:36:11 aiogram.event        INFO     Update id=511687869 is handled. Duration 1 ms by bot id=8095621527
2025.04.08 17:36:13 aiogram.event        INFO     Update id=511687870 is handled. Duration 1 ms by bot id=8095621527
2025.04.08 17:36:15 aiogram.event        INFO     Update id=511687871 is handled. Duration 1 ms by bot id=8095621527
2025.04.08 17:36:17 aiogram.event        INFO     Update id=511687872 is handled. Duration 1 ms by bot id=8095621527
2025.04.08 17:36:17 aiogram.event        INFO     Update id=511687873 is handled. Duration 1 ms by bot id=8095621527
2025.04.08 17:36:19 aiogram.event        INFO     Update id=511687874 is handled. Duration 1 ms by bot id=8095621527
2025.04.08 17:36:20 aiogram.event        INFO     Update id=511687875 is handled. Duration 8 ms by bot id=8095621527
2025.04.08 17:36:22 aiogram.event        INFO     Update id=511687876 is handled. Duration 1 ms by bot id=8095621527
2025.04.08 17:36:22 aiogram.event        INFO     Update id=511687877 is handled. Duration 1 ms by bot id=8095621527
2025.04.08 17:36:24 aiogram.event        INFO     Update id=511687878 is handled. Duration 1 ms by bot id=8095621527
2025.04.08 17:36:26 aiogram.event        INFO     Update id=511687879 is handled. Duration 1 ms by bot id=8095621527
2025.04.08 17:36:27 aiogram.event        INFO     Update id=511687880 is handled. Duration 1 ms by bot id=8095621527
2025.04.08 17:36:27 aiogram.event        INFO     Update id=511687881 is handled. Duration 1 ms by bot id=8095621527
2025.04.08 17:36:28 aiogram.event        INFO     Update id=511687882 is handled. Duration 1 ms by bot id=8095621527
2025.04.08 17:36:40 aiogram.event        INFO     Update id=511687883 is handled. Duration 1 ms by bot id=8095621527
2025.04.08 17:36:56 aiogram.event        INFO     Update id=511687884 is handled. Duration 1 ms by bot id=8095621527
2025.04.08 17:36:57 aiogram.event        INFO     Update id=511687885 is handled. Duration 1 ms by bot id=8095621527
2025.04.08 17:37:05 aiogram.event        INFO     Update id=511687886 is handled. Duration 3 ms by bot id=8095621527
2025.04.08 17:37:16 aiogram.event        INFO     Update id=511687887 is handled. Duration 1 ms by bot id=8095621527
2025.04.08 17:37:48 aiogram.event        INFO     Update id=511687888 is handled. Duration 1 ms by bot id=8095621527
2025.04.08 17:37:51 aiogram.event        INFO     Update id=511687889 is not handled. Duration 1 ms by bot id=8095621527
2025.04.08 17:38:04 aiogram.event        INFO     Update id=511687890 is not handled. Duration 2 ms by bot id=8095621527
2025.04.08 17:38:06 aiogram.event        INFO     Update id=511687891 is handled. Duration 1 ms by bot id=8095621527
2025.04.08 17:38:14 aiogram.event        INFO     Update id=511687892 is not handled. Duration 2 ms by bot id=8095621527
2025.04.08 17:38:17 aiogram.event        INFO     Update id=511687893 is not handled. Duration 2 ms by bot id=8095621527
2025.04.08 17:38:22 aiogram.event        INFO     Update id=511687894 is handled. Duration 1 ms by bot id=8095621527
2025.04.08 17:38:44 aiogram.event        INFO     Update id=511687895 is handled. Duration 1 ms by bot id=8095621527
2025.04.08 17:38:47 aiogram.event        INFO     Update id=511687896 is handled. Duration 2 ms by bot id=8095621527
2025.04.08 17:38:48 aiogram.event        INFO     Update id=511687897 is handled. Duration 1 ms by bot id=8095621527
2025.04.08 17:38:57 aiogram.event        INFO     Update id=511687898 is handled. Duration 2 ms by bot id=8095621527
2025.04.08 17:39:00 aiogram.event        INFO     Update id=511687899 is handled. Duration 1 ms by bot id=8095621527
2025.04.08 17:39:05 aiogram.event        INFO     Update id=511687900 is handled. Duration 1 ms by bot id=8095621527
2025.04.08 17:39:18 aiogram.event        INFO     Update id=511687901 is handled. Duration 3 ms by bot id=8095621527
2025.04.08 17:39:24 aiogram.event        INFO     Update id=511687902 is not handled. Duration 2 ms by bot id=8095621527
2025.04.08 17:39:33 aiogram.event        INFO     Update id=511687903 is handled. Duration 1 ms by bot id=8095621527
2025.04.08 17:39:39 aiogram.event        INFO     Update id=511687904 is handled. Duration 1 ms by bot id=8095621527
2025.04.08 17:39:42 aiogram.event        INFO     Update id=511687905 is handled. Duration 1 ms by bot id=8095621527
2025.04.08 17:39:53 aiogram.event        INFO     Update id=511687906 is handled. Duration 1 ms by bot id=8095621527
2025.04.08 17:39:53 aiogram.event        INFO     Update id=511687907 is handled. Duration 1 ms by bot id=8095621527
2025.04.08 17:39:57 aiogram.event        INFO     Update id=511687908 is handled. Duration 1 ms by bot id=8095621527
2025.04.08 17:40:00 aiogram.event        INFO     Update id=511687909 is handled. Duration 1 ms by bot id=8095621527
2025.04.08 17:40:02 aiogram.event        INFO     Update id=511687910 is handled. Duration 7 ms by bot id=8095621527
2025.04.08 17:40:04 aiogram.event        INFO     Update id=511687911 is handled. Duration 1 ms by bot id=8095621527
2025.04.08 17:40:08 aiogram.event        INFO     Update id=511687912 is handled. Duration 1 ms by bot id=8095621527
2025.04.08 17:40:10 aiogram.event        INFO     Update id=511687913 is handled. Duration 1 ms by bot id=8095621527
2025.04.08 17:40:16 aiogram.event        INFO     Update id=511687914 is handled. Duration 2 ms by bot id=8095621527
2025.04.08 17:40:18 aiogram.event        INFO     Update id=511687915 is handled. Duration 1 ms by bot id=8095621527
2025.04.08 17:40:30 aiogram.event        INFO     Update id=511687916 is handled. Duration 5 ms by bot id=8095621527
2025.04.08 17:40:38 aiogram.event        INFO     Update id=511687917 is handled. Duration 5 ms by bot id=8095621527
2025.04.08 17:40:44 aiogram.event        INFO     Update id=511687918 is handled. Duration 8 ms by bot id=8095621527
2025.04.08 17:40:45 aiogram.event        INFO     Update id=511687919 is handled. Duration 1 ms by bot id=8095621527
2025.04.08 17:40:54 aiogram.event        INFO     Update id=511687920 is handled. Duration 1 ms by bot id=8095621527
2025.04.08 17:40:58 aiogram.event        INFO     Update id=511687921 is handled. Duration 1 ms by bot id=8095621527
2025.04.08 17:40:59 aiogram.event        INFO     Update id=511687922 is handled. Duration 1 ms by bot id=8095621527
2025.04.08 17:41:04 aiogram.event        INFO     Update id=511687923 is handled. Duration 1 ms by bot id=8095621527
2025.04.08 17:41:09 aiogram.event        INFO     Update id=511687924 is handled. Duration 1 ms by bot id=8095621527
2025.04.08 17:41:22 aiogram.event        INFO     Update id=511687925 is handled. Duration 1 ms by bot id=8095621527
2025.04.08 17:41:23 aiogram.event        INFO     Update id=511687926 is handled. Duration 2 ms by bot id=8095621527
2025.04.08 17:41:24 aiogram.event        INFO     Update id=511687927 is handled. Duration 4 ms by bot id=8095621527
2025.04.08 17:41:29 aiogram.event        INFO     Update id=511687928 is handled. Duration 1 ms by bot id=8095621527
2025.04.08 17:41:29 aiogram.event        INFO     Update id=511687929 is handled. Duration 1 ms by bot id=8095621527
2025.04.08 17:41:35 aiogram.event        INFO     Update id=511687930 is handled. Duration 1 ms by bot id=8095621527
2025.04.08 17:41:39 aiogram.event        INFO     Update id=511687931 is handled. Duration 1 ms by bot id=8095621527
2025.04.08 17:41:47 aiogram.event        INFO     Update id=511687932 is handled. Duration 1 ms by bot id=8095621527
2025.04.08 17:41:58 aiogram.event        INFO     Update id=511687933 is handled. Duration 1 ms by bot id=8095621527
2025.04.08 17:42:00 aiogram.event        INFO     Update id=511687934 is handled. Duration 1 ms by bot id=8095621527
2025.04.08 17:42:02 aiogram.event        INFO     Update id=511687935 is handled. Duration 1 ms by bot id=8095621527
2025.04.08 17:42:03 aiogram.event        INFO     Update id=511687936 is handled. Duration 1 ms by bot id=8095621527
2025.04.08 17:42:06 aiogram.event        INFO     Update id=511687937 is handled. Duration 1 ms by bot id=8095621527
2025.04.08 17:42:10 aiogram.event        INFO     Update id=511687938 is handled. Duration 1 ms by bot id=8095621527
2025.04.08 17:42:11 aiogram.event        INFO     Update id=511687939 is handled. Duration 1 ms by bot id=8095621527
2025.04.08 17:42:19 aiogram.event        INFO     Update id=511687940 is handled. Duration 1 ms by bot id=8095621527
2025.04.08 17:42:20 aiogram.event        INFO     Update id=511687941 is handled. Duration 1 ms by bot id=8095621527
2025.04.08 17:42:23 aiogram.event        INFO     Update id=511687942 is handled. Duration 1 ms by bot id=8095621527
2025.04.08 17:42:24 aiogram.event        INFO     Update id=511687943 is handled. Duration 1 ms by bot id=8095621527
2025.04.08 17:42:25 aiogram.event        INFO     Update id=511687944 is handled. Duration 1 ms by bot id=8095621527
2025.04.08 17:42:25 aiogram.event        INFO     Update id=511687945 is handled. Duration 4 ms by bot id=8095621527
2025.04.08 17:42:27 aiogram.event        INFO     Update id=511687946 is handled. Duration 1 ms by bot id=8095621527
2025.04.08 17:42:39 aiogram.event        INFO     Update id=511687947 is handled. Duration 1 ms by bot id=8095621527
2025.04.08 17:42:40 aiogram.event        INFO     Update id=511687948 is handled. Duration 1 ms by bot id=8095621527
2025.04.08 17:42:42 aiogram.event        INFO     Update id=511687949 is handled. Duration 1 ms by bot id=8095621527
2025.04.08 17:42:43 aiogram.event        INFO     Update id=511687950 is handled. Duration 3 ms by bot id=8095621527
2025.04.08 17:42:45 aiogram.event        INFO     Update id=511687951 is handled. Duration 1 ms by bot id=8095621527
2025.04.08 17:42:46 aiogram.event        INFO     Update id=511687952 is handled. Duration 1 ms by bot id=8095621527
2025.04.08 17:42:48 aiogram.event        INFO     Update id=511687953 is handled. Duration 1 ms by bot id=8095621527
2025.04.08 17:42:49 aiogram.event        INFO     Update id=511687954 is handled. Duration 1 ms by bot id=8095621527
2025.04.08 17:42:53 aiogram.event        INFO     Update id=511687955 is handled. Duration 1 ms by bot id=8095621527
2025.04.08 17:42:58 aiogram.event        INFO     Update id=511687956 is handled. Duration 1 ms by bot id=8095621527
2025.04.08 17:42:58 aiogram.event        INFO     Update id=511687957 is handled. Duration 1 ms by bot id=8095621527
2025.04.08 17:43:04 aiogram.event        INFO     Update id=511687958 is handled. Duration 1 ms by bot id=8095621527
2025.04.08 17:43:22 aiogram.event        INFO     Update id=511687959 is handled. Duration 1 ms by bot id=8095621527
2025.04.08 17:43:24 aiogram.event        INFO     Update id=511687960 is handled. Duration 12 ms by bot id=8095621527
2025.04.08 17:43:25 aiogram.event        INFO     Update id=511687961 is handled. Duration 1 ms by bot id=8095621527
2025.04.08 17:43:27 aiogram.event        INFO     Update id=511687962 is handled. Duration 1 ms by bot id=8095621527
2025.04.08 17:43:36 aiogram.event        INFO     Update id=511687963 is handled. Duration 3 ms by bot id=8095621527
2025.04.08 17:43:39 aiogram.event        INFO     Update id=511687964 is handled. Duration 1 ms by bot id=8095621527
2025.04.08 17:43:40 aiogram.event        INFO     Update id=511687965 is handled. Duration 2 ms by bot id=8095621527
2025.04.08 17:43:42 aiogram.event        INFO     Update id=511687966 is handled. Duration 1 ms by bot id=8095621527
2025.04.08 17:43:43 aiogram.event        INFO     Update id=511687967 is handled. Duration 1 ms by bot id=8095621527
2025.04.08 17:43:44 aiogram.event        INFO     Update id=511687968 is handled. Duration 2 ms by bot id=8095621527
2025.04.08 17:43:51 aiogram.event        INFO     Update id=511687969 is handled. Duration 1 ms by bot id=8095621527
2025.04.08 17:43:51 aiogram.event        INFO     Update id=511687970 is handled. Duration 1 ms by bot id=8095621527
2025.04.08 17:43:53 aiogram.event        INFO     Update id=511687971 is handled. Duration 1 ms by bot id=8095621527
2025.04.08 17:43:53 aiogram.event        INFO     Update id=511687972 is handled. Duration 1 ms by bot id=8095621527
2025.04.08 17:43:54 aiogram.event        INFO     Update id=511687973 is handled. Duration 2 ms by bot id=8095621527
2025.04.08 17:44:00 aiogram.event        INFO     Update id=511687974 is handled. Duration 2 ms by bot id=8095621527
2025.04.08 17:44:01 aiogram.event        INFO     Update id=511687975 is handled. Duration 1 ms by bot id=8095621527
2025.04.08 17:44:02 aiogram.event        INFO     Update id=511687976 is handled. Duration 2 ms by bot id=8095621527
2025.04.08 17:44:03 aiogram.event        INFO     Update id=511687977 is handled. Duration 5 ms by bot id=8095621527
2025.04.08 17:44:03 aiogram.event        INFO     Update id=511687978 is handled. Duration 2 ms by bot id=8095621527
2025.04.08 17:44:05 aiogram.event        INFO     Update id=511687979 is handled. Duration 6 ms by bot id=8095621527
2025.04.08 17:44:05 aiogram.event        INFO     Update id=511687980 is handled. Duration 1 ms by bot id=8095621527
2025.04.08 17:44:08 aiogram.event        INFO     Update id=511687981 is handled. Duration 1 ms by bot id=8095621527
2025.04.08 17:44:10 aiogram.event        INFO     Update id=511687982 is handled. Duration 4 ms by bot id=8095621527
2025.04.08 17:44:13 aiogram.event        INFO     Update id=511687983 is handled. Duration 1 ms by bot id=8095621527
2025.04.08 17:44:14 aiogram.event        INFO     Update id=511687984 is handled. Duration 1 ms by bot id=8095621527
2025.04.08 17:44:15 aiogram.event        INFO     Update id=511687985 is handled. Duration 1 ms by bot id=8095621527
2025.04.08 17:44:19 aiogram.event        INFO     Update id=511687986 is handled. Duration 1 ms by bot id=8095621527
2025.04.08 17:44:22 aiogram.event        INFO     Update id=511687987 is handled. Duration 3 ms by bot id=8095621527
2025.04.08 17:44:25 aiogram.event        INFO     Update id=511687988 is handled. Duration 1 ms by bot id=8095621527
2025.04.08 17:44:36 aiogram.event        INFO     Update id=511687989 is handled. Duration 2 ms by bot id=8095621527
2025.04.08 17:44:37 aiogram.event        INFO     Update id=511687990 is handled. Duration 2 ms by bot id=8095621527
2025.04.08 17:44:37 aiogram.event        INFO     Update id=511687991 is not handled. Duration 1 ms by bot id=8095621527
2025.04.08 17:44:39 aiogram.event        INFO     Update id=511687992 is handled. Duration 1 ms by bot id=8095621527
2025.04.08 17:44:46 aiogram.event        INFO     Update id=511687993 is handled. Duration 1 ms by bot id=8095621527
2025.04.08 17:44:46 aiogram.event        INFO     Update id=511687994 is not handled. Duration 1 ms by bot id=8095621527
2025.04.08 17:44:51 aiogram.event        INFO     Update id=511687995 is handled. Duration 1 ms by bot id=8095621527
2025.04.08 17:44:52 aiogram.event        INFO     Update id=511687996 is handled. Duration 1 ms by bot id=8095621527
2025.04.08 17:44:53 aiogram.event        INFO     Update id=511687997 is not handled. Duration 1 ms by bot id=8095621527
2025.04.08 17:45:03 aiogram.event        INFO     Update id=511687998 is handled. Duration 1 ms by bot id=8095621527
2025.04.08 17:45:06 aiogram.event        INFO     Update id=511687999 is handled. Duration 1 ms by bot id=8095621527
2025.04.08 17:45:06 aiogram.event        INFO     Update id=511688000 is handled. Duration 1 ms by bot id=8095621527
2025.04.08 17:45:09 aiogram.event        INFO     Update id=511688001 is handled. Duration 1 ms by bot id=8095621527
2025.04.08 17:45:10 aiogram.event        INFO     Update id=511688002 is handled. Duration 1 ms by bot id=8095621527
2025.04.08 17:45:16 aiogram.event        INFO     Update id=511688003 is handled. Duration 2 ms by bot id=8095621527
2025.04.08 17:45:21 aiogram.event        INFO     Update id=511688004 is handled. Duration 1 ms by bot id=8095621527
2025.04.08 17:45:22 aiogram.event        INFO     Update id=511688005 is handled. Duration 2 ms by bot id=8095621527
2025.04.08 17:45:22 aiogram.event        INFO     Update id=511688006 is handled. Duration 1 ms by bot id=8095621527
2025.04.08 17:45:23 aiogram.event        INFO     Update id=511688007 is handled. Duration 2 ms by bot id=8095621527
2025.04.08 17:45:25 aiogram.event        INFO     Update id=511688008 is handled. Duration 1 ms by bot id=8095621527
2025.04.08 17:45:26 aiogram.event        INFO     Update id=511688009 is handled. Duration 1 ms by bot id=8095621527
2025.04.08 17:45:28 aiogram.event        INFO     Update id=511688010 is handled. Duration 1 ms by bot id=8095621527
2025.04.08 17:45:29 aiogram.event        INFO     Update id=511688011 is handled. Duration 1 ms by bot id=8095621527
2025.04.08 17:45:37 aiogram.event        INFO     Update id=511688012 is handled. Duration 2 ms by bot id=8095621527
2025.04.08 17:45:39 aiogram.event        INFO     Update id=511688013 is handled. Duration 2 ms by bot id=8095621527
2025.04.08 17:45:41 aiogram.event        INFO     Update id=511688014 is handled. Duration 2 ms by bot id=8095621527
2025.04.08 17:45:43 aiogram.event        INFO     Update id=511688015 is handled. Duration 1 ms by bot id=8095621527
2025.04.08 17:45:44 aiogram.event        INFO     Update id=511688016 is handled. Duration 1 ms by bot id=8095621527
2025.04.08 17:45:45 aiogram.event        INFO     Update id=511688017 is handled. Duration 1 ms by bot id=8095621527
2025.04.08 17:45:46 aiogram.event        INFO     Update id=511688018 is handled. Duration 1 ms by bot id=8095621527
2025.04.08 17:45:46 aiogram.event        INFO     Update id=511688019 is handled. Duration 1 ms by bot id=8095621527
2025.04.08 17:45:49 aiogram.event        INFO     Update id=511688020 is handled. Duration 2 ms by bot id=8095621527
2025.04.08 17:45:50 aiogram.event        INFO     Update id=511688021 is handled. Duration 1 ms by bot id=8095621527
2025.04.08 17:45:51 aiogram.event        INFO     Update id=511688022 is handled. Duration 1 ms by bot id=8095621527
2025.04.08 17:45:53 aiogram.event        INFO     Update id=511688023 is handled. Duration 2 ms by bot id=8095621527
2025.04.08 17:45:57 aiogram.event        INFO     Update id=511688024 is handled. Duration 1 ms by bot id=8095621527
2025.04.08 17:45:58 aiogram.event        INFO     Update id=511688025 is handled. Duration 1 ms by bot id=8095621527
2025.04.08 17:46:02 aiogram.event        INFO     Update id=511688026 is handled. Duration 1 ms by bot id=8095621527
2025.04.08 17:46:05 aiogram.event        INFO     Update id=511688027 is handled. Duration 1 ms by bot id=8095621527
2025.04.08 17:46:05 aiogram.event        INFO     Update id=511688028 is handled. Duration 1 ms by bot id=8095621527
2025.04.08 17:46:09 aiogram.event        INFO     Update id=511688029 is handled. Duration 1 ms by bot id=8095621527
2025.04.08 17:46:10 aiogram.event        INFO     Update id=511688030 is handled. Duration 1 ms by bot id=8095621527
2025.04.08 17:46:13 aiogram.event        INFO     Update id=511688031 is handled. Duration 3 ms by bot id=8095621527
2025.04.08 17:46:17 aiogram.event        INFO     Update id=511688032 is handled. Duration 4 ms by bot id=8095621527
2025.04.08 17:46:17 aiogram.event        INFO     Update id=511688033 is handled. Duration 4 ms by bot id=8095621527
2025.04.08 17:46:17 aiogram.event        INFO     Update id=511688034 is handled. Duration 1 ms by bot id=8095621527
2025.04.08 17:46:19 aiogram.event        INFO     Update id=511688035 is handled. Duration 4 ms by bot id=8095621527
2025.04.08 17:46:22 aiogram.event        INFO     Update id=511688036 is handled. Duration 1 ms by bot id=8095621527
2025.04.08 17:46:23 aiogram.event        INFO     Update id=511688037 is handled. Duration 1 ms by bot id=8095621527
2025.04.08 17:46:26 aiogram.event        INFO     Update id=511688038 is handled. Duration 1 ms by bot id=8095621527
2025.04.08 17:46:34 aiogram.event        INFO     Update id=511688039 is handled. Duration 1 ms by bot id=8095621527
2025.04.08 17:46:35 aiogram.event        INFO     Update id=511688040 is handled. Duration 1 ms by bot id=8095621527
2025.04.08 17:46:36 aiogram.event        INFO     Update id=511688041 is handled. Duration 1 ms by bot id=8095621527
2025.04.08 17:46:38 aiogram.event        INFO     Update id=511688042 is handled. Duration 1 ms by bot id=8095621527
2025.04.08 17:46:38 aiogram.event        INFO     Update id=511688043 is handled. Duration 2 ms by bot id=8095621527
2025.04.08 17:46:39 aiogram.event        INFO     Update id=511688044 is handled. Duration 2 ms by bot id=8095621527
2025.04.08 17:46:39 aiogram.event        INFO     Update id=511688045 is handled. Duration 2 ms by bot id=8095621527
2025.04.08 17:46:46 aiogram.event        INFO     Update id=511688046 is handled. Duration 3 ms by bot id=8095621527
2025.04.08 17:46:58 aiogram.event        INFO     Update id=511688047 is handled. Duration 2 ms by bot id=8095621527
2025.04.08 17:47:00 aiogram.event        INFO     Update id=511688048 is handled. Duration 1 ms by bot id=8095621527
2025.04.08 17:47:00 aiogram.event        INFO     Update id=511688049 is handled. Duration 1 ms by bot id=8095621527
2025.04.08 17:47:01 aiogram.event        INFO     Update id=511688050 is handled. Duration 1 ms by bot id=8095621527
2025.04.08 17:47:04 aiogram.event        INFO     Update id=511688051 is handled. Duration 1 ms by bot id=8095621527
2025.04.08 17:47:04 aiogram.event        INFO     Update id=511688052 is handled. Duration 2 ms by bot id=8095621527
2025.04.08 17:47:07 aiogram.event        INFO     Update id=511688053 is handled. Duration 1 ms by bot id=8095621527
2025.04.08 17:47:09 aiogram.event        INFO     Update id=511688054 is handled. Duration 1 ms by bot id=8095621527
2025.04.08 17:47:10 aiogram.event        INFO     Update id=511688055 is handled. Duration 2 ms by bot id=8095621527
2025.04.08 17:47:14 aiogram.event        INFO     Update id=511688056 is handled. Duration 1 ms by bot id=8095621527
2025.04.08 17:47:16 aiogram.event        INFO     Update id=511688057 is handled. Duration 4 ms by bot id=8095621527
2025.04.08 17:47:19 aiogram.event        INFO     Update id=511688058 is handled. Duration 2 ms by bot id=8095621527
2025.04.08 17:47:20 aiogram.event        INFO     Update id=511688059 is handled. Duration 1 ms by bot id=8095621527
2025.04.08 17:47:20 aiogram.event        INFO     Update id=511688060 is handled. Duration 1 ms by bot id=8095621527
2025.04.08 17:47:20 aiogram.event        INFO     Update id=511688061 is handled. Duration 1 ms by bot id=8095621527
2025.04.08 17:47:25 aiogram.event        INFO     Update id=511688062 is handled. Duration 3 ms by bot id=8095621527
2025.04.08 17:47:26 aiogram.event        INFO     Update id=511688063 is handled. Duration 1 ms by bot id=8095621527
2025.04.08 17:47:27 aiogram.event        INFO     Update id=511688064 is handled. Duration 1 ms by bot id=8095621527
2025.04.08 17:47:29 aiogram.event        INFO     Update id=511688065 is handled. Duration 2 ms by bot id=8095621527
2025.04.08 17:47:32 aiogram.event        INFO     Update id=511688066 is handled. Duration 1 ms by bot id=8095621527
2025.04.08 17:47:35 aiogram.event        INFO     Update id=511688067 is handled. Duration 1 ms by bot id=8095621527
2025.04.08 17:47:40 aiogram.event        INFO     Update id=511688068 is handled. Duration 1 ms by bot id=8095621527
2025.04.08 17:47:41 aiogram.event        INFO     Update id=511688069 is handled. Duration 1 ms by bot id=8095621527
2025.04.08 17:47:42 aiogram.event        INFO     Update id=511688070 is handled. Duration 1 ms by bot id=8095621527
2025.04.08 17:47:47 aiogram.event        INFO     Update id=511688071 is handled. Duration 1 ms by bot id=8095621527
2025.04.08 17:47:50 aiogram.event        INFO     Update id=511688072 is handled. Duration 1 ms by bot id=8095621527
2025.04.08 17:47:51 aiogram.event        INFO     Update id=511688073 is handled. Duration 1 ms by bot id=8095621527
2025.04.08 17:47:52 aiogram.event        INFO     Update id=511688074 is handled. Duration 1 ms by bot id=8095621527
2025.04.08 17:47:52 aiogram.event        INFO     Update id=511688075 is handled. Duration 2 ms by bot id=8095621527
2025.04.08 17:47:52 aiogram.event        INFO     Update id=511688076 is handled. Duration 1 ms by bot id=8095621527
2025.04.08 17:47:56 aiogram.event        INFO     Update id=511688077 is handled. Duration 1 ms by bot id=8095621527
2025.04.08 17:47:59 aiogram.event        INFO     Update id=511688078 is handled. Duration 1 ms by bot id=8095621527
2025.04.08 17:48:01 aiogram.event        INFO     Update id=511688079 is handled. Duration 1 ms by bot id=8095621527
2025.04.08 17:48:02 aiogram.event        INFO     Update id=511688080 is handled. Duration 1 ms by bot id=8095621527
2025.04.08 17:48:04 aiogram.event        INFO     Update id=511688081 is handled. Duration 1 ms by bot id=8095621527
2025.04.08 17:48:06 aiogram.event        INFO     Update id=511688082 is handled. Duration 1 ms by bot id=8095621527
2025.04.08 17:48:07 aiogram.event        INFO     Update id=511688083 is handled. Duration 1 ms by bot id=8095621527
2025.04.08 17:48:10 aiogram.event        INFO     Update id=511688084 is handled. Duration 1 ms by bot id=8095621527
2025.04.08 17:48:14 aiogram.event        INFO     Update id=511688085 is handled. Duration 1 ms by bot id=8095621527
2025.04.08 17:48:17 aiogram.event        INFO     Update id=511688086 is handled. Duration 1 ms by bot id=8095621527
2025.04.08 17:48:21 aiogram.event        INFO     Update id=511688087 is handled. Duration 1 ms by bot id=8095621527
2025.04.08 17:48:21 aiogram.event        INFO     Update id=511688088 is handled. Duration 1 ms by bot id=8095621527
2025.04.08 17:48:21 aiogram.event        INFO     Update id=511688089 is handled. Duration 2 ms by bot id=8095621527
2025.04.08 17:48:24 aiogram.event        INFO     Update id=511688090 is handled. Duration 1 ms by bot id=8095621527
2025.04.08 17:48:35 aiogram.event        INFO     Update id=511688091 is handled. Duration 1 ms by bot id=8095621527
2025.04.08 17:48:36 aiogram.event        INFO     Update id=511688092 is handled. Duration 1 ms by bot id=8095621527
2025.04.08 17:48:39 aiogram.event        INFO     Update id=511688093 is handled. Duration 1 ms by bot id=8095621527
2025.04.08 17:48:39 aiogram.event        INFO     Update id=511688094 is handled. Duration 1 ms by bot id=8095621527
2025.04.08 17:48:41 aiogram.event        INFO     Update id=511688095 is handled. Duration 1 ms by bot id=8095621527
2025.04.08 17:48:41 aiogram.event        INFO     Update id=511688096 is handled. Duration 1 ms by bot id=8095621527
2025.04.08 17:48:43 aiogram.event        INFO     Update id=511688097 is handled. Duration 1 ms by bot id=8095621527
2025.04.08 17:48:50 aiogram.event        INFO     Update id=511688098 is handled. Duration 1 ms by bot id=8095621527
2025.04.08 17:48:51 aiogram.event        INFO     Update id=511688099 is handled. Duration 1 ms by bot id=8095621527
2025.04.08 17:48:53 aiogram.event        INFO     Update id=511688100 is handled. Duration 1 ms by bot id=8095621527
2025.04.08 17:48:54 aiogram.event        INFO     Update id=511688101 is handled. Duration 1 ms by bot id=8095621527
2025.04.08 17:48:55 aiogram.event        INFO     Update id=511688102 is handled. Duration 2 ms by bot id=8095621527
2025.04.08 17:48:58 aiogram.event        INFO     Update id=511688103 is handled. Duration 1 ms by bot id=8095621527
2025.04.08 17:49:00 aiogram.event        INFO     Update id=511688104 is handled. Duration 1 ms by bot id=8095621527
2025.04.08 17:49:01 aiogram.event        INFO     Update id=511688105 is handled. Duration 1 ms by bot id=8095621527
2025.04.08 17:49:03 aiogram.event        INFO     Update id=511688106 is handled. Duration 2 ms by bot id=8095621527
2025.04.08 17:49:04 aiogram.event        INFO     Update id=511688107 is handled. Duration 1 ms by bot id=8095621527
2025.04.08 17:49:09 aiogram.event        INFO     Update id=511688108 is handled. Duration 1 ms by bot id=8095621527
2025.04.08 17:49:11 aiogram.event        INFO     Update id=511688109 is handled. Duration 1 ms by bot id=8095621527
2025.04.08 17:49:13 aiogram.event        INFO     Update id=511688110 is handled. Duration 5 ms by bot id=8095621527
2025.04.08 17:49:13 aiogram.event        INFO     Update id=511688114 is handled. Duration 5 ms by bot id=8095621527
2025.04.08 17:49:13 aiogram.event        INFO     Update id=511688111 is handled. Duration 6 ms by bot id=8095621527
2025.04.08 17:49:13 aiogram.event        INFO     Update id=511688112 is handled. Duration 6 ms by bot id=8095621527
2025.04.08 17:49:13 aiogram.event        INFO     Update id=511688113 is handled. Duration 7 ms by bot id=8095621527
2025.04.08 17:49:13 aiogram.event        INFO     Update id=511688115 is handled. Duration 6 ms by bot id=8095621527
2025.04.08 17:49:14 aiogram.event        INFO     Update id=511688116 is handled. Duration 1 ms by bot id=8095621527
2025.04.08 17:49:15 aiogram.event        INFO     Update id=511688117 is handled. Duration 2 ms by bot id=8095621527
2025.04.08 17:49:15 aiogram.event        INFO     Update id=511688118 is handled. Duration 3 ms by bot id=8095621527
2025.04.08 17:49:16 aiogram.event        INFO     Update id=511688119 is handled. Duration 1 ms by bot id=8095621527
2025.04.08 17:49:17 aiogram.event        INFO     Update id=511688120 is handled. Duration 3 ms by bot id=8095621527
2025.04.08 17:49:19 aiogram.event        INFO     Update id=511688121 is handled. Duration 6 ms by bot id=8095621527
2025.04.08 17:49:19 aiogram.event        INFO     Update id=511688125 is handled. Duration 6 ms by bot id=8095621527
2025.04.08 17:49:19 aiogram.event        INFO     Update id=511688122 is handled. Duration 7 ms by bot id=8095621527
2025.04.08 17:49:19 aiogram.event        INFO     Update id=511688123 is handled. Duration 7 ms by bot id=8095621527
2025.04.08 17:49:19 aiogram.event        INFO     Update id=511688124 is handled. Duration 8 ms by bot id=8095621527
2025.04.08 17:49:19 aiogram.event        INFO     Update id=511688126 is handled. Duration 8 ms by bot id=8095621527
2025.04.08 17:49:19 aiogram.event        INFO     Update id=511688127 is handled. Duration 2 ms by bot id=8095621527
2025.04.08 17:49:19 aiogram.event        INFO     Update id=511688128 is handled. Duration 5 ms by bot id=8095621527
2025.04.08 17:49:20 aiogram.event        INFO     Update id=511688129 is handled. Duration 1 ms by bot id=8095621527
2025.04.08 17:49:21 aiogram.event        INFO     Update id=511688130 is handled. Duration 4 ms by bot id=8095621527
2025.04.08 17:49:21 aiogram.event        INFO     Update id=511688131 is handled. Duration 4 ms by bot id=8095621527
2025.04.08 17:49:21 aiogram.event        INFO     Update id=511688132 is handled. Duration 5 ms by bot id=8095621527
2025.04.08 17:49:21 aiogram.event        INFO     Update id=511688133 is handled. Duration 1 ms by bot id=8095621527
2025.04.08 17:49:29 aiogram.event        INFO     Update id=511688134 is handled. Duration 1 ms by bot id=8095621527
2025.04.08 17:49:29 aiogram.event        INFO     Update id=511688135 is handled. Duration 1 ms by bot id=8095621527
2025.04.08 17:49:40 aiogram.event        INFO     Update id=511688136 is handled. Duration 1 ms by bot id=8095621527
2025.04.08 17:49:45 aiogram.event        INFO     Update id=511688137 is handled. Duration 1 ms by bot id=8095621527
2025.04.08 17:49:46 aiogram.event        INFO     Update id=511688138 is handled. Duration 1 ms by bot id=8095621527
2025.04.08 17:49:46 aiogram.event        INFO     Update id=511688139 is not handled. Duration 1 ms by bot id=8095621527
2025.04.08 17:49:47 aiogram.event        INFO     Update id=511688140 is handled. Duration 1 ms by bot id=8095621527
2025.04.08 17:49:47 aiogram.event        INFO     Update id=511688141 is handled. Duration 1 ms by bot id=8095621527
2025.04.08 17:49:48 aiogram.event        INFO     Update id=511688142 is handled. Duration 1 ms by bot id=8095621527
2025.04.08 17:49:48 aiogram.event        INFO     Update id=511688143 is handled. Duration 1 ms by bot id=8095621527
2025.04.08 17:49:50 aiogram.event        INFO     Update id=511688144 is handled. Duration 1 ms by bot id=8095621527
2025.04.08 17:49:50 aiogram.event        INFO     Update id=511688145 is handled. Duration 2 ms by bot id=8095621527
2025.04.08 17:49:50 aiogram.event        INFO     Update id=511688146 is handled. Duration 1 ms by bot id=8095621527
2025.04.08 17:49:51 aiogram.event        INFO     Update id=511688147 is handled. Duration 1 ms by bot id=8095621527
2025.04.08 17:49:51 aiogram.event        INFO     Update id=511688148 is handled. Duration 3 ms by bot id=8095621527
2025.04.08 17:49:53 aiogram.event        INFO     Update id=511688149 is handled. Duration 1 ms by bot id=8095621527
2025.04.08 17:49:55 aiogram.event        INFO     Update id=511688150 is handled. Duration 1 ms by bot id=8095621527
2025.04.08 17:49:56 aiogram.event        INFO     Update id=511688151 is handled. Duration 2 ms by bot id=8095621527
2025.04.08 17:49:57 aiogram.event        INFO     Update id=511688152 is handled. Duration 1 ms by bot id=8095621527
2025.04.08 17:49:57 aiogram.event        INFO     Update id=511688153 is handled. Duration 1 ms by bot id=8095621527
2025.04.08 17:49:57 aiogram.event        INFO     Update id=511688154 is handled. Duration 1 ms by bot id=8095621527
2025.04.08 17:49:58 aiogram.event        INFO     Update id=511688155 is handled. Duration 2 ms by bot id=8095621527
2025.04.08 17:49:58 aiogram.event        INFO     Update id=511688156 is handled. Duration 1 ms by bot id=8095621527
2025.04.08 17:49:59 aiogram.event        INFO     Update id=511688157 is handled. Duration 1 ms by bot id=8095621527
2025.04.08 17:50:02 aiogram.event        INFO     Update id=511688158 is handled. Duration 2 ms by bot id=8095621527
2025.04.08 17:50:02 aiogram.event        INFO     Update id=511688159 is not handled. Duration 2 ms by bot id=8095621527
2025.04.08 17:50:05 aiogram.event        INFO     Update id=511688160 is handled. Duration 1 ms by bot id=8095621527
2025.04.08 17:50:08 aiogram.event        INFO     Update id=511688161 is handled. Duration 1 ms by bot id=8095621527
2025.04.08 17:50:08 aiogram.event        INFO     Update id=511688162 is handled. Duration 1 ms by bot id=8095621527
2025.04.08 17:50:10 aiogram.event        INFO     Update id=511688163 is handled. Duration 1 ms by bot id=8095621527
2025.04.08 17:50:14 aiogram.event        INFO     Update id=511688164 is handled. Duration 1 ms by bot id=8095621527
2025.04.08 17:50:15 aiogram.event        INFO     Update id=511688165 is handled. Duration 1 ms by bot id=8095621527
2025.04.08 17:50:16 aiogram.event        INFO     Update id=511688166 is handled. Duration 2 ms by bot id=8095621527
2025.04.08 17:50:17 aiogram.event        INFO     Update id=511688167 is handled. Duration 1 ms by bot id=8095621527
2025.04.08 17:50:20 aiogram.event        INFO     Update id=511688168 is handled. Duration 2 ms by bot id=8095621527
2025.04.08 17:50:21 aiogram.event        INFO     Update id=511688169 is handled. Duration 1 ms by bot id=8095621527
2025.04.08 17:50:23 aiogram.event        INFO     Update id=511688170 is handled. Duration 1 ms by bot id=8095621527
2025.04.08 17:50:24 aiogram.event        INFO     Update id=511688171 is handled. Duration 1 ms by bot id=8095621527
2025.04.08 17:50:29 aiogram.event        INFO     Update id=511688172 is handled. Duration 1 ms by bot id=8095621527
2025.04.08 17:50:45 aiogram.event        INFO     Update id=511688173 is handled. Duration 1 ms by bot id=8095621527
2025.04.08 17:50:56 aiogram.event        INFO     Update id=511688174 is handled. Duration 2 ms by bot id=8095621527
2025.04.08 17:50:59 aiogram.event        INFO     Update id=511688175 is handled. Duration 2 ms by bot id=8095621527
2025.04.08 17:51:01 aiogram.event        INFO     Update id=511688176 is handled. Duration 1 ms by bot id=8095621527
2025.04.08 17:51:03 aiogram.event        INFO     Update id=511688177 is handled. Duration 3 ms by bot id=8095621527
2025.04.08 17:51:05 aiogram.event        INFO     Update id=511688178 is handled. Duration 1 ms by bot id=8095621527
2025.04.08 17:51:08 aiogram.event        INFO     Update id=511688179 is handled. Duration 2 ms by bot id=8095621527
2025.04.08 17:51:16 aiogram.event        INFO     Update id=511688180 is handled. Duration 1 ms by bot id=8095621527
2025.04.08 17:51:17 aiogram.event        INFO     Update id=511688181 is handled. Duration 2 ms by bot id=8095621527
2025.04.08 17:51:21 aiogram.event        INFO     Update id=511688182 is handled. Duration 1 ms by bot id=8095621527
2025.04.08 17:51:26 aiogram.event        INFO     Update id=511688183 is handled. Duration 2 ms by bot id=8095621527
2025.04.08 17:51:28 aiogram.event        INFO     Update id=511688184 is handled. Duration 9 ms by bot id=8095621527
2025.04.08 17:51:34 aiogram.event        INFO     Update id=511688185 is handled. Duration 2 ms by bot id=8095621527
2025.04.08 17:51:34 aiogram.event        INFO     Update id=511688186 is handled. Duration 1 ms by bot id=8095621527
2025.04.08 17:51:38 aiogram.event        INFO     Update id=511688187 is handled. Duration 1 ms by bot id=8095621527
2025.04.08 17:51:38 aiogram.event        INFO     Update id=511688188 is handled. Duration 1 ms by bot id=8095621527
2025.04.08 17:51:40 aiogram.event        INFO     Update id=511688189 is handled. Duration 2 ms by bot id=8095621527
2025.04.08 17:51:44 aiogram.event        INFO     Update id=511688190 is handled. Duration 1 ms by bot id=8095621527
2025.04.08 17:51:51 aiogram.event        INFO     Update id=511688191 is handled. Duration 3 ms by bot id=8095621527
2025.04.08 17:51:55 aiogram.event        INFO     Update id=511688192 is not handled. Duration 3 ms by bot id=8095621527
2025.04.08 17:51:55 aiogram.event        INFO     Update id=511688193 is handled. Duration 1 ms by bot id=8095621527
2025.04.08 17:52:00 aiogram.event        INFO     Update id=511688194 is handled. Duration 1 ms by bot id=8095621527
2025.04.08 17:52:00 aiogram.event        INFO     Update id=511688195 is handled. Duration 4 ms by bot id=8095621527
2025.04.08 17:52:00 aiogram.event        INFO     Update id=511688196 is handled. Duration 3 ms by bot id=8095621527
2025.04.08 17:52:00 aiogram.event        INFO     Update id=511688197 is handled. Duration 3 ms by bot id=8095621527
2025.04.08 17:52:01 aiogram.event        INFO     Update id=511688198 is handled. Duration 1 ms by bot id=8095621527
2025.04.08 17:52:03 aiogram.event        INFO     Update id=511688199 is handled. Duration 2 ms by bot id=8095621527
2025.04.08 17:52:06 aiogram.event        INFO     Update id=511688200 is handled. Duration 1 ms by bot id=8095621527
2025.04.08 17:52:08 aiogram.event        INFO     Update id=511688201 is handled. Duration 3 ms by bot id=8095621527
2025.04.08 17:52:10 aiogram.event        INFO     Update id=511688202 is handled. Duration 1 ms by bot id=8095621527
2025.04.08 17:52:10 aiogram.event        INFO     Update id=511688203 is handled. Duration 1 ms by bot id=8095621527
2025.04.08 17:52:13 aiogram.event        INFO     Update id=511688204 is handled. Duration 1 ms by bot id=8095621527
2025.04.08 17:52:13 aiogram.event        INFO     Update id=511688205 is handled. Duration 1 ms by bot id=8095621527
2025.04.08 17:52:14 aiogram.event        INFO     Update id=511688206 is handled. Duration 1 ms by bot id=8095621527
2025.04.08 17:52:14 aiogram.event        INFO     Update id=511688207 is handled. Duration 1 ms by bot id=8095621527
2025.04.08 17:52:15 aiogram.event        INFO     Update id=511688208 is handled. Duration 2 ms by bot id=8095621527
2025.04.08 17:52:17 aiogram.event        INFO     Update id=511688209 is handled. Duration 1 ms by bot id=8095621527
2025.04.08 17:52:17 aiogram.event        INFO     Update id=511688210 is handled. Duration 2 ms by bot id=8095621527
2025.04.08 17:52:17 aiogram.event        INFO     Update id=511688211 is handled. Duration 2 ms by bot id=8095621527
2025.04.08 17:52:18 aiogram.event        INFO     Update id=511688212 is not handled. Duration 2 ms by bot id=8095621527
2025.04.08 17:52:20 aiogram.event        INFO     Update id=511688213 is handled. Duration 2 ms by bot id=8095621527
2025.04.08 17:52:24 aiogram.event        INFO     Update id=511688214 is not handled. Duration 2 ms by bot id=8095621527
2025.04.08 17:52:27 aiogram.event        INFO     Update id=511688215 is handled. Duration 2 ms by bot id=8095621527
2025.04.08 17:52:31 aiogram.event        INFO     Update id=511688216 is handled. Duration 1 ms by bot id=8095621527
2025.04.08 17:52:35 aiogram.event        INFO     Update id=511688217 is handled. Duration 1 ms by bot id=8095621527
2025.04.08 17:52:35 aiogram.event        INFO     Update id=511688218 is handled. Duration 4 ms by bot id=8095621527
2025.04.08 17:52:37 aiogram.event        INFO     Update id=511688219 is handled. Duration 1 ms by bot id=8095621527
2025.04.08 17:52:39 aiogram.event        INFO     Update id=511688220 is handled. Duration 1 ms by bot id=8095621527
2025.04.08 17:52:40 aiogram.event        INFO     Update id=511688221 is handled. Duration 1 ms by bot id=8095621527
2025.04.08 17:52:42 aiogram.event        INFO     Update id=511688222 is handled. Duration 2 ms by bot id=8095621527
2025.04.08 17:52:46 aiogram.event        INFO     Update id=511688223 is not handled. Duration 1 ms by bot id=8095621527
2025.04.08 17:52:47 aiogram.event        INFO     Update id=511688224 is handled. Duration 1 ms by bot id=8095621527
2025.04.08 17:52:49 aiogram.event        INFO     Update id=511688225 is handled. Duration 1 ms by bot id=8095621527
2025.04.08 17:52:53 aiogram.event        INFO     Update id=511688226 is handled. Duration 2 ms by bot id=8095621527
2025.04.08 17:52:56 aiogram.event        INFO     Update id=511688227 is handled. Duration 2 ms by bot id=8095621527
2025.04.08 17:52:57 aiogram.event        INFO     Update id=511688228 is handled. Duration 2 ms by bot id=8095621527
2025.04.08 17:52:59 aiogram.event        INFO     Update id=511688229 is handled. Duration 1 ms by bot id=8095621527
2025.04.08 17:53:00 aiogram.event        INFO     Update id=511688230 is handled. Duration 1 ms by bot id=8095621527
2025.04.08 17:53:00 aiogram.event        INFO     Update id=511688231 is handled. Duration 1 ms by bot id=8095621527
2025.04.08 17:53:04 aiogram.event        INFO     Update id=511688232 is handled. Duration 2 ms by bot id=8095621527
2025.04.08 17:53:12 aiogram.event        INFO     Update id=511688233 is not handled. Duration 1 ms by bot id=8095621527
2025.04.08 17:53:12 aiogram.event        INFO     Update id=511688234 is handled. Duration 1 ms by bot id=8095621527
2025.04.08 17:53:13 aiogram.event        INFO     Update id=511688235 is handled. Duration 1 ms by bot id=8095621527
2025.04.08 17:53:16 aiogram.event        INFO     Update id=511688236 is handled. Duration 1 ms by bot id=8095621527
2025.04.08 17:53:18 aiogram.event        INFO     Update id=511688237 is handled. Duration 1 ms by bot id=8095621527
2025.04.08 17:53:22 aiogram.event        INFO     Update id=511688238 is handled. Duration 1 ms by bot id=8095621527
2025.04.08 17:53:23 aiogram.event        INFO     Update id=511688239 is handled. Duration 1 ms by bot id=8095621527
2025.04.08 17:53:28 aiogram.event        INFO     Update id=511688240 is handled. Duration 1 ms by bot id=8095621527
2025.04.08 17:53:30 aiogram.event        INFO     Update id=511688241 is handled. Duration 1 ms by bot id=8095621527
2025.04.08 17:53:35 aiogram.event        INFO     Update id=511688242 is handled. Duration 2 ms by bot id=8095621527
2025.04.08 17:53:36 aiogram.event        INFO     Update id=511688243 is handled. Duration 1 ms by bot id=8095621527
2025.04.08 17:53:40 aiogram.event        INFO     Update id=511688244 is handled. Duration 1 ms by bot id=8095621527
2025.04.08 17:53:41 aiogram.event        INFO     Update id=511688245 is handled. Duration 1 ms by bot id=8095621527
2025.04.08 17:53:43 aiogram.event        INFO     Update id=511688246 is handled. Duration 3 ms by bot id=8095621527
2025.04.08 17:53:43 aiogram.event        INFO     Update id=511688247 is handled. Duration 1 ms by bot id=8095621527
2025.04.08 17:53:43 aiogram.event        INFO     Update id=511688248 is handled. Duration 1 ms by bot id=8095621527
2025.04.08 17:53:44 aiogram.event        INFO     Update id=511688249 is handled. Duration 1 ms by bot id=8095621527
2025.04.08 17:53:45 aiogram.event        INFO     Update id=511688250 is handled. Duration 1 ms by bot id=8095621527
2025.04.08 17:53:47 aiogram.event        INFO     Update id=511688251 is handled. Duration 1 ms by bot id=8095621527
2025.04.08 17:53:48 aiogram.event        INFO     Update id=511688252 is handled. Duration 1 ms by bot id=8095621527
2025.04.08 17:53:56 aiogram.event        INFO     Update id=511688253 is handled. Duration 1 ms by bot id=8095621527
2025.04.08 17:53:58 aiogram.event        INFO     Update id=511688254 is handled. Duration 1 ms by bot id=8095621527
2025.04.08 17:54:00 aiogram.event        INFO     Update id=511688255 is handled. Duration 1 ms by bot id=8095621527
2025.04.08 17:54:00 aiogram.event        INFO     Update id=511688256 is handled. Duration 1 ms by bot id=8095621527
2025.04.08 17:54:01 aiogram.event        INFO     Update id=511688257 is handled. Duration 1 ms by bot id=8095621527
2025.04.08 17:54:03 aiogram.event        INFO     Update id=511688258 is handled. Duration 2 ms by bot id=8095621527
2025.04.08 17:54:03 aiogram.event        INFO     Update id=511688259 is handled. Duration 1 ms by bot id=8095621527
2025.04.08 17:54:04 aiogram.event        INFO     Update id=511688260 is handled. Duration 1 ms by bot id=8095621527
2025.04.08 17:54:09 aiogram.event        INFO     Update id=511688261 is handled. Duration 1 ms by bot id=8095621527
2025.04.08 17:54:13 aiogram.event        INFO     Update id=511688262 is handled. Duration 2 ms by bot id=8095621527
2025.04.08 17:54:14 aiogram.event        INFO     Update id=511688263 is handled. Duration 1 ms by bot id=8095621527
2025.04.08 17:54:15 aiogram.event        INFO     Update id=511688264 is handled. Duration 1 ms by bot id=8095621527
2025.04.08 17:54:24 aiogram.event        INFO     Update id=511688265 is handled. Duration 1 ms by bot id=8095621527
2025.04.08 17:54:25 aiogram.event        INFO     Update id=511688266 is handled. Duration 1 ms by bot id=8095621527
2025.04.08 17:54:27 aiogram.event        INFO     Update id=511688267 is handled. Duration 2 ms by bot id=8095621527
2025.04.08 17:54:27 aiogram.event        INFO     Update id=511688268 is handled. Duration 1 ms by bot id=8095621527
2025.04.08 17:54:28 aiogram.event        INFO     Update id=511688269 is handled. Duration 2 ms by bot id=8095621527
2025.04.08 17:54:30 aiogram.event        INFO     Update id=511688270 is handled. Duration 1 ms by bot id=8095621527
2025.04.08 17:54:37 aiogram.event        INFO     Update id=511688271 is handled. Duration 3 ms by bot id=8095621527
2025.04.08 17:54:39 aiogram.event        INFO     Update id=511688272 is handled. Duration 1 ms by bot id=8095621527
2025.04.08 17:54:42 aiogram.event        INFO     Update id=511688273 is handled. Duration 2 ms by bot id=8095621527
2025.04.08 17:54:48 aiogram.event        INFO     Update id=511688274 is handled. Duration 3 ms by bot id=8095621527
2025.04.08 17:54:50 aiogram.event        INFO     Update id=511688275 is handled. Duration 2 ms by bot id=8095621527
2025.04.08 17:54:51 aiogram.event        INFO     Update id=511688276 is handled. Duration 1 ms by bot id=8095621527
2025.04.08 17:54:53 aiogram.event        INFO     Update id=511688277 is handled. Duration 2 ms by bot id=8095621527
2025.04.08 17:54:55 aiogram.event        INFO     Update id=511688278 is handled. Duration 1 ms by bot id=8095621527
2025.04.08 17:54:59 aiogram.event        INFO     Update id=511688279 is handled. Duration 1 ms by bot id=8095621527
2025.04.08 17:55:03 aiogram.event        INFO     Update id=511688280 is handled. Duration 2 ms by bot id=8095621527
2025.04.08 17:55:04 aiogram.event        INFO     Update id=511688281 is handled. Duration 1 ms by bot id=8095621527
2025.04.08 17:55:04 aiogram.event        INFO     Update id=511688282 is handled. Duration 1 ms by bot id=8095621527
2025.04.08 17:55:05 aiogram.event        INFO     Update id=511688283 is handled. Duration 2 ms by bot id=8095621527
2025.04.08 17:55:07 aiogram.event        INFO     Update id=511688284 is handled. Duration 1 ms by bot id=8095621527
2025.04.08 17:55:12 aiogram.event        INFO     Update id=511688285 is handled. Duration 1 ms by bot id=8095621527
2025.04.08 17:55:13 aiogram.event        INFO     Update id=511688286 is handled. Duration 2 ms by bot id=8095621527
2025.04.08 17:55:14 aiogram.event        INFO     Update id=511688287 is handled. Duration 1 ms by bot id=8095621527
2025.04.08 17:55:14 aiogram.event        INFO     Update id=511688288 is handled. Duration 2 ms by bot id=8095621527
2025.04.08 17:55:15 aiogram.event        INFO     Update id=511688289 is handled. Duration 1 ms by bot id=8095621527
2025.04.08 17:55:15 aiogram.event        INFO     Update id=511688290 is handled. Duration 1 ms by bot id=8095621527
2025.04.08 17:55:16 aiogram.event        INFO     Update id=511688291 is handled. Duration 3 ms by bot id=8095621527
2025.04.08 17:55:16 aiogram.event        INFO     Update id=511688292 is handled. Duration 1 ms by bot id=8095621527
2025.04.08 17:55:17 aiogram.event        INFO     Update id=511688293 is handled. Duration 1 ms by bot id=8095621527
2025.04.08 17:55:19 aiogram.event        INFO     Update id=511688294 is handled. Duration 1 ms by bot id=8095621527
2025.04.08 17:55:19 aiogram.event        INFO     Update id=511688295 is handled. Duration 1 ms by bot id=8095621527
2025.04.08 17:55:19 aiogram.event        INFO     Update id=511688296 is handled. Duration 2 ms by bot id=8095621527
2025.04.08 17:55:20 aiogram.event        INFO     Update id=511688297 is handled. Duration 1 ms by bot id=8095621527
2025.04.08 17:55:20 aiogram.event        INFO     Update id=511688298 is handled. Duration 1 ms by bot id=8095621527
2025.04.08 17:55:21 aiogram.event        INFO     Update id=511688299 is handled. Duration 1 ms by bot id=8095621527
2025.04.08 17:55:23 aiogram.event        INFO     Update id=511688300 is handled. Duration 1 ms by bot id=8095621527
2025.04.08 17:55:23 aiogram.event        INFO     Update id=511688301 is handled. Duration 1 ms by bot id=8095621527
2025.04.08 17:55:25 aiogram.event        INFO     Update id=511688302 is handled. Duration 1 ms by bot id=8095621527
2025.04.08 17:55:26 aiogram.event        INFO     Update id=511688303 is handled. Duration 1 ms by bot id=8095621527
2025.04.08 17:55:28 aiogram.event        INFO     Update id=511688304 is handled. Duration 1 ms by bot id=8095621527
2025.04.08 17:55:28 aiogram.event        INFO     Update id=511688305 is handled. Duration 1 ms by bot id=8095621527
2025.04.08 17:55:29 aiogram.event        INFO     Update id=511688306 is handled. Duration 1 ms by bot id=8095621527
2025.04.08 17:55:29 aiogram.event        INFO     Update id=511688307 is handled. Duration 1 ms by bot id=8095621527
2025.04.08 17:55:32 aiogram.event        INFO     Update id=511688308 is handled. Duration 1 ms by bot id=8095621527
2025.04.08 17:55:32 aiogram.event        INFO     Update id=511688309 is handled. Duration 1 ms by bot id=8095621527
2025.04.08 17:55:33 aiogram.event        INFO     Update id=511688310 is handled. Duration 1 ms by bot id=8095621527
2025.04.08 17:55:35 aiogram.event        INFO     Update id=511688311 is handled. Duration 2 ms by bot id=8095621527
2025.04.08 17:55:38 aiogram.event        INFO     Update id=511688312 is handled. Duration 1 ms by bot id=8095621527
2025.04.08 17:55:39 aiogram.event        INFO     Update id=511688313 is handled. Duration 1 ms by bot id=8095621527
2025.04.08 17:55:40 aiogram.event        INFO     Update id=511688314 is handled. Duration 1 ms by bot id=8095621527
2025.04.08 17:55:47 aiogram.event        INFO     Update id=511688315 is handled. Duration 1 ms by bot id=8095621527
2025.04.08 17:55:54 aiogram.event        INFO     Update id=511688316 is handled. Duration 1 ms by bot id=8095621527
2025.04.08 17:56:01 aiogram.event        INFO     Update id=511688317 is handled. Duration 1 ms by bot id=8095621527
2025.04.08 17:56:03 aiogram.event        INFO     Update id=511688318 is handled. Duration 1 ms by bot id=8095621527
2025.04.08 17:56:04 aiogram.event        INFO     Update id=511688319 is handled. Duration 1 ms by bot id=8095621527
2025.04.08 17:56:08 aiogram.event        INFO     Update id=511688320 is handled. Duration 1 ms by bot id=8095621527
2025.04.08 17:56:08 aiogram.event        INFO     Update id=511688321 is handled. Duration 1 ms by bot id=8095621527
2025.04.08 17:56:09 aiogram.event        INFO     Update id=511688322 is handled. Duration 1 ms by bot id=8095621527
2025.04.08 17:56:11 aiogram.event        INFO     Update id=511688323 is handled. Duration 2 ms by bot id=8095621527
2025.04.08 17:56:12 aiogram.event        INFO     Update id=511688324 is handled. Duration 1 ms by bot id=8095621527
2025.04.08 17:56:13 aiogram.event        INFO     Update id=511688325 is handled. Duration 3 ms by bot id=8095621527
2025.04.08 17:56:14 aiogram.event        INFO     Update id=511688326 is handled. Duration 1 ms by bot id=8095621527
2025.04.08 17:56:16 aiogram.event        INFO     Update id=511688327 is handled. Duration 1 ms by bot id=8095621527
2025.04.08 17:56:16 aiogram.event        INFO     Update id=511688328 is handled. Duration 1 ms by bot id=8095621527
2025.04.08 17:56:17 aiogram.event        INFO     Update id=511688329 is handled. Duration 1 ms by bot id=8095621527
2025.04.08 17:56:22 aiogram.event        INFO     Update id=511688330 is handled. Duration 1 ms by bot id=8095621527
2025.04.08 17:56:23 aiogram.event        INFO     Update id=511688331 is handled. Duration 1 ms by bot id=8095621527
2025.04.08 17:56:30 aiogram.event        INFO     Update id=511688332 is handled. Duration 3 ms by bot id=8095621527
2025.04.08 17:56:34 aiogram.event        INFO     Update id=511688333 is handled. Duration 1 ms by bot id=8095621527
2025.04.08 17:56:34 aiogram.event        INFO     Update id=511688334 is handled. Duration 1 ms by bot id=8095621527
2025.04.08 17:56:38 aiogram.event        INFO     Update id=511688335 is handled. Duration 2 ms by bot id=8095621527
2025.04.08 17:56:39 aiogram.event        INFO     Update id=511688336 is handled. Duration 2 ms by bot id=8095621527
2025.04.08 17:56:39 aiogram.event        INFO     Update id=511688337 is handled. Duration 2 ms by bot id=8095621527
2025.04.08 17:56:39 aiogram.event        INFO     Update id=511688338 is handled. Duration 2 ms by bot id=8095621527
2025.04.08 17:56:44 aiogram.event        INFO     Update id=511688339 is handled. Duration 1 ms by bot id=8095621527
2025.04.08 17:56:47 aiogram.event        INFO     Update id=511688340 is handled. Duration 1 ms by bot id=8095621527
2025.04.08 17:56:47 aiogram.event        INFO     Update id=511688341 is handled. Duration 1 ms by bot id=8095621527
2025.04.08 17:56:48 aiogram.event        INFO     Update id=511688342 is handled. Duration 1 ms by bot id=8095621527
2025.04.08 17:56:53 aiogram.event        INFO     Update id=511688343 is handled. Duration 1 ms by bot id=8095621527
2025.04.08 17:56:54 aiogram.event        INFO     Update id=511688344 is handled. Duration 1 ms by bot id=8095621527
2025.04.08 17:56:56 aiogram.event        INFO     Update id=511688345 is handled. Duration 1 ms by bot id=8095621527
2025.04.08 17:56:58 aiogram.event        INFO     Update id=511688346 is handled. Duration 1 ms by bot id=8095621527
2025.04.08 17:56:58 aiogram.event        INFO     Update id=511688347 is handled. Duration 1 ms by bot id=8095621527
2025.04.08 17:56:58 aiogram.event        INFO     Update id=511688348 is handled. Duration 1 ms by bot id=8095621527
2025.04.08 17:56:58 aiogram.event        INFO     Update id=511688349 is handled. Duration 1 ms by bot id=8095621527
2025.04.08 17:56:59 aiogram.event        INFO     Update id=511688350 is handled. Duration 1 ms by bot id=8095621527
2025.04.08 17:56:59 aiogram.event        INFO     Update id=511688351 is handled. Duration 1 ms by bot id=8095621527
2025.04.08 17:57:03 aiogram.event        INFO     Update id=511688352 is handled. Duration 1 ms by bot id=8095621527
2025.04.08 17:57:04 aiogram.event        INFO     Update id=511688353 is handled. Duration 6 ms by bot id=8095621527
2025.04.08 17:57:04 aiogram.event        INFO     Update id=511688354 is handled. Duration 1 ms by bot id=8095621527
2025.04.08 17:57:05 aiogram.event        INFO     Update id=511688355 is handled. Duration 2 ms by bot id=8095621527
2025.04.08 17:57:07 aiogram.event        INFO     Update id=511688356 is handled. Duration 1 ms by bot id=8095621527
2025.04.08 17:57:08 aiogram.event        INFO     Update id=511688357 is handled. Duration 2 ms by bot id=8095621527
2025.04.08 17:57:09 aiogram.event        INFO     Update id=511688358 is handled. Duration 1 ms by bot id=8095621527
2025.04.08 17:57:12 aiogram.event        INFO     Update id=511688359 is handled. Duration 1 ms by bot id=8095621527
2025.04.08 17:57:12 aiogram.event        INFO     Update id=511688360 is handled. Duration 1 ms by bot id=8095621527
2025.04.08 17:57:14 aiogram.event        INFO     Update id=511688361 is handled. Duration 1 ms by bot id=8095621527
2025.04.08 17:57:15 aiogram.event        INFO     Update id=511688362 is handled. Duration 1 ms by bot id=8095621527
2025.04.08 17:57:15 aiogram.event        INFO     Update id=511688363 is handled. Duration 2 ms by bot id=8095621527
2025.04.08 17:57:16 aiogram.event        INFO     Update id=511688364 is handled. Duration 2 ms by bot id=8095621527
2025.04.08 17:57:16 aiogram.event        INFO     Update id=511688365 is handled. Duration 1 ms by bot id=8095621527
2025.04.08 17:57:16 aiogram.event        INFO     Update id=511688366 is handled. Duration 1 ms by bot id=8095621527
2025.04.08 17:57:17 aiogram.event        INFO     Update id=511688367 is handled. Duration 2 ms by bot id=8095621527
2025.04.08 17:57:18 aiogram.event        INFO     Update id=511688368 is handled. Duration 1 ms by bot id=8095621527
2025.04.08 17:57:19 aiogram.event        INFO     Update id=511688369 is handled. Duration 1 ms by bot id=8095621527
2025.04.08 17:57:19 aiogram.event        INFO     Update id=511688370 is handled. Duration 1 ms by bot id=8095621527
2025.04.08 17:57:20 aiogram.event        INFO     Update id=511688371 is handled. Duration 2 ms by bot id=8095621527
2025.04.08 17:57:20 aiogram.event        INFO     Update id=511688372 is handled. Duration 1 ms by bot id=8095621527
2025.04.08 17:57:23 aiogram.event        INFO     Update id=511688373 is handled. Duration 1 ms by bot id=8095621527
2025.04.08 17:57:23 aiogram.event        INFO     Update id=511688374 is handled. Duration 2 ms by bot id=8095621527
2025.04.08 17:57:23 aiogram.event        INFO     Update id=511688375 is handled. Duration 2 ms by bot id=8095621527
2025.04.08 17:57:24 aiogram.event        INFO     Update id=511688376 is handled. Duration 1 ms by bot id=8095621527
2025.04.08 17:57:24 aiogram.event        INFO     Update id=511688377 is handled. Duration 4 ms by bot id=8095621527
2025.04.08 17:57:25 aiogram.event        INFO     Update id=511688378 is handled. Duration 2 ms by bot id=8095621527
2025.04.08 17:57:27 aiogram.event        INFO     Update id=511688379 is handled. Duration 1 ms by bot id=8095621527
2025.04.08 17:57:28 aiogram.event        INFO     Update id=511688380 is handled. Duration 1 ms by bot id=8095621527
2025.04.08 17:57:28 aiogram.event        INFO     Update id=511688381 is handled. Duration 2 ms by bot id=8095621527
2025.04.08 17:57:29 aiogram.event        INFO     Update id=511688382 is handled. Duration 1 ms by bot id=8095621527
2025.04.08 17:57:31 aiogram.event        INFO     Update id=511688383 is handled. Duration 1 ms by bot id=8095621527
2025.04.08 17:57:34 aiogram.event        INFO     Update id=511688384 is handled. Duration 1 ms by bot id=8095621527
2025.04.08 17:57:39 aiogram.event        INFO     Update id=511688385 is handled. Duration 1 ms by bot id=8095621527
2025.04.08 17:57:40 aiogram.event        INFO     Update id=511688386 is handled. Duration 1 ms by bot id=8095621527
2025.04.08 17:57:41 aiogram.event        INFO     Update id=511688387 is handled. Duration 1 ms by bot id=8095621527
2025.04.08 17:57:45 aiogram.event        INFO     Update id=511688388 is handled. Duration 1 ms by bot id=8095621527
2025.04.08 17:57:45 aiogram.event        INFO     Update id=511688389 is handled. Duration 1 ms by bot id=8095621527
2025.04.08 17:57:50 aiogram.event        INFO     Update id=511688390 is handled. Duration 2 ms by bot id=8095621527
2025.04.08 17:57:54 aiogram.event        INFO     Update id=511688391 is handled. Duration 1 ms by bot id=8095621527
2025.04.08 17:57:54 aiogram.event        INFO     Update id=511688392 is handled. Duration 3 ms by bot id=8095621527
2025.04.08 17:57:55 aiogram.event        INFO     Update id=511688393 is handled. Duration 2 ms by bot id=8095621527
2025.04.08 17:57:55 aiogram.event        INFO     Update id=511688394 is handled. Duration 1 ms by bot id=8095621527
2025.04.08 17:57:58 aiogram.event        INFO     Update id=511688395 is handled. Duration 1 ms by bot id=8095621527
2025.04.08 17:57:58 aiogram.event        INFO     Update id=511688396 is handled. Duration 1 ms by bot id=8095621527
2025.04.08 17:58:00 aiogram.event        INFO     Update id=511688397 is handled. Duration 1 ms by bot id=8095621527
2025.04.08 17:58:01 aiogram.event        INFO     Update id=511688398 is handled. Duration 1 ms by bot id=8095621527
2025.04.08 17:58:02 aiogram.event        INFO     Update id=511688399 is handled. Duration 1 ms by bot id=8095621527
2025.04.08 17:58:05 aiogram.event        INFO     Update id=511688400 is handled. Duration 1 ms by bot id=8095621527
2025.04.08 17:58:06 aiogram.event        INFO     Update id=511688401 is handled. Duration 1 ms by bot id=8095621527
2025.04.08 17:58:07 aiogram.event        INFO     Update id=511688402 is handled. Duration 1 ms by bot id=8095621527
2025.04.08 17:58:09 aiogram.event        INFO     Update id=511688403 is handled. Duration 1 ms by bot id=8095621527
2025.04.08 17:58:10 aiogram.event        INFO     Update id=511688404 is handled. Duration 1 ms by bot id=8095621527
2025.04.08 17:58:10 aiogram.event        INFO     Update id=511688405 is handled. Duration 1 ms by bot id=8095621527
2025.04.08 17:58:11 aiogram.event        INFO     Update id=511688406 is handled. Duration 3 ms by bot id=8095621527
2025.04.08 17:58:11 aiogram.event        INFO     Update id=511688407 is handled. Duration 1 ms by bot id=8095621527
2025.04.08 17:58:12 aiogram.event        INFO     Update id=511688408 is handled. Duration 1 ms by bot id=8095621527
2025.04.08 17:58:12 aiogram.event        INFO     Update id=511688409 is handled. Duration 3 ms by bot id=8095621527
2025.04.08 17:58:14 aiogram.event        INFO     Update id=511688410 is handled. Duration 1 ms by bot id=8095621527
2025.04.08 17:58:15 aiogram.event        INFO     Update id=511688411 is handled. Duration 1 ms by bot id=8095621527
2025.04.08 17:58:16 aiogram.event        INFO     Update id=511688412 is handled. Duration 1 ms by bot id=8095621527
2025.04.08 17:58:16 aiogram.event        INFO     Update id=511688413 is handled. Duration 1 ms by bot id=8095621527
2025.04.08 17:58:17 aiogram.event        INFO     Update id=511688414 is handled. Duration 2 ms by bot id=8095621527
2025.04.08 17:58:17 aiogram.event        INFO     Update id=511688415 is handled. Duration 1 ms by bot id=8095621527
2025.04.08 17:58:18 aiogram.event        INFO     Update id=511688416 is handled. Duration 1 ms by bot id=8095621527
2025.04.08 17:58:19 aiogram.event        INFO     Update id=511688417 is handled. Duration 2 ms by bot id=8095621527
2025.04.08 17:58:23 aiogram.event        INFO     Update id=511688418 is handled. Duration 1 ms by bot id=8095621527
2025.04.08 17:58:23 aiogram.event        INFO     Update id=511688419 is handled. Duration 2 ms by bot id=8095621527
2025.04.08 17:58:24 aiogram.event        INFO     Update id=511688420 is handled. Duration 2 ms by bot id=8095621527
2025.04.08 17:58:30 aiogram.event        INFO     Update id=511688421 is handled. Duration 2 ms by bot id=8095621527
2025.04.08 17:58:32 aiogram.event        INFO     Update id=511688422 is handled. Duration 4 ms by bot id=8095621527
2025.04.08 17:58:32 aiogram.event        INFO     Update id=511688423 is handled. Duration 4 ms by bot id=8095621527
2025.04.08 17:58:39 aiogram.event        INFO     Update id=511688424 is handled. Duration 1 ms by bot id=8095621527
2025.04.08 17:58:42 aiogram.event        INFO     Update id=511688425 is handled. Duration 1 ms by bot id=8095621527
2025.04.08 17:58:46 aiogram.event        INFO     Update id=511688426 is handled. Duration 1 ms by bot id=8095621527
2025.04.08 17:58:46 aiogram.event        INFO     Update id=511688427 is handled. Duration 1 ms by bot id=8095621527
2025.04.08 17:58:50 aiogram.event        INFO     Update id=511688428 is handled. Duration 1 ms by bot id=8095621527
2025.04.08 17:58:54 aiogram.event        INFO     Update id=511688429 is handled. Duration 1 ms by bot id=8095621527
2025.04.08 17:58:56 aiogram.event        INFO     Update id=511688430 is handled. Duration 1 ms by bot id=8095621527
2025.04.08 17:59:02 aiogram.event        INFO     Update id=511688431 is handled. Duration 1 ms by bot id=8095621527
2025.04.08 17:59:03 aiogram.event        INFO     Update id=511688432 is handled. Duration 1 ms by bot id=8095621527
2025.04.08 17:59:05 aiogram.event        INFO     Update id=511688433 is handled. Duration 1 ms by bot id=8095621527
2025.04.08 17:59:07 aiogram.event        INFO     Update id=511688435 is handled. Duration 2 ms by bot id=8095621527
2025.04.08 17:59:07 aiogram.event        INFO     Update id=511688434 is not handled. Duration 4 ms by bot id=8095621527
2025.04.08 17:59:08 aiogram.event        INFO     Update id=511688436 is handled. Duration 2 ms by bot id=8095621527
2025.04.08 17:59:10 aiogram.event        INFO     Update id=511688437 is handled. Duration 1 ms by bot id=8095621527
2025.04.08 17:59:13 aiogram.event        INFO     Update id=511688438 is handled. Duration 1 ms by bot id=8095621527
2025.04.08 17:59:16 aiogram.event        INFO     Update id=511688439 is handled. Duration 1 ms by bot id=8095621527
2025.04.08 17:59:24 aiogram.event        INFO     Update id=511688440 is handled. Duration 1 ms by bot id=8095621527
2025.04.08 17:59:25 aiogram.event        INFO     Update id=511688441 is handled. Duration 1 ms by bot id=8095621527
2025.04.08 17:59:27 aiogram.event        INFO     Update id=511688442 is handled. Duration 1 ms by bot id=8095621527
2025.04.08 17:59:30 aiogram.event        INFO     Update id=511688443 is handled. Duration 1 ms by bot id=8095621527
2025.04.08 17:59:33 aiogram.event        INFO     Update id=511688444 is handled. Duration 3 ms by bot id=8095621527
2025.04.08 17:59:47 aiogram.event        INFO     Update id=511688445 is handled. Duration 1 ms by bot id=8095621527
2025.04.08 17:59:50 aiogram.event        INFO     Update id=511688446 is handled. Duration 1 ms by bot id=8095621527
2025.04.08 17:59:52 aiogram.event        INFO     Update id=511688447 is handled. Duration 3 ms by bot id=8095621527
2025.04.08 17:59:54 aiogram.event        INFO     Update id=511688448 is handled. Duration 1 ms by bot id=8095621527
2025.04.08 17:59:55 aiogram.event        INFO     Update id=511688449 is handled. Duration 2 ms by bot id=8095621527
2025.04.08 17:59:57 aiogram.event        INFO     Update id=511688450 is handled. Duration 1 ms by bot id=8095621527
2025.04.08 17:59:57 aiogram.event        INFO     Update id=511688451 is handled. Duration 1 ms by bot id=8095621527
2025.04.08 17:59:59 aiogram.event        INFO     Update id=511688452 is handled. Duration 1 ms by bot id=8095621527
2025.04.08 18:00:02 aiogram.event        INFO     Update id=511688453 is handled. Duration 1 ms by bot id=8095621527
2025.04.08 18:00:02 aiogram.event        INFO     Update id=511688454 is handled. Duration 1 ms by bot id=8095621527
2025.04.08 18:00:04 aiogram.event        INFO     Update id=511688455 is handled. Duration 2 ms by bot id=8095621527
2025.04.08 18:00:05 aiogram.event        INFO     Update id=511688456 is handled. Duration 1 ms by bot id=8095621527
2025.04.08 18:00:07 aiogram.event        INFO     Update id=511688457 is handled. Duration 1 ms by bot id=8095621527
2025.04.08 18:00:07 aiogram.event        INFO     Update id=511688458 is handled. Duration 1 ms by bot id=8095621527
2025.04.08 18:00:12 aiogram.event        INFO     Update id=511688459 is handled. Duration 3 ms by bot id=8095621527
2025.04.08 18:00:12 aiogram.event        INFO     Update id=511688460 is handled. Duration 1 ms by bot id=8095621527
2025.04.08 18:00:14 aiogram.event        INFO     Update id=511688461 is handled. Duration 1 ms by bot id=8095621527
2025.04.08 18:00:15 aiogram.event        INFO     Update id=511688462 is handled. Duration 1 ms by bot id=8095621527
2025.04.08 18:00:16 aiogram.event        INFO     Update id=511688463 is handled. Duration 2 ms by bot id=8095621527
2025.04.08 18:00:18 aiogram.event        INFO     Update id=511688464 is handled. Duration 1 ms by bot id=8095621527
2025.04.08 18:00:21 aiogram.event        INFO     Update id=511688465 is handled. Duration 1 ms by bot id=8095621527
2025.04.08 18:00:22 aiogram.event        INFO     Update id=511688466 is handled. Duration 1 ms by bot id=8095621527
2025.04.08 18:00:24 aiogram.event        INFO     Update id=511688467 is handled. Duration 2 ms by bot id=8095621527
2025.04.08 18:00:24 aiogram.event        INFO     Update id=511688468 is handled. Duration 1 ms by bot id=8095621527
2025.04.08 18:00:26 aiogram.event        INFO     Update id=511688469 is handled. Duration 1 ms by bot id=8095621527
2025.04.08 18:00:26 aiogram.event        INFO     Update id=511688470 is handled. Duration 1 ms by bot id=8095621527
2025.04.08 18:00:27 aiogram.event        INFO     Update id=511688471 is handled. Duration 1 ms by bot id=8095621527
2025.04.08 18:00:28 aiogram.event        INFO     Update id=511688472 is handled. Duration 1 ms by bot id=8095621527
2025.04.08 18:00:29 aiogram.event        INFO     Update id=511688473 is handled. Duration 1 ms by bot id=8095621527
2025.04.08 18:00:29 aiogram.event        INFO     Update id=511688474 is handled. Duration 1 ms by bot id=8095621527
2025.04.08 18:00:30 aiogram.event        INFO     Update id=511688475 is handled. Duration 1 ms by bot id=8095621527
2025.04.08 18:00:31 aiogram.event        INFO     Update id=511688476 is handled. Duration 1 ms by bot id=8095621527
2025.04.08 18:00:31 aiogram.event        INFO     Update id=511688477 is handled. Duration 1 ms by bot id=8095621527
2025.04.08 18:00:31 aiogram.event        INFO     Update id=511688478 is handled. Duration 1 ms by bot id=8095621527
2025.04.08 18:00:31 aiogram.event        INFO     Update id=511688479 is handled. Duration 3 ms by bot id=8095621527
2025.04.08 18:00:32 aiogram.event        INFO     Update id=511688480 is handled. Duration 1 ms by bot id=8095621527
2025.04.08 18:00:39 aiogram.event        INFO     Update id=511688481 is handled. Duration 1 ms by bot id=8095621527
2025.04.08 18:00:39 aiogram.event        INFO     Update id=511688482 is handled. Duration 2 ms by bot id=8095621527
2025.04.08 18:00:40 aiogram.event        INFO     Update id=511688483 is handled. Duration 1 ms by bot id=8095621527
2025.04.08 18:00:45 aiogram.event        INFO     Update id=511688484 is handled. Duration 1 ms by bot id=8095621527
2025.04.08 18:01:04 aiogram.event        INFO     Update id=511688485 is not handled. Duration 6 ms by bot id=8095621527
2025.04.08 18:01:08 aiogram.event        INFO     Update id=511688486 is not handled. Duration 2 ms by bot id=8095621527
2025.04.08 18:01:12 aiogram.event        INFO     Update id=511688487 is not handled. Duration 1 ms by bot id=8095621527
2025.04.08 18:01:18 aiogram.event        INFO     Update id=511688488 is not handled. Duration 2 ms by bot id=8095621527
2025.04.08 18:01:20 aiogram.event        INFO     Update id=511688489 is handled. Duration 2 ms by bot id=8095621527
2025.04.08 18:01:29 aiogram.event        INFO     Update id=511688490 is not handled. Duration 2 ms by bot id=8095621527
2025.04.08 18:01:34 aiogram.event        INFO     Update id=511688491 is not handled. Duration 2 ms by bot id=8095621527
2025.04.08 18:01:40 aiogram.event        INFO     Update id=511688492 is not handled. Duration 2 ms by bot id=8095621527
2025.04.08 18:01:45 aiogram.event        INFO     Update id=511688493 is handled. Duration 1 ms by bot id=8095621527
2025.04.08 18:01:46 aiogram.event        INFO     Update id=511688494 is handled. Duration 3 ms by bot id=8095621527
2025.04.08 18:01:46 aiogram.event        INFO     Update id=511688495 is handled. Duration 2 ms by bot id=8095621527
2025.04.08 18:01:54 aiogram.event        INFO     Update id=511688496 is handled. Duration 1 ms by bot id=8095621527
2025.04.08 18:01:54 aiogram.event        INFO     Update id=511688497 is not handled. Duration 2 ms by bot id=8095621527
2025.04.08 18:01:57 aiogram.event        INFO     Update id=511688498 is handled. Duration 2 ms by bot id=8095621527
2025.04.08 18:02:00 aiogram.event        INFO     Update id=511688499 is handled. Duration 1 ms by bot id=8095621527
2025.04.08 18:02:28 aiogram.event        INFO     Update id=511688500 is not handled. Duration 2 ms by bot id=8095621527
2025.04.08 18:02:33 aiogram.event        INFO     Update id=511688501 is not handled. Duration 2 ms by bot id=8095621527
2025.04.08 18:02:37 aiogram.event        INFO     Update id=511688502 is handled. Duration 3 ms by bot id=8095621527
2025.04.08 18:02:41 aiogram.event        INFO     Update id=511688503 is handled. Duration 1 ms by bot id=8095621527
2025.04.08 18:02:49 aiogram.event        INFO     Update id=511688504 is not handled. Duration 2 ms by bot id=8095621527
2025.04.08 18:02:55 aiogram.event        INFO     Update id=511688505 is not handled. Duration 1 ms by bot id=8095621527
2025.04.08 18:02:59 aiogram.event        INFO     Update id=511688506 is not handled. Duration 1 ms by bot id=8095621527
2025.04.08 18:03:03 aiogram.event        INFO     Update id=511688507 is handled. Duration 1 ms by bot id=8095621527
2025.04.08 18:03:11 aiogram.event        INFO     Update id=511688508 is handled. Duration 1 ms by bot id=8095621527
2025.04.08 18:03:13 aiogram.event        INFO     Update id=511688509 is handled. Duration 1 ms by bot id=8095621527
2025.04.08 18:03:14 aiogram.event        INFO     Update id=511688510 is handled. Duration 1 ms by bot id=8095621527
2025.04.08 18:03:15 aiogram.event        INFO     Update id=511688511 is handled. Duration 1 ms by bot id=8095621527
2025.04.08 18:03:18 aiogram.event        INFO     Update id=511688512 is handled. Duration 1 ms by bot id=8095621527
2025.04.08 18:03:28 aiogram.event        INFO     Update id=511688513 is handled. Duration 1 ms by bot id=8095621527
2025.04.08 18:03:33 aiogram.event        INFO     Update id=511688514 is handled. Duration 2 ms by bot id=8095621527
2025.04.08 18:03:34 aiogram.event        INFO     Update id=511688515 is handled. Duration 1 ms by bot id=8095621527
2025.04.08 18:03:35 aiogram.event        INFO     Update id=511688516 is not handled. Duration 4 ms by bot id=8095621527
2025.04.08 18:03:38 aiogram.event        INFO     Update id=511688517 is handled. Duration 1 ms by bot id=8095621527
2025.04.08 18:03:44 aiogram.event        INFO     Update id=511688518 is handled. Duration 1 ms by bot id=8095621527
2025.04.08 18:03:53 aiogram.event        INFO     Update id=511688519 is not handled. Duration 1 ms by bot id=8095621527
2025.04.08 18:03:55 aiogram.event        INFO     Update id=511688520 is handled. Duration 2 ms by bot id=8095621527
2025.04.08 18:04:00 aiogram.event        INFO     Update id=511688521 is handled. Duration 1 ms by bot id=8095621527
2025.04.08 18:04:05 aiogram.event        INFO     Update id=511688522 is handled. Duration 1 ms by bot id=8095621527
2025.04.08 18:04:11 aiogram.event        INFO     Update id=511688523 is handled. Duration 1 ms by bot id=8095621527
2025.04.08 18:04:12 aiogram.event        INFO     Update id=511688524 is handled. Duration 1 ms by bot id=8095621527
2025.04.08 18:04:12 aiogram.event        INFO     Update id=511688525 is handled. Duration 1 ms by bot id=8095621527
2025.04.08 18:04:13 aiogram.event        INFO     Update id=511688526 is handled. Duration 1 ms by bot id=8095621527
2025.04.08 18:04:14 aiogram.event        INFO     Update id=511688527 is handled. Duration 1 ms by bot id=8095621527
2025.04.08 18:04:17 aiogram.event        INFO     Update id=511688528 is handled. Duration 1 ms by bot id=8095621527
2025.04.08 18:04:19 aiogram.event        INFO     Update id=511688529 is handled. Duration 1 ms by bot id=8095621527
2025.04.08 18:04:20 aiogram.event        INFO     Update id=511688530 is handled. Duration 1 ms by bot id=8095621527
2025.04.08 18:04:20 aiogram.event        INFO     Update id=511688531 is handled. Duration 1 ms by bot id=8095621527
2025.04.08 18:04:36 aiogram.event        INFO     Update id=511688532 is handled. Duration 1 ms by bot id=8095621527
2025.04.08 18:04:39 aiogram.event        INFO     Update id=511688533 is handled. Duration 1 ms by bot id=8095621527
2025.04.08 18:04:40 aiogram.event        INFO     Update id=511688534 is handled. Duration 1 ms by bot id=8095621527
2025.04.08 18:04:41 aiogram.event        INFO     Update id=511688535 is handled. Duration 1 ms by bot id=8095621527
2025.04.08 18:04:42 aiogram.event        INFO     Update id=511688536 is handled. Duration 2 ms by bot id=8095621527
2025.04.08 18:04:44 aiogram.event        INFO     Update id=511688537 is handled. Duration 1 ms by bot id=8095621527
2025.04.08 18:04:46 aiogram.event        INFO     Update id=511688538 is handled. Duration 1 ms by bot id=8095621527
2025.04.08 18:04:46 aiogram.event        INFO     Update id=511688539 is handled. Duration 1 ms by bot id=8095621527
2025.04.08 18:04:47 aiogram.event        INFO     Update id=511688540 is handled. Duration 2 ms by bot id=8095621527
2025.04.08 18:04:53 aiogram.event        INFO     Update id=511688541 is handled. Duration 2 ms by bot id=8095621527
2025.04.08 18:04:54 aiogram.event        INFO     Update id=511688542 is handled. Duration 1 ms by bot id=8095621527
2025.04.08 18:04:58 aiogram.event        INFO     Update id=511688543 is handled. Duration 1 ms by bot id=8095621527
2025.04.08 18:05:11 aiogram.event        INFO     Update id=511688544 is handled. Duration 2 ms by bot id=8095621527
2025.04.08 18:05:13 aiogram.event        INFO     Update id=511688545 is handled. Duration 2 ms by bot id=8095621527
2025.04.08 18:05:13 aiogram.event        INFO     Update id=511688546 is handled. Duration 2 ms by bot id=8095621527
2025.04.08 18:05:14 aiogram.event        INFO     Update id=511688547 is handled. Duration 1 ms by bot id=8095621527
2025.04.08 18:05:15 aiogram.event        INFO     Update id=511688548 is handled. Duration 1 ms by bot id=8095621527
2025.04.08 18:05:15 aiogram.event        INFO     Update id=511688549 is handled. Duration 1 ms by bot id=8095621527
2025.04.08 18:05:16 aiogram.event        INFO     Update id=511688550 is handled. Duration 1 ms by bot id=8095621527
2025.04.08 18:05:18 aiogram.event        INFO     Update id=511688551 is handled. Duration 1 ms by bot id=8095621527
2025.04.08 18:05:33 aiogram.event        INFO     Update id=511688552 is handled. Duration 1 ms by bot id=8095621527
2025.04.08 18:05:39 aiogram.event        INFO     Update id=511688553 is handled. Duration 1 ms by bot id=8095621527
2025.04.08 18:05:47 aiogram.event        INFO     Update id=511688554 is handled. Duration 1 ms by bot id=8095621527
2025.04.08 18:05:50 aiogram.event        INFO     Update id=511688555 is handled. Duration 1 ms by bot id=8095621527
2025.04.08 18:05:51 aiogram.event        INFO     Update id=511688556 is handled. Duration 1 ms by bot id=8095621527
2025.04.08 18:05:56 aiogram.event        INFO     Update id=511688557 is handled. Duration 1 ms by bot id=8095621527
2025.04.08 18:06:10 aiogram.event        INFO     Update id=511688558 is handled. Duration 1 ms by bot id=8095621527
2025.04.08 18:06:15 aiogram.event        INFO     Update id=511688559 is handled. Duration 1 ms by bot id=8095621527
2025.04.08 18:06:15 aiogram.event        INFO     Update id=511688560 is handled. Duration 1 ms by bot id=8095621527
2025.04.08 18:06:18 aiogram.event        INFO     Update id=511688561 is handled. Duration 1 ms by bot id=8095621527
2025.04.08 18:06:19 aiogram.event        INFO     Update id=511688562 is handled. Duration 2 ms by bot id=8095621527
2025.04.08 18:06:22 aiogram.event        INFO     Update id=511688563 is handled. Duration 1 ms by bot id=8095621527
2025.04.08 18:06:24 aiogram.event        INFO     Update id=511688564 is handled. Duration 1 ms by bot id=8095621527
2025.04.08 18:06:24 aiogram.event        INFO     Update id=511688565 is handled. Duration 1 ms by bot id=8095621527
2025.04.08 18:06:24 aiogram.event        INFO     Update id=511688566 is handled. Duration 2 ms by bot id=8095621527
2025.04.08 18:06:27 aiogram.event        INFO     Update id=511688567 is handled. Duration 2 ms by bot id=8095621527
2025.04.08 18:06:28 aiogram.event        INFO     Update id=511688568 is handled. Duration 1 ms by bot id=8095621527
2025.04.08 18:06:28 aiogram.event        INFO     Update id=511688569 is handled. Duration 1 ms by bot id=8095621527
2025.04.08 18:06:29 aiogram.event        INFO     Update id=511688570 is handled. Duration 1 ms by bot id=8095621527
2025.04.08 18:06:30 aiogram.event        INFO     Update id=511688571 is handled. Duration 1 ms by bot id=8095621527
2025.04.08 18:06:30 aiogram.event        INFO     Update id=511688572 is handled. Duration 2 ms by bot id=8095621527
2025.04.08 18:06:30 aiogram.event        INFO     Update id=511688573 is handled. Duration 1 ms by bot id=8095621527
2025.04.08 18:06:30 aiogram.event        INFO     Update id=511688574 is handled. Duration 1 ms by bot id=8095621527
2025.04.08 18:06:31 aiogram.event        INFO     Update id=511688575 is handled. Duration 1 ms by bot id=8095621527
2025.04.08 18:06:38 aiogram.event        INFO     Update id=511688576 is handled. Duration 1 ms by bot id=8095621527
2025.04.08 18:06:38 aiogram.event        INFO     Update id=511688577 is handled. Duration 2 ms by bot id=8095621527
2025.04.08 18:06:39 aiogram.event        INFO     Update id=511688578 is handled. Duration 1 ms by bot id=8095621527
2025.04.08 18:06:39 aiogram.event        INFO     Update id=511688579 is handled. Duration 2 ms by bot id=8095621527
2025.04.08 18:06:41 aiogram.event        INFO     Update id=511688580 is handled. Duration 1 ms by bot id=8095621527
2025.04.08 18:06:45 aiogram.event        INFO     Update id=511688581 is handled. Duration 1 ms by bot id=8095621527
2025.04.08 18:06:48 aiogram.event        INFO     Update id=511688582 is handled. Duration 1 ms by bot id=8095621527
2025.04.08 18:06:50 aiogram.event        INFO     Update id=511688583 is handled. Duration 2 ms by bot id=8095621527
2025.04.08 18:06:56 aiogram.event        INFO     Update id=511688584 is handled. Duration 1 ms by bot id=8095621527
2025.04.08 18:07:01 aiogram.event        INFO     Update id=511688585 is handled. Duration 1 ms by bot id=8095621527
2025.04.08 18:07:01 aiogram.event        INFO     Update id=511688586 is handled. Duration 1 ms by bot id=8095621527
2025.04.08 18:07:02 aiogram.event        INFO     Update id=511688587 is handled. Duration 2 ms by bot id=8095621527
2025.04.08 18:07:02 aiogram.event        INFO     Update id=511688588 is handled. Duration 2 ms by bot id=8095621527
2025.04.08 18:07:06 aiogram.event        INFO     Update id=511688589 is handled. Duration 1 ms by bot id=8095621527
2025.04.08 18:07:06 aiogram.event        INFO     Update id=511688590 is handled. Duration 1 ms by bot id=8095621527
2025.04.08 18:07:10 aiogram.event        INFO     Update id=511688591 is handled. Duration 1 ms by bot id=8095621527
2025.04.08 18:07:11 aiogram.event        INFO     Update id=511688592 is handled. Duration 1 ms by bot id=8095621527
2025.04.08 18:07:12 aiogram.event        INFO     Update id=511688593 is handled. Duration 1 ms by bot id=8095621527
2025.04.08 18:07:15 aiogram.event        INFO     Update id=511688594 is handled. Duration 1 ms by bot id=8095621527
2025.04.08 18:07:20 aiogram.event        INFO     Update id=511688595 is handled. Duration 1 ms by bot id=8095621527
2025.04.08 18:07:21 aiogram.event        INFO     Update id=511688596 is handled. Duration 2 ms by bot id=8095621527
2025.04.08 18:07:22 aiogram.event        INFO     Update id=511688597 is handled. Duration 1 ms by bot id=8095621527
2025.04.08 18:07:22 aiogram.event        INFO     Update id=511688598 is handled. Duration 1 ms by bot id=8095621527
2025.04.08 18:07:23 aiogram.event        INFO     Update id=511688599 is handled. Duration 1 ms by bot id=8095621527
2025.04.08 18:07:25 aiogram.event        INFO     Update id=511688600 is handled. Duration 1 ms by bot id=8095621527
2025.04.08 18:07:27 aiogram.event        INFO     Update id=511688601 is handled. Duration 4 ms by bot id=8095621527
2025.04.08 18:07:34 aiogram.event        INFO     Update id=511688602 is handled. Duration 3 ms by bot id=8095621527
2025.04.08 18:07:36 aiogram.event        INFO     Update id=511688603 is handled. Duration 2 ms by bot id=8095621527
2025.04.08 18:07:38 aiogram.event        INFO     Update id=511688604 is handled. Duration 4 ms by bot id=8095621527
2025.04.08 18:07:40 aiogram.event        INFO     Update id=511688605 is handled. Duration 1 ms by bot id=8095621527
2025.04.08 18:07:44 aiogram.event        INFO     Update id=511688606 is handled. Duration 1 ms by bot id=8095621527
2025.04.08 18:07:50 aiogram.event        INFO     Update id=511688607 is handled. Duration 1 ms by bot id=8095621527
2025.04.08 18:07:51 aiogram.event        INFO     Update id=511688608 is handled. Duration 1 ms by bot id=8095621527
2025.04.08 18:07:53 aiogram.event        INFO     Update id=511688609 is handled. Duration 1 ms by bot id=8095621527
2025.04.08 18:07:55 aiogram.event        INFO     Update id=511688610 is handled. Duration 1 ms by bot id=8095621527
2025.04.08 18:07:56 aiogram.event        INFO     Update id=511688611 is handled. Duration 1 ms by bot id=8095621527
2025.04.08 18:08:01 aiogram.event        INFO     Update id=511688612 is handled. Duration 15 ms by bot id=8095621527
2025.04.08 18:08:03 aiogram.event        INFO     Update id=511688613 is handled. Duration 1 ms by bot id=8095621527
2025.04.08 18:08:09 aiogram.event        INFO     Update id=511688614 is handled. Duration 2 ms by bot id=8095621527
2025.04.08 18:08:09 aiogram.event        INFO     Update id=511688615 is handled. Duration 2 ms by bot id=8095621527
2025.04.08 18:08:10 aiogram.event        INFO     Update id=511688616 is handled. Duration 2 ms by bot id=8095621527
2025.04.08 18:08:11 aiogram.event        INFO     Update id=511688617 is handled. Duration 1 ms by bot id=8095621527
2025.04.08 18:08:12 aiogram.event        INFO     Update id=511688618 is handled. Duration 1 ms by bot id=8095621527
2025.04.08 18:08:13 aiogram.event        INFO     Update id=511688619 is handled. Duration 2 ms by bot id=8095621527
2025.04.08 18:08:13 aiogram.event        INFO     Update id=511688620 is handled. Duration 1 ms by bot id=8095621527
2025.04.08 18:08:14 aiogram.event        INFO     Update id=511688621 is handled. Duration 1 ms by bot id=8095621527
2025.04.08 18:08:15 aiogram.event        INFO     Update id=511688622 is handled. Duration 1 ms by bot id=8095621527
2025.04.08 18:08:16 aiogram.event        INFO     Update id=511688623 is handled. Duration 1 ms by bot id=8095621527
2025.04.08 18:08:16 aiogram.event        INFO     Update id=511688624 is handled. Duration 1 ms by bot id=8095621527
2025.04.08 18:08:17 aiogram.event        INFO     Update id=511688625 is handled. Duration 1 ms by bot id=8095621527
2025.04.08 18:08:17 aiogram.event        INFO     Update id=511688626 is handled. Duration 1 ms by bot id=8095621527
2025.04.08 18:08:18 aiogram.event        INFO     Update id=511688627 is handled. Duration 1 ms by bot id=8095621527
2025.04.08 18:08:19 aiogram.event        INFO     Update id=511688628 is handled. Duration 1 ms by bot id=8095621527
2025.04.08 18:08:20 aiogram.event        INFO     Update id=511688629 is handled. Duration 1 ms by bot id=8095621527
2025.04.08 18:08:20 aiogram.event        INFO     Update id=511688630 is handled. Duration 1 ms by bot id=8095621527
2025.04.08 18:08:20 aiogram.event        INFO     Update id=511688631 is handled. Duration 1 ms by bot id=8095621527
2025.04.08 18:08:21 aiogram.event        INFO     Update id=511688632 is handled. Duration 1 ms by bot id=8095621527
2025.04.08 18:08:28 aiogram.event        INFO     Update id=511688633 is handled. Duration 1 ms by bot id=8095621527
2025.04.08 18:08:30 aiogram.event        INFO     Update id=511688634 is handled. Duration 2 ms by bot id=8095621527
2025.04.08 18:08:34 aiogram.event        INFO     Update id=511688635 is handled. Duration 2 ms by bot id=8095621527
2025.04.08 18:08:37 aiogram.event        INFO     Update id=511688636 is handled. Duration 1 ms by bot id=8095621527
2025.04.08 18:08:37 aiogram.event        INFO     Update id=511688637 is handled. Duration 2 ms by bot id=8095621527
2025.04.08 18:08:46 aiogram.event        INFO     Update id=511688638 is handled. Duration 1 ms by bot id=8095621527
2025.04.08 18:08:46 aiogram.event        INFO     Update id=511688639 is handled. Duration 1 ms by bot id=8095621527
2025.04.08 18:08:47 aiogram.event        INFO     Update id=511688640 is handled. Duration 1 ms by bot id=8095621527
2025.04.08 18:08:49 aiogram.event        INFO     Update id=511688641 is handled. Duration 2 ms by bot id=8095621527
2025.04.08 18:08:52 aiogram.event        INFO     Update id=511688642 is handled. Duration 1 ms by bot id=8095621527
2025.04.08 18:08:55 aiogram.event        INFO     Update id=511688643 is handled. Duration 1 ms by bot id=8095621527
2025.04.08 18:08:55 aiogram.event        INFO     Update id=511688644 is handled. Duration 1 ms by bot id=8095621527
2025.04.08 18:08:56 aiogram.event        INFO     Update id=511688645 is handled. Duration 1 ms by bot id=8095621527
2025.04.08 18:09:05 aiogram.event        INFO     Update id=511688646 is handled. Duration 1 ms by bot id=8095621527
2025.04.08 18:09:06 aiogram.event        INFO     Update id=511688647 is handled. Duration 1 ms by bot id=8095621527
2025.04.08 18:09:22 aiogram.event        INFO     Update id=511688648 is handled. Duration 1 ms by bot id=8095621527
2025.04.08 18:09:23 aiogram.event        INFO     Update id=511688649 is handled. Duration 1 ms by bot id=8095621527
2025.04.08 18:09:24 aiogram.event        INFO     Update id=511688650 is handled. Duration 1 ms by bot id=8095621527
2025.04.08 18:09:24 aiogram.event        INFO     Update id=511688651 is handled. Duration 1 ms by bot id=8095621527
2025.04.08 18:09:26 aiogram.event        INFO     Update id=511688652 is handled. Duration 1 ms by bot id=8095621527
2025.04.08 18:09:27 aiogram.event        INFO     Update id=511688653 is handled. Duration 2 ms by bot id=8095621527
2025.04.08 18:09:28 aiogram.event        INFO     Update id=511688654 is handled. Duration 1 ms by bot id=8095621527
2025.04.08 18:09:28 aiogram.event        INFO     Update id=511688655 is handled. Duration 1 ms by bot id=8095621527
2025.04.08 18:09:29 aiogram.event        INFO     Update id=511688656 is handled. Duration 1 ms by bot id=8095621527
2025.04.08 18:09:30 aiogram.event        INFO     Update id=511688657 is handled. Duration 1 ms by bot id=8095621527
2025.04.08 18:09:32 aiogram.event        INFO     Update id=511688658 is handled. Duration 1 ms by bot id=8095621527
2025.04.08 18:09:34 aiogram.event        INFO     Update id=511688659 is handled. Duration 1 ms by bot id=8095621527
2025.04.08 18:09:36 aiogram.event        INFO     Update id=511688660 is handled. Duration 1 ms by bot id=8095621527
2025.04.08 18:09:37 aiogram.event        INFO     Update id=511688661 is handled. Duration 1 ms by bot id=8095621527
2025.04.08 18:09:37 aiogram.event        INFO     Update id=511688662 is handled. Duration 1 ms by bot id=8095621527
2025.04.08 18:09:39 aiogram.event        INFO     Update id=511688663 is handled. Duration 3 ms by bot id=8095621527
2025.04.08 18:09:40 aiogram.event        INFO     Update id=511688664 is handled. Duration 1 ms by bot id=8095621527
2025.04.08 18:09:40 aiogram.event        INFO     Update id=511688665 is handled. Duration 1 ms by bot id=8095621527
2025.04.08 18:09:42 aiogram.event        INFO     Update id=511688666 is handled. Duration 1 ms by bot id=8095621527
2025.04.08 18:09:43 aiogram.event        INFO     Update id=511688667 is handled. Duration 1 ms by bot id=8095621527
2025.04.08 18:09:43 aiogram.event        INFO     Update id=511688668 is handled. Duration 1 ms by bot id=8095621527
2025.04.08 18:09:46 aiogram.event        INFO     Update id=511688669 is handled. Duration 2 ms by bot id=8095621527
2025.04.08 18:09:47 aiogram.event        INFO     Update id=511688670 is handled. Duration 2 ms by bot id=8095621527
2025.04.08 18:09:49 aiogram.event        INFO     Update id=511688671 is handled. Duration 1 ms by bot id=8095621527
2025.04.08 18:09:49 aiogram.event        INFO     Update id=511688672 is handled. Duration 1 ms by bot id=8095621527
2025.04.08 18:09:52 aiogram.event        INFO     Update id=511688673 is handled. Duration 1 ms by bot id=8095621527
2025.04.08 18:09:54 aiogram.event        INFO     Update id=511688674 is handled. Duration 1 ms by bot id=8095621527
2025.04.08 18:09:59 aiogram.event        INFO     Update id=511688675 is not handled. Duration 0 ms by bot id=8095621527
2025.04.08 18:10:00 aiogram.event        INFO     Update id=511688676 is handled. Duration 1 ms by bot id=8095621527
2025.04.08 18:10:00 aiogram.event        INFO     Update id=511688677 is handled. Duration 1 ms by bot id=8095621527
2025.04.08 18:10:02 aiogram.event        INFO     Update id=511688678 is handled. Duration 1 ms by bot id=8095621527
2025.04.08 18:10:03 aiogram.event        INFO     Update id=511688679 is handled. Duration 1 ms by bot id=8095621527
2025.04.08 18:10:03 aiogram.event        INFO     Update id=511688680 is handled. Duration 1 ms by bot id=8095621527
2025.04.08 18:10:09 aiogram.event        INFO     Update id=511688681 is handled. Duration 6 ms by bot id=8095621527
2025.04.08 18:10:11 aiogram.event        INFO     Update id=511688682 is handled. Duration 1 ms by bot id=8095621527
2025.04.08 18:10:12 aiogram.event        INFO     Update id=511688683 is handled. Duration 1 ms by bot id=8095621527
2025.04.08 18:10:15 aiogram.event        INFO     Update id=511688684 is handled. Duration 1 ms by bot id=8095621527
2025.04.08 18:10:16 aiogram.event        INFO     Update id=511688685 is handled. Duration 1 ms by bot id=8095621527
2025.04.08 18:10:17 aiogram.event        INFO     Update id=511688686 is handled. Duration 1 ms by bot id=8095621527
2025.04.08 18:10:18 aiogram.event        INFO     Update id=511688687 is handled. Duration 1 ms by bot id=8095621527
2025.04.08 18:10:18 aiogram.event        INFO     Update id=511688688 is handled. Duration 1 ms by bot id=8095621527
2025.04.08 18:10:22 aiogram.event        INFO     Update id=511688689 is handled. Duration 1 ms by bot id=8095621527
2025.04.08 18:10:23 aiogram.event        INFO     Update id=511688690 is handled. Duration 1 ms by bot id=8095621527
2025.04.08 18:10:27 aiogram.event        INFO     Update id=511688691 is handled. Duration 1 ms by bot id=8095621527
2025.04.08 18:10:27 aiogram.event        INFO     Update id=511688692 is handled. Duration 1 ms by bot id=8095621527
2025.04.08 18:10:28 aiogram.event        INFO     Update id=511688693 is handled. Duration 1 ms by bot id=8095621527
2025.04.08 18:10:31 aiogram.event        INFO     Update id=511688694 is handled. Duration 1 ms by bot id=8095621527
2025.04.08 18:10:37 aiogram.event        INFO     Update id=511688695 is handled. Duration 1 ms by bot id=8095621527
2025.04.08 18:10:38 aiogram.event        INFO     Update id=511688696 is handled. Duration 1 ms by bot id=8095621527
2025.04.08 18:10:42 aiogram.event        INFO     Update id=511688697 is handled. Duration 1 ms by bot id=8095621527
2025.04.08 18:10:44 aiogram.event        INFO     Update id=511688698 is handled. Duration 1 ms by bot id=8095621527
2025.04.08 18:10:44 aiogram.event        INFO     Update id=511688699 is handled. Duration 1 ms by bot id=8095621527
2025.04.08 18:10:46 aiogram.event        INFO     Update id=511688700 is handled. Duration 1 ms by bot id=8095621527
2025.04.08 18:10:46 aiogram.event        INFO     Update id=511688701 is handled. Duration 1 ms by bot id=8095621527
2025.04.08 18:10:48 aiogram.event        INFO     Update id=511688702 is handled. Duration 1 ms by bot id=8095621527
2025.04.08 18:10:49 aiogram.event        INFO     Update id=511688703 is handled. Duration 1 ms by bot id=8095621527
2025.04.08 18:10:51 aiogram.event        INFO     Update id=511688704 is handled. Duration 1 ms by bot id=8095621527
2025.04.08 18:10:52 aiogram.event        INFO     Update id=511688705 is handled. Duration 1 ms by bot id=8095621527
2025.04.08 18:10:55 aiogram.event        INFO     Update id=511688706 is handled. Duration 1 ms by bot id=8095621527
2025.04.08 18:10:57 aiogram.event        INFO     Update id=511688707 is handled. Duration 1 ms by bot id=8095621527
2025.04.08 18:10:59 aiogram.event        INFO     Update id=511688708 is handled. Duration 1 ms by bot id=8095621527
2025.04.08 18:11:00 aiogram.event        INFO     Update id=511688709 is handled. Duration 1 ms by bot id=8095621527
2025.04.08 18:11:01 aiogram.event        INFO     Update id=511688710 is handled. Duration 5 ms by bot id=8095621527
2025.04.08 18:11:04 aiogram.event        INFO     Update id=511688711 is handled. Duration 1 ms by bot id=8095621527
2025.04.08 18:11:05 aiogram.event        INFO     Update id=511688712 is handled. Duration 1 ms by bot id=8095621527
2025.04.08 18:11:06 aiogram.event        INFO     Update id=511688713 is handled. Duration 1 ms by bot id=8095621527
2025.04.08 18:11:06 aiogram.event        INFO     Update id=511688714 is handled. Duration 2 ms by bot id=8095621527
2025.04.08 18:11:11 aiogram.event        INFO     Update id=511688715 is handled. Duration 1 ms by bot id=8095621527
2025.04.08 18:11:11 aiogram.event        INFO     Update id=511688716 is handled. Duration 1 ms by bot id=8095621527
2025.04.08 18:11:11 aiogram.event        INFO     Update id=511688717 is handled. Duration 1 ms by bot id=8095621527
2025.04.08 18:11:13 aiogram.event        INFO     Update id=511688718 is handled. Duration 1 ms by bot id=8095621527
2025.04.08 18:11:13 aiogram.event        INFO     Update id=511688719 is handled. Duration 1 ms by bot id=8095621527
2025.04.08 18:11:14 aiogram.event        INFO     Update id=511688720 is handled. Duration 1 ms by bot id=8095621527
2025.04.08 18:11:15 aiogram.event        INFO     Update id=511688721 is handled. Duration 1 ms by bot id=8095621527
2025.04.08 18:11:16 aiogram.event        INFO     Update id=511688722 is handled. Duration 2 ms by bot id=8095621527
2025.04.08 18:11:19 aiogram.event        INFO     Update id=511688723 is handled. Duration 1 ms by bot id=8095621527
2025.04.08 18:11:19 aiogram.event        INFO     Update id=511688724 is handled. Duration 2 ms by bot id=8095621527
2025.04.08 18:11:23 aiogram.event        INFO     Update id=511688725 is handled. Duration 2 ms by bot id=8095621527
2025.04.08 18:11:25 aiogram.event        INFO     Update id=511688726 is handled. Duration 1 ms by bot id=8095621527
2025.04.08 18:11:29 aiogram.event        INFO     Update id=511688727 is handled. Duration 2 ms by bot id=8095621527
2025.04.08 18:11:30 aiogram.event        INFO     Update id=511688728 is handled. Duration 2 ms by bot id=8095621527
2025.04.08 18:11:30 aiogram.event        INFO     Update id=511688729 is handled. Duration 3 ms by bot id=8095621527
2025.04.08 18:11:31 aiogram.event        INFO     Update id=511688730 is handled. Duration 1 ms by bot id=8095621527
2025.04.08 18:11:41 aiogram.event        INFO     Update id=511688731 is handled. Duration 2 ms by bot id=8095621527
2025.04.08 18:11:48 aiogram.event        INFO     Update id=511688732 is handled. Duration 1 ms by bot id=8095621527
2025.04.08 18:11:49 aiogram.event        INFO     Update id=511688733 is handled. Duration 1 ms by bot id=8095621527
2025.04.08 18:11:50 aiogram.event        INFO     Update id=511688734 is handled. Duration 1 ms by bot id=8095621527
2025.04.08 18:11:50 aiogram.event        INFO     Update id=511688735 is handled. Duration 1 ms by bot id=8095621527
2025.04.08 18:11:53 aiogram.event        INFO     Update id=511688736 is handled. Duration 1 ms by bot id=8095621527
2025.04.08 18:12:02 aiogram.event        INFO     Update id=511688737 is handled. Duration 3 ms by bot id=8095621527
2025.04.08 18:12:04 aiogram.event        INFO     Update id=511688738 is handled. Duration 2 ms by bot id=8095621527
2025.04.08 18:12:06 aiogram.event        INFO     Update id=511688739 is handled. Duration 1 ms by bot id=8095621527
2025.04.08 18:12:11 aiogram.event        INFO     Update id=511688740 is handled. Duration 3 ms by bot id=8095621527
2025.04.08 18:12:12 aiogram.event        INFO     Update id=511688741 is handled. Duration 1 ms by bot id=8095621527
2025.04.08 18:12:15 aiogram.event        INFO     Update id=511688742 is handled. Duration 1 ms by bot id=8095621527
2025.04.08 18:12:16 aiogram.event        INFO     Update id=511688743 is handled. Duration 1 ms by bot id=8095621527
2025.04.08 18:12:17 aiogram.event        INFO     Update id=511688744 is handled. Duration 2 ms by bot id=8095621527
2025.04.08 18:12:34 aiogram.event        INFO     Update id=511688745 is handled. Duration 1 ms by bot id=8095621527
2025.04.08 18:12:45 aiogram.event        INFO     Update id=511688746 is handled. Duration 1 ms by bot id=8095621527
2025.04.08 18:12:46 aiogram.event        INFO     Update id=511688747 is handled. Duration 2 ms by bot id=8095621527
2025.04.08 18:12:50 aiogram.event        INFO     Update id=511688748 is handled. Duration 1 ms by bot id=8095621527
2025.04.08 18:12:53 aiogram.event        INFO     Update id=511688749 is handled. Duration 2 ms by bot id=8095621527
2025.04.08 18:12:56 aiogram.event        INFO     Update id=511688750 is handled. Duration 1 ms by bot id=8095621527
2025.04.08 18:13:03 aiogram.event        INFO     Update id=511688751 is handled. Duration 2 ms by bot id=8095621527
2025.04.08 18:13:04 aiogram.event        INFO     Update id=511688752 is handled. Duration 2 ms by bot id=8095621527
2025.04.08 18:13:06 aiogram.event        INFO     Update id=511688753 is handled. Duration 4 ms by bot id=8095621527
2025.04.08 18:13:18 aiogram.event        INFO     Update id=511688754 is handled. Duration 1 ms by bot id=8095621527
2025.04.08 18:13:22 aiogram.event        INFO     Update id=511688755 is handled. Duration 2 ms by bot id=8095621527
2025.04.08 18:13:22 aiogram.event        INFO     Update id=511688756 is handled. Duration 1 ms by bot id=8095621527
2025.04.08 18:13:26 aiogram.event        INFO     Update id=511688757 is not handled. Duration 1 ms by bot id=8095621527
