2025.07.13 22:39:15 dotenv.main          WARNING  python-dotenv could not parse statement starting at line 5
2025.07.13 22:39:15 __main__             INFO     🤖 Starting bot...
2025.07.13 22:39:15 __main__             INFO     🚀 Starting bot initialization...
2025.07.13 22:39:15 __main__             INFO     ✅ Database initialized successfully
2025.07.13 22:39:16 core.spotify_handler INFO     Spotify API connection established.
2025.07.13 22:39:16 __main__             INFO     ✅ Spotify service initialized
2025.07.13 22:39:16 core.webprofile      INFO     Seçilmiş User-Agent: Mozilla/5.0 (X11; Linux x86_64) AppleWebKit/537.36 (KHTML, like Gecko) Chrome/122.0.0.0 Safari/537.36
2025.07.13 22:39:16 core.youtube_handler INFO     firefox brauzerindən cookies istifadə edilir.
2025.07.13 22:39:16 __main__             INFO     ✅ YouTube services initialized (firefox)
2025.07.13 22:39:16 __main__             INFO     🔌 Loading plugins...
2025.07.13 22:39:16 core.utilities       INFO     🔍 Scanning plugins in: plugins
2025.07.13 22:39:16 core.utilities       INFO     🔄 Loading: plugins.spotify_plugin
2025.07.13 22:39:16 core.utilities       INFO     ✅ Loaded (sync): plugins.spotify_plugin
2025.07.13 22:39:16 core.utilities       INFO     🔄 Loading: plugins.menu_plugin
2025.07.13 22:39:16 plugins.menu_plugin  INFO     ✅ Menu plugin yükləndi
2025.07.13 22:39:16 core.utilities       INFO     ✅ Loaded (async): plugins.menu_plugin
2025.07.13 22:39:16 core.utilities       INFO     🔄 Loading: plugins.sudo_plugin
2025.07.13 22:39:16 core.utilities       INFO     ✅ Loaded (sync): plugins.sudo_plugin
2025.07.13 22:39:16 core.utilities       INFO     🔄 Loading: plugins.youtube_plugin
2025.07.13 22:39:16 core.utilities       INFO     ✅ Loaded (sync): plugins.youtube_plugin
2025.07.13 22:39:16 core.utilities       INFO     🔄 Loading: plugins.neofetch_plugin
2025.07.13 22:39:16 core.utilities       INFO     ✅ Loaded (sync): plugins.neofetch_plugin
2025.07.13 22:39:16 core.utilities       INFO     🔄 Loading: plugins.id_command
2025.07.13 22:39:16 plugins.id_command   INFO     ✅ info_command plugin successfully loaded
2025.07.13 22:39:16 core.utilities       INFO     ✅ Loaded (async): plugins.id_command
2025.07.13 22:39:16 core.utilities       INFO     🔄 Loading: plugins.report_plugin
2025.07.13 22:39:16 core.utilities       INFO     ✅ Loaded (async): plugins.report_plugin
2025.07.13 22:39:16 core.utilities       INFO     🔄 Loading: plugins.del_plugin
2025.07.13 22:39:16 core.utilities       INFO     ✅ Loaded (sync): plugins.del_plugin
2025.07.13 22:39:16 core.utilities       INFO     🔄 Loading: plugins.mutagen
2025.07.13 22:39:16 plugins.mutagen      INFO     ✅ Mutagen plugin yükləndi
2025.07.13 22:39:16 core.utilities       INFO     ✅ Loaded (async): plugins.mutagen
2025.07.13 22:39:16 core.utilities       INFO     🔄 Loading: plugins.music_plugin
2025.07.13 22:39:16 core.utilities       INFO     ✅ Loaded (sync): plugins.music_plugin
2025.07.13 22:39:16 core.utilities       INFO     🔄 Loading: plugins.start_plugin
2025.07.13 22:39:16 plugins.start_plugin INFO     ✅ Start plugin yükləndi
2025.07.13 22:39:16 core.utilities       INFO     ✅ Loaded (async): plugins.start_plugin
2025.07.13 22:39:16 core.utilities       INFO     🔄 Loading: plugins.stats_plugin
2025.07.13 22:39:16 core.utilities       INFO     ✅ Loaded (sync): plugins.stats_plugin
2025.07.13 22:39:16 core.utilities       INFO     🔄 Loading: plugins.dir_plugin
2025.07.13 22:39:16 core.utilities       INFO     ✅ Loaded (sync): plugins.dir_plugin
2025.07.13 22:39:16 core.utilities       INFO     🔄 Loading: plugins.broadcast_plugin
2025.07.13 22:39:16 core.utilities       INFO     ✅ Loaded (sync): plugins.broadcast_plugin
2025.07.13 22:39:16 core.utilities       INFO     🔄 Loading: plugins.speedtest_plugin
2025.07.13 22:39:16 core.utilities       INFO     ✅ Loaded (sync): plugins.speedtest_plugin
2025.07.13 22:39:16 core.utilities       INFO     🔄 Loading: plugins.profile
2025.07.13 22:39:16 plugins.profile      INFO     ✅ Profile plugin loaded
2025.07.13 22:39:16 core.utilities       INFO     ✅ Loaded (async): plugins.profile
2025.07.13 22:39:16 core.utilities       INFO     🔄 Loading: plugins.bot_logs
2025.07.13 22:39:16 plugins.bot_logs     INFO     ✅ Logs plugin loaded
2025.07.13 22:39:16 core.utilities       INFO     ✅ Loaded (async): plugins.bot_logs
2025.07.13 22:39:16 __main__             INFO     🚀 Starting polling...
2025.07.13 22:39:16 aiogram.dispatcher   INFO     Start polling
2025.07.13 22:39:16 aiogram.dispatcher   INFO     Run polling for bot @dllmasterbot id=7599030242 - 'DLLMaster'
2025.07.14 07:12:26 aiogram.event        INFO     Update id=708350371 is handled. Duration 3 ms by bot id=7599030242
2025.07.14 15:43:29 aiogram.event        INFO     Update id=708350372 is handled. Duration 126 ms by bot id=7599030242
2025.07.14 15:43:29 core.spotify_handler INFO     Fetching playlist data: 6ZdBXRLC0eWMR5lqDctNQj
2025.07.14 15:43:31 aiogram.event        INFO     Update id=708350373 is not handled. Duration 2 ms by bot id=7599030242
2025.07.14 15:43:32 core.webprofile      INFO     firefox brauzerindən cookies istifadə edilir.
2025.07.14 15:43:32 core.webprofile      INFO     Seçilmiş User-Agent: Mozilla/5.0 (Windows NT 10.0; Win64; x64) AppleWebKit/537.36 (KHTML, like Gecko) Chrome/122.0.0.0 Safari/537.36
2025.07.14 15:43:39 core.spotify_handler INFO     Added Spotify thumbnail: https://i.scdn.co/image/ab67616d0000b2737116a32939d99a0437279cfd
2025.07.14 15:43:39 core.spotify_handler INFO     Metadata applied: download/download/Give It To Me - slowed to perfection.m4a
2025.07.14 15:43:41 core.webprofile      INFO     firefox brauzerindən cookies istifadə edilir.
2025.07.14 15:43:41 core.webprofile      INFO     Seçilmiş User-Agent: Mozilla/5.0 (Linux; Android 14; SM-G998B) AppleWebKit/537.36 (KHTML, like Gecko) Chrome/122.0.0.0 Mobile Safari/537.36
2025.07.14 15:43:46 core.spotify_handler INFO     Added Spotify thumbnail: https://i.scdn.co/image/ab67616d0000b273e4f13cd87b3b1ead6735a520
2025.07.14 15:43:46 core.spotify_handler INFO     Metadata applied: download/download/PRBLMS.m4a
2025.07.14 15:43:52 plugins.youtube_plugin INFO     User 7570255525 cancelled download
2025.07.14 15:43:52 aiogram.event        INFO     Update id=708350374 is handled. Duration 5165 ms by bot id=7599030242
2025.07.14 15:45:05 aiogram.event        INFO     Update id=708350375 is handled. Duration 32 ms by bot id=7599030242
2025.07.14 15:45:05 core.spotify_handler INFO     Fetching playlist data: 3ZOZWnQS8wypSp2v0oKtZD
2025.07.14 15:45:06 aiogram.event        INFO     Update id=708350376 is not handled. Duration 11 ms by bot id=7599030242
2025.07.14 15:45:07 core.webprofile      INFO     firefox brauzerindən cookies istifadə edilir.
2025.07.14 15:45:07 core.webprofile      INFO     Seçilmiş User-Agent: Mozilla/5.0 (Linux; Android 14; Pixel 8 Pro) AppleWebKit/537.36 (KHTML, like Gecko) Chrome/122.0.0.0 Mobile Safari/537.36
2025.07.14 15:45:13 core.spotify_handler INFO     Added Spotify thumbnail: https://i.scdn.co/image/ab67616d0000b27340bb7015344e6d31af3827e0
2025.07.14 15:45:13 core.spotify_handler INFO     Metadata applied: download/download/Sodium.m4a
2025.07.14 15:45:15 core.webprofile      INFO     firefox brauzerindən cookies istifadə edilir.
2025.07.14 15:45:15 core.webprofile      INFO     Seçilmiş User-Agent: Mozilla/5.0 (iPad; CPU OS 17_2 like Mac OS X) AppleWebKit/605.1.15 (KHTML, like Gecko) Version/17.2 Mobile/15E148 Safari/604.1
2025.07.14 15:45:21 core.spotify_handler INFO     Added Spotify thumbnail: https://i.scdn.co/image/ab67616d0000b273401a4acbb6573069fedd080a
2025.07.14 15:45:21 core.spotify_handler INFO     Metadata applied: download/download/Putrid Pride.m4a
2025.07.14 15:45:23 core.webprofile      INFO     firefox brauzerindən cookies istifadə edilir.
2025.07.14 15:45:23 core.webprofile      INFO     Seçilmiş User-Agent: Mozilla/5.0 (X11; Linux x86_64) AppleWebKit/537.36 (KHTML, like Gecko) Chrome/122.0.0.0 Safari/537.36
2025.07.14 15:45:30 core.spotify_handler INFO     Added Spotify thumbnail: https://i.scdn.co/image/ab67616d0000b273401a4acbb6573069fedd080a
2025.07.14 15:45:30 core.spotify_handler INFO     Metadata applied: download/download/That Just Isn't Empirically Possible.m4a
2025.07.14 15:45:31 core.webprofile      INFO     firefox brauzerindən cookies istifadə edilir.
2025.07.14 15:45:31 core.webprofile      INFO     Seçilmiş User-Agent: Mozilla/5.0 (iPad; CPU OS 17_2 like Mac OS X) AppleWebKit/605.1.15 (KHTML, like Gecko) Version/17.2 Mobile/15E148 Safari/604.1
2025.07.14 15:45:38 core.spotify_handler INFO     Added Spotify thumbnail: https://i.scdn.co/image/ab67616d0000b273401a4acbb6573069fedd080a
2025.07.14 15:45:38 core.spotify_handler INFO     Metadata applied: download/download/Scope Set.m4a
2025.07.14 15:45:40 core.webprofile      INFO     firefox brauzerindən cookies istifadə edilir.
2025.07.14 15:45:40 core.webprofile      INFO     Seçilmiş User-Agent: Mozilla/5.0 (iPhone; CPU iPhone OS 17_2 like Mac OS X) AppleWebKit/605.1.15 (KHTML, like Gecko) Version/17.2 Mobile/15E148 Safari/604.1
2025.07.14 15:45:46 core.spotify_handler INFO     Added Spotify thumbnail: https://i.scdn.co/image/ab67616d0000b273401a4acbb6573069fedd080a
2025.07.14 15:45:46 core.spotify_handler INFO     Metadata applied: download/download/Fuck Your Culture.m4a
2025.07.14 15:45:47 core.webprofile      INFO     firefox brauzerindən cookies istifadə edilir.
2025.07.14 15:45:47 core.webprofile      INFO     Seçilmiş User-Agent: Mozilla/5.0 (X11; Linux x86_64) AppleWebKit/537.36 (KHTML, like Gecko) Chrome/122.0.0.0 Safari/537.36
2025.07.14 15:45:53 core.spotify_handler INFO     Added Spotify thumbnail: https://i.scdn.co/image/ab67616d0000b273401a4acbb6573069fedd080a
2025.07.14 15:45:53 core.spotify_handler INFO     Metadata applied: download/download/...And To Those I Love, Thanks For Sticking Around.m4a
2025.07.14 15:45:55 core.webprofile      INFO     firefox brauzerindən cookies istifadə edilir.
2025.07.14 15:45:55 core.webprofile      INFO     Seçilmiş User-Agent: Mozilla/5.0 (Macintosh; Intel Mac OS X 10_15_7) AppleWebKit/537.36 (KHTML, like Gecko) Chrome/122.0.0.0 Safari/537.36
2025.07.14 15:46:01 core.spotify_handler INFO     Added Spotify thumbnail: https://i.scdn.co/image/ab67616d0000b273d94a142b2e52ba685acda090
2025.07.14 15:46:01 core.spotify_handler INFO     Metadata applied: download/download/What The Fuck Is Happening.m4a
2025.07.14 15:46:03 core.webprofile      INFO     firefox brauzerindən cookies istifadə edilir.
2025.07.14 15:46:03 core.webprofile      INFO     Seçilmiş User-Agent: Mozilla/5.0 (iPad; CPU OS 17_2 like Mac OS X) AppleWebKit/605.1.15 (KHTML, like Gecko) Version/17.2 Mobile/15E148 Safari/604.1
2025.07.14 15:46:08 core.spotify_handler INFO     Added Spotify thumbnail: https://i.scdn.co/image/ab67616d0000b273d94a142b2e52ba685acda090
2025.07.14 15:46:08 core.spotify_handler INFO     Metadata applied: download/download/All Dogs Go To Heaven.m4a
2025.07.14 15:46:10 core.webprofile      INFO     firefox brauzerindən cookies istifadə edilir.
2025.07.14 15:46:10 core.webprofile      INFO     Seçilmiş User-Agent: Mozilla/5.0 (iPhone; CPU iPhone OS 17_2 like Mac OS X) AppleWebKit/605.1.15 (KHTML, like Gecko) Version/17.2 Mobile/15E148 Safari/604.1
2025.07.14 15:46:16 core.spotify_handler INFO     Added Spotify thumbnail: https://i.scdn.co/image/ab67616d0000b273b341098a355ed2eb2ea10a0f
2025.07.14 15:46:16 core.spotify_handler INFO     Metadata applied: download/download/O Pana!.m4a
2025.07.14 15:46:18 core.webprofile      INFO     firefox brauzerindən cookies istifadə edilir.
2025.07.14 15:46:18 core.webprofile      INFO     Seçilmiş User-Agent: Mozilla/5.0 (Windows NT 10.0; Win64; x64; rv:120.0) Gecko/20100101 Firefox/120.0
2025.07.14 15:46:24 core.spotify_handler INFO     Added Spotify thumbnail: https://i.scdn.co/image/ab67616d0000b273d94a142b2e52ba685acda090
2025.07.14 15:46:24 core.spotify_handler INFO     Metadata applied: download/download/[whispers indistinctly].m4a
2025.07.14 15:46:26 core.webprofile      INFO     firefox brauzerindən cookies istifadə edilir.
2025.07.14 15:46:26 core.webprofile      INFO     Seçilmiş User-Agent: Mozilla/5.0 (iPad; CPU OS 17_2 like Mac OS X) AppleWebKit/605.1.15 (KHTML, like Gecko) Version/17.2 Mobile/15E148 Safari/604.1
2025.07.14 15:46:31 core.spotify_handler INFO     Added Spotify thumbnail: https://i.scdn.co/image/ab67616d0000b27337a2a9f2262545115c1dad2a
2025.07.14 15:46:31 core.spotify_handler INFO     Metadata applied: download/download/Runnin' Thru The 7th With My Woadies.m4a
2025.07.14 15:46:33 core.webprofile      INFO     firefox brauzerindən cookies istifadə edilir.
2025.07.14 15:46:33 core.webprofile      INFO     Seçilmiş User-Agent: Mozilla/5.0 (iPad; CPU OS 17_2 like Mac OS X) AppleWebKit/605.1.15 (KHTML, like Gecko) Version/17.2 Mobile/15E148 Safari/604.1
2025.07.14 15:46:39 core.spotify_handler INFO     Added Spotify thumbnail: https://i.scdn.co/image/ab67616d0000b273bbd2c3fb76c9c0e8aeca82ed
2025.07.14 15:46:39 core.spotify_handler INFO     Metadata applied: download/download/Mount Sinai.m4a
2025.07.14 15:46:41 core.webprofile      INFO     firefox brauzerindən cookies istifadə edilir.
2025.07.14 15:46:41 core.webprofile      INFO     Seçilmiş User-Agent: Mozilla/5.0 (iPhone; CPU iPhone OS 17_2 like Mac OS X) AppleWebKit/605.1.15 (KHTML, like Gecko) Version/17.2 Mobile/15E148 Safari/604.1
2025.07.14 15:46:48 core.spotify_handler INFO     Added Spotify thumbnail: https://i.scdn.co/image/ab67616d0000b27347fa4895a04fbb517fd42070
2025.07.14 15:46:48 core.spotify_handler INFO     Metadata applied: download/download/Mercury Retrograde.m4a
2025.07.14 15:46:50 core.webprofile      INFO     firefox brauzerindən cookies istifadə edilir.
2025.07.14 15:46:50 core.webprofile      INFO     Seçilmiş User-Agent: Mozilla/5.0 (Windows NT 10.0; Win64; x64) AppleWebKit/537.36 (KHTML, like Gecko) Edge/120.0.0.0 Safari/537.36
2025.07.14 15:46:55 core.spotify_handler INFO     Added Spotify thumbnail: https://i.scdn.co/image/ab67616d0000b2733ac6e7f8c2352ca560ecd6a0
2025.07.14 15:46:55 core.spotify_handler INFO     Metadata applied: download/download/1000 Rounds.m4a
2025.07.14 15:46:57 core.webprofile      INFO     firefox brauzerindən cookies istifadə edilir.
2025.07.14 15:46:57 core.webprofile      INFO     Seçilmiş User-Agent: Mozilla/5.0 (Windows NT 10.0; Win64; x64) AppleWebKit/537.36 (KHTML, like Gecko) Chrome/122.0.0.0 Safari/537.36
2025.07.14 15:47:04 core.spotify_handler INFO     Added Spotify thumbnail: https://i.scdn.co/image/ab67616d0000b273c45b16235992f5dffca1e705
2025.07.14 15:47:04 core.spotify_handler INFO     Metadata applied: download/download/Champion Of Death.m4a
2025.07.14 15:47:06 core.webprofile      INFO     firefox brauzerindən cookies istifadə edilir.
2025.07.14 15:47:06 core.webprofile      INFO     Seçilmiş User-Agent: Mozilla/5.0 (Macintosh; Intel Mac OS X 10_15_7) AppleWebKit/537.36 (KHTML, like Gecko) Chrome/122.0.0.0 Safari/537.36
2025.07.14 15:47:12 core.spotify_handler INFO     Added Spotify thumbnail: https://i.scdn.co/image/ab67616d0000b273c119fcb048a5f5aeda7013cd
2025.07.14 15:47:12 core.spotify_handler INFO     Metadata applied: download/download/LTE.m4a
2025.07.14 15:47:13 core.webprofile      INFO     firefox brauzerindən cookies istifadə edilir.
2025.07.14 15:47:13 core.webprofile      INFO     Seçilmiş User-Agent: Mozilla/5.0 (Windows NT 10.0; Win64; x64; rv:120.0) Gecko/20100101 Firefox/120.0
2025.07.14 15:47:20 core.spotify_handler INFO     Added Spotify thumbnail: https://i.scdn.co/image/ab67616d0000b273c473c3601726782b3596f618
2025.07.14 15:47:20 core.spotify_handler INFO     Metadata applied: download/download/My Flaws Burn Through My Skin Like Demonic Flames from Hell.m4a
2025.07.14 15:47:22 core.webprofile      INFO     firefox brauzerindən cookies istifadə edilir.
2025.07.14 15:47:22 core.webprofile      INFO     Seçilmiş User-Agent: Mozilla/5.0 (Windows NT 10.0; Win64; x64) AppleWebKit/537.36 (KHTML, like Gecko) Chrome/122.0.0.0 Safari/537.36
2025.07.14 15:47:28 core.spotify_handler INFO     Added Spotify thumbnail: https://i.scdn.co/image/ab67616d0000b273f5be1b7d71cd9fbfe482901f
2025.07.14 15:47:28 core.spotify_handler INFO     Metadata applied: download/download/You're Now Tuning Into 66.6 FM With DJ Rapture (The Hottest Hour Of The Evening).m4a
2025.07.14 15:47:30 core.webprofile      INFO     firefox brauzerindən cookies istifadə edilir.
2025.07.14 15:47:30 core.webprofile      INFO     Seçilmiş User-Agent: Mozilla/5.0 (Linux; Android 14; SM-G998B) AppleWebKit/537.36 (KHTML, like Gecko) Chrome/122.0.0.0 Mobile Safari/537.36
2025.07.14 15:47:36 core.spotify_handler INFO     Added Spotify thumbnail: https://i.scdn.co/image/ab67616d0000b273557427b9ef605c6d0ba5aa82
2025.07.14 15:47:36 core.spotify_handler INFO     Metadata applied: download/download/122 Days.m4a
2025.07.14 15:47:38 core.webprofile      INFO     firefox brauzerindən cookies istifadə edilir.
2025.07.14 15:47:38 core.webprofile      INFO     Seçilmiş User-Agent: Mozilla/5.0 (Linux; Android 14; SM-G998B) AppleWebKit/537.36 (KHTML, like Gecko) Chrome/122.0.0.0 Mobile Safari/537.36
2025.07.14 15:47:43 core.spotify_handler INFO     Added Spotify thumbnail: https://i.scdn.co/image/ab67616d0000b2732369f5b8009c36c0b17eda07
2025.07.14 15:47:43 core.spotify_handler INFO     Metadata applied: download/download/Dead Batteries.m4a
2025.07.14 15:47:46 core.webprofile      INFO     firefox brauzerindən cookies istifadə edilir.
2025.07.14 15:47:46 core.webprofile      INFO     Seçilmiş User-Agent: Mozilla/5.0 (iPhone; CPU iPhone OS 17_2 like Mac OS X) AppleWebKit/605.1.15 (KHTML, like Gecko) Version/17.2 Mobile/15E148 Safari/604.1
2025.07.14 15:47:51 core.spotify_handler INFO     Added Spotify thumbnail: https://i.scdn.co/image/ab67616d0000b273e3601da7362f23393ee64c25
2025.07.14 15:47:51 core.spotify_handler INFO     Metadata applied: download/download/Andromeda.m4a
2025.07.14 15:47:53 core.webprofile      INFO     firefox brauzerindən cookies istifadə edilir.
2025.07.14 15:47:53 core.webprofile      INFO     Seçilmiş User-Agent: Mozilla/5.0 (X11; Linux x86_64) AppleWebKit/537.36 (KHTML, like Gecko) Chrome/122.0.0.0 Safari/537.36
2025.07.14 15:47:59 core.spotify_handler INFO     Added Spotify thumbnail: https://i.scdn.co/image/ab67616d0000b273c119fcb048a5f5aeda7013cd
2025.07.14 15:47:59 core.spotify_handler INFO     Metadata applied: download/download/Gloss Of Blood.m4a
2025.07.14 15:48:01 core.webprofile      INFO     firefox brauzerindən cookies istifadə edilir.
2025.07.14 15:48:01 core.webprofile      INFO     Seçilmiş User-Agent: Mozilla/5.0 (iPad; CPU OS 17_2 like Mac OS X) AppleWebKit/605.1.15 (KHTML, like Gecko) Version/17.2 Mobile/15E148 Safari/604.1
2025.07.14 15:48:07 core.spotify_handler INFO     Added Spotify thumbnail: https://i.scdn.co/image/ab67616d0000b273073db1696c759ff88ddca5fe
2025.07.14 15:48:07 core.spotify_handler INFO     Metadata applied: download/download/I'm Done..m4a
2025.07.14 15:48:09 core.webprofile      INFO     firefox brauzerindən cookies istifadə edilir.
2025.07.14 15:48:09 core.webprofile      INFO     Seçilmiş User-Agent: Mozilla/5.0 (Windows NT 10.0; Win64; x64) AppleWebKit/537.36 (KHTML, like Gecko) Edge/120.0.0.0 Safari/537.36
2025.07.14 15:48:15 core.spotify_handler INFO     Added Spotify thumbnail: https://i.scdn.co/image/ab67616d0000b273bff95b656e8f1691d7c72c51
2025.07.14 15:48:15 core.spotify_handler INFO     Metadata applied: download/download/Obey The Walrus.m4a
2025.07.14 15:48:17 core.webprofile      INFO     firefox brauzerindən cookies istifadə edilir.
2025.07.14 15:48:17 core.webprofile      INFO     Seçilmiş User-Agent: Mozilla/5.0 (Windows NT 10.0; Win64; x64) AppleWebKit/537.36 (KHTML, like Gecko) Edge/120.0.0.0 Safari/537.36
2025.07.14 15:48:23 core.spotify_handler INFO     Added Spotify thumbnail: https://i.scdn.co/image/ab67616d0000b273be1de2bdcb83dc9751939d3b
2025.07.14 15:48:23 core.spotify_handler INFO     Metadata applied: download/download/Sarcophagus III.m4a
2025.07.14 15:48:25 core.webprofile      INFO     firefox brauzerindən cookies istifadə edilir.
2025.07.14 15:48:25 core.webprofile      INFO     Seçilmiş User-Agent: Mozilla/5.0 (iPhone; CPU iPhone OS 17_2 like Mac OS X) AppleWebKit/605.1.15 (KHTML, like Gecko) Version/17.2 Mobile/15E148 Safari/604.1
2025.07.14 15:48:31 core.spotify_handler INFO     Added Spotify thumbnail: https://i.scdn.co/image/ab67616d0000b273b341098a355ed2eb2ea10a0f
2025.07.14 15:48:31 core.spotify_handler INFO     Metadata applied: download/download/Say Cheese And Die.m4a
2025.07.14 15:48:32 core.webprofile      INFO     firefox brauzerindən cookies istifadə edilir.
2025.07.14 15:48:32 core.webprofile      INFO     Seçilmiş User-Agent: Mozilla/5.0 (Windows NT 10.0; Win64; x64) AppleWebKit/537.36 (KHTML, like Gecko) Edge/120.0.0.0 Safari/537.36
2025.07.14 15:48:38 core.spotify_handler INFO     Added Spotify thumbnail: https://i.scdn.co/image/ab67616d0000b273557427b9ef605c6d0ba5aa82
2025.07.14 15:48:38 core.spotify_handler INFO     Metadata applied: download/download/10,000 Degrees.m4a
2025.07.14 15:48:40 core.webprofile      INFO     firefox brauzerindən cookies istifadə edilir.
2025.07.14 15:48:40 core.webprofile      INFO     Seçilmiş User-Agent: Mozilla/5.0 (Windows NT 10.0; Win64; x64; rv:120.0) Gecko/20100101 Firefox/120.0
2025.07.14 15:48:48 plugins.youtube_plugin INFO     User 7570255525 cancelled download
2025.07.14 15:48:48 aiogram.event        INFO     Update id=708350377 is handled. Duration 5124 ms by bot id=7599030242
2025.07.14 15:49:06 aiogram.event        INFO     Update id=708350378 is handled. Duration 1 ms by bot id=7599030242
2025.07.14 15:49:06 core.spotify_handler INFO     Fetching track data: 2epb7CVPmPXRvCzuPB9nEc
2025.07.14 15:49:06 core.webprofile      INFO     firefox brauzerindən cookies istifadə edilir.
2025.07.14 15:49:06 core.webprofile      INFO     Seçilmiş User-Agent: Mozilla/5.0 (Windows NT 10.0; Win64; x64; rv:120.0) Gecko/20100101 Firefox/120.0
2025.07.14 15:49:12 core.spotify_handler INFO     Added Spotify thumbnail: https://i.scdn.co/image/ab67616d0000b27325619fa7aa943ecc3ec4d3a7
2025.07.14 15:49:12 core.spotify_handler INFO     Metadata applied: download/download/Candan Keçer.m4a
2025.07.14 15:50:07 aiogram.event        INFO     Update id=708350379 is handled. Duration 119 ms by bot id=7599030242
2025.07.14 15:50:07 core.spotify_handler INFO     Fetching playlist data: 3s4RBiRlr5LDzJ9uDeSqAI
2025.07.14 15:50:09 aiogram.event        INFO     Update id=708350380 is not handled. Duration 2 ms by bot id=7599030242
2025.07.14 15:50:10 core.webprofile      INFO     firefox brauzerindən cookies istifadə edilir.
2025.07.14 15:50:10 core.webprofile      INFO     Seçilmiş User-Agent: Mozilla/5.0 (iPad; CPU OS 17_2 like Mac OS X) AppleWebKit/605.1.15 (KHTML, like Gecko) Version/17.2 Mobile/15E148 Safari/604.1
2025.07.14 15:50:16 core.spotify_handler INFO     Added Spotify thumbnail: https://i.scdn.co/image/ab67616d0000b273a4f76737a62c234f666a2b4b
2025.07.14 15:50:16 core.spotify_handler INFO     Metadata applied: download/download/DOĞUŞTAN BERİ HAKLIYIM (tmm).m4a
2025.07.14 15:50:18 core.webprofile      INFO     firefox brauzerindən cookies istifadə edilir.
2025.07.14 15:50:18 core.webprofile      INFO     Seçilmiş User-Agent: Mozilla/5.0 (X11; Ubuntu; Linux x86_64; rv:120.0) Gecko/20100101 Firefox/120.0
2025.07.14 15:50:24 core.spotify_handler INFO     Added Spotify thumbnail: https://i.scdn.co/image/ab67616d0000b273bde27f666d136d4c7e6e71a9
2025.07.14 15:50:24 core.spotify_handler INFO     Metadata applied: download/download/nE !.m4a
2025.07.14 15:50:26 core.webprofile      INFO     firefox brauzerindən cookies istifadə edilir.
2025.07.14 15:50:26 core.webprofile      INFO     Seçilmiş User-Agent: Mozilla/5.0 (X11; Ubuntu; Linux x86_64; rv:120.0) Gecko/20100101 Firefox/120.0
2025.07.14 15:50:31 core.spotify_handler INFO     Added Spotify thumbnail: https://i.scdn.co/image/ab67616d0000b273bde27f666d136d4c7e6e71a9
2025.07.14 15:50:31 core.spotify_handler INFO     Metadata applied: download/download/Sezen Aksu.m4a
2025.07.14 15:50:33 core.webprofile      INFO     firefox brauzerindən cookies istifadə edilir.
2025.07.14 15:50:33 core.webprofile      INFO     Seçilmiş User-Agent: Mozilla/5.0 (Windows NT 10.0; Win64; x64; rv:120.0) Gecko/20100101 Firefox/120.0
2025.07.14 15:50:39 core.spotify_handler INFO     Added Spotify thumbnail: https://i.scdn.co/image/ab67616d0000b27388d71aadd009fe1a83df88f2
2025.07.14 15:50:39 core.spotify_handler INFO     Metadata applied: download/download/(It Goes Like) Nanana - Edit.m4a
2025.07.14 15:50:41 core.webprofile      INFO     firefox brauzerindən cookies istifadə edilir.
2025.07.14 15:50:41 core.webprofile      INFO     Seçilmiş User-Agent: Mozilla/5.0 (Windows NT 10.0; Win64; x64) AppleWebKit/537.36 (KHTML, like Gecko) Chrome/122.0.0.0 Safari/537.36
2025.07.14 15:50:47 core.spotify_handler INFO     Added Spotify thumbnail: https://i.scdn.co/image/ab67616d0000b2739b18753eb7552e25b7f134c4
2025.07.14 15:50:47 core.spotify_handler INFO     Metadata applied: download/download/You & Me - Rivo Remix.m4a
2025.07.14 15:50:49 core.webprofile      INFO     firefox brauzerindən cookies istifadə edilir.
2025.07.14 15:50:49 core.webprofile      INFO     Seçilmiş User-Agent: Mozilla/5.0 (Windows NT 10.0; Win64; x64) AppleWebKit/537.36 (KHTML, like Gecko) Edge/120.0.0.0 Safari/537.36
2025.07.14 15:50:55 core.spotify_handler INFO     Added Spotify thumbnail: https://i.scdn.co/image/ab67616d0000b2734c5b11b3f4b0d1b80112dc04
2025.07.14 15:50:55 core.spotify_handler INFO     Metadata applied: download/download/Move.m4a
2025.07.14 15:50:57 core.webprofile      INFO     firefox brauzerindən cookies istifadə edilir.
2025.07.14 15:50:57 core.webprofile      INFO     Seçilmiş User-Agent: Mozilla/5.0 (Linux; Android 14; SM-G998B) AppleWebKit/537.36 (KHTML, like Gecko) Chrome/122.0.0.0 Mobile Safari/537.36
2025.07.14 15:51:03 core.spotify_handler INFO     Added Spotify thumbnail: https://i.scdn.co/image/ab67616d0000b2738fd3c22f52c13046cb2b30ce
2025.07.14 15:51:03 core.spotify_handler INFO     Metadata applied: download/download/JAPANESE STUTTER.m4a
2025.07.14 15:51:06 core.webprofile      INFO     firefox brauzerindən cookies istifadə edilir.
2025.07.14 15:51:06 core.webprofile      INFO     Seçilmiş User-Agent: Mozilla/5.0 (iPad; CPU OS 17_2 like Mac OS X) AppleWebKit/605.1.15 (KHTML, like Gecko) Version/17.2 Mobile/15E148 Safari/604.1
2025.07.14 15:51:11 core.spotify_handler INFO     Added Spotify thumbnail: https://i.scdn.co/image/ab67616d0000b273046527a9c176f7c2916f3530
2025.07.14 15:51:11 core.spotify_handler INFO     Metadata applied: download/download/No Limit.m4a
2025.07.14 15:51:13 core.webprofile      INFO     firefox brauzerindən cookies istifadə edilir.
2025.07.14 15:51:13 core.webprofile      INFO     Seçilmiş User-Agent: Mozilla/5.0 (Windows NT 10.0; Win64; x64; rv:120.0) Gecko/20100101 Firefox/120.0
2025.07.14 15:51:18 core.spotify_handler INFO     Added Spotify thumbnail: https://i.scdn.co/image/ab67616d0000b2730db43130a9aaa7bae56967ed
2025.07.14 15:51:18 core.spotify_handler INFO     Metadata applied: download/download/Ric Flair Drip (with Metro Boomin).m4a
2025.07.14 15:51:20 core.webprofile      INFO     firefox brauzerindən cookies istifadə edilir.
2025.07.14 15:51:20 core.webprofile      INFO     Seçilmiş User-Agent: Mozilla/5.0 (Windows NT 10.0; Win64; x64) AppleWebKit/537.36 (KHTML, like Gecko) Edge/120.0.0.0 Safari/537.36
2025.07.14 15:51:25 core.spotify_handler INFO     Added Spotify thumbnail: https://i.scdn.co/image/ab67616d0000b27371af28545729f60b3eca66f7
2025.07.14 15:51:25 core.spotify_handler INFO     Metadata applied: download/download/Look At Me!.m4a
2025.07.14 15:51:27 core.webprofile      INFO     firefox brauzerindən cookies istifadə edilir.
2025.07.14 15:51:27 core.webprofile      INFO     Seçilmiş User-Agent: Mozilla/5.0 (Windows NT 10.0; Win64; x64) AppleWebKit/537.36 (KHTML, like Gecko) Edge/120.0.0.0 Safari/537.36
2025.07.14 15:51:33 core.spotify_handler INFO     Added Spotify thumbnail: https://i.scdn.co/image/ab67616d0000b27362a57823eced1cb4fd93b2c1
2025.07.14 15:51:33 core.spotify_handler INFO     Metadata applied: download/download/Invincible.m4a
2025.07.14 15:51:34 core.webprofile      INFO     firefox brauzerindən cookies istifadə edilir.
2025.07.14 15:51:34 core.webprofile      INFO     Seçilmiş User-Agent: Mozilla/5.0 (X11; Linux x86_64) AppleWebKit/537.36 (KHTML, like Gecko) Chrome/122.0.0.0 Safari/537.36
2025.07.14 15:51:40 core.spotify_handler INFO     Added Spotify thumbnail: https://i.scdn.co/image/ab67616d0000b273881d8d8378cd01099babcd44
2025.07.14 15:51:40 core.spotify_handler INFO     Metadata applied: download/download/FE!N (feat. Playboi Carti).m4a
2025.07.14 15:51:42 core.webprofile      INFO     firefox brauzerindən cookies istifadə edilir.
2025.07.14 15:51:42 core.webprofile      INFO     Seçilmiş User-Agent: Mozilla/5.0 (X11; Ubuntu; Linux x86_64; rv:120.0) Gecko/20100101 Firefox/120.0
2025.07.14 15:51:48 core.spotify_handler INFO     Added Spotify thumbnail: https://i.scdn.co/image/ab67616d0000b2736a922a01d3fb1c53873b1f9d
2025.07.14 15:51:48 core.spotify_handler INFO     Metadata applied: download/download/MONTAGEM - PR FUNK.m4a
2025.07.14 15:51:50 core.webprofile      INFO     firefox brauzerindən cookies istifadə edilir.
2025.07.14 15:51:50 core.webprofile      INFO     Seçilmiş User-Agent: Mozilla/5.0 (Windows NT 10.0; Win64; x64) AppleWebKit/537.36 (KHTML, like Gecko) Edge/120.0.0.0 Safari/537.36
2025.07.14 15:51:56 core.spotify_handler INFO     Added Spotify thumbnail: https://i.scdn.co/image/ab67616d0000b2739bcb1135b66d48279448478a
2025.07.14 15:51:56 core.spotify_handler INFO     Metadata applied: download/download/Brazilian Phonk Mano.m4a
2025.07.14 15:51:58 core.webprofile      INFO     firefox brauzerindən cookies istifadə edilir.
2025.07.14 15:51:58 core.webprofile      INFO     Seçilmiş User-Agent: Mozilla/5.0 (Windows NT 10.0; Win64; x64) AppleWebKit/537.36 (KHTML, like Gecko) Edge/120.0.0.0 Safari/537.36
2025.07.14 15:52:06 core.spotify_handler INFO     Added Spotify thumbnail: https://i.scdn.co/image/ab67616d0000b273418f3e30e528a760e8bbf721
2025.07.14 15:52:06 core.spotify_handler INFO     Metadata applied: download/download/Mega Trepa Trepa Das Sombras.m4a
2025.07.14 15:52:08 core.webprofile      INFO     firefox brauzerindən cookies istifadə edilir.
2025.07.14 15:52:08 core.webprofile      INFO     Seçilmiş User-Agent: Mozilla/5.0 (Linux; Android 14; Pixel 8 Pro) AppleWebKit/537.36 (KHTML, like Gecko) Chrome/122.0.0.0 Mobile Safari/537.36
2025.07.14 15:52:14 core.spotify_handler INFO     Added Spotify thumbnail: https://i.scdn.co/image/ab67616d0000b273eda5028e9616b3f8f5a612ae
2025.07.14 15:52:14 core.spotify_handler INFO     Metadata applied: download/download/Ele Te Bota Soca Soca.m4a
2025.07.14 15:52:15 core.webprofile      INFO     firefox brauzerindən cookies istifadə edilir.
2025.07.14 15:52:15 core.webprofile      INFO     Seçilmiş User-Agent: Mozilla/5.0 (iPhone; CPU iPhone OS 17_2 like Mac OS X) AppleWebKit/605.1.15 (KHTML, like Gecko) Version/17.2 Mobile/15E148 Safari/604.1
2025.07.14 15:52:22 core.spotify_handler INFO     Added Spotify thumbnail: https://i.scdn.co/image/ab67616d0000b273a03a119d2adb25e05b6042c3
2025.07.14 15:52:22 core.spotify_handler INFO     Metadata applied: download/download/World Hold On (Children Of The Sky) - FISHER Rework.m4a
2025.07.14 15:52:24 core.webprofile      INFO     firefox brauzerindən cookies istifadə edilir.
2025.07.14 15:52:24 core.webprofile      INFO     Seçilmiş User-Agent: Mozilla/5.0 (iPhone; CPU iPhone OS 17_2 like Mac OS X) AppleWebKit/605.1.15 (KHTML, like Gecko) Version/17.2 Mobile/15E148 Safari/604.1
2025.07.14 15:52:30 core.spotify_handler INFO     Added Spotify thumbnail: https://i.scdn.co/image/ab67616d0000b27326a78d06000a9e1587060226
2025.07.14 15:52:30 core.spotify_handler INFO     Metadata applied: download/download/line.m4a
2025.07.14 15:52:32 core.webprofile      INFO     firefox brauzerindən cookies istifadə edilir.
2025.07.14 15:52:32 core.webprofile      INFO     Seçilmiş User-Agent: Mozilla/5.0 (Linux; Android 14; SM-G998B) AppleWebKit/537.36 (KHTML, like Gecko) Chrome/122.0.0.0 Mobile Safari/537.36
2025.07.14 15:52:38 core.spotify_handler INFO     Added Spotify thumbnail: https://i.scdn.co/image/ab67616d0000b273e9e92a423d707d6d383fce1a
2025.07.14 15:52:38 core.spotify_handler INFO     Metadata applied: download/download/La Verdolaga (feat. Totó La Momposina).m4a
2025.07.14 15:52:40 core.webprofile      INFO     firefox brauzerindən cookies istifadə edilir.
2025.07.14 15:52:40 core.webprofile      INFO     Seçilmiş User-Agent: Mozilla/5.0 (Macintosh; Intel Mac OS X 10_15_7) AppleWebKit/537.36 (KHTML, like Gecko) Chrome/122.0.0.0 Safari/537.36
2025.07.14 15:52:47 core.spotify_handler INFO     Added Spotify thumbnail: https://i.scdn.co/image/ab67616d0000b2736705e3704ecf8ef96d61c806
2025.07.14 15:52:47 core.spotify_handler INFO     Metadata applied: download/download/КАК MOMMY.m4a
2025.07.14 15:52:49 core.webprofile      INFO     firefox brauzerindən cookies istifadə edilir.
2025.07.14 15:52:49 core.webprofile      INFO     Seçilmiş User-Agent: Mozilla/5.0 (Linux; Android 14; Pixel 8 Pro) AppleWebKit/537.36 (KHTML, like Gecko) Chrome/122.0.0.0 Mobile Safari/537.36
2025.07.14 15:52:56 core.spotify_handler INFO     Added Spotify thumbnail: https://i.scdn.co/image/ab67616d0000b273bf6881774c898127fedd0277
2025.07.14 15:52:56 core.spotify_handler INFO     Metadata applied: download/download/Hey Sexy Lady.m4a
2025.07.14 15:52:58 core.webprofile      INFO     firefox brauzerindən cookies istifadə edilir.
2025.07.14 15:52:58 core.webprofile      INFO     Seçilmiş User-Agent: Mozilla/5.0 (Linux; Android 14; SM-G998B) AppleWebKit/537.36 (KHTML, like Gecko) Chrome/122.0.0.0 Mobile Safari/537.36
2025.07.14 15:53:05 core.spotify_handler INFO     Added Spotify thumbnail: https://i.scdn.co/image/ab67616d0000b273d15646e5b7785369d305f1e7
2025.07.14 15:53:05 core.spotify_handler INFO     Metadata applied: download/download/Go Down Deh (feat. Sean Paul & Shaggy).m4a
2025.07.14 15:53:07 core.webprofile      INFO     firefox brauzerindən cookies istifadə edilir.
2025.07.14 15:53:07 core.webprofile      INFO     Seçilmiş User-Agent: Mozilla/5.0 (X11; Ubuntu; Linux x86_64; rv:120.0) Gecko/20100101 Firefox/120.0
2025.07.14 15:53:13 core.spotify_handler INFO     Added Spotify thumbnail: https://i.scdn.co/image/ab67616d0000b27326d73ab8423a350faa5d395a
2025.07.14 15:53:13 core.spotify_handler INFO     Metadata applied: download/download/Hotel Room Service (feat. Nicole Scherzinger) - Remix.m4a
2025.07.14 15:53:15 core.webprofile      INFO     firefox brauzerindən cookies istifadə edilir.
2025.07.14 15:53:15 core.webprofile      INFO     Seçilmiş User-Agent: Mozilla/5.0 (Macintosh; Intel Mac OS X 10_15_7) AppleWebKit/537.36 (KHTML, like Gecko) Chrome/122.0.0.0 Safari/537.36
2025.07.14 15:53:21 core.spotify_handler INFO     Added Spotify thumbnail: https://i.scdn.co/image/ab67616d0000b273a511f69870fa68e7ba78c099
2025.07.14 15:53:21 core.spotify_handler INFO     Metadata applied: download/download/I Know You Want Me (Calle Ocho).m4a
2025.07.14 15:53:23 core.webprofile      INFO     firefox brauzerindən cookies istifadə edilir.
2025.07.14 15:53:23 core.webprofile      INFO     Seçilmiş User-Agent: Mozilla/5.0 (Linux; Android 14; SM-G998B) AppleWebKit/537.36 (KHTML, like Gecko) Chrome/122.0.0.0 Mobile Safari/537.36
2025.07.14 15:53:29 core.spotify_handler INFO     Added Spotify thumbnail: https://i.scdn.co/image/ab67616d0000b273e13de7b8662b085b0885ffef
2025.07.14 15:53:29 core.spotify_handler INFO     Metadata applied: download/download/Diva.m4a
2025.07.14 15:53:31 core.webprofile      INFO     firefox brauzerindən cookies istifadə edilir.
2025.07.14 15:53:31 core.webprofile      INFO     Seçilmiş User-Agent: Mozilla/5.0 (iPhone; CPU iPhone OS 17_2 like Mac OS X) AppleWebKit/605.1.15 (KHTML, like Gecko) Version/17.2 Mobile/15E148 Safari/604.1
2025.07.14 15:53:37 core.spotify_handler INFO     Added Spotify thumbnail: https://i.scdn.co/image/ab67616d0000b273d7b2aa3834b82b1cbe899a48
2025.07.14 15:53:37 core.spotify_handler INFO     Metadata applied: download/download/On The Floor.m4a
2025.07.14 15:53:39 core.webprofile      INFO     firefox brauzerindən cookies istifadə edilir.
2025.07.14 15:53:39 core.webprofile      INFO     Seçilmiş User-Agent: Mozilla/5.0 (Windows NT 10.0; Win64; x64) AppleWebKit/537.36 (KHTML, like Gecko) Edge/120.0.0.0 Safari/537.36
2025.07.14 15:53:46 core.spotify_handler INFO     Added Spotify thumbnail: https://i.scdn.co/image/ab67616d0000b27327ddd747545c0d0cfe7595fa
2025.07.14 15:53:46 core.spotify_handler INFO     Metadata applied: download/download/Hips Don't Lie (feat. Wyclef Jean).m4a
2025.07.14 15:53:48 core.webprofile      INFO     firefox brauzerindən cookies istifadə edilir.
2025.07.14 15:53:48 core.webprofile      INFO     Seçilmiş User-Agent: Mozilla/5.0 (X11; Linux x86_64) AppleWebKit/537.36 (KHTML, like Gecko) Chrome/122.0.0.0 Safari/537.36
2025.07.14 15:53:55 core.spotify_handler INFO     Added Spotify thumbnail: https://i.scdn.co/image/ab67616d0000b273ec4047186ffa268d8f8e039d
2025.07.14 15:53:55 core.spotify_handler INFO     Metadata applied: download/download/The Cha Cha - DJ Goozo & DJ Martin G Remix.m4a
2025.07.14 15:53:57 core.webprofile      INFO     firefox brauzerindən cookies istifadə edilir.
2025.07.14 15:53:57 core.webprofile      INFO     Seçilmiş User-Agent: Mozilla/5.0 (X11; Ubuntu; Linux x86_64; rv:120.0) Gecko/20100101 Firefox/120.0
2025.07.14 15:54:04 core.spotify_handler INFO     Added Spotify thumbnail: https://i.scdn.co/image/ab67616d0000b273bc213ea5ccffe4b937455179
2025.07.14 15:54:04 core.spotify_handler INFO     Metadata applied: download/download/Alors On Danse - DubDogz Remix.m4a
2025.07.14 15:54:06 core.webprofile      INFO     firefox brauzerindən cookies istifadə edilir.
2025.07.14 15:54:06 core.webprofile      INFO     Seçilmiş User-Agent: Mozilla/5.0 (Windows NT 10.0; Win64; x64) AppleWebKit/537.36 (KHTML, like Gecko) Chrome/122.0.0.0 Safari/537.36
2025.07.14 15:54:13 core.spotify_handler INFO     Added Spotify thumbnail: https://i.scdn.co/image/ab67616d0000b273bd6dc7e1dde3d7075ad625c4
2025.07.14 15:54:13 core.spotify_handler INFO     Metadata applied: download/download/Bella ciao - HUGEL Remix.m4a
2025.07.14 15:54:15 core.webprofile      INFO     firefox brauzerindən cookies istifadə edilir.
2025.07.14 15:54:15 core.webprofile      INFO     Seçilmiş User-Agent: Mozilla/5.0 (Windows NT 10.0; Win64; x64) AppleWebKit/537.36 (KHTML, like Gecko) Edge/120.0.0.0 Safari/537.36
2025.07.14 15:54:22 core.spotify_handler INFO     Added Spotify thumbnail: https://i.scdn.co/image/ab67616d0000b27309cc159522286853002767e6
2025.07.14 15:54:22 core.spotify_handler INFO     Metadata applied: download/download/Calabria 2008.m4a
2025.07.14 15:54:24 core.webprofile      INFO     firefox brauzerindən cookies istifadə edilir.
2025.07.14 15:54:24 core.webprofile      INFO     Seçilmiş User-Agent: Mozilla/5.0 (Windows NT 10.0; Win64; x64) AppleWebKit/537.36 (KHTML, like Gecko) Chrome/122.0.0.0 Safari/537.36
2025.07.14 15:54:30 core.spotify_handler INFO     Added Spotify thumbnail: https://i.scdn.co/image/ab67616d0000b273d41866c3d31cbb1e7e8d6af0
2025.07.14 15:54:30 core.spotify_handler INFO     Metadata applied: download/download/Hotel Room Service.m4a
2025.07.14 15:54:32 core.webprofile      INFO     firefox brauzerindən cookies istifadə edilir.
2025.07.14 15:54:32 core.webprofile      INFO     Seçilmiş User-Agent: Mozilla/5.0 (iPhone; CPU iPhone OS 17_2 like Mac OS X) AppleWebKit/605.1.15 (KHTML, like Gecko) Version/17.2 Mobile/15E148 Safari/604.1
2025.07.14 15:54:39 core.spotify_handler INFO     Added Spotify thumbnail: https://i.scdn.co/image/ab67616d0000b273d4c273fe23a0950d7ac9fce2
2025.07.14 15:54:39 core.spotify_handler INFO     Metadata applied: download/download/Danza Kuduro.m4a
2025.07.14 15:54:41 core.webprofile      INFO     firefox brauzerindən cookies istifadə edilir.
2025.07.14 15:54:41 core.webprofile      INFO     Seçilmiş User-Agent: Mozilla/5.0 (X11; Linux x86_64) AppleWebKit/537.36 (KHTML, like Gecko) Chrome/122.0.0.0 Safari/537.36
2025.07.14 15:54:48 core.spotify_handler INFO     Added Spotify thumbnail: https://i.scdn.co/image/ab67616d0000b273dbe45fee4e36211b4bf8de71
2025.07.14 15:54:48 core.spotify_handler INFO     Metadata applied: download/download/Move Your Body.m4a
2025.07.14 15:54:50 core.webprofile      INFO     firefox brauzerindən cookies istifadə edilir.
2025.07.14 15:54:50 core.webprofile      INFO     Seçilmiş User-Agent: Mozilla/5.0 (Macintosh; Intel Mac OS X 10_15_7) AppleWebKit/537.36 (KHTML, like Gecko) Chrome/122.0.0.0 Safari/537.36
2025.07.14 15:54:56 core.spotify_handler INFO     Added Spotify thumbnail: https://i.scdn.co/image/ab67616d0000b273bcfabb3be72f40ecdaef803c
2025.07.14 15:54:56 core.spotify_handler INFO     Metadata applied: download/download/Jump & Sweat (feat. Sanjin).m4a
2025.07.14 15:54:58 core.webprofile      INFO     firefox brauzerindən cookies istifadə edilir.
2025.07.14 15:54:58 core.webprofile      INFO     Seçilmiş User-Agent: Mozilla/5.0 (iPad; CPU OS 17_2 like Mac OS X) AppleWebKit/605.1.15 (KHTML, like Gecko) Version/17.2 Mobile/15E148 Safari/604.1
2025.07.14 15:55:07 core.spotify_handler INFO     Added Spotify thumbnail: https://i.scdn.co/image/ab67616d0000b27321e853e1842e5d88afb826cb
2025.07.14 15:55:07 core.spotify_handler INFO     Metadata applied: download/download/BU GECE BANA GELMEN GEREKLI.m4a
2025.07.14 15:55:08 core.webprofile      INFO     firefox brauzerindən cookies istifadə edilir.
2025.07.14 15:55:09 core.webprofile      INFO     Seçilmiş User-Agent: Mozilla/5.0 (X11; Ubuntu; Linux x86_64; rv:120.0) Gecko/20100101 Firefox/120.0
2025.07.14 15:55:15 core.spotify_handler INFO     Added Spotify thumbnail: https://i.scdn.co/image/ab67616d0000b2732a4809c15e25b5e4689ebe3d
2025.07.14 15:55:15 core.spotify_handler INFO     Metadata applied: download/download/please don't stop.m4a
2025.07.14 15:55:17 core.webprofile      INFO     firefox brauzerindən cookies istifadə edilir.
2025.07.14 15:55:17 core.webprofile      INFO     Seçilmiş User-Agent: Mozilla/5.0 (Windows NT 10.0; Win64; x64) AppleWebKit/537.36 (KHTML, like Gecko) Chrome/122.0.0.0 Safari/537.36
2025.07.14 15:55:23 core.spotify_handler INFO     Added Spotify thumbnail: https://i.scdn.co/image/ab67616d0000b273c393a1f9d9694f9db6ddcaa0
2025.07.14 15:55:23 core.spotify_handler INFO     Metadata applied: download/download/Sleepwalker.m4a
2025.07.14 15:55:25 core.webprofile      INFO     firefox brauzerindən cookies istifadə edilir.
2025.07.14 15:55:25 core.webprofile      INFO     Seçilmiş User-Agent: Mozilla/5.0 (Linux; Android 14; SM-G998B) AppleWebKit/537.36 (KHTML, like Gecko) Chrome/122.0.0.0 Mobile Safari/537.36
2025.07.14 15:55:31 core.spotify_handler INFO     Added Spotify thumbnail: https://i.scdn.co/image/ab67616d0000b273950f7331fd1264012cc22cd0
2025.07.14 15:55:31 core.spotify_handler INFO     Metadata applied: download/download/Just A Lil Bit.m4a
2025.07.14 15:55:34 core.webprofile      INFO     firefox brauzerindən cookies istifadə edilir.
2025.07.14 15:55:34 core.webprofile      INFO     Seçilmiş User-Agent: Mozilla/5.0 (X11; Ubuntu; Linux x86_64; rv:120.0) Gecko/20100101 Firefox/120.0
2025.07.14 15:55:41 core.spotify_handler INFO     Added Spotify thumbnail: https://i.scdn.co/image/ab67616d0000b2732acf8c820a360269715b2d6e
2025.07.14 15:55:41 core.spotify_handler INFO     Metadata applied: download/download/Empathy.m4a
2025.07.14 15:55:43 core.webprofile      INFO     firefox brauzerindən cookies istifadə edilir.
2025.07.14 15:55:43 core.webprofile      INFO     Seçilmiş User-Agent: Mozilla/5.0 (iPhone; CPU iPhone OS 17_2 like Mac OS X) AppleWebKit/605.1.15 (KHTML, like Gecko) Version/17.2 Mobile/15E148 Safari/604.1
2025.07.14 15:55:49 core.spotify_handler INFO     Added Spotify thumbnail: https://i.scdn.co/image/ab67616d0000b273774f38d20ea492970bbd7ad9
2025.07.14 15:55:49 core.spotify_handler INFO     Metadata applied: download/download/Satisfaction.m4a
2025.07.14 15:55:51 core.webprofile      INFO     firefox brauzerindən cookies istifadə edilir.
2025.07.14 15:55:51 core.webprofile      INFO     Seçilmiş User-Agent: Mozilla/5.0 (X11; Linux x86_64) AppleWebKit/537.36 (KHTML, like Gecko) Chrome/122.0.0.0 Safari/537.36
2025.07.14 15:55:57 core.spotify_handler INFO     Added Spotify thumbnail: https://i.scdn.co/image/ab67616d0000b2737c14840975138919cbc48840
2025.07.14 15:55:57 core.spotify_handler INFO     Metadata applied: download/download/Bırak Beni.m4a
2025.07.14 15:55:59 core.webprofile      INFO     firefox brauzerindən cookies istifadə edilir.
2025.07.14 15:55:59 core.webprofile      INFO     Seçilmiş User-Agent: Mozilla/5.0 (Linux; Android 14; Pixel 8 Pro) AppleWebKit/537.36 (KHTML, like Gecko) Chrome/122.0.0.0 Mobile Safari/537.36
2025.07.14 15:56:07 core.spotify_handler INFO     Added Spotify thumbnail: https://i.scdn.co/image/ab67616d0000b273393fe1aa705fe9d486155849
2025.07.14 15:56:07 core.spotify_handler INFO     Metadata applied: download/download/Dale Don Dale.m4a
2025.07.14 15:56:09 core.webprofile      INFO     firefox brauzerindən cookies istifadə edilir.
2025.07.14 15:56:09 core.webprofile      INFO     Seçilmiş User-Agent: Mozilla/5.0 (X11; Ubuntu; Linux x86_64; rv:120.0) Gecko/20100101 Firefox/120.0
2025.07.14 15:56:15 core.spotify_handler INFO     Added Spotify thumbnail: https://i.scdn.co/image/ab67616d0000b2738fe5d04b06aff90f9fe796f5
2025.07.14 15:56:15 core.spotify_handler INFO     Metadata applied: download/download/Dior.m4a
2025.07.14 15:56:17 core.webprofile      INFO     firefox brauzerindən cookies istifadə edilir.
2025.07.14 15:56:17 core.webprofile      INFO     Seçilmiş User-Agent: Mozilla/5.0 (iPad; CPU OS 17_2 like Mac OS X) AppleWebKit/605.1.15 (KHTML, like Gecko) Version/17.2 Mobile/15E148 Safari/604.1
2025.07.14 15:56:23 core.spotify_handler INFO     Added Spotify thumbnail: https://i.scdn.co/image/ab67616d0000b273e7d8310627e8685fda7bdf5f
2025.07.14 15:56:23 core.spotify_handler INFO     Metadata applied: download/download/Cola - Mixed.m4a
2025.07.14 15:56:25 core.webprofile      INFO     firefox brauzerindən cookies istifadə edilir.
2025.07.14 15:56:25 core.webprofile      INFO     Seçilmiş User-Agent: Mozilla/5.0 (X11; Ubuntu; Linux x86_64; rv:120.0) Gecko/20100101 Firefox/120.0
2025.07.14 15:56:33 core.spotify_handler INFO     Added Spotify thumbnail: https://i.scdn.co/image/ab67616d0000b273e38a709cd318e591edf7abbc
2025.07.14 15:56:33 core.spotify_handler INFO     Metadata applied: download/download/Adelante - Radio Edit.m4a
2025.07.14 15:56:34 core.webprofile      INFO     firefox brauzerindən cookies istifadə edilir.
2025.07.14 15:56:34 core.webprofile      INFO     Seçilmiş User-Agent: Mozilla/5.0 (Macintosh; Intel Mac OS X 10_15_7) AppleWebKit/537.36 (KHTML, like Gecko) Chrome/122.0.0.0 Safari/537.36
2025.07.14 15:56:41 core.spotify_handler INFO     Added Spotify thumbnail: https://i.scdn.co/image/ab67616d0000b273098c2746d752144586904ad1
2025.07.14 15:56:41 core.spotify_handler INFO     Metadata applied: download/download/Pa Que Tiemble Rkt.m4a
2025.07.14 15:56:43 core.webprofile      INFO     firefox brauzerindən cookies istifadə edilir.
2025.07.14 15:56:43 core.webprofile      INFO     Seçilmiş User-Agent: Mozilla/5.0 (Macintosh; Intel Mac OS X 10_15_7) AppleWebKit/537.36 (KHTML, like Gecko) Chrome/122.0.0.0 Safari/537.36
2025.07.14 15:56:50 core.spotify_handler INFO     Added Spotify thumbnail: https://i.scdn.co/image/ab67616d0000b273a8d1ba267cb99961dc750e9d
2025.07.14 15:56:50 core.spotify_handler INFO     Metadata applied: download/download/Mas Que Enkama - Re-Edit Mix.m4a
2025.07.14 15:56:52 core.webprofile      INFO     firefox brauzerindən cookies istifadə edilir.
2025.07.14 15:56:52 core.webprofile      INFO     Seçilmiş User-Agent: Mozilla/5.0 (Windows NT 10.0; Win64; x64) AppleWebKit/537.36 (KHTML, like Gecko) Chrome/122.0.0.0 Safari/537.36
2025.07.14 15:56:59 core.spotify_handler INFO     Added Spotify thumbnail: https://i.scdn.co/image/ab67616d0000b273a9fa6a699e36fbb54df7b753
2025.07.14 15:56:59 core.spotify_handler INFO     Metadata applied: download/download/In And Out Of Love.m4a
2025.07.14 15:57:01 core.webprofile      INFO     firefox brauzerindən cookies istifadə edilir.
2025.07.14 15:57:01 core.webprofile      INFO     Seçilmiş User-Agent: Mozilla/5.0 (Windows NT 10.0; Win64; x64) AppleWebKit/537.36 (KHTML, like Gecko) Chrome/122.0.0.0 Safari/537.36
2025.07.14 15:57:08 core.spotify_handler INFO     Added Spotify thumbnail: https://i.scdn.co/image/ab67616d0000b273602552a7daf881fff421b051
2025.07.14 15:57:08 core.spotify_handler INFO     Metadata applied: download/download/Diva.m4a
2025.07.14 15:57:10 core.webprofile      INFO     firefox brauzerindən cookies istifadə edilir.
2025.07.14 15:57:10 core.webprofile      INFO     Seçilmiş User-Agent: Mozilla/5.0 (Linux; Android 14; SM-G998B) AppleWebKit/537.36 (KHTML, like Gecko) Chrome/122.0.0.0 Mobile Safari/537.36
2025.07.14 15:57:17 core.spotify_handler INFO     Added Spotify thumbnail: https://i.scdn.co/image/ab67616d0000b27306918c03ff5bbc1e072b49de
2025.07.14 15:57:17 core.spotify_handler INFO     Metadata applied: download/download/Raka Taka Taka.m4a
2025.07.14 15:57:19 core.webprofile      INFO     firefox brauzerindən cookies istifadə edilir.
2025.07.14 15:57:19 core.webprofile      INFO     Seçilmiş User-Agent: Mozilla/5.0 (Linux; Android 14; SM-G998B) AppleWebKit/537.36 (KHTML, like Gecko) Chrome/122.0.0.0 Mobile Safari/537.36
2025.07.14 15:57:26 core.spotify_handler INFO     Added Spotify thumbnail: https://i.scdn.co/image/ab67616d0000b27369c8ed8e1718e25c807bfef5
2025.07.14 15:57:26 core.spotify_handler INFO     Metadata applied: download/download/Tamo En Hoja.m4a
2025.07.14 15:57:28 core.webprofile      INFO     firefox brauzerindən cookies istifadə edilir.
2025.07.14 15:57:28 core.webprofile      INFO     Seçilmiş User-Agent: Mozilla/5.0 (X11; Ubuntu; Linux x86_64; rv:120.0) Gecko/20100101 Firefox/120.0
2025.07.14 15:57:34 core.spotify_handler INFO     Added Spotify thumbnail: https://i.scdn.co/image/ab67616d0000b273d82491ccc14dfca7e907a546
2025.07.14 15:57:34 core.spotify_handler INFO     Metadata applied: download/download/Xentro Fee Extended.m4a
2025.07.14 15:57:36 core.webprofile      INFO     firefox brauzerindən cookies istifadə edilir.
2025.07.14 15:57:36 core.webprofile      INFO     Seçilmiş User-Agent: Mozilla/5.0 (X11; Linux x86_64) AppleWebKit/537.36 (KHTML, like Gecko) Chrome/122.0.0.0 Safari/537.36
2025.07.14 15:57:43 core.spotify_handler INFO     Added Spotify thumbnail: https://i.scdn.co/image/ab67616d0000b27352ac00dafea7d91ad494bcc2
2025.07.14 15:57:43 core.spotify_handler INFO     Metadata applied: download/download/Tom Tom - Remix.m4a
2025.07.14 15:57:45 core.webprofile      INFO     firefox brauzerindən cookies istifadə edilir.
2025.07.14 15:57:45 core.webprofile      INFO     Seçilmiş User-Agent: Mozilla/5.0 (Windows NT 10.0; Win64; x64; rv:120.0) Gecko/20100101 Firefox/120.0
2025.07.14 15:57:52 core.spotify_handler INFO     Added Spotify thumbnail: https://i.scdn.co/image/ab67616d0000b27344eaac2efe9e7bf56156a32d
2025.07.14 15:57:52 core.spotify_handler INFO     Metadata applied: download/download/Que Bueno.m4a
2025.07.14 15:57:54 core.webprofile      INFO     firefox brauzerindən cookies istifadə edilir.
2025.07.14 15:57:54 core.webprofile      INFO     Seçilmiş User-Agent: Mozilla/5.0 (Windows NT 10.0; Win64; x64) AppleWebKit/537.36 (KHTML, like Gecko) Edge/120.0.0.0 Safari/537.36
2025.07.14 15:58:00 core.spotify_handler INFO     Added Spotify thumbnail: https://i.scdn.co/image/ab67616d0000b273b6d8111deec02b6356b95830
2025.07.14 15:58:00 core.spotify_handler INFO     Metadata applied: download/download/Ваниль.m4a
2025.07.14 15:58:02 core.webprofile      INFO     firefox brauzerindən cookies istifadə edilir.
2025.07.14 15:58:02 core.webprofile      INFO     Seçilmiş User-Agent: Mozilla/5.0 (iPad; CPU OS 17_2 like Mac OS X) AppleWebKit/605.1.15 (KHTML, like Gecko) Version/17.2 Mobile/15E148 Safari/604.1
2025.07.14 15:58:09 core.spotify_handler INFO     Added Spotify thumbnail: https://i.scdn.co/image/ab67616d0000b273d98fa202a7b4920667305e88
2025.07.14 15:58:09 core.spotify_handler INFO     Metadata applied: download/download/Forever (Remix).m4a
2025.07.14 15:58:10 core.webprofile      INFO     firefox brauzerindən cookies istifadə edilir.
2025.07.14 15:58:10 core.webprofile      INFO     Seçilmiş User-Agent: Mozilla/5.0 (Windows NT 10.0; Win64; x64) AppleWebKit/537.36 (KHTML, like Gecko) Edge/120.0.0.0 Safari/537.36
2025.07.14 15:58:17 core.spotify_handler INFO     Added Spotify thumbnail: https://i.scdn.co/image/ab67616d0000b2730d812c785423736df41731e9
2025.07.14 15:58:17 core.spotify_handler INFO     Metadata applied: download/download/Там таз стелит.m4a
2025.07.14 15:58:19 core.webprofile      INFO     firefox brauzerindən cookies istifadə edilir.
2025.07.14 15:58:19 core.webprofile      INFO     Seçilmiş User-Agent: Mozilla/5.0 (iPad; CPU OS 17_2 like Mac OS X) AppleWebKit/605.1.15 (KHTML, like Gecko) Version/17.2 Mobile/15E148 Safari/604.1
2025.07.14 15:58:25 core.spotify_handler INFO     Added Spotify thumbnail: https://i.scdn.co/image/ab67616d0000b273551914dc22b7d3eeab0d505e
2025.07.14 15:58:25 core.spotify_handler INFO     Metadata applied: download/download/Дом.m4a
2025.07.14 15:58:27 core.webprofile      INFO     firefox brauzerindən cookies istifadə edilir.
2025.07.14 15:58:27 core.webprofile      INFO     Seçilmiş User-Agent: Mozilla/5.0 (iPhone; CPU iPhone OS 17_2 like Mac OS X) AppleWebKit/605.1.15 (KHTML, like Gecko) Version/17.2 Mobile/15E148 Safari/604.1
2025.07.14 15:58:34 core.spotify_handler INFO     Added Spotify thumbnail: https://i.scdn.co/image/ab67616d0000b273ef297275cd34be4a568ce049
2025.07.14 15:58:34 core.spotify_handler INFO     Metadata applied: download/download/Бродяга (feat. Alexandros Tsopozidis).m4a
2025.07.14 15:58:36 core.webprofile      INFO     firefox brauzerindən cookies istifadə edilir.
2025.07.14 15:58:36 core.webprofile      INFO     Seçilmiş User-Agent: Mozilla/5.0 (X11; Ubuntu; Linux x86_64; rv:120.0) Gecko/20100101 Firefox/120.0
2025.07.14 15:58:42 core.spotify_handler INFO     Added Spotify thumbnail: https://i.scdn.co/image/ab67616d0000b2732a06dde5ba3df09fb8fe116d
2025.07.14 15:58:42 core.spotify_handler INFO     Metadata applied: download/download/Galouli Ma Tji.m4a
2025.07.14 15:58:44 core.webprofile      INFO     firefox brauzerindən cookies istifadə edilir.
2025.07.14 15:58:44 core.webprofile      INFO     Seçilmiş User-Agent: Mozilla/5.0 (Windows NT 10.0; Win64; x64) AppleWebKit/537.36 (KHTML, like Gecko) Edge/120.0.0.0 Safari/537.36
2025.07.14 15:58:50 core.spotify_handler INFO     Added Spotify thumbnail: https://i.scdn.co/image/ab67616d0000b273820e08dea8c737c4a00e0e94
2025.07.14 15:58:50 core.spotify_handler INFO     Metadata applied: download/download/Stay With Me.m4a
2025.07.14 15:58:52 core.webprofile      INFO     firefox brauzerindən cookies istifadə edilir.
2025.07.14 15:58:52 core.webprofile      INFO     Seçilmiş User-Agent: Mozilla/5.0 (X11; Linux x86_64) AppleWebKit/537.36 (KHTML, like Gecko) Chrome/122.0.0.0 Safari/537.36
2025.07.14 15:58:59 core.spotify_handler INFO     Added Spotify thumbnail: https://i.scdn.co/image/ab67616d0000b273c0671d979fcca9a85f9109d7
2025.07.14 15:58:59 core.spotify_handler INFO     Metadata applied: download/download/Pahalı.m4a
2025.07.14 15:59:01 core.webprofile      INFO     firefox brauzerindən cookies istifadə edilir.
2025.07.14 15:59:01 core.webprofile      INFO     Seçilmiş User-Agent: Mozilla/5.0 (iPhone; CPU iPhone OS 17_2 like Mac OS X) AppleWebKit/605.1.15 (KHTML, like Gecko) Version/17.2 Mobile/15E148 Safari/604.1
2025.07.14 15:59:08 core.spotify_handler INFO     Added Spotify thumbnail: https://i.scdn.co/image/ab67616d0000b273ecd10eea07796a0edf4fb609
2025.07.14 15:59:08 core.spotify_handler INFO     Metadata applied: download/download/Geceler.m4a
2025.07.14 15:59:11 core.webprofile      INFO     firefox brauzerindən cookies istifadə edilir.
2025.07.14 15:59:11 core.webprofile      INFO     Seçilmiş User-Agent: Mozilla/5.0 (Windows NT 10.0; Win64; x64) AppleWebKit/537.36 (KHTML, like Gecko) Chrome/122.0.0.0 Safari/537.36
2025.07.14 15:59:17 core.spotify_handler INFO     Added Spotify thumbnail: https://i.scdn.co/image/ab67616d0000b2732232e1163a3e5e2807e1c1f0
2025.07.14 15:59:17 core.spotify_handler INFO     Metadata applied: download/download/Медуза.m4a
2025.07.14 15:59:19 core.webprofile      INFO     firefox brauzerindən cookies istifadə edilir.
2025.07.14 15:59:19 core.webprofile      INFO     Seçilmiş User-Agent: Mozilla/5.0 (Windows NT 10.0; Win64; x64) AppleWebKit/537.36 (KHTML, like Gecko) Edge/120.0.0.0 Safari/537.36
2025.07.14 15:59:24 core.spotify_handler INFO     Added Spotify thumbnail: https://i.scdn.co/image/ab67616d0000b273f18d82bc114ba29d979e2f14
2025.07.14 15:59:25 core.spotify_handler INFO     Metadata applied: download/download/Auditorium.m4a
2025.07.14 15:59:26 core.webprofile      INFO     firefox brauzerindən cookies istifadə edilir.
2025.07.14 15:59:26 core.webprofile      INFO     Seçilmiş User-Agent: Mozilla/5.0 (Macintosh; Intel Mac OS X 10_15_7) AppleWebKit/537.36 (KHTML, like Gecko) Chrome/122.0.0.0 Safari/537.36
2025.07.14 15:59:33 core.spotify_handler INFO     Added Spotify thumbnail: https://i.scdn.co/image/ab67616d0000b273ad9ec8f5fe6144c487c3d93f
2025.07.14 15:59:33 core.spotify_handler INFO     Metadata applied: download/download/Moscow Never Sleeps.m4a
2025.07.14 15:59:35 core.webprofile      INFO     firefox brauzerindən cookies istifadə edilir.
2025.07.14 15:59:35 core.webprofile      INFO     Seçilmiş User-Agent: Mozilla/5.0 (X11; Linux x86_64) AppleWebKit/537.36 (KHTML, like Gecko) Chrome/122.0.0.0 Safari/537.36
2025.07.14 15:59:41 core.spotify_handler INFO     Added Spotify thumbnail: https://i.scdn.co/image/ab67616d0000b273cdf7c044cce090a5ecc18a96
2025.07.14 15:59:41 core.spotify_handler INFO     Metadata applied: download/download/Тётка чёрной масти.m4a
2025.07.14 15:59:43 core.webprofile      INFO     firefox brauzerindən cookies istifadə edilir.
2025.07.14 15:59:43 core.webprofile      INFO     Seçilmiş User-Agent: Mozilla/5.0 (Windows NT 10.0; Win64; x64) AppleWebKit/537.36 (KHTML, like Gecko) Chrome/122.0.0.0 Safari/537.36
2025.07.14 15:59:49 core.spotify_handler INFO     Added Spotify thumbnail: https://i.scdn.co/image/ab67616d0000b273745fe1bf62d60a912cd5f1c7
2025.07.14 15:59:49 core.spotify_handler INFO     Metadata applied: download/download/Gülümse Kaderine - Hsyn Krdy Rmx.m4a
2025.07.14 15:59:51 core.webprofile      INFO     firefox brauzerindən cookies istifadə edilir.
2025.07.14 15:59:51 core.webprofile      INFO     Seçilmiş User-Agent: Mozilla/5.0 (X11; Linux x86_64) AppleWebKit/537.36 (KHTML, like Gecko) Chrome/122.0.0.0 Safari/537.36
2025.07.14 15:59:57 core.spotify_handler INFO     Added Spotify thumbnail: https://i.scdn.co/image/ab67616d0000b2735c837cc621c1ec82bf3c81ac
2025.07.14 15:59:57 core.spotify_handler INFO     Metadata applied: download/download/Nias In Paris.m4a
2025.07.14 15:59:59 core.webprofile      INFO     firefox brauzerindən cookies istifadə edilir.
2025.07.14 15:59:59 core.webprofile      INFO     Seçilmiş User-Agent: Mozilla/5.0 (Windows NT 10.0; Win64; x64; rv:120.0) Gecko/20100101 Firefox/120.0
2025.07.14 16:00:07 core.spotify_handler INFO     Added Spotify thumbnail: https://i.scdn.co/image/ab67616d0000b273e2ee735ffc128f04354397d1
2025.07.14 16:00:07 core.spotify_handler INFO     Metadata applied: download/download/Move Slow.m4a
2025.07.14 16:00:09 core.webprofile      INFO     firefox brauzerindən cookies istifadə edilir.
2025.07.14 16:00:09 core.webprofile      INFO     Seçilmiş User-Agent: Mozilla/5.0 (Linux; Android 14; Pixel 8 Pro) AppleWebKit/537.36 (KHTML, like Gecko) Chrome/122.0.0.0 Mobile Safari/537.36
2025.07.14 16:00:15 core.spotify_handler INFO     Added Spotify thumbnail: https://i.scdn.co/image/ab67616d0000b27383eef2592ecf06a14b54508c
2025.07.14 16:00:15 core.spotify_handler INFO     Metadata applied: download/download/Black Samurai.m4a
2025.07.14 16:00:17 core.webprofile      INFO     firefox brauzerindən cookies istifadə edilir.
2025.07.14 16:00:17 core.webprofile      INFO     Seçilmiş User-Agent: Mozilla/5.0 (Linux; Android 14; Pixel 8 Pro) AppleWebKit/537.36 (KHTML, like Gecko) Chrome/122.0.0.0 Mobile Safari/537.36
2025.07.14 16:00:24 core.spotify_handler INFO     Added Spotify thumbnail: https://i.scdn.co/image/ab67616d0000b27324f90d1b60a567d277f40bd1
2025.07.14 16:00:24 core.spotify_handler INFO     Metadata applied: download/download/SAMURAI.m4a
2025.07.14 16:00:26 core.webprofile      INFO     firefox brauzerindən cookies istifadə edilir.
2025.07.14 16:00:26 core.webprofile      INFO     Seçilmiş User-Agent: Mozilla/5.0 (Windows NT 10.0; Win64; x64; rv:120.0) Gecko/20100101 Firefox/120.0
2025.07.14 16:00:34 plugins.youtube_plugin INFO     User 7570255525 cancelled download
2025.07.14 16:00:34 aiogram.event        INFO     Update id=708350381 is handled. Duration 5096 ms by bot id=7599030242
2025.07.17 14:58:25 aiogram.event        INFO     Update id=708350382 is handled. Duration 11 ms by bot id=7599030242
2025.07.17 16:33:16 core.utilities       INFO     User 7570255525 executed command: /music ama git kal
2025.07.17 16:33:16 core.webprofile      INFO     firefox brauzerindən cookies istifadə edilir.
2025.07.17 16:33:16 core.webprofile      INFO     Seçilmiş User-Agent: Mozilla/5.0 (Macintosh; Intel Mac OS X 10_15_7) AppleWebKit/537.36 (KHTML, like Gecko) Chrome/122.0.0.0 Safari/537.36
2025.07.17 16:33:19 aiogram.event        INFO     Update id=708350383 is handled. Duration 3622 ms by bot id=7599030242
2025.07.17 16:34:38 core.webprofile      INFO     firefox brauzerindən cookies istifadə edilir.
2025.07.17 16:34:38 core.webprofile      INFO     Seçilmiş User-Agent: Mozilla/5.0 (X11; Linux x86_64) AppleWebKit/537.36 (KHTML, like Gecko) Chrome/122.0.0.0 Safari/537.36
2025.07.17 16:34:43 aiogram.event        INFO     Update id=708350384 is handled. Duration 5309 ms by bot id=7599030242
2025.07.17 21:35:51 aiogram.event        INFO     Update id=708350385 is handled. Duration 54 ms by bot id=7599030242
2025.07.17 21:35:51 core.spotify_handler INFO     Fetching playlist data: 7L7nj9WYAUo8Y1OiHjGZj6
2025.07.17 21:35:52 aiogram.event        INFO     Update id=708350386 is not handled. Duration 5 ms by bot id=7599030242
2025.07.17 21:35:54 core.webprofile      INFO     firefox brauzerindən cookies istifadə edilir.
2025.07.17 21:35:54 core.webprofile      INFO     Seçilmiş User-Agent: Mozilla/5.0 (X11; Ubuntu; Linux x86_64; rv:120.0) Gecko/20100101 Firefox/120.0
2025.07.17 21:36:00 core.spotify_handler INFO     Added Spotify thumbnail: https://i.scdn.co/image/ab67616d0000b273a31007dccbd5ad9fd9121f68
2025.07.17 21:36:00 core.spotify_handler INFO     Metadata applied: download/download/Unuttun mu Beni.m4a
2025.07.17 21:36:02 core.webprofile      INFO     firefox brauzerindən cookies istifadə edilir.
2025.07.17 21:36:02 core.webprofile      INFO     Seçilmiş User-Agent: Mozilla/5.0 (Windows NT 10.0; Win64; x64) AppleWebKit/537.36 (KHTML, like Gecko) Chrome/122.0.0.0 Safari/537.36
2025.07.17 21:36:08 core.spotify_handler INFO     Added Spotify thumbnail: https://i.scdn.co/image/ab67616d0000b2738bc831f71e5573dccf745e06
2025.07.17 21:36:08 core.spotify_handler INFO     Metadata applied: download/download/Hoşçakal.m4a
2025.07.17 21:36:10 core.webprofile      INFO     firefox brauzerindən cookies istifadə edilir.
2025.07.17 21:36:10 core.webprofile      INFO     Seçilmiş User-Agent: Mozilla/5.0 (X11; Ubuntu; Linux x86_64; rv:120.0) Gecko/20100101 Firefox/120.0
2025.07.17 21:36:17 core.spotify_handler INFO     Added Spotify thumbnail: https://i.scdn.co/image/ab67616d0000b2739ee0dd0ae7e5c49101c99ef4
2025.07.17 21:36:17 core.spotify_handler INFO     Metadata applied: download/download/Yalnızlık Ömür Boyu.m4a
2025.07.17 21:36:19 core.webprofile      INFO     firefox brauzerindən cookies istifadə edilir.
2025.07.17 21:36:19 core.webprofile      INFO     Seçilmiş User-Agent: Mozilla/5.0 (iPhone; CPU iPhone OS 17_2 like Mac OS X) AppleWebKit/605.1.15 (KHTML, like Gecko) Version/17.2 Mobile/15E148 Safari/604.1
2025.07.17 21:36:25 core.spotify_handler INFO     Added Spotify thumbnail: https://i.scdn.co/image/ab67616d0000b27301c7d91c1193b4508869f6e8
2025.07.17 21:36:25 core.spotify_handler INFO     Metadata applied: download/download/Ben Böyleyim.m4a
2025.07.17 21:36:27 core.webprofile      INFO     firefox brauzerindən cookies istifadə edilir.
2025.07.17 21:36:27 core.webprofile      INFO     Seçilmiş User-Agent: Mozilla/5.0 (iPad; CPU OS 17_2 like Mac OS X) AppleWebKit/605.1.15 (KHTML, like Gecko) Version/17.2 Mobile/15E148 Safari/604.1
2025.07.17 21:36:33 core.spotify_handler INFO     Added Spotify thumbnail: https://i.scdn.co/image/ab67616d0000b2732a7209953637c1722883711e
2025.07.17 21:36:33 core.spotify_handler INFO     Metadata applied: download/download/Hata.m4a
2025.07.17 21:36:35 core.webprofile      INFO     firefox brauzerindən cookies istifadə edilir.
2025.07.17 21:36:35 core.webprofile      INFO     Seçilmiş User-Agent: Mozilla/5.0 (iPad; CPU OS 17_2 like Mac OS X) AppleWebKit/605.1.15 (KHTML, like Gecko) Version/17.2 Mobile/15E148 Safari/604.1
2025.07.17 21:36:41 core.spotify_handler INFO     Added Spotify thumbnail: https://i.scdn.co/image/ab67616d0000b27359d61820a6612053d2d274a5
2025.07.17 21:36:41 core.spotify_handler INFO     Metadata applied: download/download/Biliyorsun.m4a
2025.07.17 21:36:43 core.webprofile      INFO     firefox brauzerindən cookies istifadə edilir.
2025.07.17 21:36:43 core.webprofile      INFO     Seçilmiş User-Agent: Mozilla/5.0 (X11; Ubuntu; Linux x86_64; rv:120.0) Gecko/20100101 Firefox/120.0
2025.07.17 21:36:49 core.spotify_handler INFO     Added Spotify thumbnail: https://i.scdn.co/image/ab67616d0000b2731773d8c5158bab36592b24cb
2025.07.17 21:36:49 core.spotify_handler INFO     Metadata applied: download/download/Tükeneceğiz.m4a
2025.07.17 21:36:51 core.webprofile      INFO     firefox brauzerindən cookies istifadə edilir.
2025.07.17 21:36:51 core.webprofile      INFO     Seçilmiş User-Agent: Mozilla/5.0 (iPhone; CPU iPhone OS 17_2 like Mac OS X) AppleWebKit/605.1.15 (KHTML, like Gecko) Version/17.2 Mobile/15E148 Safari/604.1
2025.07.17 21:36:58 core.spotify_handler INFO     Added Spotify thumbnail: https://i.scdn.co/image/ab67616d0000b2731a24d5f7b3a4b33db02b0485
2025.07.17 21:36:58 core.spotify_handler INFO     Metadata applied: download/download/Yalnızca Sitem.m4a
2025.07.17 21:37:00 core.webprofile      INFO     firefox brauzerindən cookies istifadə edilir.
2025.07.17 21:37:00 core.webprofile      INFO     Seçilmiş User-Agent: Mozilla/5.0 (Macintosh; Intel Mac OS X 10_15_7) AppleWebKit/537.36 (KHTML, like Gecko) Chrome/122.0.0.0 Safari/537.36
2025.07.17 21:37:07 core.spotify_handler INFO     Added Spotify thumbnail: https://i.scdn.co/image/ab67616d0000b2731a24d5f7b3a4b33db02b0485
2025.07.17 21:37:07 core.spotify_handler INFO     Metadata applied: download/download/Git....m4a
2025.07.17 21:37:09 core.webprofile      INFO     firefox brauzerindən cookies istifadə edilir.
2025.07.17 21:37:09 core.webprofile      INFO     Seçilmiş User-Agent: Mozilla/5.0 (iPad; CPU OS 17_2 like Mac OS X) AppleWebKit/605.1.15 (KHTML, like Gecko) Version/17.2 Mobile/15E148 Safari/604.1
2025.07.17 21:37:15 core.spotify_handler INFO     Added Spotify thumbnail: https://i.scdn.co/image/ab67616d0000b2730b425de4809bf4fc84cabf3a
2025.07.17 21:37:15 core.spotify_handler INFO     Metadata applied: download/download/Kaybolan Yıllar.m4a
2025.07.17 21:37:17 core.webprofile      INFO     firefox brauzerindən cookies istifadə edilir.
2025.07.17 21:37:17 core.webprofile      INFO     Seçilmiş User-Agent: Mozilla/5.0 (Windows NT 10.0; Win64; x64; rv:120.0) Gecko/20100101 Firefox/120.0
2025.07.17 21:37:23 core.spotify_handler INFO     Added Spotify thumbnail: https://i.scdn.co/image/ab67616d0000b2736054a3d4d3fadf0173dbdf07
2025.07.17 21:37:23 core.spotify_handler INFO     Metadata applied: download/download/Sen Orda Yoksun.m4a
2025.07.17 21:37:25 core.webprofile      INFO     firefox brauzerindən cookies istifadə edilir.
2025.07.17 21:37:25 core.webprofile      INFO     Seçilmiş User-Agent: Mozilla/5.0 (Windows NT 10.0; Win64; x64; rv:120.0) Gecko/20100101 Firefox/120.0
2025.07.17 21:37:31 core.spotify_handler INFO     Added Spotify thumbnail: https://i.scdn.co/image/ab67616d0000b27318011d8f8e98491e8b8fac31
2025.07.17 21:37:31 core.spotify_handler INFO     Metadata applied: download/download/İstanbul'da Sonbahar.m4a
2025.07.17 21:37:33 core.webprofile      INFO     firefox brauzerindən cookies istifadə edilir.
2025.07.17 21:37:33 core.webprofile      INFO     Seçilmiş User-Agent: Mozilla/5.0 (X11; Ubuntu; Linux x86_64; rv:120.0) Gecko/20100101 Firefox/120.0
2025.07.17 21:37:39 core.spotify_handler INFO     Added Spotify thumbnail: https://i.scdn.co/image/ab67616d0000b2732faee89cbed5f7158fdaba72
2025.07.17 21:37:39 core.spotify_handler INFO     Metadata applied: download/download/Bir Çocuk Sevdim.m4a
2025.07.17 21:37:41 core.webprofile      INFO     firefox brauzerindən cookies istifadə edilir.
2025.07.17 21:37:41 core.webprofile      INFO     Seçilmiş User-Agent: Mozilla/5.0 (iPhone; CPU iPhone OS 17_2 like Mac OS X) AppleWebKit/605.1.15 (KHTML, like Gecko) Version/17.2 Mobile/15E148 Safari/604.1
2025.07.17 21:37:47 core.spotify_handler INFO     Added Spotify thumbnail: https://i.scdn.co/image/ab67616d0000b273879a4d56aab7479101c712ed
2025.07.17 21:37:47 core.spotify_handler INFO     Metadata applied: download/download/Tutuklu.m4a
2025.07.17 21:37:49 core.webprofile      INFO     firefox brauzerindən cookies istifadə edilir.
2025.07.17 21:37:49 core.webprofile      INFO     Seçilmiş User-Agent: Mozilla/5.0 (Linux; Android 14; SM-G998B) AppleWebKit/537.36 (KHTML, like Gecko) Chrome/122.0.0.0 Mobile Safari/537.36
2025.07.17 21:37:56 core.spotify_handler INFO     Added Spotify thumbnail: https://i.scdn.co/image/ab67616d0000b273e99e4ff14cb6f70e1c242e95
2025.07.17 21:37:56 core.spotify_handler INFO     Metadata applied: download/download/Bu Kalp Seni Unutur mu.m4a
2025.07.17 21:37:59 core.webprofile      INFO     firefox brauzerindən cookies istifadə edilir.
2025.07.17 21:37:59 core.webprofile      INFO     Seçilmiş User-Agent: Mozilla/5.0 (Linux; Android 14; SM-G998B) AppleWebKit/537.36 (KHTML, like Gecko) Chrome/122.0.0.0 Mobile Safari/537.36
2025.07.17 21:38:06 core.spotify_handler INFO     Added Spotify thumbnail: https://i.scdn.co/image/ab67616d0000b2731773d8c5158bab36592b24cb
2025.07.17 21:38:06 core.spotify_handler INFO     Metadata applied: download/download/Geri Dön.m4a
2025.07.17 21:38:08 core.webprofile      INFO     firefox brauzerindən cookies istifadə edilir.
2025.07.17 21:38:08 core.webprofile      INFO     Seçilmiş User-Agent: Mozilla/5.0 (Macintosh; Intel Mac OS X 10_15_7) AppleWebKit/537.36 (KHTML, like Gecko) Chrome/122.0.0.0 Safari/537.36
2025.07.17 21:38:15 core.spotify_handler INFO     Added Spotify thumbnail: https://i.scdn.co/image/ab67616d0000b2731773d8c5158bab36592b24cb
2025.07.17 21:38:15 core.spotify_handler INFO     Metadata applied: download/download/Sen Ağlama.m4a
2025.07.17 21:38:17 core.webprofile      INFO     firefox brauzerindən cookies istifadə edilir.
2025.07.17 21:38:17 core.webprofile      INFO     Seçilmiş User-Agent: Mozilla/5.0 (iPhone; CPU iPhone OS 17_2 like Mac OS X) AppleWebKit/605.1.15 (KHTML, like Gecko) Version/17.2 Mobile/15E148 Safari/604.1
2025.07.17 21:38:23 core.spotify_handler INFO     Added Spotify thumbnail: https://i.scdn.co/image/ab67616d0000b273d88a971dc45348fe71861f7d
2025.07.17 21:38:23 core.spotify_handler INFO     Metadata applied: download/download/Vazgeçtim.m4a
2025.07.17 21:38:25 core.webprofile      INFO     firefox brauzerindən cookies istifadə edilir.
2025.07.17 21:38:25 core.webprofile      INFO     Seçilmiş User-Agent: Mozilla/5.0 (Windows NT 10.0; Win64; x64) AppleWebKit/537.36 (KHTML, like Gecko) Chrome/122.0.0.0 Safari/537.36
2025.07.17 21:38:31 core.spotify_handler INFO     Added Spotify thumbnail: https://i.scdn.co/image/ab67616d0000b2739bf18ee39d3ae9968bfb7be0
2025.07.17 21:38:31 core.spotify_handler INFO     Metadata applied: download/download/Yalnızlık Senfonisi.m4a
2025.07.17 21:38:33 core.webprofile      INFO     firefox brauzerindən cookies istifadə edilir.
2025.07.17 21:38:33 core.webprofile      INFO     Seçilmiş User-Agent: Mozilla/5.0 (Windows NT 10.0; Win64; x64) AppleWebKit/537.36 (KHTML, like Gecko) Edge/120.0.0.0 Safari/537.36
2025.07.17 21:38:40 core.spotify_handler INFO     Added Spotify thumbnail: https://i.scdn.co/image/ab67616d0000b273f09a85f3a0e1df7ffb87f898
2025.07.17 21:38:40 core.spotify_handler INFO     Metadata applied: download/download/Olsun.m4a
2025.07.17 21:38:42 core.webprofile      INFO     firefox brauzerindən cookies istifadə edilir.
2025.07.17 21:38:42 core.webprofile      INFO     Seçilmiş User-Agent: Mozilla/5.0 (Windows NT 10.0; Win64; x64) AppleWebKit/537.36 (KHTML, like Gecko) Edge/120.0.0.0 Safari/537.36
2025.07.17 21:38:49 core.spotify_handler INFO     Added Spotify thumbnail: https://i.scdn.co/image/ab67616d0000b27399245849117430acd9e08d08
2025.07.17 21:38:49 core.spotify_handler INFO     Metadata applied: download/download/İstanbul İstanbul Olalı.m4a
2025.07.17 21:38:50 core.webprofile      INFO     firefox brauzerindən cookies istifadə edilir.
2025.07.17 21:38:50 core.webprofile      INFO     Seçilmiş User-Agent: Mozilla/5.0 (Windows NT 10.0; Win64; x64; rv:120.0) Gecko/20100101 Firefox/120.0
2025.07.17 21:38:57 core.spotify_handler INFO     Added Spotify thumbnail: https://i.scdn.co/image/ab67616d0000b2730a787972d5156ba10cb12b56
2025.07.17 21:38:57 core.spotify_handler INFO     Metadata applied: download/download/Anlamazdın.m4a
2025.07.17 21:38:59 core.webprofile      INFO     firefox brauzerindən cookies istifadə edilir.
2025.07.17 21:38:59 core.webprofile      INFO     Seçilmiş User-Agent: Mozilla/5.0 (Windows NT 10.0; Win64; x64; rv:120.0) Gecko/20100101 Firefox/120.0
2025.07.17 21:39:06 core.spotify_handler INFO     Added Spotify thumbnail: https://i.scdn.co/image/ab67616d0000b27301c7d91c1193b4508869f6e8
2025.07.17 21:39:06 core.spotify_handler INFO     Metadata applied: download/download/Tek Başına.m4a
2025.07.17 21:39:08 core.webprofile      INFO     firefox brauzerindən cookies istifadə edilir.
2025.07.17 21:39:08 core.webprofile      INFO     Seçilmiş User-Agent: Mozilla/5.0 (iPad; CPU OS 17_2 like Mac OS X) AppleWebKit/605.1.15 (KHTML, like Gecko) Version/17.2 Mobile/15E148 Safari/604.1
2025.07.17 21:39:14 core.spotify_handler INFO     Added Spotify thumbnail: https://i.scdn.co/image/ab67616d0000b2732faee89cbed5f7158fdaba72
2025.07.17 21:39:14 core.spotify_handler INFO     Metadata applied: download/download/Geçer.m4a
2025.07.17 21:39:16 core.webprofile      INFO     firefox brauzerindən cookies istifadə edilir.
2025.07.17 21:39:16 core.webprofile      INFO     Seçilmiş User-Agent: Mozilla/5.0 (Windows NT 10.0; Win64; x64) AppleWebKit/537.36 (KHTML, like Gecko) Chrome/122.0.0.0 Safari/537.36
2025.07.17 21:39:23 core.spotify_handler INFO     Added Spotify thumbnail: https://i.scdn.co/image/ab67616d0000b27357d480949eabcea5aba85123
2025.07.17 21:39:23 core.spotify_handler INFO     Metadata applied: download/download/Kupa Kızı Ve Sinek Valesi.m4a
2025.07.17 21:39:25 core.webprofile      INFO     firefox brauzerindən cookies istifadə edilir.
2025.07.17 21:39:25 core.webprofile      INFO     Seçilmiş User-Agent: Mozilla/5.0 (Linux; Android 14; Pixel 8 Pro) AppleWebKit/537.36 (KHTML, like Gecko) Chrome/122.0.0.0 Mobile Safari/537.36
2025.07.17 21:39:31 core.spotify_handler INFO     Added Spotify thumbnail: https://i.scdn.co/image/ab67616d0000b273023db1018bba12eae732abac
2025.07.17 21:39:31 core.spotify_handler INFO     Metadata applied: download/download/Nilüfer.m4a
2025.07.17 21:39:33 core.webprofile      INFO     firefox brauzerindən cookies istifadə edilir.
2025.07.17 21:39:33 core.webprofile      INFO     Seçilmiş User-Agent: Mozilla/5.0 (Linux; Android 14; SM-G998B) AppleWebKit/537.36 (KHTML, like Gecko) Chrome/122.0.0.0 Mobile Safari/537.36
2025.07.17 21:39:39 core.spotify_handler INFO     Added Spotify thumbnail: https://i.scdn.co/image/ab67616d0000b273e4d6c8a66d43a753f821038a
2025.07.17 21:39:39 core.spotify_handler INFO     Metadata applied: download/download/Paramparça.m4a
2025.07.17 21:39:41 core.webprofile      INFO     firefox brauzerindən cookies istifadə edilir.
2025.07.17 21:39:41 core.webprofile      INFO     Seçilmiş User-Agent: Mozilla/5.0 (Linux; Android 14; Pixel 8 Pro) AppleWebKit/537.36 (KHTML, like Gecko) Chrome/122.0.0.0 Mobile Safari/537.36
2025.07.17 21:39:48 core.spotify_handler INFO     Added Spotify thumbnail: https://i.scdn.co/image/ab67616d0000b2738bdc18ff39ef235911a19fff
2025.07.17 21:39:48 core.spotify_handler INFO     Metadata applied: download/download/Git  Geri Dön  Beni Unutma - Canlı.m4a
2025.07.17 21:39:50 core.webprofile      INFO     firefox brauzerindən cookies istifadə edilir.
2025.07.17 21:39:50 core.webprofile      INFO     Seçilmiş User-Agent: Mozilla/5.0 (X11; Linux x86_64) AppleWebKit/537.36 (KHTML, like Gecko) Chrome/122.0.0.0 Safari/537.36
2025.07.17 21:39:55 core.spotify_handler INFO     Added Spotify thumbnail: https://i.scdn.co/image/ab67616d0000b273d28234f00eb7e02763fd7f7f
2025.07.17 21:39:55 core.spotify_handler INFO     Metadata applied: download/download/Unutama Beni.m4a
2025.07.17 21:39:57 core.webprofile      INFO     firefox brauzerindən cookies istifadə edilir.
2025.07.17 21:39:57 core.webprofile      INFO     Seçilmiş User-Agent: Mozilla/5.0 (iPad; CPU OS 17_2 like Mac OS X) AppleWebKit/605.1.15 (KHTML, like Gecko) Version/17.2 Mobile/15E148 Safari/604.1
2025.07.17 21:40:06 core.spotify_handler INFO     Added Spotify thumbnail: https://i.scdn.co/image/ab67616d0000b273997c12a33956390df8ecd1f9
2025.07.17 21:40:06 core.spotify_handler INFO     Metadata applied: download/download/Gözlerimin Etrafındaki Çizgiler.m4a
2025.07.17 21:40:08 core.webprofile      INFO     firefox brauzerindən cookies istifadə edilir.
2025.07.17 21:40:08 core.webprofile      INFO     Seçilmiş User-Agent: Mozilla/5.0 (X11; Linux x86_64) AppleWebKit/537.36 (KHTML, like Gecko) Chrome/122.0.0.0 Safari/537.36
2025.07.17 21:40:14 core.spotify_handler INFO     Added Spotify thumbnail: https://i.scdn.co/image/ab67616d0000b273a0bb9a8793a51dc87edf8ad2
2025.07.17 21:40:14 core.spotify_handler INFO     Metadata applied: download/download/Erkekler Ağlamaz.m4a
2025.07.17 21:40:17 core.webprofile      INFO     firefox brauzerindən cookies istifadə edilir.
2025.07.17 21:40:17 core.webprofile      INFO     Seçilmiş User-Agent: Mozilla/5.0 (Linux; Android 14; Pixel 8 Pro) AppleWebKit/537.36 (KHTML, like Gecko) Chrome/122.0.0.0 Mobile Safari/537.36
2025.07.17 21:40:23 core.spotify_handler INFO     Added Spotify thumbnail: https://i.scdn.co/image/ab67616d0000b27305de026dcee25e1c1019d74c
2025.07.17 21:40:23 core.spotify_handler INFO     Metadata applied: download/download/Sen Beni Güzel Hatırla.m4a
2025.07.17 21:40:24 core.webprofile      INFO     firefox brauzerindən cookies istifadə edilir.
2025.07.17 21:40:24 core.webprofile      INFO     Seçilmiş User-Agent: Mozilla/5.0 (Windows NT 10.0; Win64; x64) AppleWebKit/537.36 (KHTML, like Gecko) Edge/120.0.0.0 Safari/537.36
2025.07.17 21:40:30 core.spotify_handler INFO     Added Spotify thumbnail: https://i.scdn.co/image/ab67616d0000b273e77aab7e6a499f95d9121a1b
2025.07.17 21:40:30 core.spotify_handler INFO     Metadata applied: download/download/Derinlerde.m4a
2025.07.17 21:40:32 core.webprofile      INFO     firefox brauzerindən cookies istifadə edilir.
2025.07.17 21:40:32 core.webprofile      INFO     Seçilmiş User-Agent: Mozilla/5.0 (X11; Ubuntu; Linux x86_64; rv:120.0) Gecko/20100101 Firefox/120.0
2025.07.17 21:40:39 core.spotify_handler INFO     Added Spotify thumbnail: https://i.scdn.co/image/ab67616d0000b273e4d6c8a66d43a753f821038a
2025.07.17 21:40:39 core.spotify_handler INFO     Metadata applied: download/download/İki Yabancı.m4a
2025.07.17 21:40:41 core.webprofile      INFO     firefox brauzerindən cookies istifadə edilir.
2025.07.17 21:40:41 core.webprofile      INFO     Seçilmiş User-Agent: Mozilla/5.0 (X11; Linux x86_64) AppleWebKit/537.36 (KHTML, like Gecko) Chrome/122.0.0.0 Safari/537.36
2025.07.17 21:40:47 core.spotify_handler INFO     Added Spotify thumbnail: https://i.scdn.co/image/ab67616d0000b273023db1018bba12eae732abac
2025.07.17 21:40:47 core.spotify_handler INFO     Metadata applied: download/download/Bir Ömür Yetmez.m4a
2025.07.17 21:40:49 core.webprofile      INFO     firefox brauzerindən cookies istifadə edilir.
2025.07.17 21:40:49 core.webprofile      INFO     Seçilmiş User-Agent: Mozilla/5.0 (Linux; Android 14; Pixel 8 Pro) AppleWebKit/537.36 (KHTML, like Gecko) Chrome/122.0.0.0 Mobile Safari/537.36
2025.07.17 21:40:55 core.spotify_handler INFO     Added Spotify thumbnail: https://i.scdn.co/image/ab67616d0000b273c3652e013488ac3dfe8e36cb
2025.07.17 21:40:55 core.spotify_handler INFO     Metadata applied: download/download/Sil Baştan.m4a
2025.07.17 21:40:57 core.webprofile      INFO     firefox brauzerindən cookies istifadə edilir.
2025.07.17 21:40:57 core.webprofile      INFO     Seçilmiş User-Agent: Mozilla/5.0 (iPad; CPU OS 17_2 like Mac OS X) AppleWebKit/605.1.15 (KHTML, like Gecko) Version/17.2 Mobile/15E148 Safari/604.1
2025.07.17 21:41:06 core.spotify_handler INFO     Added Spotify thumbnail: https://i.scdn.co/image/ab67616d0000b273997c12a33956390df8ecd1f9
2025.07.17 21:41:06 core.spotify_handler INFO     Metadata applied: download/download/Mayın Tarlası.m4a
2025.07.17 21:41:08 core.webprofile      INFO     firefox brauzerindən cookies istifadə edilir.
2025.07.17 21:41:08 core.webprofile      INFO     Seçilmiş User-Agent: Mozilla/5.0 (Macintosh; Intel Mac OS X 10_15_7) AppleWebKit/537.36 (KHTML, like Gecko) Chrome/122.0.0.0 Safari/537.36
2025.07.17 21:41:15 core.spotify_handler INFO     Added Spotify thumbnail: https://i.scdn.co/image/ab67616d0000b2732faee89cbed5f7158fdaba72
2025.07.17 21:41:15 core.spotify_handler INFO     Metadata applied: download/download/El Gibi.m4a
2025.07.17 21:41:17 core.webprofile      INFO     firefox brauzerindən cookies istifadə edilir.
2025.07.17 21:41:17 core.webprofile      INFO     Seçilmiş User-Agent: Mozilla/5.0 (X11; Linux x86_64) AppleWebKit/537.36 (KHTML, like Gecko) Chrome/122.0.0.0 Safari/537.36
2025.07.17 21:41:23 core.spotify_handler INFO     Added Spotify thumbnail: https://i.scdn.co/image/ab67616d0000b273df4fe26640aa72359c517a22
2025.07.17 21:41:23 core.spotify_handler INFO     Metadata applied: download/download/Söz Bitti.m4a
2025.07.17 21:41:25 core.webprofile      INFO     firefox brauzerindən cookies istifadə edilir.
2025.07.17 21:41:25 core.webprofile      INFO     Seçilmiş User-Agent: Mozilla/5.0 (X11; Linux x86_64) AppleWebKit/537.36 (KHTML, like Gecko) Chrome/122.0.0.0 Safari/537.36
2025.07.17 21:41:31 core.spotify_handler INFO     Added Spotify thumbnail: https://i.scdn.co/image/ab67616d0000b273fe7dc413101d38dadc146b8b
2025.07.17 21:41:31 core.spotify_handler INFO     Metadata applied: download/download/Masum Değiliz.m4a
2025.07.17 21:41:33 core.webprofile      INFO     firefox brauzerindən cookies istifadə edilir.
2025.07.17 21:41:33 core.webprofile      INFO     Seçilmiş User-Agent: Mozilla/5.0 (Windows NT 10.0; Win64; x64) AppleWebKit/537.36 (KHTML, like Gecko) Chrome/122.0.0.0 Safari/537.36
2025.07.17 21:41:39 core.spotify_handler INFO     Added Spotify thumbnail: https://i.scdn.co/image/ab67616d0000b2731d80242d309b127e35396ba9
2025.07.17 21:41:39 core.spotify_handler INFO     Metadata applied: download/download/Seni Beklerim Öptüğüm Yerde.m4a
2025.07.17 21:41:41 core.webprofile      INFO     firefox brauzerindən cookies istifadə edilir.
2025.07.17 21:41:41 core.webprofile      INFO     Seçilmiş User-Agent: Mozilla/5.0 (iPad; CPU OS 17_2 like Mac OS X) AppleWebKit/605.1.15 (KHTML, like Gecko) Version/17.2 Mobile/15E148 Safari/604.1
2025.07.17 21:41:48 core.spotify_handler INFO     Added Spotify thumbnail: https://i.scdn.co/image/ab67616d0000b273d37c38e813f2d150e6403638
2025.07.17 21:41:48 core.spotify_handler INFO     Metadata applied: download/download/Kurşuni Renkler.m4a
2025.07.17 21:41:50 core.webprofile      INFO     firefox brauzerindən cookies istifadə edilir.
2025.07.17 21:41:50 core.webprofile      INFO     Seçilmiş User-Agent: Mozilla/5.0 (iPad; CPU OS 17_2 like Mac OS X) AppleWebKit/605.1.15 (KHTML, like Gecko) Version/17.2 Mobile/15E148 Safari/604.1
2025.07.17 21:41:56 core.spotify_handler INFO     Added Spotify thumbnail: https://i.scdn.co/image/ab67616d0000b27301f84cc51afc1d600ed2fb82
2025.07.17 21:41:56 core.spotify_handler INFO     Metadata applied: download/download/Aşk.m4a
2025.07.17 21:41:58 core.webprofile      INFO     firefox brauzerindən cookies istifadə edilir.
2025.07.17 21:41:58 core.webprofile      INFO     Seçilmiş User-Agent: Mozilla/5.0 (Macintosh; Intel Mac OS X 10_15_7) AppleWebKit/537.36 (KHTML, like Gecko) Chrome/122.0.0.0 Safari/537.36
2025.07.17 21:42:07 core.spotify_handler INFO     Added Spotify thumbnail: https://i.scdn.co/image/ab67616d0000b273d7a59f8bdc64478912feccdb
2025.07.17 21:42:07 core.spotify_handler INFO     Metadata applied: download/download/Seni Yazdım.m4a
2025.07.17 21:42:09 core.webprofile      INFO     firefox brauzerindən cookies istifadə edilir.
2025.07.17 21:42:09 core.webprofile      INFO     Seçilmiş User-Agent: Mozilla/5.0 (X11; Linux x86_64) AppleWebKit/537.36 (KHTML, like Gecko) Chrome/122.0.0.0 Safari/537.36
2025.07.17 21:42:15 core.spotify_handler INFO     Added Spotify thumbnail: https://i.scdn.co/image/ab67616d0000b273e18428deb1d3a3b9f5f9d479
2025.07.17 21:42:15 core.spotify_handler INFO     Metadata applied: download/download/Yerine Sevemem.m4a
2025.07.17 21:42:17 core.webprofile      INFO     firefox brauzerindən cookies istifadə edilir.
2025.07.17 21:42:17 core.webprofile      INFO     Seçilmiş User-Agent: Mozilla/5.0 (Windows NT 10.0; Win64; x64) AppleWebKit/537.36 (KHTML, like Gecko) Chrome/122.0.0.0 Safari/537.36
2025.07.17 21:42:24 core.spotify_handler INFO     Added Spotify thumbnail: https://i.scdn.co/image/ab67616d0000b273d88a971dc45348fe71861f7d
2025.07.17 21:42:24 core.spotify_handler INFO     Metadata applied: download/download/Seni Kimler Aldı.m4a
2025.07.17 21:42:26 core.webprofile      INFO     firefox brauzerindən cookies istifadə edilir.
2025.07.17 21:42:26 core.webprofile      INFO     Seçilmiş User-Agent: Mozilla/5.0 (Linux; Android 14; Pixel 8 Pro) AppleWebKit/537.36 (KHTML, like Gecko) Chrome/122.0.0.0 Mobile Safari/537.36
2025.07.17 21:42:32 core.spotify_handler INFO     Added Spotify thumbnail: https://i.scdn.co/image/ab67616d0000b273284ca8226f4d3679fe489177
2025.07.17 21:42:32 core.spotify_handler INFO     Metadata applied: download/download/Tutamıyorum Zamanı.m4a
2025.07.17 21:42:34 core.webprofile      INFO     firefox brauzerindən cookies istifadə edilir.
2025.07.17 21:42:34 core.webprofile      INFO     Seçilmiş User-Agent: Mozilla/5.0 (X11; Ubuntu; Linux x86_64; rv:120.0) Gecko/20100101 Firefox/120.0
2025.07.17 21:42:40 core.spotify_handler INFO     Added Spotify thumbnail: https://i.scdn.co/image/ab67616d0000b27317afafa6b7cccfe930e2002d
2025.07.17 21:42:40 core.spotify_handler INFO     Metadata applied: download/download/Firuze.m4a
2025.07.17 21:42:42 core.webprofile      INFO     firefox brauzerindən cookies istifadə edilir.
2025.07.17 21:42:42 core.webprofile      INFO     Seçilmiş User-Agent: Mozilla/5.0 (X11; Linux x86_64) AppleWebKit/537.36 (KHTML, like Gecko) Chrome/122.0.0.0 Safari/537.36
2025.07.17 21:42:48 core.spotify_handler INFO     Added Spotify thumbnail: https://i.scdn.co/image/ab67616d0000b273e9b96d45db253c06b6d15cde
2025.07.17 21:42:48 core.spotify_handler INFO     Metadata applied: download/download/Kusura Bakma.m4a
2025.07.17 21:42:50 core.webprofile      INFO     firefox brauzerindən cookies istifadə edilir.
2025.07.17 21:42:50 core.webprofile      INFO     Seçilmiş User-Agent: Mozilla/5.0 (X11; Ubuntu; Linux x86_64; rv:120.0) Gecko/20100101 Firefox/120.0
2025.07.17 21:42:56 core.spotify_handler INFO     Added Spotify thumbnail: https://i.scdn.co/image/ab67616d0000b2731a24d5f7b3a4b33db02b0485
2025.07.17 21:42:56 core.spotify_handler INFO     Metadata applied: download/download/Kolay Değil.m4a
2025.07.17 21:42:58 core.webprofile      INFO     firefox brauzerindən cookies istifadə edilir.
2025.07.17 21:42:58 core.webprofile      INFO     Seçilmiş User-Agent: Mozilla/5.0 (X11; Linux x86_64) AppleWebKit/537.36 (KHTML, like Gecko) Chrome/122.0.0.0 Safari/537.36
2025.07.17 21:43:06 core.spotify_handler INFO     Added Spotify thumbnail: https://i.scdn.co/image/ab67616d0000b2736184a5ffe24ff9f023a5a754
2025.07.17 21:43:06 core.spotify_handler INFO     Metadata applied: download/download/Seni İstiyorum.m4a
2025.07.17 21:43:08 core.webprofile      INFO     firefox brauzerindən cookies istifadə edilir.
2025.07.17 21:43:08 core.webprofile      INFO     Seçilmiş User-Agent: Mozilla/5.0 (iPhone; CPU iPhone OS 17_2 like Mac OS X) AppleWebKit/605.1.15 (KHTML, like Gecko) Version/17.2 Mobile/15E148 Safari/604.1
2025.07.17 21:43:15 core.spotify_handler INFO     Added Spotify thumbnail: https://i.scdn.co/image/ab67616d0000b273a9c9acfd25a57a1686694638
2025.07.17 21:43:15 core.spotify_handler INFO     Metadata applied: download/download/İyileşiyorum.m4a
2025.07.17 21:43:17 core.webprofile      INFO     firefox brauzerindən cookies istifadə edilir.
2025.07.17 21:43:17 core.webprofile      INFO     Seçilmiş User-Agent: Mozilla/5.0 (Linux; Android 14; Pixel 8 Pro) AppleWebKit/537.36 (KHTML, like Gecko) Chrome/122.0.0.0 Mobile Safari/537.36
2025.07.17 21:43:23 core.spotify_handler INFO     Added Spotify thumbnail: https://i.scdn.co/image/ab67616d0000b2731ff298568ae4b92916d1b652
2025.07.17 21:43:23 core.spotify_handler INFO     Metadata applied: download/download/Son Arzum.m4a
2025.07.17 21:43:25 core.webprofile      INFO     firefox brauzerindən cookies istifadə edilir.
2025.07.17 21:43:25 core.webprofile      INFO     Seçilmiş User-Agent: Mozilla/5.0 (X11; Linux x86_64) AppleWebKit/537.36 (KHTML, like Gecko) Chrome/122.0.0.0 Safari/537.36
2025.07.17 21:43:31 core.spotify_handler INFO     Added Spotify thumbnail: https://i.scdn.co/image/ab67616d0000b27389bfb53fdd490f0384d146e0
2025.07.17 21:43:31 core.spotify_handler INFO     Metadata applied: download/download/Ta Uzak Yollardan.m4a
2025.07.17 21:43:33 core.webprofile      INFO     firefox brauzerindən cookies istifadə edilir.
2025.07.17 21:43:33 core.webprofile      INFO     Seçilmiş User-Agent: Mozilla/5.0 (iPhone; CPU iPhone OS 17_2 like Mac OS X) AppleWebKit/605.1.15 (KHTML, like Gecko) Version/17.2 Mobile/15E148 Safari/604.1
2025.07.17 21:43:40 core.spotify_handler INFO     Added Spotify thumbnail: https://i.scdn.co/image/ab67616d0000b2731a24d5f7b3a4b33db02b0485
2025.07.17 21:43:40 core.spotify_handler INFO     Metadata applied: download/download/Beni Unutma.m4a
2025.07.17 21:43:42 core.webprofile      INFO     firefox brauzerindən cookies istifadə edilir.
2025.07.17 21:43:42 core.webprofile      INFO     Seçilmiş User-Agent: Mozilla/5.0 (iPad; CPU OS 17_2 like Mac OS X) AppleWebKit/605.1.15 (KHTML, like Gecko) Version/17.2 Mobile/15E148 Safari/604.1
2025.07.17 21:43:49 core.spotify_handler INFO     Added Spotify thumbnail: https://i.scdn.co/image/ab67616d0000b27393793f9086704ef2cbc6c34e
2025.07.17 21:43:49 core.spotify_handler INFO     Metadata applied: download/download/Son Bakış.m4a
2025.07.17 21:43:51 core.webprofile      INFO     firefox brauzerindən cookies istifadə edilir.
2025.07.17 21:43:51 core.webprofile      INFO     Seçilmiş User-Agent: Mozilla/5.0 (Windows NT 10.0; Win64; x64) AppleWebKit/537.36 (KHTML, like Gecko) Edge/120.0.0.0 Safari/537.36
2025.07.17 21:43:57 core.spotify_handler INFO     Added Spotify thumbnail: https://i.scdn.co/image/ab67616d0000b27301c7d91c1193b4508869f6e8
2025.07.17 21:43:57 core.spotify_handler INFO     Metadata applied: download/download/Ben Varım.m4a
2025.07.17 21:43:59 core.webprofile      INFO     firefox brauzerindən cookies istifadə edilir.
2025.07.17 21:43:59 core.webprofile      INFO     Seçilmiş User-Agent: Mozilla/5.0 (Windows NT 10.0; Win64; x64) AppleWebKit/537.36 (KHTML, like Gecko) Chrome/122.0.0.0 Safari/537.36
2025.07.17 21:44:08 core.spotify_handler INFO     Added Spotify thumbnail: https://i.scdn.co/image/ab67616d0000b27397995ea71b41ea4a8271353a
2025.07.17 21:44:08 core.spotify_handler INFO     Metadata applied: download/download/Küçüğüm.m4a
2025.07.17 21:44:10 core.webprofile      INFO     firefox brauzerindən cookies istifadə edilir.
2025.07.17 21:44:10 core.webprofile      INFO     Seçilmiş User-Agent: Mozilla/5.0 (Linux; Android 14; Pixel 8 Pro) AppleWebKit/537.36 (KHTML, like Gecko) Chrome/122.0.0.0 Mobile Safari/537.36
2025.07.17 21:44:15 core.spotify_handler INFO     Added Spotify thumbnail: https://i.scdn.co/image/ab67616d0000b2731bbe204ac23e3fa6d2286047
2025.07.17 21:44:15 core.spotify_handler INFO     Metadata applied: download/download/Sil Baştan.m4a
2025.07.17 21:44:17 core.webprofile      INFO     firefox brauzerindən cookies istifadə edilir.
2025.07.17 21:44:17 core.webprofile      INFO     Seçilmiş User-Agent: Mozilla/5.0 (X11; Ubuntu; Linux x86_64; rv:120.0) Gecko/20100101 Firefox/120.0
2025.07.17 21:44:24 core.spotify_handler INFO     Added Spotify thumbnail: https://i.scdn.co/image/ab67616d0000b2739cc2881d71be401325d6bb24
2025.07.17 21:44:24 core.spotify_handler INFO     Metadata applied: download/download/Duydum Ki Unutmuşsun.m4a
2025.07.17 21:44:25 core.webprofile      INFO     firefox brauzerindən cookies istifadə edilir.
2025.07.17 21:44:25 core.webprofile      INFO     Seçilmiş User-Agent: Mozilla/5.0 (iPhone; CPU iPhone OS 17_2 like Mac OS X) AppleWebKit/605.1.15 (KHTML, like Gecko) Version/17.2 Mobile/15E148 Safari/604.1
2025.07.17 21:44:33 core.spotify_handler INFO     Added Spotify thumbnail: https://i.scdn.co/image/ab67616d0000b27317afafa6b7cccfe930e2002d
2025.07.17 21:44:33 core.spotify_handler INFO     Metadata applied: download/download/İkinci Bahar.m4a
2025.07.17 21:44:35 core.webprofile      INFO     firefox brauzerindən cookies istifadə edilir.
2025.07.17 21:44:35 core.webprofile      INFO     Seçilmiş User-Agent: Mozilla/5.0 (Linux; Android 14; SM-G998B) AppleWebKit/537.36 (KHTML, like Gecko) Chrome/122.0.0.0 Mobile Safari/537.36
2025.07.17 21:44:41 core.spotify_handler INFO     Added Spotify thumbnail: https://i.scdn.co/image/ab67616d0000b273e9b96d45db253c06b6d15cde
2025.07.17 21:44:41 core.spotify_handler INFO     Metadata applied: download/download/Yaşanmamış Yıllar.m4a
2025.07.17 21:44:43 core.webprofile      INFO     firefox brauzerindən cookies istifadə edilir.
2025.07.17 21:44:43 core.webprofile      INFO     Seçilmiş User-Agent: Mozilla/5.0 (Windows NT 10.0; Win64; x64) AppleWebKit/537.36 (KHTML, like Gecko) Edge/120.0.0.0 Safari/537.36
2025.07.17 21:44:48 core.spotify_handler INFO     Added Spotify thumbnail: https://i.scdn.co/image/ab67616d0000b2732a7209953637c1722883711e
2025.07.17 21:44:48 core.spotify_handler INFO     Metadata applied: download/download/Bir Acı Kahvenin.m4a
2025.07.17 21:44:50 core.webprofile      INFO     firefox brauzerindən cookies istifadə edilir.
2025.07.17 21:44:50 core.webprofile      INFO     Seçilmiş User-Agent: Mozilla/5.0 (Windows NT 10.0; Win64; x64) AppleWebKit/537.36 (KHTML, like Gecko) Chrome/122.0.0.0 Safari/537.36
2025.07.17 21:44:56 core.spotify_handler INFO     Added Spotify thumbnail: https://i.scdn.co/image/ab67616d0000b2731773d8c5158bab36592b24cb
2025.07.17 21:44:56 core.spotify_handler INFO     Metadata applied: download/download/Bir Başka Aşk.m4a
2025.07.17 21:44:58 core.webprofile      INFO     firefox brauzerindən cookies istifadə edilir.
2025.07.17 21:44:58 core.webprofile      INFO     Seçilmiş User-Agent: Mozilla/5.0 (iPad; CPU OS 17_2 like Mac OS X) AppleWebKit/605.1.15 (KHTML, like Gecko) Version/17.2 Mobile/15E148 Safari/604.1
2025.07.17 21:45:06 core.spotify_handler INFO     Added Spotify thumbnail: https://i.scdn.co/image/ab67616d0000b273a31007dccbd5ad9fd9121f68
2025.07.17 21:45:06 core.spotify_handler INFO     Metadata applied: download/download/Acıtmışım Canını Sevdikçe.m4a
2025.07.17 21:45:08 core.webprofile      INFO     firefox brauzerindən cookies istifadə edilir.
2025.07.17 21:45:08 core.webprofile      INFO     Seçilmiş User-Agent: Mozilla/5.0 (X11; Ubuntu; Linux x86_64; rv:120.0) Gecko/20100101 Firefox/120.0
2025.07.17 21:45:14 core.spotify_handler INFO     Added Spotify thumbnail: https://i.scdn.co/image/ab67616d0000b27317afafa6b7cccfe930e2002d
2025.07.17 21:45:14 core.spotify_handler INFO     Metadata applied: download/download/Bir Zamanlar Deli Gönlüm.m4a
2025.07.17 21:45:16 core.webprofile      INFO     firefox brauzerindən cookies istifadə edilir.
2025.07.17 21:45:16 core.webprofile      INFO     Seçilmiş User-Agent: Mozilla/5.0 (Windows NT 10.0; Win64; x64; rv:120.0) Gecko/20100101 Firefox/120.0
2025.07.17 21:45:23 core.spotify_handler INFO     Added Spotify thumbnail: https://i.scdn.co/image/ab67616d0000b27357d480949eabcea5aba85123
2025.07.17 21:45:23 core.spotify_handler INFO     Metadata applied: download/download/Senden Önce Senden Sonra.m4a
2025.07.17 21:45:25 core.webprofile      INFO     firefox brauzerindən cookies istifadə edilir.
2025.07.17 21:45:25 core.webprofile      INFO     Seçilmiş User-Agent: Mozilla/5.0 (X11; Linux x86_64) AppleWebKit/537.36 (KHTML, like Gecko) Chrome/122.0.0.0 Safari/537.36
2025.07.17 21:45:30 core.spotify_handler INFO     Added Spotify thumbnail: https://i.scdn.co/image/ab67616d0000b273a512becab68f86b29b51744e
2025.07.17 21:45:30 core.spotify_handler INFO     Metadata applied: download/download/Bana Yalan Söylediler.m4a
2025.07.17 21:45:32 core.webprofile      INFO     firefox brauzerindən cookies istifadə edilir.
2025.07.17 21:45:32 core.webprofile      INFO     Seçilmiş User-Agent: Mozilla/5.0 (X11; Linux x86_64) AppleWebKit/537.36 (KHTML, like Gecko) Chrome/122.0.0.0 Safari/537.36
2025.07.17 21:45:39 core.spotify_handler INFO     Added Spotify thumbnail: https://i.scdn.co/image/ab67616d0000b273955fab312b3f27a62c58a07a
2025.07.17 21:45:39 core.spotify_handler INFO     Metadata applied: download/download/Acılar Sürekli Olamaz.m4a
2025.07.17 21:45:41 core.webprofile      INFO     firefox brauzerindən cookies istifadə edilir.
2025.07.17 21:45:41 core.webprofile      INFO     Seçilmiş User-Agent: Mozilla/5.0 (Windows NT 10.0; Win64; x64) AppleWebKit/537.36 (KHTML, like Gecko) Chrome/122.0.0.0 Safari/537.36
2025.07.17 21:45:47 core.spotify_handler INFO     Added Spotify thumbnail: https://i.scdn.co/image/ab67616d0000b27359d61820a6612053d2d274a5
2025.07.17 21:45:47 core.spotify_handler INFO     Metadata applied: download/download/Ağlamak Güzeldir.m4a
2025.07.17 21:45:49 core.webprofile      INFO     firefox brauzerindən cookies istifadə edilir.
2025.07.17 21:45:49 core.webprofile      INFO     Seçilmiş User-Agent: Mozilla/5.0 (iPad; CPU OS 17_2 like Mac OS X) AppleWebKit/605.1.15 (KHTML, like Gecko) Version/17.2 Mobile/15E148 Safari/604.1
2025.07.17 21:45:55 core.spotify_handler INFO     Added Spotify thumbnail: https://i.scdn.co/image/ab67616d0000b2730f4616fed8f2f4fc249f0074
2025.07.17 21:45:55 core.spotify_handler INFO     Metadata applied: download/download/Sevmemeliyiz.m4a
2025.07.17 21:45:58 core.webprofile      INFO     firefox brauzerindən cookies istifadə edilir.
2025.07.17 21:45:58 core.webprofile      INFO     Seçilmiş User-Agent: Mozilla/5.0 (Windows NT 10.0; Win64; x64) AppleWebKit/537.36 (KHTML, like Gecko) Edge/120.0.0.0 Safari/537.36
2025.07.17 21:46:06 core.spotify_handler INFO     Added Spotify thumbnail: https://i.scdn.co/image/ab67616d0000b2732400ac386683db43a1ee084c
2025.07.17 21:46:06 core.spotify_handler INFO     Metadata applied: download/download/Unutamadım.m4a
2025.07.17 21:46:08 core.webprofile      INFO     firefox brauzerindən cookies istifadə edilir.
2025.07.17 21:46:08 core.webprofile      INFO     Seçilmiş User-Agent: Mozilla/5.0 (iPhone; CPU iPhone OS 17_2 like Mac OS X) AppleWebKit/605.1.15 (KHTML, like Gecko) Version/17.2 Mobile/15E148 Safari/604.1
2025.07.17 21:46:14 core.spotify_handler INFO     Added Spotify thumbnail: https://i.scdn.co/image/ab67616d0000b273bad579bcdcb3935bf3a5e84d
2025.07.17 21:46:14 core.spotify_handler INFO     Metadata applied: download/download/Özledim Her Şeyini.m4a
2025.07.17 21:46:17 core.webprofile      INFO     firefox brauzerindən cookies istifadə edilir.
2025.07.17 21:46:17 core.webprofile      INFO     Seçilmiş User-Agent: Mozilla/5.0 (iPad; CPU OS 17_2 like Mac OS X) AppleWebKit/605.1.15 (KHTML, like Gecko) Version/17.2 Mobile/15E148 Safari/604.1
2025.07.17 21:46:25 core.spotify_handler INFO     Added Spotify thumbnail: https://i.scdn.co/image/ab67616d0000b273191a0b70e3b58d19ba6d2af3
2025.07.17 21:46:25 core.spotify_handler INFO     Metadata applied: download/download/Öyle Sarhoş Olsam ki.m4a
2025.07.17 21:46:26 core.webprofile      INFO     firefox brauzerindən cookies istifadə edilir.
2025.07.17 21:46:26 core.webprofile      INFO     Seçilmiş User-Agent: Mozilla/5.0 (iPhone; CPU iPhone OS 17_2 like Mac OS X) AppleWebKit/605.1.15 (KHTML, like Gecko) Version/17.2 Mobile/15E148 Safari/604.1
2025.07.17 21:46:32 core.spotify_handler INFO     Added Spotify thumbnail: https://i.scdn.co/image/ab67616d0000b2739a075ccf085b7eb3f6d9b42b
2025.07.17 21:46:32 core.spotify_handler INFO     Metadata applied: download/download/Sarı Laleler.m4a
2025.07.17 21:46:34 core.webprofile      INFO     firefox brauzerindən cookies istifadə edilir.
2025.07.17 21:46:34 core.webprofile      INFO     Seçilmiş User-Agent: Mozilla/5.0 (Linux; Android 14; Pixel 8 Pro) AppleWebKit/537.36 (KHTML, like Gecko) Chrome/122.0.0.0 Mobile Safari/537.36
2025.07.17 21:46:41 core.spotify_handler INFO     Added Spotify thumbnail: https://i.scdn.co/image/ab67616d0000b273e9b96d45db253c06b6d15cde
2025.07.17 21:46:41 core.spotify_handler INFO     Metadata applied: download/download/İlk Gün Gibi.m4a
2025.07.17 21:46:43 core.webprofile      INFO     firefox brauzerindən cookies istifadə edilir.
2025.07.17 21:46:43 core.webprofile      INFO     Seçilmiş User-Agent: Mozilla/5.0 (Windows NT 10.0; Win64; x64) AppleWebKit/537.36 (KHTML, like Gecko) Edge/120.0.0.0 Safari/537.36
2025.07.17 21:46:49 core.spotify_handler INFO     Added Spotify thumbnail: https://i.scdn.co/image/ab67616d0000b2737056144bd5b58ec971c745a8
2025.07.17 21:46:49 core.spotify_handler INFO     Metadata applied: download/download/Tanımam Senden Başka.m4a
2025.07.17 21:46:51 core.webprofile      INFO     firefox brauzerindən cookies istifadə edilir.
2025.07.17 21:46:51 core.webprofile      INFO     Seçilmiş User-Agent: Mozilla/5.0 (Windows NT 10.0; Win64; x64) AppleWebKit/537.36 (KHTML, like Gecko) Edge/120.0.0.0 Safari/537.36
2025.07.17 21:46:57 core.spotify_handler INFO     Added Spotify thumbnail: https://i.scdn.co/image/ab67616d0000b2738c660d78f8b32c260d481d0f
2025.07.17 21:46:57 core.spotify_handler INFO     Metadata applied: download/download/Ben İmkansız Aşklar İçin Yaratılmışım - Firuz İsmailov  Akustik.m4a
2025.07.17 21:47:10 core.webprofile      INFO     firefox brauzerindən cookies istifadə edilir.
2025.07.17 21:47:10 core.webprofile      INFO     Seçilmiş User-Agent: Mozilla/5.0 (Macintosh; Intel Mac OS X 10_15_7) AppleWebKit/537.36 (KHTML, like Gecko) Chrome/122.0.0.0 Safari/537.36
2025.07.17 21:47:17 core.spotify_handler INFO     Added Spotify thumbnail: https://i.scdn.co/image/ab67616d0000b27351046f18680dd89368164e0e
2025.07.17 21:47:17 core.spotify_handler INFO     Metadata applied: download/download/1980.m4a
2025.07.17 21:47:19 core.webprofile      INFO     firefox brauzerindən cookies istifadə edilir.
2025.07.17 21:47:19 core.webprofile      INFO     Seçilmiş User-Agent: Mozilla/5.0 (Windows NT 10.0; Win64; x64) AppleWebKit/537.36 (KHTML, like Gecko) Edge/120.0.0.0 Safari/537.36
2025.07.17 21:47:25 core.spotify_handler INFO     Added Spotify thumbnail: https://i.scdn.co/image/ab67616d0000b273828e6cbb9882b7e315d63121
2025.07.17 21:47:25 core.spotify_handler INFO     Metadata applied: download/download/Ben İmkansız Aşklar İçin Yaratılmışım.m4a
2025.07.17 21:47:26 core.webprofile      INFO     firefox brauzerindən cookies istifadə edilir.
2025.07.17 21:47:26 core.webprofile      INFO     Seçilmiş User-Agent: Mozilla/5.0 (iPad; CPU OS 17_2 like Mac OS X) AppleWebKit/605.1.15 (KHTML, like Gecko) Version/17.2 Mobile/15E148 Safari/604.1
2025.07.17 21:47:33 core.spotify_handler INFO     Added Spotify thumbnail: https://i.scdn.co/image/ab67616d0000b2738088410769434e7e0b64ac05
2025.07.17 21:47:33 core.spotify_handler INFO     Metadata applied: download/download/Perişanım Şimdi.m4a
2025.07.17 21:47:36 core.webprofile      INFO     firefox brauzerindən cookies istifadə edilir.
2025.07.17 21:47:36 core.webprofile      INFO     Seçilmiş User-Agent: Mozilla/5.0 (iPhone; CPU iPhone OS 17_2 like Mac OS X) AppleWebKit/605.1.15 (KHTML, like Gecko) Version/17.2 Mobile/15E148 Safari/604.1
2025.07.17 21:47:42 core.spotify_handler INFO     Added Spotify thumbnail: https://i.scdn.co/image/ab67616d0000b27310d08cc905c1b07d14978bfc
2025.07.17 21:47:42 core.spotify_handler INFO     Metadata applied: download/download/Bir de Bana Sor.m4a
2025.07.17 21:47:45 core.webprofile      INFO     firefox brauzerindən cookies istifadə edilir.
2025.07.17 21:47:45 core.webprofile      INFO     Seçilmiş User-Agent: Mozilla/5.0 (X11; Linux x86_64) AppleWebKit/537.36 (KHTML, like Gecko) Chrome/122.0.0.0 Safari/537.36
2025.07.17 21:47:50 core.spotify_handler INFO     Added Spotify thumbnail: https://i.scdn.co/image/ab67616d0000b273ac9292cc0cf68d186733004d
2025.07.17 21:47:50 core.spotify_handler INFO     Metadata applied: download/download/Sen Evlisin.m4a
2025.07.17 21:47:52 core.webprofile      INFO     firefox brauzerindən cookies istifadə edilir.
2025.07.17 21:47:52 core.webprofile      INFO     Seçilmiş User-Agent: Mozilla/5.0 (iPhone; CPU iPhone OS 17_2 like Mac OS X) AppleWebKit/605.1.15 (KHTML, like Gecko) Version/17.2 Mobile/15E148 Safari/604.1
2025.07.17 21:47:59 core.spotify_handler INFO     Added Spotify thumbnail: https://i.scdn.co/image/ab67616d0000b273ac9292cc0cf68d186733004d
2025.07.17 21:47:59 core.spotify_handler INFO     Metadata applied: download/download/Gözüm Seni Görmese De.m4a
2025.07.17 21:48:01 core.webprofile      INFO     firefox brauzerindən cookies istifadə edilir.
2025.07.17 21:48:01 core.webprofile      INFO     Seçilmiş User-Agent: Mozilla/5.0 (Windows NT 10.0; Win64; x64) AppleWebKit/537.36 (KHTML, like Gecko) Chrome/122.0.0.0 Safari/537.36
2025.07.17 21:48:09 core.spotify_handler INFO     Added Spotify thumbnail: https://i.scdn.co/image/ab67616d0000b273cc3e5a1f94e2d32933427557
2025.07.17 21:48:09 core.spotify_handler INFO     Metadata applied: download/download/Büklüm Büklüm.m4a
2025.07.17 21:48:11 core.webprofile      INFO     firefox brauzerindən cookies istifadə edilir.
2025.07.17 21:48:11 core.webprofile      INFO     Seçilmiş User-Agent: Mozilla/5.0 (Windows NT 10.0; Win64; x64; rv:120.0) Gecko/20100101 Firefox/120.0
2025.07.17 21:48:18 core.spotify_handler INFO     Added Spotify thumbnail: https://i.scdn.co/image/ab67616d0000b273a8e369f03ea86bdbd79bf68b
2025.07.17 21:48:18 core.spotify_handler INFO     Metadata applied: download/download/Sarılınca Sana.m4a
2025.07.17 21:48:19 core.webprofile      INFO     firefox brauzerindən cookies istifadə edilir.
2025.07.17 21:48:19 core.webprofile      INFO     Seçilmiş User-Agent: Mozilla/5.0 (Linux; Android 14; Pixel 8 Pro) AppleWebKit/537.36 (KHTML, like Gecko) Chrome/122.0.0.0 Mobile Safari/537.36
2025.07.17 21:48:26 core.spotify_handler INFO     Added Spotify thumbnail: https://i.scdn.co/image/ab67616d0000b273a615415ae1751e777b2fa5b2
2025.07.17 21:48:26 core.spotify_handler INFO     Metadata applied: download/download/Büklüm Büklüm.m4a
2025.07.17 21:48:28 core.webprofile      INFO     firefox brauzerindən cookies istifadə edilir.
2025.07.17 21:48:28 core.webprofile      INFO     Seçilmiş User-Agent: Mozilla/5.0 (X11; Linux x86_64) AppleWebKit/537.36 (KHTML, like Gecko) Chrome/122.0.0.0 Safari/537.36
2025.07.17 21:48:35 core.spotify_handler INFO     Added Spotify thumbnail: https://i.scdn.co/image/ab67616d0000b27393793f9086704ef2cbc6c34e
2025.07.17 21:48:35 core.spotify_handler INFO     Metadata applied: download/download/Gidiyorum.m4a
2025.07.17 21:48:37 core.webprofile      INFO     firefox brauzerindən cookies istifadə edilir.
2025.07.17 21:48:37 core.webprofile      INFO     Seçilmiş User-Agent: Mozilla/5.0 (Windows NT 10.0; Win64; x64) AppleWebKit/537.36 (KHTML, like Gecko) Edge/120.0.0.0 Safari/537.36
2025.07.17 21:48:43 core.spotify_handler INFO     Added Spotify thumbnail: https://i.scdn.co/image/ab67616d0000b273a615415ae1751e777b2fa5b2
2025.07.17 21:48:43 core.spotify_handler INFO     Metadata applied: download/download/Pardon.m4a
2025.07.17 21:48:45 core.webprofile      INFO     firefox brauzerindən cookies istifadə edilir.
2025.07.17 21:48:45 core.webprofile      INFO     Seçilmiş User-Agent: Mozilla/5.0 (iPad; CPU OS 17_2 like Mac OS X) AppleWebKit/605.1.15 (KHTML, like Gecko) Version/17.2 Mobile/15E148 Safari/604.1
2025.07.17 21:48:51 core.spotify_handler INFO     Added Spotify thumbnail: https://i.scdn.co/image/ab67616d0000b273fe798523cce55da0b53390ef
2025.07.17 21:48:51 core.spotify_handler INFO     Metadata applied: download/download/Mühürledim Seni Kalbime (Bir Hadise Var).m4a
2025.07.17 21:48:53 core.webprofile      INFO     firefox brauzerindən cookies istifadə edilir.
2025.07.17 21:48:53 core.webprofile      INFO     Seçilmiş User-Agent: Mozilla/5.0 (iPad; CPU OS 17_2 like Mac OS X) AppleWebKit/605.1.15 (KHTML, like Gecko) Version/17.2 Mobile/15E148 Safari/604.1
2025.07.17 21:48:59 core.spotify_handler INFO     Added Spotify thumbnail: https://i.scdn.co/image/ab67616d0000b273ac9292cc0cf68d186733004d
2025.07.17 21:48:59 core.spotify_handler INFO     Metadata applied: download/download/Ağlıyorsam Yaşıyorum.m4a
2025.07.17 21:49:01 core.webprofile      INFO     firefox brauzerindən cookies istifadə edilir.
2025.07.17 21:49:01 core.webprofile      INFO     Seçilmiş User-Agent: Mozilla/5.0 (Windows NT 10.0; Win64; x64) AppleWebKit/537.36 (KHTML, like Gecko) Chrome/122.0.0.0 Safari/537.36
2025.07.17 21:49:07 core.spotify_handler INFO     Added Spotify thumbnail: https://i.scdn.co/image/ab67616d0000b273429081d09854e0c6fe1041e7
2025.07.17 21:49:07 core.spotify_handler INFO     Metadata applied: download/download/Soruyor musun.m4a
2025.07.17 21:49:09 core.webprofile      INFO     firefox brauzerindən cookies istifadə edilir.
2025.07.17 21:49:09 core.webprofile      INFO     Seçilmiş User-Agent: Mozilla/5.0 (Windows NT 10.0; Win64; x64) AppleWebKit/537.36 (KHTML, like Gecko) Chrome/122.0.0.0 Safari/537.36
2025.07.17 21:49:15 core.spotify_handler INFO     Added Spotify thumbnail: https://i.scdn.co/image/ab67616d0000b2732a7209953637c1722883711e
2025.07.17 21:49:15 core.spotify_handler INFO     Metadata applied: download/download/Dilimin Ucunda Kelimeler.m4a
2025.07.17 21:49:17 core.webprofile      INFO     firefox brauzerindən cookies istifadə edilir.
2025.07.17 21:49:17 core.webprofile      INFO     Seçilmiş User-Agent: Mozilla/5.0 (Macintosh; Intel Mac OS X 10_15_7) AppleWebKit/537.36 (KHTML, like Gecko) Chrome/122.0.0.0 Safari/537.36
2025.07.17 21:49:23 core.spotify_handler INFO     Added Spotify thumbnail: https://i.scdn.co/image/ab67616d0000b273a615415ae1751e777b2fa5b2
2025.07.17 21:49:23 core.spotify_handler INFO     Metadata applied: download/download/Kurşuni Renkler.m4a
2025.07.17 21:49:55 core.webprofile      INFO     firefox brauzerindən cookies istifadə edilir.
2025.07.17 21:49:55 core.webprofile      INFO     Seçilmiş User-Agent: Mozilla/5.0 (iPad; CPU OS 17_2 like Mac OS X) AppleWebKit/605.1.15 (KHTML, like Gecko) Version/17.2 Mobile/15E148 Safari/604.1
2025.07.17 21:50:00 core.spotify_handler INFO     Added Spotify thumbnail: https://i.scdn.co/image/ab67616d0000b27397995ea71b41ea4a8271353a
2025.07.17 21:50:00 core.spotify_handler INFO     Metadata applied: download/download/Masum Değiliz.m4a
2025.07.17 21:50:02 core.webprofile      INFO     firefox brauzerindən cookies istifadə edilir.
2025.07.17 21:50:02 core.webprofile      INFO     Seçilmiş User-Agent: Mozilla/5.0 (iPad; CPU OS 17_2 like Mac OS X) AppleWebKit/605.1.15 (KHTML, like Gecko) Version/17.2 Mobile/15E148 Safari/604.1
2025.07.17 21:50:10 core.spotify_handler INFO     Added Spotify thumbnail: https://i.scdn.co/image/ab67616d0000b2731bbe204ac23e3fa6d2286047
2025.07.17 21:50:10 core.spotify_handler INFO     Metadata applied: download/download/Sigara.m4a
2025.07.17 21:50:12 core.webprofile      INFO     firefox brauzerindən cookies istifadə edilir.
2025.07.17 21:50:12 core.webprofile      INFO     Seçilmiş User-Agent: Mozilla/5.0 (Windows NT 10.0; Win64; x64) AppleWebKit/537.36 (KHTML, like Gecko) Edge/120.0.0.0 Safari/537.36
2025.07.17 21:50:18 core.spotify_handler INFO     Added Spotify thumbnail: https://i.scdn.co/image/ab67616d0000b273bc452894542fc156919d6d8e
2025.07.17 21:50:18 core.spotify_handler INFO     Metadata applied: download/download/Dönsen Bile.m4a
2025.07.17 21:50:20 core.webprofile      INFO     firefox brauzerindən cookies istifadə edilir.
2025.07.17 21:50:20 core.webprofile      INFO     Seçilmiş User-Agent: Mozilla/5.0 (iPhone; CPU iPhone OS 17_2 like Mac OS X) AppleWebKit/605.1.15 (KHTML, like Gecko) Version/17.2 Mobile/15E148 Safari/604.1
2025.07.17 21:50:25 core.spotify_handler INFO     Added Spotify thumbnail: https://i.scdn.co/image/ab67616d0000b273b3b7eaa6d3f742bd10da7f63
2025.07.17 21:50:25 core.spotify_handler INFO     Metadata applied: download/download/Bir Sevmek Bin Defa Ölmek Demekmiş.m4a
2025.07.17 21:50:27 core.webprofile      INFO     firefox brauzerindən cookies istifadə edilir.
2025.07.17 21:50:27 core.webprofile      INFO     Seçilmiş User-Agent: Mozilla/5.0 (Linux; Android 14; SM-G998B) AppleWebKit/537.36 (KHTML, like Gecko) Chrome/122.0.0.0 Mobile Safari/537.36
2025.07.17 21:50:33 core.spotify_handler INFO     Added Spotify thumbnail: https://i.scdn.co/image/ab67616d0000b273fe798523cce55da0b53390ef
2025.07.17 21:50:33 core.spotify_handler INFO     Metadata applied: download/download/Gitme Kal Bu Şehirde.m4a
2025.07.18 19:05:35 aiogram.event        INFO     Update id=708350387 is not handled. Duration 5 ms by bot id=7599030242
2025.07.18 19:05:35 aiogram.event        INFO     Update id=708350388 is not handled. Duration 9 ms by bot id=7599030242
2025.07.18 19:05:47 aiogram.event        INFO     Update id=708350389 is not handled. Duration 0 ms by bot id=7599030242
2025.07.18 19:05:51 aiogram.event        INFO     Update id=708350390 is not handled. Duration 0 ms by bot id=7599030242
2025.07.18 19:05:51 aiogram.event        INFO     Update id=708350391 is not handled. Duration 14 ms by bot id=7599030242
2025.07.18 19:05:51 aiogram.event        INFO     Update id=708350392 is not handled. Duration 4 ms by bot id=7599030242
2025.07.18 19:06:18 aiogram.event        INFO     Update id=708350393 is not handled. Duration 2 ms by bot id=7599030242
2025.07.18 19:07:16 core.webprofile      INFO     firefox brauzerindən cookies istifadə edilir.
2025.07.18 19:07:16 core.webprofile      INFO     Seçilmiş User-Agent: Mozilla/5.0 (X11; Linux x86_64) AppleWebKit/537.36 (KHTML, like Gecko) Chrome/122.0.0.0 Safari/537.36
2025.07.18 19:07:19 aiogram.event        INFO     Update id=708350394 is handled. Duration 3294 ms by bot id=7599030242
2025.07.18 19:07:33 aiogram.event        INFO     Update id=708350395 is not handled. Duration 0 ms by bot id=7599030242
2025.07.18 19:07:42 aiogram.event        INFO     Update id=708350396 is handled. Duration 115 ms by bot id=7599030242
2025.07.18 19:07:42 core.spotify_handler INFO     Fetching playlist data: 326NvYosMuOggBm7YeozUh
2025.07.18 19:07:43 aiogram.event        INFO     Update id=708350397 is not handled. Duration 2 ms by bot id=7599030242
2025.07.18 19:07:45 core.webprofile      INFO     firefox brauzerindən cookies istifadə edilir.
2025.07.18 19:07:45 core.webprofile      INFO     Seçilmiş User-Agent: Mozilla/5.0 (Linux; Android 14; SM-G998B) AppleWebKit/537.36 (KHTML, like Gecko) Chrome/122.0.0.0 Mobile Safari/537.36
2025.07.18 19:07:51 core.spotify_handler INFO     Added Spotify thumbnail: https://i.scdn.co/image/ab67616d0000b2734ca5ac7ef91094fdbee30349
2025.07.18 19:07:51 core.spotify_handler INFO     Metadata applied: download/download/Mud Digger.m4a
2025.07.18 19:07:54 core.webprofile      INFO     firefox brauzerindən cookies istifadə edilir.
2025.07.18 19:07:54 core.webprofile      INFO     Seçilmiş User-Agent: Mozilla/5.0 (Macintosh; Intel Mac OS X 10_15_7) AppleWebKit/537.36 (KHTML, like Gecko) Chrome/122.0.0.0 Safari/537.36
2025.07.18 19:08:00 core.spotify_handler INFO     Added Spotify thumbnail: https://i.scdn.co/image/ab67616d0000b273fa9d06b4c6eb6dc620e3e04e
2025.07.18 19:08:01 core.spotify_handler INFO     Metadata applied: download/download/#Тамада - Сингл.m4a
2025.07.18 19:08:03 core.webprofile      INFO     firefox brauzerindən cookies istifadə edilir.
2025.07.18 19:08:03 core.webprofile      INFO     Seçilmiş User-Agent: Mozilla/5.0 (Macintosh; Intel Mac OS X 10_15_7) AppleWebKit/537.36 (KHTML, like Gecko) Chrome/122.0.0.0 Safari/537.36
2025.07.18 19:08:10 core.spotify_handler INFO     Added Spotify thumbnail: https://i.scdn.co/image/ab67616d0000b2730f85b02e8b03819138838b03
2025.07.18 19:08:10 core.spotify_handler INFO     Metadata applied: download/download/Muevelo.m4a
2025.07.18 19:08:11 core.webprofile      INFO     firefox brauzerindən cookies istifadə edilir.
2025.07.18 19:08:11 core.webprofile      INFO     Seçilmiş User-Agent: Mozilla/5.0 (Windows NT 10.0; Win64; x64) AppleWebKit/537.36 (KHTML, like Gecko) Chrome/122.0.0.0 Safari/537.36
2025.07.18 19:08:16 aiogram.event        INFO     Update id=708350398 is not handled. Duration 195 ms by bot id=7599030242
2025.07.18 19:08:17 core.spotify_handler INFO     Added Spotify thumbnail: https://i.scdn.co/image/ab67616d0000b27391bdf7cebec733e8ebb6f45c
2025.07.18 19:08:17 core.spotify_handler INFO     Metadata applied: download/download/Super Ñengo Flow.m4a
2025.07.18 19:08:18 aiogram.event        INFO     Update id=708350399 is handled. Duration 180 ms by bot id=7599030242
2025.07.18 19:08:18 core.spotify_handler INFO     Fetching playlist data: 58pOpgCic0nlGPpCOfNkl7
2025.07.18 19:08:20 aiogram.event        INFO     Update id=708350400 is not handled. Duration 3 ms by bot id=7599030242
2025.07.18 19:08:20 core.webprofile      INFO     firefox brauzerindən cookies istifadə edilir.
2025.07.18 19:08:20 core.webprofile      INFO     Seçilmiş User-Agent: Mozilla/5.0 (Windows NT 10.0; Win64; x64) AppleWebKit/537.36 (KHTML, like Gecko) Edge/120.0.0.0 Safari/537.36
2025.07.18 19:08:21 core.webprofile      INFO     firefox brauzerindən cookies istifadə edilir.
2025.07.18 19:08:21 core.webprofile      INFO     Seçilmiş User-Agent: Mozilla/5.0 (iPhone; CPU iPhone OS 17_2 like Mac OS X) AppleWebKit/605.1.15 (KHTML, like Gecko) Version/17.2 Mobile/15E148 Safari/604.1
2025.07.18 19:08:29 core.spotify_handler INFO     Added Spotify thumbnail: https://i.scdn.co/image/ab67616d0000b2733ee17dc623708b098d8e2e42
2025.07.18 19:08:29 core.spotify_handler INFO     Metadata applied: download/download/Intro Teléfono + Perreo Rkt.m4a
2025.07.18 19:08:29 core.spotify_handler INFO     Added Spotify thumbnail: https://i.scdn.co/image/ab67616d0000b273da08e6c5abf643bbba4de9fb
2025.07.18 19:08:29 core.spotify_handler INFO     Metadata applied: download/download/Lotular.m4a
2025.07.18 19:08:31 core.webprofile      INFO     firefox brauzerindən cookies istifadə edilir.
2025.07.18 19:08:31 core.webprofile      INFO     Seçilmiş User-Agent: Mozilla/5.0 (X11; Ubuntu; Linux x86_64; rv:120.0) Gecko/20100101 Firefox/120.0
2025.07.18 19:08:31 core.webprofile      INFO     firefox brauzerindən cookies istifadə edilir.
2025.07.18 19:08:31 core.webprofile      INFO     Seçilmiş User-Agent: Mozilla/5.0 (Linux; Android 14; Pixel 8 Pro) AppleWebKit/537.36 (KHTML, like Gecko) Chrome/122.0.0.0 Mobile Safari/537.36
2025.07.18 19:08:40 core.spotify_handler INFO     Added Spotify thumbnail: https://i.scdn.co/image/ab67616d0000b273975e235e433edbcb2e845d87
2025.07.18 19:08:40 core.spotify_handler INFO     Metadata applied: download/download/Ay Brat.m4a
2025.07.18 19:08:40 core.spotify_handler INFO     Added Spotify thumbnail: https://i.scdn.co/image/ab67616d0000b27363bc619db7cc3a7bed94662a
2025.07.18 19:08:40 core.spotify_handler INFO     Metadata applied: download/download/Dembow Pa Abajo.m4a
2025.07.18 19:08:42 core.webprofile      INFO     firefox brauzerindən cookies istifadə edilir.
2025.07.18 19:08:42 core.webprofile      INFO     Seçilmiş User-Agent: Mozilla/5.0 (Windows NT 10.0; Win64; x64) AppleWebKit/537.36 (KHTML, like Gecko) Chrome/122.0.0.0 Safari/537.36
2025.07.18 19:08:43 core.webprofile      INFO     firefox brauzerindən cookies istifadə edilir.
2025.07.18 19:08:43 core.webprofile      INFO     Seçilmiş User-Agent: Mozilla/5.0 (Windows NT 10.0; Win64; x64; rv:120.0) Gecko/20100101 Firefox/120.0
2025.07.18 19:08:51 core.spotify_handler INFO     Added Spotify thumbnail: https://i.scdn.co/image/ab67616d0000b273c5fae9a6ada4f0e67652a48d
2025.07.18 19:08:51 core.spotify_handler INFO     Metadata applied: download/download/Sovetski.m4a
2025.07.18 19:08:51 core.spotify_handler INFO     Added Spotify thumbnail: https://i.scdn.co/image/ab67616d0000b2737d3803724f91118054120943
2025.07.18 19:08:51 core.spotify_handler INFO     Metadata applied: download/download/Intro el Father + Perra Palga RKT.m4a
2025.07.18 19:08:53 core.webprofile      INFO     firefox brauzerindən cookies istifadə edilir.
2025.07.18 19:08:53 core.webprofile      INFO     Seçilmiş User-Agent: Mozilla/5.0 (Macintosh; Intel Mac OS X 10_15_7) AppleWebKit/537.36 (KHTML, like Gecko) Chrome/122.0.0.0 Safari/537.36
2025.07.18 19:08:53 core.webprofile      INFO     firefox brauzerindən cookies istifadə edilir.
2025.07.18 19:08:53 core.webprofile      INFO     Seçilmiş User-Agent: Mozilla/5.0 (X11; Ubuntu; Linux x86_64; rv:120.0) Gecko/20100101 Firefox/120.0
2025.07.18 19:09:03 core.spotify_handler INFO     Added Spotify thumbnail: https://i.scdn.co/image/ab67616d0000b273a6a731fdf5ee68f169aa9ba2
2025.07.18 19:09:03 core.spotify_handler INFO     Metadata applied: download/download/Sende Derin.m4a
2025.07.18 19:09:03 core.spotify_handler INFO     Added Spotify thumbnail: https://i.scdn.co/image/ab67616d0000b273a2a01a93516a6da6f0a8126b
2025.07.18 19:09:03 core.spotify_handler INFO     Metadata applied: download/download/EL HECHIZO.m4a
2025.07.18 19:09:05 core.webprofile      INFO     firefox brauzerindən cookies istifadə edilir.
2025.07.18 19:09:05 core.webprofile      INFO     Seçilmiş User-Agent: Mozilla/5.0 (Linux; Android 14; Pixel 8 Pro) AppleWebKit/537.36 (KHTML, like Gecko) Chrome/122.0.0.0 Mobile Safari/537.36
2025.07.18 19:09:06 core.webprofile      INFO     firefox brauzerindən cookies istifadə edilir.
2025.07.18 19:09:06 core.webprofile      INFO     Seçilmiş User-Agent: Mozilla/5.0 (Windows NT 10.0; Win64; x64; rv:120.0) Gecko/20100101 Firefox/120.0
2025.07.18 19:09:14 core.spotify_handler INFO     Added Spotify thumbnail: https://i.scdn.co/image/ab67616d0000b2734eac18d645f70ea79a6e73b0
2025.07.18 19:09:14 core.spotify_handler INFO     Metadata applied: download/download/Dembow Pa Bajo (Remix).m4a
2025.07.18 19:09:15 core.spotify_handler INFO     Added Spotify thumbnail: https://i.scdn.co/image/ab67616d0000b27397c5c0c28842d7fbeae300bd
2025.07.18 19:09:15 core.spotify_handler INFO     Metadata applied: download/download/Popuri.m4a
2025.07.18 19:09:17 core.webprofile      INFO     firefox brauzerindən cookies istifadə edilir.
2025.07.18 19:09:17 core.webprofile      INFO     Seçilmiş User-Agent: Mozilla/5.0 (Linux; Android 14; SM-G998B) AppleWebKit/537.36 (KHTML, like Gecko) Chrome/122.0.0.0 Mobile Safari/537.36
2025.07.18 19:09:17 core.webprofile      INFO     firefox brauzerindən cookies istifadə edilir.
2025.07.18 19:09:17 core.webprofile      INFO     Seçilmiş User-Agent: Mozilla/5.0 (iPad; CPU OS 17_2 like Mac OS X) AppleWebKit/605.1.15 (KHTML, like Gecko) Version/17.2 Mobile/15E148 Safari/604.1
2025.07.18 19:09:26 core.spotify_handler INFO     Added Spotify thumbnail: https://i.scdn.co/image/ab67616d0000b27308c1c9cba7dc84118976e66d
2025.07.18 19:09:26 core.spotify_handler INFO     Metadata applied: download/download/GOOBA.m4a
2025.07.18 19:09:26 core.spotify_handler INFO     Added Spotify thumbnail: https://i.scdn.co/image/ab67616d0000b27368a430682f2eac741b2358f4
2025.07.18 19:09:26 core.spotify_handler INFO     Metadata applied: download/download/Unuda Bilmirem.m4a
2025.07.18 19:09:27 core.webprofile      INFO     firefox brauzerindən cookies istifadə edilir.
2025.07.18 19:09:27 core.webprofile      INFO     Seçilmiş User-Agent: Mozilla/5.0 (Linux; Android 14; SM-G998B) AppleWebKit/537.36 (KHTML, like Gecko) Chrome/122.0.0.0 Mobile Safari/537.36
2025.07.18 19:09:28 core.webprofile      INFO     firefox brauzerindən cookies istifadə edilir.
2025.07.18 19:09:28 core.webprofile      INFO     Seçilmiş User-Agent: Mozilla/5.0 (Windows NT 10.0; Win64; x64) AppleWebKit/537.36 (KHTML, like Gecko) Chrome/122.0.0.0 Safari/537.36
2025.07.18 19:09:36 core.spotify_handler INFO     Added Spotify thumbnail: https://i.scdn.co/image/ab67616d0000b27340bb7015344e6d31af3827e0
2025.07.18 19:09:36 core.spotify_handler INFO     Metadata applied: download/download/Sodium.m4a
2025.07.18 19:09:36 plugins.spotify_plugin ERROR    Mesaj redaktə xətası: Telegram server says - Bad Request: message to edit not found
2025.07.18 19:09:37 plugins.youtube_plugin INFO     User 7570255525 cancelled download
2025.07.18 19:09:37 aiogram.event        INFO     Update id=708350401 is handled. Duration 5260 ms by bot id=7599030242
2025.07.18 19:09:38 core.webprofile      INFO     firefox brauzerindən cookies istifadə edilir.
2025.07.18 19:09:38 core.webprofile      INFO     Seçilmiş User-Agent: Mozilla/5.0 (Windows NT 10.0; Win64; x64) AppleWebKit/537.36 (KHTML, like Gecko) Edge/120.0.0.0 Safari/537.36
2025.07.18 19:09:45 core.spotify_handler INFO     Added Spotify thumbnail: https://i.scdn.co/image/ab67616d0000b273d87475312726ea4c4784eff4
2025.07.18 19:09:45 core.spotify_handler INFO     Metadata applied: download/download/Mini Mini.m4a
2025.07.18 19:09:45 plugins.spotify_plugin ERROR    Mesaj redaktə xətası: Telegram server says - Bad Request: message to edit not found
2025.07.18 19:09:47 core.webprofile      INFO     firefox brauzerindən cookies istifadə edilir.
2025.07.18 19:09:47 core.webprofile      INFO     Seçilmiş User-Agent: Mozilla/5.0 (Macintosh; Intel Mac OS X 10_15_7) AppleWebKit/537.36 (KHTML, like Gecko) Chrome/122.0.0.0 Safari/537.36
2025.07.18 19:09:53 core.spotify_handler INFO     Added Spotify thumbnail: https://i.scdn.co/image/ab67616d0000b273907d4d80c728204484e86e3a
2025.07.18 19:09:53 core.spotify_handler INFO     Metadata applied: download/download/WEKE - Afro Mix 2024.m4a
2025.07.18 19:09:53 plugins.spotify_plugin ERROR    Mesaj redaktə xətası: Telegram server says - Bad Request: message to edit not found
2025.07.18 19:09:55 core.webprofile      INFO     firefox brauzerindən cookies istifadə edilir.
2025.07.18 19:09:55 core.webprofile      INFO     Seçilmiş User-Agent: Mozilla/5.0 (iPhone; CPU iPhone OS 17_2 like Mac OS X) AppleWebKit/605.1.15 (KHTML, like Gecko) Version/17.2 Mobile/15E148 Safari/604.1
2025.07.18 19:10:02 core.spotify_handler INFO     Added Spotify thumbnail: https://i.scdn.co/image/ab67616d0000b273fb105b8273a7cb60526a5c2c
2025.07.18 19:10:02 core.spotify_handler INFO     Metadata applied: download/download/Comitin Dedo.m4a
2025.07.18 19:10:03 plugins.spotify_plugin ERROR    Mesaj redaktə xətası: Telegram server says - Bad Request: message to edit not found
2025.07.18 19:10:04 core.webprofile      INFO     firefox brauzerindən cookies istifadə edilir.
2025.07.18 19:10:04 core.webprofile      INFO     Seçilmiş User-Agent: Mozilla/5.0 (iPhone; CPU iPhone OS 17_2 like Mac OS X) AppleWebKit/605.1.15 (KHTML, like Gecko) Version/17.2 Mobile/15E148 Safari/604.1
2025.07.18 19:10:11 core.spotify_handler INFO     Added Spotify thumbnail: https://i.scdn.co/image/ab67616d0000b27309c89736a6997280a3989f40
2025.07.18 19:10:11 core.spotify_handler INFO     Metadata applied: download/download/Ventulaté.m4a
2025.07.18 19:10:12 plugins.spotify_plugin ERROR    Mesaj redaktə xətası: Telegram server says - Bad Request: message to edit not found
2025.07.18 19:10:13 core.webprofile      INFO     firefox brauzerindən cookies istifadə edilir.
2025.07.18 19:10:13 core.webprofile      INFO     Seçilmiş User-Agent: Mozilla/5.0 (Windows NT 10.0; Win64; x64; rv:120.0) Gecko/20100101 Firefox/120.0
2025.07.18 19:10:21 core.spotify_handler INFO     Added Spotify thumbnail: https://i.scdn.co/image/ab67616d0000b273725499b873399a0ae18da7e1
2025.07.18 19:10:21 core.spotify_handler INFO     Metadata applied: download/download/CHAPA.m4a
2025.07.18 19:10:21 plugins.spotify_plugin ERROR    Mesaj redaktə xətası: Telegram server says - Bad Request: message to edit not found
2025.07.18 19:10:23 core.webprofile      INFO     firefox brauzerindən cookies istifadə edilir.
2025.07.18 19:10:23 core.webprofile      INFO     Seçilmiş User-Agent: Mozilla/5.0 (Macintosh; Intel Mac OS X 10_15_7) AppleWebKit/537.36 (KHTML, like Gecko) Chrome/122.0.0.0 Safari/537.36
2025.07.18 19:10:29 core.spotify_handler INFO     Added Spotify thumbnail: https://i.scdn.co/image/ab67616d0000b2733ba5fe56ce5af94fa656bbbb
2025.07.18 19:10:29 core.spotify_handler INFO     Metadata applied: download/download/Vuco Vuco.m4a
2025.07.18 19:10:29 plugins.spotify_plugin ERROR    Mesaj redaktə xətası: Telegram server says - Bad Request: message to edit not found
2025.07.18 19:10:31 core.webprofile      INFO     firefox brauzerindən cookies istifadə edilir.
2025.07.18 19:10:31 core.webprofile      INFO     Seçilmiş User-Agent: Mozilla/5.0 (X11; Linux x86_64) AppleWebKit/537.36 (KHTML, like Gecko) Chrome/122.0.0.0 Safari/537.36
2025.07.18 19:10:37 core.spotify_handler INFO     Added Spotify thumbnail: https://i.scdn.co/image/ab67616d0000b2735ad504c88f231573225fd06e
2025.07.18 19:10:37 core.spotify_handler INFO     Metadata applied: download/download/Umamu.m4a
2025.07.18 19:10:38 plugins.spotify_plugin ERROR    Mesaj redaktə xətası: Telegram server says - Bad Request: message to edit not found
2025.07.18 19:10:39 core.webprofile      INFO     firefox brauzerindən cookies istifadə edilir.
2025.07.18 19:10:39 core.webprofile      INFO     Seçilmiş User-Agent: Mozilla/5.0 (iPad; CPU OS 17_2 like Mac OS X) AppleWebKit/605.1.15 (KHTML, like Gecko) Version/17.2 Mobile/15E148 Safari/604.1
2025.07.18 19:10:45 core.spotify_handler INFO     Added Spotify thumbnail: https://i.scdn.co/image/ab67616d0000b273aa2370b7e0301f2a500373da
2025.07.18 19:10:45 core.spotify_handler INFO     Metadata applied: download/download/Vulgar.m4a
2025.07.18 19:10:46 plugins.spotify_plugin ERROR    Mesaj redaktə xətası: Telegram server says - Bad Request: message to edit not found
2025.07.18 19:10:47 core.webprofile      INFO     firefox brauzerindən cookies istifadə edilir.
2025.07.18 19:10:47 core.webprofile      INFO     Seçilmiş User-Agent: Mozilla/5.0 (X11; Ubuntu; Linux x86_64; rv:120.0) Gecko/20100101 Firefox/120.0
2025.07.18 19:10:54 core.spotify_handler INFO     Added Spotify thumbnail: https://i.scdn.co/image/ab67616d0000b27388f94b86dfc7f6dc91b2c919
2025.07.18 19:10:54 core.spotify_handler INFO     Metadata applied: download/download/CASTIGO.m4a
2025.07.18 19:10:55 plugins.spotify_plugin ERROR    Mesaj redaktə xətası: Telegram server says - Bad Request: message to edit not found
2025.07.18 19:10:56 core.webprofile      INFO     firefox brauzerindən cookies istifadə edilir.
2025.07.18 19:10:56 core.webprofile      INFO     Seçilmiş User-Agent: Mozilla/5.0 (Macintosh; Intel Mac OS X 10_15_7) AppleWebKit/537.36 (KHTML, like Gecko) Chrome/122.0.0.0 Safari/537.36
2025.07.18 19:11:00 aiogram.event        INFO     Update id=708350402 is not handled. Duration 169 ms by bot id=7599030242
2025.07.18 19:11:03 aiogram.event        INFO     Update id=708350403 is handled. Duration 301 ms by bot id=7599030242
2025.07.18 19:11:03 core.spotify_handler INFO     Fetching playlist data: 37iCipghG3ZPpuFuAL9Duv
2025.07.18 19:11:04 core.spotify_handler INFO     Added Spotify thumbnail: https://i.scdn.co/image/ab67616d0000b273e5abb869b021c3c5b2e8d701
2025.07.18 19:11:04 core.spotify_handler INFO     Metadata applied: download/download/Wakanda.m4a
2025.07.18 19:11:04 aiogram.event        INFO     Update id=708350404 is not handled. Duration 2 ms by bot id=7599030242
2025.07.18 19:11:04 plugins.spotify_plugin ERROR    Mesaj redaktə xətası: Telegram server says - Bad Request: message to edit not found
2025.07.18 19:11:06 core.webprofile      INFO     firefox brauzerindən cookies istifadə edilir.
2025.07.18 19:11:06 core.webprofile      INFO     Seçilmiş User-Agent: Mozilla/5.0 (X11; Linux x86_64) AppleWebKit/537.36 (KHTML, like Gecko) Chrome/122.0.0.0 Safari/537.36
2025.07.18 19:11:06 core.webprofile      INFO     firefox brauzerindən cookies istifadə edilir.
2025.07.18 19:11:06 core.webprofile      INFO     Seçilmiş User-Agent: Mozilla/5.0 (Linux; Android 14; SM-G998B) AppleWebKit/537.36 (KHTML, like Gecko) Chrome/122.0.0.0 Mobile Safari/537.36
2025.07.18 19:11:15 core.spotify_handler INFO     Added Spotify thumbnail: https://i.scdn.co/image/ab67616d0000b273d7ddae05b16e763bc82b69a5
2025.07.18 19:11:15 core.spotify_handler INFO     Metadata applied: download/download/M..m4a
2025.07.18 19:11:16 core.spotify_handler INFO     Added Spotify thumbnail: https://i.scdn.co/image/ab67616d0000b273d6fa44da706eb976926c8f78
2025.07.18 19:11:16 core.spotify_handler INFO     Metadata applied: download/download/Umbovukazi.m4a
2025.07.18 19:11:17 plugins.spotify_plugin ERROR    Mesaj redaktə xətası: Telegram server says - Bad Request: message to edit not found
2025.07.18 19:11:17 core.webprofile      INFO     firefox brauzerindən cookies istifadə edilir.
2025.07.18 19:11:17 core.webprofile      INFO     Seçilmiş User-Agent: Mozilla/5.0 (X11; Linux x86_64) AppleWebKit/537.36 (KHTML, like Gecko) Chrome/122.0.0.0 Safari/537.36
2025.07.18 19:11:18 core.webprofile      INFO     firefox brauzerindən cookies istifadə edilir.
2025.07.18 19:11:18 core.webprofile      INFO     Seçilmiş User-Agent: Mozilla/5.0 (Linux; Android 14; SM-G998B) AppleWebKit/537.36 (KHTML, like Gecko) Chrome/122.0.0.0 Mobile Safari/537.36
2025.07.18 19:11:26 core.spotify_handler INFO     Added Spotify thumbnail: https://i.scdn.co/image/ab67616d0000b2735ae1aa261c767fe5162dc14a
2025.07.18 19:11:26 core.spotify_handler INFO     Metadata applied: download/download/Belki.m4a
2025.07.18 19:11:27 core.spotify_handler INFO     Added Spotify thumbnail: https://i.scdn.co/image/ab67616d0000b2736a6d502f0886c62dddb6bc2c
2025.07.18 19:11:27 core.spotify_handler INFO     Metadata applied: download/download/Latinos a Bailar.m4a
2025.07.18 19:11:27 plugins.spotify_plugin ERROR    Mesaj redaktə xətası: Telegram server says - Bad Request: message to edit not found
2025.07.18 19:11:28 core.webprofile      INFO     firefox brauzerindən cookies istifadə edilir.
2025.07.18 19:11:28 core.webprofile      INFO     Seçilmiş User-Agent: Mozilla/5.0 (Macintosh; Intel Mac OS X 10_15_7) AppleWebKit/537.36 (KHTML, like Gecko) Chrome/122.0.0.0 Safari/537.36
2025.07.18 19:11:29 core.webprofile      INFO     firefox brauzerindən cookies istifadə edilir.
2025.07.18 19:11:29 core.webprofile      INFO     Seçilmiş User-Agent: Mozilla/5.0 (Linux; Android 14; SM-G998B) AppleWebKit/537.36 (KHTML, like Gecko) Chrome/122.0.0.0 Mobile Safari/537.36
2025.07.18 19:11:37 core.spotify_handler INFO     Added Spotify thumbnail: https://i.scdn.co/image/ab67616d0000b2730a787972d5156ba10cb12b56
2025.07.18 19:11:37 core.spotify_handler INFO     Metadata applied: download/download/Anlamazdın.m4a
2025.07.18 19:11:37 core.spotify_handler INFO     Added Spotify thumbnail: https://i.scdn.co/image/ab67616d0000b2736c1a2139a9bd729961e278d1
2025.07.18 19:11:37 core.spotify_handler INFO     Metadata applied: download/download/OEFF.m4a
2025.07.18 19:11:37 plugins.spotify_plugin ERROR    Mesaj redaktə xətası: Telegram server says - Bad Request: message to edit not found
2025.07.18 19:11:39 core.webprofile      INFO     firefox brauzerindən cookies istifadə edilir.
2025.07.18 19:11:39 core.webprofile      INFO     Seçilmiş User-Agent: Mozilla/5.0 (iPad; CPU OS 17_2 like Mac OS X) AppleWebKit/605.1.15 (KHTML, like Gecko) Version/17.2 Mobile/15E148 Safari/604.1
2025.07.18 19:11:39 core.webprofile      INFO     firefox brauzerindən cookies istifadə edilir.
2025.07.18 19:11:39 core.webprofile      INFO     Seçilmiş User-Agent: Mozilla/5.0 (Linux; Android 14; SM-G998B) AppleWebKit/537.36 (KHTML, like Gecko) Chrome/122.0.0.0 Mobile Safari/537.36
2025.07.18 19:11:47 core.spotify_handler INFO     Added Spotify thumbnail: https://i.scdn.co/image/ab67616d0000b2739aa96c06d5c346ccf6ffaf8d
2025.07.18 19:11:48 core.spotify_handler INFO     Metadata applied: download/download/Seni Dert Etmeler.m4a
2025.07.18 19:11:48 core.spotify_handler INFO     Added Spotify thumbnail: https://i.scdn.co/image/ab67616d0000b2736c1a2139a9bd729961e278d1
2025.07.18 19:11:48 core.spotify_handler INFO     Metadata applied: download/download/Loco.m4a
2025.07.18 19:11:48 plugins.spotify_plugin ERROR    Mesaj redaktə xətası: Telegram server says - Bad Request: message to edit not found
2025.07.18 19:11:49 core.webprofile      INFO     firefox brauzerindən cookies istifadə edilir.
2025.07.18 19:11:49 core.webprofile      INFO     Seçilmiş User-Agent: Mozilla/5.0 (Macintosh; Intel Mac OS X 10_15_7) AppleWebKit/537.36 (KHTML, like Gecko) Chrome/122.0.0.0 Safari/537.36
2025.07.18 19:11:50 core.webprofile      INFO     firefox brauzerindən cookies istifadə edilir.
2025.07.18 19:11:50 core.webprofile      INFO     Seçilmiş User-Agent: Mozilla/5.0 (Linux; Android 14; Pixel 8 Pro) AppleWebKit/537.36 (KHTML, like Gecko) Chrome/122.0.0.0 Mobile Safari/537.36
2025.07.18 19:11:58 core.spotify_handler INFO     Added Spotify thumbnail: https://i.scdn.co/image/ab67616d0000b2731ff298568ae4b92916d1b652
2025.07.18 19:11:58 core.spotify_handler INFO     Metadata applied: download/download/Son Arzum.m4a
2025.07.18 19:11:58 core.spotify_handler INFO     Added Spotify thumbnail: https://i.scdn.co/image/ab67616d0000b273602552a7daf881fff421b051
2025.07.18 19:11:58 core.spotify_handler INFO     Metadata applied: download/download/Diva.m4a
2025.07.18 19:11:59 plugins.spotify_plugin ERROR    Mesaj redaktə xətası: Telegram server says - Bad Request: message to edit not found
2025.07.18 19:12:01 core.webprofile      INFO     firefox brauzerindən cookies istifadə edilir.
2025.07.18 19:12:01 core.webprofile      INFO     Seçilmiş User-Agent: Mozilla/5.0 (Linux; Android 14; SM-G998B) AppleWebKit/537.36 (KHTML, like Gecko) Chrome/122.0.0.0 Mobile Safari/537.36
2025.07.18 19:12:01 core.webprofile      INFO     firefox brauzerindən cookies istifadə edilir.
2025.07.18 19:12:01 core.webprofile      INFO     Seçilmiş User-Agent: Mozilla/5.0 (iPad; CPU OS 17_2 like Mac OS X) AppleWebKit/605.1.15 (KHTML, like Gecko) Version/17.2 Mobile/15E148 Safari/604.1
2025.07.18 19:12:10 core.spotify_handler INFO     Added Spotify thumbnail: https://i.scdn.co/image/ab67616d0000b273a079fd5275879492b14244f3
2025.07.18 19:12:10 core.spotify_handler INFO     Metadata applied: download/download/Ana Al Ghaltan.m4a
2025.07.18 19:12:10 core.spotify_handler INFO     Added Spotify thumbnail: https://i.scdn.co/image/ab67616d0000b273d28234f00eb7e02763fd7f7f
2025.07.18 19:12:10 core.spotify_handler INFO     Metadata applied: download/download/Unutama Beni.m4a
2025.07.18 19:12:11 plugins.spotify_plugin ERROR    Mesaj redaktə xətası: Telegram server says - Bad Request: message to edit not found
2025.07.18 19:12:12 core.webprofile      INFO     firefox brauzerindən cookies istifadə edilir.
2025.07.18 19:12:12 core.webprofile      INFO     Seçilmiş User-Agent: Mozilla/5.0 (X11; Ubuntu; Linux x86_64; rv:120.0) Gecko/20100101 Firefox/120.0
2025.07.18 19:12:12 core.webprofile      INFO     firefox brauzerindən cookies istifadə edilir.
2025.07.18 19:12:12 core.webprofile      INFO     Seçilmiş User-Agent: Mozilla/5.0 (Windows NT 10.0; Win64; x64; rv:120.0) Gecko/20100101 Firefox/120.0
2025.07.18 19:12:21 core.spotify_handler INFO     Added Spotify thumbnail: https://i.scdn.co/image/ab67616d0000b27315ffaaba23d5eb8992a02ff2
2025.07.18 19:12:21 core.spotify_handler INFO     Metadata applied: download/download/Black Night.m4a
2025.07.18 19:12:21 core.spotify_handler INFO     Added Spotify thumbnail: https://i.scdn.co/image/ab67616d0000b27361d6750a0251c9499570e586
2025.07.18 19:12:21 core.spotify_handler INFO     Metadata applied: download/download/Gitme.m4a
2025.07.18 19:12:21 plugins.spotify_plugin ERROR    Mesaj redaktə xətası: Telegram server says - Bad Request: message to edit not found
2025.07.18 19:12:23 core.webprofile      INFO     firefox brauzerindən cookies istifadə edilir.
2025.07.18 19:12:23 core.webprofile      INFO     Seçilmiş User-Agent: Mozilla/5.0 (Windows NT 10.0; Win64; x64) AppleWebKit/537.36 (KHTML, like Gecko) Edge/120.0.0.0 Safari/537.36
2025.07.18 19:12:23 core.webprofile      INFO     firefox brauzerindən cookies istifadə edilir.
2025.07.18 19:12:23 core.webprofile      INFO     Seçilmiş User-Agent: Mozilla/5.0 (Macintosh; Intel Mac OS X 10_15_7) AppleWebKit/537.36 (KHTML, like Gecko) Chrome/122.0.0.0 Safari/537.36
2025.07.18 19:12:31 core.spotify_handler INFO     Added Spotify thumbnail: https://i.scdn.co/image/ab67616d0000b273ce0aeb9bebed08ce1b570419
2025.07.18 19:12:32 core.spotify_handler INFO     Metadata applied: download/download/Calabria.m4a
2025.07.18 19:12:32 core.spotify_handler INFO     Added Spotify thumbnail: https://i.scdn.co/image/ab67616d0000b27314d9c6b1457c5226121f4cab
2025.07.18 19:12:32 core.spotify_handler INFO     Metadata applied: download/download/Ah Canım Sevgilim - Demo.m4a
2025.07.18 19:12:32 plugins.spotify_plugin ERROR    Mesaj redaktə xətası: Telegram server says - Bad Request: message to edit not found
2025.07.18 19:12:33 core.webprofile      INFO     firefox brauzerindən cookies istifadə edilir.
2025.07.18 19:12:33 core.webprofile      INFO     Seçilmiş User-Agent: Mozilla/5.0 (X11; Ubuntu; Linux x86_64; rv:120.0) Gecko/20100101 Firefox/120.0
2025.07.18 19:12:34 core.webprofile      INFO     firefox brauzerindən cookies istifadə edilir.
2025.07.18 19:12:34 core.webprofile      INFO     Seçilmiş User-Agent: Mozilla/5.0 (Windows NT 10.0; Win64; x64; rv:120.0) Gecko/20100101 Firefox/120.0
2025.07.18 19:12:42 core.spotify_handler INFO     Added Spotify thumbnail: https://i.scdn.co/image/ab67616d0000b273bde27f666d136d4c7e6e71a9
2025.07.18 19:12:42 core.spotify_handler INFO     Metadata applied: download/download/Sezen Aksu.m4a
2025.07.18 19:12:42 core.spotify_handler INFO     Added Spotify thumbnail: https://i.scdn.co/image/ab67616d0000b273a39ebb26fde6bc3638c7c2d6
2025.07.18 19:12:42 core.spotify_handler INFO     Metadata applied: download/download/Bilir O Beni.m4a
2025.07.18 19:12:42 plugins.spotify_plugin ERROR    Mesaj redaktə xətası: Telegram server says - Bad Request: message to edit not found
2025.07.18 19:12:44 core.webprofile      INFO     firefox brauzerindən cookies istifadə edilir.
2025.07.18 19:12:44 core.webprofile      INFO     Seçilmiş User-Agent: Mozilla/5.0 (Windows NT 10.0; Win64; x64) AppleWebKit/537.36 (KHTML, like Gecko) Chrome/122.0.0.0 Safari/537.36
2025.07.18 19:12:44 core.webprofile      INFO     firefox brauzerindən cookies istifadə edilir.
2025.07.18 19:12:44 core.webprofile      INFO     Seçilmiş User-Agent: Mozilla/5.0 (iPad; CPU OS 17_2 like Mac OS X) AppleWebKit/605.1.15 (KHTML, like Gecko) Version/17.2 Mobile/15E148 Safari/604.1
2025.07.18 19:12:53 core.spotify_handler INFO     Added Spotify thumbnail: https://i.scdn.co/image/ab67616d0000b2738944ce2644cc2e19beca7dd5
2025.07.18 19:12:53 core.spotify_handler INFO     Metadata applied: download/download/Chu Chu Pamela.m4a
2025.07.18 19:12:53 core.spotify_handler INFO     Added Spotify thumbnail: https://i.scdn.co/image/ab67616d0000b273cd40ab5dbc95d9e8b6b9dfa3
2025.07.18 19:12:53 core.spotify_handler INFO     Metadata applied: download/download/Yarım Kalan Sigara.m4a
2025.07.18 19:12:54 plugins.spotify_plugin ERROR    Mesaj redaktə xətası: Telegram server says - Bad Request: message to edit not found
2025.07.18 19:12:55 core.webprofile      INFO     firefox brauzerindən cookies istifadə edilir.
2025.07.18 19:12:55 core.webprofile      INFO     Seçilmiş User-Agent: Mozilla/5.0 (iPad; CPU OS 17_2 like Mac OS X) AppleWebKit/605.1.15 (KHTML, like Gecko) Version/17.2 Mobile/15E148 Safari/604.1
2025.07.18 19:12:55 core.webprofile      INFO     firefox brauzerindən cookies istifadə edilir.
2025.07.18 19:12:55 core.webprofile      INFO     Seçilmiş User-Agent: Mozilla/5.0 (Linux; Android 14; Pixel 8 Pro) AppleWebKit/537.36 (KHTML, like Gecko) Chrome/122.0.0.0 Mobile Safari/537.36
2025.07.18 19:13:04 core.spotify_handler INFO     Added Spotify thumbnail: https://i.scdn.co/image/ab67616d0000b2739895ebf16ffc896cf42146ef
2025.07.18 19:13:05 core.spotify_handler INFO     Metadata applied: download/download/Kinto.m4a
2025.07.18 19:13:05 core.spotify_handler INFO     Added Spotify thumbnail: https://i.scdn.co/image/ab67616d0000b273d8484b79754c39d2ab2814b2
2025.07.18 19:13:05 core.spotify_handler INFO     Metadata applied: download/download/Olmazlara İnat.m4a
2025.07.18 19:13:05 plugins.spotify_plugin ERROR    Mesaj redaktə xətası: Telegram server says - Bad Request: message to edit not found
2025.07.18 19:13:07 core.webprofile      INFO     firefox brauzerindən cookies istifadə edilir.
2025.07.18 19:13:07 core.webprofile      INFO     Seçilmiş User-Agent: Mozilla/5.0 (iPhone; CPU iPhone OS 17_2 like Mac OS X) AppleWebKit/605.1.15 (KHTML, like Gecko) Version/17.2 Mobile/15E148 Safari/604.1
2025.07.18 19:13:07 core.webprofile      INFO     firefox brauzerindən cookies istifadə edilir.
2025.07.18 19:13:07 core.webprofile      INFO     Seçilmiş User-Agent: Mozilla/5.0 (X11; Ubuntu; Linux x86_64; rv:120.0) Gecko/20100101 Firefox/120.0
2025.07.18 19:13:16 core.spotify_handler INFO     Added Spotify thumbnail: https://i.scdn.co/image/ab67616d0000b273183337eef9318285b10d6164
2025.07.18 19:13:16 core.spotify_handler INFO     Metadata applied: download/download/Gökyüzünü Tutamam.m4a
2025.07.18 19:13:16 core.spotify_handler INFO     Added Spotify thumbnail: https://i.scdn.co/image/ab67616d0000b273a454b0d22f9f1fb1f13446df
2025.07.18 19:13:16 core.spotify_handler INFO     Metadata applied: download/download/Vibras.m4a
2025.07.18 19:13:16 plugins.spotify_plugin ERROR    Mesaj redaktə xətası: Telegram server says - Bad Request: message to edit not found
2025.07.18 19:13:18 core.webprofile      INFO     firefox brauzerindən cookies istifadə edilir.
2025.07.18 19:13:18 core.webprofile      INFO     Seçilmiş User-Agent: Mozilla/5.0 (iPad; CPU OS 17_2 like Mac OS X) AppleWebKit/605.1.15 (KHTML, like Gecko) Version/17.2 Mobile/15E148 Safari/604.1
2025.07.18 19:13:18 core.webprofile      INFO     firefox brauzerindən cookies istifadə edilir.
2025.07.18 19:13:18 core.webprofile      INFO     Seçilmiş User-Agent: Mozilla/5.0 (iPad; CPU OS 17_2 like Mac OS X) AppleWebKit/605.1.15 (KHTML, like Gecko) Version/17.2 Mobile/15E148 Safari/604.1
2025.07.18 19:13:27 core.spotify_handler INFO     Added Spotify thumbnail: https://i.scdn.co/image/ab67616d0000b273f0bb8a34d190f96d1d213f79
2025.07.18 19:13:27 core.spotify_handler INFO     Metadata applied: download/download/Porselen Kalbim.m4a
2025.07.18 19:13:27 core.spotify_handler INFO     Added Spotify thumbnail: https://i.scdn.co/image/ab67616d0000b273a25d01c237874ac2a3266f2d
2025.07.18 19:13:27 core.spotify_handler INFO     Metadata applied: download/download/Lost.m4a
2025.07.18 19:13:28 plugins.spotify_plugin ERROR    Mesaj redaktə xətası: Telegram server says - Bad Request: message to edit not found
2025.07.18 19:13:29 core.webprofile      INFO     firefox brauzerindən cookies istifadə edilir.
2025.07.18 19:13:29 core.webprofile      INFO     Seçilmiş User-Agent: Mozilla/5.0 (Macintosh; Intel Mac OS X 10_15_7) AppleWebKit/537.36 (KHTML, like Gecko) Chrome/122.0.0.0 Safari/537.36
2025.07.18 19:13:29 core.webprofile      INFO     firefox brauzerindən cookies istifadə edilir.
2025.07.18 19:13:29 core.webprofile      INFO     Seçilmiş User-Agent: Mozilla/5.0 (Windows NT 10.0; Win64; x64) AppleWebKit/537.36 (KHTML, like Gecko) Chrome/122.0.0.0 Safari/537.36
2025.07.18 19:13:38 core.spotify_handler INFO     Added Spotify thumbnail: https://i.scdn.co/image/ab67616d0000b2736410bc7547197ffca5624dc5
2025.07.18 19:13:38 core.spotify_handler INFO     Metadata applied: download/download/Böyle İyi.m4a
2025.07.18 19:13:39 core.spotify_handler INFO     Added Spotify thumbnail: https://i.scdn.co/image/ab67616d0000b273cb81ed35656f7f17b9cc7095
2025.07.18 19:13:39 core.spotify_handler INFO     Metadata applied: download/download/Fumando & Tomando.m4a
2025.07.18 19:13:39 plugins.spotify_plugin ERROR    Mesaj redaktə xətası: Telegram server says - Bad Request: message to edit not found
2025.07.18 19:13:40 core.webprofile      INFO     firefox brauzerindən cookies istifadə edilir.
2025.07.18 19:13:40 core.webprofile      INFO     Seçilmiş User-Agent: Mozilla/5.0 (Macintosh; Intel Mac OS X 10_15_7) AppleWebKit/537.36 (KHTML, like Gecko) Chrome/122.0.0.0 Safari/537.36
2025.07.18 19:13:40 core.webprofile      INFO     firefox brauzerindən cookies istifadə edilir.
2025.07.18 19:13:40 core.webprofile      INFO     Seçilmiş User-Agent: Mozilla/5.0 (iPhone; CPU iPhone OS 17_2 like Mac OS X) AppleWebKit/605.1.15 (KHTML, like Gecko) Version/17.2 Mobile/15E148 Safari/604.1
2025.07.18 19:13:49 core.spotify_handler INFO     Added Spotify thumbnail: https://i.scdn.co/image/ab67616d0000b273b99d60d68c2747a3541fde52
2025.07.18 19:13:49 core.spotify_handler INFO     Metadata applied: download/download/İyi Uykular Peder.m4a
2025.07.18 19:13:49 core.spotify_handler INFO     Added Spotify thumbnail: https://i.scdn.co/image/ab67616d0000b273a03a119d2adb25e05b6042c3
2025.07.18 19:13:49 core.spotify_handler INFO     Metadata applied: download/download/World Hold On (Children Of The Sky) - FISHER Rework.m4a
2025.07.18 19:13:50 plugins.spotify_plugin ERROR    Mesaj redaktə xətası: Telegram server says - Bad Request: message to edit not found
2025.07.18 19:13:51 core.webprofile      INFO     firefox brauzerindən cookies istifadə edilir.
2025.07.18 19:13:51 core.webprofile      INFO     Seçilmiş User-Agent: Mozilla/5.0 (iPhone; CPU iPhone OS 17_2 like Mac OS X) AppleWebKit/605.1.15 (KHTML, like Gecko) Version/17.2 Mobile/15E148 Safari/604.1
2025.07.18 19:13:51 core.webprofile      INFO     firefox brauzerindən cookies istifadə edilir.
2025.07.18 19:13:51 core.webprofile      INFO     Seçilmiş User-Agent: Mozilla/5.0 (X11; Ubuntu; Linux x86_64; rv:120.0) Gecko/20100101 Firefox/120.0
2025.07.18 19:14:00 core.spotify_handler INFO     Added Spotify thumbnail: https://i.scdn.co/image/ab67616d0000b2730f5f60fbcee93eb6a81c47ba
2025.07.18 19:14:00 core.spotify_handler INFO     Metadata applied: download/download/Yıldızlara Bak.m4a
2025.07.18 19:14:00 core.spotify_handler INFO     Added Spotify thumbnail: https://i.scdn.co/image/ab67616d0000b273393fe1aa705fe9d486155849
2025.07.18 19:14:00 core.spotify_handler INFO     Metadata applied: download/download/Dale Don Dale.m4a
2025.07.18 19:14:01 plugins.spotify_plugin ERROR    Mesaj redaktə xətası: Telegram server says - Bad Request: message to edit not found
2025.07.18 19:14:02 core.webprofile      INFO     firefox brauzerindən cookies istifadə edilir.
2025.07.18 19:14:02 core.webprofile      INFO     Seçilmiş User-Agent: Mozilla/5.0 (Macintosh; Intel Mac OS X 10_15_7) AppleWebKit/537.36 (KHTML, like Gecko) Chrome/122.0.0.0 Safari/537.36
2025.07.18 19:14:02 core.webprofile      INFO     firefox brauzerindən cookies istifadə edilir.
2025.07.18 19:14:02 core.webprofile      INFO     Seçilmiş User-Agent: Mozilla/5.0 (X11; Linux x86_64) AppleWebKit/537.36 (KHTML, like Gecko) Chrome/122.0.0.0 Safari/537.36
2025.07.18 19:14:12 core.spotify_handler INFO     Added Spotify thumbnail: https://i.scdn.co/image/ab67616d0000b2736a4753885f8de374c6ff1240
2025.07.18 19:14:12 core.spotify_handler INFO     Metadata applied: download/download/Antidepresan.m4a
2025.07.18 19:14:12 core.spotify_handler INFO     Added Spotify thumbnail: https://i.scdn.co/image/ab67616d0000b273401927274f81b016ac33d56a
2025.07.18 19:14:12 core.spotify_handler INFO     Metadata applied: download/download/Tempi Tut.m4a
2025.07.18 19:14:13 plugins.spotify_plugin ERROR    Mesaj redaktə xətası: Telegram server says - Bad Request: message to edit not found
2025.07.18 19:14:14 core.webprofile      INFO     firefox brauzerindən cookies istifadə edilir.
2025.07.18 19:14:14 core.webprofile      INFO     Seçilmiş User-Agent: Mozilla/5.0 (X11; Linux x86_64) AppleWebKit/537.36 (KHTML, like Gecko) Chrome/122.0.0.0 Safari/537.36
2025.07.18 19:14:14 core.webprofile      INFO     firefox brauzerindən cookies istifadə edilir.
2025.07.18 19:14:14 core.webprofile      INFO     Seçilmiş User-Agent: Mozilla/5.0 (iPhone; CPU iPhone OS 17_2 like Mac OS X) AppleWebKit/605.1.15 (KHTML, like Gecko) Version/17.2 Mobile/15E148 Safari/604.1
2025.07.18 19:14:23 core.spotify_handler INFO     Added Spotify thumbnail: https://i.scdn.co/image/ab67616d0000b273d8c8264296e89545107dab69
2025.07.18 19:14:23 core.spotify_handler INFO     Metadata applied: download/download/Sıcak Şarap.m4a
2025.07.18 19:14:23 core.spotify_handler INFO     Added Spotify thumbnail: https://i.scdn.co/image/ab67616d0000b27349bb30178e43f527906a3694
2025.07.18 19:14:23 core.spotify_handler INFO     Metadata applied: download/download/Journey - Extended Mix.m4a
2025.07.18 19:14:23 plugins.spotify_plugin ERROR    Mesaj redaktə xətası: Telegram server says - Bad Request: message to edit not found
2025.07.18 19:14:25 core.webprofile      INFO     firefox brauzerindən cookies istifadə edilir.
2025.07.18 19:14:25 core.webprofile      INFO     Seçilmiş User-Agent: Mozilla/5.0 (Linux; Android 14; SM-G998B) AppleWebKit/537.36 (KHTML, like Gecko) Chrome/122.0.0.0 Mobile Safari/537.36
2025.07.18 19:14:25 core.webprofile      INFO     firefox brauzerindən cookies istifadə edilir.
2025.07.18 19:14:25 core.webprofile      INFO     Seçilmiş User-Agent: Mozilla/5.0 (X11; Linux x86_64) AppleWebKit/537.36 (KHTML, like Gecko) Chrome/122.0.0.0 Safari/537.36
2025.07.18 19:14:34 core.spotify_handler INFO     Added Spotify thumbnail: https://i.scdn.co/image/ab67616d0000b27381d62711eabb04e40d886936
2025.07.18 19:14:34 core.spotify_handler INFO     Metadata applied: download/download/GAZ PEDAL.m4a
2025.07.18 19:14:34 core.spotify_handler INFO     Added Spotify thumbnail: https://i.scdn.co/image/ab67616d0000b273348595e1e1e80301dd4043bc
2025.07.18 19:14:34 core.spotify_handler INFO     Metadata applied: download/download/Soğuk Şarap.m4a
2025.07.18 19:14:34 plugins.spotify_plugin ERROR    Mesaj redaktə xətası: Telegram server says - Bad Request: message to edit not found
2025.07.18 19:14:35 core.webprofile      INFO     firefox brauzerindən cookies istifadə edilir.
2025.07.18 19:14:35 core.webprofile      INFO     Seçilmiş User-Agent: Mozilla/5.0 (Linux; Android 14; Pixel 8 Pro) AppleWebKit/537.36 (KHTML, like Gecko) Chrome/122.0.0.0 Mobile Safari/537.36
2025.07.18 19:14:36 core.webprofile      INFO     firefox brauzerindən cookies istifadə edilir.
2025.07.18 19:14:36 core.webprofile      INFO     Seçilmiş User-Agent: Mozilla/5.0 (iPhone; CPU iPhone OS 17_2 like Mac OS X) AppleWebKit/605.1.15 (KHTML, like Gecko) Version/17.2 Mobile/15E148 Safari/604.1
2025.07.18 19:14:44 core.spotify_handler INFO     Added Spotify thumbnail: https://i.scdn.co/image/ab67616d0000b2738ffe0967a3b236d34428b19a
2025.07.18 19:14:44 core.spotify_handler INFO     Metadata applied: download/download/Aşkın Olayım.m4a
2025.07.18 19:14:44 core.spotify_handler INFO     Added Spotify thumbnail: https://i.scdn.co/image/ab67616d0000b27396ef0d48e912e5db53f0bc6e
2025.07.18 19:14:44 core.spotify_handler INFO     Metadata applied: download/download/Calma Calma.m4a
2025.07.18 19:14:45 plugins.spotify_plugin ERROR    Mesaj redaktə xətası: Telegram server says - Bad Request: message to edit not found
2025.07.18 19:14:46 core.webprofile      INFO     firefox brauzerindən cookies istifadə edilir.
2025.07.18 19:14:46 core.webprofile      INFO     Seçilmiş User-Agent: Mozilla/5.0 (Linux; Android 14; Pixel 8 Pro) AppleWebKit/537.36 (KHTML, like Gecko) Chrome/122.0.0.0 Mobile Safari/537.36
2025.07.18 19:14:46 core.webprofile      INFO     firefox brauzerindən cookies istifadə edilir.
2025.07.18 19:14:46 core.webprofile      INFO     Seçilmiş User-Agent: Mozilla/5.0 (Linux; Android 14; SM-G998B) AppleWebKit/537.36 (KHTML, like Gecko) Chrome/122.0.0.0 Mobile Safari/537.36
2025.07.18 19:14:55 core.spotify_handler INFO     Added Spotify thumbnail: https://i.scdn.co/image/ab67616d0000b273bd9f97be13cc966830e7aa56
2025.07.18 19:14:55 core.spotify_handler INFO     Metadata applied: download/download/Seasons.m4a
2025.07.18 19:14:55 core.spotify_handler INFO     Added Spotify thumbnail: https://i.scdn.co/image/ab67616d0000b27301f420bb7b73ea2f9e2a6921
2025.07.18 19:14:55 core.spotify_handler INFO     Metadata applied: download/download/Dip.m4a
2025.07.18 19:14:55 plugins.spotify_plugin ERROR    Mesaj redaktə xətası: Telegram server says - Bad Request: message to edit not found
2025.07.18 19:14:57 core.webprofile      INFO     firefox brauzerindən cookies istifadə edilir.
2025.07.18 19:14:57 core.webprofile      INFO     Seçilmiş User-Agent: Mozilla/5.0 (Macintosh; Intel Mac OS X 10_15_7) AppleWebKit/537.36 (KHTML, like Gecko) Chrome/122.0.0.0 Safari/537.36
2025.07.18 19:14:57 core.webprofile      INFO     firefox brauzerindən cookies istifadə edilir.
2025.07.18 19:14:57 core.webprofile      INFO     Seçilmiş User-Agent: Mozilla/5.0 (iPhone; CPU iPhone OS 17_2 like Mac OS X) AppleWebKit/605.1.15 (KHTML, like Gecko) Version/17.2 Mobile/15E148 Safari/604.1
2025.07.18 19:15:08 core.spotify_handler INFO     Added Spotify thumbnail: https://i.scdn.co/image/ab67616d0000b27341ccf9b043aae27c8c79e265
2025.07.18 19:15:08 core.spotify_handler INFO     Metadata applied: download/download/Afrikan Two.m4a
2025.07.18 19:15:08 core.spotify_handler INFO     Added Spotify thumbnail: https://i.scdn.co/image/ab67616d0000b27319a949e3e4bd668fc41106fc
2025.07.18 19:15:08 core.spotify_handler INFO     Metadata applied: download/download/Dibine Kadar.m4a
2025.07.18 19:15:09 plugins.spotify_plugin ERROR    Mesaj redaktə xətası: Telegram server says - Bad Request: message to edit not found
2025.07.18 19:15:10 core.webprofile      INFO     firefox brauzerindən cookies istifadə edilir.
2025.07.18 19:15:10 core.webprofile      INFO     Seçilmiş User-Agent: Mozilla/5.0 (Windows NT 10.0; Win64; x64) AppleWebKit/537.36 (KHTML, like Gecko) Chrome/122.0.0.0 Safari/537.36
2025.07.18 19:15:10 core.webprofile      INFO     firefox brauzerindən cookies istifadə edilir.
2025.07.18 19:15:10 core.webprofile      INFO     Seçilmiş User-Agent: Mozilla/5.0 (Linux; Android 14; SM-G998B) AppleWebKit/537.36 (KHTML, like Gecko) Chrome/122.0.0.0 Mobile Safari/537.36
2025.07.18 19:15:19 core.spotify_handler INFO     Added Spotify thumbnail: https://i.scdn.co/image/ab67616d0000b2735c434bb88f17ecef86fe53b4
2025.07.18 19:15:19 core.spotify_handler INFO     Metadata applied: download/download/Secret ID.m4a
2025.07.18 19:15:19 core.spotify_handler INFO     Added Spotify thumbnail: https://i.scdn.co/image/ab67616d0000b273caae7b6a16b0c8c1aed145e5
2025.07.18 19:15:19 core.spotify_handler INFO     Metadata applied: download/download/Raf.m4a
2025.07.18 19:15:19 plugins.spotify_plugin ERROR    Mesaj redaktə xətası: Telegram server says - Bad Request: message to edit not found
2025.07.18 19:15:21 core.webprofile      INFO     firefox brauzerindən cookies istifadə edilir.
2025.07.18 19:15:21 core.webprofile      INFO     Seçilmiş User-Agent: Mozilla/5.0 (Windows NT 10.0; Win64; x64; rv:120.0) Gecko/20100101 Firefox/120.0
2025.07.18 19:15:21 core.webprofile      INFO     firefox brauzerindən cookies istifadə edilir.
2025.07.18 19:15:21 core.webprofile      INFO     Seçilmiş User-Agent: Mozilla/5.0 (Windows NT 10.0; Win64; x64; rv:120.0) Gecko/20100101 Firefox/120.0
2025.07.18 19:15:30 core.spotify_handler INFO     Added Spotify thumbnail: https://i.scdn.co/image/ab67616d0000b273de6df6146789311374859db8
2025.07.18 19:15:30 core.spotify_handler INFO     Metadata applied: download/download/Prende La Fiesta.m4a
2025.07.18 19:15:30 core.spotify_handler INFO     Added Spotify thumbnail: https://i.scdn.co/image/ab67616d0000b2733bb4426ccba314d34d5445b4
2025.07.18 19:15:30 core.spotify_handler INFO     Metadata applied: download/download/Aşk Nerden Nereye.m4a
2025.07.18 19:15:31 plugins.spotify_plugin ERROR    Mesaj redaktə xətası: Telegram server says - Bad Request: message to edit not found
2025.07.18 19:15:32 core.webprofile      INFO     firefox brauzerindən cookies istifadə edilir.
2025.07.18 19:15:32 core.webprofile      INFO     Seçilmiş User-Agent: Mozilla/5.0 (X11; Ubuntu; Linux x86_64; rv:120.0) Gecko/20100101 Firefox/120.0
2025.07.18 19:15:33 core.webprofile      INFO     firefox brauzerindən cookies istifadə edilir.
2025.07.18 19:15:33 core.webprofile      INFO     Seçilmiş User-Agent: Mozilla/5.0 (X11; Linux x86_64) AppleWebKit/537.36 (KHTML, like Gecko) Chrome/122.0.0.0 Safari/537.36
2025.07.18 19:15:41 core.spotify_handler INFO     Added Spotify thumbnail: https://i.scdn.co/image/ab67616d0000b273bc1e682a9c9b6db932d307dd
2025.07.18 19:15:41 core.spotify_handler INFO     Metadata applied: download/download/Benimle Kayboldun.m4a
2025.07.18 19:15:42 core.spotify_handler INFO     Added Spotify thumbnail: https://i.scdn.co/image/ab67616d0000b273c58d9734f7c8b0108854ca0b
2025.07.18 19:15:42 core.spotify_handler INFO     Metadata applied: download/download/Racismo.m4a
2025.07.18 19:15:42 plugins.spotify_plugin ERROR    Mesaj redaktə xətası: Telegram server says - Bad Request: message to edit not found
2025.07.18 19:15:44 core.webprofile      INFO     firefox brauzerindən cookies istifadə edilir.
2025.07.18 19:15:44 core.webprofile      INFO     Seçilmiş User-Agent: Mozilla/5.0 (Linux; Android 14; Pixel 8 Pro) AppleWebKit/537.36 (KHTML, like Gecko) Chrome/122.0.0.0 Mobile Safari/537.36
2025.07.18 19:15:44 core.webprofile      INFO     firefox brauzerindən cookies istifadə edilir.
2025.07.18 19:15:44 core.webprofile      INFO     Seçilmiş User-Agent: Mozilla/5.0 (Linux; Android 14; SM-G998B) AppleWebKit/537.36 (KHTML, like Gecko) Chrome/122.0.0.0 Mobile Safari/537.36
2025.07.18 19:15:53 core.spotify_handler INFO     Added Spotify thumbnail: https://i.scdn.co/image/ab67616d0000b2730a981ca29ae17d15dd9ca980
2025.07.18 19:15:53 core.spotify_handler INFO     Metadata applied: download/download/Yıldızların Altında.m4a
2025.07.18 19:15:53 core.spotify_handler INFO     Added Spotify thumbnail: https://i.scdn.co/image/ab67616d0000b2730bc0af5e53889c9faa178923
2025.07.18 19:15:53 core.spotify_handler INFO     Metadata applied: download/download/Takadoom.m4a
2025.07.18 19:15:53 plugins.spotify_plugin ERROR    Mesaj redaktə xətası: Telegram server says - Bad Request: message to edit not found
2025.07.18 19:15:55 core.webprofile      INFO     firefox brauzerindən cookies istifadə edilir.
2025.07.18 19:15:55 core.webprofile      INFO     Seçilmiş User-Agent: Mozilla/5.0 (Macintosh; Intel Mac OS X 10_15_7) AppleWebKit/537.36 (KHTML, like Gecko) Chrome/122.0.0.0 Safari/537.36
2025.07.18 19:15:55 core.webprofile      INFO     firefox brauzerindən cookies istifadə edilir.
2025.07.18 19:15:55 core.webprofile      INFO     Seçilmiş User-Agent: Mozilla/5.0 (Linux; Android 14; SM-G998B) AppleWebKit/537.36 (KHTML, like Gecko) Chrome/122.0.0.0 Mobile Safari/537.36
2025.07.18 19:16:05 core.spotify_handler INFO     Added Spotify thumbnail: https://i.scdn.co/image/ab67616d0000b273bf3068f069134fc55d964ccf
2025.07.18 19:16:05 core.spotify_handler INFO     Metadata applied: download/download/That's My Name.m4a
2025.07.18 19:16:05 core.spotify_handler INFO     Added Spotify thumbnail: https://i.scdn.co/image/ab67616d0000b2738580a793126c4e50aa679a18
2025.07.18 19:16:05 core.spotify_handler INFO     Metadata applied: download/download/Mor Yazma.m4a
2025.07.18 19:16:05 plugins.spotify_plugin ERROR    Mesaj redaktə xətası: Telegram server says - Bad Request: message to edit not found
2025.07.18 19:16:06 core.webprofile      INFO     firefox brauzerindən cookies istifadə edilir.
2025.07.18 19:16:06 core.webprofile      INFO     Seçilmiş User-Agent: Mozilla/5.0 (iPad; CPU OS 17_2 like Mac OS X) AppleWebKit/605.1.15 (KHTML, like Gecko) Version/17.2 Mobile/15E148 Safari/604.1
2025.07.18 19:16:07 core.webprofile      INFO     firefox brauzerindən cookies istifadə edilir.
2025.07.18 19:16:07 core.webprofile      INFO     Seçilmiş User-Agent: Mozilla/5.0 (iPad; CPU OS 17_2 like Mac OS X) AppleWebKit/605.1.15 (KHTML, like Gecko) Version/17.2 Mobile/15E148 Safari/604.1
2025.07.18 19:16:16 core.spotify_handler INFO     Added Spotify thumbnail: https://i.scdn.co/image/ab67616d0000b2738264a63ea2fc164e56133b72
2025.07.18 19:16:16 core.spotify_handler INFO     Metadata applied: download/download/Dünyanın Sonuna Doğmuşum.m4a
2025.07.18 19:16:16 core.spotify_handler INFO     Added Spotify thumbnail: https://i.scdn.co/image/ab67616d0000b2736c1a2139a9bd729961e278d1
2025.07.18 19:16:16 core.spotify_handler INFO     Metadata applied: download/download/Baby Momma.m4a
2025.07.18 19:16:16 plugins.spotify_plugin ERROR    Mesaj redaktə xətası: Telegram server says - Bad Request: message to edit not found
2025.07.18 19:16:18 core.webprofile      INFO     firefox brauzerindən cookies istifadə edilir.
2025.07.18 19:16:18 core.webprofile      INFO     Seçilmiş User-Agent: Mozilla/5.0 (iPad; CPU OS 17_2 like Mac OS X) AppleWebKit/605.1.15 (KHTML, like Gecko) Version/17.2 Mobile/15E148 Safari/604.1
2025.07.18 19:16:18 core.webprofile      INFO     firefox brauzerindən cookies istifadə edilir.
2025.07.18 19:16:18 core.webprofile      INFO     Seçilmiş User-Agent: Mozilla/5.0 (Windows NT 10.0; Win64; x64) AppleWebKit/537.36 (KHTML, like Gecko) Chrome/122.0.0.0 Safari/537.36
2025.07.18 19:16:27 core.spotify_handler INFO     Added Spotify thumbnail: https://i.scdn.co/image/ab67616d0000b27369c8ed8e1718e25c807bfef5
2025.07.18 19:16:27 core.spotify_handler INFO     Metadata applied: download/download/Tamo En Hoja.m4a
2025.07.18 19:16:27 core.spotify_handler INFO     Added Spotify thumbnail: https://i.scdn.co/image/ab67616d0000b27361d6750a0251c9499570e586
2025.07.18 19:16:27 core.spotify_handler INFO     Metadata applied: download/download/Madem.m4a
2025.07.18 19:16:28 plugins.spotify_plugin ERROR    Mesaj redaktə xətası: Telegram server says - Bad Request: message to edit not found
2025.07.18 19:16:29 core.webprofile      INFO     firefox brauzerindən cookies istifadə edilir.
2025.07.18 19:16:29 core.webprofile      INFO     Seçilmiş User-Agent: Mozilla/5.0 (Windows NT 10.0; Win64; x64) AppleWebKit/537.36 (KHTML, like Gecko) Chrome/122.0.0.0 Safari/537.36
2025.07.18 19:16:29 core.webprofile      INFO     firefox brauzerindən cookies istifadə edilir.
2025.07.18 19:16:29 core.webprofile      INFO     Seçilmiş User-Agent: Mozilla/5.0 (Windows NT 10.0; Win64; x64; rv:120.0) Gecko/20100101 Firefox/120.0
2025.07.18 19:16:38 core.spotify_handler INFO     Added Spotify thumbnail: https://i.scdn.co/image/ab67616d0000b273c550b05098ae3723e0a8dc6c
2025.07.18 19:16:38 core.spotify_handler INFO     Metadata applied: download/download/Dursun Zaman (feat. Göksel).m4a
2025.07.18 19:16:38 core.spotify_handler INFO     Added Spotify thumbnail: https://i.scdn.co/image/ab67616d0000b27360bca33ff77071ab1b3effce
2025.07.18 19:16:38 core.spotify_handler INFO     Metadata applied: download/download/Yamore.m4a
2025.07.18 19:16:39 plugins.spotify_plugin ERROR    Mesaj redaktə xətası: Telegram server says - Bad Request: message to edit not found
2025.07.18 19:16:40 core.webprofile      INFO     firefox brauzerindən cookies istifadə edilir.
2025.07.18 19:16:40 core.webprofile      INFO     Seçilmiş User-Agent: Mozilla/5.0 (iPhone; CPU iPhone OS 17_2 like Mac OS X) AppleWebKit/605.1.15 (KHTML, like Gecko) Version/17.2 Mobile/15E148 Safari/604.1
2025.07.18 19:16:41 core.webprofile      INFO     firefox brauzerindən cookies istifadə edilir.
2025.07.18 19:16:41 core.webprofile      INFO     Seçilmiş User-Agent: Mozilla/5.0 (X11; Linux x86_64) AppleWebKit/537.36 (KHTML, like Gecko) Chrome/122.0.0.0 Safari/537.36
2025.07.18 19:16:50 core.spotify_handler INFO     Added Spotify thumbnail: https://i.scdn.co/image/ab67616d0000b273e38559e49b4a184a13bfa5f8
2025.07.18 19:16:50 core.spotify_handler INFO     Metadata applied: download/download/Indra.m4a
2025.07.18 19:16:50 core.spotify_handler INFO     Added Spotify thumbnail: https://i.scdn.co/image/ab67616d0000b273f57619472a07ed30daad6960
2025.07.18 19:16:50 core.spotify_handler INFO     Metadata applied: download/download/Aldattın Mı.m4a
2025.07.18 19:16:51 plugins.spotify_plugin ERROR    Mesaj redaktə xətası: Telegram server says - Bad Request: message to edit not found
2025.07.18 19:16:52 core.webprofile      INFO     firefox brauzerindən cookies istifadə edilir.
2025.07.18 19:16:52 core.webprofile      INFO     Seçilmiş User-Agent: Mozilla/5.0 (Windows NT 10.0; Win64; x64) AppleWebKit/537.36 (KHTML, like Gecko) Chrome/122.0.0.0 Safari/537.36
2025.07.18 19:16:53 core.webprofile      INFO     firefox brauzerindən cookies istifadə edilir.
2025.07.18 19:16:53 core.webprofile      INFO     Seçilmiş User-Agent: Mozilla/5.0 (Linux; Android 14; SM-G998B) AppleWebKit/537.36 (KHTML, like Gecko) Chrome/122.0.0.0 Mobile Safari/537.36
2025.07.18 19:17:01 core.spotify_handler INFO     Added Spotify thumbnail: https://i.scdn.co/image/ab67616d0000b27361cd6f5ad7c69b76adbc5419
2025.07.18 19:17:02 core.spotify_handler INFO     Metadata applied: download/download/Bir Derdim Var.m4a
2025.07.18 19:17:03 core.spotify_handler INFO     Added Spotify thumbnail: https://i.scdn.co/image/ab67616d0000b27323bf61d486ef0263d34e3b6f
2025.07.18 19:17:03 core.spotify_handler INFO     Metadata applied: download/download/Tunke.m4a
2025.07.18 19:17:03 plugins.spotify_plugin ERROR    Mesaj redaktə xətası: Telegram server says - Bad Request: message to edit not found
2025.07.18 19:17:04 core.webprofile      INFO     firefox brauzerindən cookies istifadə edilir.
2025.07.18 19:17:04 core.webprofile      INFO     Seçilmiş User-Agent: Mozilla/5.0 (Windows NT 10.0; Win64; x64) AppleWebKit/537.36 (KHTML, like Gecko) Edge/120.0.0.0 Safari/537.36
2025.07.18 19:17:05 core.webprofile      INFO     firefox brauzerindən cookies istifadə edilir.
2025.07.18 19:17:05 core.webprofile      INFO     Seçilmiş User-Agent: Mozilla/5.0 (Windows NT 10.0; Win64; x64; rv:120.0) Gecko/20100101 Firefox/120.0
2025.07.18 19:17:13 core.spotify_handler INFO     Added Spotify thumbnail: https://i.scdn.co/image/ab67616d0000b2738264a63ea2fc164e56133b72
2025.07.18 19:17:13 core.spotify_handler INFO     Metadata applied: download/download/Cevapsız Sorular.m4a
2025.07.18 19:17:13 core.spotify_handler INFO     Added Spotify thumbnail: https://i.scdn.co/image/ab67616d0000b273b100ea3bad302f9d0b22f466
2025.07.18 19:17:13 core.spotify_handler INFO     Metadata applied: download/download/Toca Dj.m4a
2025.07.18 19:17:14 plugins.spotify_plugin ERROR    Mesaj redaktə xətası: Telegram server says - Bad Request: message to edit not found
2025.07.18 19:17:16 core.webprofile      INFO     firefox brauzerindən cookies istifadə edilir.
2025.07.18 19:17:16 core.webprofile      INFO     Seçilmiş User-Agent: Mozilla/5.0 (iPad; CPU OS 17_2 like Mac OS X) AppleWebKit/605.1.15 (KHTML, like Gecko) Version/17.2 Mobile/15E148 Safari/604.1
2025.07.18 19:17:16 core.webprofile      INFO     firefox brauzerindən cookies istifadə edilir.
2025.07.18 19:17:16 core.webprofile      INFO     Seçilmiş User-Agent: Mozilla/5.0 (Windows NT 10.0; Win64; x64) AppleWebKit/537.36 (KHTML, like Gecko) Chrome/122.0.0.0 Safari/537.36
2025.07.18 19:17:25 core.spotify_handler INFO     Added Spotify thumbnail: https://i.scdn.co/image/ab67616d0000b27393c5352d6fe06dc6396a04c7
2025.07.18 19:17:25 core.spotify_handler INFO     Metadata applied: download/download/Ay Tenli Kadın.m4a
2025.07.18 19:17:25 core.spotify_handler INFO     Added Spotify thumbnail: https://i.scdn.co/image/ab67616d0000b273a2c33c652b9bf12d3074b4f8
2025.07.18 19:17:25 core.spotify_handler INFO     Metadata applied: download/download/El Coco.m4a
2025.07.18 19:17:26 plugins.spotify_plugin ERROR    Mesaj redaktə xətası: Telegram server says - Bad Request: message to edit not found
2025.07.18 19:17:27 core.webprofile      INFO     firefox brauzerindən cookies istifadə edilir.
2025.07.18 19:17:27 core.webprofile      INFO     Seçilmiş User-Agent: Mozilla/5.0 (Linux; Android 14; Pixel 8 Pro) AppleWebKit/537.36 (KHTML, like Gecko) Chrome/122.0.0.0 Mobile Safari/537.36
2025.07.18 19:17:27 core.webprofile      INFO     firefox brauzerindən cookies istifadə edilir.
2025.07.18 19:17:27 core.webprofile      INFO     Seçilmiş User-Agent: Mozilla/5.0 (iPhone; CPU iPhone OS 17_2 like Mac OS X) AppleWebKit/605.1.15 (KHTML, like Gecko) Version/17.2 Mobile/15E148 Safari/604.1
2025.07.18 19:17:36 core.spotify_handler INFO     Added Spotify thumbnail: https://i.scdn.co/image/ab67616d0000b273e65683caec71467e9928b148
2025.07.18 19:17:36 core.spotify_handler INFO     Metadata applied: download/download/Strange.m4a
2025.07.18 19:17:36 core.spotify_handler INFO     Added Spotify thumbnail: https://i.scdn.co/image/ab67616d0000b2731d0d71d22c8d179577756208
2025.07.18 19:17:36 core.spotify_handler INFO     Metadata applied: download/download/Senden Daha Güzel.m4a
2025.07.18 19:17:36 plugins.spotify_plugin ERROR    Mesaj redaktə xətası: Telegram server says - Bad Request: message to edit not found
2025.07.18 19:17:38 core.webprofile      INFO     firefox brauzerindən cookies istifadə edilir.
2025.07.18 19:17:38 core.webprofile      INFO     Seçilmiş User-Agent: Mozilla/5.0 (iPad; CPU OS 17_2 like Mac OS X) AppleWebKit/605.1.15 (KHTML, like Gecko) Version/17.2 Mobile/15E148 Safari/604.1
2025.07.18 19:17:38 core.webprofile      INFO     firefox brauzerindən cookies istifadə edilir.
2025.07.18 19:17:38 core.webprofile      INFO     Seçilmiş User-Agent: Mozilla/5.0 (Linux; Android 14; Pixel 8 Pro) AppleWebKit/537.36 (KHTML, like Gecko) Chrome/122.0.0.0 Mobile Safari/537.36
2025.07.18 19:17:47 core.spotify_handler INFO     Added Spotify thumbnail: https://i.scdn.co/image/ab67616d0000b273e53e530e1e3b3a7692200963
2025.07.18 19:17:47 core.spotify_handler INFO     Metadata applied: download/download/Erkek Neşesi - Tolny.m4a
2025.07.18 19:17:47 plugins.spotify_plugin ERROR    Mesaj redaktə xətası: Telegram server says - Bad Request: message to edit not found
2025.07.18 19:17:48 core.spotify_handler INFO     Added Spotify thumbnail: https://i.scdn.co/image/ab67616d0000b2733f5526e4e33d3ae8d79db0b1
2025.07.18 19:17:48 core.spotify_handler INFO     Metadata applied: download/download/Değmesin Ellerimiz.m4a
2025.07.18 19:17:49 core.webprofile      INFO     firefox brauzerindən cookies istifadə edilir.
2025.07.18 19:17:49 core.webprofile      INFO     Seçilmiş User-Agent: Mozilla/5.0 (Linux; Android 14; SM-G998B) AppleWebKit/537.36 (KHTML, like Gecko) Chrome/122.0.0.0 Mobile Safari/537.36
2025.07.18 19:17:50 core.webprofile      INFO     firefox brauzerindən cookies istifadə edilir.
2025.07.18 19:17:50 core.webprofile      INFO     Seçilmiş User-Agent: Mozilla/5.0 (Linux; Android 14; Pixel 8 Pro) AppleWebKit/537.36 (KHTML, like Gecko) Chrome/122.0.0.0 Mobile Safari/537.36
2025.07.18 19:17:58 core.spotify_handler INFO     Added Spotify thumbnail: https://i.scdn.co/image/ab67616d0000b2733afe6ab47414bbd642bf2c8b
2025.07.18 19:17:58 core.spotify_handler INFO     Metadata applied: download/download/Este Pedacito Es Tuyo.m4a
2025.07.18 19:17:58 core.spotify_handler INFO     Added Spotify thumbnail: https://i.scdn.co/image/ab67616d0000b2730b79038329ef1db60a7a7ff8
2025.07.18 19:17:58 core.spotify_handler INFO     Metadata applied: download/download/Öyle Bi Kader Ki Bu.m4a
2025.07.18 19:17:58 plugins.spotify_plugin ERROR    Mesaj redaktə xətası: Telegram server says - Bad Request: message to edit not found
2025.07.18 19:18:00 core.webprofile      INFO     firefox brauzerindən cookies istifadə edilir.
2025.07.18 19:18:00 core.webprofile      INFO     Seçilmiş User-Agent: Mozilla/5.0 (Macintosh; Intel Mac OS X 10_15_7) AppleWebKit/537.36 (KHTML, like Gecko) Chrome/122.0.0.0 Safari/537.36
2025.07.18 19:18:00 core.webprofile      INFO     firefox brauzerindən cookies istifadə edilir.
2025.07.18 19:18:00 core.webprofile      INFO     Seçilmiş User-Agent: Mozilla/5.0 (Windows NT 10.0; Win64; x64) AppleWebKit/537.36 (KHTML, like Gecko) Chrome/122.0.0.0 Safari/537.36
2025.07.18 19:18:10 core.spotify_handler INFO     Added Spotify thumbnail: https://i.scdn.co/image/ab67616d0000b27388a2ac1b6da62a1e17a8ebda
2025.07.18 19:18:10 core.spotify_handler INFO     Metadata applied: download/download/Aç Kapıyı Gir İçeri.m4a
2025.07.18 19:18:11 core.spotify_handler INFO     Added Spotify thumbnail: https://i.scdn.co/image/ab67616d0000b2736eca4bf6980c848caacb2afb
2025.07.18 19:18:11 core.spotify_handler INFO     Metadata applied: download/download/Ella Quiere Hmm... Haa... Hmm... - DJ Yayo Remix Yayo Remix.m4a
2025.07.18 19:18:11 plugins.spotify_plugin ERROR    Mesaj redaktə xətası: Telegram server says - Bad Request: message to edit not found
2025.07.18 19:18:13 core.webprofile      INFO     firefox brauzerindən cookies istifadə edilir.
2025.07.18 19:18:13 core.webprofile      INFO     Seçilmiş User-Agent: Mozilla/5.0 (Windows NT 10.0; Win64; x64) AppleWebKit/537.36 (KHTML, like Gecko) Chrome/122.0.0.0 Safari/537.36
2025.07.18 19:18:13 core.webprofile      INFO     firefox brauzerindən cookies istifadə edilir.
2025.07.18 19:18:13 core.webprofile      INFO     Seçilmiş User-Agent: Mozilla/5.0 (Windows NT 10.0; Win64; x64) AppleWebKit/537.36 (KHTML, like Gecko) Edge/120.0.0.0 Safari/537.36
2025.07.18 19:18:22 core.spotify_handler INFO     Added Spotify thumbnail: https://i.scdn.co/image/ab67616d0000b273baa2b6e093c5f060bd51f6f2
2025.07.18 19:18:22 core.spotify_handler INFO     Metadata applied: download/download/Donde Están las Atrevidas - Toma Toma Toma.m4a
2025.07.18 19:18:22 core.spotify_handler INFO     Added Spotify thumbnail: https://i.scdn.co/image/ab67616d0000b2730d5a282b4afddf47e90e3361
2025.07.18 19:18:22 core.spotify_handler INFO     Metadata applied: download/download/Kendine İyi Bak.m4a
2025.07.18 19:18:22 plugins.spotify_plugin ERROR    Mesaj redaktə xətası: Telegram server says - Bad Request: message to edit not found
2025.07.18 19:18:24 core.webprofile      INFO     firefox brauzerindən cookies istifadə edilir.
2025.07.18 19:18:24 core.webprofile      INFO     Seçilmiş User-Agent: Mozilla/5.0 (X11; Ubuntu; Linux x86_64; rv:120.0) Gecko/20100101 Firefox/120.0
2025.07.18 19:18:24 core.webprofile      INFO     firefox brauzerindən cookies istifadə edilir.
2025.07.18 19:18:24 core.webprofile      INFO     Seçilmiş User-Agent: Mozilla/5.0 (Windows NT 10.0; Win64; x64; rv:120.0) Gecko/20100101 Firefox/120.0
2025.07.18 19:18:32 core.spotify_handler INFO     Added Spotify thumbnail: https://i.scdn.co/image/ab67616d0000b273a58c0a8abb9a43d5d8aac8a5
2025.07.18 19:18:32 core.spotify_handler INFO     Metadata applied: download/download/Unuttun mu Beni.m4a
2025.07.18 19:18:33 core.spotify_handler INFO     Added Spotify thumbnail: https://i.scdn.co/image/ab67616d0000b2738d09a2495fdbfcca3cff4e4a
2025.07.18 19:18:33 core.spotify_handler INFO     Metadata applied: download/download/Lento.m4a
2025.07.18 19:18:33 plugins.spotify_plugin ERROR    Mesaj redaktə xətası: Telegram server says - Bad Request: message to edit not found
2025.07.18 19:18:35 core.webprofile      INFO     firefox brauzerindən cookies istifadə edilir.
2025.07.18 19:18:35 core.webprofile      INFO     Seçilmiş User-Agent: Mozilla/5.0 (iPhone; CPU iPhone OS 17_2 like Mac OS X) AppleWebKit/605.1.15 (KHTML, like Gecko) Version/17.2 Mobile/15E148 Safari/604.1
2025.07.18 19:18:35 core.webprofile      INFO     firefox brauzerindən cookies istifadə edilir.
2025.07.18 19:18:35 core.webprofile      INFO     Seçilmiş User-Agent: Mozilla/5.0 (Windows NT 10.0; Win64; x64; rv:120.0) Gecko/20100101 Firefox/120.0
2025.07.18 19:18:44 core.spotify_handler INFO     Added Spotify thumbnail: https://i.scdn.co/image/ab67616d0000b27394f863c41c8c2f8c00e6432f
2025.07.18 19:18:44 core.spotify_handler INFO     Metadata applied: download/download/Cennet.m4a
2025.07.18 19:18:44 core.spotify_handler INFO     Added Spotify thumbnail: https://i.scdn.co/image/ab67616d0000b273a8a7515210469b68fbd57129
2025.07.18 19:18:44 core.spotify_handler INFO     Metadata applied: download/download/Wewe.m4a
2025.07.18 19:18:44 plugins.spotify_plugin ERROR    Mesaj redaktə xətası: Telegram server says - Bad Request: message to edit not found
2025.07.18 19:18:46 core.webprofile      INFO     firefox brauzerindən cookies istifadə edilir.
2025.07.18 19:18:46 core.webprofile      INFO     Seçilmiş User-Agent: Mozilla/5.0 (Linux; Android 14; SM-G998B) AppleWebKit/537.36 (KHTML, like Gecko) Chrome/122.0.0.0 Mobile Safari/537.36
2025.07.18 19:18:46 core.webprofile      INFO     firefox brauzerindən cookies istifadə edilir.
2025.07.18 19:18:46 core.webprofile      INFO     Seçilmiş User-Agent: Mozilla/5.0 (Windows NT 10.0; Win64; x64; rv:120.0) Gecko/20100101 Firefox/120.0
2025.07.18 19:18:55 core.spotify_handler INFO     Added Spotify thumbnail: https://i.scdn.co/image/ab67616d0000b273fcbbeca419ce283f139f3062
2025.07.18 19:18:55 core.spotify_handler INFO     Metadata applied: download/download/Pa Tra.m4a
2025.07.18 19:18:55 core.spotify_handler INFO     Added Spotify thumbnail: https://i.scdn.co/image/ab67616d0000b2737b707d1d445a215e995de838
2025.07.18 19:18:55 core.spotify_handler INFO     Metadata applied: download/download/Yaparım Bilirsin.m4a
2025.07.18 19:18:55 plugins.spotify_plugin ERROR    Mesaj redaktə xətası: Telegram server says - Bad Request: message to edit not found
2025.07.18 19:18:57 core.webprofile      INFO     firefox brauzerindən cookies istifadə edilir.
2025.07.18 19:18:57 core.webprofile      INFO     Seçilmiş User-Agent: Mozilla/5.0 (iPhone; CPU iPhone OS 17_2 like Mac OS X) AppleWebKit/605.1.15 (KHTML, like Gecko) Version/17.2 Mobile/15E148 Safari/604.1
2025.07.18 19:18:57 core.webprofile      INFO     firefox brauzerindən cookies istifadə edilir.
2025.07.18 19:18:57 core.webprofile      INFO     Seçilmiş User-Agent: Mozilla/5.0 (Windows NT 10.0; Win64; x64; rv:120.0) Gecko/20100101 Firefox/120.0
2025.07.18 19:19:08 core.spotify_handler INFO     Added Spotify thumbnail: https://i.scdn.co/image/ab67616d0000b273baf34d408665c3204d748c16
2025.07.18 19:19:08 core.spotify_handler INFO     Metadata applied: download/download/Ayrılık.m4a
2025.07.18 19:19:08 core.spotify_handler INFO     Added Spotify thumbnail: https://i.scdn.co/image/ab67616d0000b27399ad167ae8427bc30cfe2c66
2025.07.18 19:19:08 core.spotify_handler INFO     Metadata applied: download/download/Ella, Ella, Ella Que Me Lo Ponga Pa Tra Tra Tra.m4a
2025.07.18 19:19:08 plugins.spotify_plugin ERROR    Mesaj redaktə xətası: Telegram server says - Bad Request: message to edit not found
2025.07.18 19:19:10 core.webprofile      INFO     firefox brauzerindən cookies istifadə edilir.
2025.07.18 19:19:10 core.webprofile      INFO     Seçilmiş User-Agent: Mozilla/5.0 (X11; Ubuntu; Linux x86_64; rv:120.0) Gecko/20100101 Firefox/120.0
2025.07.18 19:19:10 core.webprofile      INFO     firefox brauzerindən cookies istifadə edilir.
2025.07.18 19:19:10 core.webprofile      INFO     Seçilmiş User-Agent: Mozilla/5.0 (Macintosh; Intel Mac OS X 10_15_7) AppleWebKit/537.36 (KHTML, like Gecko) Chrome/122.0.0.0 Safari/537.36
2025.07.18 19:19:18 core.spotify_handler INFO     Added Spotify thumbnail: https://i.scdn.co/image/ab67616d0000b273ae7c23f0b107edb9a4d7e328
2025.07.18 19:19:18 core.spotify_handler INFO     Metadata applied: download/download/Kurtlar Vadisi (Racon).m4a
2025.07.18 19:19:19 core.spotify_handler INFO     Added Spotify thumbnail: https://i.scdn.co/image/ab67616d0000b2738313cc844d8fa7a5d6286e95
2025.07.18 19:19:19 core.spotify_handler INFO     Metadata applied: download/download/Saxofoneo.m4a
2025.07.18 19:19:19 plugins.spotify_plugin ERROR    Mesaj redaktə xətası: Telegram server says - Bad Request: message to edit not found
2025.07.18 19:19:20 core.webprofile      INFO     firefox brauzerindən cookies istifadə edilir.
2025.07.18 19:19:20 core.webprofile      INFO     Seçilmiş User-Agent: Mozilla/5.0 (iPad; CPU OS 17_2 like Mac OS X) AppleWebKit/605.1.15 (KHTML, like Gecko) Version/17.2 Mobile/15E148 Safari/604.1
2025.07.18 19:19:21 core.webprofile      INFO     firefox brauzerindən cookies istifadə edilir.
2025.07.18 19:19:21 core.webprofile      INFO     Seçilmiş User-Agent: Mozilla/5.0 (X11; Linux x86_64) AppleWebKit/537.36 (KHTML, like Gecko) Chrome/122.0.0.0 Safari/537.36
2025.07.18 19:19:30 core.spotify_handler INFO     Added Spotify thumbnail: https://i.scdn.co/image/ab67616d0000b273c11092c78ad6d32ffa6639b0
2025.07.18 19:19:30 core.spotify_handler INFO     Metadata applied: download/download/Yana Yana.m4a
2025.07.18 19:19:30 core.spotify_handler INFO     Added Spotify thumbnail: https://i.scdn.co/image/ab67616d0000b2735c79b567a5523efc27ec66e8
2025.07.18 19:19:30 core.spotify_handler INFO     Metadata applied: download/download/Ponme a Bailar (Guaracha).m4a
2025.07.18 19:19:30 plugins.spotify_plugin ERROR    Mesaj redaktə xətası: Telegram server says - Bad Request: message to edit not found
2025.07.18 19:19:31 core.webprofile      INFO     firefox brauzerindən cookies istifadə edilir.
2025.07.18 19:19:31 core.webprofile      INFO     Seçilmiş User-Agent: Mozilla/5.0 (iPad; CPU OS 17_2 like Mac OS X) AppleWebKit/605.1.15 (KHTML, like Gecko) Version/17.2 Mobile/15E148 Safari/604.1
2025.07.18 19:19:32 core.webprofile      INFO     firefox brauzerindən cookies istifadə edilir.
2025.07.18 19:19:32 core.webprofile      INFO     Seçilmiş User-Agent: Mozilla/5.0 (X11; Ubuntu; Linux x86_64; rv:120.0) Gecko/20100101 Firefox/120.0
2025.07.18 19:19:39 core.spotify_handler INFO     Added Spotify thumbnail: https://i.scdn.co/image/ab67616d0000b27330e6b74e8020ce07e5f24d5e
2025.07.18 19:19:40 core.spotify_handler INFO     Metadata applied: download/download/Göylərə Aşiq Biri.m4a
2025.07.18 19:19:40 core.spotify_handler INFO     Added Spotify thumbnail: https://i.scdn.co/image/ab67616d0000b27382be293a42c213ca994a5764
2025.07.18 19:19:40 core.spotify_handler INFO     Metadata applied: download/download/Twerk Brasilero.m4a
2025.07.18 19:19:41 plugins.spotify_plugin ERROR    Mesaj redaktə xətası: Telegram server says - Bad Request: message to edit not found
2025.07.18 19:19:42 core.webprofile      INFO     firefox brauzerindən cookies istifadə edilir.
2025.07.18 19:19:42 core.webprofile      INFO     Seçilmiş User-Agent: Mozilla/5.0 (Windows NT 10.0; Win64; x64) AppleWebKit/537.36 (KHTML, like Gecko) Edge/120.0.0.0 Safari/537.36
2025.07.18 19:19:43 core.webprofile      INFO     firefox brauzerindən cookies istifadə edilir.
2025.07.18 19:19:43 core.webprofile      INFO     Seçilmiş User-Agent: Mozilla/5.0 (Linux; Android 14; Pixel 8 Pro) AppleWebKit/537.36 (KHTML, like Gecko) Chrome/122.0.0.0 Mobile Safari/537.36
2025.07.18 19:19:50 core.spotify_handler INFO     Added Spotify thumbnail: https://i.scdn.co/image/ab67616d0000b2739ed6fe6f341732cfae51256d
2025.07.18 19:19:51 core.spotify_handler INFO     Metadata applied: download/download/Kurtlar Vadi̇si̇ - Hasret Mix.m4a
2025.07.18 19:19:51 core.spotify_handler INFO     Added Spotify thumbnail: https://i.scdn.co/image/ab67616d0000b2736ba9295150ff7631d7258969
2025.07.18 19:19:51 core.spotify_handler INFO     Metadata applied: download/download/La Fucking Fiesta - Aletoso Mix.m4a
2025.07.18 19:19:52 plugins.spotify_plugin ERROR    Mesaj redaktə xətası: Telegram server says - Bad Request: message to edit not found
2025.07.18 19:19:53 core.webprofile      INFO     firefox brauzerindən cookies istifadə edilir.
2025.07.18 19:19:53 core.webprofile      INFO     Seçilmiş User-Agent: Mozilla/5.0 (iPad; CPU OS 17_2 like Mac OS X) AppleWebKit/605.1.15 (KHTML, like Gecko) Version/17.2 Mobile/15E148 Safari/604.1
2025.07.18 19:19:54 core.webprofile      INFO     firefox brauzerindən cookies istifadə edilir.
2025.07.18 19:19:54 core.webprofile      INFO     Seçilmiş User-Agent: Mozilla/5.0 (X11; Linux x86_64) AppleWebKit/537.36 (KHTML, like Gecko) Chrome/122.0.0.0 Safari/537.36
2025.07.18 19:20:04 core.spotify_handler INFO     Added Spotify thumbnail: https://i.scdn.co/image/ab67616d0000b273f09a85f3a0e1df7ffb87f898
2025.07.18 19:20:04 core.spotify_handler INFO     Metadata applied: download/download/Olsun.m4a
2025.07.18 19:20:04 core.spotify_handler INFO     Added Spotify thumbnail: https://i.scdn.co/image/ab67616d0000b2731d81c9a8258a5df0fcb6f2f6
2025.07.18 19:20:04 core.spotify_handler INFO     Metadata applied: download/download/Noche Loca.m4a
2025.07.18 19:20:05 plugins.spotify_plugin ERROR    Mesaj redaktə xətası: Telegram server says - Bad Request: message to edit not found
2025.07.18 19:20:06 core.webprofile      INFO     firefox brauzerindən cookies istifadə edilir.
2025.07.18 19:20:06 core.webprofile      INFO     Seçilmiş User-Agent: Mozilla/5.0 (X11; Ubuntu; Linux x86_64; rv:120.0) Gecko/20100101 Firefox/120.0
2025.07.18 19:20:06 core.webprofile      INFO     firefox brauzerindən cookies istifadə edilir.
2025.07.18 19:20:06 core.webprofile      INFO     Seçilmiş User-Agent: Mozilla/5.0 (iPhone; CPU iPhone OS 17_2 like Mac OS X) AppleWebKit/605.1.15 (KHTML, like Gecko) Version/17.2 Mobile/15E148 Safari/604.1
2025.07.18 19:20:15 core.spotify_handler INFO     Added Spotify thumbnail: https://i.scdn.co/image/ab67616d0000b273bf4d964238ba9e4e1cf47b4d
2025.07.18 19:20:15 core.spotify_handler INFO     Metadata applied: download/download/Bikinisinde Astronomi - Bonus Trek.m4a
2025.07.18 19:20:15 core.spotify_handler INFO     Added Spotify thumbnail: https://i.scdn.co/image/ab67616d0000b2735d11cde7d7e0a82965fd01a5
2025.07.18 19:20:15 core.spotify_handler INFO     Metadata applied: download/download/Perra.m4a
2025.07.18 19:20:16 plugins.spotify_plugin ERROR    Mesaj redaktə xətası: Telegram server says - Bad Request: message to edit not found
2025.07.18 19:20:17 core.webprofile      INFO     firefox brauzerindən cookies istifadə edilir.
2025.07.18 19:20:17 core.webprofile      INFO     Seçilmiş User-Agent: Mozilla/5.0 (Linux; Android 14; Pixel 8 Pro) AppleWebKit/537.36 (KHTML, like Gecko) Chrome/122.0.0.0 Mobile Safari/537.36
2025.07.18 19:20:18 core.webprofile      INFO     firefox brauzerindən cookies istifadə edilir.
2025.07.18 19:20:18 core.webprofile      INFO     Seçilmiş User-Agent: Mozilla/5.0 (X11; Linux x86_64) AppleWebKit/537.36 (KHTML, like Gecko) Chrome/122.0.0.0 Safari/537.36
2025.07.18 19:20:27 core.spotify_handler INFO     Added Spotify thumbnail: https://i.scdn.co/image/ab67616d0000b273fd348699521cceeffbf60fbc
2025.07.18 19:20:27 core.spotify_handler INFO     Metadata applied: download/download/Altüst Olmuşum.m4a
2025.07.18 19:20:27 core.spotify_handler INFO     Added Spotify thumbnail: https://i.scdn.co/image/ab67616d0000b273bf748e32e86c60a0988a30aa
2025.07.18 19:20:27 core.spotify_handler INFO     Metadata applied: download/download/Wakanda.m4a
2025.07.18 19:20:27 plugins.spotify_plugin ERROR    Mesaj redaktə xətası: Telegram server says - Bad Request: message to edit not found
2025.07.18 19:20:29 core.webprofile      INFO     firefox brauzerindən cookies istifadə edilir.
2025.07.18 19:20:29 core.webprofile      INFO     Seçilmiş User-Agent: Mozilla/5.0 (iPad; CPU OS 17_2 like Mac OS X) AppleWebKit/605.1.15 (KHTML, like Gecko) Version/17.2 Mobile/15E148 Safari/604.1
2025.07.18 19:20:29 core.webprofile      INFO     firefox brauzerindən cookies istifadə edilir.
2025.07.18 19:20:29 core.webprofile      INFO     Seçilmiş User-Agent: Mozilla/5.0 (iPad; CPU OS 17_2 like Mac OS X) AppleWebKit/605.1.15 (KHTML, like Gecko) Version/17.2 Mobile/15E148 Safari/604.1
2025.07.18 19:20:37 core.spotify_handler INFO     Added Spotify thumbnail: https://i.scdn.co/image/ab67616d0000b273decb39445b0d6e16fb91e03b
2025.07.18 19:20:37 core.spotify_handler INFO     Metadata applied: download/download/Yapma N'olursun.m4a
2025.07.18 19:20:37 core.spotify_handler INFO     Added Spotify thumbnail: https://i.scdn.co/image/ab67616d0000b27322dff45909f820f59e248873
2025.07.18 19:20:37 core.spotify_handler INFO     Metadata applied: download/download/First Time Vs Losing It - Aletoso Mix.m4a
2025.07.18 19:20:38 plugins.spotify_plugin ERROR    Mesaj redaktə xətası: Telegram server says - Bad Request: message to edit not found
2025.07.18 19:20:39 core.webprofile      INFO     firefox brauzerindən cookies istifadə edilir.
2025.07.18 19:20:39 core.webprofile      INFO     Seçilmiş User-Agent: Mozilla/5.0 (Windows NT 10.0; Win64; x64) AppleWebKit/537.36 (KHTML, like Gecko) Edge/120.0.0.0 Safari/537.36
2025.07.18 19:20:39 core.webprofile      INFO     firefox brauzerindən cookies istifadə edilir.
2025.07.18 19:20:39 core.webprofile      INFO     Seçilmiş User-Agent: Mozilla/5.0 (Linux; Android 14; SM-G998B) AppleWebKit/537.36 (KHTML, like Gecko) Chrome/122.0.0.0 Mobile Safari/537.36
2025.07.18 19:20:48 core.spotify_handler INFO     Added Spotify thumbnail: https://i.scdn.co/image/ab67616d0000b273fe1ca04a42d2bb8410387812
2025.07.18 19:20:48 core.spotify_handler INFO     Metadata applied: download/download/Gamzedeyim Deva Bulmam.m4a
2025.07.18 19:20:48 core.spotify_handler INFO     Added Spotify thumbnail: https://i.scdn.co/image/ab67616d0000b2739367c1ee2eec0bf3a04b4868
2025.07.18 19:20:48 core.spotify_handler INFO     Metadata applied: download/download/Losing It.m4a
2025.07.18 19:20:48 plugins.spotify_plugin ERROR    Mesaj redaktə xətası: Telegram server says - Bad Request: message to edit not found
2025.07.18 19:20:50 core.webprofile      INFO     firefox brauzerindən cookies istifadə edilir.
2025.07.18 19:20:50 core.webprofile      INFO     Seçilmiş User-Agent: Mozilla/5.0 (Windows NT 10.0; Win64; x64) AppleWebKit/537.36 (KHTML, like Gecko) Chrome/122.0.0.0 Safari/537.36
2025.07.18 19:20:50 core.webprofile      INFO     firefox brauzerindən cookies istifadə edilir.
2025.07.18 19:20:50 core.webprofile      INFO     Seçilmiş User-Agent: Mozilla/5.0 (Windows NT 10.0; Win64; x64) AppleWebKit/537.36 (KHTML, like Gecko) Edge/120.0.0.0 Safari/537.36
2025.07.18 19:20:59 core.spotify_handler INFO     Added Spotify thumbnail: https://i.scdn.co/image/ab67616d0000b273a3a5c2c1353a7483b4ed80e0
2025.07.18 19:20:59 core.spotify_handler INFO     Metadata applied: download/download/Forget.m4a
2025.07.18 19:20:59 core.spotify_handler INFO     Added Spotify thumbnail: https://i.scdn.co/image/ab67616d0000b27354a0ca8e9606dddf34b324bf
2025.07.18 19:20:59 core.spotify_handler INFO     Metadata applied: download/download/Bırakman Doğru Mu.m4a
2025.07.18 19:21:00 plugins.spotify_plugin ERROR    Mesaj redaktə xətası: Telegram server says - Bad Request: message to edit not found
2025.07.18 19:21:01 core.webprofile      INFO     firefox brauzerindən cookies istifadə edilir.
2025.07.18 19:21:01 core.webprofile      INFO     Seçilmiş User-Agent: Mozilla/5.0 (iPhone; CPU iPhone OS 17_2 like Mac OS X) AppleWebKit/605.1.15 (KHTML, like Gecko) Version/17.2 Mobile/15E148 Safari/604.1
2025.07.18 19:21:02 core.webprofile      INFO     firefox brauzerindən cookies istifadə edilir.
2025.07.18 19:21:02 core.webprofile      INFO     Seçilmiş User-Agent: Mozilla/5.0 (X11; Linux x86_64) AppleWebKit/537.36 (KHTML, like Gecko) Chrome/122.0.0.0 Safari/537.36
2025.07.18 19:21:11 core.spotify_handler INFO     Added Spotify thumbnail: https://i.scdn.co/image/ab67616d0000b2733f5526e4e33d3ae8d79db0b1
2025.07.18 19:21:11 core.spotify_handler INFO     Metadata applied: download/download/Pembe Mezarlık.m4a
2025.07.18 19:21:11 core.spotify_handler INFO     Added Spotify thumbnail: https://i.scdn.co/image/ab67616d0000b273bde8489d779ae96512ef2e49
2025.07.18 19:21:11 core.spotify_handler INFO     Metadata applied: download/download/Agachate.m4a
2025.07.18 19:21:12 plugins.spotify_plugin ERROR    Mesaj redaktə xətası: Telegram server says - Bad Request: message to edit not found
2025.07.18 19:21:13 core.webprofile      INFO     firefox brauzerindən cookies istifadə edilir.
2025.07.18 19:21:13 core.webprofile      INFO     Seçilmiş User-Agent: Mozilla/5.0 (X11; Ubuntu; Linux x86_64; rv:120.0) Gecko/20100101 Firefox/120.0
2025.07.18 19:21:13 core.webprofile      INFO     firefox brauzerindən cookies istifadə edilir.
2025.07.18 19:21:13 core.webprofile      INFO     Seçilmiş User-Agent: Mozilla/5.0 (iPhone; CPU iPhone OS 17_2 like Mac OS X) AppleWebKit/605.1.15 (KHTML, like Gecko) Version/17.2 Mobile/15E148 Safari/604.1
2025.07.18 19:21:21 core.spotify_handler INFO     Added Spotify thumbnail: https://i.scdn.co/image/ab67616d0000b273e8bca5d4658b25c4ea0825e9
2025.07.18 19:21:21 core.spotify_handler INFO     Metadata applied: download/download/Ayy  Ben Hala Rüyada.m4a
2025.07.18 19:21:22 core.spotify_handler INFO     Added Spotify thumbnail: https://i.scdn.co/image/ab67616d0000b2730f6e51d4c34210d0c8b43a5e
2025.07.18 19:21:22 core.spotify_handler INFO     Metadata applied: download/download/In And Out Of Love.m4a
2025.07.18 19:21:23 plugins.spotify_plugin ERROR    Mesaj redaktə xətası: Telegram server says - Bad Request: message to edit not found
2025.07.18 19:21:25 core.webprofile      INFO     firefox brauzerindən cookies istifadə edilir.
2025.07.18 19:21:25 core.webprofile      INFO     Seçilmiş User-Agent: Mozilla/5.0 (Windows NT 10.0; Win64; x64) AppleWebKit/537.36 (KHTML, like Gecko) Edge/120.0.0.0 Safari/537.36
2025.07.18 19:21:25 core.webprofile      INFO     firefox brauzerindən cookies istifadə edilir.
2025.07.18 19:21:25 core.webprofile      INFO     Seçilmiş User-Agent: Mozilla/5.0 (Linux; Android 14; SM-G998B) AppleWebKit/537.36 (KHTML, like Gecko) Chrome/122.0.0.0 Mobile Safari/537.36
2025.07.18 19:21:34 core.spotify_handler INFO     Added Spotify thumbnail: https://i.scdn.co/image/ab67616d0000b273f80e529fefa26735c6554e12
2025.07.18 19:21:34 core.spotify_handler INFO     Metadata applied: download/download/Içimdeki Sesler.m4a
2025.07.18 19:21:34 core.spotify_handler INFO     Added Spotify thumbnail: https://i.scdn.co/image/ab67616d0000b2732a37edda69e67266f05a9753
2025.07.18 19:21:34 core.spotify_handler INFO     Metadata applied: download/download/Tamally Maak.m4a
2025.07.18 19:21:35 plugins.spotify_plugin ERROR    Mesaj redaktə xətası: Telegram server says - Bad Request: message to edit not found
2025.07.18 19:21:36 core.webprofile      INFO     firefox brauzerindən cookies istifadə edilir.
2025.07.18 19:21:36 core.webprofile      INFO     Seçilmiş User-Agent: Mozilla/5.0 (iPad; CPU OS 17_2 like Mac OS X) AppleWebKit/605.1.15 (KHTML, like Gecko) Version/17.2 Mobile/15E148 Safari/604.1
2025.07.18 19:21:36 core.webprofile      INFO     firefox brauzerindən cookies istifadə edilir.
2025.07.18 19:21:36 core.webprofile      INFO     Seçilmiş User-Agent: Mozilla/5.0 (Linux; Android 14; Pixel 8 Pro) AppleWebKit/537.36 (KHTML, like Gecko) Chrome/122.0.0.0 Mobile Safari/537.36
2025.07.18 19:21:45 core.spotify_handler INFO     Added Spotify thumbnail: https://i.scdn.co/image/ab67616d0000b2737f6cacbc963f903bd57783b7
2025.07.18 19:21:45 core.spotify_handler INFO     Metadata applied: download/download/Gözlerinin Yeşilini Özledim.m4a
2025.07.18 19:21:45 core.spotify_handler INFO     Added Spotify thumbnail: https://i.scdn.co/image/ab67616d0000b2731dc7483a9fcfce54822a2f19
2025.07.18 19:21:45 core.spotify_handler INFO     Metadata applied: download/download/Hey Baby (Drop It to the Floor) (feat. T-Pain).m4a
2025.07.18 19:21:45 plugins.spotify_plugin ERROR    Mesaj redaktə xətası: Telegram server says - Bad Request: message to edit not found
2025.07.18 19:21:47 core.webprofile      INFO     firefox brauzerindən cookies istifadə edilir.
2025.07.18 19:21:47 core.webprofile      INFO     Seçilmiş User-Agent: Mozilla/5.0 (iPhone; CPU iPhone OS 17_2 like Mac OS X) AppleWebKit/605.1.15 (KHTML, like Gecko) Version/17.2 Mobile/15E148 Safari/604.1
2025.07.18 19:21:47 core.webprofile      INFO     firefox brauzerindən cookies istifadə edilir.
2025.07.18 19:21:47 core.webprofile      INFO     Seçilmiş User-Agent: Mozilla/5.0 (Linux; Android 14; Pixel 8 Pro) AppleWebKit/537.36 (KHTML, like Gecko) Chrome/122.0.0.0 Mobile Safari/537.36
2025.07.18 19:21:56 core.spotify_handler INFO     Added Spotify thumbnail: https://i.scdn.co/image/ab67616d0000b273d653f88352c2da499146473f
2025.07.18 19:21:56 core.spotify_handler INFO     Metadata applied: download/download/AirplaneMode.m4a
2025.07.18 19:21:56 core.spotify_handler INFO     Added Spotify thumbnail: https://i.scdn.co/image/ab67616d0000b2739d6e80b6ef9d293703e2dc05
2025.07.18 19:21:56 core.spotify_handler INFO     Metadata applied: download/download/Ben Yoruldum Hayat.m4a
2025.07.18 19:21:56 plugins.spotify_plugin ERROR    Mesaj redaktə xətası: Telegram server says - Bad Request: message to edit not found
2025.07.18 19:21:58 core.webprofile      INFO     firefox brauzerindən cookies istifadə edilir.
2025.07.18 19:21:58 core.webprofile      INFO     Seçilmiş User-Agent: Mozilla/5.0 (Windows NT 10.0; Win64; x64) AppleWebKit/537.36 (KHTML, like Gecko) Chrome/122.0.0.0 Safari/537.36
2025.07.18 19:21:58 core.webprofile      INFO     firefox brauzerindən cookies istifadə edilir.
2025.07.18 19:21:58 core.webprofile      INFO     Seçilmiş User-Agent: Mozilla/5.0 (X11; Linux x86_64) AppleWebKit/537.36 (KHTML, like Gecko) Chrome/122.0.0.0 Safari/537.36
2025.07.18 19:22:09 core.spotify_handler INFO     Added Spotify thumbnail: https://i.scdn.co/image/ab67616d0000b273141543af3b22ac0c71878fd2
2025.07.18 19:22:09 core.spotify_handler INFO     Metadata applied: download/download/RampartRange.m4a
2025.07.18 19:22:09 core.spotify_handler INFO     Added Spotify thumbnail: https://i.scdn.co/image/ab67616d0000b2731773d8c5158bab36592b24cb
2025.07.18 19:22:09 core.spotify_handler INFO     Metadata applied: download/download/Geri Dön.m4a
2025.07.18 19:22:10 plugins.spotify_plugin ERROR    Mesaj redaktə xətası: Telegram server says - Bad Request: message to edit not found
2025.07.18 19:22:11 core.webprofile      INFO     firefox brauzerindən cookies istifadə edilir.
2025.07.18 19:22:11 core.webprofile      INFO     Seçilmiş User-Agent: Mozilla/5.0 (Windows NT 10.0; Win64; x64) AppleWebKit/537.36 (KHTML, like Gecko) Chrome/122.0.0.0 Safari/537.36
2025.07.18 19:22:12 core.webprofile      INFO     firefox brauzerindən cookies istifadə edilir.
2025.07.18 19:22:12 core.webprofile      INFO     Seçilmiş User-Agent: Mozilla/5.0 (Windows NT 10.0; Win64; x64) AppleWebKit/537.36 (KHTML, like Gecko) Chrome/122.0.0.0 Safari/537.36
2025.07.18 19:22:20 core.spotify_handler INFO     Added Spotify thumbnail: https://i.scdn.co/image/ab67616d0000b273200e2b6526846c59789c92e6
2025.07.18 19:22:21 core.spotify_handler INFO     Metadata applied: download/download/PELIGROSA.m4a
2025.07.18 19:22:21 core.spotify_handler INFO     Added Spotify thumbnail: https://i.scdn.co/image/ab67616d0000b27373daaa5367424dc3a4437deb
2025.07.18 19:22:21 core.spotify_handler INFO     Metadata applied: download/download/Kaç Kere.m4a
2025.07.18 19:22:21 plugins.spotify_plugin ERROR    Mesaj redaktə xətası: Telegram server says - Bad Request: message to edit not found
2025.07.18 19:22:23 core.webprofile      INFO     firefox brauzerindən cookies istifadə edilir.
2025.07.18 19:22:23 core.webprofile      INFO     Seçilmiş User-Agent: Mozilla/5.0 (Linux; Android 14; SM-G998B) AppleWebKit/537.36 (KHTML, like Gecko) Chrome/122.0.0.0 Mobile Safari/537.36
2025.07.18 19:22:23 core.webprofile      INFO     firefox brauzerindən cookies istifadə edilir.
2025.07.18 19:22:23 core.webprofile      INFO     Seçilmiş User-Agent: Mozilla/5.0 (iPad; CPU OS 17_2 like Mac OS X) AppleWebKit/605.1.15 (KHTML, like Gecko) Version/17.2 Mobile/15E148 Safari/604.1
2025.07.18 19:22:32 core.spotify_handler INFO     Added Spotify thumbnail: https://i.scdn.co/image/ab67616d0000b273df4fe26640aa72359c517a22
2025.07.18 19:22:32 core.spotify_handler INFO     Metadata applied: download/download/Söz Bitti.m4a
2025.07.18 19:22:32 core.spotify_handler INFO     Added Spotify thumbnail: https://i.scdn.co/image/ab67616d0000b273369d7528c76e1ddbd4051ff2
2025.07.18 19:22:32 core.spotify_handler INFO     Metadata applied: download/download/EY.m4a
2025.07.18 19:22:33 plugins.spotify_plugin ERROR    Mesaj redaktə xətası: Telegram server says - Bad Request: message to edit not found
2025.07.18 19:22:34 core.webprofile      INFO     firefox brauzerindən cookies istifadə edilir.
2025.07.18 19:22:34 core.webprofile      INFO     Seçilmiş User-Agent: Mozilla/5.0 (Macintosh; Intel Mac OS X 10_15_7) AppleWebKit/537.36 (KHTML, like Gecko) Chrome/122.0.0.0 Safari/537.36
2025.07.18 19:22:34 core.webprofile      INFO     firefox brauzerindən cookies istifadə edilir.
2025.07.18 19:22:34 core.webprofile      INFO     Seçilmiş User-Agent: Mozilla/5.0 (iPad; CPU OS 17_2 like Mac OS X) AppleWebKit/605.1.15 (KHTML, like Gecko) Version/17.2 Mobile/15E148 Safari/604.1
2025.07.18 19:22:43 core.spotify_handler INFO     Added Spotify thumbnail: https://i.scdn.co/image/ab67616d0000b273b4708bc2ba38f20af6890add
2025.07.18 19:22:43 core.spotify_handler INFO     Metadata applied: download/download/Ma Tnsani (Yalla Habibi).m4a
2025.07.18 19:22:43 core.spotify_handler INFO     Added Spotify thumbnail: https://i.scdn.co/image/ab67616d0000b2738a07461a1d634abdefb76d71
2025.07.18 19:22:43 core.spotify_handler INFO     Metadata applied: download/download/Bir Pazar Kahvaltısı.m4a
2025.07.18 19:22:45 plugins.spotify_plugin ERROR    Mesaj redaktə xətası: Telegram server says - Bad Request: message to edit not found
2025.07.18 19:22:45 plugins.spotify_plugin ERROR    Spotify playlist error: Telegram server says - Bad Request: message to delete not found
2025.07.18 19:22:47 core.webprofile      INFO     firefox brauzerindən cookies istifadə edilir.
2025.07.18 19:22:47 core.webprofile      INFO     Seçilmiş User-Agent: Mozilla/5.0 (Windows NT 10.0; Win64; x64; rv:120.0) Gecko/20100101 Firefox/120.0
2025.07.18 19:22:53 core.spotify_handler INFO     Added Spotify thumbnail: https://i.scdn.co/image/ab67616d0000b273a008a83d2bd3d382efabad1e
2025.07.18 19:22:53 core.spotify_handler INFO     Metadata applied: download/download/Nazende Sevgilim.m4a
2025.07.18 19:22:55 core.webprofile      INFO     firefox brauzerindən cookies istifadə edilir.
2025.07.18 19:22:55 core.webprofile      INFO     Seçilmiş User-Agent: Mozilla/5.0 (X11; Ubuntu; Linux x86_64; rv:120.0) Gecko/20100101 Firefox/120.0
2025.07.18 19:23:02 core.spotify_handler INFO     Added Spotify thumbnail: https://i.scdn.co/image/ab67616d0000b2733bac928c843195698a3f283c
2025.07.18 19:23:02 core.spotify_handler INFO     Metadata applied: download/download/Diğer Yarım.m4a
2025.07.18 19:23:04 core.webprofile      INFO     firefox brauzerindən cookies istifadə edilir.
2025.07.18 19:23:04 core.webprofile      INFO     Seçilmiş User-Agent: Mozilla/5.0 (Linux; Android 14; SM-G998B) AppleWebKit/537.36 (KHTML, like Gecko) Chrome/122.0.0.0 Mobile Safari/537.36
2025.07.18 19:23:11 core.spotify_handler INFO     Added Spotify thumbnail: https://i.scdn.co/image/ab67616d0000b27311e380107fa46eca48608beb
2025.07.18 19:23:11 core.spotify_handler INFO     Metadata applied: download/download/Derinden  bazen hayat çok kötü gidiyor ve ben onu nasıl anlatacağımı bilemiyorum.m4a
2025.07.18 19:23:13 core.webprofile      INFO     firefox brauzerindən cookies istifadə edilir.
2025.07.18 19:23:13 core.webprofile      INFO     Seçilmiş User-Agent: Mozilla/5.0 (X11; Ubuntu; Linux x86_64; rv:120.0) Gecko/20100101 Firefox/120.0
2025.07.18 19:23:19 core.spotify_handler INFO     Added Spotify thumbnail: https://i.scdn.co/image/ab67616d0000b273aeca6ed869eca5f1b7fb1022
2025.07.18 19:23:19 core.spotify_handler INFO     Metadata applied: download/download/Bi' Tek Ben Anlarım.m4a
2025.07.18 19:23:21 core.webprofile      INFO     firefox brauzerindən cookies istifadə edilir.
2025.07.18 19:23:21 core.webprofile      INFO     Seçilmiş User-Agent: Mozilla/5.0 (Macintosh; Intel Mac OS X 10_15_7) AppleWebKit/537.36 (KHTML, like Gecko) Chrome/122.0.0.0 Safari/537.36
2025.07.18 19:23:28 core.spotify_handler INFO     Added Spotify thumbnail: https://i.scdn.co/image/ab67616d0000b2732de642b64eadaeff4697f156
2025.07.18 19:23:28 core.spotify_handler INFO     Metadata applied: download/download/Dinle Beni Bi'.m4a
2025.07.18 19:23:32 core.webprofile      INFO     firefox brauzerindən cookies istifadə edilir.
2025.07.18 19:23:32 core.webprofile      INFO     Seçilmiş User-Agent: Mozilla/5.0 (Linux; Android 14; Pixel 8 Pro) AppleWebKit/537.36 (KHTML, like Gecko) Chrome/122.0.0.0 Mobile Safari/537.36
2025.07.18 19:23:38 core.spotify_handler INFO     Added Spotify thumbnail: https://i.scdn.co/image/ab67616d0000b273ac8efa047807774906331c87
2025.07.18 19:23:38 core.spotify_handler INFO     Metadata applied: download/download/Bir Beyaz Orkide.m4a
2025.07.18 19:23:40 core.webprofile      INFO     firefox brauzerindən cookies istifadə edilir.
2025.07.18 19:23:40 core.webprofile      INFO     Seçilmiş User-Agent: Mozilla/5.0 (iPhone; CPU iPhone OS 17_2 like Mac OS X) AppleWebKit/605.1.15 (KHTML, like Gecko) Version/17.2 Mobile/15E148 Safari/604.1
2025.07.18 19:23:47 core.spotify_handler INFO     Added Spotify thumbnail: https://i.scdn.co/image/ab67616d0000b2732ed3c0ae17741d497f71a81d
2025.07.18 19:23:47 core.spotify_handler INFO     Metadata applied: download/download/Aşk Eski Bir Yalan.m4a
2025.07.18 19:23:49 core.webprofile      INFO     firefox brauzerindən cookies istifadə edilir.
2025.07.18 19:23:49 core.webprofile      INFO     Seçilmiş User-Agent: Mozilla/5.0 (Windows NT 10.0; Win64; x64) AppleWebKit/537.36 (KHTML, like Gecko) Chrome/122.0.0.0 Safari/537.36
2025.07.18 19:23:56 core.spotify_handler INFO     Added Spotify thumbnail: https://i.scdn.co/image/ab67616d0000b2739c4b099af882acb316e61c6a
2025.07.18 19:23:56 core.spotify_handler INFO     Metadata applied: download/download/Aşk Paylaşılmaz.m4a
2025.07.18 19:23:58 core.webprofile      INFO     firefox brauzerindən cookies istifadə edilir.
2025.07.18 19:23:58 core.webprofile      INFO     Seçilmiş User-Agent: Mozilla/5.0 (Windows NT 10.0; Win64; x64; rv:120.0) Gecko/20100101 Firefox/120.0
2025.07.18 19:24:06 core.spotify_handler INFO     Added Spotify thumbnail: https://i.scdn.co/image/ab67616d0000b2738c0559b991acf898adfede08
2025.07.18 19:24:06 core.spotify_handler INFO     Metadata applied: download/download/Her Şeyi Yak.m4a
2025.07.18 19:24:08 core.webprofile      INFO     firefox brauzerindən cookies istifadə edilir.
2025.07.18 19:24:08 core.webprofile      INFO     Seçilmiş User-Agent: Mozilla/5.0 (X11; Linux x86_64) AppleWebKit/537.36 (KHTML, like Gecko) Chrome/122.0.0.0 Safari/537.36
2025.07.18 19:24:15 core.spotify_handler INFO     Added Spotify thumbnail: https://i.scdn.co/image/ab67616d0000b27349900d844d624859e209d48f
2025.07.18 19:24:15 core.spotify_handler INFO     Metadata applied: download/download/Hayalet Sevgilim.m4a
2025.07.18 19:37:53 aiogram.event        INFO     Update id=708350405 is handled. Duration 5291 ms by bot id=7599030242
2025.07.18 19:37:59 aiogram.event        INFO     Update id=708350406 is handled. Duration 1 ms by bot id=7599030242
2025.07.18 19:37:59 core.spotify_handler INFO     Fetching track data: 5EIzNPUfb9OLjnZbKOU2o0
2025.07.18 19:37:59 core.webprofile      INFO     firefox brauzerindən cookies istifadə edilir.
2025.07.18 19:37:59 core.webprofile      INFO     Seçilmiş User-Agent: Mozilla/5.0 (iPhone; CPU iPhone OS 17_2 like Mac OS X) AppleWebKit/605.1.15 (KHTML, like Gecko) Version/17.2 Mobile/15E148 Safari/604.1
2025.07.18 19:38:06 core.spotify_handler INFO     Added Spotify thumbnail: https://i.scdn.co/image/ab67616d0000b2732dad9afd1f877f578d781899
2025.07.18 19:38:06 core.spotify_handler INFO     Metadata applied: download/download/Forever.m4a
2025.07.18 19:38:42 aiogram.event        INFO     Update id=708350407 is handled. Duration 2 ms by bot id=7599030242
2025.07.18 19:38:42 core.spotify_handler INFO     Fetching track data: 2kg0IHyVDowb65WfoSun0c
2025.07.18 19:38:43 core.webprofile      INFO     firefox brauzerindən cookies istifadə edilir.
2025.07.18 19:38:43 core.webprofile      INFO     Seçilmiş User-Agent: Mozilla/5.0 (X11; Linux x86_64) AppleWebKit/537.36 (KHTML, like Gecko) Chrome/122.0.0.0 Safari/537.36
2025.07.18 19:38:50 core.spotify_handler INFO     Added Spotify thumbnail: https://i.scdn.co/image/ab67616d0000b27320ba69d010e1a07869863752
2025.07.18 19:38:50 core.spotify_handler INFO     Metadata applied: download/download/I Wanna Ride I Wanna Ride - Sped Up.m4a
2025.07.18 19:40:02 aiogram.event        INFO     Update id=708350408 is handled. Duration 2 ms by bot id=7599030242
2025.07.18 19:40:02 core.spotify_handler INFO     Fetching track data: 4pYDd7DT759LrVTsX0OtdT
2025.07.18 19:40:02 core.webprofile      INFO     firefox brauzerindən cookies istifadə edilir.
2025.07.18 19:40:02 core.webprofile      INFO     Seçilmiş User-Agent: Mozilla/5.0 (Windows NT 10.0; Win64; x64) AppleWebKit/537.36 (KHTML, like Gecko) Chrome/122.0.0.0 Safari/537.36
2025.07.18 19:40:09 core.spotify_handler INFO     Added Spotify thumbnail: https://i.scdn.co/image/ab67616d0000b2734a9af7edbc45baee4590c8ce
2025.07.18 19:40:09 core.spotify_handler INFO     Metadata applied: download/download/Sənnən Bir Müddət Ayrı Qalmaq.m4a
2025.07.18 21:41:57 aiogram.dispatcher   ERROR    Failed to fetch updates - TelegramNetworkError: HTTP Client says - Request timeout error
2025.07.18 21:42:00 aiogram.dispatcher   WARNING  Sleep for 1.000000 seconds and try again... (tryings = 0, bot id = 7599030242)
2025.07.18 21:42:36 aiogram.dispatcher   INFO     Connection established (tryings = 1, bot id = 7599030242)
