2026.09.30 07:35:40 __main__             INFO     🤖 Starting bot...
2026.09.30 07:35:40 __main__             INFO     🚀 Starting bot initialization...
2026.09.30 07:35:40 core.spotify_handler INFO     Spotify API connection established.
2026.09.30 07:35:40 __main__             INFO     ✅ Spotify service initialized
2026.09.30 07:35:40 core.webprofile      INFO     Seçilmiş User-Agent: Mozilla/5.0 (Linux; Android 14; Pixel 8 Pro) AppleWebKit/537.36 (KHTML, like Gecko) Chrome/122.0.0.0 Mobile Safari/537.36
2026.09.30 07:35:40 core.youtube_handler INFO     firefox brauzerindən cookies istifadə edilir.
2026.09.30 07:35:40 __main__             INFO     ✅ YouTube services initialized (firefox)
2026.09.30 07:35:40 __main__             INFO     🔌 Loading plugins...
2026.09.30 07:35:40 core.utilities       INFO     🔍 Scanning plugins in: plugins
2026.09.30 07:35:40 core.utilities       INFO     🔄 Loading: plugins.music_plugin
2026.09.30 07:35:40 core.utilities       INFO     ✅ Loaded (sync): plugins.music_plugin
2026.09.30 07:35:40 core.utilities       INFO     🔄 Loading: plugins.start_plugin
2026.09.30 07:35:40 plugins.start_plugin INFO     ✅ Start plugin yükləndi
2026.09.30 07:35:40 core.utilities       INFO     ✅ Loaded (async): plugins.start_plugin
2026.09.30 07:35:40 core.utilities       INFO     🔄 Loading: plugins.spotify_plugin
2026.09.30 07:35:40 core.utilities       INFO     ✅ Loaded (sync): plugins.spotify_plugin
2026.09.30 07:35:40 core.utilities       INFO     🔄 Loading: plugins.youtube_plugin
2026.09.30 07:35:40 core.utilities       INFO     ✅ Loaded (sync): plugins.youtube_plugin
2026.09.30 07:35:40 __main__             INFO     🚀 Starting polling...
2026.09.30 07:35:40 aiogram.dispatcher   INFO     Start polling
2026.09.30 07:35:40 aiogram.dispatcher   INFO     Run polling for bot @dllmasterbot id=8976652462 - 'DLLMaster'
2026.09.30 07:35:55 core.webprofile      INFO     firefox brauzerindən cookies istifadə edilir.
2026.09.30 07:35:55 core.webprofile      INFO     Seçilmiş User-Agent: Mozilla/5.0 (Linux; Android 14; SM-G998B) AppleWebKit/537.36 (KHTML, like Gecko) Chrome/122.0.0.0 Mobile Safari/537.36
2026.09.30 07:35:59 aiogram.event        INFO     Update id=875900854 is handled. Duration 3693 ms by bot id=8976652462
2026.09.30 07:36:01 core.webprofile      INFO     firefox brauzerindən cookies istifadə edilir.
2026.09.30 07:36:01 core.webprofile      INFO     Seçilmiş User-Agent: Mozilla/5.0 (iPad; CPU OS 17_2 like Mac OS X) AppleWebKit/605.1.15 (KHTML, like Gecko) Version/17.2 Mobile/15E148 Safari/604.1
2026.09.30 07:36:05 core.youtube_handler ERROR    Yükləmə xətası: [0;31mERROR:[0m [youtube] bu-O2rNdRcs: Requested format is not available. Use --list-formats for a list of available formats
2026.09.30 07:36:05 aiogram.event        INFO     Update id=875900855 is handled. Duration 4504 ms by bot id=8976652462
2026.09.30 07:37:33 aiogram.dispatcher   WARNING  Received SIGINT signal
2026.09.30 07:37:33 aiogram.dispatcher   INFO     Polling stopped for bot @dllmasterbot id=8976652462 - 'DLLMaster'
2026.09.30 07:37:33 aiogram.dispatcher   INFO     Polling stopped
2026.09.30 07:37:33 __main__             INFO     🛑 Polling stopped
2026.09.30 07:37:33 __main__             INFO     🔴 Bot stopped
2026.09.30 07:37:57 __main__             INFO     🤖 Starting bot...
2026.09.30 07:37:57 __main__             INFO     🚀 Starting bot initialization...
2026.09.30 07:37:57 core.spotify_handler INFO     Spotify API connection established.
2026.09.30 07:37:57 __main__             INFO     ✅ Spotify service initialized
2026.09.30 07:37:57 core.webprofile      INFO     Seçilmiş User-Agent: Mozilla/5.0 (Windows NT 10.0; Win64; x64) AppleWebKit/537.36 (KHTML, like Gecko) Chrome/122.0.0.0 Safari/537.36
2026.09.30 07:37:57 core.youtube_handler INFO     firefox brauzerindən cookies istifadə edilir.
2026.09.30 07:37:57 __main__             INFO     ✅ YouTube services initialized (firefox)
2026.09.30 07:37:57 __main__             INFO     🔌 Loading plugins...
2026.09.30 07:37:57 core.utilities       INFO     🔍 Scanning plugins in: plugins
2026.09.30 07:37:57 core.utilities       INFO     🔄 Loading: plugins.music_plugin
2026.09.30 07:37:57 core.utilities       INFO     ✅ Loaded (sync): plugins.music_plugin
2026.09.30 07:37:57 core.utilities       INFO     🔄 Loading: plugins.start_plugin
2026.09.30 07:37:57 plugins.start_plugin INFO     ✅ Start plugin yükləndi
2026.09.30 07:37:57 core.utilities       INFO     ✅ Loaded (async): plugins.start_plugin
2026.09.30 07:37:57 core.utilities       INFO     🔄 Loading: plugins.spotify_plugin
2026.09.30 07:37:57 core.utilities       INFO     ✅ Loaded (sync): plugins.spotify_plugin
2026.09.30 07:37:57 core.utilities       INFO     🔄 Loading: plugins.youtube_plugin
2026.09.30 07:37:57 core.utilities       INFO     ✅ Loaded (sync): plugins.youtube_plugin
2026.09.30 07:37:57 __main__             INFO     🚀 Starting polling...
2026.09.30 07:37:57 aiogram.dispatcher   INFO     Start polling
2026.09.30 07:37:57 aiogram.dispatcher   INFO     Run polling for bot @dllmasterbot id=8976652462 - 'DLLMaster'
2026.09.30 07:38:06 core.webprofile      INFO     firefox brauzerindən cookies istifadə edilir.
2026.09.30 07:38:06 core.webprofile      INFO     Seçilmiş User-Agent: Mozilla/5.0 (Windows NT 10.0; Win64; x64; rv:120.0) Gecko/20100101 Firefox/120.0
2026.09.30 07:38:09 aiogram.event        INFO     Update id=875900856 is handled. Duration 3036 ms by bot id=8976652462
2026.09.30 07:38:13 core.webprofile      INFO     firefox brauzerindən cookies istifadə edilir.
2026.09.30 07:38:13 core.webprofile      INFO     Seçilmiş User-Agent: Mozilla/5.0 (Linux; Android 14; Pixel 8 Pro) AppleWebKit/537.36 (KHTML, like Gecko) Chrome/122.0.0.0 Mobile Safari/537.36
2026.09.30 07:38:17 core.youtube_handler ERROR    Yükləmə xətası: [0;31mERROR:[0m [youtube] 34Na4j8AVgA: Requested format is not available. Use --list-formats for a list of available formats
2026.09.30 07:38:17 aiogram.event        INFO     Update id=875900857 is handled. Duration 4427 ms by bot id=8976652462
2026.09.30 07:38:54 aiogram.dispatcher   WARNING  Received SIGINT signal
2026.09.30 07:38:54 aiogram.dispatcher   INFO     Polling stopped for bot @dllmasterbot id=8976652462 - 'DLLMaster'
2026.09.30 07:38:54 aiogram.dispatcher   INFO     Polling stopped
2026.09.30 07:38:55 __main__             INFO     🛑 Polling stopped
2026.09.30 07:38:55 __main__             INFO     🔴 Bot stopped
2026.09.30 11:16:06 __main__             INFO     🤖 Starting bot...
2026.09.30 11:16:06 __main__             INFO     🚀 Starting bot initialization...
2026.09.30 11:16:06 core.spotify_handler INFO     Spotify API connection established.
2026.09.30 11:16:06 __main__             INFO     ✅ Spotify service initialized
2026.09.30 11:16:06 core.webprofile      INFO     Seçilmiş User-Agent: Mozilla/5.0 (Linux; Android 14; SM-G998B) AppleWebKit/537.36 (KHTML, like Gecko) Chrome/122.0.0.0 Mobile Safari/537.36
2026.09.30 11:16:06 core.youtube_handler INFO     firefox brauzerindən cookies istifadə edilir.
2026.09.30 11:16:06 __main__             INFO     ✅ YouTube services initialized (firefox)
2026.09.30 11:16:06 __main__             INFO     🔌 Loading plugins...
2026.09.30 11:16:06 core.utilities       INFO     🔍 Scanning plugins in: plugins
2026.09.30 11:16:06 core.utilities       INFO     🔄 Loading: plugins.music_plugin
2026.09.30 11:16:06 core.utilities       INFO     ✅ Loaded (sync): plugins.music_plugin
2026.09.30 11:16:06 core.utilities       INFO     🔄 Loading: plugins.start_plugin
2026.09.30 11:16:06 plugins.start_plugin INFO     ✅ Start plugin yükləndi
2026.09.30 11:16:06 core.utilities       INFO     ✅ Loaded (async): plugins.start_plugin
2026.09.30 11:16:06 core.utilities       INFO     🔄 Loading: plugins.spotify_plugin
2026.09.30 11:16:06 core.utilities       INFO     ✅ Loaded (sync): plugins.spotify_plugin
2026.09.30 11:16:06 core.utilities       INFO     🔄 Loading: plugins.youtube_plugin
2026.09.30 11:16:06 core.utilities       INFO     ✅ Loaded (sync): plugins.youtube_plugin
2026.09.30 11:16:06 __main__             INFO     🚀 Starting polling...
2026.09.30 11:16:06 aiogram.dispatcher   INFO     Start polling
2026.09.30 11:16:06 aiogram.dispatcher   INFO     Run polling for bot @dllmasterbot id=8976652462 - 'DLLMaster'
2026.09.30 11:16:21 aiogram.event        INFO     Update id=875900858 is handled. Duration 0 ms by bot id=8976652462
2026.09.30 11:16:23 core.webprofile      INFO     firefox brauzerindən cookies istifadə edilir.
2026.09.30 11:16:23 core.webprofile      INFO     Seçilmiş User-Agent: Mozilla/5.0 (X11; Ubuntu; Linux x86_64; rv:120.0) Gecko/20100101 Firefox/120.0
2026.09.30 11:16:28 aiogram.event        INFO     Update id=875900859 is handled. Duration 5333 ms by bot id=8976652462
2026.09.30 11:17:31 aiogram.event        INFO     Update id=875900860 is handled. Duration 48 ms by bot id=8976652462
2026.09.30 11:24:51 aiogram.dispatcher   WARNING  Received SIGINT signal
2026.09.30 11:24:51 aiogram.dispatcher   INFO     Polling stopped for bot @dllmasterbot id=8976652462 - 'DLLMaster'
2026.09.30 11:24:51 aiogram.dispatcher   INFO     Polling stopped
2026.09.30 11:24:52 __main__             INFO     🛑 Polling stopped
2026.09.30 11:24:52 __main__             INFO     🔴 Bot stopped
2026.09.30 11:25:00 __main__             INFO     🤖 Starting bot...
2026.09.30 11:25:00 __main__             INFO     🚀 Starting bot initialization...
2026.09.30 11:25:00 core.spotify_handler INFO     Spotify API connection established.
2026.09.30 11:25:00 __main__             INFO     ✅ Spotify service initialized
2026.09.30 11:25:00 core.webprofile      INFO     Seçilmiş User-Agent: Mozilla/5.0 (Windows NT 10.0; Win64; x64) AppleWebKit/537.36 (KHTML, like Gecko) Chrome/122.0.0.0 Safari/537.36
2026.09.30 11:25:00 core.youtube_handler INFO     firefox brauzerindən cookies istifadə edilir.
2026.09.30 11:25:00 __main__             INFO     ✅ YouTube services initialized (firefox)
2026.09.30 11:25:00 __main__             INFO     🔌 Loading plugins...
2026.09.30 11:25:00 core.utilities       INFO     🔍 Scanning plugins in: plugins
2026.09.30 11:25:00 core.utilities       INFO     🔄 Loading: plugins.music_plugin
2026.09.30 11:25:00 core.utilities       INFO     ✅ Loaded (sync): plugins.music_plugin
2026.09.30 11:25:00 core.utilities       INFO     🔄 Loading: plugins.start_plugin
2026.09.30 11:25:00 plugins.start_plugin INFO     ✅ Start plugin yükləndi
2026.09.30 11:25:00 core.utilities       INFO     ✅ Loaded (async): plugins.start_plugin
2026.09.30 11:25:00 core.utilities       INFO     🔄 Loading: plugins.spotify_plugin
2026.09.30 11:25:00 core.utilities       INFO     ✅ Loaded (sync): plugins.spotify_plugin
2026.09.30 11:25:00 core.utilities       INFO     🔄 Loading: plugins.youtube_plugin
2026.09.30 11:25:00 core.utilities       INFO     ✅ Loaded (sync): plugins.youtube_plugin
2026.09.30 11:25:00 __main__             INFO     🚀 Starting polling...
2026.09.30 11:25:00 aiogram.dispatcher   INFO     Start polling
2026.09.30 11:25:00 aiogram.dispatcher   INFO     Run polling for bot @dllmasterbot id=8976652462 - 'DLLMaster'
2026.09.30 11:25:23 core.webprofile      INFO     firefox brauzerindən cookies istifadə edilir.
2026.09.30 11:25:23 core.webprofile      INFO     Seçilmiş User-Agent: Mozilla/5.0 (Windows NT 10.0; Win64; x64) AppleWebKit/537.36 (KHTML, like Gecko) Edge/120.0.0.0 Safari/537.36
2026.09.30 11:25:26 aiogram.event        INFO     Update id=875900861 is handled. Duration 3651 ms by bot id=8976652462
2026.09.30 11:25:29 core.webprofile      INFO     firefox brauzerindən cookies istifadə edilir.
2026.09.30 11:25:29 core.webprofile      INFO     Seçilmiş User-Agent: Mozilla/5.0 (Linux; Android 14; SM-G998B) AppleWebKit/537.36 (KHTML, like Gecko) Chrome/122.0.0.0 Mobile Safari/537.36
2026.09.30 11:25:33 core.youtube_handler ERROR    Yükləmə xətası: [0;31mERROR:[0m [youtube] XXYlFuWEuKI: Requested format is not available. Use --list-formats for a list of available formats
2026.09.30 11:25:33 aiogram.event        INFO     Update id=875900862 is handled. Duration 4460 ms by bot id=8976652462
2026.09.30 11:26:55 aiogram.event        INFO     Update id=875900863 is handled. Duration 0 ms by bot id=8976652462
2026.09.30 11:27:14 core.webprofile      INFO     firefox brauzerindən cookies istifadə edilir.
2026.09.30 11:27:14 core.webprofile      INFO     Seçilmiş User-Agent: Mozilla/5.0 (Macintosh; Intel Mac OS X 10_15_7) AppleWebKit/537.36 (KHTML, like Gecko) Chrome/122.0.0.0 Safari/537.36
2026.09.30 11:27:17 aiogram.event        INFO     Update id=875900864 is handled. Duration 3877 ms by bot id=8976652462
2026.09.30 11:28:04 aiogram.event        INFO     Update id=875900865 is handled. Duration 0 ms by bot id=8976652462
2026.09.30 11:28:51 aiogram.event        INFO     Update id=875900866 is handled. Duration 0 ms by bot id=8976652462
2026.09.30 11:28:55 aiogram.event        INFO     Update id=875900867 is handled. Duration 821 ms by bot id=8976652462
2026.09.30 11:28:58 core.webprofile      INFO     firefox brauzerindən cookies istifadə edilir.
2026.09.30 11:28:58 core.webprofile      INFO     Seçilmiş User-Agent: Mozilla/5.0 (iPhone; CPU iPhone OS 17_2 like Mac OS X) AppleWebKit/605.1.15 (KHTML, like Gecko) Version/17.2 Mobile/15E148 Safari/604.1
2026.09.30 11:28:58 plugins.music_plugin WARNING  Odesli status 401 (https://www.youtube.com/watch?v=g5xJBKVGTGs)
2026.09.30 11:29:02 core.youtube_handler ERROR    Yükləmə xətası: [0;31mERROR:[0m [youtube] g5xJBKVGTGs: Requested format is not available. Use --list-formats for a list of available formats
2026.09.30 11:29:02 plugins.music_plugin ERROR    Inline göndərmə xətası: Yükləmə xətası: [0;31mERROR:[0m [youtube] g5xJBKVGTGs: Requested format is not available. Use --list-formats for a list of available formats
Traceback (most recent call last):
  File [35m"/home/admin/.local/lib/python3.13/site-packages/yt_dlp/YoutubeDL.py"[0m, line [35m1731[0m, in [35mwrapper[0m
    return func(self, *args, **kwargs)
  File [35m"/home/admin/.local/lib/python3.13/site-packages/yt_dlp/YoutubeDL.py"[0m, line [35m1887[0m, in [35m__extract_info[0m
    return [31mself.process_ie_result[0m[1;31m(ie_result, download, extra_info)[0m
           [31m~~~~~~~~~~~~~~~~~~~~~~[0m[1;31m^^^^^^^^^^^^^^^^^^^^^^^^^^^^^^^^^[0m
  File [35m"/home/admin/.local/lib/python3.13/site-packages/yt_dlp/YoutubeDL.py"[0m, line [35m1946[0m, in [35mprocess_ie_result[0m
    ie_result = self.process_video_result(ie_result, download=download)
  File [35m"/home/admin/.local/lib/python3.13/site-packages/yt_dlp/YoutubeDL.py"[0m, line [35m3096[0m, in [35mprocess_video_result[0m
    raise ExtractorError(
        'Requested format is not available. Use --list-formats for a list of available formats',
        expected=True, video_id=info_dict['id'], ie=info_dict['extractor'])
[1;35myt_dlp.utils.ExtractorError[0m: [35m[youtube] g5xJBKVGTGs: Requested format is not available. Use --list-formats for a list of available formats[0m

During handling of the above exception, another exception occurred:

Traceback (most recent call last):
  File [35m"/home/admin/dlmaster/core/youtube_handler.py"[0m, line [35m144[0m, in [35mdownload_track[0m
    await asyncio.to_thread(ydl.download, [query])
  File [35m"/usr/lib/python3.13/asyncio/threads.py"[0m, line [35m25[0m, in [35mto_thread[0m
    return [1;31mawait loop.run_in_executor(None, func_call)[0m
           [1;31m^^^^^^^^^^^^^^^^^^^^^^^^^^^^^^^^^^^^^^^^^^^[0m
  File [35m"/usr/lib/python3.13/concurrent/futures/thread.py"[0m, line [35m59[0m, in [35mrun[0m
    result = self.fn(*self.args, **self.kwargs)
  File [35m"/home/admin/.local/lib/python3.13/site-packages/yt_dlp/YoutubeDL.py"[0m, line [35m3714[0m, in [35mdownload[0m
    [31mself.__download_wrapper(self.extract_info)[0m[1;31m([0m
    [31m~~~~~~~~~~~~~~~~~~~~~~~~~~~~~~~~~~~~~~~~~~[0m[1;31m^[0m
        [1;31murl, force_generic_extractor=self.params.get('force_generic_extractor', False))[0m
        [1;31m^^^^^^^^^^^^^^^^^^^^^^^^^^^^^^^^^^^^^^^^^^^^^^^^^^^^^^^^^^^^^^^^^^^^^^^^^^^^^^^[0m
  File [35m"/home/admin/.local/lib/python3.13/site-packages/yt_dlp/YoutubeDL.py"[0m, line [35m3687[0m, in [35mwrapper[0m
    res = func(*args, **kwargs)
  File [35m"/home/admin/.local/lib/python3.13/site-packages/yt_dlp/YoutubeDL.py"[0m, line [35m1720[0m, in [35mextract_info[0m
    return [31mself.__extract_info[0m[1;31m(url, self.get_info_extractor(key), download, extra_info, process)[0m
           [31m~~~~~~~~~~~~~~~~~~~[0m[1;31m^^^^^^^^^^^^^^^^^^^^^^^^^^^^^^^^^^^^^^^^^^^^^^^^^^^^^^^^^^^^^^^^^^[0m
  File [35m"/home/admin/.local/lib/python3.13/site-packages/yt_dlp/YoutubeDL.py"[0m, line [35m1749[0m, in [35mwrapper[0m
    [31mself.report_error[0m[1;31m(str(e), e.format_traceback())[0m
    [31m~~~~~~~~~~~~~~~~~[0m[1;31m^^^^^^^^^^^^^^^^^^^^^^^^^^^^^^[0m
  File [35m"/home/admin/.local/lib/python3.13/site-packages/yt_dlp/YoutubeDL.py"[0m, line [35m1165[0m, in [35mreport_error[0m
    [31mself.trouble[0m[1;31m(f'{self._format_err("ERROR:", self.Styles.ERROR)} {message}', *args, **kwargs)[0m
    [31m~~~~~~~~~~~~[0m[1;31m^^^^^^^^^^^^^^^^^^^^^^^^^^^^^^^^^^^^^^^^^^^^^^^^^^^^^^^^^^^^^^^^^^^^^^^^^^^^^^^[0m
  File [35m"/home/admin/.local/lib/python3.13/site-packages/yt_dlp/YoutubeDL.py"[0m, line [35m1103[0m, in [35mtrouble[0m
    raise DownloadError(message, exc_info)
[1;35myt_dlp.utils.DownloadError[0m: [35m[0;31mERROR:[0m [youtube] g5xJBKVGTGs: Requested format is not available. Use --list-formats for a list of available formats[0m

During handling of the above exception, another exception occurred:

Traceback (most recent call last):
  File [35m"/home/admin/dlmaster/plugins/music_plugin.py"[0m, line [35m441[0m, in [35mhandle_chosen_inline[0m
    file_path = [1;31mawait context.youtube_manager.download_track(url, sanitize_filename(title))[0m
                [1;31m^^^^^^^^^^^^^^^^^^^^^^^^^^^^^^^^^^^^^^^^^^^^^^^^^^^^^^^^^^^^^^^^^^^^^^^^^^^[0m
  File [35m"/home/admin/dlmaster/core/youtube_handler.py"[0m, line [35m151[0m, in [35mdownload_track[0m
    raise RuntimeError(f"Yükləmə xətası: {str(e)}")
[1;35mRuntimeError[0m: [35mYükləmə xətası: [0;31mERROR:[0m [youtube] g5xJBKVGTGs: Requested format is not available. Use --list-formats for a list of available formats[0m
2026.09.30 11:29:03 aiogram.event        INFO     Update id=875900868 is handled. Duration 4919 ms by bot id=8976652462
2026.09.30 11:30:02 aiogram.dispatcher   WARNING  Received SIGINT signal
2026.09.30 11:30:02 aiogram.dispatcher   INFO     Polling stopped for bot @dllmasterbot id=8976652462 - 'DLLMaster'
2026.09.30 11:30:02 aiogram.dispatcher   INFO     Polling stopped
2026.09.30 11:30:02 __main__             INFO     🛑 Polling stopped
2026.09.30 11:30:02 __main__             INFO     🔴 Bot stopped
2026.09.30 11:36:09 __main__             INFO     🤖 Starting bot...
2026.09.30 11:36:09 __main__             INFO     🚀 Starting bot initialization...
2026.09.30 11:36:09 core.spotify_handler INFO     Spotify API connection established.
2026.09.30 11:36:09 __main__             INFO     ✅ Spotify service initialized
2026.09.30 11:36:09 core.webprofile      INFO     Seçilmiş User-Agent: Mozilla/5.0 (Macintosh; Intel Mac OS X 10_15_7) AppleWebKit/537.36 (KHTML, like Gecko) Chrome/122.0.0.0 Safari/537.36
2026.09.30 11:36:09 core.youtube_handler INFO     firefox brauzerindən cookies istifadə edilir.
2026.09.30 11:36:09 __main__             INFO     ✅ YouTube services initialized (firefox)
2026.09.30 11:36:09 __main__             INFO     🔌 Loading plugins...
2026.09.30 11:36:09 core.utilities       INFO     🔍 Scanning plugins in: plugins
2026.09.30 11:36:09 core.utilities       INFO     🔄 Loading: plugins.music_plugin
2026.09.30 11:36:09 core.utilities       INFO     ✅ Loaded (sync): plugins.music_plugin
2026.09.30 11:36:09 core.utilities       INFO     🔄 Loading: plugins.start_plugin
2026.09.30 11:36:09 plugins.start_plugin INFO     ✅ Start plugin yükləndi
2026.09.30 11:36:09 core.utilities       INFO     ✅ Loaded (async): plugins.start_plugin
2026.09.30 11:36:09 core.utilities       INFO     🔄 Loading: plugins.spotify_plugin
2026.09.30 11:36:09 core.utilities       INFO     ✅ Loaded (sync): plugins.spotify_plugin
2026.09.30 11:36:09 core.utilities       INFO     🔄 Loading: plugins.youtube_plugin
2026.09.30 11:36:09 core.utilities       INFO     ✅ Loaded (sync): plugins.youtube_plugin
2026.09.30 11:36:09 __main__             INFO     🚀 Starting polling...
2026.09.30 11:36:09 aiogram.dispatcher   INFO     Start polling
2026.09.30 11:36:09 aiogram.dispatcher   INFO     Run polling for bot @dllmasterbot id=8976652462 - 'DLLMaster'
2026.09.30 11:36:23 aiogram.event        INFO     Update id=875900869 is handled. Duration 0 ms by bot id=8976652462
2026.09.30 11:36:33 core.webprofile      INFO     firefox brauzerindən cookies istifadə edilir.
2026.09.30 11:36:33 core.webprofile      INFO     Seçilmiş User-Agent: Mozilla/5.0 (X11; Ubuntu; Linux x86_64; rv:120.0) Gecko/20100101 Firefox/120.0
2026.09.30 11:36:35 core.webprofile      INFO     firefox brauzerindən cookies istifadə edilir.
2026.09.30 11:36:35 core.webprofile      INFO     Seçilmiş User-Agent: Mozilla/5.0 (Windows NT 10.0; Win64; x64) AppleWebKit/537.36 (KHTML, like Gecko) Edge/120.0.0.0 Safari/537.36
2026.09.30 11:36:37 aiogram.event        INFO     Update id=875900870 is handled. Duration 4211 ms by bot id=8976652462
2026.09.30 11:36:38 aiogram.event        INFO     Update id=875900871 is handled. Duration 4328 ms by bot id=8976652462
2026.09.30 11:36:40 core.webprofile      INFO     firefox brauzerindən cookies istifadə edilir.
2026.09.30 11:36:40 core.webprofile      INFO     Seçilmiş User-Agent: Mozilla/5.0 (Linux; Android 14; SM-G998B) AppleWebKit/537.36 (KHTML, like Gecko) Chrome/122.0.0.0 Mobile Safari/537.36
2026.09.30 11:36:41 plugins.music_plugin WARNING  Odesli status 401 (https://www.youtube.com/watch?v=fCNOG0PaaSY)
2026.09.30 11:36:42 core.youtube_handler ERROR    Yükləmə xətası: [0;31mERROR:[0m [youtube] fCNOG0PaaSY: The page needs to be reloaded.
2026.09.30 11:36:42 plugins.music_plugin ERROR    Inline göndərmə xətası: Yükləmə xətası: [0;31mERROR:[0m [youtube] fCNOG0PaaSY: The page needs to be reloaded.
Traceback (most recent call last):
  File [35m"/home/admin/.local/lib/python3.13/site-packages/yt_dlp/YoutubeDL.py"[0m, line [35m1731[0m, in [35mwrapper[0m
    return func(self, *args, **kwargs)
  File [35m"/home/admin/.local/lib/python3.13/site-packages/yt_dlp/YoutubeDL.py"[0m, line [35m1866[0m, in [35m__extract_info[0m
    ie_result = ie.extract(url)
  File [35m"/home/admin/.local/lib/python3.13/site-packages/yt_dlp/extractor/common.py"[0m, line [35m765[0m, in [35mextract[0m
    ie_result = self._real_extract(url)
  File [35m"/home/admin/.local/lib/python3.13/site-packages/yt_dlp/extractor/youtube/_video.py"[0m, line [35m4076[0m, in [35m_real_extract[0m
    [31mself.raise_no_formats[0m[1;31m(reason, expected=True)[0m
    [31m~~~~~~~~~~~~~~~~~~~~~[0m[1;31m^^^^^^^^^^^^^^^^^^^^^^^[0m
  File [35m"/home/admin/.local/lib/python3.13/site-packages/yt_dlp/extractor/common.py"[0m, line [35m1272[0m, in [35mraise_no_formats[0m
    raise ExtractorError(msg, expected=expected, video_id=video_id)
[1;35myt_dlp.utils.ExtractorError[0m: [35m[youtube] fCNOG0PaaSY: The page needs to be reloaded.[0m

During handling of the above exception, another exception occurred:

Traceback (most recent call last):
  File [35m"/home/admin/dlmaster/core/youtube_handler.py"[0m, line [35m174[0m, in [35mdownload_track[0m
    return [1;31mawait download_as_m4a([0m
           [1;31m^^^^^^^^^^^^^^^^^^^^^^[0m
    ...<2 lines>...
    [1;31m)[0m
    [1;31m^[0m
  File [35m"/home/admin/dlmaster/core/youtube_handler.py"[0m, line [35m74[0m, in [35mdownload_as_m4a[0m
    info = [1;31mawait asyncio.to_thread(ydl.extract_info, url, download=True)[0m
           [1;31m^^^^^^^^^^^^^^^^^^^^^^^^^^^^^^^^^^^^^^^^^^^^^^^^^^^^^^^^^^^^^[0m
  File [35m"/usr/lib/python3.13/asyncio/threads.py"[0m, line [35m25[0m, in [35mto_thread[0m
    return [1;31mawait loop.run_in_executor(None, func_call)[0m
           [1;31m^^^^^^^^^^^^^^^^^^^^^^^^^^^^^^^^^^^^^^^^^^^[0m
  File [35m"/usr/lib/python3.13/concurrent/futures/thread.py"[0m, line [35m59[0m, in [35mrun[0m
    result = self.fn(*self.args, **self.kwargs)
  File [35m"/home/admin/.local/lib/python3.13/site-packages/yt_dlp/YoutubeDL.py"[0m, line [35m1720[0m, in [35mextract_info[0m
    return [31mself.__extract_info[0m[1;31m(url, self.get_info_extractor(key), download, extra_info, process)[0m
           [31m~~~~~~~~~~~~~~~~~~~[0m[1;31m^^^^^^^^^^^^^^^^^^^^^^^^^^^^^^^^^^^^^^^^^^^^^^^^^^^^^^^^^^^^^^^^^^[0m
  File [35m"/home/admin/.local/lib/python3.13/site-packages/yt_dlp/YoutubeDL.py"[0m, line [35m1749[0m, in [35mwrapper[0m
    [31mself.report_error[0m[1;31m(str(e), e.format_traceback())[0m
    [31m~~~~~~~~~~~~~~~~~[0m[1;31m^^^^^^^^^^^^^^^^^^^^^^^^^^^^^^[0m
  File [35m"/home/admin/.local/lib/python3.13/site-packages/yt_dlp/YoutubeDL.py"[0m, line [35m1165[0m, in [35mreport_error[0m
    [31mself.trouble[0m[1;31m(f'{self._format_err("ERROR:", self.Styles.ERROR)} {message}', *args, **kwargs)[0m
    [31m~~~~~~~~~~~~[0m[1;31m^^^^^^^^^^^^^^^^^^^^^^^^^^^^^^^^^^^^^^^^^^^^^^^^^^^^^^^^^^^^^^^^^^^^^^^^^^^^^^^[0m
  File [35m"/home/admin/.local/lib/python3.13/site-packages/yt_dlp/YoutubeDL.py"[0m, line [35m1103[0m, in [35mtrouble[0m
    raise DownloadError(message, exc_info)
[1;35myt_dlp.utils.DownloadError[0m: [35m[0;31mERROR:[0m [youtube] fCNOG0PaaSY: The page needs to be reloaded.[0m

During handling of the above exception, another exception occurred:

Traceback (most recent call last):
  File [35m"/home/admin/dlmaster/plugins/music_plugin.py"[0m, line [35m441[0m, in [35mhandle_chosen_inline[0m
    file_path = [1;31mawait context.youtube_manager.download_track(url, sanitize_filename(title))[0m
                [1;31m^^^^^^^^^^^^^^^^^^^^^^^^^^^^^^^^^^^^^^^^^^^^^^^^^^^^^^^^^^^^^^^^^^^^^^^^^^^[0m
  File [35m"/home/admin/dlmaster/core/youtube_handler.py"[0m, line [35m180[0m, in [35mdownload_track[0m
    raise RuntimeError(f"Yükləmə xətası: {str(e)}")
[1;35mRuntimeError[0m: [35mYükləmə xətası: [0;31mERROR:[0m [youtube] fCNOG0PaaSY: The page needs to be reloaded.[0m
2026.09.30 11:36:42 aiogram.event        INFO     Update id=875900872 is handled. Duration 2447 ms by bot id=8976652462
2026.09.30 11:38:07 aiogram.dispatcher   WARNING  Received SIGINT signal
2026.09.30 11:38:07 aiogram.dispatcher   INFO     Polling stopped for bot @dllmasterbot id=8976652462 - 'DLLMaster'
2026.09.30 11:38:07 aiogram.dispatcher   INFO     Polling stopped
2026.09.30 11:38:07 __main__             INFO     🛑 Polling stopped
2026.09.30 11:38:07 __main__             INFO     🔴 Bot stopped
2026.09.30 11:38:12 __main__             INFO     🤖 Starting bot...
2026.09.30 11:38:12 __main__             INFO     🚀 Starting bot initialization...
2026.09.30 11:38:12 core.spotify_handler INFO     Spotify API connection established.
2026.09.30 11:38:12 __main__             INFO     ✅ Spotify service initialized
2026.09.30 11:38:12 core.webprofile      INFO     Seçilmiş User-Agent: Mozilla/5.0 (iPad; CPU OS 17_2 like Mac OS X) AppleWebKit/605.1.15 (KHTML, like Gecko) Version/17.2 Mobile/15E148 Safari/604.1
2026.09.30 11:38:12 core.youtube_handler INFO     firefox brauzerindən cookies istifadə edilir.
2026.09.30 11:38:12 __main__             INFO     ✅ YouTube services initialized (firefox)
2026.09.30 11:38:12 __main__             INFO     🔌 Loading plugins...
2026.09.30 11:38:12 core.utilities       INFO     🔍 Scanning plugins in: plugins
2026.09.30 11:38:12 core.utilities       INFO     🔄 Loading: plugins.music_plugin
2026.09.30 11:38:12 core.utilities       INFO     ✅ Loaded (sync): plugins.music_plugin
2026.09.30 11:38:12 core.utilities       INFO     🔄 Loading: plugins.start_plugin
2026.09.30 11:38:12 plugins.start_plugin INFO     ✅ Start plugin yükləndi
2026.09.30 11:38:12 core.utilities       INFO     ✅ Loaded (async): plugins.start_plugin
2026.09.30 11:38:12 core.utilities       INFO     🔄 Loading: plugins.spotify_plugin
2026.09.30 11:38:12 core.utilities       INFO     ✅ Loaded (sync): plugins.spotify_plugin
2026.09.30 11:38:12 core.utilities       INFO     🔄 Loading: plugins.youtube_plugin
2026.09.30 11:38:12 core.utilities       INFO     ✅ Loaded (sync): plugins.youtube_plugin
2026.09.30 11:38:12 __main__             INFO     🚀 Starting polling...
2026.09.30 11:38:12 aiogram.dispatcher   INFO     Start polling
2026.09.30 11:38:12 aiogram.dispatcher   INFO     Run polling for bot @dllmasterbot id=8976652462 - 'DLLMaster'
2026.09.30 11:38:19 aiogram.event        INFO     Update id=875900873 is handled. Duration 0 ms by bot id=8976652462
2026.09.30 11:38:22 core.webprofile      INFO     firefox brauzerindən cookies istifadə edilir.
2026.09.30 11:38:22 core.webprofile      INFO     Seçilmiş User-Agent: Mozilla/5.0 (Linux; Android 14; SM-G998B) AppleWebKit/537.36 (KHTML, like Gecko) Chrome/122.0.0.0 Mobile Safari/537.36
2026.09.30 11:38:25 aiogram.event        INFO     Update id=875900874 is handled. Duration 4370 ms by bot id=8976652462
2026.09.30 11:38:27 core.webprofile      INFO     firefox brauzerindən cookies istifadə edilir.
2026.09.30 11:38:27 core.webprofile      INFO     Seçilmiş User-Agent: Mozilla/5.0 (Windows NT 10.0; Win64; x64) AppleWebKit/537.36 (KHTML, like Gecko) Edge/120.0.0.0 Safari/537.36
2026.09.30 11:38:27 core.youtube_handler INFO     Yükləmə cəhdi: cookies + default client
2026.09.30 11:38:28 plugins.music_plugin WARNING  Odesli status 401 (https://www.youtube.com/watch?v=qJxk1leG1wY)
2026.09.30 11:38:29 core.youtube_handler WARNING  Cəhd uğursuz (cookies + default client): [0;31mERROR:[0m [youtube] qJxk1leG1wY: The page needs to be reloaded.
2026.09.30 11:38:29 core.webprofile      INFO     Seçilmiş User-Agent: Mozilla/5.0 (iPad; CPU OS 17_2 like Mac OS X) AppleWebKit/605.1.15 (KHTML, like Gecko) Version/17.2 Mobile/15E148 Safari/604.1
2026.09.30 11:38:29 core.youtube_handler INFO     Yükləmə cəhdi: cookies-siz + default client
2026.09.30 11:38:30 core.youtube_handler WARNING  Cəhd uğursuz (cookies-siz + default client): [0;31mERROR:[0m [youtube] qJxk1leG1wY: Sign in to confirm you’re not a bot. Use --cookies-from-browser or --cookies for the authentication. See  https://github.com/yt-dlp/yt-dlp/wiki/FAQ#how-do-i-pass-cookies-to-yt-dlp  for how to manually pass cookies. Also see  https://github.com/yt-dlp/yt-dlp/wiki/Extractors#exporting-youtube-cookies  for tips on effectively exporting YouTube cookies
2026.09.30 11:38:30 core.webprofile      INFO     Seçilmiş User-Agent: Mozilla/5.0 (Linux; Android 14; Pixel 8 Pro) AppleWebKit/537.36 (KHTML, like Gecko) Chrome/122.0.0.0 Mobile Safari/537.36
2026.09.30 11:38:30 core.youtube_handler INFO     Yükləmə cəhdi: cookies-siz + android_vr/tv
2026.09.30 11:38:32 core.youtube_handler WARNING  Cəhd uğursuz (cookies-siz + android_vr/tv): [0;31mERROR:[0m [youtube] qJxk1leG1wY: Sign in to confirm you’re not a bot. Use --cookies-from-browser or --cookies for the authentication. See  https://github.com/yt-dlp/yt-dlp/wiki/FAQ#how-do-i-pass-cookies-to-yt-dlp  for how to manually pass cookies. Also see  https://github.com/yt-dlp/yt-dlp/wiki/Extractors#exporting-youtube-cookies  for tips on effectively exporting YouTube cookies
2026.09.30 11:38:32 core.webprofile      INFO     Seçilmiş User-Agent: Mozilla/5.0 (iPad; CPU OS 17_2 like Mac OS X) AppleWebKit/605.1.15 (KHTML, like Gecko) Version/17.2 Mobile/15E148 Safari/604.1
2026.09.30 11:38:32 core.youtube_handler INFO     Yükləmə cəhdi: cookies + tv/web_safari
2026.09.30 11:38:35 core.youtube_handler WARNING  Cəhd uğursuz (cookies + tv/web_safari): [0;31mERROR:[0m [youtube] qJxk1leG1wY: The page needs to be reloaded.
2026.09.30 11:38:35 core.youtube_handler ERROR    Yükləmə xətası: [0;31mERROR:[0m [youtube] qJxk1leG1wY: The page needs to be reloaded.
2026.09.30 11:38:35 plugins.music_plugin ERROR    Inline göndərmə xətası: Yükləmə xətası: [0;31mERROR:[0m [youtube] qJxk1leG1wY: The page needs to be reloaded.
Traceback (most recent call last):
  File [35m"/home/admin/.local/lib/python3.13/site-packages/yt_dlp/YoutubeDL.py"[0m, line [35m1731[0m, in [35mwrapper[0m
    return func(self, *args, **kwargs)
  File [35m"/home/admin/.local/lib/python3.13/site-packages/yt_dlp/YoutubeDL.py"[0m, line [35m1866[0m, in [35m__extract_info[0m
    ie_result = ie.extract(url)
  File [35m"/home/admin/.local/lib/python3.13/site-packages/yt_dlp/extractor/common.py"[0m, line [35m765[0m, in [35mextract[0m
    ie_result = self._real_extract(url)
  File [35m"/home/admin/.local/lib/python3.13/site-packages/yt_dlp/extractor/youtube/_video.py"[0m, line [35m4076[0m, in [35m_real_extract[0m
    [31mself.raise_no_formats[0m[1;31m(reason, expected=True)[0m
    [31m~~~~~~~~~~~~~~~~~~~~~[0m[1;31m^^^^^^^^^^^^^^^^^^^^^^^[0m
  File [35m"/home/admin/.local/lib/python3.13/site-packages/yt_dlp/extractor/common.py"[0m, line [35m1272[0m, in [35mraise_no_formats[0m
    raise ExtractorError(msg, expected=expected, video_id=video_id)
[1;35myt_dlp.utils.ExtractorError[0m: [35m[youtube] qJxk1leG1wY: The page needs to be reloaded.[0m

During handling of the above exception, another exception occurred:

Traceback (most recent call last):
  File [35m"/home/admin/dlmaster/core/youtube_handler.py"[0m, line [35m200[0m, in [35mdownload_track[0m
    return [1;31mawait download_as_m4a([0m
           [1;31m^^^^^^^^^^^^^^^^^^^^^^[0m
    ...<2 lines>...
    [1;31m)[0m
    [1;31m^[0m
  File [35m"/home/admin/dlmaster/core/youtube_handler.py"[0m, line [35m107[0m, in [35mdownload_as_m4a[0m
    raise last_error
  File [35m"/home/admin/dlmaster/core/youtube_handler.py"[0m, line [35m94[0m, in [35mdownload_as_m4a[0m
    info = [1;31mawait asyncio.to_thread(ydl.extract_info, url, download=True)[0m
           [1;31m^^^^^^^^^^^^^^^^^^^^^^^^^^^^^^^^^^^^^^^^^^^^^^^^^^^^^^^^^^^^^[0m
  File [35m"/usr/lib/python3.13/asyncio/threads.py"[0m, line [35m25[0m, in [35mto_thread[0m
    return [1;31mawait loop.run_in_executor(None, func_call)[0m
           [1;31m^^^^^^^^^^^^^^^^^^^^^^^^^^^^^^^^^^^^^^^^^^^[0m
  File [35m"/usr/lib/python3.13/concurrent/futures/thread.py"[0m, line [35m59[0m, in [35mrun[0m
    result = self.fn(*self.args, **self.kwargs)
  File [35m"/home/admin/.local/lib/python3.13/site-packages/yt_dlp/YoutubeDL.py"[0m, line [35m1720[0m, in [35mextract_info[0m
    return [31mself.__extract_info[0m[1;31m(url, self.get_info_extractor(key), download, extra_info, process)[0m
           [31m~~~~~~~~~~~~~~~~~~~[0m[1;31m^^^^^^^^^^^^^^^^^^^^^^^^^^^^^^^^^^^^^^^^^^^^^^^^^^^^^^^^^^^^^^^^^^[0m
  File [35m"/home/admin/.local/lib/python3.13/site-packages/yt_dlp/YoutubeDL.py"[0m, line [35m1749[0m, in [35mwrapper[0m
    [31mself.report_error[0m[1;31m(str(e), e.format_traceback())[0m
    [31m~~~~~~~~~~~~~~~~~[0m[1;31m^^^^^^^^^^^^^^^^^^^^^^^^^^^^^^[0m
  File [35m"/home/admin/.local/lib/python3.13/site-packages/yt_dlp/YoutubeDL.py"[0m, line [35m1165[0m, in [35mreport_error[0m
    [31mself.trouble[0m[1;31m(f'{self._format_err("ERROR:", self.Styles.ERROR)} {message}', *args, **kwargs)[0m
    [31m~~~~~~~~~~~~[0m[1;31m^^^^^^^^^^^^^^^^^^^^^^^^^^^^^^^^^^^^^^^^^^^^^^^^^^^^^^^^^^^^^^^^^^^^^^^^^^^^^^^[0m
  File [35m"/home/admin/.local/lib/python3.13/site-packages/yt_dlp/YoutubeDL.py"[0m, line [35m1103[0m, in [35mtrouble[0m
    raise DownloadError(message, exc_info)
[1;35myt_dlp.utils.DownloadError[0m: [35m[0;31mERROR:[0m [youtube] qJxk1leG1wY: The page needs to be reloaded.[0m

During handling of the above exception, another exception occurred:

Traceback (most recent call last):
  File [35m"/home/admin/dlmaster/plugins/music_plugin.py"[0m, line [35m441[0m, in [35mhandle_chosen_inline[0m
    file_path = [1;31mawait context.youtube_manager.download_track(url, sanitize_filename(title))[0m
                [1;31m^^^^^^^^^^^^^^^^^^^^^^^^^^^^^^^^^^^^^^^^^^^^^^^^^^^^^^^^^^^^^^^^^^^^^^^^^^^[0m
  File [35m"/home/admin/dlmaster/core/youtube_handler.py"[0m, line [35m206[0m, in [35mdownload_track[0m
    raise RuntimeError(f"Yükləmə xətası: {str(e)}")
[1;35mRuntimeError[0m: [35mYükləmə xətası: [0;31mERROR:[0m [youtube] qJxk1leG1wY: The page needs to be reloaded.[0m
2026.09.30 11:38:35 aiogram.event        INFO     Update id=875900875 is handled. Duration 8465 ms by bot id=8976652462
2026.09.30 11:44:18 aiogram.dispatcher   WARNING  Received SIGINT signal
2026.09.30 11:44:18 aiogram.dispatcher   INFO     Polling stopped for bot @dllmasterbot id=8976652462 - 'DLLMaster'
2026.09.30 11:44:18 aiogram.dispatcher   INFO     Polling stopped
2026.09.30 11:44:18 __main__             INFO     🛑 Polling stopped
2026.09.30 11:44:18 __main__             INFO     🔴 Bot stopped
2026.09.30 11:44:24 __main__             INFO     🤖 Starting bot...
2026.09.30 11:44:24 __main__             INFO     🚀 Starting bot initialization...
2026.09.30 11:44:24 core.spotify_handler INFO     Spotify API connection established.
2026.09.30 11:44:24 __main__             INFO     ✅ Spotify service initialized
2026.09.30 11:44:24 core.webprofile      INFO     Seçilmiş User-Agent: Mozilla/5.0 (Windows NT 10.0; Win64; x64) AppleWebKit/537.36 (KHTML, like Gecko) Edge/120.0.0.0 Safari/537.36
2026.09.30 11:44:24 core.youtube_handler INFO     firefox brauzerindən cookies istifadə edilir.
2026.09.30 11:44:24 __main__             INFO     ✅ YouTube services initialized (firefox)
2026.09.30 11:44:24 __main__             INFO     🔌 Loading plugins...
2026.09.30 11:44:24 core.utilities       INFO     🔍 Scanning plugins in: plugins
2026.09.30 11:44:24 core.utilities       INFO     🔄 Loading: plugins.music_plugin
2026.09.30 11:44:24 core.utilities       INFO     ✅ Loaded (sync): plugins.music_plugin
2026.09.30 11:44:24 core.utilities       INFO     🔄 Loading: plugins.start_plugin
2026.09.30 11:44:24 plugins.start_plugin INFO     ✅ Start plugin yükləndi
2026.09.30 11:44:24 core.utilities       INFO     ✅ Loaded (async): plugins.start_plugin
2026.09.30 11:44:24 core.utilities       INFO     🔄 Loading: plugins.spotify_plugin
2026.09.30 11:44:24 core.utilities       INFO     ✅ Loaded (sync): plugins.spotify_plugin
2026.09.30 11:44:24 core.utilities       INFO     🔄 Loading: plugins.youtube_plugin
2026.09.30 11:44:24 core.utilities       INFO     ✅ Loaded (sync): plugins.youtube_plugin
2026.09.30 11:44:24 __main__             INFO     🚀 Starting polling...
2026.09.30 11:44:24 aiogram.dispatcher   INFO     Start polling
2026.09.30 11:44:24 aiogram.dispatcher   INFO     Run polling for bot @dllmasterbot id=8976652462 - 'DLLMaster'
2026.09.30 11:44:36 aiogram.event        INFO     Update id=875900876 is handled. Duration 0 ms by bot id=8976652462
2026.09.30 11:44:40 core.webprofile      INFO     firefox brauzerindən cookies istifadə edilir.
2026.09.30 11:44:40 core.webprofile      INFO     Seçilmiş User-Agent: Mozilla/5.0 (Linux; Android 14; SM-G998B) AppleWebKit/537.36 (KHTML, like Gecko) Chrome/122.0.0.0 Mobile Safari/537.36
2026.09.30 11:44:44 aiogram.event        INFO     Update id=875900877 is handled. Duration 4228 ms by bot id=8976652462
2026.09.30 11:44:46 core.webprofile      INFO     firefox brauzerindən cookies istifadə edilir.
2026.09.30 11:44:46 core.webprofile      INFO     Seçilmiş User-Agent: Mozilla/5.0 (Windows NT 10.0; Win64; x64) AppleWebKit/537.36 (KHTML, like Gecko) Edge/120.0.0.0 Safari/537.36
2026.09.30 11:44:46 core.youtube_handler INFO     Yükləmə cəhdi: cookies + default client
2026.09.30 11:44:47 plugins.music_plugin WARNING  Odesli API açar tələb edir (ODESLI_API_KEY). Birbaşa song.link/<url> linki istifadə olunacaq.
2026.09.30 11:45:04 aiogram.event        INFO     Update id=875900878 is handled. Duration 18023 ms by bot id=8976652462
2026.09.30 11:47:20 core.webprofile      INFO     firefox brauzerindən cookies istifadə edilir.
2026.09.30 11:47:20 core.webprofile      INFO     Seçilmiş User-Agent: Mozilla/5.0 (iPad; CPU OS 17_2 like Mac OS X) AppleWebKit/605.1.15 (KHTML, like Gecko) Version/17.2 Mobile/15E148 Safari/604.1
2026.09.30 11:47:24 aiogram.event        INFO     Update id=875900879 is handled. Duration 3365 ms by bot id=8976652462
2026.09.30 11:47:26 core.webprofile      INFO     firefox brauzerindən cookies istifadə edilir.
2026.09.30 11:47:26 core.webprofile      INFO     Seçilmiş User-Agent: Mozilla/5.0 (Windows NT 10.0; Win64; x64; rv:120.0) Gecko/20100101 Firefox/120.0
2026.09.30 11:47:26 core.youtube_handler INFO     Yükləmə cəhdi: cookies + default client
2026.09.30 11:47:45 aiogram.event        INFO     Update id=875900880 is handled. Duration 18895 ms by bot id=8976652462
2026.09.30 11:51:56 aiogram.event        INFO     Update id=875900881 is handled. Duration 0 ms by bot id=8976652462
2026.09.30 11:52:00 core.webprofile      INFO     firefox brauzerindən cookies istifadə edilir.
2026.09.30 11:52:00 core.webprofile      INFO     Seçilmiş User-Agent: Mozilla/5.0 (iPad; CPU OS 17_2 like Mac OS X) AppleWebKit/605.1.15 (KHTML, like Gecko) Version/17.2 Mobile/15E148 Safari/604.1
2026.09.30 11:52:03 aiogram.event        INFO     Update id=875900882 is handled. Duration 3859 ms by bot id=8976652462
2026.09.30 11:52:05 core.webprofile      INFO     firefox brauzerindən cookies istifadə edilir.
2026.09.30 11:52:05 core.webprofile      INFO     Seçilmiş User-Agent: Mozilla/5.0 (iPhone; CPU iPhone OS 17_2 like Mac OS X) AppleWebKit/605.1.15 (KHTML, like Gecko) Version/17.2 Mobile/15E148 Safari/604.1
2026.09.30 11:52:05 core.youtube_handler INFO     Yükləmə cəhdi: cookies + default client
2026.09.30 11:52:17 aiogram.event        INFO     Update id=875900883 is handled. Duration 12657 ms by bot id=8976652462
2026.09.30 11:55:08 aiogram.dispatcher   WARNING  Received SIGINT signal
2026.09.30 11:55:08 aiogram.dispatcher   INFO     Polling stopped for bot @dllmasterbot id=8976652462 - 'DLLMaster'
2026.09.30 11:55:08 aiogram.dispatcher   INFO     Polling stopped
2026.09.30 11:55:08 __main__             INFO     🛑 Polling stopped
2026.09.30 11:55:08 __main__             INFO     🔴 Bot stopped
2026.09.30 11:55:14 __main__             INFO     🤖 Starting bot...
2026.09.30 11:55:14 __main__             INFO     🚀 Starting bot initialization...
2026.09.30 11:55:14 core.spotify_handler INFO     Spotify API connection established.
2026.09.30 11:55:14 __main__             INFO     ✅ Spotify service initialized
2026.09.30 11:55:14 core.webprofile      INFO     Seçilmiş User-Agent: Mozilla/5.0 (Linux; Android 14; Pixel 8 Pro) AppleWebKit/537.36 (KHTML, like Gecko) Chrome/122.0.0.0 Mobile Safari/537.36
2026.09.30 11:55:14 core.youtube_handler INFO     firefox brauzerindən cookies istifadə edilir.
2026.09.30 11:55:14 __main__             INFO     ✅ YouTube services initialized (firefox)
2026.09.30 11:55:14 __main__             INFO     🔌 Loading plugins...
2026.09.30 11:55:14 core.utilities       INFO     🔍 Scanning plugins in: plugins
2026.09.30 11:55:14 core.utilities       INFO     🔄 Loading: plugins.music_plugin
2026.09.30 11:55:14 core.utilities       INFO     ✅ Loaded (sync): plugins.music_plugin
2026.09.30 11:55:14 core.utilities       INFO     🔄 Loading: plugins.start_plugin
2026.09.30 11:55:14 plugins.start_plugin INFO     ✅ Start plugin yükləndi
2026.09.30 11:55:14 core.utilities       INFO     ✅ Loaded (async): plugins.start_plugin
2026.09.30 11:55:14 core.utilities       INFO     🔄 Loading: plugins.spotify_plugin
2026.09.30 11:55:14 core.utilities       INFO     ✅ Loaded (sync): plugins.spotify_plugin
2026.09.30 11:55:14 core.utilities       INFO     🔄 Loading: plugins.youtube_plugin
2026.09.30 11:55:14 core.utilities       INFO     ✅ Loaded (sync): plugins.youtube_plugin
2026.09.30 11:55:14 __main__             INFO     🚀 Starting polling...
2026.09.30 11:55:14 aiogram.dispatcher   INFO     Start polling
2026.09.30 11:55:14 aiogram.dispatcher   INFO     Run polling for bot @dllmasterbot id=8976652462 - 'DLLMaster'
2026.09.30 11:55:20 aiogram.event        INFO     Update id=875900884 is handled. Duration 0 ms by bot id=8976652462
2026.09.30 11:55:23 core.webprofile      INFO     firefox brauzerindən cookies istifadə edilir.
2026.09.30 11:55:23 core.webprofile      INFO     Seçilmiş User-Agent: Mozilla/5.0 (Windows NT 10.0; Win64; x64) AppleWebKit/537.36 (KHTML, like Gecko) Edge/120.0.0.0 Safari/537.36
2026.09.30 11:55:25 aiogram.event        INFO     Update id=875900885 is handled. Duration 3315 ms by bot id=8976652462
2026.09.30 11:55:29 core.webprofile      INFO     firefox brauzerindən cookies istifadə edilir.
2026.09.30 11:55:29 core.webprofile      INFO     Seçilmiş User-Agent: Mozilla/5.0 (iPad; CPU OS 17_2 like Mac OS X) AppleWebKit/605.1.15 (KHTML, like Gecko) Version/17.2 Mobile/15E148 Safari/604.1
2026.09.30 11:55:29 core.youtube_handler INFO     Yükləmə cəhdi: cookies + default client
2026.09.30 11:55:29 plugins.music_plugin WARNING  Odesli API açar tələb edir (ODESLI_API_KEY). Birbaşa song.link/<url> linki istifadə olunacaq.
2026.09.30 11:55:42 aiogram.event        INFO     Update id=875900886 is handled. Duration 13078 ms by bot id=8976652462
2026.09.30 11:55:52 core.webprofile      INFO     firefox brauzerindən cookies istifadə edilir.
2026.09.30 11:55:52 core.webprofile      INFO     Seçilmiş User-Agent: Mozilla/5.0 (Windows NT 10.0; Win64; x64) AppleWebKit/537.36 (KHTML, like Gecko) Chrome/122.0.0.0 Safari/537.36
2026.09.30 11:55:55 aiogram.event        INFO     Update id=875900887 is handled. Duration 2517 ms by bot id=8976652462
2026.09.30 11:55:55 aiogram.event        INFO     Update id=875900888 is handled. Duration 26 ms by bot id=8976652462
2026.09.30 11:55:56 aiogram.event        INFO     Update id=875900889 is handled. Duration 31 ms by bot id=8976652462
2026.09.30 11:56:03 aiogram.event        INFO     Update id=875900890 is handled. Duration 71 ms by bot id=8976652462
2026.09.30 11:56:06 core.webprofile      INFO     firefox brauzerindən cookies istifadə edilir.
2026.09.30 11:56:06 core.webprofile      INFO     Seçilmiş User-Agent: Mozilla/5.0 (Windows NT 10.0; Win64; x64; rv:120.0) Gecko/20100101 Firefox/120.0
2026.09.30 11:56:06 core.youtube_handler INFO     Yükləmə cəhdi: cookies + default client
2026.09.30 11:56:23 aiogram.event        INFO     Update id=875900891 is handled. Duration 17187 ms by bot id=8976652462
2026.09.30 11:56:54 aiogram.event        INFO     Update id=875900892 is handled. Duration 69 ms by bot id=8976652462
2026.09.30 11:57:04 core.webprofile      INFO     firefox brauzerindən cookies istifadə edilir.
2026.09.30 11:57:04 core.webprofile      INFO     Seçilmiş User-Agent: Mozilla/5.0 (Macintosh; Intel Mac OS X 10_15_7) AppleWebKit/537.36 (KHTML, like Gecko) Chrome/122.0.0.0 Safari/537.36
2026.09.30 11:57:04 core.youtube_handler INFO     Yükləmə cəhdi: cookies + default client
2026.09.30 11:57:17 aiogram.event        INFO     Update id=875900894 is handled. Duration 0 ms by bot id=8976652462
2026.09.30 11:57:20 core.webprofile      INFO     firefox brauzerindən cookies istifadə edilir.
2026.09.30 11:57:20 core.webprofile      INFO     Seçilmiş User-Agent: Mozilla/5.0 (X11; Linux x86_64) AppleWebKit/537.36 (KHTML, like Gecko) Chrome/122.0.0.0 Safari/537.36
2026.09.30 11:57:21 aiogram.event        INFO     Update id=875900896 is handled. Duration 802 ms by bot id=8976652462
2026.09.30 11:57:21 core.webprofile      INFO     firefox brauzerindən cookies istifadə edilir.
2026.09.30 11:57:21 core.webprofile      INFO     Seçilmiş User-Agent: Mozilla/5.0 (X11; Linux x86_64) AppleWebKit/537.36 (KHTML, like Gecko) Chrome/122.0.0.0 Safari/537.36
2026.09.30 11:57:23 aiogram.event        INFO     Update id=875900895 is handled. Duration 3945 ms by bot id=8976652462
2026.09.30 11:57:23 aiogram.event        INFO     Update id=875900893 is handled. Duration 19369 ms by bot id=8976652462
2026.09.30 11:57:24 aiogram.event        INFO     Update id=875900897 is handled. Duration 4321 ms by bot id=8976652462
2026.09.30 11:57:27 core.webprofile      INFO     firefox brauzerindən cookies istifadə edilir.
2026.09.30 11:57:27 core.webprofile      INFO     Seçilmiş User-Agent: Mozilla/5.0 (Windows NT 10.0; Win64; x64) AppleWebKit/537.36 (KHTML, like Gecko) Edge/120.0.0.0 Safari/537.36
2026.09.30 11:57:27 core.youtube_handler INFO     Yükləmə cəhdi: cookies + default client
2026.09.30 11:57:47 aiogram.event        INFO     Update id=875900899 is handled. Duration 0 ms by bot id=8976652462
2026.09.30 11:57:54 aiogram.event        INFO     Update id=875900898 is handled. Duration 26916 ms by bot id=8976652462
2026.09.30 11:57:58 core.webprofile      INFO     firefox brauzerindən cookies istifadə edilir.
2026.09.30 11:57:58 core.webprofile      INFO     Seçilmiş User-Agent: Mozilla/5.0 (Linux; Android 14; SM-G998B) AppleWebKit/537.36 (KHTML, like Gecko) Chrome/122.0.0.0 Mobile Safari/537.36
2026.09.30 11:58:00 aiogram.event        INFO     Update id=875900900 is handled. Duration 2243 ms by bot id=8976652462
2026.09.30 11:58:00 aiogram.event        INFO     Update id=875900901 is handled. Duration 70 ms by bot id=8976652462
2026.09.30 11:58:02 aiogram.event        INFO     Update id=875900902 is handled. Duration 31 ms by bot id=8976652462
2026.09.30 11:58:09 aiogram.event        INFO     Update id=875900903 is handled. Duration 0 ms by bot id=8976652462
2026.09.30 12:04:24 aiogram.dispatcher   WARNING  Received SIGINT signal
2026.09.30 12:04:24 aiogram.dispatcher   INFO     Polling stopped for bot @dllmasterbot id=8976652462 - 'DLLMaster'
2026.09.30 12:04:24 aiogram.dispatcher   INFO     Polling stopped
2026.09.30 12:04:24 __main__             INFO     🛑 Polling stopped
2026.09.30 12:04:24 __main__             INFO     🔴 Bot stopped
2026.09.30 12:04:34 __main__             INFO     🤖 Starting bot...
2026.09.30 12:04:34 __main__             INFO     🚀 Starting bot initialization...
2026.09.30 12:04:34 core.spotify_handler INFO     Spotify API connection established.
2026.09.30 12:04:34 __main__             INFO     ✅ Spotify service initialized
2026.09.30 12:04:34 core.webprofile      INFO     Seçilmiş User-Agent: Mozilla/5.0 (Windows NT 10.0; Win64; x64) AppleWebKit/537.36 (KHTML, like Gecko) Edge/120.0.0.0 Safari/537.36
2026.09.30 12:04:34 core.youtube_handler INFO     firefox brauzerindən cookies istifadə edilir.
2026.09.30 12:04:34 __main__             INFO     ✅ YouTube services initialized (firefox)
2026.09.30 12:04:34 __main__             INFO     🔌 Loading plugins...
2026.09.30 12:04:34 core.utilities       INFO     🔍 Scanning plugins in: plugins
2026.09.30 12:04:34 core.utilities       INFO     🔄 Loading: plugins.music_plugin
2026.09.30 12:04:34 core.utilities       INFO     ✅ Loaded (sync): plugins.music_plugin
2026.09.30 12:04:34 core.utilities       INFO     🔄 Loading: plugins.start_plugin
2026.09.30 12:04:34 plugins.start_plugin INFO     ✅ Start plugin yükləndi
2026.09.30 12:04:34 core.utilities       INFO     ✅ Loaded (async): plugins.start_plugin
2026.09.30 12:04:34 core.utilities       INFO     🔄 Loading: plugins.spotify_plugin
2026.09.30 12:04:34 core.utilities       INFO     ✅ Loaded (sync): plugins.spotify_plugin
2026.09.30 12:04:34 core.utilities       INFO     🔄 Loading: plugins.youtube_plugin
2026.09.30 12:04:34 core.utilities       INFO     ✅ Loaded (sync): plugins.youtube_plugin
2026.09.30 12:04:34 core.utilities       INFO     🔄 Loading: plugins.audio_editor_plugin
2026.09.30 12:04:34 core.utilities       INFO     ✅ Loaded (sync): plugins.audio_editor_plugin
2026.09.30 12:04:34 __main__             INFO     🚀 Starting polling...
2026.09.30 12:04:34 aiogram.dispatcher   INFO     Start polling
2026.09.30 12:04:34 aiogram.dispatcher   INFO     Run polling for bot @dllmasterbot id=8976652462 - 'DLLMaster'
2026.09.30 12:05:20 aiogram.event        INFO     Update id=875900904 is handled. Duration 20081 ms by bot id=8976652462
2026.09.30 12:06:45 aiogram.event        INFO     Update id=875900923 is not handled. Duration 13 ms by bot id=8976652462
2026.09.30 12:06:45 aiogram.event        INFO     Update id=875900908 is not handled. Duration 18 ms by bot id=8976652462
2026.09.30 12:06:45 aiogram.event        INFO     Update id=875900910 is not handled. Duration 18 ms by bot id=8976652462
2026.09.30 12:06:45 aiogram.event        INFO     Update id=875900909 is not handled. Duration 18 ms by bot id=8976652462
2026.09.30 12:06:45 aiogram.event        INFO     Update id=875900911 is not handled. Duration 18 ms by bot id=8976652462
2026.09.30 12:06:45 aiogram.event        INFO     Update id=875900912 is not handled. Duration 18 ms by bot id=8976652462
2026.09.30 12:06:45 aiogram.event        INFO     Update id=875900914 is not handled. Duration 18 ms by bot id=8976652462
2026.09.30 12:06:45 aiogram.event        INFO     Update id=875900913 is not handled. Duration 19 ms by bot id=8976652462
2026.09.30 12:06:45 aiogram.event        INFO     Update id=875900916 is not handled. Duration 18 ms by bot id=8976652462
2026.09.30 12:06:45 aiogram.event        INFO     Update id=875900917 is not handled. Duration 18 ms by bot id=8976652462
2026.09.30 12:06:45 aiogram.event        INFO     Update id=875900920 is not handled. Duration 18 ms by bot id=8976652462
2026.09.30 12:06:45 aiogram.event        INFO     Update id=875900921 is not handled. Duration 18 ms by bot id=8976652462
2026.09.30 12:06:45 aiogram.event        INFO     Update id=875900922 is not handled. Duration 18 ms by bot id=8976652462
2026.09.30 12:06:45 aiogram.event        INFO     Update id=875900927 is not handled. Duration 17 ms by bot id=8976652462
2026.09.30 12:06:45 aiogram.event        INFO     Update id=875900928 is not handled. Duration 17 ms by bot id=8976652462
2026.09.30 12:06:45 aiogram.event        INFO     Update id=875900929 is not handled. Duration 17 ms by bot id=8976652462
2026.09.30 12:06:45 aiogram.event        INFO     Update id=875900906 is not handled. Duration 23 ms by bot id=8976652462
2026.09.30 12:06:45 aiogram.event        INFO     Update id=875900905 is not handled. Duration 24 ms by bot id=8976652462
2026.09.30 12:06:45 aiogram.event        INFO     Update id=875900919 is not handled. Duration 20 ms by bot id=8976652462
2026.09.30 12:06:45 aiogram.event        INFO     Update id=875900907 is not handled. Duration 24 ms by bot id=8976652462
2026.09.30 12:06:45 aiogram.event        INFO     Update id=875900915 is not handled. Duration 22 ms by bot id=8976652462
2026.09.30 12:06:45 aiogram.event        INFO     Update id=875900918 is not handled. Duration 21 ms by bot id=8976652462
2026.09.30 12:06:45 aiogram.event        INFO     Update id=875900925 is not handled. Duration 20 ms by bot id=8976652462
2026.09.30 12:06:45 aiogram.event        INFO     Update id=875900924 is not handled. Duration 20 ms by bot id=8976652462
2026.09.30 12:06:45 aiogram.event        INFO     Update id=875900926 is not handled. Duration 20 ms by bot id=8976652462
2026.09.30 12:06:46 aiogram.event        INFO     Update id=875900930 is not handled. Duration 1 ms by bot id=8976652462
2026.09.30 12:06:48 aiogram.event        INFO     Update id=875900931 is not handled. Duration 1 ms by bot id=8976652462
2026.09.30 12:07:15 aiogram.event        INFO     Update id=875900932 is handled. Duration 0 ms by bot id=8976652462
2026.09.30 12:07:19 core.webprofile      INFO     firefox brauzerindən cookies istifadə edilir.
2026.09.30 12:07:19 core.webprofile      INFO     Seçilmiş User-Agent: Mozilla/5.0 (iPad; CPU OS 17_2 like Mac OS X) AppleWebKit/605.1.15 (KHTML, like Gecko) Version/17.2 Mobile/15E148 Safari/604.1
2026.09.30 12:07:23 aiogram.event        INFO     Update id=875900933 is handled. Duration 4348 ms by bot id=8976652462
2026.09.30 12:07:29 core.webprofile      INFO     firefox brauzerindən cookies istifadə edilir.
2026.09.30 12:07:29 core.webprofile      INFO     Seçilmiş User-Agent: Mozilla/5.0 (Windows NT 10.0; Win64; x64) AppleWebKit/537.36 (KHTML, like Gecko) Chrome/122.0.0.0 Safari/537.36
2026.09.30 12:07:29 core.youtube_handler INFO     Yükləmə cəhdi: cookies + default client
2026.09.30 12:07:29 aiogram.event        INFO     Update id=875900935 is not handled. Duration 9 ms by bot id=8976652462
2026.09.30 12:07:30 plugins.music_plugin WARNING  Odesli API açar tələb edir (ODESLI_API_KEY). Birbaşa song.link/<url> linki istifadə olunacaq.
2026.09.30 12:07:38 aiogram.event        INFO     Update id=875900934 is handled. Duration 9024 ms by bot id=8976652462
2026.09.30 12:07:52 core.webprofile      INFO     firefox brauzerindən cookies istifadə edilir.
2026.09.30 12:07:52 core.webprofile      INFO     Seçilmiş User-Agent: Mozilla/5.0 (Windows NT 10.0; Win64; x64) AppleWebKit/537.36 (KHTML, like Gecko) Edge/120.0.0.0 Safari/537.36
2026.09.30 12:07:54 aiogram.event        INFO     Update id=875900936 is handled. Duration 2232 ms by bot id=8976652462
2026.09.30 12:07:54 aiogram.event        INFO     Update id=875900937 is handled. Duration 18 ms by bot id=8976652462
2026.09.30 12:18:17 aiogram.dispatcher   WARNING  Received SIGINT signal
2026.09.30 12:18:17 aiogram.dispatcher   INFO     Polling stopped for bot @dllmasterbot id=8976652462 - 'DLLMaster'
2026.09.30 12:18:17 aiogram.dispatcher   INFO     Polling stopped
2026.09.30 12:18:17 __main__             INFO     🛑 Polling stopped
2026.09.30 12:18:17 __main__             INFO     🔴 Bot stopped
2026.09.30 12:18:24 __main__             INFO     🤖 Starting bot...
2026.09.30 12:18:24 __main__             INFO     🚀 Starting bot initialization...
2026.09.30 12:18:24 core.spotify_handler INFO     Spotify API connection established.
2026.09.30 12:18:24 __main__             INFO     ✅ Spotify service initialized
2026.09.30 12:18:24 core.youtube_handler INFO     firefox brauzerindən cookies istifadə edilir.
2026.09.30 12:18:24 __main__             INFO     ✅ YouTube services initialized (firefox)
2026.09.30 12:18:24 __main__             INFO     🔌 Loading plugins...
2026.09.30 12:18:24 core.utilities       INFO     🔍 Scanning plugins in: /home/admin/dlmaster/plugins
2026.09.30 12:18:24 core.utilities       INFO     🔄 Loading: plugins.audio_editor_plugin
2026.09.30 12:18:24 core.utilities       INFO     🔄 Loading: plugins.music_plugin
2026.09.30 12:18:24 core.utilities       INFO     🔄 Loading: plugins.spotify_plugin
2026.09.30 12:18:24 core.utilities       INFO     🔄 Loading: plugins.start_plugin
2026.09.30 12:18:24 core.utilities       INFO     🔄 Loading: plugins.youtube_plugin
2026.09.30 12:18:24 core.utilities       INFO     ✅ Loaded: plugins.audio_editor_plugin
2026.09.30 12:18:24 core.utilities       INFO     ✅ Loaded: plugins.spotify_plugin
2026.09.30 12:18:24 plugins.start_plugin INFO     ✅ Start plugin yükləndi
2026.09.30 12:18:24 core.utilities       INFO     ✅ Loaded: plugins.start_plugin
2026.09.30 12:18:24 core.utilities       INFO     ✅ Loaded: plugins.youtube_plugin
2026.09.30 12:18:24 core.utilities       INFO     ✅ Loaded: plugins.music_plugin
2026.09.30 12:18:24 __main__             INFO     🚀 Starting polling...
2026.09.30 12:18:24 aiogram.dispatcher   INFO     Start polling
2026.09.30 12:18:24 aiogram.dispatcher   INFO     Run polling for bot @dllmasterbot id=8976652462 - 'DLLMaster'
2026.09.30 12:18:40 aiogram.event        INFO     Update id=875900938 is handled. Duration 80 ms by bot id=8976652462
2026.09.30 12:18:45 aiogram.event        INFO     Update id=875900939 is handled. Duration 54 ms by bot id=8976652462
2026.09.30 12:18:49 aiogram.event        INFO     Update id=875900940 is handled. Duration 136 ms by bot id=8976652462
2026.09.30 12:18:54 aiogram.event        INFO     Update id=875900941 is handled. Duration 2395 ms by bot id=8976652462
2026.09.30 12:19:38 aiogram.event        INFO     Update id=875900942 is handled. Duration 76 ms by bot id=8976652462
2026.09.30 12:21:37 aiogram.event        INFO     Update id=875900943 is handled. Duration 0 ms by bot id=8976652462
2026.09.30 12:22:23 core.utilities       INFO     User 8317955547 executed command: /start
2026.09.30 12:22:23 aiogram.event        INFO     Update id=875900944 is handled. Duration 778 ms by bot id=8976652462
2026.09.30 12:22:29 aiogram.event        INFO     Update id=875900945 is handled. Duration 48 ms by bot id=8976652462
2026.09.30 12:22:31 aiogram.event        INFO     Update id=875900946 is handled. Duration 55 ms by bot id=8976652462
2026.09.30 12:22:33 core.webprofile      INFO     firefox brauzerindən cookies istifadə edilir.
2026.09.30 12:22:33 core.webprofile      INFO     Seçilmiş User-Agent: Mozilla/5.0 (Windows NT 10.0; Win64; x64) AppleWebKit/537.36 (KHTML, like Gecko) Edge/120.0.0.0 Safari/537.36
2026.09.30 12:22:38 aiogram.event        INFO     Update id=875900947 is handled. Duration 4496 ms by bot id=8976652462
2026.09.30 12:22:38 aiogram.event        INFO     Update id=875900948 is handled. Duration 492 ms by bot id=8976652462
2026.09.30 12:22:40 core.webprofile      INFO     firefox brauzerindən cookies istifadə edilir.
2026.09.30 12:22:40 core.webprofile      INFO     Seçilmiş User-Agent: Mozilla/5.0 (Macintosh; Intel Mac OS X 10_15_7) AppleWebKit/537.36 (KHTML, like Gecko) Chrome/122.0.0.0 Safari/537.36
2026.09.30 12:22:41 plugins.music_plugin WARNING  Odesli status 401 (https://www.youtube.com/watch?v=1YH5tkzjH3M)
2026.09.30 12:22:41 aiogram.event        INFO     Update id=875900950 is handled. Duration 52 ms by bot id=8976652462
2026.09.30 12:22:42 core.youtube_handler ERROR    Yükləmə xətası: [0;31mERROR:[0m [youtube] 1YH5tkzjH3M: The page needs to be reloaded.
2026.09.30 12:22:42 plugins.music_plugin ERROR    Yükləmə xətası: Yükləmə xətası: [0;31mERROR:[0m [youtube] 1YH5tkzjH3M: The page needs to be reloaded.
Traceback (most recent call last):
  File [35m"/home/admin/.local/lib/python3.13/site-packages/yt_dlp/YoutubeDL.py"[0m, line [35m1731[0m, in [35mwrapper[0m
    return func(self, *args, **kwargs)
  File [35m"/home/admin/.local/lib/python3.13/site-packages/yt_dlp/YoutubeDL.py"[0m, line [35m1866[0m, in [35m__extract_info[0m
    ie_result = ie.extract(url)
  File [35m"/home/admin/.local/lib/python3.13/site-packages/yt_dlp/extractor/common.py"[0m, line [35m765[0m, in [35mextract[0m
    ie_result = self._real_extract(url)
  File [35m"/home/admin/.local/lib/python3.13/site-packages/yt_dlp/extractor/youtube/_video.py"[0m, line [35m4076[0m, in [35m_real_extract[0m
    [31mself.raise_no_formats[0m[1;31m(reason, expected=True)[0m
    [31m~~~~~~~~~~~~~~~~~~~~~[0m[1;31m^^^^^^^^^^^^^^^^^^^^^^^[0m
  File [35m"/home/admin/.local/lib/python3.13/site-packages/yt_dlp/extractor/common.py"[0m, line [35m1272[0m, in [35mraise_no_formats[0m
    raise ExtractorError(msg, expected=expected, video_id=video_id)
[1;35myt_dlp.utils.ExtractorError[0m: [35m[youtube] 1YH5tkzjH3M: The page needs to be reloaded.[0m

During handling of the above exception, another exception occurred:

Traceback (most recent call last):
  File [35m"/home/admin/dlmaster/core/youtube_handler.py"[0m, line [35m157[0m, in [35mdownload_track[0m
    return [1;31mawait asyncio.to_thread(_download_sync, opts, query)[0m
           [1;31m^^^^^^^^^^^^^^^^^^^^^^^^^^^^^^^^^^^^^^^^^^^^^^^^^^^^[0m
  File [35m"/usr/lib/python3.13/asyncio/threads.py"[0m, line [35m25[0m, in [35mto_thread[0m
    return [1;31mawait loop.run_in_executor(None, func_call)[0m
           [1;31m^^^^^^^^^^^^^^^^^^^^^^^^^^^^^^^^^^^^^^^^^^^[0m
  File [35m"/usr/lib/python3.13/concurrent/futures/thread.py"[0m, line [35m59[0m, in [35mrun[0m
    result = self.fn(*self.args, **self.kwargs)
  File [35m"/home/admin/dlmaster/core/youtube_handler.py"[0m, line [35m35[0m, in [35m_download_sync[0m
    info = ydl.extract_info(url, download=True)
  File [35m"/home/admin/.local/lib/python3.13/site-packages/yt_dlp/YoutubeDL.py"[0m, line [35m1720[0m, in [35mextract_info[0m
    return [31mself.__extract_info[0m[1;31m(url, self.get_info_extractor(key), download, extra_info, process)[0m
           [31m~~~~~~~~~~~~~~~~~~~[0m[1;31m^^^^^^^^^^^^^^^^^^^^^^^^^^^^^^^^^^^^^^^^^^^^^^^^^^^^^^^^^^^^^^^^^^[0m
  File [35m"/home/admin/.local/lib/python3.13/site-packages/yt_dlp/YoutubeDL.py"[0m, line [35m1749[0m, in [35mwrapper[0m
    [31mself.report_error[0m[1;31m(str(e), e.format_traceback())[0m
    [31m~~~~~~~~~~~~~~~~~[0m[1;31m^^^^^^^^^^^^^^^^^^^^^^^^^^^^^^[0m
  File [35m"/home/admin/.local/lib/python3.13/site-packages/yt_dlp/YoutubeDL.py"[0m, line [35m1165[0m, in [35mreport_error[0m
    [31mself.trouble[0m[1;31m(f'{self._format_err("ERROR:", self.Styles.ERROR)} {message}', *args, **kwargs)[0m
    [31m~~~~~~~~~~~~[0m[1;31m^^^^^^^^^^^^^^^^^^^^^^^^^^^^^^^^^^^^^^^^^^^^^^^^^^^^^^^^^^^^^^^^^^^^^^^^^^^^^^^[0m
  File [35m"/home/admin/.local/lib/python3.13/site-packages/yt_dlp/YoutubeDL.py"[0m, line [35m1103[0m, in [35mtrouble[0m
    raise DownloadError(message, exc_info)
[1;35myt_dlp.utils.DownloadError[0m: [35m[0;31mERROR:[0m [youtube] 1YH5tkzjH3M: The page needs to be reloaded.[0m

During handling of the above exception, another exception occurred:

Traceback (most recent call last):
  File [35m"/home/admin/dlmaster/plugins/music_plugin.py"[0m, line [35m336[0m, in [35mhandle_choice[0m
    file_path = [1;31mawait download(selected['url'], selected['title'])[0m
                [1;31m^^^^^^^^^^^^^^^^^^^^^^^^^^^^^^^^^^^^^^^^^^^^^^^^^^[0m
  File [35m"/home/admin/dlmaster/plugins/music_plugin.py"[0m, line [35m220[0m, in [35mdownload[0m
    return [1;31mawait context.youtube_manager.download_track(url, sanitize_filename(title))[0m
           [1;31m^^^^^^^^^^^^^^^^^^^^^^^^^^^^^^^^^^^^^^^^^^^^^^^^^^^^^^^^^^^^^^^^^^^^^^^^^^^[0m
  File [35m"/home/admin/dlmaster/core/youtube_handler.py"[0m, line [35m160[0m, in [35mdownload_track[0m
    raise RuntimeError(f"Yükləmə xətası: {e}")
[1;35mRuntimeError[0m: [35mYükləmə xətası: [0;31mERROR:[0m [youtube] 1YH5tkzjH3M: The page needs to be reloaded.[0m
2026.09.30 12:22:42 aiogram.event        INFO     Update id=875900949 is handled. Duration 2471 ms by bot id=8976652462
2026.09.30 12:22:44 aiogram.event        INFO     Update id=875900951 is handled. Duration 154 ms by bot id=8976652462
2026.09.30 12:22:46 aiogram.event        INFO     Update id=875900952 is handled. Duration 54 ms by bot id=8976652462
2026.09.30 12:22:48 aiogram.event        INFO     Update id=875900953 is handled. Duration 62 ms by bot id=8976652462
2026.09.30 12:22:51 aiogram.event        INFO     Update id=875900954 is handled. Duration 1442 ms by bot id=8976652462
2026.09.30 12:23:27 aiogram.event        INFO     Update id=875900955 is handled. Duration 0 ms by bot id=8976652462
2026.09.30 12:23:29 core.webprofile      INFO     firefox brauzerindən cookies istifadə edilir.
2026.09.30 12:23:29 core.webprofile      INFO     Seçilmiş User-Agent: Mozilla/5.0 (Linux; Android 14; Pixel 8 Pro) AppleWebKit/537.36 (KHTML, like Gecko) Chrome/122.0.0.0 Mobile Safari/537.36
2026.09.30 12:23:30 aiogram.event        INFO     Update id=875900956 is handled. Duration 2290 ms by bot id=8976652462
2026.09.30 12:23:56 aiogram.event        INFO     Update id=875900957 is handled. Duration 0 ms by bot id=8976652462
2026.09.30 12:24:07 core.webprofile      INFO     firefox brauzerindən cookies istifadə edilir.
2026.09.30 12:24:07 core.webprofile      INFO     Seçilmiş User-Agent: Mozilla/5.0 (Windows NT 10.0; Win64; x64; rv:120.0) Gecko/20100101 Firefox/120.0
2026.09.30 12:24:10 aiogram.event        INFO     Update id=875900958 is handled. Duration 3132 ms by bot id=8976652462
2026.09.30 12:24:11 core.webprofile      INFO     firefox brauzerindən cookies istifadə edilir.
2026.09.30 12:24:11 core.webprofile      INFO     Seçilmiş User-Agent: Mozilla/5.0 (Windows NT 10.0; Win64; x64; rv:120.0) Gecko/20100101 Firefox/120.0
2026.09.30 12:24:12 plugins.music_plugin WARNING  Odesli status 401 (https://www.youtube.com/watch?v=EsCi0Pmowfw)
2026.09.30 12:24:14 core.youtube_handler ERROR    Yükləmə xətası: [0;31mERROR:[0m [youtube] EsCi0Pmowfw: The page needs to be reloaded.
2026.09.30 12:24:14 plugins.music_plugin ERROR    Yükləmə xətası: Yükləmə xətası: [0;31mERROR:[0m [youtube] EsCi0Pmowfw: The page needs to be reloaded.
Traceback (most recent call last):
  File [35m"/home/admin/.local/lib/python3.13/site-packages/yt_dlp/YoutubeDL.py"[0m, line [35m1731[0m, in [35mwrapper[0m
    return func(self, *args, **kwargs)
  File [35m"/home/admin/.local/lib/python3.13/site-packages/yt_dlp/YoutubeDL.py"[0m, line [35m1866[0m, in [35m__extract_info[0m
    ie_result = ie.extract(url)
  File [35m"/home/admin/.local/lib/python3.13/site-packages/yt_dlp/extractor/common.py"[0m, line [35m765[0m, in [35mextract[0m
    ie_result = self._real_extract(url)
  File [35m"/home/admin/.local/lib/python3.13/site-packages/yt_dlp/extractor/youtube/_video.py"[0m, line [35m4076[0m, in [35m_real_extract[0m
    [31mself.raise_no_formats[0m[1;31m(reason, expected=True)[0m
    [31m~~~~~~~~~~~~~~~~~~~~~[0m[1;31m^^^^^^^^^^^^^^^^^^^^^^^[0m
  File [35m"/home/admin/.local/lib/python3.13/site-packages/yt_dlp/extractor/common.py"[0m, line [35m1272[0m, in [35mraise_no_formats[0m
    raise ExtractorError(msg, expected=expected, video_id=video_id)
[1;35myt_dlp.utils.ExtractorError[0m: [35m[youtube] EsCi0Pmowfw: The page needs to be reloaded.[0m

During handling of the above exception, another exception occurred:

Traceback (most recent call last):
  File [35m"/home/admin/dlmaster/core/youtube_handler.py"[0m, line [35m157[0m, in [35mdownload_track[0m
    return [1;31mawait asyncio.to_thread(_download_sync, opts, query)[0m
           [1;31m^^^^^^^^^^^^^^^^^^^^^^^^^^^^^^^^^^^^^^^^^^^^^^^^^^^^[0m
  File [35m"/usr/lib/python3.13/asyncio/threads.py"[0m, line [35m25[0m, in [35mto_thread[0m
    return [1;31mawait loop.run_in_executor(None, func_call)[0m
           [1;31m^^^^^^^^^^^^^^^^^^^^^^^^^^^^^^^^^^^^^^^^^^^[0m
  File [35m"/usr/lib/python3.13/concurrent/futures/thread.py"[0m, line [35m59[0m, in [35mrun[0m
    result = self.fn(*self.args, **self.kwargs)
  File [35m"/home/admin/dlmaster/core/youtube_handler.py"[0m, line [35m35[0m, in [35m_download_sync[0m
    info = ydl.extract_info(url, download=True)
  File [35m"/home/admin/.local/lib/python3.13/site-packages/yt_dlp/YoutubeDL.py"[0m, line [35m1720[0m, in [35mextract_info[0m
    return [31mself.__extract_info[0m[1;31m(url, self.get_info_extractor(key), download, extra_info, process)[0m
           [31m~~~~~~~~~~~~~~~~~~~[0m[1;31m^^^^^^^^^^^^^^^^^^^^^^^^^^^^^^^^^^^^^^^^^^^^^^^^^^^^^^^^^^^^^^^^^^[0m
  File [35m"/home/admin/.local/lib/python3.13/site-packages/yt_dlp/YoutubeDL.py"[0m, line [35m1749[0m, in [35mwrapper[0m
    [31mself.report_error[0m[1;31m(str(e), e.format_traceback())[0m
    [31m~~~~~~~~~~~~~~~~~[0m[1;31m^^^^^^^^^^^^^^^^^^^^^^^^^^^^^^[0m
  File [35m"/home/admin/.local/lib/python3.13/site-packages/yt_dlp/YoutubeDL.py"[0m, line [35m1165[0m, in [35mreport_error[0m
    [31mself.trouble[0m[1;31m(f'{self._format_err("ERROR:", self.Styles.ERROR)} {message}', *args, **kwargs)[0m
    [31m~~~~~~~~~~~~[0m[1;31m^^^^^^^^^^^^^^^^^^^^^^^^^^^^^^^^^^^^^^^^^^^^^^^^^^^^^^^^^^^^^^^^^^^^^^^^^^^^^^^[0m
  File [35m"/home/admin/.local/lib/python3.13/site-packages/yt_dlp/YoutubeDL.py"[0m, line [35m1103[0m, in [35mtrouble[0m
    raise DownloadError(message, exc_info)
[1;35myt_dlp.utils.DownloadError[0m: [35m[0;31mERROR:[0m [youtube] EsCi0Pmowfw: The page needs to be reloaded.[0m

During handling of the above exception, another exception occurred:

Traceback (most recent call last):
  File [35m"/home/admin/dlmaster/plugins/music_plugin.py"[0m, line [35m336[0m, in [35mhandle_choice[0m
    file_path = [1;31mawait download(selected['url'], selected['title'])[0m
                [1;31m^^^^^^^^^^^^^^^^^^^^^^^^^^^^^^^^^^^^^^^^^^^^^^^^^^[0m
  File [35m"/home/admin/dlmaster/plugins/music_plugin.py"[0m, line [35m220[0m, in [35mdownload[0m
    return [1;31mawait context.youtube_manager.download_track(url, sanitize_filename(title))[0m
           [1;31m^^^^^^^^^^^^^^^^^^^^^^^^^^^^^^^^^^^^^^^^^^^^^^^^^^^^^^^^^^^^^^^^^^^^^^^^^^^[0m
  File [35m"/home/admin/dlmaster/core/youtube_handler.py"[0m, line [35m160[0m, in [35mdownload_track[0m
    raise RuntimeError(f"Yükləmə xətası: {e}")
[1;35mRuntimeError[0m: [35mYükləmə xətası: [0;31mERROR:[0m [youtube] EsCi0Pmowfw: The page needs to be reloaded.[0m
2026.09.30 12:24:14 aiogram.event        INFO     Update id=875900959 is handled. Duration 2375 ms by bot id=8976652462
2026.09.30 12:25:24 aiogram.dispatcher   WARNING  Received SIGINT signal
2026.09.30 12:25:24 aiogram.dispatcher   INFO     Polling stopped for bot @dllmasterbot id=8976652462 - 'DLLMaster'
2026.09.30 12:25:24 aiogram.dispatcher   INFO     Polling stopped
2026.09.30 12:25:24 __main__             INFO     🛑 Polling stopped
2026.09.30 12:25:24 __main__             INFO     🔴 Bot stopped
2026.09.30 12:25:30 __main__             INFO     🤖 Starting bot...
2026.09.30 12:25:30 __main__             INFO     🚀 Starting bot initialization...
2026.09.30 12:25:30 core.spotify_handler INFO     Spotify API connection established.
2026.09.30 12:25:30 __main__             INFO     ✅ Spotify service initialized
2026.09.30 12:25:30 core.youtube_handler INFO     firefox brauzerindən cookies istifadə edilir.
2026.09.30 12:25:30 __main__             INFO     ✅ YouTube services initialized (firefox)
2026.09.30 12:25:30 __main__             INFO     🔌 Loading plugins...
2026.09.30 12:25:30 core.utilities       INFO     🔍 Scanning plugins in: /home/admin/dlmaster/plugins
2026.09.30 12:25:30 core.utilities       INFO     🔄 Loading: plugins.audio_editor_plugin
2026.09.30 12:25:30 core.utilities       INFO     🔄 Loading: plugins.music_plugin
2026.09.30 12:25:30 core.utilities       INFO     🔄 Loading: plugins.spotify_plugin
2026.09.30 12:25:30 core.utilities       INFO     🔄 Loading: plugins.start_plugin
2026.09.30 12:25:30 core.utilities       INFO     🔄 Loading: plugins.youtube_plugin
2026.09.30 12:25:30 core.utilities       INFO     ✅ Loaded: plugins.audio_editor_plugin
2026.09.30 12:25:30 core.utilities       INFO     ✅ Loaded: plugins.spotify_plugin
2026.09.30 12:25:30 plugins.start_plugin INFO     ✅ Start plugin yükləndi
2026.09.30 12:25:30 core.utilities       INFO     ✅ Loaded: plugins.start_plugin
2026.09.30 12:25:30 core.utilities       INFO     ✅ Loaded: plugins.youtube_plugin
2026.09.30 12:25:30 core.utilities       INFO     ✅ Loaded: plugins.music_plugin
2026.09.30 12:25:30 __main__             INFO     🚀 Starting polling...
2026.09.30 12:25:30 aiogram.dispatcher   INFO     Start polling
2026.09.30 12:25:30 aiogram.dispatcher   INFO     Run polling for bot @dllmasterbot id=8976652462 - 'DLLMaster'
2026.09.30 12:25:38 aiogram.event        INFO     Update id=875900960 is handled. Duration 0 ms by bot id=8976652462
2026.09.30 12:25:45 core.webprofile      INFO     firefox brauzerindən cookies istifadə edilir.
2026.09.30 12:25:45 core.webprofile      INFO     Seçilmiş User-Agent: Mozilla/5.0 (X11; Linux x86_64) AppleWebKit/537.36 (KHTML, like Gecko) Chrome/122.0.0.0 Safari/537.36
2026.09.30 12:25:47 aiogram.event        INFO     Update id=875900961 is handled. Duration 2298 ms by bot id=8976652462
2026.09.30 12:25:49 core.webprofile      INFO     firefox brauzerindən cookies istifadə edilir.
2026.09.30 12:25:49 core.webprofile      INFO     Seçilmiş User-Agent: Mozilla/5.0 (Linux; Android 14; Pixel 8 Pro) AppleWebKit/537.36 (KHTML, like Gecko) Chrome/122.0.0.0 Mobile Safari/537.36
2026.09.30 12:25:50 plugins.music_plugin WARNING  Odesli status 401 (https://www.youtube.com/watch?v=-pAtmrBQ4uY)
2026.09.30 12:25:54 core.youtube_handler ERROR    Yükləmə xətası: [0;31mERROR:[0m [youtube] -pAtmrBQ4uY: Requested format is not available. Use --list-formats for a list of available formats
2026.09.30 12:25:54 plugins.music_plugin ERROR    Yükləmə xətası: Yükləmə xətası: [0;31mERROR:[0m [youtube] -pAtmrBQ4uY: Requested format is not available. Use --list-formats for a list of available formats
Traceback (most recent call last):
  File [35m"/home/admin/.local/lib/python3.13/site-packages/yt_dlp/YoutubeDL.py"[0m, line [35m1731[0m, in [35mwrapper[0m
    return func(self, *args, **kwargs)
  File [35m"/home/admin/.local/lib/python3.13/site-packages/yt_dlp/YoutubeDL.py"[0m, line [35m1887[0m, in [35m__extract_info[0m
    return [31mself.process_ie_result[0m[1;31m(ie_result, download, extra_info)[0m
           [31m~~~~~~~~~~~~~~~~~~~~~~[0m[1;31m^^^^^^^^^^^^^^^^^^^^^^^^^^^^^^^^^[0m
  File [35m"/home/admin/.local/lib/python3.13/site-packages/yt_dlp/YoutubeDL.py"[0m, line [35m1946[0m, in [35mprocess_ie_result[0m
    ie_result = self.process_video_result(ie_result, download=download)
  File [35m"/home/admin/.local/lib/python3.13/site-packages/yt_dlp/YoutubeDL.py"[0m, line [35m3096[0m, in [35mprocess_video_result[0m
    raise ExtractorError(
        'Requested format is not available. Use --list-formats for a list of available formats',
        expected=True, video_id=info_dict['id'], ie=info_dict['extractor'])
[1;35myt_dlp.utils.ExtractorError[0m: [35m[youtube] -pAtmrBQ4uY: Requested format is not available. Use --list-formats for a list of available formats[0m

During handling of the above exception, another exception occurred:

Traceback (most recent call last):
  File [35m"/home/admin/dlmaster/core/youtube_handler.py"[0m, line [35m157[0m, in [35mdownload_track[0m
    return [1;31mawait asyncio.to_thread(_download_sync, opts, query)[0m
           [1;31m^^^^^^^^^^^^^^^^^^^^^^^^^^^^^^^^^^^^^^^^^^^^^^^^^^^^[0m
  File [35m"/usr/lib/python3.13/asyncio/threads.py"[0m, line [35m25[0m, in [35mto_thread[0m
    return [1;31mawait loop.run_in_executor(None, func_call)[0m
           [1;31m^^^^^^^^^^^^^^^^^^^^^^^^^^^^^^^^^^^^^^^^^^^[0m
  File [35m"/usr/lib/python3.13/concurrent/futures/thread.py"[0m, line [35m59[0m, in [35mrun[0m
    result = self.fn(*self.args, **self.kwargs)
  File [35m"/home/admin/dlmaster/core/youtube_handler.py"[0m, line [35m35[0m, in [35m_download_sync[0m
    info = ydl.extract_info(url, download=True)
  File [35m"/home/admin/.local/lib/python3.13/site-packages/yt_dlp/YoutubeDL.py"[0m, line [35m1720[0m, in [35mextract_info[0m
    return [31mself.__extract_info[0m[1;31m(url, self.get_info_extractor(key), download, extra_info, process)[0m
           [31m~~~~~~~~~~~~~~~~~~~[0m[1;31m^^^^^^^^^^^^^^^^^^^^^^^^^^^^^^^^^^^^^^^^^^^^^^^^^^^^^^^^^^^^^^^^^^[0m
  File [35m"/home/admin/.local/lib/python3.13/site-packages/yt_dlp/YoutubeDL.py"[0m, line [35m1749[0m, in [35mwrapper[0m
    [31mself.report_error[0m[1;31m(str(e), e.format_traceback())[0m
    [31m~~~~~~~~~~~~~~~~~[0m[1;31m^^^^^^^^^^^^^^^^^^^^^^^^^^^^^^[0m
  File [35m"/home/admin/.local/lib/python3.13/site-packages/yt_dlp/YoutubeDL.py"[0m, line [35m1165[0m, in [35mreport_error[0m
    [31mself.trouble[0m[1;31m(f'{self._format_err("ERROR:", self.Styles.ERROR)} {message}', *args, **kwargs)[0m
    [31m~~~~~~~~~~~~[0m[1;31m^^^^^^^^^^^^^^^^^^^^^^^^^^^^^^^^^^^^^^^^^^^^^^^^^^^^^^^^^^^^^^^^^^^^^^^^^^^^^^^[0m
  File [35m"/home/admin/.local/lib/python3.13/site-packages/yt_dlp/YoutubeDL.py"[0m, line [35m1103[0m, in [35mtrouble[0m
    raise DownloadError(message, exc_info)
[1;35myt_dlp.utils.DownloadError[0m: [35m[0;31mERROR:[0m [youtube] -pAtmrBQ4uY: Requested format is not available. Use --list-formats for a list of available formats[0m

During handling of the above exception, another exception occurred:

Traceback (most recent call last):
  File [35m"/home/admin/dlmaster/plugins/music_plugin.py"[0m, line [35m336[0m, in [35mhandle_choice[0m
    file_path = [1;31mawait download(selected['url'], selected['title'])[0m
                [1;31m^^^^^^^^^^^^^^^^^^^^^^^^^^^^^^^^^^^^^^^^^^^^^^^^^^[0m
  File [35m"/home/admin/dlmaster/plugins/music_plugin.py"[0m, line [35m220[0m, in [35mdownload[0m
    return [1;31mawait context.youtube_manager.download_track(url, sanitize_filename(title))[0m
           [1;31m^^^^^^^^^^^^^^^^^^^^^^^^^^^^^^^^^^^^^^^^^^^^^^^^^^^^^^^^^^^^^^^^^^^^^^^^^^^[0m
  File [35m"/home/admin/dlmaster/core/youtube_handler.py"[0m, line [35m160[0m, in [35mdownload_track[0m
    raise RuntimeError(f"Yükləmə xətası: {e}")
[1;35mRuntimeError[0m: [35mYükləmə xətası: [0;31mERROR:[0m [youtube] -pAtmrBQ4uY: Requested format is not available. Use --list-formats for a list of available formats[0m
2026.09.30 12:25:54 aiogram.event        INFO     Update id=875900962 is handled. Duration 4888 ms by bot id=8976652462
2026.09.30 12:27:59 core.webprofile      INFO     firefox brauzerindən cookies istifadə edilir.
2026.09.30 12:27:59 core.webprofile      INFO     Seçilmiş User-Agent: Mozilla/5.0 (Linux; Android 14; Pixel 8 Pro) AppleWebKit/537.36 (KHTML, like Gecko) Chrome/122.0.0.0 Mobile Safari/537.36
2026.09.30 12:28:00 aiogram.event        INFO     Update id=875900963 is handled. Duration 2310 ms by bot id=8976652462
2026.09.30 12:29:10 aiogram.dispatcher   WARNING  Received SIGINT signal
2026.09.30 12:29:10 aiogram.dispatcher   INFO     Polling stopped for bot @dllmasterbot id=8976652462 - 'DLLMaster'
2026.09.30 12:29:10 aiogram.dispatcher   INFO     Polling stopped
2026.09.30 12:29:10 __main__             INFO     🛑 Polling stopped
2026.09.30 12:29:10 __main__             INFO     🔴 Bot stopped
2026.09.30 12:29:16 __main__             INFO     🤖 Starting bot...
2026.09.30 12:29:16 __main__             INFO     🚀 Starting bot initialization...
2026.09.30 12:29:16 core.spotify_handler INFO     Spotify API connection established.
2026.09.30 12:29:16 __main__             INFO     ✅ Spotify service initialized
2026.09.30 12:29:16 core.youtube_handler INFO     firefox brauzerindən cookies istifadə edilir.
2026.09.30 12:29:16 __main__             INFO     ✅ YouTube services initialized (firefox)
2026.09.30 12:29:16 __main__             INFO     🔌 Loading plugins...
2026.09.30 12:29:16 core.utilities       INFO     🔍 Scanning plugins in: /home/admin/dlmaster/plugins
2026.09.30 12:29:16 core.utilities       INFO     🔄 Loading: plugins.audio_editor_plugin
2026.09.30 12:29:16 core.utilities       INFO     🔄 Loading: plugins.music_plugin
2026.09.30 12:29:16 core.utilities       INFO     🔄 Loading: plugins.spotify_plugin
2026.09.30 12:29:16 core.utilities       INFO     🔄 Loading: plugins.start_plugin
2026.09.30 12:29:16 core.utilities       INFO     🔄 Loading: plugins.youtube_plugin
2026.09.30 12:29:16 core.utilities       INFO     ✅ Loaded: plugins.audio_editor_plugin
2026.09.30 12:29:16 core.utilities       INFO     ✅ Loaded: plugins.music_plugin
2026.09.30 12:29:16 core.utilities       INFO     ✅ Loaded: plugins.spotify_plugin
2026.09.30 12:29:16 plugins.start_plugin INFO     ✅ Start plugin yükləndi
2026.09.30 12:29:16 core.utilities       INFO     ✅ Loaded: plugins.start_plugin
2026.09.30 12:29:16 core.utilities       INFO     ✅ Loaded: plugins.youtube_plugin
2026.09.30 12:29:16 __main__             INFO     🚀 Starting polling...
2026.09.30 12:29:16 aiogram.dispatcher   INFO     Start polling
2026.09.30 12:29:16 aiogram.dispatcher   INFO     Run polling for bot @dllmasterbot id=8976652462 - 'DLLMaster'
2026.09.30 12:29:24 aiogram.event        INFO     Update id=875900964 is handled. Duration 0 ms by bot id=8976652462
2026.09.30 12:29:26 core.webprofile      INFO     firefox brauzerindən cookies istifadə edilir.
2026.09.30 12:29:26 core.webprofile      INFO     Seçilmiş User-Agent: Mozilla/5.0 (X11; Linux x86_64) AppleWebKit/537.36 (KHTML, like Gecko) Chrome/122.0.0.0 Safari/537.36
2026.09.30 12:29:29 aiogram.event        INFO     Update id=875900965 is handled. Duration 4188 ms by bot id=8976652462
2026.09.30 12:29:34 core.webprofile      INFO     firefox brauzerindən cookies istifadə edilir.
2026.09.30 12:29:34 core.webprofile      INFO     Seçilmiş User-Agent: Mozilla/5.0 (Windows NT 10.0; Win64; x64) AppleWebKit/537.36 (KHTML, like Gecko) Edge/120.0.0.0 Safari/537.36
2026.09.30 12:29:35 plugins.music_plugin WARNING  Odesli API açar tələb edir (ODESLI_API_KEY). Birbaşa song.link/<url> linki istifadə olunacaq.
2026.09.30 12:29:39 core.youtube_handler ERROR    Yükləmə xətası: [0;31mERROR:[0m [youtube] RTTyRf8DL8k: Requested format is not available. Use --list-formats for a list of available formats
2026.09.30 12:29:39 plugins.music_plugin ERROR    Inline göndərmə xətası: Yükləmə xətası: [0;31mERROR:[0m [youtube] RTTyRf8DL8k: Requested format is not available. Use --list-formats for a list of available formats
Traceback (most recent call last):
  File [35m"/home/admin/.local/lib/python3.13/site-packages/yt_dlp/YoutubeDL.py"[0m, line [35m1731[0m, in [35mwrapper[0m
    return func(self, *args, **kwargs)
  File [35m"/home/admin/.local/lib/python3.13/site-packages/yt_dlp/YoutubeDL.py"[0m, line [35m1887[0m, in [35m__extract_info[0m
    return [31mself.process_ie_result[0m[1;31m(ie_result, download, extra_info)[0m
           [31m~~~~~~~~~~~~~~~~~~~~~~[0m[1;31m^^^^^^^^^^^^^^^^^^^^^^^^^^^^^^^^^[0m
  File [35m"/home/admin/.local/lib/python3.13/site-packages/yt_dlp/YoutubeDL.py"[0m, line [35m1946[0m, in [35mprocess_ie_result[0m
    ie_result = self.process_video_result(ie_result, download=download)
  File [35m"/home/admin/.local/lib/python3.13/site-packages/yt_dlp/YoutubeDL.py"[0m, line [35m3096[0m, in [35mprocess_video_result[0m
    raise ExtractorError(
        'Requested format is not available. Use --list-formats for a list of available formats',
        expected=True, video_id=info_dict['id'], ie=info_dict['extractor'])
[1;35myt_dlp.utils.ExtractorError[0m: [35m[youtube] RTTyRf8DL8k: Requested format is not available. Use --list-formats for a list of available formats[0m

During handling of the above exception, another exception occurred:

Traceback (most recent call last):
  File [35m"/home/admin/dlmaster/core/youtube_handler.py"[0m, line [35m157[0m, in [35mdownload_track[0m
    return [1;31mawait asyncio.to_thread(_download_sync, opts, query)[0m
           [1;31m^^^^^^^^^^^^^^^^^^^^^^^^^^^^^^^^^^^^^^^^^^^^^^^^^^^^[0m
  File [35m"/usr/lib/python3.13/asyncio/threads.py"[0m, line [35m25[0m, in [35mto_thread[0m
    return [1;31mawait loop.run_in_executor(None, func_call)[0m
           [1;31m^^^^^^^^^^^^^^^^^^^^^^^^^^^^^^^^^^^^^^^^^^^[0m
  File [35m"/usr/lib/python3.13/concurrent/futures/thread.py"[0m, line [35m59[0m, in [35mrun[0m
    result = self.fn(*self.args, **self.kwargs)
  File [35m"/home/admin/dlmaster/core/youtube_handler.py"[0m, line [35m35[0m, in [35m_download_sync[0m
    info = ydl.extract_info(url, download=True)
  File [35m"/home/admin/.local/lib/python3.13/site-packages/yt_dlp/YoutubeDL.py"[0m, line [35m1720[0m, in [35mextract_info[0m
    return [31mself.__extract_info[0m[1;31m(url, self.get_info_extractor(key), download, extra_info, process)[0m
           [31m~~~~~~~~~~~~~~~~~~~[0m[1;31m^^^^^^^^^^^^^^^^^^^^^^^^^^^^^^^^^^^^^^^^^^^^^^^^^^^^^^^^^^^^^^^^^^[0m
  File [35m"/home/admin/.local/lib/python3.13/site-packages/yt_dlp/YoutubeDL.py"[0m, line [35m1749[0m, in [35mwrapper[0m
    [31mself.report_error[0m[1;31m(str(e), e.format_traceback())[0m
    [31m~~~~~~~~~~~~~~~~~[0m[1;31m^^^^^^^^^^^^^^^^^^^^^^^^^^^^^^[0m
  File [35m"/home/admin/.local/lib/python3.13/site-packages/yt_dlp/YoutubeDL.py"[0m, line [35m1165[0m, in [35mreport_error[0m
    [31mself.trouble[0m[1;31m(f'{self._format_err("ERROR:", self.Styles.ERROR)} {message}', *args, **kwargs)[0m
    [31m~~~~~~~~~~~~[0m[1;31m^^^^^^^^^^^^^^^^^^^^^^^^^^^^^^^^^^^^^^^^^^^^^^^^^^^^^^^^^^^^^^^^^^^^^^^^^^^^^^^[0m
  File [35m"/home/admin/.local/lib/python3.13/site-packages/yt_dlp/YoutubeDL.py"[0m, line [35m1103[0m, in [35mtrouble[0m
    raise DownloadError(message, exc_info)
[1;35myt_dlp.utils.DownloadError[0m: [35m[0;31mERROR:[0m [youtube] RTTyRf8DL8k: Requested format is not available. Use --list-formats for a list of available formats[0m

During handling of the above exception, another exception occurred:

Traceback (most recent call last):
  File [35m"/home/admin/dlmaster/plugins/music_plugin.py"[0m, line [35m509[0m, in [35mhandle_chosen_inline[0m
    file_path = [1;31mawait context.youtube_manager.download_track(url, sanitize_filename(title))[0m
                [1;31m^^^^^^^^^^^^^^^^^^^^^^^^^^^^^^^^^^^^^^^^^^^^^^^^^^^^^^^^^^^^^^^^^^^^^^^^^^^[0m
  File [35m"/home/admin/dlmaster/core/youtube_handler.py"[0m, line [35m160[0m, in [35mdownload_track[0m
    raise RuntimeError(f"Yükləmə xətası: {e}")
[1;35mRuntimeError[0m: [35mYükləmə xətası: [0;31mERROR:[0m [youtube] RTTyRf8DL8k: Requested format is not available. Use --list-formats for a list of available formats[0m
2026.09.30 12:29:39 plugins.music_plugin ERROR    Fallback da alınmadı: Telegram server says - Bad Request: MESSAGE_ID_INVALID
2026.09.30 12:29:39 aiogram.event        INFO     Update id=875900966 is handled. Duration 4278 ms by bot id=8976652462
2026.09.30 12:29:39 aiogram.event        INFO     Update id=875900967 is handled. Duration 0 ms by bot id=8976652462
2026.09.30 12:29:42 core.webprofile      INFO     firefox brauzerindən cookies istifadə edilir.
2026.09.30 12:29:42 core.webprofile      INFO     Seçilmiş User-Agent: Mozilla/5.0 (X11; Ubuntu; Linux x86_64; rv:120.0) Gecko/20100101 Firefox/120.0
2026.09.30 12:29:46 core.youtube_handler ERROR    Yükləmə xətası: [0;31mERROR:[0m [youtube] ItihWag4cTI: Requested format is not available. Use --list-formats for a list of available formats
2026.09.30 12:29:46 plugins.music_plugin ERROR    Inline göndərmə xətası: Yükləmə xətası: [0;31mERROR:[0m [youtube] ItihWag4cTI: Requested format is not available. Use --list-formats for a list of available formats
Traceback (most recent call last):
  File [35m"/home/admin/.local/lib/python3.13/site-packages/yt_dlp/YoutubeDL.py"[0m, line [35m1731[0m, in [35mwrapper[0m
    return func(self, *args, **kwargs)
  File [35m"/home/admin/.local/lib/python3.13/site-packages/yt_dlp/YoutubeDL.py"[0m, line [35m1887[0m, in [35m__extract_info[0m
    return [31mself.process_ie_result[0m[1;31m(ie_result, download, extra_info)[0m
           [31m~~~~~~~~~~~~~~~~~~~~~~[0m[1;31m^^^^^^^^^^^^^^^^^^^^^^^^^^^^^^^^^[0m
  File [35m"/home/admin/.local/lib/python3.13/site-packages/yt_dlp/YoutubeDL.py"[0m, line [35m1946[0m, in [35mprocess_ie_result[0m
    ie_result = self.process_video_result(ie_result, download=download)
  File [35m"/home/admin/.local/lib/python3.13/site-packages/yt_dlp/YoutubeDL.py"[0m, line [35m3096[0m, in [35mprocess_video_result[0m
    raise ExtractorError(
        'Requested format is not available. Use --list-formats for a list of available formats',
        expected=True, video_id=info_dict['id'], ie=info_dict['extractor'])
[1;35myt_dlp.utils.ExtractorError[0m: [35m[youtube] ItihWag4cTI: Requested format is not available. Use --list-formats for a list of available formats[0m

During handling of the above exception, another exception occurred:

Traceback (most recent call last):
  File [35m"/home/admin/dlmaster/core/youtube_handler.py"[0m, line [35m157[0m, in [35mdownload_track[0m
    return [1;31mawait asyncio.to_thread(_download_sync, opts, query)[0m
           [1;31m^^^^^^^^^^^^^^^^^^^^^^^^^^^^^^^^^^^^^^^^^^^^^^^^^^^^[0m
  File [35m"/usr/lib/python3.13/asyncio/threads.py"[0m, line [35m25[0m, in [35mto_thread[0m
    return [1;31mawait loop.run_in_executor(None, func_call)[0m
           [1;31m^^^^^^^^^^^^^^^^^^^^^^^^^^^^^^^^^^^^^^^^^^^[0m
  File [35m"/usr/lib/python3.13/concurrent/futures/thread.py"[0m, line [35m59[0m, in [35mrun[0m
    result = self.fn(*self.args, **self.kwargs)
  File [35m"/home/admin/dlmaster/core/youtube_handler.py"[0m, line [35m35[0m, in [35m_download_sync[0m
    info = ydl.extract_info(url, download=True)
  File [35m"/home/admin/.local/lib/python3.13/site-packages/yt_dlp/YoutubeDL.py"[0m, line [35m1720[0m, in [35mextract_info[0m
    return [31mself.__extract_info[0m[1;31m(url, self.get_info_extractor(key), download, extra_info, process)[0m
           [31m~~~~~~~~~~~~~~~~~~~[0m[1;31m^^^^^^^^^^^^^^^^^^^^^^^^^^^^^^^^^^^^^^^^^^^^^^^^^^^^^^^^^^^^^^^^^^[0m
  File [35m"/home/admin/.local/lib/python3.13/site-packages/yt_dlp/YoutubeDL.py"[0m, line [35m1749[0m, in [35mwrapper[0m
    [31mself.report_error[0m[1;31m(str(e), e.format_traceback())[0m
    [31m~~~~~~~~~~~~~~~~~[0m[1;31m^^^^^^^^^^^^^^^^^^^^^^^^^^^^^^[0m
  File [35m"/home/admin/.local/lib/python3.13/site-packages/yt_dlp/YoutubeDL.py"[0m, line [35m1165[0m, in [35mreport_error[0m
    [31mself.trouble[0m[1;31m(f'{self._format_err("ERROR:", self.Styles.ERROR)} {message}', *args, **kwargs)[0m
    [31m~~~~~~~~~~~~[0m[1;31m^^^^^^^^^^^^^^^^^^^^^^^^^^^^^^^^^^^^^^^^^^^^^^^^^^^^^^^^^^^^^^^^^^^^^^^^^^^^^^^[0m
  File [35m"/home/admin/.local/lib/python3.13/site-packages/yt_dlp/YoutubeDL.py"[0m, line [35m1103[0m, in [35mtrouble[0m
    raise DownloadError(message, exc_info)
[1;35myt_dlp.utils.DownloadError[0m: [35m[0;31mERROR:[0m [youtube] ItihWag4cTI: Requested format is not available. Use --list-formats for a list of available formats[0m

During handling of the above exception, another exception occurred:

Traceback (most recent call last):
  File [35m"/home/admin/dlmaster/plugins/music_plugin.py"[0m, line [35m509[0m, in [35mhandle_chosen_inline[0m
    file_path = [1;31mawait context.youtube_manager.download_track(url, sanitize_filename(title))[0m
                [1;31m^^^^^^^^^^^^^^^^^^^^^^^^^^^^^^^^^^^^^^^^^^^^^^^^^^^^^^^^^^^^^^^^^^^^^^^^^^^[0m
  File [35m"/home/admin/dlmaster/core/youtube_handler.py"[0m, line [35m160[0m, in [35mdownload_track[0m
    raise RuntimeError(f"Yükləmə xətası: {e}")
[1;35mRuntimeError[0m: [35mYükləmə xətası: [0;31mERROR:[0m [youtube] ItihWag4cTI: Requested format is not available. Use --list-formats for a list of available formats[0m
2026.09.30 12:29:46 aiogram.event        INFO     Update id=875900968 is handled. Duration 4608 ms by bot id=8976652462
2026.09.30 12:30:28 aiogram.dispatcher   WARNING  Received SIGINT signal
2026.09.30 12:30:28 aiogram.dispatcher   INFO     Polling stopped for bot @dllmasterbot id=8976652462 - 'DLLMaster'
2026.09.30 12:30:28 aiogram.dispatcher   INFO     Polling stopped
2026.09.30 12:30:29 __main__             INFO     🛑 Polling stopped
2026.09.30 12:30:29 __main__             INFO     🔴 Bot stopped
2026.09.30 12:30:34 __main__             INFO     🤖 Starting bot...
2026.09.30 12:30:34 __main__             INFO     🚀 Starting bot initialization...
2026.09.30 12:30:34 core.spotify_handler INFO     Spotify API connection established.
2026.09.30 12:30:34 __main__             INFO     ✅ Spotify service initialized
2026.09.30 12:30:34 core.webprofile      INFO     Seçilmiş User-Agent: Mozilla/5.0 (iPhone; CPU iPhone OS 17_2 like Mac OS X) AppleWebKit/605.1.15 (KHTML, like Gecko) Version/17.2 Mobile/15E148 Safari/604.1
2026.09.30 12:30:34 core.youtube_handler INFO     firefox brauzerindən cookies istifadə edilir.
2026.09.30 12:30:34 __main__             INFO     ✅ YouTube services initialized (firefox)
2026.09.30 12:30:34 __main__             INFO     🔌 Loading plugins...
2026.09.30 12:30:34 core.utilities       INFO     🔍 Scanning plugins in: /home/admin/dlmaster/plugins
2026.09.30 12:30:34 core.utilities       INFO     🔄 Loading: plugins.audio_editor_plugin
2026.09.30 12:30:34 core.utilities       INFO     🔄 Loading: plugins.music_plugin
2026.09.30 12:30:34 core.utilities       INFO     🔄 Loading: plugins.spotify_plugin
2026.09.30 12:30:34 core.utilities       INFO     🔄 Loading: plugins.start_plugin
2026.09.30 12:30:34 core.utilities       INFO     🔄 Loading: plugins.youtube_plugin
2026.09.30 12:30:34 core.utilities       INFO     ✅ Loaded: plugins.audio_editor_plugin
2026.09.30 12:30:34 core.utilities       INFO     ✅ Loaded: plugins.music_plugin
2026.09.30 12:30:34 core.utilities       INFO     ✅ Loaded: plugins.spotify_plugin
2026.09.30 12:30:34 plugins.start_plugin INFO     ✅ Start plugin yükləndi
2026.09.30 12:30:34 core.utilities       INFO     ✅ Loaded: plugins.start_plugin
2026.09.30 12:30:34 core.utilities       INFO     ✅ Loaded: plugins.youtube_plugin
2026.09.30 12:30:34 __main__             INFO     🚀 Starting polling...
2026.09.30 12:30:34 aiogram.dispatcher   INFO     Start polling
2026.09.30 12:30:34 aiogram.dispatcher   INFO     Run polling for bot @dllmasterbot id=8976652462 - 'DLLMaster'
2026.09.30 12:30:37 aiogram.event        INFO     Update id=875900969 is handled. Duration 0 ms by bot id=8976652462
2026.09.30 12:30:39 core.webprofile      INFO     firefox brauzerindən cookies istifadə edilir.
2026.09.30 12:30:39 core.webprofile      INFO     Seçilmiş User-Agent: Mozilla/5.0 (Linux; Android 14; SM-G998B) AppleWebKit/537.36 (KHTML, like Gecko) Chrome/122.0.0.0 Mobile Safari/537.36
2026.09.30 12:30:42 aiogram.event        INFO     Update id=875900970 is handled. Duration 3690 ms by bot id=8976652462
2026.09.30 12:30:44 core.webprofile      INFO     firefox brauzerindən cookies istifadə edilir.
2026.09.30 12:30:44 core.webprofile      INFO     Seçilmiş User-Agent: Mozilla/5.0 (Linux; Android 14; SM-G998B) AppleWebKit/537.36 (KHTML, like Gecko) Chrome/122.0.0.0 Mobile Safari/537.36
2026.09.30 12:30:44 core.youtube_handler INFO     Yükləmə cəhdi: cookies + default client
2026.09.30 12:30:44 plugins.music_plugin WARNING  Odesli API açar tələb edir (ODESLI_API_KEY). Birbaşa song.link/<url> linki istifadə olunacaq.
2026.09.30 12:31:20 aiogram.event        INFO     Update id=875900971 is handled. Duration 36236 ms by bot id=8976652462
2026.09.30 12:32:02 aiogram.event        INFO     Update id=875900972 is handled. Duration 106 ms by bot id=8976652462
2026.09.30 12:32:15 core.webprofile      INFO     firefox brauzerindən cookies istifadə edilir.
2026.09.30 12:32:15 core.webprofile      INFO     Seçilmiş User-Agent: Mozilla/5.0 (X11; Ubuntu; Linux x86_64; rv:120.0) Gecko/20100101 Firefox/120.0
2026.09.30 12:32:18 aiogram.event        INFO     Update id=875900973 is handled. Duration 2895 ms by bot id=8976652462
2026.09.30 12:32:19 aiogram.event        INFO     Update id=875900974 is handled. Duration 19 ms by bot id=8976652462
2026.09.30 12:32:20 aiogram.event        INFO     Update id=875900975 is handled. Duration 41 ms by bot id=8976652462
2026.09.30 12:32:24 aiogram.event        INFO     Update id=875900976 is handled. Duration 19 ms by bot id=8976652462
2026.09.30 12:32:26 core.webprofile      INFO     firefox brauzerindən cookies istifadə edilir.
2026.09.30 12:32:26 core.webprofile      INFO     Seçilmiş User-Agent: Mozilla/5.0 (iPhone; CPU iPhone OS 17_2 like Mac OS X) AppleWebKit/605.1.15 (KHTML, like Gecko) Version/17.2 Mobile/15E148 Safari/604.1
2026.09.30 12:32:26 core.youtube_handler INFO     Yükləmə cəhdi: cookies + default client
2026.09.30 12:32:44 aiogram.event        INFO     Update id=875900977 is handled. Duration 18471 ms by bot id=8976652462
2026.09.30 12:33:14 aiogram.event        INFO     Update id=875900978 is handled. Duration 0 ms by bot id=8976652462
2026.09.30 12:33:17 aiogram.event        INFO     Update id=875900979 is handled. Duration 801 ms by bot id=8976652462
2026.09.30 12:33:18 core.webprofile      INFO     firefox brauzerindən cookies istifadə edilir.
2026.09.30 12:33:18 core.webprofile      INFO     Seçilmiş User-Agent: Mozilla/5.0 (Windows NT 10.0; Win64; x64) AppleWebKit/537.36 (KHTML, like Gecko) Edge/120.0.0.0 Safari/537.36
2026.09.30 12:33:20 core.webprofile      INFO     firefox brauzerindən cookies istifadə edilir.
2026.09.30 12:33:20 core.webprofile      INFO     Seçilmiş User-Agent: Mozilla/5.0 (iPhone; CPU iPhone OS 17_2 like Mac OS X) AppleWebKit/605.1.15 (KHTML, like Gecko) Version/17.2 Mobile/15E148 Safari/604.1
2026.09.30 12:33:22 aiogram.event        INFO     Update id=875900980 is handled. Duration 5507 ms by bot id=8976652462
2026.09.30 12:33:23 aiogram.event        INFO     Update id=875900981 is handled. Duration 4252 ms by bot id=8976652462
2026.09.30 12:33:25 core.webprofile      INFO     firefox brauzerindən cookies istifadə edilir.
2026.09.30 12:33:25 core.webprofile      INFO     Seçilmiş User-Agent: Mozilla/5.0 (Windows NT 10.0; Win64; x64) AppleWebKit/537.36 (KHTML, like Gecko) Edge/120.0.0.0 Safari/537.36
2026.09.30 12:33:25 core.youtube_handler INFO     Yükləmə cəhdi: cookies + default client
2026.09.30 12:33:41 aiogram.event        INFO     Update id=875900982 is handled. Duration 15872 ms by bot id=8976652462
2026.09.30 12:36:37 aiogram.event        INFO     Update id=875900983 is handled. Duration 0 ms by bot id=8976652462
2026.09.30 12:36:42 aiogram.event        INFO     Update id=875900984 is handled. Duration 0 ms by bot id=8976652462
2026.09.30 12:36:44 aiogram.event        INFO     Update id=875900985 is handled. Duration 801 ms by bot id=8976652462
2026.09.30 12:36:45 aiogram.event        INFO     Update id=875900986 is handled. Duration 801 ms by bot id=8976652462
2026.09.30 12:36:45 core.webprofile      INFO     firefox brauzerindən cookies istifadə edilir.
2026.09.30 12:36:45 core.webprofile      INFO     Seçilmiş User-Agent: Mozilla/5.0 (X11; Linux x86_64) AppleWebKit/537.36 (KHTML, like Gecko) Chrome/122.0.0.0 Safari/537.36
2026.09.30 12:36:51 aiogram.event        INFO     Update id=875900987 is handled. Duration 6604 ms by bot id=8976652462
2026.09.30 12:36:55 core.webprofile      INFO     firefox brauzerindən cookies istifadə edilir.
2026.09.30 12:36:55 core.webprofile      INFO     Seçilmiş User-Agent: Mozilla/5.0 (Linux; Android 14; Pixel 8 Pro) AppleWebKit/537.36 (KHTML, like Gecko) Chrome/122.0.0.0 Mobile Safari/537.36
2026.09.30 12:36:55 core.youtube_handler INFO     Yükləmə cəhdi: cookies + default client
2026.09.30 12:37:13 aiogram.event        INFO     Update id=875900988 is handled. Duration 17487 ms by bot id=8976652462
2026.09.30 12:37:25 core.webprofile      INFO     firefox brauzerindən cookies istifadə edilir.
2026.09.30 12:37:25 core.webprofile      INFO     Seçilmiş User-Agent: Mozilla/5.0 (Windows NT 10.0; Win64; x64; rv:120.0) Gecko/20100101 Firefox/120.0
2026.09.30 12:37:28 aiogram.event        INFO     Update id=875900989 is handled. Duration 2908 ms by bot id=8976652462
2026.09.30 12:37:29 aiogram.event        INFO     Update id=875900990 is handled. Duration 72 ms by bot id=8976652462
2026.09.30 12:37:30 aiogram.event        INFO     Update id=875900991 is handled. Duration 23 ms by bot id=8976652462
2026.09.30 12:37:33 aiogram.event        INFO     Update id=875900992 is handled. Duration 50 ms by bot id=8976652462
2026.09.30 12:37:35 aiogram.event        INFO     Update id=875900993 is handled. Duration 25 ms by bot id=8976652462
2026.09.30 12:37:39 core.webprofile      INFO     firefox brauzerindən cookies istifadə edilir.
2026.09.30 12:37:39 core.webprofile      INFO     Seçilmiş User-Agent: Mozilla/5.0 (Windows NT 10.0; Win64; x64) AppleWebKit/537.36 (KHTML, like Gecko) Edge/120.0.0.0 Safari/537.36
2026.09.30 12:37:39 core.youtube_handler INFO     Yükləmə cəhdi: cookies + default client
2026.09.30 12:37:53 aiogram.event        INFO     Update id=875900994 is handled. Duration 14599 ms by bot id=8976652462
2026.09.30 12:38:29 aiogram.event        INFO     Update id=875900995 is handled. Duration 0 ms by bot id=8976652462
2026.09.30 12:38:32 core.webprofile      INFO     firefox brauzerindən cookies istifadə edilir.
2026.09.30 12:38:32 core.webprofile      INFO     Seçilmiş User-Agent: Mozilla/5.0 (Macintosh; Intel Mac OS X 10_15_7) AppleWebKit/537.36 (KHTML, like Gecko) Chrome/122.0.0.0 Safari/537.36
2026.09.30 12:38:34 aiogram.event        INFO     Update id=875900996 is handled. Duration 2720 ms by bot id=8976652462
2026.09.30 12:38:47 core.webprofile      INFO     firefox brauzerindən cookies istifadə edilir.
2026.09.30 12:38:47 core.webprofile      INFO     Seçilmiş User-Agent: Mozilla/5.0 (X11; Linux x86_64) AppleWebKit/537.36 (KHTML, like Gecko) Chrome/122.0.0.0 Safari/537.36
2026.09.30 12:38:47 core.youtube_handler INFO     Yükləmə cəhdi: cookies + default client
2026.09.30 12:38:47 aiogram.event        INFO     Update id=875900998 is not handled. Duration 5 ms by bot id=8976652462
2026.09.30 12:38:53 aiogram.event        INFO     Update id=875900999 is handled. Duration 0 ms by bot id=8976652462
2026.09.30 12:39:06 core.webprofile      INFO     firefox brauzerindən cookies istifadə edilir.
2026.09.30 12:39:06 core.webprofile      INFO     Seçilmiş User-Agent: Mozilla/5.0 (Linux; Android 14; SM-G998B) AppleWebKit/537.36 (KHTML, like Gecko) Chrome/122.0.0.0 Mobile Safari/537.36
2026.09.30 12:39:10 aiogram.event        INFO     Update id=875901000 is handled. Duration 4463 ms by bot id=8976652462
2026.09.30 12:39:11 aiogram.event        INFO     Update id=875900997 is handled. Duration 24171 ms by bot id=8976652462
2026.09.30 12:39:13 core.webprofile      INFO     firefox brauzerindən cookies istifadə edilir.
2026.09.30 12:39:13 core.webprofile      INFO     Seçilmiş User-Agent: Mozilla/5.0 (Windows NT 10.0; Win64; x64) AppleWebKit/537.36 (KHTML, like Gecko) Chrome/122.0.0.0 Safari/537.36
2026.09.30 12:39:14 aiogram.event        INFO     Update id=875901002 is handled. Duration 809 ms by bot id=8976652462
2026.09.30 12:39:15 aiogram.event        INFO     Update id=875901003 is handled. Duration 801 ms by bot id=8976652462
2026.09.30 12:39:15 core.webprofile      INFO     firefox brauzerindən cookies istifadə edilir.
2026.09.30 12:39:15 core.webprofile      INFO     Seçilmiş User-Agent: Mozilla/5.0 (Macintosh; Intel Mac OS X 10_15_7) AppleWebKit/537.36 (KHTML, like Gecko) Chrome/122.0.0.0 Safari/537.36
2026.09.30 12:39:16 aiogram.event        INFO     Update id=875901001 is handled. Duration 4549 ms by bot id=8976652462
2026.09.30 12:39:18 aiogram.event        INFO     Update id=875901004 is handled. Duration 3820 ms by bot id=8976652462
2026.09.30 12:46:25 aiogram.event        INFO     Update id=875901005 is handled. Duration 0 ms by bot id=8976652462
2026.09.30 12:46:29 core.webprofile      INFO     firefox brauzerindən cookies istifadə edilir.
2026.09.30 12:46:29 core.webprofile      INFO     Seçilmiş User-Agent: Mozilla/5.0 (Macintosh; Intel Mac OS X 10_15_7) AppleWebKit/537.36 (KHTML, like Gecko) Chrome/122.0.0.0 Safari/537.36
2026.09.30 12:46:33 aiogram.event        INFO     Update id=875901006 is handled. Duration 4958 ms by bot id=8976652462
2026.09.30 12:46:43 aiogram.event        INFO     Update id=875901008 is not handled. Duration 1 ms by bot id=8976652462
2026.09.30 12:46:43 aiogram.event        INFO     Update id=875901007 is handled. Duration 173 ms by bot id=8976652462
2026.09.30 12:46:50 aiogram.event        INFO     Update id=875901009 is handled. Duration 0 ms by bot id=8976652462
2026.09.30 12:46:53 core.webprofile      INFO     firefox brauzerindən cookies istifadə edilir.
2026.09.30 12:46:53 core.webprofile      INFO     Seçilmiş User-Agent: Mozilla/5.0 (iPhone; CPU iPhone OS 17_2 like Mac OS X) AppleWebKit/605.1.15 (KHTML, like Gecko) Version/17.2 Mobile/15E148 Safari/604.1
2026.09.30 12:46:57 aiogram.event        INFO     Update id=875901010 is handled. Duration 4060 ms by bot id=8976652462
2026.09.30 12:46:59 core.webprofile      INFO     firefox brauzerindən cookies istifadə edilir.
2026.09.30 12:46:59 core.webprofile      INFO     Seçilmiş User-Agent: Mozilla/5.0 (Macintosh; Intel Mac OS X 10_15_7) AppleWebKit/537.36 (KHTML, like Gecko) Chrome/122.0.0.0 Safari/537.36
2026.09.30 12:46:59 core.youtube_handler INFO     Yükləmə cəhdi: cookies + default client
2026.09.30 12:46:59 aiogram.event        INFO     Update id=875901012 is not handled. Duration 8 ms by bot id=8976652462
2026.09.30 12:47:08 aiogram.event        INFO     Update id=875901013 is handled. Duration 0 ms by bot id=8976652462
2026.09.30 12:47:10 aiogram.event        INFO     Update id=875901014 is handled. Duration 1 ms by bot id=8976652462
2026.09.30 12:47:15 aiogram.event        INFO     Update id=875901011 is handled. Duration 15590 ms by bot id=8976652462
2026.09.30 12:47:20 core.webprofile      INFO     firefox brauzerindən cookies istifadə edilir.
2026.09.30 12:47:20 core.webprofile      INFO     Seçilmiş User-Agent: Mozilla/5.0 (X11; Linux x86_64) AppleWebKit/537.36 (KHTML, like Gecko) Chrome/122.0.0.0 Safari/537.36
2026.09.30 12:47:20 core.youtube_handler INFO     Yükləmə cəhdi: cookies + default client
2026.09.30 12:47:20 aiogram.event        INFO     Update id=875901016 is not handled. Duration 2 ms by bot id=8976652462
2026.09.30 12:47:22 core.webprofile      INFO     firefox brauzerindən cookies istifadə edilir.
2026.09.30 12:47:22 core.webprofile      INFO     Seçilmiş User-Agent: Mozilla/5.0 (iPad; CPU OS 17_2 like Mac OS X) AppleWebKit/605.1.15 (KHTML, like Gecko) Version/17.2 Mobile/15E148 Safari/604.1
2026.09.30 12:47:24 aiogram.event        INFO     Update id=875901017 is handled. Duration 2408 ms by bot id=8976652462
2026.09.30 12:47:24 aiogram.event        INFO     Update id=875901018 is handled. Duration 84 ms by bot id=8976652462
2026.09.30 12:47:26 aiogram.event        INFO     Update id=875901019 is handled. Duration 20 ms by bot id=8976652462
2026.09.30 12:47:29 core.webprofile      INFO     firefox brauzerindən cookies istifadə edilir.
2026.09.30 12:47:29 core.webprofile      INFO     Seçilmiş User-Agent: Mozilla/5.0 (iPad; CPU OS 17_2 like Mac OS X) AppleWebKit/605.1.15 (KHTML, like Gecko) Version/17.2 Mobile/15E148 Safari/604.1
2026.09.30 12:47:29 core.youtube_handler INFO     Yükləmə cəhdi: cookies + default client
2026.09.30 12:47:29 aiogram.event        INFO     Update id=875901020 is not handled. Duration 93 ms by bot id=8976652462
2026.09.30 12:47:34 aiogram.event        INFO     Update id=875901022 is handled. Duration 22 ms by bot id=8976652462
2026.09.30 12:47:37 aiogram.event        INFO     Update id=875901023 is not handled. Duration 1 ms by bot id=8976652462
2026.09.30 12:47:37 core.webprofile      INFO     firefox brauzerindən cookies istifadə edilir.
2026.09.30 12:47:37 core.webprofile      INFO     Seçilmiş User-Agent: Mozilla/5.0 (Linux; Android 14; SM-G998B) AppleWebKit/537.36 (KHTML, like Gecko) Chrome/122.0.0.0 Mobile Safari/537.36
2026.09.30 12:47:37 core.youtube_handler INFO     Yükləmə cəhdi: cookies + default client
2026.09.30 12:47:38 aiogram.event        INFO     Update id=875901015 is handled. Duration 18657 ms by bot id=8976652462
2026.09.30 12:47:43 aiogram.event        INFO     Update id=875901025 is handled. Duration 28 ms by bot id=8976652462
2026.09.30 12:47:46 aiogram.event        INFO     Update id=875901027 is not handled. Duration 7 ms by bot id=8976652462
2026.09.30 12:47:49 core.webprofile      INFO     firefox brauzerindən cookies istifadə edilir.
2026.09.30 12:47:49 core.webprofile      INFO     Seçilmiş User-Agent: Mozilla/5.0 (iPad; CPU OS 17_2 like Mac OS X) AppleWebKit/605.1.15 (KHTML, like Gecko) Version/17.2 Mobile/15E148 Safari/604.1
2026.09.30 12:47:52 aiogram.event        INFO     Update id=875901028 is handled. Duration 3054 ms by bot id=8976652462
2026.09.30 12:47:52 aiogram.event        INFO     Update id=875901029 is handled. Duration 100 ms by bot id=8976652462
2026.09.30 12:47:53 aiogram.event        INFO     Update id=875901030 is handled. Duration 30 ms by bot id=8976652462
2026.09.30 12:47:54 aiogram.event        INFO     Update id=875901031 is not handled. Duration 3 ms by bot id=8976652462
2026.09.30 12:47:54 core.webprofile      INFO     firefox brauzerindən cookies istifadə edilir.
2026.09.30 12:47:54 core.webprofile      INFO     Seçilmiş User-Agent: Mozilla/5.0 (Macintosh; Intel Mac OS X 10_15_7) AppleWebKit/537.36 (KHTML, like Gecko) Chrome/122.0.0.0 Safari/537.36
2026.09.30 12:47:54 core.youtube_handler INFO     Yükləmə cəhdi: cookies + default client
2026.09.30 12:47:55 core.webprofile      INFO     firefox brauzerindən cookies istifadə edilir.
2026.09.30 12:47:55 core.webprofile      INFO     Seçilmiş User-Agent: Mozilla/5.0 (Windows NT 10.0; Win64; x64) AppleWebKit/537.36 (KHTML, like Gecko) Chrome/122.0.0.0 Safari/537.36
2026.09.30 12:47:55 core.youtube_handler INFO     Yükləmə cəhdi: cookies + default client
2026.09.30 12:47:56 aiogram.event        INFO     Update id=875901021 is handled. Duration 27071 ms by bot id=8976652462
2026.09.30 12:47:57 aiogram.event        INFO     Update id=875901024 is handled. Duration 20454 ms by bot id=8976652462
2026.09.30 12:47:59 aiogram.event        INFO     Update id=875901034 is not handled. Duration 8 ms by bot id=8976652462
2026.09.30 12:48:06 aiogram.event        INFO     Update id=875901035 is not handled. Duration 3 ms by bot id=8976652462
2026.09.30 12:48:11 aiogram.event        INFO     Update id=875901037 is handled. Duration 77 ms by bot id=8976652462
2026.09.30 12:48:13 aiogram.event        INFO     Update id=875901038 is not handled. Duration 6 ms by bot id=8976652462
2026.09.30 12:48:13 core.webprofile      INFO     firefox brauzerindən cookies istifadə edilir.
2026.09.30 12:48:13 core.webprofile      INFO     Seçilmiş User-Agent: Mozilla/5.0 (iPad; CPU OS 17_2 like Mac OS X) AppleWebKit/605.1.15 (KHTML, like Gecko) Version/17.2 Mobile/15E148 Safari/604.1
2026.09.30 12:48:13 core.youtube_handler INFO     Yükləmə cəhdi: cookies + default client
2026.09.30 12:48:15 core.webprofile      INFO     firefox brauzerindən cookies istifadə edilir.
2026.09.30 12:48:15 core.webprofile      INFO     Seçilmiş User-Agent: Mozilla/5.0 (iPhone; CPU iPhone OS 17_2 like Mac OS X) AppleWebKit/605.1.15 (KHTML, like Gecko) Version/17.2 Mobile/15E148 Safari/604.1
2026.09.30 12:48:15 core.youtube_handler INFO     Yükləmə cəhdi: cookies + default client
2026.09.30 12:48:15 aiogram.event        INFO     Update id=875901032 is handled. Duration 20931 ms by bot id=8976652462
2026.09.30 12:48:16 aiogram.event        INFO     Update id=875901026 is handled. Duration 30081 ms by bot id=8976652462
2026.09.30 12:48:19 aiogram.event        INFO     Update id=875901040 is handled. Duration 50 ms by bot id=8976652462
2026.09.30 12:48:30 aiogram.event        INFO     Update id=875901042 is not handled. Duration 2 ms by bot id=8976652462
2026.09.30 12:48:35 core.webprofile      INFO     firefox brauzerindən cookies istifadə edilir.
2026.09.30 12:48:35 core.webprofile      INFO     Seçilmiş User-Agent: Mozilla/5.0 (X11; Ubuntu; Linux x86_64; rv:120.0) Gecko/20100101 Firefox/120.0
2026.09.30 12:48:35 core.webprofile      INFO     firefox brauzerindən cookies istifadə edilir.
2026.09.30 12:48:35 core.webprofile      INFO     Seçilmiş User-Agent: Mozilla/5.0 (iPad; CPU OS 17_2 like Mac OS X) AppleWebKit/605.1.15 (KHTML, like Gecko) Version/17.2 Mobile/15E148 Safari/604.1
2026.09.30 12:48:35 core.youtube_handler INFO     Yükləmə cəhdi: cookies + default client
2026.09.30 12:48:37 aiogram.event        INFO     Update id=875901033 is handled. Duration 37832 ms by bot id=8976652462
2026.09.30 12:48:38 core.webprofile      INFO     firefox brauzerindən cookies istifadə edilir.
2026.09.30 12:48:38 core.webprofile      INFO     Seçilmiş User-Agent: Mozilla/5.0 (Windows NT 10.0; Win64; x64) AppleWebKit/537.36 (KHTML, like Gecko) Edge/120.0.0.0 Safari/537.36
2026.09.30 12:48:38 core.youtube_handler INFO     Yükləmə cəhdi: cookies + default client
2026.09.30 12:48:38 aiogram.event        INFO     Update id=875901043 is handled. Duration 2965 ms by bot id=8976652462
2026.09.30 12:48:38 aiogram.event        INFO     Update id=875901044 is handled. Duration 183 ms by bot id=8976652462
2026.09.30 12:48:39 aiogram.event        INFO     Update id=875901045 is handled. Duration 47 ms by bot id=8976652462
2026.09.30 12:48:40 aiogram.event        INFO     Update id=875901046 is handled. Duration 295 ms by bot id=8976652462
2026.09.30 12:48:41 aiogram.event        INFO     Update id=875901036 is handled. Duration 34348 ms by bot id=8976652462
2026.09.30 12:48:41 aiogram.event        INFO     Update id=875901048 is not handled. Duration 6 ms by bot id=8976652462
2026.09.30 12:48:50 aiogram.event        INFO     Update id=875901049 is not handled. Duration 6 ms by bot id=8976652462
2026.09.30 12:48:50 aiogram.event        INFO     Update id=875901050 is handled. Duration 130 ms by bot id=8976652462
2026.09.30 12:48:52 core.webprofile      INFO     firefox brauzerindən cookies istifadə edilir.
2026.09.30 12:48:52 core.webprofile      INFO     Seçilmiş User-Agent: Mozilla/5.0 (iPhone; CPU iPhone OS 17_2 like Mac OS X) AppleWebKit/605.1.15 (KHTML, like Gecko) Version/17.2 Mobile/15E148 Safari/604.1
2026.09.30 12:48:55 aiogram.event        INFO     Update id=875901051 is handled. Duration 2747 ms by bot id=8976652462
2026.09.30 12:48:55 aiogram.event        INFO     Update id=875901052 is handled. Duration 23 ms by bot id=8976652462
2026.09.30 12:48:55 core.webprofile      INFO     firefox brauzerindən cookies istifadə edilir.
2026.09.30 12:48:55 core.webprofile      INFO     Seçilmiş User-Agent: Mozilla/5.0 (Windows NT 10.0; Win64; x64) AppleWebKit/537.36 (KHTML, like Gecko) Edge/120.0.0.0 Safari/537.36
2026.09.30 12:48:55 core.youtube_handler INFO     Yükləmə cəhdi: cookies + default client
2026.09.30 12:48:57 aiogram.event        INFO     Update id=875901039 is handled. Duration 44001 ms by bot id=8976652462
2026.09.30 12:48:57 aiogram.event        INFO     Update id=875901041 is handled. Duration 27863 ms by bot id=8976652462
2026.09.30 12:48:58 aiogram.event        INFO     Update id=875901053 is handled. Duration 23 ms by bot id=8976652462
2026.09.30 12:49:00 core.webprofile      INFO     firefox brauzerindən cookies istifadə edilir.
2026.09.30 12:49:00 core.webprofile      INFO     Seçilmiş User-Agent: Mozilla/5.0 (Windows NT 10.0; Win64; x64) AppleWebKit/537.36 (KHTML, like Gecko) Edge/120.0.0.0 Safari/537.36
2026.09.30 12:49:00 core.youtube_handler INFO     Yükləmə cəhdi: cookies + default client
2026.09.30 12:49:00 aiogram.event        INFO     Update id=875901055 is not handled. Duration 2 ms by bot id=8976652462
2026.09.30 12:49:02 core.webprofile      INFO     firefox brauzerindən cookies istifadə edilir.
2026.09.30 12:49:02 core.webprofile      INFO     Seçilmiş User-Agent: Mozilla/5.0 (Windows NT 10.0; Win64; x64; rv:120.0) Gecko/20100101 Firefox/120.0
2026.09.30 12:49:03 core.utilities       INFO     User 6842833439 executed command: /start
2026.09.30 12:49:04 aiogram.event        INFO     Update id=875901057 is handled. Duration 941 ms by bot id=8976652462
2026.09.30 12:49:05 aiogram.event        INFO     Update id=875901056 is handled. Duration 3007 ms by bot id=8976652462
2026.09.30 12:49:05 aiogram.event        INFO     Update id=875901058 is handled. Duration 42 ms by bot id=8976652462
2026.09.30 12:49:06 aiogram.event        INFO     Update id=875901059 is handled. Duration 23 ms by bot id=8976652462
2026.09.30 12:49:07 aiogram.event        INFO     Update id=875901060 is handled. Duration 33 ms by bot id=8976652462
2026.09.30 12:49:09 aiogram.event        INFO     Update id=875901061 is handled. Duration 31 ms by bot id=8976652462
2026.09.30 12:49:12 aiogram.event        INFO     Update id=875901047 is handled. Duration 31049 ms by bot id=8976652462
2026.09.30 12:49:16 aiogram.event        INFO     Update id=875901062 is handled. Duration 89 ms by bot id=8976652462
2026.09.30 12:49:18 core.webprofile      INFO     firefox brauzerindən cookies istifadə edilir.
2026.09.30 12:49:18 core.webprofile      INFO     Seçilmiş User-Agent: Mozilla/5.0 (Windows NT 10.0; Win64; x64) AppleWebKit/537.36 (KHTML, like Gecko) Edge/120.0.0.0 Safari/537.36
2026.09.30 12:49:18 core.youtube_handler INFO     Yükləmə cəhdi: cookies + default client
2026.09.30 12:49:19 aiogram.event        INFO     Update id=875901064 is not handled. Duration 12 ms by bot id=8976652462
2026.09.30 12:49:20 aiogram.event        INFO     Update id=875901065 is handled. Duration 179 ms by bot id=8976652462
2026.09.30 12:49:22 aiogram.event        INFO     Update id=875901054 is handled. Duration 21410 ms by bot id=8976652462
2026.09.30 12:49:23 aiogram.event        INFO     Update id=875901066 is handled. Duration 277 ms by bot id=8976652462
2026.09.30 12:49:25 aiogram.event        INFO     Update id=875901067 is handled. Duration 222 ms by bot id=8976652462
2026.09.30 12:49:28 aiogram.event        INFO     Update id=875901068 is handled. Duration 67 ms by bot id=8976652462
2026.09.30 12:49:29 aiogram.event        INFO     Update id=875901069 is handled. Duration 70 ms by bot id=8976652462
2026.09.30 12:49:35 aiogram.event        INFO     Update id=875901063 is handled. Duration 16870 ms by bot id=8976652462
2026.09.30 12:49:36 aiogram.event        INFO     Update id=875901070 is not handled. Duration 1 ms by bot id=8976652462
2026.09.30 12:49:40 aiogram.event        INFO     Update id=875901071 is not handled. Duration 2 ms by bot id=8976652462
2026.09.30 12:49:44 aiogram.event        INFO     Update id=875901072 is handled. Duration 0 ms by bot id=8976652462
2026.09.30 12:49:46 aiogram.event        INFO     Update id=875901073 is handled. Duration 800 ms by bot id=8976652462
2026.09.30 12:49:47 aiogram.event        INFO     Update id=875901074 is handled. Duration 801 ms by bot id=8976652462
2026.09.30 12:49:48 core.webprofile      INFO     firefox brauzerindən cookies istifadə edilir.
2026.09.30 12:49:48 core.webprofile      INFO     Seçilmiş User-Agent: Mozilla/5.0 (iPad; CPU OS 17_2 like Mac OS X) AppleWebKit/605.1.15 (KHTML, like Gecko) Version/17.2 Mobile/15E148 Safari/604.1
2026.09.30 12:49:51 aiogram.event        INFO     Update id=875901075 is handled. Duration 4288 ms by bot id=8976652462
2026.09.30 12:49:54 core.webprofile      INFO     firefox brauzerindən cookies istifadə edilir.
2026.09.30 12:49:54 core.webprofile      INFO     Seçilmiş User-Agent: Mozilla/5.0 (Linux; Android 14; Pixel 8 Pro) AppleWebKit/537.36 (KHTML, like Gecko) Chrome/122.0.0.0 Mobile Safari/537.36
2026.09.30 12:49:54 core.youtube_handler INFO     Yükləmə cəhdi: cookies + default client
2026.09.30 12:49:54 aiogram.event        INFO     Update id=875901076 is not handled. Duration 58 ms by bot id=8976652462
2026.09.30 12:49:54 aiogram.event        INFO     Update id=875901078 is handled. Duration 537 ms by bot id=8976652462
2026.09.30 12:49:55 aiogram.event        INFO     Update id=875901079 is handled. Duration 0 ms by bot id=8976652462
2026.09.30 12:49:59 aiogram.event        INFO     Update id=875901081 is handled. Duration 801 ms by bot id=8976652462
2026.09.30 12:49:59 aiogram.event        INFO     Update id=875901080 is handled. Duration 1948 ms by bot id=8976652462
2026.09.30 12:49:59 core.webprofile      INFO     firefox brauzerindən cookies istifadə edilir.
2026.09.30 12:49:59 core.webprofile      INFO     Seçilmiş User-Agent: Mozilla/5.0 (X11; Ubuntu; Linux x86_64; rv:120.0) Gecko/20100101 Firefox/120.0
2026.09.30 12:50:03 aiogram.event        INFO     Update id=875901082 is handled. Duration 4258 ms by bot id=8976652462
2026.09.30 12:50:05 core.webprofile      INFO     firefox brauzerindən cookies istifadə edilir.
2026.09.30 12:50:05 core.webprofile      INFO     Seçilmiş User-Agent: Mozilla/5.0 (X11; Linux x86_64) AppleWebKit/537.36 (KHTML, like Gecko) Chrome/122.0.0.0 Safari/537.36
2026.09.30 12:50:05 core.youtube_handler INFO     Yükləmə cəhdi: cookies + default client
2026.09.30 12:50:05 aiogram.event        INFO     Update id=875901083 is not handled. Duration 109 ms by bot id=8976652462
2026.09.30 12:50:06 aiogram.event        INFO     Update id=875901085 is handled. Duration 0 ms by bot id=8976652462
2026.09.30 12:50:08 aiogram.event        INFO     Update id=875901086 is handled. Duration 0 ms by bot id=8976652462
2026.09.30 12:50:12 aiogram.event        INFO     Update id=875901077 is handled. Duration 18642 ms by bot id=8976652462
2026.09.30 12:50:13 core.webprofile      INFO     firefox brauzerindən cookies istifadə edilir.
2026.09.30 12:50:13 core.webprofile      INFO     Seçilmiş User-Agent: Mozilla/5.0 (iPad; CPU OS 17_2 like Mac OS X) AppleWebKit/605.1.15 (KHTML, like Gecko) Version/17.2 Mobile/15E148 Safari/604.1
2026.09.30 12:50:13 core.youtube_handler INFO     Yükləmə cəhdi: cookies + default client
2026.09.30 12:50:13 aiogram.event        INFO     Update id=875901088 is not handled. Duration 12 ms by bot id=8976652462
2026.09.30 12:50:16 core.webprofile      INFO     firefox brauzerindən cookies istifadə edilir.
2026.09.30 12:50:16 core.webprofile      INFO     Seçilmiş User-Agent: Mozilla/5.0 (Linux; Android 14; Pixel 8 Pro) AppleWebKit/537.36 (KHTML, like Gecko) Chrome/122.0.0.0 Mobile Safari/537.36
2026.09.30 12:50:19 aiogram.event        INFO     Update id=875901089 is handled. Duration 3024 ms by bot id=8976652462
2026.09.30 12:50:29 aiogram.event        INFO     Update id=875901084 is handled. Duration 23897 ms by bot id=8976652462
2026.09.30 12:50:35 aiogram.event        INFO     Update id=875901087 is handled. Duration 21993 ms by bot id=8976652462
2026.09.30 12:50:36 aiogram.event        INFO     Update id=875901090 is handled. Duration 39 ms by bot id=8976652462
2026.09.30 12:50:38 core.webprofile      INFO     firefox brauzerindən cookies istifadə edilir.
2026.09.30 12:50:38 core.webprofile      INFO     Seçilmiş User-Agent: Mozilla/5.0 (Linux; Android 14; Pixel 8 Pro) AppleWebKit/537.36 (KHTML, like Gecko) Chrome/122.0.0.0 Mobile Safari/537.36
2026.09.30 12:50:38 core.youtube_handler INFO     Yükləmə cəhdi: cookies + default client
2026.09.30 12:50:38 aiogram.event        INFO     Update id=875901092 is not handled. Duration 12 ms by bot id=8976652462
2026.09.30 12:50:57 aiogram.event        INFO     Update id=875901091 is handled. Duration 19564 ms by bot id=8976652462
2026.09.30 12:51:17 core.webprofile      INFO     firefox brauzerindən cookies istifadə edilir.
2026.09.30 12:51:17 core.webprofile      INFO     Seçilmiş User-Agent: Mozilla/5.0 (Windows NT 10.0; Win64; x64) AppleWebKit/537.36 (KHTML, like Gecko) Edge/120.0.0.0 Safari/537.36
2026.09.30 12:51:19 aiogram.event        INFO     Update id=875901093 is handled. Duration 2475 ms by bot id=8976652462
2026.09.30 12:51:19 aiogram.event        INFO     Update id=875901094 is handled. Duration 39 ms by bot id=8976652462
2026.09.30 12:51:21 aiogram.event        INFO     Update id=875901095 is handled. Duration 20 ms by bot id=8976652462
2026.09.30 12:51:21 aiogram.event        INFO     Update id=875901096 is handled. Duration 48 ms by bot id=8976652462
2026.09.30 12:51:21 core.webprofile      INFO     firefox brauzerindən cookies istifadə edilir.
2026.09.30 12:51:21 core.webprofile      INFO     Seçilmiş User-Agent: Mozilla/5.0 (Windows NT 10.0; Win64; x64) AppleWebKit/537.36 (KHTML, like Gecko) Chrome/122.0.0.0 Safari/537.36
2026.09.30 12:51:21 core.youtube_handler INFO     Yükləmə cəhdi: cookies + default client
2026.09.30 12:51:21 aiogram.event        INFO     Update id=875901098 is not handled. Duration 3 ms by bot id=8976652462
2026.09.30 12:51:24 core.webprofile      INFO     firefox brauzerindən cookies istifadə edilir.
2026.09.30 12:51:24 core.webprofile      INFO     Seçilmiş User-Agent: Mozilla/5.0 (Macintosh; Intel Mac OS X 10_15_7) AppleWebKit/537.36 (KHTML, like Gecko) Chrome/122.0.0.0 Safari/537.36
2026.09.30 12:51:26 aiogram.event        INFO     Update id=875901099 is handled. Duration 2559 ms by bot id=8976652462
2026.09.30 12:51:26 aiogram.event        INFO     Update id=875901100 is handled. Duration 43 ms by bot id=8976652462
2026.09.30 12:51:29 core.webprofile      INFO     firefox brauzerindən cookies istifadə edilir.
2026.09.30 12:51:29 core.webprofile      INFO     Seçilmiş User-Agent: Mozilla/5.0 (Macintosh; Intel Mac OS X 10_15_7) AppleWebKit/537.36 (KHTML, like Gecko) Chrome/122.0.0.0 Safari/537.36
2026.09.30 12:51:29 core.youtube_handler INFO     Yükləmə cəhdi: cookies + default client
2026.09.30 12:51:29 aiogram.event        INFO     Update id=875901101 is not handled. Duration 97 ms by bot id=8976652462
2026.09.30 12:51:32 aiogram.event        INFO     Update id=875901103 is handled. Duration 32 ms by bot id=8976652462
2026.09.30 12:51:32 aiogram.event        INFO     Update id=875901104 is handled. Duration 24 ms by bot id=8976652462
2026.09.30 12:51:32 aiogram.event        INFO     Update id=875901106 is handled. Duration 49 ms by bot id=8976652462
2026.09.30 12:51:32 aiogram.event        INFO     Update id=875901107 is handled. Duration 48 ms by bot id=8976652462
2026.09.30 12:51:32 aiogram.event        INFO     Update id=875901105 is handled. Duration 52 ms by bot id=8976652462
2026.09.30 12:51:34 aiogram.event        INFO     Update id=875901108 is not handled. Duration 10 ms by bot id=8976652462
2026.09.30 12:51:35 core.webprofile      INFO     firefox brauzerindən cookies istifadə edilir.
2026.09.30 12:51:35 core.webprofile      INFO     Seçilmiş User-Agent: Mozilla/5.0 (Linux; Android 14; Pixel 8 Pro) AppleWebKit/537.36 (KHTML, like Gecko) Chrome/122.0.0.0 Mobile Safari/537.36
2026.09.30 12:51:35 core.youtube_handler INFO     Yükləmə cəhdi: cookies + default client
2026.09.30 12:51:37 aiogram.event        INFO     Update id=875901097 is handled. Duration 15118 ms by bot id=8976652462
2026.09.30 12:51:41 aiogram.event        INFO     Update id=875901111 is not handled. Duration 1 ms by bot id=8976652462
2026.09.30 12:51:41 aiogram.event        INFO     Update id=875901110 is handled. Duration 53 ms by bot id=8976652462
2026.09.30 12:51:50 aiogram.event        INFO     Update id=875901102 is handled. Duration 20851 ms by bot id=8976652462
2026.09.30 12:51:50 aiogram.event        INFO     Update id=875901112 is handled. Duration 0 ms by bot id=8976652462
2026.09.30 12:51:52 core.webprofile      INFO     firefox brauzerindən cookies istifadə edilir.
2026.09.30 12:51:52 core.webprofile      INFO     Seçilmiş User-Agent: Mozilla/5.0 (Windows NT 10.0; Win64; x64; rv:120.0) Gecko/20100101 Firefox/120.0
2026.09.30 12:51:55 core.webprofile      INFO     firefox brauzerindən cookies istifadə edilir.
2026.09.30 12:51:55 core.webprofile      INFO     Seçilmiş User-Agent: Mozilla/5.0 (X11; Ubuntu; Linux x86_64; rv:120.0) Gecko/20100101 Firefox/120.0
2026.09.30 12:51:56 aiogram.event        INFO     Update id=875901113 is handled. Duration 4140 ms by bot id=8976652462
2026.09.30 12:51:56 core.webprofile      INFO     firefox brauzerindən cookies istifadə edilir.
2026.09.30 12:51:56 core.webprofile      INFO     Seçilmiş User-Agent: Mozilla/5.0 (Linux; Android 14; SM-G998B) AppleWebKit/537.36 (KHTML, like Gecko) Chrome/122.0.0.0 Mobile Safari/537.36
2026.09.30 12:51:56 aiogram.event        INFO     Update id=875901109 is handled. Duration 21970 ms by bot id=8976652462
2026.09.30 12:51:58 aiogram.event        INFO     Update id=875901114 is handled. Duration 4199 ms by bot id=8976652462
2026.09.30 12:51:59 aiogram.event        INFO     Update id=875901115 is handled. Duration 3896 ms by bot id=8976652462
2026.09.30 12:52:03 core.webprofile      INFO     firefox brauzerindən cookies istifadə edilir.
2026.09.30 12:52:03 core.webprofile      INFO     Seçilmiş User-Agent: Mozilla/5.0 (Macintosh; Intel Mac OS X 10_15_7) AppleWebKit/537.36 (KHTML, like Gecko) Chrome/122.0.0.0 Safari/537.36
2026.09.30 12:52:03 core.youtube_handler INFO     Yükləmə cəhdi: cookies + default client
2026.09.30 12:52:03 aiogram.event        INFO     Update id=875901117 is not handled. Duration 13 ms by bot id=8976652462
2026.09.30 12:52:21 aiogram.event        INFO     Update id=875901116 is handled. Duration 18725 ms by bot id=8976652462
2026.09.30 12:52:24 core.webprofile      INFO     firefox brauzerindən cookies istifadə edilir.
2026.09.30 12:52:24 core.webprofile      INFO     Seçilmiş User-Agent: Mozilla/5.0 (X11; Ubuntu; Linux x86_64; rv:120.0) Gecko/20100101 Firefox/120.0
2026.09.30 12:52:27 aiogram.event        INFO     Update id=875901118 is handled. Duration 2582 ms by bot id=8976652462
2026.09.30 12:52:27 aiogram.event        INFO     Update id=875901119 is handled. Duration 21 ms by bot id=8976652462
2026.09.30 12:52:28 aiogram.event        INFO     Update id=875901120 is handled. Duration 28 ms by bot id=8976652462
2026.09.30 12:52:31 core.webprofile      INFO     firefox brauzerindən cookies istifadə edilir.
2026.09.30 12:52:31 core.webprofile      INFO     Seçilmiş User-Agent: Mozilla/5.0 (Linux; Android 14; SM-G998B) AppleWebKit/537.36 (KHTML, like Gecko) Chrome/122.0.0.0 Mobile Safari/537.36
2026.09.30 12:52:31 core.youtube_handler INFO     Yükləmə cəhdi: cookies + default client
2026.09.30 12:52:31 aiogram.event        INFO     Update id=875901122 is not handled. Duration 2 ms by bot id=8976652462
2026.09.30 12:52:34 aiogram.event        INFO     Update id=875901123 is handled. Duration 51 ms by bot id=8976652462
2026.09.30 12:52:39 aiogram.event        INFO     Update id=875901124 is handled. Duration 21 ms by bot id=8976652462
2026.09.30 12:52:48 core.webprofile      INFO     firefox brauzerindən cookies istifadə edilir.
2026.09.30 12:52:48 core.webprofile      INFO     Seçilmiş User-Agent: Mozilla/5.0 (Windows NT 10.0; Win64; x64) AppleWebKit/537.36 (KHTML, like Gecko) Edge/120.0.0.0 Safari/537.36
2026.09.30 12:52:48 core.youtube_handler INFO     Yükləmə cəhdi: cookies + default client
2026.09.30 12:52:48 aiogram.event        INFO     Update id=875901125 is not handled. Duration 97 ms by bot id=8976652462
2026.09.30 12:52:54 aiogram.event        INFO     Update id=875901121 is handled. Duration 23276 ms by bot id=8976652462
2026.09.30 12:52:56 core.webprofile      INFO     firefox brauzerindən cookies istifadə edilir.
2026.09.30 12:52:56 core.webprofile      INFO     Seçilmiş User-Agent: Mozilla/5.0 (X11; Linux x86_64) AppleWebKit/537.36 (KHTML, like Gecko) Chrome/122.0.0.0 Safari/537.36
2026.09.30 12:52:56 core.youtube_handler INFO     Yükləmə cəhdi: cookies + default client
2026.09.30 12:52:56 aiogram.event        INFO     Update id=875901128 is not handled. Duration 2 ms by bot id=8976652462
2026.09.30 12:52:58 core.webprofile      INFO     firefox brauzerindən cookies istifadə edilir.
2026.09.30 12:52:58 core.webprofile      INFO     Seçilmiş User-Agent: Mozilla/5.0 (iPad; CPU OS 17_2 like Mac OS X) AppleWebKit/605.1.15 (KHTML, like Gecko) Version/17.2 Mobile/15E148 Safari/604.1
2026.09.30 12:53:01 aiogram.event        INFO     Update id=875901129 is handled. Duration 2772 ms by bot id=8976652462
2026.09.30 12:53:01 aiogram.event        INFO     Update id=875901130 is handled. Duration 39 ms by bot id=8976652462
2026.09.30 12:53:02 aiogram.event        INFO     Update id=875901131 is handled. Duration 36 ms by bot id=8976652462
2026.09.30 12:53:08 aiogram.event        INFO     Update id=875901132 is not handled. Duration 7 ms by bot id=8976652462
2026.09.30 12:53:13 aiogram.event        INFO     Update id=875901134 is handled. Duration 0 ms by bot id=8976652462
2026.09.30 12:53:15 core.webprofile      INFO     firefox brauzerindən cookies istifadə edilir.
2026.09.30 12:53:15 core.webprofile      INFO     Seçilmiş User-Agent: Mozilla/5.0 (X11; Linux x86_64) AppleWebKit/537.36 (KHTML, like Gecko) Chrome/122.0.0.0 Safari/537.36
2026.09.30 12:53:16 core.webprofile      INFO     firefox brauzerindən cookies istifadə edilir.
2026.09.30 12:53:16 core.webprofile      INFO     Seçilmiş User-Agent: Mozilla/5.0 (Linux; Android 14; SM-G998B) AppleWebKit/537.36 (KHTML, like Gecko) Chrome/122.0.0.0 Mobile Safari/537.36
2026.09.30 12:53:16 core.youtube_handler INFO     Yükləmə cəhdi: cookies + default client
2026.09.30 12:53:17 aiogram.event        INFO     Update id=875901126 is handled. Duration 29555 ms by bot id=8976652462
2026.09.30 12:53:18 aiogram.event        INFO     Update id=875901127 is handled. Duration 22730 ms by bot id=8976652462
2026.09.30 12:53:19 aiogram.event        INFO     Update id=875901135 is handled. Duration 4276 ms by bot id=8976652462
2026.09.30 12:53:22 core.webprofile      INFO     firefox brauzerindən cookies istifadə edilir.
2026.09.30 12:53:22 core.webprofile      INFO     Seçilmiş User-Agent: Mozilla/5.0 (Windows NT 10.0; Win64; x64; rv:120.0) Gecko/20100101 Firefox/120.0
2026.09.30 12:53:22 core.youtube_handler INFO     Yükləmə cəhdi: cookies + default client
2026.09.30 12:53:22 aiogram.event        INFO     Update id=875901137 is not handled. Duration 11 ms by bot id=8976652462
2026.09.30 12:53:29 core.webprofile      INFO     firefox brauzerindən cookies istifadə edilir.
2026.09.30 12:53:29 core.webprofile      INFO     Seçilmiş User-Agent: Mozilla/5.0 (iPad; CPU OS 17_2 like Mac OS X) AppleWebKit/605.1.15 (KHTML, like Gecko) Version/17.2 Mobile/15E148 Safari/604.1
2026.09.30 12:53:33 aiogram.event        INFO     Update id=875901138 is handled. Duration 3660 ms by bot id=8976652462
2026.09.30 12:53:34 core.webprofile      INFO     firefox brauzerindən cookies istifadə edilir.
2026.09.30 12:53:34 core.webprofile      INFO     Seçilmiş User-Agent: Mozilla/5.0 (X11; Linux x86_64) AppleWebKit/537.36 (KHTML, like Gecko) Chrome/122.0.0.0 Safari/537.36
2026.09.30 12:53:34 core.youtube_handler INFO     Yükləmə cəhdi: cookies + default client
2026.09.30 12:53:45 aiogram.event        INFO     Update id=875901133 is handled. Duration 36958 ms by bot id=8976652462
2026.09.30 12:53:47 aiogram.event        INFO     Update id=875901136 is handled. Duration 25360 ms by bot id=8976652462
2026.09.30 12:53:51 aiogram.event        INFO     Update id=875901139 is handled. Duration 16723 ms by bot id=8976652462
2026.09.30 12:54:11 core.webprofile      INFO     firefox brauzerindən cookies istifadə edilir.
2026.09.30 12:54:11 core.webprofile      INFO     Seçilmiş User-Agent: Mozilla/5.0 (Linux; Android 14; SM-G998B) AppleWebKit/537.36 (KHTML, like Gecko) Chrome/122.0.0.0 Mobile Safari/537.36
2026.09.30 12:54:14 aiogram.event        INFO     Update id=875901140 is handled. Duration 2819 ms by bot id=8976652462
2026.09.30 12:54:14 aiogram.event        INFO     Update id=875901141 is handled. Duration 20 ms by bot id=8976652462
2026.09.30 12:54:16 aiogram.event        INFO     Update id=875901142 is handled. Duration 37 ms by bot id=8976652462
2026.09.30 12:54:19 aiogram.event        INFO     Update id=875901143 is handled. Duration 48 ms by bot id=8976652462
2026.09.30 12:54:20 aiogram.event        INFO     Update id=875901144 is handled. Duration 23 ms by bot id=8976652462
2026.09.30 12:54:20 aiogram.event        INFO     Update id=875901145 is handled. Duration 41 ms by bot id=8976652462
2026.09.30 12:54:49 aiogram.event        INFO     Update id=875901161 is not handled. Duration 13 ms by bot id=8976652462
2026.09.30 12:54:49 aiogram.event        INFO     Update id=875901151 is not handled. Duration 15 ms by bot id=8976652462
2026.09.30 12:54:49 aiogram.event        INFO     Update id=875901162 is not handled. Duration 13 ms by bot id=8976652462
2026.09.30 12:54:49 aiogram.event        INFO     Update id=875901165 is not handled. Duration 13 ms by bot id=8976652462
2026.09.30 12:54:49 aiogram.event        INFO     Update id=875901166 is not handled. Duration 13 ms by bot id=8976652462
2026.09.30 12:54:49 aiogram.event        INFO     Update id=875901167 is not handled. Duration 14 ms by bot id=8976652462
2026.09.30 12:54:49 aiogram.event        INFO     Update id=875901159 is not handled. Duration 15 ms by bot id=8976652462
2026.09.30 12:54:49 aiogram.event        INFO     Update id=875901152 is not handled. Duration 16 ms by bot id=8976652462
2026.09.30 12:54:49 aiogram.event        INFO     Update id=875901153 is not handled. Duration 16 ms by bot id=8976652462
2026.09.30 12:54:49 aiogram.event        INFO     Update id=875901156 is not handled. Duration 16 ms by bot id=8976652462
2026.09.30 12:54:49 aiogram.event        INFO     Update id=875901154 is not handled. Duration 17 ms by bot id=8976652462
2026.09.30 12:54:49 aiogram.event        INFO     Update id=875901160 is not handled. Duration 16 ms by bot id=8976652462
2026.09.30 12:54:49 aiogram.event        INFO     Update id=875901157 is not handled. Duration 17 ms by bot id=8976652462
2026.09.30 12:54:49 aiogram.event        INFO     Update id=875901163 is not handled. Duration 16 ms by bot id=8976652462
2026.09.30 12:54:49 aiogram.event        INFO     Update id=875901155 is not handled. Duration 18 ms by bot id=8976652462
2026.09.30 12:54:49 aiogram.event        INFO     Update id=875901149 is not handled. Duration 19 ms by bot id=8976652462
2026.09.30 12:54:49 aiogram.event        INFO     Update id=875901148 is not handled. Duration 20 ms by bot id=8976652462
2026.09.30 12:54:49 aiogram.event        INFO     Update id=875901147 is not handled. Duration 20 ms by bot id=8976652462
2026.09.30 12:54:49 aiogram.event        INFO     Update id=875901158 is not handled. Duration 19 ms by bot id=8976652462
2026.09.30 12:54:49 aiogram.event        INFO     Update id=875901146 is not handled. Duration 21 ms by bot id=8976652462
2026.09.30 12:54:49 aiogram.event        INFO     Update id=875901150 is not handled. Duration 21 ms by bot id=8976652462
2026.09.30 12:54:49 aiogram.event        INFO     Update id=875901164 is not handled. Duration 19 ms by bot id=8976652462
2026.09.30 12:55:08 aiogram.event        INFO     Update id=875901168 is not handled. Duration 0 ms by bot id=8976652462
2026.09.30 12:55:08 aiogram.event        INFO     Update id=875901169 is not handled. Duration 1 ms by bot id=8976652462
2026.09.30 12:55:13 aiogram.event        INFO     Update id=875901170 is handled. Duration 0 ms by bot id=8976652462
2026.09.30 12:55:17 aiogram.event        INFO     Update id=875901171 is handled. Duration 800 ms by bot id=8976652462
2026.09.30 12:55:17 aiogram.event        INFO     Update id=875901172 is handled. Duration 801 ms by bot id=8976652462
2026.09.30 12:55:18 core.webprofile      INFO     firefox brauzerindən cookies istifadə edilir.
2026.09.30 12:55:18 core.webprofile      INFO     Seçilmiş User-Agent: Mozilla/5.0 (Linux; Android 14; Pixel 8 Pro) AppleWebKit/537.36 (KHTML, like Gecko) Chrome/122.0.0.0 Mobile Safari/537.36
2026.09.30 12:55:20 core.webprofile      INFO     firefox brauzerindən cookies istifadə edilir.
2026.09.30 12:55:20 core.webprofile      INFO     Seçilmiş User-Agent: Mozilla/5.0 (Linux; Android 14; SM-G998B) AppleWebKit/537.36 (KHTML, like Gecko) Chrome/122.0.0.0 Mobile Safari/537.36
2026.09.30 12:55:23 aiogram.event        INFO     Update id=875901173 is handled. Duration 5987 ms by bot id=8976652462
2026.09.30 12:55:23 aiogram.event        INFO     Update id=875901174 is handled. Duration 4389 ms by bot id=8976652462
2026.09.30 12:55:26 aiogram.event        INFO     Update id=875901175 is handled. Duration 55 ms by bot id=8976652462
2026.09.30 12:55:28 aiogram.event        INFO     Update id=875901176 is handled. Duration 40 ms by bot id=8976652462
2026.09.30 12:57:14 core.webprofile      INFO     firefox brauzerindən cookies istifadə edilir.
2026.09.30 12:57:14 core.webprofile      INFO     Seçilmiş User-Agent: Mozilla/5.0 (Windows NT 10.0; Win64; x64) AppleWebKit/537.36 (KHTML, like Gecko) Edge/120.0.0.0 Safari/537.36
2026.09.30 12:57:16 aiogram.event        INFO     Update id=875901177 is handled. Duration 2484 ms by bot id=8976652462
2026.09.30 12:57:16 aiogram.event        INFO     Update id=875901178 is handled. Duration 17 ms by bot id=8976652462
2026.09.30 12:57:18 aiogram.event        INFO     Update id=875901180 is handled. Duration 61 ms by bot id=8976652462
2026.09.30 12:57:18 core.webprofile      INFO     firefox brauzerindən cookies istifadə edilir.
2026.09.30 12:57:18 core.webprofile      INFO     Seçilmiş User-Agent: Mozilla/5.0 (Linux; Android 14; Pixel 8 Pro) AppleWebKit/537.36 (KHTML, like Gecko) Chrome/122.0.0.0 Mobile Safari/537.36
2026.09.30 12:57:25 aiogram.event        INFO     Update id=875901179 is handled. Duration 7099 ms by bot id=8976652462
2026.09.30 12:57:27 aiogram.event        INFO     Update id=875901181 is handled. Duration 38 ms by bot id=8976652462
2026.09.30 12:57:29 aiogram.event        INFO     Update id=875901182 is handled. Duration 163 ms by bot id=8976652462
2026.09.30 12:57:37 core.webprofile      INFO     firefox brauzerindən cookies istifadə edilir.
2026.09.30 12:57:37 core.webprofile      INFO     Seçilmiş User-Agent: Mozilla/5.0 (Linux; Android 14; SM-G998B) AppleWebKit/537.36 (KHTML, like Gecko) Chrome/122.0.0.0 Mobile Safari/537.36
2026.09.30 12:57:40 aiogram.event        INFO     Update id=875901183 is handled. Duration 3407 ms by bot id=8976652462
2026.09.30 12:57:43 core.webprofile      INFO     firefox brauzerindən cookies istifadə edilir.
2026.09.30 12:57:43 core.webprofile      INFO     Seçilmiş User-Agent: Mozilla/5.0 (X11; Linux x86_64) AppleWebKit/537.36 (KHTML, like Gecko) Chrome/122.0.0.0 Safari/537.36
2026.09.30 12:57:43 core.youtube_handler INFO     Yükləmə cəhdi: cookies + default client
2026.09.30 12:58:08 aiogram.event        INFO     Update id=875901184 is handled. Duration 25726 ms by bot id=8976652462
2026.09.30 12:58:45 core.webprofile      INFO     firefox brauzerindən cookies istifadə edilir.
2026.09.30 12:58:45 core.webprofile      INFO     Seçilmiş User-Agent: Mozilla/5.0 (iPad; CPU OS 17_2 like Mac OS X) AppleWebKit/605.1.15 (KHTML, like Gecko) Version/17.2 Mobile/15E148 Safari/604.1
2026.09.30 12:58:49 aiogram.event        INFO     Update id=875901185 is handled. Duration 3852 ms by bot id=8976652462
2026.09.30 12:58:54 core.webprofile      INFO     firefox brauzerindən cookies istifadə edilir.
2026.09.30 12:58:54 core.webprofile      INFO     Seçilmiş User-Agent: Mozilla/5.0 (Macintosh; Intel Mac OS X 10_15_7) AppleWebKit/537.36 (KHTML, like Gecko) Chrome/122.0.0.0 Safari/537.36
2026.09.30 12:58:54 core.youtube_handler INFO     Yükləmə cəhdi: cookies + default client
2026.09.30 12:59:10 aiogram.event        INFO     Update id=875901186 is handled. Duration 16184 ms by bot id=8976652462
2026.09.30 12:59:12 core.webprofile      INFO     firefox brauzerindən cookies istifadə edilir.
2026.09.30 12:59:12 core.webprofile      INFO     Seçilmiş User-Agent: Mozilla/5.0 (iPhone; CPU iPhone OS 17_2 like Mac OS X) AppleWebKit/605.1.15 (KHTML, like Gecko) Version/17.2 Mobile/15E148 Safari/604.1
2026.09.30 12:59:14 aiogram.event        INFO     Update id=875901187 is handled. Duration 2593 ms by bot id=8976652462
2026.09.30 12:59:14 aiogram.event        INFO     Update id=875901188 is handled. Duration 38 ms by bot id=8976652462
2026.09.30 12:59:15 aiogram.event        INFO     Update id=875901189 is handled. Duration 18 ms by bot id=8976652462
2026.09.30 12:59:16 aiogram.event        INFO     Update id=875901190 is handled. Duration 24 ms by bot id=8976652462
2026.09.30 12:59:17 aiogram.event        INFO     Update id=875901191 is handled. Duration 20 ms by bot id=8976652462
2026.09.30 12:59:19 core.webprofile      INFO     firefox brauzerindən cookies istifadə edilir.
2026.09.30 12:59:19 core.webprofile      INFO     Seçilmiş User-Agent: Mozilla/5.0 (Windows NT 10.0; Win64; x64) AppleWebKit/537.36 (KHTML, like Gecko) Chrome/122.0.0.0 Safari/537.36
2026.09.30 12:59:19 core.youtube_handler INFO     Yükləmə cəhdi: cookies + default client
2026.09.30 12:59:19 core.webprofile      INFO     firefox brauzerindən cookies istifadə edilir.
2026.09.30 12:59:19 core.webprofile      INFO     Seçilmiş User-Agent: Mozilla/5.0 (Linux; Android 14; Pixel 8 Pro) AppleWebKit/537.36 (KHTML, like Gecko) Chrome/122.0.0.0 Mobile Safari/537.36
2026.09.30 12:59:26 aiogram.event        INFO     Update id=875901192 is handled. Duration 7437 ms by bot id=8976652462
2026.09.30 12:59:37 aiogram.event        INFO     Update id=875901193 is handled. Duration 18312 ms by bot id=8976652462
2026.09.30 13:00:27 core.webprofile      INFO     firefox brauzerindən cookies istifadə edilir.
2026.09.30 13:00:27 core.webprofile      INFO     Seçilmiş User-Agent: Mozilla/5.0 (iPad; CPU OS 17_2 like Mac OS X) AppleWebKit/605.1.15 (KHTML, like Gecko) Version/17.2 Mobile/15E148 Safari/604.1
2026.09.30 13:00:30 aiogram.event        INFO     Update id=875901194 is handled. Duration 2475 ms by bot id=8976652462
2026.09.30 13:00:30 aiogram.event        INFO     Update id=875901195 is handled. Duration 48 ms by bot id=8976652462
2026.09.30 13:00:33 core.webprofile      INFO     firefox brauzerindən cookies istifadə edilir.
2026.09.30 13:00:33 core.webprofile      INFO     Seçilmiş User-Agent: Mozilla/5.0 (Linux; Android 14; Pixel 8 Pro) AppleWebKit/537.36 (KHTML, like Gecko) Chrome/122.0.0.0 Mobile Safari/537.36
2026.09.30 13:00:33 core.youtube_handler INFO     Yükləmə cəhdi: cookies + default client
2026.09.30 13:00:37 aiogram.event        INFO     Update id=875901197 is handled. Duration 64 ms by bot id=8976652462
2026.09.30 13:00:39 core.webprofile      INFO     firefox brauzerindən cookies istifadə edilir.
2026.09.30 13:00:39 core.webprofile      INFO     Seçilmiş User-Agent: Mozilla/5.0 (Windows NT 10.0; Win64; x64; rv:120.0) Gecko/20100101 Firefox/120.0
2026.09.30 13:00:39 core.youtube_handler INFO     Yükləmə cəhdi: cookies + default client
2026.09.30 13:00:49 aiogram.event        INFO     Update id=875901200 is handled. Duration 140 ms by bot id=8976652462
2026.09.30 13:00:54 core.webprofile      INFO     firefox brauzerindən cookies istifadə edilir.
2026.09.30 13:00:54 core.webprofile      INFO     Seçilmiş User-Agent: Mozilla/5.0 (Linux; Android 14; SM-G998B) AppleWebKit/537.36 (KHTML, like Gecko) Chrome/122.0.0.0 Mobile Safari/537.36
2026.09.30 13:00:54 core.youtube_handler INFO     Yükləmə cəhdi: cookies + default client
2026.09.30 13:00:56 aiogram.event        INFO     Update id=875901201 is handled. Duration 62 ms by bot id=8976652462
2026.09.30 13:00:57 aiogram.event        INFO     Update id=875901196 is handled. Duration 23831 ms by bot id=8976652462
2026.09.30 13:01:01 core.webprofile      INFO     firefox brauzerindən cookies istifadə edilir.
2026.09.30 13:01:01 core.webprofile      INFO     Seçilmiş User-Agent: Mozilla/5.0 (iPhone; CPU iPhone OS 17_2 like Mac OS X) AppleWebKit/605.1.15 (KHTML, like Gecko) Version/17.2 Mobile/15E148 Safari/604.1
2026.09.30 13:01:01 core.youtube_handler INFO     Yükləmə cəhdi: cookies + default client
2026.09.30 13:01:01 core.webprofile      INFO     firefox brauzerindən cookies istifadə edilir.
2026.09.30 13:01:01 core.webprofile      INFO     Seçilmiş User-Agent: Mozilla/5.0 (Windows NT 10.0; Win64; x64; rv:120.0) Gecko/20100101 Firefox/120.0
2026.09.30 13:01:02 aiogram.event        INFO     Update id=875901198 is handled. Duration 23267 ms by bot id=8976652462
2026.09.30 13:01:05 aiogram.event        INFO     Update id=875901203 is handled. Duration 3676 ms by bot id=8976652462
2026.09.30 13:01:05 aiogram.event        INFO     Update id=875901204 is handled. Duration 29 ms by bot id=8976652462
2026.09.30 13:01:06 aiogram.event        INFO     Update id=875901205 is handled. Duration 26 ms by bot id=8976652462
2026.09.30 13:01:17 core.webprofile      INFO     firefox brauzerindən cookies istifadə edilir.
2026.09.30 13:01:17 core.webprofile      INFO     Seçilmiş User-Agent: Mozilla/5.0 (iPhone; CPU iPhone OS 17_2 like Mac OS X) AppleWebKit/605.1.15 (KHTML, like Gecko) Version/17.2 Mobile/15E148 Safari/604.1
2026.09.30 13:01:17 core.youtube_handler INFO     Yükləmə cəhdi: cookies + default client
2026.09.30 13:01:20 aiogram.event        INFO     Update id=875901199 is handled. Duration 34492 ms by bot id=8976652462
2026.09.30 13:01:20 core.webprofile      INFO     firefox brauzerindən cookies istifadə edilir.
2026.09.30 13:01:20 core.webprofile      INFO     Seçilmiş User-Agent: Mozilla/5.0 (Windows NT 10.0; Win64; x64; rv:120.0) Gecko/20100101 Firefox/120.0
2026.09.30 13:01:23 aiogram.event        INFO     Update id=875901207 is handled. Duration 3389 ms by bot id=8976652462
2026.09.30 13:01:23 aiogram.event        INFO     Update id=875901208 is handled. Duration 37 ms by bot id=8976652462
2026.09.30 13:01:25 aiogram.event        INFO     Update id=875901209 is handled. Duration 22 ms by bot id=8976652462
2026.09.30 13:01:32 core.webprofile      INFO     firefox brauzerindən cookies istifadə edilir.
2026.09.30 13:01:32 core.webprofile      INFO     Seçilmiş User-Agent: Mozilla/5.0 (Macintosh; Intel Mac OS X 10_15_7) AppleWebKit/537.36 (KHTML, like Gecko) Chrome/122.0.0.0 Safari/537.36
2026.09.30 13:01:32 core.youtube_handler INFO     Yükləmə cəhdi: cookies + default client
2026.09.30 13:01:34 aiogram.event        INFO     Update id=875901202 is handled. Duration 35589 ms by bot id=8976652462
2026.09.30 13:01:35 core.webprofile      INFO     firefox brauzerindən cookies istifadə edilir.
2026.09.30 13:01:35 core.webprofile      INFO     Seçilmiş User-Agent: Mozilla/5.0 (Linux; Android 14; SM-G998B) AppleWebKit/537.36 (KHTML, like Gecko) Chrome/122.0.0.0 Mobile Safari/537.36
2026.09.30 13:01:35 core.youtube_handler INFO     Yükləmə cəhdi: cookies + default client
2026.09.30 13:01:36 core.webprofile      INFO     firefox brauzerindən cookies istifadə edilir.
2026.09.30 13:01:36 core.webprofile      INFO     Seçilmiş User-Agent: Mozilla/5.0 (Windows NT 10.0; Win64; x64) AppleWebKit/537.36 (KHTML, like Gecko) Edge/120.0.0.0 Safari/537.36
2026.09.30 13:01:37 aiogram.event        INFO     Update id=875901206 is handled. Duration 27031 ms by bot id=8976652462
2026.09.30 13:01:39 aiogram.event        INFO     Update id=875901212 is handled. Duration 2687 ms by bot id=8976652462
2026.09.30 13:01:39 aiogram.event        INFO     Update id=875901213 is handled. Duration 34 ms by bot id=8976652462
2026.09.30 13:01:40 aiogram.event        INFO     Update id=875901214 is handled. Duration 36 ms by bot id=8976652462
2026.09.30 13:01:40 aiogram.event        INFO     Update id=875901215 is handled. Duration 32 ms by bot id=8976652462
2026.09.30 13:01:40 aiogram.event        INFO     Update id=875901217 is handled. Duration 41 ms by bot id=8976652462
2026.09.30 13:01:40 aiogram.event        INFO     Update id=875901216 is handled. Duration 51 ms by bot id=8976652462
2026.09.30 13:01:51 core.webprofile      INFO     firefox brauzerindən cookies istifadə edilir.
2026.09.30 13:01:51 core.webprofile      INFO     Seçilmiş User-Agent: Mozilla/5.0 (Linux; Android 14; SM-G998B) AppleWebKit/537.36 (KHTML, like Gecko) Chrome/122.0.0.0 Mobile Safari/537.36
2026.09.30 13:01:51 core.youtube_handler INFO     Yükləmə cəhdi: cookies + default client
2026.09.30 13:01:53 aiogram.event        INFO     Update id=875901211 is handled. Duration 20668 ms by bot id=8976652462
2026.09.30 13:01:54 aiogram.event        INFO     Update id=875901210 is handled. Duration 26981 ms by bot id=8976652462
2026.09.30 13:01:57 aiogram.event        INFO     Update id=875901219 is handled. Duration 0 ms by bot id=8976652462
2026.09.30 13:02:00 aiogram.event        INFO     Update id=875901220 is handled. Duration 0 ms by bot id=8976652462
2026.09.30 13:02:02 core.webprofile      INFO     firefox brauzerindən cookies istifadə edilir.
2026.09.30 13:02:02 core.webprofile      INFO     Seçilmiş User-Agent: Mozilla/5.0 (Macintosh; Intel Mac OS X 10_15_7) AppleWebKit/537.36 (KHTML, like Gecko) Chrome/122.0.0.0 Safari/537.36
2026.09.30 13:02:03 aiogram.event        INFO     Update id=875901222 is handled. Duration 801 ms by bot id=8976652462
2026.09.30 13:02:03 aiogram.event        INFO     Update id=875901223 is handled. Duration 801 ms by bot id=8976652462
2026.09.30 13:02:04 core.webprofile      INFO     firefox brauzerindən cookies istifadə edilir.
2026.09.30 13:02:04 core.webprofile      INFO     Seçilmiş User-Agent: Mozilla/5.0 (Windows NT 10.0; Win64; x64; rv:120.0) Gecko/20100101 Firefox/120.0
2026.09.30 13:02:06 aiogram.event        INFO     Update id=875901224 is handled. Duration 3348 ms by bot id=8976652462
2026.09.30 13:02:06 aiogram.event        INFO     Update id=875901218 is handled. Duration 18605 ms by bot id=8976652462
2026.09.30 13:02:10 aiogram.event        INFO     Update id=875901221 is handled. Duration 9087 ms by bot id=8976652462
2026.09.30 13:02:12 core.webprofile      INFO     firefox brauzerindən cookies istifadə edilir.
2026.09.30 13:02:12 core.webprofile      INFO     Seçilmiş User-Agent: Mozilla/5.0 (X11; Ubuntu; Linux x86_64; rv:120.0) Gecko/20100101 Firefox/120.0
2026.09.30 13:02:12 core.youtube_handler INFO     Yükləmə cəhdi: cookies + default client
2026.09.30 13:02:35 aiogram.event        INFO     Update id=875901225 is handled. Duration 23409 ms by bot id=8976652462
2026.09.30 13:03:09 core.webprofile      INFO     firefox brauzerindən cookies istifadə edilir.
2026.09.30 13:03:09 core.webprofile      INFO     Seçilmiş User-Agent: Mozilla/5.0 (iPad; CPU OS 17_2 like Mac OS X) AppleWebKit/605.1.15 (KHTML, like Gecko) Version/17.2 Mobile/15E148 Safari/604.1
2026.09.30 13:03:12 aiogram.event        INFO     Update id=875901226 is handled. Duration 2960 ms by bot id=8976652462
2026.09.30 13:03:13 aiogram.event        INFO     Update id=875901227 is handled. Duration 42 ms by bot id=8976652462
2026.09.30 13:03:14 aiogram.event        INFO     Update id=875901228 is handled. Duration 18 ms by bot id=8976652462
2026.09.30 13:03:16 aiogram.event        INFO     Update id=875901229 is handled. Duration 110 ms by bot id=8976652462
2026.09.30 13:03:19 aiogram.event        INFO     Update id=875901230 is handled. Duration 30 ms by bot id=8976652462
2026.09.30 13:03:21 core.webprofile      INFO     firefox brauzerindən cookies istifadə edilir.
2026.09.30 13:03:21 core.webprofile      INFO     Seçilmiş User-Agent: Mozilla/5.0 (Linux; Android 14; SM-G998B) AppleWebKit/537.36 (KHTML, like Gecko) Chrome/122.0.0.0 Mobile Safari/537.36
2026.09.30 13:03:21 core.youtube_handler INFO     Yükləmə cəhdi: cookies + default client
2026.09.30 13:03:40 aiogram.event        INFO     Update id=875901231 is handled. Duration 19233 ms by bot id=8976652462
2026.09.30 13:18:37 core.webprofile      INFO     firefox brauzerindən cookies istifadə edilir.
2026.09.30 13:18:37 core.webprofile      INFO     Seçilmiş User-Agent: Mozilla/5.0 (X11; Linux x86_64) AppleWebKit/537.36 (KHTML, like Gecko) Chrome/122.0.0.0 Safari/537.36
2026.09.30 13:18:40 aiogram.event        INFO     Update id=875901232 is handled. Duration 3018 ms by bot id=8976652462
2026.09.30 13:18:41 aiogram.event        INFO     Update id=875901233 is handled. Duration 26 ms by bot id=8976652462
2026.09.30 13:18:44 aiogram.event        INFO     Update id=875901234 is handled. Duration 29 ms by bot id=8976652462
2026.09.30 13:18:45 aiogram.event        INFO     Update id=875901235 is handled. Duration 17 ms by bot id=8976652462
2026.09.30 13:18:46 aiogram.event        INFO     Update id=875901236 is handled. Duration 21 ms by bot id=8976652462
2026.09.30 13:19:11 core.webprofile      INFO     firefox brauzerindən cookies istifadə edilir.
2026.09.30 13:19:11 core.webprofile      INFO     Seçilmiş User-Agent: Mozilla/5.0 (Windows NT 10.0; Win64; x64) AppleWebKit/537.36 (KHTML, like Gecko) Chrome/122.0.0.0 Safari/537.36
2026.09.30 13:19:14 aiogram.event        INFO     Update id=875901237 is handled. Duration 2797 ms by bot id=8976652462
2026.09.30 13:19:15 aiogram.event        INFO     Update id=875901238 is handled. Duration 38 ms by bot id=8976652462
2026.09.30 13:19:16 aiogram.event        INFO     Update id=875901239 is handled. Duration 18 ms by bot id=8976652462
2026.09.30 13:19:19 core.webprofile      INFO     firefox brauzerindən cookies istifadə edilir.
2026.09.30 13:19:19 core.webprofile      INFO     Seçilmiş User-Agent: Mozilla/5.0 (Windows NT 10.0; Win64; x64; rv:120.0) Gecko/20100101 Firefox/120.0
2026.09.30 13:19:19 core.youtube_handler INFO     Yükləmə cəhdi: cookies + default client
2026.09.30 13:19:22 aiogram.event        INFO     Update id=875901241 is handled. Duration 76 ms by bot id=8976652462
2026.09.30 13:19:24 core.webprofile      INFO     firefox brauzerindən cookies istifadə edilir.
2026.09.30 13:19:24 core.webprofile      INFO     Seçilmiş User-Agent: Mozilla/5.0 (iPad; CPU OS 17_2 like Mac OS X) AppleWebKit/605.1.15 (KHTML, like Gecko) Version/17.2 Mobile/15E148 Safari/604.1
2026.09.30 13:19:24 core.youtube_handler INFO     Yükləmə cəhdi: cookies + default client
2026.09.30 13:19:36 aiogram.event        INFO     Update id=875901240 is handled. Duration 16748 ms by bot id=8976652462
2026.09.30 13:19:43 aiogram.event        INFO     Update id=875901242 is handled. Duration 19000 ms by bot id=8976652462
2026.09.30 13:22:31 aiogram.dispatcher   WARNING  Received SIGINT signal
2026.09.30 13:22:31 aiogram.dispatcher   INFO     Polling stopped for bot @dllmasterbot id=8976652462 - 'DLLMaster'
2026.09.30 13:22:31 aiogram.dispatcher   INFO     Polling stopped
2026.09.30 13:22:31 __main__             INFO     🛑 Polling stopped
2026.09.30 13:22:31 __main__             INFO     🔴 Bot stopped
2026.09.30 13:22:37 __main__             INFO     🤖 Starting bot...
2026.09.30 13:22:37 __main__             INFO     🚀 Starting bot initialization...
2026.09.30 13:22:38 core.spotify_handler INFO     Spotify API connection established.
2026.09.30 13:22:38 __main__             INFO     ✅ Spotify service initialized
2026.09.30 13:22:38 core.webprofile      INFO     Seçilmiş User-Agent: Mozilla/5.0 (Macintosh; Intel Mac OS X 10_15_7) AppleWebKit/537.36 (KHTML, like Gecko) Chrome/122.0.0.0 Safari/537.36
2026.09.30 13:22:38 core.youtube_handler INFO     firefox brauzerindən cookies istifadə edilir.
2026.09.30 13:22:38 __main__             INFO     ✅ YouTube services initialized (firefox)
2026.09.30 13:22:38 __main__             INFO     🔌 Loading plugins...
2026.09.30 13:22:38 core.utilities       INFO     🔍 Scanning plugins in: /home/admin/dlmaster/plugins
2026.09.30 13:22:38 core.utilities       INFO     🔄 Loading: plugins.audio_editor_plugin
2026.09.30 13:22:38 core.utilities       INFO     🔄 Loading: plugins.menu_plugin
2026.09.30 13:22:38 core.utilities       INFO     🔄 Loading: plugins.music_plugin
2026.09.30 13:22:38 core.utilities       INFO     🔄 Loading: plugins.spotify_plugin
2026.09.30 13:22:38 core.utilities       INFO     🔄 Loading: plugins.start_plugin
2026.09.30 13:22:38 core.utilities       INFO     🔄 Loading: plugins.youtube_plugin
2026.09.30 13:22:38 core.utilities       INFO     ✅ Loaded: plugins.audio_editor_plugin
2026.09.30 13:22:38 plugins.menu_plugin  INFO     ✅ Menu plugin yükləndi
2026.09.30 13:22:38 core.utilities       INFO     ✅ Loaded: plugins.menu_plugin
2026.09.30 13:22:38 core.utilities       INFO     ✅ Loaded: plugins.music_plugin
2026.09.30 13:22:38 core.utilities       INFO     ✅ Loaded: plugins.spotify_plugin
2026.09.30 13:22:38 plugins.start_plugin WARNING  Default admin yetkiləri təyin edilmədi: 4 validation errors for ChatAdministratorRights
can_post_stories
  Field required [type=missing, input_value={'is_anonymous': False, '...can_pin_messages': True}, input_type=dict]
    For further information visit https://errors.pydantic.dev/2.13/v/missing
can_edit_stories
  Field required [type=missing, input_value={'is_anonymous': False, '...can_pin_messages': True}, input_type=dict]
    For further information visit https://errors.pydantic.dev/2.13/v/missing
can_delete_stories
  Field required [type=missing, input_value={'is_anonymous': False, '...can_pin_messages': True}, input_type=dict]
    For further information visit https://errors.pydantic.dev/2.13/v/missing
can_send_welcome_messages
  Field required [type=missing, input_value={'is_anonymous': False, '...can_pin_messages': True}, input_type=dict]
    For further information visit https://errors.pydantic.dev/2.13/v/missing
2026.09.30 13:22:38 plugins.start_plugin INFO     ✅ Start plugin yükləndi
2026.09.30 13:22:38 core.utilities       INFO     ✅ Loaded: plugins.start_plugin
2026.09.30 13:22:38 core.utilities       INFO     ✅ Loaded: plugins.youtube_plugin
2026.09.30 13:22:38 __main__             INFO     🚀 Starting polling...
2026.09.30 13:22:38 aiogram.dispatcher   INFO     Start polling
2026.09.30 13:22:38 aiogram.dispatcher   INFO     Run polling for bot @dllmasterbot id=8976652462 - 'DLLMaster'
2026.09.30 13:22:59 core.utilities       INFO     User 8502974425 executed command: /menu
2026.09.30 13:23:00 aiogram.event        INFO     Update id=875901243 is handled. Duration 69 ms by bot id=8976652462
2026.09.30 13:23:07 aiogram.event        INFO     Update id=875901244 is handled. Duration 5077 ms by bot id=8976652462
2026.09.30 13:23:14 aiogram.event        INFO     Update id=875901245 is handled. Duration 77 ms by bot id=8976652462
2026.09.30 13:23:15 aiogram.event        INFO     Update id=875901246 is handled. Duration 177 ms by bot id=8976652462
2026.09.30 13:23:23 aiogram.event        INFO     Update id=875901247 is handled. Duration 55 ms by bot id=8976652462
2026.09.30 13:23:24 aiogram.event        INFO     Update id=875901248 is handled. Duration 48 ms by bot id=8976652462
2026.09.30 13:23:31 aiogram.event        INFO     Update id=875901249 is handled. Duration 96 ms by bot id=8976652462
2026.09.30 13:23:35 aiogram.event        INFO     Update id=875901250 is handled. Duration 57 ms by bot id=8976652462
2026.09.30 13:23:37 aiogram.event        INFO     Update id=875901251 is handled. Duration 269 ms by bot id=8976652462
2026.09.30 13:23:43 aiogram.event        INFO     Update id=875901252 is handled. Duration 235 ms by bot id=8976652462
2026.09.30 13:24:18 plugins.start_plugin INFO     🔄 Bot status dəyişikliyi: kicked -> administrator | Chat: playlist (-1003771134293)
2026.09.30 13:24:18 aiogram.event        INFO     Update id=875901254 is not handled. Duration 1 ms by bot id=8976652462
2026.09.30 13:24:19 plugins.start_plugin INFO     ✅ Qrup salam mesajı göndərildi: playlist
2026.09.30 13:24:19 aiogram.event        INFO     Update id=875901253 is handled. Duration 1013 ms by bot id=8976652462
2026.09.30 13:24:42 aiogram.event        INFO     Update id=875901255 is not handled. Duration 1 ms by bot id=8976652462
2026.09.30 13:25:07 aiogram.event        INFO     Update id=875901256 is not handled. Duration 0 ms by bot id=8976652462
2026.09.30 13:25:07 aiogram.event        INFO     Update id=875901257 is not handled. Duration 1 ms by bot id=8976652462
2026.09.30 13:25:30 plugins.start_plugin INFO     🔄 Bot status dəyişikliyi: left -> member | Chat: playlist (-1003771134293)
2026.09.30 13:25:30 aiogram.event        INFO     Update id=875901259 is not handled. Duration 2 ms by bot id=8976652462
2026.09.30 13:25:30 plugins.start_plugin WARNING  GIF göndərilmədi, mətnlə davam edilir: Telegram server says - Bad Request: not enough rights to send animations to the chat
2026.09.30 13:25:30 plugins.start_plugin ERROR    ❌ Qrup salam mesajı göndərilmədi: Telegram server says - Bad Request: not enough rights to send text messages to the chat
2026.09.30 13:25:30 aiogram.event        INFO     Update id=875901258 is handled. Duration 77 ms by bot id=8976652462
2026.09.30 13:25:53 aiogram.event        INFO     Update id=875901260 is handled. Duration 0 ms by bot id=8976652462
2026.09.30 13:37:21 aiogram.dispatcher   WARNING  Received SIGINT signal
2026.09.30 13:37:21 aiogram.dispatcher   INFO     Polling stopped for bot @dllmasterbot id=8976652462 - 'DLLMaster'
2026.09.30 13:37:21 aiogram.dispatcher   INFO     Polling stopped
2026.09.30 13:37:21 __main__             INFO     🛑 Polling stopped
2026.09.30 13:37:21 __main__             INFO     🔴 Bot stopped
2026.09.30 13:39:22 __main__             INFO     🤖 Starting bot...
2026.09.30 13:39:22 __main__             INFO     🚀 Starting bot initialization...
2026.09.30 13:39:22 core.spotify_handler INFO     Spotify API connection established.
2026.09.30 13:39:22 __main__             INFO     ✅ Spotify service initialized
2026.09.30 13:39:22 core.webprofile      INFO     Seçilmiş User-Agent: Mozilla/5.0 (Windows NT 10.0; Win64; x64) AppleWebKit/537.36 (KHTML, like Gecko) Chrome/122.0.0.0 Safari/537.36
2026.09.30 13:39:22 core.youtube_handler INFO     firefox brauzerindən cookies istifadə edilir.
2026.09.30 13:39:22 __main__             INFO     ✅ YouTube services initialized (firefox)
2026.09.30 13:39:22 __main__             INFO     🔌 Loading plugins...
2026.09.30 13:39:22 core.utilities       INFO     🔍 Scanning plugins in: /home/admin/dlmaster/plugins
2026.09.30 13:39:22 core.utilities       INFO     🔄 Loading: plugins.audio_editor_plugin
2026.09.30 13:39:22 core.utilities       INFO     🔄 Loading: plugins.menu_plugin
2026.09.30 13:39:22 core.utilities       INFO     🔄 Loading: plugins.music_plugin
2026.09.30 13:39:22 core.utilities       INFO     🔄 Loading: plugins.spotify_plugin
2026.09.30 13:39:22 core.utilities       INFO     🔄 Loading: plugins.start_plugin
2026.09.30 13:39:22 core.utilities       INFO     🔄 Loading: plugins.youtube_plugin
2026.09.30 13:39:22 core.utilities       INFO     ✅ Loaded: plugins.audio_editor_plugin
2026.09.30 13:39:22 plugins.menu_plugin  INFO     ✅ Menu plugin yükləndi
2026.09.30 13:39:22 core.utilities       INFO     ✅ Loaded: plugins.menu_plugin
2026.09.30 13:39:22 core.utilities       INFO     ✅ Loaded: plugins.music_plugin
2026.09.30 13:39:22 core.utilities       INFO     ✅ Loaded: plugins.spotify_plugin
2026.09.30 13:39:22 plugins.start_plugin WARNING  Default admin yetkiləri təyin edilmədi: 4 validation errors for ChatAdministratorRights
can_post_stories
  Field required [type=missing, input_value={'is_anonymous': False, '...can_pin_messages': True}, input_type=dict]
    For further information visit https://errors.pydantic.dev/2.13/v/missing
can_edit_stories
  Field required [type=missing, input_value={'is_anonymous': False, '...can_pin_messages': True}, input_type=dict]
    For further information visit https://errors.pydantic.dev/2.13/v/missing
can_delete_stories
  Field required [type=missing, input_value={'is_anonymous': False, '...can_pin_messages': True}, input_type=dict]
    For further information visit https://errors.pydantic.dev/2.13/v/missing
can_send_welcome_messages
  Field required [type=missing, input_value={'is_anonymous': False, '...can_pin_messages': True}, input_type=dict]
    For further information visit https://errors.pydantic.dev/2.13/v/missing
2026.09.30 13:39:22 plugins.start_plugin INFO     ✅ Start plugin yükləndi
2026.09.30 13:39:22 core.utilities       INFO     ✅ Loaded: plugins.start_plugin
2026.09.30 13:39:22 core.utilities       INFO     ✅ Loaded: plugins.youtube_plugin
2026.09.30 13:39:22 __main__             INFO     🚀 Starting polling...
2026.09.30 13:39:22 aiogram.dispatcher   INFO     Start polling
2026.09.30 13:39:22 aiogram.dispatcher   INFO     Run polling for bot @dllmasterbot id=8976652462 - 'DLLMaster'
2026.09.30 13:39:56 aiogram.event        INFO     Update id=875901261 is handled. Duration 0 ms by bot id=8976652462
2026.09.30 13:39:58 core.webprofile      INFO     firefox brauzerindən cookies istifadə edilir.
2026.09.30 13:39:58 core.webprofile      INFO     Seçilmiş User-Agent: Mozilla/5.0 (Linux; Android 14; SM-G998B) AppleWebKit/537.36 (KHTML, like Gecko) Chrome/122.0.0.0 Mobile Safari/537.36
2026.09.30 13:40:01 aiogram.event        INFO     Update id=875901262 is handled. Duration 4137 ms by bot id=8976652462
2026.09.30 13:40:05 core.webprofile      INFO     firefox brauzerindən cookies istifadə edilir.
2026.09.30 13:40:05 core.webprofile      INFO     Seçilmiş User-Agent: Mozilla/5.0 (X11; Linux x86_64) AppleWebKit/537.36 (KHTML, like Gecko) Chrome/122.0.0.0 Safari/537.36
2026.09.30 13:40:05 core.youtube_handler INFO     Yükləmə cəhdi: cookies + default client
2026.09.30 13:40:06 plugins.music_plugin WARNING  Odesli API açar tələb edir (ODESLI_API_KEY). Birbaşa song.link/<url> linki istifadə olunacaq.
2026.09.30 13:40:13 plugins.music_plugin INFO     Metadata (youtube): YouTube - SUDAN PANTOLON
2026.09.30 13:40:14 aiogram.event        INFO     Update id=875901263 is handled. Duration 9075 ms by bot id=8976652462
2026.09.30 13:40:46 aiogram.event        INFO     Update id=875901264 is handled. Duration 0 ms by bot id=8976652462
2026.09.30 13:40:49 aiogram.event        INFO     Update id=875901265 is handled. Duration 0 ms by bot id=8976652462
2026.09.30 13:40:50 core.webprofile      INFO     firefox brauzerindən cookies istifadə edilir.
2026.09.30 13:40:50 core.webprofile      INFO     Seçilmiş User-Agent: Mozilla/5.0 (X11; Ubuntu; Linux x86_64; rv:120.0) Gecko/20100101 Firefox/120.0
2026.09.30 13:40:51 aiogram.event        INFO     Update id=875901267 is handled. Duration 0 ms by bot id=8976652462
2026.09.30 13:40:55 aiogram.event        INFO     Update id=875901268 is handled. Duration 831 ms by bot id=8976652462
2026.09.30 13:40:58 aiogram.event        INFO     Update id=875901266 is handled. Duration 8645 ms by bot id=8976652462
2026.09.30 13:41:08 aiogram.event        INFO     Update id=875901269 is handled. Duration 800 ms by bot id=8976652462
2026.09.30 13:41:08 core.webprofile      INFO     firefox brauzerindən cookies istifadə edilir.
2026.09.30 13:41:08 core.webprofile      INFO     Seçilmiş User-Agent: Mozilla/5.0 (Linux; Android 14; SM-G998B) AppleWebKit/537.36 (KHTML, like Gecko) Chrome/122.0.0.0 Mobile Safari/537.36
2026.09.30 13:41:10 core.webprofile      INFO     firefox brauzerindən cookies istifadə edilir.
2026.09.30 13:41:10 core.webprofile      INFO     Seçilmiş User-Agent: Mozilla/5.0 (Windows NT 10.0; Win64; x64; rv:120.0) Gecko/20100101 Firefox/120.0
2026.09.30 13:41:12 aiogram.event        INFO     Update id=875901270 is handled. Duration 4305 ms by bot id=8976652462
2026.09.30 13:41:13 aiogram.event        INFO     Update id=875901271 is handled. Duration 3822 ms by bot id=8976652462
2026.09.30 13:41:16 core.webprofile      INFO     firefox brauzerindən cookies istifadə edilir.
2026.09.30 13:41:16 core.webprofile      INFO     Seçilmiş User-Agent: Mozilla/5.0 (Linux; Android 14; Pixel 8 Pro) AppleWebKit/537.36 (KHTML, like Gecko) Chrome/122.0.0.0 Mobile Safari/537.36
2026.09.30 13:41:16 core.youtube_handler INFO     Yükləmə cəhdi: cookies + default client
2026.09.30 13:41:30 plugins.music_plugin INFO     Metadata (youtube): Şam - Zamansız
2026.09.30 13:41:31 aiogram.event        INFO     Update id=875901272 is handled. Duration 14799 ms by bot id=8976652462
2026.09.30 13:42:33 aiogram.event        INFO     Update id=875901273 is handled. Duration 136 ms by bot id=8976652462
2026.09.30 13:42:36 aiogram.event        INFO     Update id=875901274 is handled. Duration 87 ms by bot id=8976652462
2026.09.30 13:44:33 aiogram.event        INFO     Update id=875901275 is handled. Duration 146 ms by bot id=8976652462
2026.09.30 13:44:40 aiogram.event        INFO     Update id=875901276 is handled. Duration 37 ms by bot id=8976652462
2026.09.30 13:44:41 aiogram.event        INFO     Update id=875901277 is handled. Duration 133 ms by bot id=8976652462
2026.09.30 13:48:52 aiogram.dispatcher   WARNING  Received SIGINT signal
2026.09.30 13:48:52 aiogram.dispatcher   INFO     Polling stopped for bot @dllmasterbot id=8976652462 - 'DLLMaster'
2026.09.30 13:48:52 aiogram.dispatcher   INFO     Polling stopped
2026.09.30 13:48:52 __main__             INFO     🛑 Polling stopped
2026.09.30 13:48:52 __main__             INFO     🔴 Bot stopped
2026.09.30 13:49:15 __main__             INFO     🤖 Starting bot...
2026.09.30 13:49:15 __main__             INFO     🚀 Starting bot initialization...
2026.09.30 13:49:15 core.spotify_handler INFO     Spotify API connection established.
2026.09.30 13:49:15 __main__             INFO     ✅ Spotify service initialized
2026.09.30 13:49:15 core.webprofile      INFO     Seçilmiş User-Agent: Mozilla/5.0 (X11; Ubuntu; Linux x86_64; rv:120.0) Gecko/20100101 Firefox/120.0
2026.09.30 13:49:15 core.youtube_handler INFO     firefox brauzerindən cookies istifadə edilir.
2026.09.30 13:49:15 __main__             INFO     ✅ YouTube services initialized (firefox)
2026.09.30 13:49:15 __main__             INFO     🔌 Loading plugins...
2026.09.30 13:49:15 core.utilities       INFO     🔍 Scanning plugins in: /home/admin/dlmaster/plugins
2026.09.30 13:49:15 core.utilities       INFO     🔄 Loading: plugins.audio_editor_plugin
2026.09.30 13:49:15 core.utilities       INFO     🔄 Loading: plugins.menu_plugin
2026.09.30 13:49:15 core.utilities       INFO     🔄 Loading: plugins.music_plugin
2026.09.30 13:49:15 core.utilities       INFO     🔄 Loading: plugins.spotify_plugin
2026.09.30 13:49:15 core.utilities       INFO     🔄 Loading: plugins.start_plugin
2026.09.30 13:49:15 core.utilities       INFO     🔄 Loading: plugins.youtube_plugin
2026.09.30 13:49:15 core.utilities       INFO     ✅ Loaded: plugins.audio_editor_plugin
2026.09.30 13:49:15 plugins.menu_plugin  INFO     ✅ Menu plugin yükləndi
2026.09.30 13:49:15 core.utilities       INFO     ✅ Loaded: plugins.menu_plugin
2026.09.30 13:49:15 core.utilities       INFO     ✅ Loaded: plugins.music_plugin
2026.09.30 13:49:15 core.utilities       INFO     ✅ Loaded: plugins.spotify_plugin
2026.09.30 13:49:15 plugins.start_plugin WARNING  Default admin yetkiləri təyin edilmədi: 4 validation errors for ChatAdministratorRights
can_post_stories
  Field required [type=missing, input_value={'is_anonymous': False, '...can_pin_messages': True}, input_type=dict]
    For further information visit https://errors.pydantic.dev/2.13/v/missing
can_edit_stories
  Field required [type=missing, input_value={'is_anonymous': False, '...can_pin_messages': True}, input_type=dict]
    For further information visit https://errors.pydantic.dev/2.13/v/missing
can_delete_stories
  Field required [type=missing, input_value={'is_anonymous': False, '...can_pin_messages': True}, input_type=dict]
    For further information visit https://errors.pydantic.dev/2.13/v/missing
can_send_welcome_messages
  Field required [type=missing, input_value={'is_anonymous': False, '...can_pin_messages': True}, input_type=dict]
    For further information visit https://errors.pydantic.dev/2.13/v/missing
2026.09.30 13:49:15 plugins.start_plugin INFO     ✅ Start plugin yükləndi
2026.09.30 13:49:15 core.utilities       INFO     ✅ Loaded: plugins.start_plugin
2026.09.30 13:49:15 core.utilities       INFO     ✅ Loaded: plugins.youtube_plugin
2026.09.30 13:49:15 __main__             INFO     🚀 Starting polling...
2026.09.30 13:49:15 aiogram.dispatcher   INFO     Start polling
2026.09.30 13:49:15 aiogram.dispatcher   INFO     Run polling for bot @dllmasterbot id=8976652462 - 'DLLMaster'
2026.09.30 13:49:15 core.utilities       INFO     User 8502974425 executed command: /menu
2026.09.30 13:49:15 core.utilities       INFO     User 8502974425 executed command: /menu
2026.09.30 13:49:16 aiogram.event        INFO     Update id=875901278 is handled. Duration 95 ms by bot id=8976652462
2026.09.30 13:49:16 aiogram.event        INFO     Update id=875901279 is handled. Duration 116 ms by bot id=8976652462
2026.09.30 13:49:22 aiogram.event        INFO     Update id=875901280 is handled. Duration 57 ms by bot id=8976652462
2026.09.30 13:49:26 aiogram.event        INFO     Update id=875901281 is handled. Duration 49 ms by bot id=8976652462
2026.09.30 13:49:31 aiogram.event        INFO     Update id=875901282 is handled. Duration 46 ms by bot id=8976652462
2026.09.30 13:49:33 aiogram.event        INFO     Update id=875901283 is handled. Duration 47 ms by bot id=8976652462
2026.09.30 13:49:34 aiogram.event        INFO     Update id=875901284 is handled. Duration 18 ms by bot id=8976652462
2026.09.30 13:49:36 aiogram.event        INFO     Update id=875901285 is handled. Duration 49 ms by bot id=8976652462
2026.09.30 13:49:39 aiogram.event        INFO     Update id=875901286 is handled. Duration 74 ms by bot id=8976652462
2026.09.30 13:49:42 aiogram.event        INFO     Update id=875901287 is handled. Duration 52 ms by bot id=8976652462
2026.09.30 13:49:42 plugins.menu_plugin  INFO     Broadcast bitdi (all): {'ok': 1, 'removed': 0, 'failed': 0}, 1/1
2026.09.30 13:50:19 aiogram.event        INFO     Update id=875901288 is handled. Duration 51 ms by bot id=8976652462
2026.09.30 13:54:57 aiogram.dispatcher   WARNING  Received SIGINT signal
2026.09.30 13:54:57 aiogram.dispatcher   INFO     Polling stopped for bot @dllmasterbot id=8976652462 - 'DLLMaster'
2026.09.30 13:54:57 aiogram.dispatcher   INFO     Polling stopped
2026.09.30 13:54:57 __main__             INFO     🛑 Polling stopped
2026.09.30 13:54:57 __main__             INFO     🔴 Bot stopped
2026.09.30 13:55:04 __main__             INFO     🤖 Starting bot...
2026.09.30 13:55:04 __main__             INFO     🚀 Starting bot initialization...
2026.09.30 13:55:04 core.spotify_handler INFO     Spotify API connection established.
2026.09.30 13:55:04 __main__             INFO     ✅ Spotify service initialized
2026.09.30 13:55:04 core.webprofile      INFO     Seçilmiş User-Agent: Mozilla/5.0 (iPad; CPU OS 17_2 like Mac OS X) AppleWebKit/605.1.15 (KHTML, like Gecko) Version/17.2 Mobile/15E148 Safari/604.1
2026.09.30 13:55:04 core.youtube_handler INFO     firefox brauzerindən cookies istifadə edilir.
2026.09.30 13:55:04 __main__             INFO     ✅ YouTube services initialized (firefox)
2026.09.30 13:55:04 __main__             INFO     🔌 Loading plugins...
2026.09.30 13:55:04 core.utilities       INFO     🔍 Scanning plugins in: /home/admin/dlmaster/plugins
2026.09.30 13:55:04 core.utilities       INFO     🔄 Loading: plugins.audio_editor_plugin
2026.09.30 13:55:04 core.utilities       INFO     🔄 Loading: plugins.menu_plugin
2026.09.30 13:55:04 core.utilities       INFO     🔄 Loading: plugins.music_plugin
2026.09.30 13:55:04 core.utilities       INFO     🔄 Loading: plugins.spotify_plugin
2026.09.30 13:55:04 core.utilities       INFO     🔄 Loading: plugins.start_plugin
2026.09.30 13:55:04 core.utilities       INFO     🔄 Loading: plugins.youtube_plugin
2026.09.30 13:55:04 core.utilities       INFO     ✅ Loaded: plugins.audio_editor_plugin
2026.09.30 13:55:04 plugins.menu_plugin  INFO     ✅ Menu plugin yükləndi
2026.09.30 13:55:04 core.utilities       INFO     ✅ Loaded: plugins.menu_plugin
2026.09.30 13:55:04 core.utilities       INFO     ✅ Loaded: plugins.music_plugin
2026.09.30 13:55:04 core.utilities       INFO     ✅ Loaded: plugins.spotify_plugin
2026.09.30 13:55:04 plugins.start_plugin WARNING  Default admin yetkiləri təyin edilmədi: 4 validation errors for ChatAdministratorRights
can_post_stories
  Field required [type=missing, input_value={'is_anonymous': False, '...can_pin_messages': True}, input_type=dict]
    For further information visit https://errors.pydantic.dev/2.13/v/missing
can_edit_stories
  Field required [type=missing, input_value={'is_anonymous': False, '...can_pin_messages': True}, input_type=dict]
    For further information visit https://errors.pydantic.dev/2.13/v/missing
can_delete_stories
  Field required [type=missing, input_value={'is_anonymous': False, '...can_pin_messages': True}, input_type=dict]
    For further information visit https://errors.pydantic.dev/2.13/v/missing
can_send_welcome_messages
  Field required [type=missing, input_value={'is_anonymous': False, '...can_pin_messages': True}, input_type=dict]
    For further information visit https://errors.pydantic.dev/2.13/v/missing
2026.09.30 13:55:04 plugins.start_plugin INFO     ✅ Start plugin yükləndi
2026.09.30 13:55:04 core.utilities       INFO     ✅ Loaded: plugins.start_plugin
2026.09.30 13:55:04 core.utilities       INFO     ✅ Loaded: plugins.youtube_plugin
2026.09.30 13:55:04 __main__             INFO     🚀 Starting polling...
2026.09.30 13:55:04 aiogram.dispatcher   INFO     Start polling
2026.09.30 13:55:04 aiogram.dispatcher   INFO     Run polling for bot @dllmasterbot id=8976652462 - 'DLLMaster'
2026.09.30 13:55:14 core.utilities       INFO     User 8502974425 executed command: /menu
2026.09.30 13:55:14 aiogram.event        INFO     Update id=875901289 is handled. Duration 66 ms by bot id=8976652462
2026.09.30 13:55:16 aiogram.event        INFO     Update id=875901290 is handled. Duration 70 ms by bot id=8976652462
2026.09.30 13:55:20 core.webprofile      INFO     firefox brauzerindən cookies istifadə edilir.
2026.09.30 13:55:20 core.webprofile      INFO     Seçilmiş User-Agent: Mozilla/5.0 (iPhone; CPU iPhone OS 17_2 like Mac OS X) AppleWebKit/605.1.15 (KHTML, like Gecko) Version/17.2 Mobile/15E148 Safari/604.1
2026.09.30 13:55:24 aiogram.event        INFO     Update id=875901291 is handled. Duration 3303 ms by bot id=8976652462
2026.09.30 13:55:26 core.webprofile      INFO     firefox brauzerindən cookies istifadə edilir.
2026.09.30 13:55:26 core.webprofile      INFO     Seçilmiş User-Agent: Mozilla/5.0 (Windows NT 10.0; Win64; x64) AppleWebKit/537.36 (KHTML, like Gecko) Edge/120.0.0.0 Safari/537.36
2026.09.30 13:55:26 core.youtube_handler INFO     Yükləmə cəhdi: cookies + default client
2026.09.30 13:55:26 plugins.music_plugin WARNING  Odesli API açar tələb edir (ODESLI_API_KEY). Birbaşa song.link/<url> linki istifadə olunacaq.
2026.09.30 13:55:40 plugins.music_plugin INFO     Metadata (youtube): F'Rhyme - Piyada
2026.09.30 13:55:41 aiogram.event        INFO     Update id=875901292 is handled. Duration 15437 ms by bot id=8976652462
2026.09.30 13:55:43 aiogram.event        INFO     Update id=875901293 is handled. Duration 61 ms by bot id=8976652462
2026.09.30 13:55:48 core.webprofile      INFO     firefox brauzerindən cookies istifadə edilir.
2026.09.30 13:55:48 core.webprofile      INFO     Seçilmiş User-Agent: Mozilla/5.0 (Linux; Android 14; Pixel 8 Pro) AppleWebKit/537.36 (KHTML, like Gecko) Chrome/122.0.0.0 Mobile Safari/537.36
2026.09.30 13:55:51 aiogram.event        INFO     Update id=875901294 is handled. Duration 3084 ms by bot id=8976652462
2026.09.30 13:55:54 core.webprofile      INFO     firefox brauzerindən cookies istifadə edilir.
2026.09.30 13:55:54 core.webprofile      INFO     Seçilmiş User-Agent: Mozilla/5.0 (Windows NT 10.0; Win64; x64) AppleWebKit/537.36 (KHTML, like Gecko) Chrome/122.0.0.0 Safari/537.36
2026.09.30 13:55:54 core.youtube_handler INFO     Yükləmə cəhdi: cookies + default client
2026.09.30 13:56:11 plugins.music_plugin INFO     Metadata (youtube): F'Rhyme - Role Modern (UNTITLED TAPE)
2026.09.30 13:56:13 aiogram.event        INFO     Update id=875901295 is handled. Duration 19013 ms by bot id=8976652462
2026.09.30 14:03:12 aiogram.dispatcher   WARNING  Received SIGINT signal
2026.09.30 14:03:12 aiogram.dispatcher   INFO     Polling stopped for bot @dllmasterbot id=8976652462 - 'DLLMaster'
2026.09.30 14:03:12 aiogram.dispatcher   INFO     Polling stopped
2026.09.30 14:03:12 __main__             INFO     🛑 Polling stopped
2026.09.30 14:03:12 __main__             INFO     🔴 Bot stopped
2026.09.30 14:03:25 __main__             INFO     🤖 Starting bot...
2026.09.30 14:03:25 __main__             INFO     🚀 Starting bot initialization...
2026.09.30 14:03:25 core.spotify_handler INFO     Spotify API connection established.
2026.09.30 14:03:25 __main__             INFO     ✅ Spotify service initialized
2026.09.30 14:03:25 core.webprofile      INFO     Seçilmiş User-Agent: Mozilla/5.0 (Linux; Android 14; Pixel 8 Pro) AppleWebKit/537.36 (KHTML, like Gecko) Chrome/122.0.0.0 Mobile Safari/537.36
2026.09.30 14:03:25 core.youtube_handler INFO     firefox brauzerindən cookies istifadə edilir.
2026.09.30 14:03:25 __main__             INFO     ✅ YouTube services initialized (firefox)
2026.09.30 14:03:25 __main__             INFO     🔌 Loading plugins...
2026.09.30 14:03:25 core.utilities       INFO     🔍 Scanning plugins in: /home/admin/dlmaster/plugins
2026.09.30 14:03:25 core.utilities       INFO     🔄 Loading: plugins.audio_editor_plugin
2026.09.30 14:03:25 core.utilities       INFO     🔄 Loading: plugins.menu_plugin
2026.09.30 14:03:25 core.utilities       INFO     🔄 Loading: plugins.music_plugin
2026.09.30 14:03:26 core.utilities       INFO     🔄 Loading: plugins.spotify_plugin
2026.09.30 14:03:26 core.utilities       INFO     🔄 Loading: plugins.start_plugin
2026.09.30 14:03:26 core.utilities       INFO     🔄 Loading: plugins.youtube_plugin
2026.09.30 14:03:26 core.utilities       INFO     ✅ Loaded: plugins.audio_editor_plugin
2026.09.30 14:03:26 plugins.menu_plugin  INFO     ✅ Menu plugin yükləndi
2026.09.30 14:03:26 core.utilities       INFO     ✅ Loaded: plugins.menu_plugin
2026.09.30 14:03:26 core.utilities       INFO     ✅ Loaded: plugins.music_plugin
2026.09.30 14:03:26 core.utilities       INFO     ✅ Loaded: plugins.spotify_plugin
2026.09.30 14:03:26 plugins.start_plugin WARNING  Default admin yetkiləri təyin edilmədi: 4 validation errors for ChatAdministratorRights
can_post_stories
  Field required [type=missing, input_value={'is_anonymous': False, '...can_pin_messages': True}, input_type=dict]
    For further information visit https://errors.pydantic.dev/2.13/v/missing
can_edit_stories
  Field required [type=missing, input_value={'is_anonymous': False, '...can_pin_messages': True}, input_type=dict]
    For further information visit https://errors.pydantic.dev/2.13/v/missing
can_delete_stories
  Field required [type=missing, input_value={'is_anonymous': False, '...can_pin_messages': True}, input_type=dict]
    For further information visit https://errors.pydantic.dev/2.13/v/missing
can_send_welcome_messages
  Field required [type=missing, input_value={'is_anonymous': False, '...can_pin_messages': True}, input_type=dict]
    For further information visit https://errors.pydantic.dev/2.13/v/missing
2026.09.30 14:03:26 plugins.start_plugin INFO     ✅ Start plugin yükləndi
2026.09.30 14:03:26 core.utilities       INFO     ✅ Loaded: plugins.start_plugin
2026.09.30 14:03:26 core.utilities       INFO     ✅ Loaded: plugins.youtube_plugin
2026.09.30 14:03:26 __main__             INFO     🚀 Starting polling...
2026.09.30 14:03:26 aiogram.dispatcher   INFO     Start polling
2026.09.30 14:03:26 aiogram.dispatcher   INFO     Run polling for bot @dllmasterbot id=8976652462 - 'DLLMaster'
2026.09.30 14:03:26 core.utilities       INFO     User 8502974425 executed command: /menu
2026.09.30 14:03:26 core.utilities       INFO     User 8502974425 executed command: /menu
2026.09.30 14:03:26 aiogram.event        INFO     Update id=875901297 is handled. Duration 147 ms by bot id=8976652462
2026.09.30 14:03:26 aiogram.event        INFO     Update id=875901296 is handled. Duration 176 ms by bot id=8976652462
2026.09.30 14:03:30 aiogram.event        INFO     Update id=875901298 is handled. Duration 181 ms by bot id=8976652462
2026.09.30 14:03:33 aiogram.event        INFO     Update id=875901299 is handled. Duration 102 ms by bot id=8976652462
2026.09.30 14:03:36 aiogram.event        INFO     Update id=875901300 is handled. Duration 80 ms by bot id=8976652462
2026.09.30 14:06:06 aiogram.event        INFO     Update id=875901301 is handled. Duration 45 ms by bot id=8976652462
2026.09.30 14:06:13 aiogram.event        INFO     Update id=875901302 is handled. Duration 2355 ms by bot id=8976652462
2026.09.30 14:06:16 aiogram.event        INFO     Update id=875901303 is handled. Duration 60 ms by bot id=8976652462
2026.09.30 14:06:22 aiogram.event        INFO     Update id=875901304 is handled. Duration 64 ms by bot id=8976652462
2026.09.30 14:06:25 aiogram.event        INFO     Update id=875901305 is handled. Duration 1298 ms by bot id=8976652462
2026.09.30 14:06:27 aiogram.event        INFO     Update id=875901306 is handled. Duration 49 ms by bot id=8976652462
2026.09.30 14:20:21 aiogram.dispatcher   WARNING  Received SIGINT signal
2026.09.30 14:20:21 aiogram.dispatcher   INFO     Polling stopped for bot @dllmasterbot id=8976652462 - 'DLLMaster'
2026.09.30 14:20:21 aiogram.dispatcher   INFO     Polling stopped
2026.09.30 14:20:21 __main__             INFO     🛑 Polling stopped
2026.09.30 14:20:21 __main__             INFO     🔴 Bot stopped
2026.09.30 14:20:27 __main__             INFO     🤖 Starting bot...
2026.09.30 14:20:27 __main__             INFO     🚀 Starting bot initialization...
2026.09.30 14:20:27 core.spotify_handler INFO     Spotify API connection established.
2026.09.30 14:20:27 __main__             INFO     ✅ Spotify service initialized
2026.09.30 14:20:27 core.webprofile      INFO     Seçilmiş User-Agent: Mozilla/5.0 (Windows NT 10.0; Win64; x64) AppleWebKit/537.36 (KHTML, like Gecko) Chrome/122.0.0.0 Safari/537.36
2026.09.30 14:20:27 core.youtube_handler INFO     firefox brauzerindən cookies istifadə edilir.
2026.09.30 14:20:27 __main__             INFO     ✅ YouTube services initialized (firefox)
2026.09.30 14:20:27 __main__             INFO     🔌 Loading plugins...
2026.09.30 14:20:27 core.utilities       INFO     🔍 Scanning plugins in: /home/admin/dlmaster/plugins
2026.09.30 14:20:27 core.utilities       INFO     🔄 Loading: plugins.audio_editor_plugin
2026.09.30 14:20:27 core.utilities       INFO     🔄 Loading: plugins.menu_plugin
2026.09.30 14:20:27 core.utilities       INFO     🔄 Loading: plugins.music_plugin
2026.09.30 14:20:27 core.utilities       INFO     🔄 Loading: plugins.spotify_plugin
2026.09.30 14:20:27 core.utilities       INFO     🔄 Loading: plugins.start_plugin
2026.09.30 14:20:27 core.utilities       INFO     🔄 Loading: plugins.update_notifier_plugin
2026.09.30 14:20:27 core.utilities       INFO     🔄 Loading: plugins.youtube_plugin
2026.09.30 14:20:27 core.utilities       INFO     ✅ Loaded: plugins.audio_editor_plugin
2026.09.30 14:20:27 plugins.menu_plugin  INFO     ✅ Menu plugin yükləndi
2026.09.30 14:20:27 core.utilities       INFO     ✅ Loaded: plugins.menu_plugin
2026.09.30 14:20:27 core.utilities       INFO     ✅ Loaded: plugins.music_plugin
2026.09.30 14:20:27 core.utilities       INFO     ✅ Loaded: plugins.spotify_plugin
2026.09.30 14:20:27 plugins.start_plugin WARNING  Default admin yetkiləri təyin edilmədi: 4 validation errors for ChatAdministratorRights
can_post_stories
  Field required [type=missing, input_value={'is_anonymous': False, '...can_pin_messages': True}, input_type=dict]
    For further information visit https://errors.pydantic.dev/2.13/v/missing
can_edit_stories
  Field required [type=missing, input_value={'is_anonymous': False, '...can_pin_messages': True}, input_type=dict]
    For further information visit https://errors.pydantic.dev/2.13/v/missing
can_delete_stories
  Field required [type=missing, input_value={'is_anonymous': False, '...can_pin_messages': True}, input_type=dict]
    For further information visit https://errors.pydantic.dev/2.13/v/missing
can_send_welcome_messages
  Field required [type=missing, input_value={'is_anonymous': False, '...can_pin_messages': True}, input_type=dict]
    For further information visit https://errors.pydantic.dev/2.13/v/missing
2026.09.30 14:20:27 plugins.start_plugin INFO     ✅ Start plugin yükləndi
2026.09.30 14:20:27 core.utilities       INFO     ✅ Loaded: plugins.start_plugin
2026.09.30 14:20:27 core.utilities       INFO     ✅ Loaded: plugins.youtube_plugin
2026.09.30 14:20:27 core.utilities       INFO     ✅ Loaded: plugins.update_notifier_plugin
2026.09.30 14:20:27 __main__             INFO     🚀 Starting polling...
2026.09.30 14:20:27 aiogram.dispatcher   INFO     Start polling
2026.09.30 14:20:27 aiogram.dispatcher   INFO     Run polling for bot @dllmasterbot id=8976652462 - 'DLLMaster'
2026.09.30 14:20:30 plugins.update_notifier_plugin INFO     ✅ Yeniləmə bildirişi göndərildi
2026.09.30 14:20:59 aiogram.dispatcher   WARNING  Received SIGINT signal
2026.09.30 14:20:59 aiogram.dispatcher   INFO     Polling stopped for bot @dllmasterbot id=8976652462 - 'DLLMaster'
2026.09.30 14:20:59 aiogram.dispatcher   INFO     Polling stopped
2026.09.30 14:20:59 __main__             INFO     🛑 Polling stopped
2026.09.30 14:20:59 __main__             INFO     🔴 Bot stopped
2026.09.30 14:21:06 __main__             INFO     🤖 Starting bot...
2026.09.30 14:21:06 __main__             INFO     🚀 Starting bot initialization...
2026.09.30 14:21:06 core.spotify_handler INFO     Spotify API connection established.
2026.09.30 14:21:06 __main__             INFO     ✅ Spotify service initialized
2026.09.30 14:21:06 core.webprofile      INFO     Seçilmiş User-Agent: Mozilla/5.0 (X11; Linux x86_64) AppleWebKit/537.36 (KHTML, like Gecko) Chrome/122.0.0.0 Safari/537.36
2026.09.30 14:21:06 core.youtube_handler INFO     firefox brauzerindən cookies istifadə edilir.
2026.09.30 14:21:06 __main__             INFO     ✅ YouTube services initialized (firefox)
2026.09.30 14:21:06 __main__             INFO     🔌 Loading plugins...
2026.09.30 14:21:06 core.utilities       INFO     🔍 Scanning plugins in: /home/admin/dlmaster/plugins
2026.09.30 14:21:06 core.utilities       INFO     🔄 Loading: plugins.audio_editor_plugin
2026.09.30 14:21:06 core.utilities       INFO     🔄 Loading: plugins.menu_plugin
2026.09.30 14:21:06 core.utilities       INFO     🔄 Loading: plugins.music_plugin
2026.09.30 14:21:06 core.utilities       INFO     🔄 Loading: plugins.spotify_plugin
2026.09.30 14:21:06 core.utilities       INFO     🔄 Loading: plugins.start_plugin
2026.09.30 14:21:06 core.utilities       INFO     🔄 Loading: plugins.update_notifier_plugin
2026.09.30 14:21:06 core.utilities       INFO     🔄 Loading: plugins.youtube_plugin
2026.09.30 14:21:06 core.utilities       INFO     ✅ Loaded: plugins.audio_editor_plugin
2026.09.30 14:21:06 plugins.menu_plugin  INFO     ✅ Menu plugin yükləndi
2026.09.30 14:21:06 core.utilities       INFO     ✅ Loaded: plugins.menu_plugin
2026.09.30 14:21:06 core.utilities       INFO     ✅ Loaded: plugins.music_plugin
2026.09.30 14:21:06 core.utilities       INFO     ✅ Loaded: plugins.spotify_plugin
2026.09.30 14:21:06 plugins.start_plugin WARNING  Default admin yetkiləri təyin edilmədi: 4 validation errors for ChatAdministratorRights
can_post_stories
  Field required [type=missing, input_value={'is_anonymous': False, '...can_pin_messages': True}, input_type=dict]
    For further information visit https://errors.pydantic.dev/2.13/v/missing
can_edit_stories
  Field required [type=missing, input_value={'is_anonymous': False, '...can_pin_messages': True}, input_type=dict]
    For further information visit https://errors.pydantic.dev/2.13/v/missing
can_delete_stories
  Field required [type=missing, input_value={'is_anonymous': False, '...can_pin_messages': True}, input_type=dict]
    For further information visit https://errors.pydantic.dev/2.13/v/missing
can_send_welcome_messages
  Field required [type=missing, input_value={'is_anonymous': False, '...can_pin_messages': True}, input_type=dict]
    For further information visit https://errors.pydantic.dev/2.13/v/missing
2026.09.30 14:21:06 plugins.start_plugin INFO     ✅ Start plugin yükləndi
2026.09.30 14:21:06 core.utilities       INFO     ✅ Loaded: plugins.start_plugin
2026.09.30 14:21:06 core.utilities       INFO     ✅ Loaded: plugins.youtube_plugin
2026.09.30 14:21:06 core.utilities       INFO     ✅ Loaded: plugins.update_notifier_plugin
2026.09.30 14:21:06 __main__             INFO     🚀 Starting polling...
2026.09.30 14:21:06 aiogram.dispatcher   INFO     Start polling
2026.09.30 14:21:06 aiogram.dispatcher   INFO     Run polling for bot @dllmasterbot id=8976652462 - 'DLLMaster'
2026.09.30 14:21:09 plugins.update_notifier_plugin INFO     Kodda dəyişiklik yoxdur, yeniləmə bildirişi göndərilmir
2026.09.30 14:25:49 aiogram.dispatcher   WARNING  Received SIGINT signal
2026.09.30 14:25:49 aiogram.dispatcher   INFO     Polling stopped for bot @dllmasterbot id=8976652462 - 'DLLMaster'
2026.09.30 14:25:49 aiogram.dispatcher   INFO     Polling stopped
2026.09.30 14:25:49 __main__             INFO     🛑 Polling stopped
2026.09.30 14:25:49 __main__             INFO     🔴 Bot stopped
2026.09.30 14:25:55 __main__             INFO     🤖 Starting bot...
2026.09.30 14:25:55 __main__             INFO     🚀 Starting bot initialization...
2026.09.30 14:25:55 core.spotify_handler INFO     Spotify API connection established.
2026.09.30 14:25:55 __main__             INFO     ✅ Spotify service initialized
2026.09.30 14:25:55 core.webprofile      INFO     Seçilmiş User-Agent: Mozilla/5.0 (X11; Linux x86_64) AppleWebKit/537.36 (KHTML, like Gecko) Chrome/122.0.0.0 Safari/537.36
2026.09.30 14:25:55 core.youtube_handler INFO     firefox brauzerindən cookies istifadə edilir.
2026.09.30 14:25:55 __main__             INFO     ✅ YouTube services initialized (firefox)
2026.09.30 14:25:55 __main__             INFO     🔌 Loading plugins...
2026.09.30 14:25:55 core.utilities       INFO     🔍 Scanning plugins in: /home/admin/dlmaster/plugins
2026.09.30 14:25:55 core.utilities       INFO     🔄 Loading: plugins.audio_editor_plugin
2026.09.30 14:25:55 core.utilities       INFO     🔄 Loading: plugins.menu_plugin
2026.09.30 14:25:55 core.utilities       INFO     🔄 Loading: plugins.music_plugin
2026.09.30 14:25:55 core.utilities       INFO     🔄 Loading: plugins.spotify_plugin
2026.09.30 14:25:55 core.utilities       INFO     🔄 Loading: plugins.start_plugin
2026.09.30 14:25:55 core.utilities       INFO     🔄 Loading: plugins.update_notifier_plugin
2026.09.30 14:25:55 core.utilities       INFO     🔄 Loading: plugins.youtube_plugin
2026.09.30 14:25:55 core.utilities       INFO     ✅ Loaded: plugins.audio_editor_plugin
2026.09.30 14:25:55 plugins.menu_plugin  INFO     ✅ Menu plugin yükləndi
2026.09.30 14:25:55 core.utilities       INFO     ✅ Loaded: plugins.menu_plugin
2026.09.30 14:25:55 core.utilities       INFO     ✅ Loaded: plugins.music_plugin
2026.09.30 14:25:55 core.utilities       INFO     ✅ Loaded: plugins.spotify_plugin
2026.09.30 14:25:55 plugins.start_plugin WARNING  Default admin yetkiləri təyin edilmədi: 4 validation errors for ChatAdministratorRights
can_post_stories
  Field required [type=missing, input_value={'is_anonymous': False, '...can_pin_messages': True}, input_type=dict]
    For further information visit https://errors.pydantic.dev/2.13/v/missing
can_edit_stories
  Field required [type=missing, input_value={'is_anonymous': False, '...can_pin_messages': True}, input_type=dict]
    For further information visit https://errors.pydantic.dev/2.13/v/missing
can_delete_stories
  Field required [type=missing, input_value={'is_anonymous': False, '...can_pin_messages': True}, input_type=dict]
    For further information visit https://errors.pydantic.dev/2.13/v/missing
can_send_welcome_messages
  Field required [type=missing, input_value={'is_anonymous': False, '...can_pin_messages': True}, input_type=dict]
    For further information visit https://errors.pydantic.dev/2.13/v/missing
2026.09.30 14:25:55 plugins.start_plugin INFO     ✅ Start plugin yükləndi
2026.09.30 14:25:55 core.utilities       INFO     ✅ Loaded: plugins.start_plugin
2026.09.30 14:25:55 core.utilities       INFO     ✅ Loaded: plugins.youtube_plugin
2026.09.30 14:25:55 core.utilities       INFO     ✅ Loaded: plugins.update_notifier_plugin
2026.09.30 14:25:55 __main__             INFO     🚀 Starting polling...
2026.09.30 14:25:55 aiogram.dispatcher   INFO     Start polling
2026.09.30 14:25:55 aiogram.dispatcher   INFO     Run polling for bot @dllmasterbot id=8976652462 - 'DLLMaster'
2026.09.30 14:25:59 plugins.update_notifier_plugin INFO     ✅ Yeniləmə bildirişi göndərildi
2026.09.30 14:28:12 aiogram.event        INFO     Update id=875901307 is handled. Duration 0 ms by bot id=8976652462
2026.09.30 14:28:19 aiogram.event        INFO     Update id=875901308 is handled. Duration 0 ms by bot id=8976652462
2026.09.30 14:28:21 core.webprofile      INFO     firefox brauzerindən cookies istifadə edilir.
2026.09.30 14:28:21 core.webprofile      INFO     Seçilmiş User-Agent: Mozilla/5.0 (iPad; CPU OS 17_2 like Mac OS X) AppleWebKit/605.1.15 (KHTML, like Gecko) Version/17.2 Mobile/15E148 Safari/604.1
2026.09.30 14:28:25 aiogram.event        INFO     Update id=875901309 is handled. Duration 4862 ms by bot id=8976652462
2026.09.30 14:28:36 core.webprofile      INFO     firefox brauzerindən cookies istifadə edilir.
2026.09.30 14:28:36 core.webprofile      INFO     Seçilmiş User-Agent: Mozilla/5.0 (Windows NT 10.0; Win64; x64) AppleWebKit/537.36 (KHTML, like Gecko) Edge/120.0.0.0 Safari/537.36
2026.09.30 14:28:36 core.youtube_handler INFO     Yükləmə cəhdi: cookies + default client
2026.09.30 14:28:36 plugins.music_plugin WARNING  Odesli API açar tələb edir (ODESLI_API_KEY). Birbaşa song.link/<url> linki istifadə olunacaq.
2026.09.30 14:28:53 plugins.music_plugin INFO     Metadata (youtube): Xpert - Sarışan Hallar
2026.09.30 14:28:56 aiogram.event        INFO     Update id=875901310 is handled. Duration 19373 ms by bot id=8976652462
2026.09.30 14:30:17 aiogram.event        INFO     Update id=875901311 is handled. Duration 0 ms by bot id=8976652462
2026.09.30 14:30:22 core.webprofile      INFO     firefox brauzerindən cookies istifadə edilir.
2026.09.30 14:30:22 core.webprofile      INFO     Seçilmiş User-Agent: Mozilla/5.0 (Linux; Android 14; Pixel 8 Pro) AppleWebKit/537.36 (KHTML, like Gecko) Chrome/122.0.0.0 Mobile Safari/537.36
2026.09.30 14:30:26 aiogram.event        INFO     Update id=875901312 is handled. Duration 4801 ms by bot id=8976652462
2026.09.30 14:30:29 core.webprofile      INFO     firefox brauzerindən cookies istifadə edilir.
2026.09.30 14:30:29 core.webprofile      INFO     Seçilmiş User-Agent: Mozilla/5.0 (Windows NT 10.0; Win64; x64; rv:120.0) Gecko/20100101 Firefox/120.0
2026.09.30 14:30:29 core.youtube_handler INFO     Yükləmə cəhdi: cookies + default client
2026.09.30 14:30:44 plugins.music_plugin INFO     Metadata (youtube): YouTube - Aga M Ramil M Yasa Qaqasim Vasif Mastagali Production
2026.09.30 14:30:47 aiogram.event        INFO     Update id=875901313 is handled. Duration 17412 ms by bot id=8976652462
2026.09.30 14:31:01 core.webprofile      INFO     firefox brauzerindən cookies istifadə edilir.
2026.09.30 14:31:01 core.webprofile      INFO     Seçilmiş User-Agent: Mozilla/5.0 (Macintosh; Intel Mac OS X 10_15_7) AppleWebKit/537.36 (KHTML, like Gecko) Chrome/122.0.0.0 Safari/537.36
2026.09.30 14:31:03 aiogram.event        INFO     Update id=875901314 is handled. Duration 2154 ms by bot id=8976652462
2026.09.30 14:31:05 aiogram.event        INFO     Update id=875901315 is handled. Duration 31 ms by bot id=8976652462
2026.09.30 14:31:08 core.webprofile      INFO     firefox brauzerindən cookies istifadə edilir.
2026.09.30 14:31:08 core.webprofile      INFO     Seçilmiş User-Agent: Mozilla/5.0 (iPhone; CPU iPhone OS 17_2 like Mac OS X) AppleWebKit/605.1.15 (KHTML, like Gecko) Version/17.2 Mobile/15E148 Safari/604.1
2026.09.30 14:31:08 core.youtube_handler INFO     Yükləmə cəhdi: cookies + default client
2026.09.30 14:31:25 plugins.music_plugin INFO     Metadata (youtube): 𝐍𝐢𝐲ə 𝐙𝐚𝐥ı𝐦 𝐒ə𝐧 𝐀𝐠̆𝐚𝐫𝐭𝐝ı𝐧 𝐒𝐚𝐜̧ı𝐦ı𝐧 𝐐𝐚𝐫ə𝐥ə𝐫𝐢𝐧 - [ 𝐀𝐱𝐭𝐚𝐫ı𝐥𝐚𝐧 𝐌𝐚𝐡𝐧ı 𝐁𝐚𝐬𝐬 𝐑𝐞𝐦𝐢𝐱 𝟐𝟎𝟐𝟓 ] 𝐘𝐞𝐧𝐢 𝐌𝐚𝐡𝐧ı
2026.09.30 14:31:27 aiogram.event        INFO     Update id=875901316 is handled. Duration 19328 ms by bot id=8976652462
2026.09.30 14:34:44 aiogram.dispatcher   WARNING  Received SIGINT signal
2026.09.30 14:34:44 aiogram.dispatcher   INFO     Polling stopped for bot @dllmasterbot id=8976652462 - 'DLLMaster'
2026.09.30 14:34:44 aiogram.dispatcher   INFO     Polling stopped
2026.09.30 14:34:44 __main__             INFO     🛑 Polling stopped
2026.09.30 14:34:44 __main__             INFO     🔴 Bot stopped
2026.09.30 14:34:50 __main__             INFO     🤖 Starting bot...
2026.09.30 14:34:50 __main__             INFO     🚀 Starting bot initialization...
2026.09.30 14:34:51 core.spotify_handler INFO     Spotify API connection established.
2026.09.30 14:34:51 __main__             INFO     ✅ Spotify service initialized
2026.09.30 14:34:51 core.webprofile      INFO     Seçilmiş User-Agent: Mozilla/5.0 (iPad; CPU OS 17_2 like Mac OS X) AppleWebKit/605.1.15 (KHTML, like Gecko) Version/17.2 Mobile/15E148 Safari/604.1
2026.09.30 14:34:51 core.youtube_handler INFO     firefox brauzerindən cookies istifadə edilir.
2026.09.30 14:34:51 __main__             INFO     ✅ YouTube services initialized (firefox)
2026.09.30 14:34:51 __main__             INFO     🔌 Loading plugins...
2026.09.30 14:34:51 core.utilities       INFO     🔍 Scanning plugins in: /home/admin/dlmaster/plugins
2026.09.30 14:34:51 core.utilities       INFO     🔄 Loading: plugins.audio_editor_plugin
2026.09.30 14:34:51 core.utilities       INFO     🔄 Loading: plugins.menu_plugin
2026.09.30 14:34:51 core.utilities       INFO     🔄 Loading: plugins.music_plugin
2026.09.30 14:34:51 core.utilities       INFO     🔄 Loading: plugins.spotify_plugin
2026.09.30 14:34:51 core.utilities       INFO     🔄 Loading: plugins.start_plugin
2026.09.30 14:34:51 core.utilities       INFO     🔄 Loading: plugins.update_notifier_plugin
2026.09.30 14:34:51 core.utilities       INFO     🔄 Loading: plugins.youtube_plugin
2026.09.30 14:34:51 core.utilities       INFO     ✅ Loaded: plugins.audio_editor_plugin
2026.09.30 14:34:51 plugins.menu_plugin  INFO     ✅ Menu plugin yükləndi
2026.09.30 14:34:51 core.utilities       INFO     ✅ Loaded: plugins.menu_plugin
2026.09.30 14:34:51 core.utilities       INFO     ✅ Loaded: plugins.music_plugin
2026.09.30 14:34:51 core.utilities       INFO     ✅ Loaded: plugins.spotify_plugin
2026.09.30 14:34:51 plugins.start_plugin WARNING  Default admin yetkiləri təyin edilmədi: 4 validation errors for ChatAdministratorRights
can_post_stories
  Field required [type=missing, input_value={'is_anonymous': False, '...can_pin_messages': True}, input_type=dict]
    For further information visit https://errors.pydantic.dev/2.13/v/missing
can_edit_stories
  Field required [type=missing, input_value={'is_anonymous': False, '...can_pin_messages': True}, input_type=dict]
    For further information visit https://errors.pydantic.dev/2.13/v/missing
can_delete_stories
  Field required [type=missing, input_value={'is_anonymous': False, '...can_pin_messages': True}, input_type=dict]
    For further information visit https://errors.pydantic.dev/2.13/v/missing
can_send_welcome_messages
  Field required [type=missing, input_value={'is_anonymous': False, '...can_pin_messages': True}, input_type=dict]
    For further information visit https://errors.pydantic.dev/2.13/v/missing
2026.09.30 14:34:51 plugins.start_plugin INFO     ✅ Start plugin yükləndi
2026.09.30 14:34:51 core.utilities       INFO     ✅ Loaded: plugins.start_plugin
2026.09.30 14:34:51 core.utilities       INFO     ✅ Loaded: plugins.youtube_plugin
2026.09.30 14:34:51 core.utilities       INFO     ✅ Loaded: plugins.update_notifier_plugin
2026.09.30 14:34:51 __main__             INFO     🚀 Starting polling...
2026.09.30 14:34:51 aiogram.dispatcher   INFO     Start polling
2026.09.30 14:34:51 aiogram.dispatcher   INFO     Run polling for bot @dllmasterbot id=8976652462 - 'DLLMaster'
2026.09.30 14:34:54 plugins.update_notifier_plugin INFO     ✅ Yeniləmə bildirişi göndərildi
2026.09.30 14:35:09 aiogram.event        INFO     Update id=875901317 is handled. Duration 2680 ms by bot id=8976652462
2026.09.30 14:37:31 core.utilities       INFO     User 8502974425 executed command: /menu
2026.09.30 14:37:31 aiogram.event        INFO     Update id=875901318 is handled. Duration 40 ms by bot id=8976652462
2026.09.30 14:37:33 aiogram.event        INFO     Update id=875901319 is handled. Duration 64 ms by bot id=8976652462
2026.09.30 14:37:36 aiogram.event        INFO     Update id=875901320 is handled. Duration 71 ms by bot id=8976652462
2026.09.30 14:37:39 aiogram.event        INFO     Update id=875901321 is handled. Duration 71 ms by bot id=8976652462
2026.09.30 14:38:02 aiogram.event        INFO     Update id=875901322 is handled. Duration 0 ms by bot id=8976652462
2026.09.30 14:38:06 core.webprofile      INFO     firefox brauzerindən cookies istifadə edilir.
2026.09.30 14:38:06 core.webprofile      INFO     Seçilmiş User-Agent: Mozilla/5.0 (Linux; Android 14; SM-G998B) AppleWebKit/537.36 (KHTML, like Gecko) Chrome/122.0.0.0 Mobile Safari/537.36
2026.09.30 14:38:12 aiogram.event        INFO     Update id=875901323 is handled. Duration 6585 ms by bot id=8976652462
2026.09.30 14:38:16 core.webprofile      INFO     firefox brauzerindən cookies istifadə edilir.
2026.09.30 14:38:16 core.webprofile      INFO     Seçilmiş User-Agent: Mozilla/5.0 (Windows NT 10.0; Win64; x64) AppleWebKit/537.36 (KHTML, like Gecko) Chrome/122.0.0.0 Safari/537.36
2026.09.30 14:38:16 core.youtube_handler INFO     Yükləmə cəhdi: cookies + default client
2026.09.30 14:38:17 plugins.music_plugin WARNING  Odesli API açar tələb edir (ODESLI_API_KEY). Birbaşa song.link/<url> linki istifadə olunacaq.
2026.09.30 14:38:30 plugins.music_plugin INFO     Metadata (youtube): Super Bass masin mahnisi - Biz beleyik tanisinlar bizi qoy ( 2017 )
2026.09.30 14:38:32 aiogram.event        INFO     Update id=875901324 is handled. Duration 16212 ms by bot id=8976652462
2026.09.30 14:39:45 aiogram.event        INFO     Update id=875901325 is handled. Duration 0 ms by bot id=8976652462
2026.09.30 14:39:49 aiogram.event        INFO     Update id=875901326 is handled. Duration 801 ms by bot id=8976652462
2026.09.30 14:39:49 aiogram.event        INFO     Update id=875901327 is handled. Duration 801 ms by bot id=8976652462
2026.09.30 14:39:49 core.webprofile      INFO     firefox brauzerindən cookies istifadə edilir.
2026.09.30 14:39:49 core.webprofile      INFO     Seçilmiş User-Agent: Mozilla/5.0 (Linux; Android 14; SM-G998B) AppleWebKit/537.36 (KHTML, like Gecko) Chrome/122.0.0.0 Mobile Safari/537.36
2026.09.30 14:39:53 aiogram.event        INFO     Update id=875901328 is handled. Duration 4065 ms by bot id=8976652462
2026.09.30 14:39:57 core.webprofile      INFO     firefox brauzerindən cookies istifadə edilir.
2026.09.30 14:39:57 core.webprofile      INFO     Seçilmiş User-Agent: Mozilla/5.0 (Linux; Android 14; SM-G998B) AppleWebKit/537.36 (KHTML, like Gecko) Chrome/122.0.0.0 Mobile Safari/537.36
2026.09.30 14:39:57 core.youtube_handler INFO     Yükləmə cəhdi: cookies + default client
2026.09.30 14:39:57 aiogram.event        INFO     Update id=875901330 is not handled. Duration 11 ms by bot id=8976652462
2026.09.30 14:40:13 plugins.music_plugin INFO     Metadata (youtube): Biggie Smalls - Hypnotize
2026.09.30 14:40:14 aiogram.event        INFO     Update id=875901329 is handled. Duration 17154 ms by bot id=8976652462
2026.09.30 14:40:18 core.webprofile      INFO     firefox brauzerindən cookies istifadə edilir.
2026.09.30 14:40:18 core.webprofile      INFO     Seçilmiş User-Agent: Mozilla/5.0 (iPad; CPU OS 17_2 like Mac OS X) AppleWebKit/605.1.15 (KHTML, like Gecko) Version/17.2 Mobile/15E148 Safari/604.1
2026.09.30 14:40:21 aiogram.event        INFO     Update id=875901331 is handled. Duration 2563 ms by bot id=8976652462
2026.09.30 14:40:21 aiogram.event        INFO     Update id=875901332 is handled. Duration 39 ms by bot id=8976652462
2026.09.30 14:40:25 core.webprofile      INFO     firefox brauzerindən cookies istifadə edilir.
2026.09.30 14:40:25 core.webprofile      INFO     Seçilmiş User-Agent: Mozilla/5.0 (Linux; Android 14; Pixel 8 Pro) AppleWebKit/537.36 (KHTML, like Gecko) Chrome/122.0.0.0 Mobile Safari/537.36
2026.09.30 14:40:25 core.youtube_handler INFO     Yükləmə cəhdi: cookies + default client
2026.09.30 14:40:25 aiogram.event        INFO     Update id=875901334 is not handled. Duration 14 ms by bot id=8976652462
2026.09.30 14:40:28 aiogram.event        INFO     Update id=875901335 is handled. Duration 29 ms by bot id=8976652462
2026.09.30 14:40:30 core.webprofile      INFO     firefox brauzerindən cookies istifadə edilir.
2026.09.30 14:40:30 core.webprofile      INFO     Seçilmiş User-Agent: Mozilla/5.0 (X11; Linux x86_64) AppleWebKit/537.36 (KHTML, like Gecko) Chrome/122.0.0.0 Safari/537.36
2026.09.30 14:40:30 core.youtube_handler INFO     Yükləmə cəhdi: cookies + default client
2026.09.30 14:40:30 aiogram.event        INFO     Update id=875901336 is not handled. Duration 45 ms by bot id=8976652462
2026.09.30 14:40:35 aiogram.event        INFO     Update id=875901338 is not handled. Duration 10 ms by bot id=8976652462
2026.09.30 14:40:43 aiogram.event        INFO     Update id=875901340 is not handled. Duration 5 ms by bot id=8976652462
2026.09.30 14:40:47 plugins.music_plugin INFO     Metadata (youtube): Ice Cube - You Know How We Do It
2026.09.30 14:40:47 core.webprofile      INFO     firefox brauzerindən cookies istifadə edilir.
2026.09.30 14:40:47 core.webprofile      INFO     Seçilmiş User-Agent: Mozilla/5.0 (Windows NT 10.0; Win64; x64; rv:120.0) Gecko/20100101 Firefox/120.0
2026.09.30 14:40:47 core.youtube_handler INFO     Yükləmə cəhdi: cookies + default client
2026.09.30 14:40:48 plugins.music_plugin INFO     Metadata (youtube): Ice Cube - It Was A Good Day
2026.09.30 14:40:48 core.webprofile      INFO     firefox brauzerindən cookies istifadə edilir.
2026.09.30 14:40:48 core.webprofile      INFO     Seçilmiş User-Agent: Mozilla/5.0 (Windows NT 10.0; Win64; x64) AppleWebKit/537.36 (KHTML, like Gecko) Chrome/122.0.0.0 Safari/537.36
2026.09.30 14:40:48 core.youtube_handler INFO     Yükləmə cəhdi: cookies + default client
2026.09.30 14:40:48 aiogram.event        INFO     Update id=875901333 is handled. Duration 23225 ms by bot id=8976652462
2026.09.30 14:40:50 aiogram.event        INFO     Update id=875901337 is handled. Duration 20151 ms by bot id=8976652462
2026.09.30 14:40:55 core.webprofile      INFO     firefox brauzerindən cookies istifadə edilir.
2026.09.30 14:40:55 core.webprofile      INFO     Seçilmiş User-Agent: Mozilla/5.0 (Windows NT 10.0; Win64; x64) AppleWebKit/537.36 (KHTML, like Gecko) Chrome/122.0.0.0 Safari/537.36
2026.09.30 14:40:59 aiogram.event        INFO     Update id=875901342 is handled. Duration 3998 ms by bot id=8976652462
2026.09.30 14:41:00 aiogram.event        INFO     Update id=875901343 is handled. Duration 72 ms by bot id=8976652462
2026.09.30 14:41:04 aiogram.event        INFO     Update id=875901345 is not handled. Duration 7 ms by bot id=8976652462
2026.09.30 14:41:08 core.webprofile      INFO     firefox brauzerindən cookies istifadə edilir.
2026.09.30 14:41:08 core.webprofile      INFO     Seçilmiş User-Agent: Mozilla/5.0 (Macintosh; Intel Mac OS X 10_15_7) AppleWebKit/537.36 (KHTML, like Gecko) Chrome/122.0.0.0 Safari/537.36
2026.09.30 14:41:11 aiogram.event        INFO     Update id=875901346 is handled. Duration 2823 ms by bot id=8976652462
2026.09.30 14:41:11 aiogram.event        INFO     Update id=875901347 is handled. Duration 68 ms by bot id=8976652462
2026.09.30 14:41:11 plugins.music_plugin INFO     Metadata (youtube): Mobb Deep - Shook Ones, Pt. II
2026.09.30 14:41:11 core.webprofile      INFO     firefox brauzerindən cookies istifadə edilir.
2026.09.30 14:41:11 core.webprofile      INFO     Seçilmiş User-Agent: Mozilla/5.0 (Windows NT 10.0; Win64; x64; rv:120.0) Gecko/20100101 Firefox/120.0
2026.09.30 14:41:11 core.youtube_handler INFO     Yükləmə cəhdi: cookies + default client
2026.09.30 14:41:12 aiogram.event        INFO     Update id=875901348 is handled. Duration 19 ms by bot id=8976652462
2026.09.30 14:41:14 aiogram.event        INFO     Update id=875901341 is handled. Duration 30219 ms by bot id=8976652462
2026.09.30 14:41:15 plugins.music_plugin INFO     Metadata (youtube): Dr. Dre - Still D.R.E. ft. Snoop Dogg
2026.09.30 14:41:17 aiogram.event        INFO     Update id=875901339 is handled. Duration 42297 ms by bot id=8976652462
2026.09.30 14:41:17 core.webprofile      INFO     firefox brauzerindən cookies istifadə edilir.
2026.09.30 14:41:17 core.webprofile      INFO     Seçilmiş User-Agent: Mozilla/5.0 (Linux; Android 14; SM-G998B) AppleWebKit/537.36 (KHTML, like Gecko) Chrome/122.0.0.0 Mobile Safari/537.36
2026.09.30 14:41:17 core.youtube_handler INFO     Yükləmə cəhdi: cookies + default client
2026.09.30 14:41:17 aiogram.event        INFO     Update id=875901350 is not handled. Duration 3 ms by bot id=8976652462
2026.09.30 14:41:24 aiogram.event        INFO     Update id=875901351 is not handled. Duration 53 ms by bot id=8976652462
2026.09.30 14:41:26 core.webprofile      INFO     firefox brauzerindən cookies istifadə edilir.
2026.09.30 14:41:26 core.webprofile      INFO     Seçilmiş User-Agent: Mozilla/5.0 (Windows NT 10.0; Win64; x64; rv:120.0) Gecko/20100101 Firefox/120.0
2026.09.30 14:41:28 aiogram.event        INFO     Update id=875901353 is handled. Duration 2813 ms by bot id=8976652462
2026.09.30 14:41:29 aiogram.event        INFO     Update id=875901354 is handled. Duration 36 ms by bot id=8976652462
2026.09.30 14:41:31 aiogram.event        INFO     Update id=875901355 is not handled. Duration 5 ms by bot id=8976652462
2026.09.30 14:41:33 plugins.music_plugin INFO     Metadata (youtube): The Notorious B.I.G. - Big Poppa
2026.09.30 14:41:33 core.webprofile      INFO     firefox brauzerindən cookies istifadə edilir.
2026.09.30 14:41:33 core.webprofile      INFO     Seçilmiş User-Agent: Mozilla/5.0 (iPad; CPU OS 17_2 like Mac OS X) AppleWebKit/605.1.15 (KHTML, like Gecko) Version/17.2 Mobile/15E148 Safari/604.1
2026.09.30 14:41:33 core.youtube_handler INFO     Yükləmə cəhdi: cookies + default client
2026.09.30 14:41:35 aiogram.event        INFO     Update id=875901344 is handled. Duration 30382 ms by bot id=8976652462
2026.09.30 14:41:45 plugins.music_plugin INFO     Metadata (youtube): Eminem - Without Me
2026.09.30 14:41:45 core.webprofile      INFO     firefox brauzerindən cookies istifadə edilir.
2026.09.30 14:41:45 core.webprofile      INFO     Seçilmiş User-Agent: Mozilla/5.0 (Windows NT 10.0; Win64; x64) AppleWebKit/537.36 (KHTML, like Gecko) Edge/120.0.0.0 Safari/537.36
2026.09.30 14:41:45 core.youtube_handler INFO     Yükləmə cəhdi: cookies + default client
2026.09.30 14:41:47 aiogram.event        INFO     Update id=875901349 is handled. Duration 29736 ms by bot id=8976652462
2026.09.30 14:42:01 plugins.music_plugin INFO     Metadata (youtube): Busta Rhymes, Mariah Carey - I Know What You Want ft. Flipmode Squad
2026.09.30 14:42:04 aiogram.event        INFO     Update id=875901352 is handled. Duration 40171 ms by bot id=8976652462
2026.09.30 14:42:04 plugins.music_plugin INFO     Metadata (youtube): Wu-Tang Clan - C.R.E.A.M.
2026.09.30 14:42:06 aiogram.event        INFO     Update id=875901356 is handled. Duration 34921 ms by bot id=8976652462
2026.09.30 14:42:14 core.webprofile      INFO     firefox brauzerindən cookies istifadə edilir.
2026.09.30 14:42:14 core.webprofile      INFO     Seçilmiş User-Agent: Mozilla/5.0 (X11; Ubuntu; Linux x86_64; rv:120.0) Gecko/20100101 Firefox/120.0
2026.09.30 14:42:17 aiogram.event        INFO     Update id=875901357 is handled. Duration 2540 ms by bot id=8976652462
2026.09.30 14:42:17 aiogram.event        INFO     Update id=875901358 is handled. Duration 38 ms by bot id=8976652462
2026.09.30 14:42:20 aiogram.event        INFO     Update id=875901359 is handled. Duration 48 ms by bot id=8976652462
2026.09.30 14:42:23 core.webprofile      INFO     firefox brauzerindən cookies istifadə edilir.
2026.09.30 14:42:23 core.webprofile      INFO     Seçilmiş User-Agent: Mozilla/5.0 (Linux; Android 14; Pixel 8 Pro) AppleWebKit/537.36 (KHTML, like Gecko) Chrome/122.0.0.0 Mobile Safari/537.36
2026.09.30 14:42:23 core.youtube_handler INFO     Yükləmə cəhdi: cookies + default client
2026.09.30 14:42:23 aiogram.event        INFO     Update id=875901361 is not handled. Duration 6 ms by bot id=8976652462
2026.09.30 14:42:27 core.webprofile      INFO     firefox brauzerindən cookies istifadə edilir.
2026.09.30 14:42:27 core.webprofile      INFO     Seçilmiş User-Agent: Mozilla/5.0 (Macintosh; Intel Mac OS X 10_15_7) AppleWebKit/537.36 (KHTML, like Gecko) Chrome/122.0.0.0 Safari/537.36
2026.09.30 14:42:30 aiogram.event        INFO     Update id=875901362 is handled. Duration 3003 ms by bot id=8976652462
2026.09.30 14:42:30 aiogram.event        INFO     Update id=875901363 is handled. Duration 17 ms by bot id=8976652462
2026.09.30 14:42:33 core.webprofile      INFO     firefox brauzerindən cookies istifadə edilir.
2026.09.30 14:42:33 core.webprofile      INFO     Seçilmiş User-Agent: Mozilla/5.0 (Linux; Android 14; SM-G998B) AppleWebKit/537.36 (KHTML, like Gecko) Chrome/122.0.0.0 Mobile Safari/537.36
2026.09.30 14:42:33 core.youtube_handler INFO     Yükləmə cəhdi: cookies + default client
2026.09.30 14:42:33 aiogram.event        INFO     Update id=875901364 is not handled. Duration 108 ms by bot id=8976652462
2026.09.30 14:42:41 plugins.music_plugin INFO     Metadata (youtube): Fat Joe - What's Luv? ft. Ashanti
2026.09.30 14:42:42 aiogram.event        INFO     Update id=875901360 is handled. Duration 18864 ms by bot id=8976652462
2026.09.30 14:42:48 plugins.music_plugin INFO     Metadata (youtube): Mobb Deep - Survival of the Fittest [Explicit]
2026.09.30 14:42:49 core.utilities       INFO     User 8230957803 executed command: /start
2026.09.30 14:42:50 aiogram.event        INFO     Update id=875901365 is handled. Duration 16921 ms by bot id=8976652462
2026.09.30 14:42:51 aiogram.event        INFO     Update id=875901366 is handled. Duration 1973 ms by bot id=8976652462
2026.09.30 14:43:03 core.webprofile      INFO     firefox brauzerindən cookies istifadə edilir.
2026.09.30 14:43:03 core.webprofile      INFO     Seçilmiş User-Agent: Mozilla/5.0 (Macintosh; Intel Mac OS X 10_15_7) AppleWebKit/537.36 (KHTML, like Gecko) Chrome/122.0.0.0 Safari/537.36
2026.09.30 14:43:05 aiogram.event        INFO     Update id=875901367 is handled. Duration 2654 ms by bot id=8976652462
2026.09.30 14:43:05 aiogram.event        INFO     Update id=875901368 is handled. Duration 29 ms by bot id=8976652462
2026.09.30 14:43:07 aiogram.event        INFO     Update id=875901369 is handled. Duration 58 ms by bot id=8976652462
2026.09.30 14:43:08 aiogram.event        INFO     Update id=875901370 is handled. Duration 68 ms by bot id=8976652462
2026.09.30 14:43:10 core.webprofile      INFO     firefox brauzerindən cookies istifadə edilir.
2026.09.30 14:43:10 core.webprofile      INFO     Seçilmiş User-Agent: Mozilla/5.0 (Linux; Android 14; SM-G998B) AppleWebKit/537.36 (KHTML, like Gecko) Chrome/122.0.0.0 Mobile Safari/537.36
2026.09.30 14:43:10 core.youtube_handler INFO     Yükləmə cəhdi: cookies + default client
2026.09.30 14:43:10 aiogram.event        INFO     Update id=875901372 is not handled. Duration 2 ms by bot id=8976652462
2026.09.30 14:43:18 core.webprofile      INFO     firefox brauzerindən cookies istifadə edilir.
2026.09.30 14:43:18 core.webprofile      INFO     Seçilmiş User-Agent: Mozilla/5.0 (Linux; Android 14; Pixel 8 Pro) AppleWebKit/537.36 (KHTML, like Gecko) Chrome/122.0.0.0 Mobile Safari/537.36
2026.09.30 14:43:18 core.youtube_handler INFO     Yükləmə cəhdi: cookies + default client
2026.09.30 14:43:18 aiogram.event        INFO     Update id=875901373 is not handled. Duration 51 ms by bot id=8976652462
2026.09.30 14:43:22 aiogram.event        INFO     Update id=875901375 is handled. Duration 104 ms by bot id=8976652462
2026.09.30 14:43:23 aiogram.event        INFO     Update id=875901376 is not handled. Duration 7 ms by bot id=8976652462
2026.09.30 14:43:28 plugins.music_plugin INFO     Metadata (youtube): Nas - Nas Is Like
2026.09.30 14:43:28 core.webprofile      INFO     firefox brauzerindən cookies istifadə edilir.
2026.09.30 14:43:28 core.webprofile      INFO     Seçilmiş User-Agent: Mozilla/5.0 (Macintosh; Intel Mac OS X 10_15_7) AppleWebKit/537.36 (KHTML, like Gecko) Chrome/122.0.0.0 Safari/537.36
2026.09.30 14:43:28 core.youtube_handler INFO     Yükləmə cəhdi: cookies + default client
2026.09.30 14:43:29 aiogram.event        INFO     Update id=875901371 is handled. Duration 19018 ms by bot id=8976652462
2026.09.30 14:43:34 aiogram.event        INFO     Update id=875901379 is not handled. Duration 123 ms by bot id=8976652462
2026.09.30 14:43:48 plugins.music_plugin INFO     Metadata (youtube): Nas - N.Y. State of Mind
2026.09.30 14:43:48 core.webprofile      INFO     firefox brauzerindən cookies istifadə edilir.
2026.09.30 14:43:48 core.webprofile      INFO     Seçilmiş User-Agent: Mozilla/5.0 (Windows NT 10.0; Win64; x64) AppleWebKit/537.36 (KHTML, like Gecko) Edge/120.0.0.0 Safari/537.36
2026.09.30 14:43:48 core.youtube_handler INFO     Yükləmə cəhdi: cookies + default client
2026.09.30 14:43:49 plugins.music_plugin INFO     Metadata (youtube): YouTube - Big Ego's
2026.09.30 14:43:50 aiogram.event        INFO     Update id=875901374 is handled. Duration 32400 ms by bot id=8976652462
2026.09.30 14:43:51 aiogram.event        INFO     Update id=875901377 is handled. Duration 28540 ms by bot id=8976652462
2026.09.30 14:44:09 plugins.music_plugin INFO     Metadata (youtube): The Notorious B.I.G. - Who Shot Ya?
2026.09.30 14:44:12 aiogram.event        INFO     Update id=875901378 is handled. Duration 37831 ms by bot id=8976652462
2026.09.30 14:47:04 aiogram.event        INFO     Update id=875901380 is handled. Duration 0 ms by bot id=8976652462
2026.09.30 14:47:09 core.webprofile      INFO     firefox brauzerindən cookies istifadə edilir.
2026.09.30 14:47:09 core.webprofile      INFO     Seçilmiş User-Agent: Mozilla/5.0 (X11; Linux x86_64) AppleWebKit/537.36 (KHTML, like Gecko) Chrome/122.0.0.0 Safari/537.36
2026.09.30 14:47:12 aiogram.event        INFO     Update id=875901381 is handled. Duration 3476 ms by bot id=8976652462
2026.09.30 14:47:20 core.webprofile      INFO     firefox brauzerindən cookies istifadə edilir.
2026.09.30 14:47:20 core.webprofile      INFO     Seçilmiş User-Agent: Mozilla/5.0 (iPad; CPU OS 17_2 like Mac OS X) AppleWebKit/605.1.15 (KHTML, like Gecko) Version/17.2 Mobile/15E148 Safari/604.1
2026.09.30 14:47:20 core.youtube_handler INFO     Yükləmə cəhdi: cookies + default client
2026.09.30 14:47:20 aiogram.event        INFO     Update id=875901383 is not handled. Duration 8 ms by bot id=8976652462
2026.09.30 14:47:42 plugins.music_plugin INFO     Metadata (youtube): YouTube - Bilmədim Nətər Oldu
2026.09.30 14:47:44 aiogram.event        INFO     Update id=875901382 is handled. Duration 24154 ms by bot id=8976652462
2026.09.30 14:47:52 core.webprofile      INFO     firefox brauzerindən cookies istifadə edilir.
2026.09.30 14:47:52 core.webprofile      INFO     Seçilmiş User-Agent: Mozilla/5.0 (iPad; CPU OS 17_2 like Mac OS X) AppleWebKit/605.1.15 (KHTML, like Gecko) Version/17.2 Mobile/15E148 Safari/604.1
2026.09.30 14:47:54 aiogram.event        INFO     Update id=875901384 is handled. Duration 2075 ms by bot id=8976652462
2026.09.30 14:47:54 aiogram.event        INFO     Update id=875901385 is handled. Duration 19 ms by bot id=8976652462
2026.09.30 14:47:56 aiogram.event        INFO     Update id=875901386 is handled. Duration 22 ms by bot id=8976652462
2026.09.30 14:47:56 aiogram.event        INFO     Update id=875901389 is handled. Duration 40 ms by bot id=8976652462
2026.09.30 14:47:56 aiogram.event        INFO     Update id=875901387 is handled. Duration 44 ms by bot id=8976652462
2026.09.30 14:47:56 aiogram.event        INFO     Update id=875901388 is handled. Duration 46 ms by bot id=8976652462
2026.09.30 14:47:56 aiogram.event        INFO     Update id=875901390 is handled. Duration 114 ms by bot id=8976652462
2026.09.30 14:47:58 core.webprofile      INFO     firefox brauzerindən cookies istifadə edilir.
2026.09.30 14:47:58 core.webprofile      INFO     Seçilmiş User-Agent: Mozilla/5.0 (Windows NT 10.0; Win64; x64) AppleWebKit/537.36 (KHTML, like Gecko) Chrome/122.0.0.0 Safari/537.36
2026.09.30 14:47:58 core.youtube_handler INFO     Yükləmə cəhdi: cookies + default client
2026.09.30 14:47:58 aiogram.event        INFO     Update id=875901392 is not handled. Duration 11 ms by bot id=8976652462
2026.09.30 14:48:03 core.webprofile      INFO     firefox brauzerindən cookies istifadə edilir.
2026.09.30 14:48:04 core.webprofile      INFO     Seçilmiş User-Agent: Mozilla/5.0 (Macintosh; Intel Mac OS X 10_15_7) AppleWebKit/537.36 (KHTML, like Gecko) Chrome/122.0.0.0 Safari/537.36
2026.09.30 14:48:04 core.youtube_handler INFO     Yükləmə cəhdi: cookies + default client
2026.09.30 14:48:04 aiogram.event        INFO     Update id=875901393 is not handled. Duration 143 ms by bot id=8976652462
2026.09.30 14:48:08 aiogram.event        INFO     Update id=875901395 is not handled. Duration 10 ms by bot id=8976652462
2026.09.30 14:48:16 aiogram.event        INFO     Update id=875901397 is not handled. Duration 5 ms by bot id=8976652462
2026.09.30 14:48:22 aiogram.event        INFO     Update id=875901399 is handled. Duration 47 ms by bot id=8976652462
2026.09.30 14:48:24 plugins.music_plugin INFO     Metadata (youtube): YouTube - Qesey qesey
2026.09.30 14:48:24 core.webprofile      INFO     firefox brauzerindən cookies istifadə edilir.
2026.09.30 14:48:24 core.webprofile      INFO     Seçilmiş User-Agent: Mozilla/5.0 (iPhone; CPU iPhone OS 17_2 like Mac OS X) AppleWebKit/605.1.15 (KHTML, like Gecko) Version/17.2 Mobile/15E148 Safari/604.1
2026.09.30 14:48:24 core.youtube_handler INFO     Yükləmə cəhdi: cookies + default client
2026.09.30 14:48:25 plugins.music_plugin INFO     Metadata (youtube): Mürsəl Səfərov - Boş ver (2016)
2026.09.30 14:48:25 core.webprofile      INFO     firefox brauzerindən cookies istifadə edilir.
2026.09.30 14:48:25 core.webprofile      INFO     Seçilmiş User-Agent: Mozilla/5.0 (Windows NT 10.0; Win64; x64) AppleWebKit/537.36 (KHTML, like Gecko) Chrome/122.0.0.0 Safari/537.36
2026.09.30 14:48:25 core.youtube_handler INFO     Yükləmə cəhdi: cookies + default client
2026.09.30 14:48:27 aiogram.event        INFO     Update id=875901391 is handled. Duration 28793 ms by bot id=8976652462
2026.09.30 14:48:28 aiogram.event        INFO     Update id=875901394 is handled. Duration 24393 ms by bot id=8976652462
2026.09.30 14:48:28 aiogram.event        INFO     Update id=875901401 is not handled. Duration 6 ms by bot id=8976652462
2026.09.30 14:48:30 core.webprofile      INFO     firefox brauzerindən cookies istifadə edilir.
2026.09.30 14:48:30 core.webprofile      INFO     Seçilmiş User-Agent: Mozilla/5.0 (iPad; CPU OS 17_2 like Mac OS X) AppleWebKit/605.1.15 (KHTML, like Gecko) Version/17.2 Mobile/15E148 Safari/604.1
2026.09.30 14:48:34 aiogram.event        INFO     Update id=875901402 is handled. Duration 3233 ms by bot id=8976652462
2026.09.30 14:48:34 aiogram.event        INFO     Update id=875901403 is handled. Duration 26 ms by bot id=8976652462
2026.09.30 14:48:36 aiogram.event        INFO     Update id=875901404 is not handled. Duration 7 ms by bot id=8976652462
2026.09.30 14:48:41 aiogram.event        INFO     Update id=875901406 is not handled. Duration 6 ms by bot id=8976652462
2026.09.30 14:48:44 aiogram.event        INFO     Update id=875901408 is handled. Duration 20 ms by bot id=8976652462
2026.09.30 14:48:45 aiogram.event        INFO     Update id=875901409 is not handled. Duration 9 ms by bot id=8976652462
2026.09.30 14:48:49 plugins.music_plugin INFO     Metadata (youtube): Gülağa - Hayıf Məndən
2026.09.30 14:48:49 core.webprofile      INFO     firefox brauzerindən cookies istifadə edilir.
2026.09.30 14:48:49 core.webprofile      INFO     Seçilmiş User-Agent: Mozilla/5.0 (Windows NT 10.0; Win64; x64) AppleWebKit/537.36 (KHTML, like Gecko) Edge/120.0.0.0 Safari/537.36
2026.09.30 14:48:49 core.youtube_handler INFO     Yükləmə cəhdi: cookies + default client
2026.09.30 14:48:51 aiogram.event        INFO     Update id=875901396 is handled. Duration 43027 ms by bot id=8976652462
2026.09.30 14:48:52 plugins.music_plugin INFO     Metadata (youtube): 𝐍𝐢𝐲ə 𝐙𝐚𝐥ı𝐦 𝐒ə𝐧 𝐀𝐠̆𝐚𝐫𝐭𝐝ı𝐧 𝐒𝐚𝐜̧ı𝐦ı𝐧 𝐐𝐚𝐫ə𝐥ə𝐫𝐢𝐧 - [ 𝐀𝐱𝐭𝐚𝐫ı𝐥𝐚𝐧 𝐌𝐚𝐡𝐧ı 𝐁𝐚𝐬𝐬 𝐑𝐞𝐦𝐢𝐱 𝟐𝟎𝟐𝟓 ] 𝐘𝐞𝐧𝐢 𝐌𝐚𝐡𝐧ı
2026.09.30 14:48:52 core.webprofile      INFO     firefox brauzerindən cookies istifadə edilir.
2026.09.30 14:48:52 core.webprofile      INFO     Seçilmiş User-Agent: Mozilla/5.0 (iPhone; CPU iPhone OS 17_2 like Mac OS X) AppleWebKit/605.1.15 (KHTML, like Gecko) Version/17.2 Mobile/15E148 Safari/604.1
2026.09.30 14:48:52 core.youtube_handler INFO     Yükləmə cəhdi: cookies + default client
2026.09.30 14:48:54 aiogram.event        INFO     Update id=875901398 is handled. Duration 37798 ms by bot id=8976652462
2026.09.30 14:48:54 aiogram.event        INFO     Update id=875901412 is not handled. Duration 1 ms by bot id=8976652462
2026.09.30 14:49:00 aiogram.event        INFO     Update id=875901413 is handled. Duration 23 ms by bot id=8976652462
2026.09.30 14:49:02 aiogram.event        INFO     Update id=875901414 is not handled. Duration 5 ms by bot id=8976652462
2026.09.30 14:49:10 aiogram.event        INFO     Update id=875901416 is not handled. Duration 10 ms by bot id=8976652462
2026.09.30 14:49:13 plugins.music_plugin INFO     Metadata (youtube): YouTube - Buda Təzə Temadır Yetim
2026.09.30 14:49:13 core.webprofile      INFO     firefox brauzerindən cookies istifadə edilir.
2026.09.30 14:49:13 core.webprofile      INFO     Seçilmiş User-Agent: Mozilla/5.0 (Linux; Android 14; Pixel 8 Pro) AppleWebKit/537.36 (KHTML, like Gecko) Chrome/122.0.0.0 Mobile Safari/537.36
2026.09.30 14:49:13 core.youtube_handler INFO     Yükləmə cəhdi: cookies + default client
2026.09.30 14:49:14 aiogram.event        INFO     Update id=875901400 is handled. Duration 46572 ms by bot id=8976652462
2026.09.30 14:49:15 plugins.music_plugin INFO     Metadata (youtube): YouTube - Ölüb Eliyərsən
2026.09.30 14:49:15 core.webprofile      INFO     firefox brauzerindən cookies istifadə edilir.
2026.09.30 14:49:15 core.webprofile      INFO     Seçilmiş User-Agent: Mozilla/5.0 (Linux; Android 14; SM-G998B) AppleWebKit/537.36 (KHTML, like Gecko) Chrome/122.0.0.0 Mobile Safari/537.36
2026.09.30 14:49:15 core.youtube_handler INFO     Yükləmə cəhdi: cookies + default client
2026.09.30 14:49:16 aiogram.event        INFO     Update id=875901405 is handled. Duration 40410 ms by bot id=8976652462
2026.09.30 14:49:17 aiogram.event        INFO     Update id=875901419 is not handled. Duration 8 ms by bot id=8976652462
2026.09.30 14:49:20 aiogram.event        INFO     Update id=875901420 is handled. Duration 46 ms by bot id=8976652462
2026.09.30 14:49:25 aiogram.event        INFO     Update id=875901421 is not handled. Duration 4 ms by bot id=8976652462
2026.09.30 14:49:28 aiogram.event        INFO     Update id=875901423 is handled. Duration 31 ms by bot id=8976652462
2026.09.30 14:49:28 aiogram.event        INFO     Update id=875901424 is handled. Duration 18 ms by bot id=8976652462
2026.09.30 14:49:29 aiogram.event        INFO     Update id=875901425 is handled. Duration 19 ms by bot id=8976652462
2026.09.30 14:49:29 aiogram.event        INFO     Update id=875901426 is handled. Duration 22 ms by bot id=8976652462
2026.09.30 14:49:31 aiogram.event        INFO     Update id=875901427 is handled. Duration 25 ms by bot id=8976652462
2026.09.30 14:49:31 aiogram.event        INFO     Update id=875901428 is not handled. Duration 11 ms by bot id=8976652462
2026.09.30 14:49:35 aiogram.event        INFO     Update id=875901430 is handled. Duration 45 ms by bot id=8976652462
2026.09.30 14:49:40 plugins.music_plugin INFO     Metadata (youtube): YouTube - Mursel Kef Ele 2011
2026.09.30 14:49:40 core.webprofile      INFO     firefox brauzerindən cookies istifadə edilir.
2026.09.30 14:49:40 core.webprofile      INFO     Seçilmiş User-Agent: Mozilla/5.0 (Windows NT 10.0; Win64; x64) AppleWebKit/537.36 (KHTML, like Gecko) Chrome/122.0.0.0 Safari/537.36
2026.09.30 14:49:40 core.youtube_handler INFO     Yükləmə cəhdi: cookies + default client
2026.09.30 14:49:41 plugins.music_plugin INFO     Metadata (youtube): YouTube - Bir Addim Yaxinlash
2026.09.30 14:49:41 core.webprofile      INFO     firefox brauzerindən cookies istifadə edilir.
2026.09.30 14:49:41 core.webprofile      INFO     Seçilmiş User-Agent: Mozilla/5.0 (Linux; Android 14; SM-G998B) AppleWebKit/537.36 (KHTML, like Gecko) Chrome/122.0.0.0 Mobile Safari/537.36
2026.09.30 14:49:41 core.youtube_handler INFO     Yükləmə cəhdi: cookies + default client
2026.09.30 14:49:43 aiogram.event        INFO     Update id=875901410 is handled. Duration 57387 ms by bot id=8976652462
2026.09.30 14:49:44 aiogram.event        INFO     Update id=875901407 is handled. Duration 62935 ms by bot id=8976652462
2026.09.30 14:49:46 core.webprofile      INFO     firefox brauzerindən cookies istifadə edilir.
2026.09.30 14:49:46 core.webprofile      INFO     Seçilmiş User-Agent: Mozilla/5.0 (Windows NT 10.0; Win64; x64) AppleWebKit/537.36 (KHTML, like Gecko) Chrome/122.0.0.0 Safari/537.36
2026.09.30 14:49:49 aiogram.event        INFO     Update id=875901431 is handled. Duration 2744 ms by bot id=8976652462
2026.09.30 14:49:49 aiogram.event        INFO     Update id=875901432 is handled. Duration 21 ms by bot id=8976652462
2026.09.30 14:49:50 aiogram.event        INFO     Update id=875901433 is handled. Duration 35 ms by bot id=8976652462
2026.09.30 14:49:50 aiogram.event        INFO     Update id=875901434 is handled. Duration 19 ms by bot id=8976652462
2026.09.30 14:49:53 aiogram.event        INFO     Update id=875901435 is handled. Duration 74 ms by bot id=8976652462
2026.09.30 14:49:53 aiogram.event        INFO     Update id=875901436 is handled. Duration 66 ms by bot id=8976652462
2026.09.30 14:49:53 aiogram.event        INFO     Update id=875901438 is handled. Duration 69 ms by bot id=8976652462
2026.09.30 14:49:53 aiogram.event        INFO     Update id=875901437 is handled. Duration 76 ms by bot id=8976652462
2026.09.30 14:49:53 aiogram.event        INFO     Update id=875901439 is handled. Duration 73 ms by bot id=8976652462
2026.09.30 14:49:55 aiogram.event        INFO     Update id=875901441 is not handled. Duration 4 ms by bot id=8976652462
2026.09.30 14:50:05 plugins.music_plugin INFO     Metadata (youtube): YouTube - Azeri Music (Meni Sevmir O Gozel Yar)
2026.09.30 14:50:05 core.webprofile      INFO     firefox brauzerindən cookies istifadə edilir.
2026.09.30 14:50:05 core.webprofile      INFO     Seçilmiş User-Agent: Mozilla/5.0 (Windows NT 10.0; Win64; x64) AppleWebKit/537.36 (KHTML, like Gecko) Edge/120.0.0.0 Safari/537.36
2026.09.30 14:50:05 core.youtube_handler INFO     Yükləmə cəhdi: cookies + default client
2026.09.30 14:50:07 aiogram.event        INFO     Update id=875901411 is handled. Duration 72894 ms by bot id=8976652462
2026.09.30 14:50:12 plugins.music_plugin INFO     Metadata (youtube): Mahir Ay Brat & Uzeyir Mehdizade - O Yana Gedir Bu Yana Gedir
2026.09.30 14:50:12 core.webprofile      INFO     firefox brauzerindən cookies istifadə edilir.
2026.09.30 14:50:12 core.webprofile      INFO     Seçilmiş User-Agent: Mozilla/5.0 (Windows NT 10.0; Win64; x64) AppleWebKit/537.36 (KHTML, like Gecko) Chrome/122.0.0.0 Safari/537.36
2026.09.30 14:50:12 core.youtube_handler INFO     Yükləmə cəhdi: cookies + default client
2026.09.30 14:50:12 core.webprofile      INFO     firefox brauzerindən cookies istifadə edilir.
2026.09.30 14:50:12 core.webprofile      INFO     Seçilmiş User-Agent: Mozilla/5.0 (X11; Ubuntu; Linux x86_64; rv:120.0) Gecko/20100101 Firefox/120.0
2026.09.30 14:50:13 aiogram.event        INFO     Update id=875901415 is handled. Duration 70747 ms by bot id=8976652462
2026.09.30 14:50:15 aiogram.event        INFO     Update id=875901442 is handled. Duration 3068 ms by bot id=8976652462
2026.09.30 14:50:15 aiogram.event        INFO     Update id=875901443 is handled. Duration 41 ms by bot id=8976652462
2026.09.30 14:50:17 aiogram.event        INFO     Update id=875901444 is handled. Duration 38 ms by bot id=8976652462
2026.09.30 14:50:17 aiogram.event        INFO     Update id=875901445 is handled. Duration 38 ms by bot id=8976652462
2026.09.30 14:50:17 aiogram.event        INFO     Update id=875901446 is handled. Duration 44 ms by bot id=8976652462
2026.09.30 14:50:17 aiogram.event        INFO     Update id=875901447 is handled. Duration 94 ms by bot id=8976652462
2026.09.30 14:50:18 aiogram.event        INFO     Update id=875901449 is not handled. Duration 2 ms by bot id=8976652462
2026.09.30 14:50:26 aiogram.event        INFO     Update id=875901450 is handled. Duration 35 ms by bot id=8976652462
2026.09.30 14:50:30 aiogram.event        INFO     Update id=875901451 is handled. Duration 24 ms by bot id=8976652462
2026.09.30 14:50:34 aiogram.event        INFO     Update id=875901452 is not handled. Duration 10 ms by bot id=8976652462
2026.09.30 14:50:35 plugins.music_plugin INFO     Metadata (youtube): YouTube - Sən ey vəfasız
2026.09.30 14:50:35 core.webprofile      INFO     firefox brauzerindən cookies istifadə edilir.
2026.09.30 14:50:35 core.webprofile      INFO     Seçilmiş User-Agent: Mozilla/5.0 (X11; Linux x86_64) AppleWebKit/537.36 (KHTML, like Gecko) Chrome/122.0.0.0 Safari/537.36
2026.09.30 14:50:35 core.youtube_handler INFO     Yükləmə cəhdi: cookies + default client
2026.09.30 14:50:36 plugins.music_plugin INFO     Metadata (youtube): Balabəy Ağayev - Səssiz Gecələr
2026.09.30 14:50:36 core.webprofile      INFO     firefox brauzerindən cookies istifadə edilir.
2026.09.30 14:50:36 core.webprofile      INFO     Seçilmiş User-Agent: Mozilla/5.0 (Windows NT 10.0; Win64; x64; rv:120.0) Gecko/20100101 Firefox/120.0
2026.09.30 14:50:36 core.youtube_handler INFO     Yükləmə cəhdi: cookies + default client
2026.09.30 14:50:38 aiogram.event        INFO     Update id=875901417 is handled. Duration 87924 ms by bot id=8976652462
2026.09.30 14:50:39 aiogram.event        INFO     Update id=875901418 is handled. Duration 82532 ms by bot id=8976652462
2026.09.30 14:50:48 plugins.music_plugin INFO     Metadata (youtube): Getme Gedersen Olerem Sensiz - (YENİ RMX 2026)
2026.09.30 14:50:48 core.webprofile      INFO     firefox brauzerindən cookies istifadə edilir.
2026.09.30 14:50:48 core.webprofile      INFO     Seçilmiş User-Agent: Mozilla/5.0 (Windows NT 10.0; Win64; x64) AppleWebKit/537.36 (KHTML, like Gecko) Chrome/122.0.0.0 Safari/537.36
2026.09.30 14:50:48 core.youtube_handler INFO     Yükləmə cəhdi: cookies + default client
2026.09.30 14:50:49 aiogram.event        INFO     Update id=875901422 is handled. Duration 84199 ms by bot id=8976652462
2026.09.30 14:50:55 plugins.music_plugin INFO     Metadata (youtube): YouTube - Ömür kitaba bənzəyir
2026.09.30 14:50:55 core.webprofile      INFO     firefox brauzerindən cookies istifadə edilir.
2026.09.30 14:50:55 core.webprofile      INFO     Seçilmiş User-Agent: Mozilla/5.0 (Windows NT 10.0; Win64; x64; rv:120.0) Gecko/20100101 Firefox/120.0
2026.09.30 14:50:55 core.youtube_handler INFO     Yükləmə cəhdi: cookies + default client
2026.09.30 14:50:57 aiogram.event        INFO     Update id=875901429 is handled. Duration 86020 ms by bot id=8976652462
2026.09.30 14:51:17 core.webprofile      INFO     firefox brauzerindən cookies istifadə edilir.
2026.09.30 14:51:17 core.webprofile      INFO     Seçilmiş User-Agent: Mozilla/5.0 (Macintosh; Intel Mac OS X 10_15_7) AppleWebKit/537.36 (KHTML, like Gecko) Chrome/122.0.0.0 Safari/537.36
2026.09.30 14:51:18 plugins.music_plugin INFO     Metadata (youtube): Azeri Bass Music - Ay Mənim İlk Məhəbbətim
2026.09.30 14:51:18 core.webprofile      INFO     firefox brauzerindən cookies istifadə edilir.
2026.09.30 14:51:18 core.webprofile      INFO     Seçilmiş User-Agent: Mozilla/5.0 (Linux; Android 14; SM-G998B) AppleWebKit/537.36 (KHTML, like Gecko) Chrome/122.0.0.0 Mobile Safari/537.36
2026.09.30 14:51:18 core.youtube_handler INFO     Yükləmə cəhdi: cookies + default client
2026.09.30 14:51:19 plugins.music_plugin INFO     Metadata (youtube): YouTube - Senan & Veli & Arzu Buda Teze temadir yetim 2012 XiT
2026.09.30 14:51:20 aiogram.event        INFO     Update id=875901454 is handled. Duration 2891 ms by bot id=8976652462
2026.09.30 14:51:21 aiogram.event        INFO     Update id=875901455 is handled. Duration 51 ms by bot id=8976652462
2026.09.30 14:51:21 aiogram.event        INFO     Update id=875901448 is handled. Duration 62603 ms by bot id=8976652462
2026.09.30 14:51:22 aiogram.event        INFO     Update id=875901440 is handled. Duration 86676 ms by bot id=8976652462
2026.09.30 14:51:35 aiogram.event        INFO     Update id=875901456 is handled. Duration 22 ms by bot id=8976652462
2026.09.30 14:51:35 aiogram.event        INFO     Update id=875901457 is handled. Duration 30 ms by bot id=8976652462
2026.09.30 14:51:36 core.webprofile      INFO     firefox brauzerindən cookies istifadə edilir.
2026.09.30 14:51:36 core.webprofile      INFO     Seçilmiş User-Agent: Mozilla/5.0 (X11; Ubuntu; Linux x86_64; rv:120.0) Gecko/20100101 Firefox/120.0
2026.09.30 14:51:36 core.youtube_handler INFO     Yükləmə cəhdi: cookies + default client
2026.09.30 14:51:36 aiogram.event        INFO     Update id=875901459 is not handled. Duration 12 ms by bot id=8976652462
2026.09.30 14:51:39 plugins.music_plugin INFO     Metadata (youtube): Uzeyir Mehdizade - Cavanliq Ela Seydi
2026.09.30 14:51:41 aiogram.event        INFO     Update id=875901453 is handled. Duration 66662 ms by bot id=8976652462
2026.09.30 14:51:50 plugins.music_plugin INFO     Metadata (youtube): Vahid Qedim - Zəmanəmiz kəllə mayallaq gedir - (Kaset mahnilari) #arxiv #retro #dolya
2026.09.30 14:51:54 aiogram.event        INFO     Update id=875901458 is handled. Duration 17866 ms by bot id=8976652462
2026.09.30 14:51:58 core.webprofile      INFO     firefox brauzerindən cookies istifadə edilir.
2026.09.30 14:51:58 core.webprofile      INFO     Seçilmiş User-Agent: Mozilla/5.0 (Linux; Android 14; SM-G998B) AppleWebKit/537.36 (KHTML, like Gecko) Chrome/122.0.0.0 Mobile Safari/537.36
2026.09.30 14:52:00 aiogram.event        INFO     Update id=875901460 is handled. Duration 2331 ms by bot id=8976652462
2026.09.30 14:52:01 aiogram.event        INFO     Update id=875901461 is handled. Duration 20 ms by bot id=8976652462
2026.09.30 14:52:02 aiogram.event        INFO     Update id=875901463 is handled. Duration 23 ms by bot id=8976652462
2026.09.30 14:52:02 aiogram.event        INFO     Update id=875901462 is handled. Duration 28 ms by bot id=8976652462
2026.09.30 14:52:02 aiogram.event        INFO     Update id=875901464 is handled. Duration 32 ms by bot id=8976652462
2026.09.30 14:52:02 aiogram.event        INFO     Update id=875901465 is handled. Duration 69 ms by bot id=8976652462
2026.09.30 14:52:04 core.webprofile      INFO     firefox brauzerindən cookies istifadə edilir.
2026.09.30 14:52:04 core.webprofile      INFO     Seçilmiş User-Agent: Mozilla/5.0 (Macintosh; Intel Mac OS X 10_15_7) AppleWebKit/537.36 (KHTML, like Gecko) Chrome/122.0.0.0 Safari/537.36
2026.09.30 14:52:04 core.youtube_handler INFO     Yükləmə cəhdi: cookies + default client
2026.09.30 14:52:04 aiogram.event        INFO     Update id=875901467 is not handled. Duration 3 ms by bot id=8976652462
2026.09.30 14:52:08 core.webprofile      INFO     firefox brauzerindən cookies istifadə edilir.
2026.09.30 14:52:08 core.webprofile      INFO     Seçilmiş User-Agent: Mozilla/5.0 (iPad; CPU OS 17_2 like Mac OS X) AppleWebKit/605.1.15 (KHTML, like Gecko) Version/17.2 Mobile/15E148 Safari/604.1
2026.09.30 14:52:08 core.youtube_handler INFO     Yükləmə cəhdi: cookies + default client
2026.09.30 14:52:08 aiogram.event        INFO     Update id=875901468 is not handled. Duration 256 ms by bot id=8976652462
2026.09.30 14:52:16 aiogram.event        INFO     Update id=875901470 is handled. Duration 28 ms by bot id=8976652462
2026.09.30 14:52:20 aiogram.event        INFO     Update id=875901471 is handled. Duration 26 ms by bot id=8976652462
2026.09.30 14:52:24 plugins.music_plugin INFO     Metadata (youtube): YouTube - Cahid ft Resad Sumqayitli Tema Bahalasdi 2013
2026.09.30 14:52:26 aiogram.event        INFO     Update id=875901466 is handled. Duration 21794 ms by bot id=8976652462
2026.09.30 14:52:28 plugins.music_plugin INFO     Metadata (youtube): YouTube - Elvin Zaman (SEN HELE BUNUN KAYFINA BAX)
2026.09.30 14:52:29 core.webprofile      INFO     firefox brauzerindən cookies istifadə edilir.
2026.09.30 14:52:29 core.webprofile      INFO     Seçilmiş User-Agent: Mozilla/5.0 (iPhone; CPU iPhone OS 17_2 like Mac OS X) AppleWebKit/605.1.15 (KHTML, like Gecko) Version/17.2 Mobile/15E148 Safari/604.1
2026.09.30 14:52:29 core.youtube_handler INFO     Yükləmə cəhdi: cookies + default client
2026.09.30 14:52:29 aiogram.event        INFO     Update id=875901473 is not handled. Duration 3 ms by bot id=8976652462
2026.09.30 14:52:29 aiogram.event        INFO     Update id=875901469 is handled. Duration 21593 ms by bot id=8976652462
2026.09.30 14:52:33 core.webprofile      INFO     firefox brauzerindən cookies istifadə edilir.
2026.09.30 14:52:33 core.webprofile      INFO     Seçilmiş User-Agent: Mozilla/5.0 (iPad; CPU OS 17_2 like Mac OS X) AppleWebKit/605.1.15 (KHTML, like Gecko) Version/17.2 Mobile/15E148 Safari/604.1
2026.09.30 14:52:35 aiogram.event        INFO     Update id=875901474 is handled. Duration 2775 ms by bot id=8976652462
2026.09.30 14:52:36 aiogram.event        INFO     Update id=875901475 is handled. Duration 36 ms by bot id=8976652462
2026.09.30 14:52:37 aiogram.event        INFO     Update id=875901476 is handled. Duration 85 ms by bot id=8976652462
2026.09.30 14:52:37 aiogram.event        INFO     Update id=875901477 is handled. Duration 86 ms by bot id=8976652462
2026.09.30 14:52:39 aiogram.event        INFO     Update id=875901478 is handled. Duration 21 ms by bot id=8976652462
2026.09.30 14:52:39 aiogram.event        INFO     Update id=875901479 is handled. Duration 21 ms by bot id=8976652462
2026.09.30 14:52:48 core.webprofile      INFO     firefox brauzerindən cookies istifadə edilir.
2026.09.30 14:52:48 core.webprofile      INFO     Seçilmiş User-Agent: Mozilla/5.0 (iPhone; CPU iPhone OS 17_2 like Mac OS X) AppleWebKit/605.1.15 (KHTML, like Gecko) Version/17.2 Mobile/15E148 Safari/604.1
2026.09.30 14:52:48 core.youtube_handler INFO     Yükləmə cəhdi: cookies + default client
2026.09.30 14:52:48 aiogram.event        INFO     Update id=875901481 is not handled. Duration 21 ms by bot id=8976652462
2026.09.30 14:52:49 plugins.music_plugin INFO     Metadata (youtube): Balabəy Ağayev ft Gülağa Ağayev ft Cavid - Bir Addım da Yaxınlaş
2026.09.30 14:52:51 aiogram.event        INFO     Update id=875901472 is handled. Duration 22647 ms by bot id=8976652462
2026.09.30 14:53:08 plugins.music_plugin INFO     Metadata (youtube): Balabəy Ağayev ft Gülağa Ağayev - Sən də Qaqaş Mən də Qaqaş
2026.09.30 14:53:09 aiogram.event        INFO     Update id=875901480 is handled. Duration 21596 ms by bot id=8976652462
2026.09.30 14:55:38 aiogram.event        INFO     Update id=875901482 is handled. Duration 0 ms by bot id=8976652462
2026.09.30 14:59:19 aiogram.dispatcher   WARNING  Received SIGINT signal
2026.09.30 14:59:19 aiogram.dispatcher   INFO     Polling stopped for bot @dllmasterbot id=8976652462 - 'DLLMaster'
2026.09.30 14:59:19 aiogram.dispatcher   INFO     Polling stopped
2026.09.30 14:59:20 __main__             INFO     🛑 Polling stopped
2026.09.30 14:59:20 __main__             INFO     🔴 Bot stopped
2026.09.30 14:59:27 __main__             INFO     🤖 Starting bot...
2026.09.30 14:59:27 __main__             INFO     🚀 Starting bot initialization...
2026.09.30 14:59:27 core.spotify_handler INFO     Spotify API connection established.
2026.09.30 14:59:27 __main__             INFO     ✅ Spotify service initialized
2026.09.30 14:59:27 core.webprofile      INFO     Seçilmiş User-Agent: Mozilla/5.0 (Windows NT 10.0; Win64; x64; rv:120.0) Gecko/20100101 Firefox/120.0
2026.09.30 14:59:27 core.youtube_handler INFO     firefox brauzerindən cookies istifadə edilir.
2026.09.30 14:59:27 __main__             INFO     ✅ YouTube services initialized (firefox)
2026.09.30 14:59:27 __main__             INFO     🔌 Loading plugins...
2026.09.30 14:59:27 core.utilities       INFO     🔍 Scanning plugins in: /home/admin/dlmaster/plugins
2026.09.30 14:59:27 core.utilities       INFO     🔄 Loading: plugins.audio_editor_plugin
2026.09.30 14:59:27 core.utilities       INFO     🔄 Loading: plugins.menu_plugin
2026.09.30 14:59:27 core.utilities       INFO     🔄 Loading: plugins.music_plugin
2026.09.30 14:59:27 core.utilities       INFO     🔄 Loading: plugins.spotify_plugin
2026.09.30 14:59:27 core.utilities       INFO     🔄 Loading: plugins.start_plugin
2026.09.30 14:59:27 core.utilities       INFO     🔄 Loading: plugins.update_notifier_plugin
2026.09.30 14:59:27 core.utilities       INFO     🔄 Loading: plugins.youtube_plugin
2026.09.30 14:59:27 core.utilities       INFO     ✅ Loaded: plugins.audio_editor_plugin
2026.09.30 14:59:27 plugins.menu_plugin  INFO     ✅ Menu plugin yükləndi
2026.09.30 14:59:27 core.utilities       INFO     ✅ Loaded: plugins.menu_plugin
2026.09.30 14:59:27 core.utilities       INFO     ✅ Loaded: plugins.music_plugin
2026.09.30 14:59:27 core.utilities       INFO     ✅ Loaded: plugins.spotify_plugin
2026.09.30 14:59:27 plugins.start_plugin WARNING  Default admin yetkiləri təyin edilmədi: 4 validation errors for ChatAdministratorRights
can_post_stories
  Field required [type=missing, input_value={'is_anonymous': False, '...can_pin_messages': True}, input_type=dict]
    For further information visit https://errors.pydantic.dev/2.13/v/missing
can_edit_stories
  Field required [type=missing, input_value={'is_anonymous': False, '...can_pin_messages': True}, input_type=dict]
    For further information visit https://errors.pydantic.dev/2.13/v/missing
can_delete_stories
  Field required [type=missing, input_value={'is_anonymous': False, '...can_pin_messages': True}, input_type=dict]
    For further information visit https://errors.pydantic.dev/2.13/v/missing
can_send_welcome_messages
  Field required [type=missing, input_value={'is_anonymous': False, '...can_pin_messages': True}, input_type=dict]
    For further information visit https://errors.pydantic.dev/2.13/v/missing
2026.09.30 14:59:27 plugins.start_plugin INFO     ✅ Start plugin yükləndi
2026.09.30 14:59:27 core.utilities       INFO     ✅ Loaded: plugins.start_plugin
2026.09.30 14:59:27 core.utilities       INFO     ✅ Loaded: plugins.youtube_plugin
2026.09.30 14:59:27 core.utilities       INFO     ✅ Loaded: plugins.update_notifier_plugin
2026.09.30 14:59:27 __main__             INFO     🚀 Starting polling...
2026.09.30 14:59:27 aiogram.dispatcher   INFO     Start polling
2026.09.30 14:59:27 aiogram.dispatcher   INFO     Run polling for bot @dllmasterbot id=8976652462 - 'DLLMaster'
2026.09.30 14:59:30 plugins.update_notifier_plugin INFO     ✅ Yeniləmə bildirişi göndərildi
2026.09.30 14:59:44 aiogram.event        INFO     Update id=875901483 is handled. Duration 2128 ms by bot id=8976652462
2026.09.30 15:00:55 aiogram.event        INFO     Update id=875901484 is not handled. Duration 4 ms by bot id=8976652462
2026.09.30 15:02:51 aiogram.event        INFO     Update id=875901485 is handled. Duration 0 ms by bot id=8976652462
2026.09.30 15:02:56 aiogram.event        INFO     Update id=875901486 is handled. Duration 800 ms by bot id=8976652462
2026.09.30 15:02:57 core.webprofile      INFO     firefox brauzerindən cookies istifadə edilir.
2026.09.30 15:02:57 core.webprofile      INFO     Seçilmiş User-Agent: Mozilla/5.0 (X11; Ubuntu; Linux x86_64; rv:120.0) Gecko/20100101 Firefox/120.0
2026.09.30 15:03:00 aiogram.event        INFO     Update id=875901487 is handled. Duration 4098 ms by bot id=8976652462
2026.09.30 15:03:02 core.webprofile      INFO     firefox brauzerindən cookies istifadə edilir.
2026.09.30 15:03:02 core.webprofile      INFO     Seçilmiş User-Agent: Mozilla/5.0 (X11; Linux x86_64) AppleWebKit/537.36 (KHTML, like Gecko) Chrome/122.0.0.0 Safari/537.36
2026.09.30 15:03:02 core.youtube_handler INFO     Yükləmə cəhdi: cookies + default client
2026.09.30 15:03:02 plugins.music_plugin WARNING  Odesli API açar tələb edir (ODESLI_API_KEY). Birbaşa song.link/<url> linki istifadə olunacaq.
2026.09.30 15:03:17 aiogram.event        INFO     Update id=875901489 is handled. Duration 0 ms by bot id=8976652462
2026.09.30 15:03:20 core.webprofile      INFO     firefox brauzerindən cookies istifadə edilir.
2026.09.30 15:03:20 core.webprofile      INFO     Seçilmiş User-Agent: Mozilla/5.0 (X11; Linux x86_64) AppleWebKit/537.36 (KHTML, like Gecko) Chrome/122.0.0.0 Safari/537.36
2026.09.30 15:03:23 core.webprofile      INFO     firefox brauzerindən cookies istifadə edilir.
2026.09.30 15:03:23 core.webprofile      INFO     Seçilmiş User-Agent: Mozilla/5.0 (iPhone; CPU iPhone OS 17_2 like Mac OS X) AppleWebKit/605.1.15 (KHTML, like Gecko) Version/17.2 Mobile/15E148 Safari/604.1
2026.09.30 15:03:23 core.youtube_handler INFO     Yükləmə cəhdi: cookies + default client
2026.09.30 15:03:25 aiogram.event        INFO     Update id=875901490 is handled. Duration 5930 ms by bot id=8976652462
2026.09.30 15:03:26 aiogram.event        INFO     Update id=875901492 is handled. Duration 0 ms by bot id=8976652462
2026.09.30 15:03:27 plugins.music_plugin INFO     Metadata (youtube): YouTube - Sən ey vəfasız
2026.09.30 15:03:28 aiogram.event        INFO     Update id=875901493 is handled. Duration 801 ms by bot id=8976652462
2026.09.30 15:03:28 core.webprofile      INFO     firefox brauzerindən cookies istifadə edilir.
2026.09.30 15:03:28 core.webprofile      INFO     Seçilmiş User-Agent: Mozilla/5.0 (iPad; CPU OS 17_2 like Mac OS X) AppleWebKit/605.1.15 (KHTML, like Gecko) Version/17.2 Mobile/15E148 Safari/604.1
2026.09.30 15:03:30 aiogram.event        INFO     Update id=875901488 is handled. Duration 27629 ms by bot id=8976652462
2026.09.30 15:03:32 aiogram.event        INFO     Update id=875901494 is handled. Duration 4579 ms by bot id=8976652462
2026.09.30 15:03:33 core.webprofile      INFO     firefox brauzerindən cookies istifadə edilir.
2026.09.30 15:03:33 core.webprofile      INFO     Seçilmiş User-Agent: Mozilla/5.0 (Macintosh; Intel Mac OS X 10_15_7) AppleWebKit/537.36 (KHTML, like Gecko) Chrome/122.0.0.0 Safari/537.36
2026.09.30 15:03:33 core.youtube_handler INFO     Yükləmə cəhdi: cookies + default client
2026.09.30 15:03:35 plugins.music_plugin INFO     Metadata (youtube): YouTube - Nələr baş verir qazamatda
2026.09.30 15:03:36 aiogram.event        INFO     Update id=875901491 is handled. Duration 13209 ms by bot id=8976652462
2026.09.30 15:03:37 core.webprofile      INFO     firefox brauzerindən cookies istifadə edilir.
2026.09.30 15:03:37 core.webprofile      INFO     Seçilmiş User-Agent: Mozilla/5.0 (iPad; CPU OS 17_2 like Mac OS X) AppleWebKit/605.1.15 (KHTML, like Gecko) Version/17.2 Mobile/15E148 Safari/604.1
2026.09.30 15:03:40 aiogram.event        INFO     Update id=875901496 is handled. Duration 2940 ms by bot id=8976652462
2026.09.30 15:03:40 aiogram.event        INFO     Update id=875901497 is handled. Duration 33 ms by bot id=8976652462
2026.09.30 15:03:42 core.webprofile      INFO     firefox brauzerindən cookies istifadə edilir.
2026.09.30 15:03:42 core.webprofile      INFO     Seçilmiş User-Agent: Mozilla/5.0 (iPhone; CPU iPhone OS 17_2 like Mac OS X) AppleWebKit/605.1.15 (KHTML, like Gecko) Version/17.2 Mobile/15E148 Safari/604.1
2026.09.30 15:03:42 core.youtube_handler INFO     Yükləmə cəhdi: cookies + default client
2026.09.30 15:03:43 aiogram.event        INFO     Update id=875901499 is handled. Duration 104 ms by bot id=8976652462
2026.09.30 15:03:46 core.webprofile      INFO     firefox brauzerindən cookies istifadə edilir.
2026.09.30 15:03:46 core.webprofile      INFO     Seçilmiş User-Agent: Mozilla/5.0 (iPad; CPU OS 17_2 like Mac OS X) AppleWebKit/605.1.15 (KHTML, like Gecko) Version/17.2 Mobile/15E148 Safari/604.1
2026.09.30 15:03:50 aiogram.event        INFO     Update id=875901500 is handled. Duration 3615 ms by bot id=8976652462
2026.09.30 15:03:52 aiogram.event        INFO     Update id=875901501 is handled. Duration 79 ms by bot id=8976652462
2026.09.30 15:03:52 aiogram.event        INFO     Update id=875901502 is handled. Duration 29 ms by bot id=8976652462
2026.09.30 15:03:52 aiogram.event        INFO     Update id=875901503 is handled. Duration 39 ms by bot id=8976652462
2026.09.30 15:03:57 plugins.music_plugin INFO     Metadata (youtube): YouTube - Kim ki düşüb kalonlara
2026.09.30 15:03:57 core.webprofile      INFO     firefox brauzerindən cookies istifadə edilir.
2026.09.30 15:03:57 core.webprofile      INFO     Seçilmiş User-Agent: Mozilla/5.0 (Linux; Android 14; Pixel 8 Pro) AppleWebKit/537.36 (KHTML, like Gecko) Chrome/122.0.0.0 Mobile Safari/537.36
2026.09.30 15:03:57 core.youtube_handler INFO     Yükləmə cəhdi: cookies + default client
2026.09.30 15:03:59 aiogram.event        INFO     Update id=875901495 is handled. Duration 26100 ms by bot id=8976652462
2026.09.30 15:04:09 plugins.music_plugin INFO     Metadata (youtube): 𝐍𝐢𝐲ə 𝐙𝐚𝐥ı𝐦 𝐒ə𝐧 𝐀𝐠̆𝐚𝐫𝐭𝐝ı𝐧 𝐒𝐚𝐜̧ı𝐦ı𝐧 𝐐𝐚𝐫ə𝐥ə𝐫𝐢𝐧 - [ 𝐀𝐱𝐭𝐚𝐫ı𝐥𝐚𝐧 𝐌𝐚𝐡𝐧ı 𝐁𝐚𝐬𝐬 𝐑𝐞𝐦𝐢𝐱 𝟐𝟎𝟐𝟓 ] 𝐘𝐞𝐧𝐢 𝐌𝐚𝐡𝐧ı
2026.09.30 15:04:09 core.webprofile      INFO     firefox brauzerindən cookies istifadə edilir.
2026.09.30 15:04:09 core.webprofile      INFO     Seçilmiş User-Agent: Mozilla/5.0 (X11; Ubuntu; Linux x86_64; rv:120.0) Gecko/20100101 Firefox/120.0
2026.09.30 15:04:09 core.youtube_handler INFO     Yükləmə cəhdi: cookies + default client
2026.09.30 15:04:11 plugins.music_plugin INFO     Metadata (youtube): YouTube - Он Блатной
2026.09.30 15:04:11 core.webprofile      INFO     firefox brauzerindən cookies istifadə edilir.
2026.09.30 15:04:11 core.webprofile      INFO     Seçilmiş User-Agent: Mozilla/5.0 (Windows NT 10.0; Win64; x64; rv:120.0) Gecko/20100101 Firefox/120.0
2026.09.30 15:04:11 core.youtube_handler INFO     Yükləmə cəhdi: cookies + default client
2026.09.30 15:04:11 aiogram.event        INFO     Update id=875901498 is handled. Duration 29495 ms by bot id=8976652462
2026.09.30 15:04:12 aiogram.event        INFO     Update id=875901504 is handled. Duration 17335 ms by bot id=8976652462
2026.09.30 15:04:26 aiogram.event        INFO     Update id=875901509 is handled. Duration 25 ms by bot id=8976652462
2026.09.30 15:04:26 aiogram.event        INFO     Update id=875901508 is handled. Duration 38 ms by bot id=8976652462
2026.09.30 15:04:27 plugins.music_plugin INFO     Metadata (youtube): YouTube - Şou biznes (feat. Vahid Qədim)
2026.09.30 15:04:27 core.webprofile      INFO     firefox brauzerindən cookies istifadə edilir.
2026.09.30 15:04:27 core.webprofile      INFO     Seçilmiş User-Agent: Mozilla/5.0 (Windows NT 10.0; Win64; x64) AppleWebKit/537.36 (KHTML, like Gecko) Edge/120.0.0.0 Safari/537.36
2026.09.30 15:04:27 core.youtube_handler INFO     Yükləmə cəhdi: cookies + default client
2026.09.30 15:04:29 aiogram.event        INFO     Update id=875901505 is handled. Duration 25371 ms by bot id=8976652462
2026.09.30 15:04:32 plugins.music_plugin INFO     Metadata (youtube): Mürsəl Səfərov - Boş ver (2016)
2026.09.30 15:04:33 aiogram.event        INFO     Update id=875901510 is handled. Duration 55 ms by bot id=8976652462
2026.09.30 15:04:33 aiogram.event        INFO     Update id=875901511 is handled. Duration 120 ms by bot id=8976652462
2026.09.30 15:04:34 aiogram.event        INFO     Update id=875901506 is handled. Duration 22903 ms by bot id=8976652462
2026.09.30 15:04:37 plugins.music_plugin INFO     Metadata (youtube): YouTube - Kim ki düşüb kalonlara
2026.09.30 15:04:37 aiogram.event        INFO     Update id=875901512 is handled. Duration 66 ms by bot id=8976652462
2026.09.30 15:04:44 plugins.music_plugin INFO     Metadata (youtube): YouTube - Mursel Kef Ele 2011
2026.09.30 15:04:47 aiogram.event        INFO     Update id=875901507 is handled. Duration 28048 ms by bot id=8976652462
2026.09.30 15:04:54 core.webprofile      INFO     firefox brauzerindən cookies istifadə edilir.
2026.09.30 15:04:54 core.webprofile      INFO     Seçilmiş User-Agent: Mozilla/5.0 (iPhone; CPU iPhone OS 17_2 like Mac OS X) AppleWebKit/605.1.15 (KHTML, like Gecko) Version/17.2 Mobile/15E148 Safari/604.1
2026.09.30 15:04:57 aiogram.event        INFO     Update id=875901513 is handled. Duration 2254 ms by bot id=8976652462
2026.09.30 15:04:57 aiogram.event        INFO     Update id=875901514 is handled. Duration 17 ms by bot id=8976652462
2026.09.30 15:04:59 aiogram.event        INFO     Update id=875901515 is handled. Duration 126 ms by bot id=8976652462
2026.09.30 15:05:02 core.webprofile      INFO     firefox brauzerindən cookies istifadə edilir.
2026.09.30 15:05:02 core.webprofile      INFO     Seçilmiş User-Agent: Mozilla/5.0 (iPad; CPU OS 17_2 like Mac OS X) AppleWebKit/605.1.15 (KHTML, like Gecko) Version/17.2 Mobile/15E148 Safari/604.1
2026.09.30 15:05:02 core.youtube_handler INFO     Yükləmə cəhdi: cookies + default client
2026.09.30 15:05:07 core.webprofile      INFO     firefox brauzerindən cookies istifadə edilir.
2026.09.30 15:05:07 core.webprofile      INFO     Seçilmiş User-Agent: Mozilla/5.0 (Macintosh; Intel Mac OS X 10_15_7) AppleWebKit/537.36 (KHTML, like Gecko) Chrome/122.0.0.0 Safari/537.36
2026.09.30 15:05:07 core.youtube_handler INFO     Yükləmə cəhdi: cookies + default client
2026.09.30 15:05:10 core.webprofile      INFO     firefox brauzerindən cookies istifadə edilir.
2026.09.30 15:05:10 core.webprofile      INFO     Seçilmiş User-Agent: Mozilla/5.0 (iPhone; CPU iPhone OS 17_2 like Mac OS X) AppleWebKit/605.1.15 (KHTML, like Gecko) Version/17.2 Mobile/15E148 Safari/604.1
2026.09.30 15:05:12 aiogram.event        INFO     Update id=875901518 is handled. Duration 2516 ms by bot id=8976652462
2026.09.30 15:05:13 aiogram.event        INFO     Update id=875901519 is handled. Duration 43 ms by bot id=8976652462
2026.09.30 15:05:14 aiogram.event        INFO     Update id=875901520 is handled. Duration 21 ms by bot id=8976652462
2026.09.30 15:05:20 aiogram.event        INFO     Update id=875901521 is handled. Duration 25 ms by bot id=8976652462
2026.09.30 15:05:27 plugins.music_plugin INFO     Metadata (youtube): YouTube - Как хорошо Так хорошо
2026.09.30 15:05:27 core.webprofile      INFO     firefox brauzerindən cookies istifadə edilir.
2026.09.30 15:05:27 core.webprofile      INFO     Seçilmiş User-Agent: Mozilla/5.0 (Linux; Android 14; SM-G998B) AppleWebKit/537.36 (KHTML, like Gecko) Chrome/122.0.0.0 Mobile Safari/537.36
2026.09.30 15:05:27 core.youtube_handler INFO     Yükləmə cəhdi: cookies + default client
2026.09.30 15:05:29 aiogram.event        INFO     Update id=875901516 is handled. Duration 26997 ms by bot id=8976652462
2026.09.30 15:05:35 plugins.music_plugin INFO     Metadata (youtube): YouTube - Надо только Кайфовать
2026.09.30 15:05:35 core.webprofile      INFO     firefox brauzerindən cookies istifadə edilir.
2026.09.30 15:05:35 core.webprofile      INFO     Seçilmiş User-Agent: Mozilla/5.0 (iPad; CPU OS 17_2 like Mac OS X) AppleWebKit/605.1.15 (KHTML, like Gecko) Version/17.2 Mobile/15E148 Safari/604.1
2026.09.30 15:05:35 core.youtube_handler INFO     Yükləmə cəhdi: cookies + default client
2026.09.30 15:05:37 aiogram.event        INFO     Update id=875901517 is handled. Duration 29469 ms by bot id=8976652462
2026.09.30 15:05:39 aiogram.event        INFO     Update id=875901524 is handled. Duration 36 ms by bot id=8976652462
2026.09.30 15:05:39 aiogram.event        INFO     Update id=875901525 is handled. Duration 33 ms by bot id=8976652462
2026.09.30 15:05:40 aiogram.event        INFO     Update id=875901526 is handled. Duration 18 ms by bot id=8976652462
2026.09.30 15:05:41 aiogram.event        INFO     Update id=875901527 is handled. Duration 27 ms by bot id=8976652462
2026.09.30 15:05:42 aiogram.event        INFO     Update id=875901529 is handled. Duration 27 ms by bot id=8976652462
2026.09.30 15:05:42 aiogram.event        INFO     Update id=875901528 is handled. Duration 50 ms by bot id=8976652462
2026.09.30 15:05:48 plugins.music_plugin INFO     Metadata (youtube): YouTube - Senan & Veli & Arzu Buda Teze temadir yetim 2012 XiT
2026.09.30 15:05:48 core.webprofile      INFO     firefox brauzerindən cookies istifadə edilir.
2026.09.30 15:05:48 core.webprofile      INFO     Seçilmiş User-Agent: Mozilla/5.0 (Windows NT 10.0; Win64; x64; rv:120.0) Gecko/20100101 Firefox/120.0
2026.09.30 15:05:48 core.youtube_handler INFO     Yükləmə cəhdi: cookies + default client
2026.09.30 15:05:49 core.webprofile      INFO     firefox brauzerindən cookies istifadə edilir.
2026.09.30 15:05:49 core.webprofile      INFO     Seçilmiş User-Agent: Mozilla/5.0 (Macintosh; Intel Mac OS X 10_15_7) AppleWebKit/537.36 (KHTML, like Gecko) Chrome/122.0.0.0 Safari/537.36
2026.09.30 15:05:50 aiogram.event        INFO     Update id=875901522 is handled. Duration 29107 ms by bot id=8976652462
2026.09.30 15:05:52 aiogram.event        INFO     Update id=875901531 is handled. Duration 2533 ms by bot id=8976652462
2026.09.30 15:05:52 aiogram.event        INFO     Update id=875901532 is handled. Duration 22 ms by bot id=8976652462
2026.09.30 15:05:53 aiogram.event        INFO     Update id=875901533 is handled. Duration 24 ms by bot id=8976652462
2026.09.30 15:05:55 plugins.music_plugin INFO     Metadata (youtube): YouTube - Poka Molodoy Ay Brat
2026.09.30 15:05:56 aiogram.event        INFO     Update id=875901523 is handled. Duration 25727 ms by bot id=8976652462
2026.09.30 15:06:02 core.webprofile      INFO     firefox brauzerindən cookies istifadə edilir.
2026.09.30 15:06:02 core.webprofile      INFO     Seçilmiş User-Agent: Mozilla/5.0 (Windows NT 10.0; Win64; x64; rv:120.0) Gecko/20100101 Firefox/120.0
2026.09.30 15:06:02 core.youtube_handler INFO     Yükləmə cəhdi: cookies + default client
2026.09.30 15:06:07 plugins.music_plugin INFO     Metadata (youtube): Vahid Qedim - Zəmanəmiz kəllə mayallaq gedir - (Kaset mahnilari) #arxiv #retro #dolya
2026.09.30 15:06:08 core.webprofile      INFO     firefox brauzerindən cookies istifadə edilir.
2026.09.30 15:06:08 core.webprofile      INFO     Seçilmiş User-Agent: Mozilla/5.0 (X11; Linux x86_64) AppleWebKit/537.36 (KHTML, like Gecko) Chrome/122.0.0.0 Safari/537.36
2026.09.30 15:06:09 aiogram.event        INFO     Update id=875901530 is handled. Duration 22798 ms by bot id=8976652462
2026.09.30 15:06:11 aiogram.event        INFO     Update id=875901535 is handled. Duration 2755 ms by bot id=8976652462
2026.09.30 15:06:11 aiogram.event        INFO     Update id=875901536 is handled. Duration 24 ms by bot id=8976652462
2026.09.30 15:06:13 aiogram.event        INFO     Update id=875901537 is handled. Duration 35 ms by bot id=8976652462
2026.09.30 15:06:19 aiogram.event        INFO     Update id=875901538 is handled. Duration 20 ms by bot id=8976652462
2026.09.30 15:06:22 plugins.music_plugin INFO     Metadata (youtube): YouTube - Badəm Şərabla Dolu
2026.09.30 15:06:22 aiogram.event        INFO     Update id=875901539 is handled. Duration 133 ms by bot id=8976652462
2026.09.30 15:06:23 aiogram.event        INFO     Update id=875901540 is handled. Duration 153 ms by bot id=8976652462
2026.09.30 15:06:23 aiogram.event        INFO     Update id=875901534 is handled. Duration 21762 ms by bot id=8976652462
2026.09.30 15:06:26 core.webprofile      INFO     firefox brauzerindən cookies istifadə edilir.
2026.09.30 15:06:26 core.webprofile      INFO     Seçilmiş User-Agent: Mozilla/5.0 (Windows NT 10.0; Win64; x64) AppleWebKit/537.36 (KHTML, like Gecko) Edge/120.0.0.0 Safari/537.36
2026.09.30 15:06:26 core.youtube_handler INFO     Yükləmə cəhdi: cookies + default client
2026.09.30 15:06:29 core.webprofile      INFO     firefox brauzerindən cookies istifadə edilir.
2026.09.30 15:06:29 core.webprofile      INFO     Seçilmiş User-Agent: Mozilla/5.0 (Windows NT 10.0; Win64; x64) AppleWebKit/537.36 (KHTML, like Gecko) Edge/120.0.0.0 Safari/537.36
2026.09.30 15:06:32 aiogram.event        INFO     Update id=875901542 is handled. Duration 2519 ms by bot id=8976652462
2026.09.30 15:06:32 aiogram.event        INFO     Update id=875901543 is handled. Duration 52 ms by bot id=8976652462
2026.09.30 15:06:33 aiogram.event        INFO     Update id=875901544 is handled. Duration 28 ms by bot id=8976652462
2026.09.30 15:06:33 aiogram.event        INFO     Update id=875901545 is handled. Duration 17 ms by bot id=8976652462
2026.09.30 15:06:36 core.webprofile      INFO     firefox brauzerindən cookies istifadə edilir.
2026.09.30 15:06:36 core.webprofile      INFO     Seçilmiş User-Agent: Mozilla/5.0 (Windows NT 10.0; Win64; x64) AppleWebKit/537.36 (KHTML, like Gecko) Edge/120.0.0.0 Safari/537.36
2026.09.30 15:06:36 core.youtube_handler INFO     Yükləmə cəhdi: cookies + default client
2026.09.30 15:06:41 plugins.music_plugin INFO     Metadata (youtube): YouTube - Кайфуем Вечно Брат (2018)
2026.09.30 15:06:42 aiogram.event        INFO     Update id=875901541 is handled. Duration 16069 ms by bot id=8976652462
2026.09.30 15:06:49 core.webprofile      INFO     firefox brauzerindən cookies istifadə edilir.
2026.09.30 15:06:49 core.webprofile      INFO     Seçilmiş User-Agent: Mozilla/5.0 (Linux; Android 14; SM-G998B) AppleWebKit/537.36 (KHTML, like Gecko) Chrome/122.0.0.0 Mobile Safari/537.36
2026.09.30 15:06:49 core.youtube_handler INFO     Yükləmə cəhdi: cookies + default client
2026.09.30 15:06:55 plugins.music_plugin INFO     Metadata (youtube): YouTube - Cahid ft Resad Sumqayitli Tema Bahalasdi 2013
2026.09.30 15:06:56 aiogram.event        INFO     Update id=875901549 is handled. Duration 39 ms by bot id=8976652462
2026.09.30 15:06:56 aiogram.event        INFO     Update id=875901548 is handled. Duration 67 ms by bot id=8976652462
2026.09.30 15:06:57 aiogram.event        INFO     Update id=875901546 is handled. Duration 21314 ms by bot id=8976652462
2026.09.30 15:07:00 core.webprofile      INFO     firefox brauzerindən cookies istifadə edilir.
2026.09.30 15:07:00 core.webprofile      INFO     Seçilmiş User-Agent: Mozilla/5.0 (Windows NT 10.0; Win64; x64) AppleWebKit/537.36 (KHTML, like Gecko) Edge/120.0.0.0 Safari/537.36
2026.09.30 15:07:00 core.youtube_handler INFO     Yükləmə cəhdi: cookies + default client
2026.09.30 15:07:04 core.webprofile      INFO     firefox brauzerindən cookies istifadə edilir.
2026.09.30 15:07:04 core.webprofile      INFO     Seçilmiş User-Agent: Mozilla/5.0 (Linux; Android 14; SM-G998B) AppleWebKit/537.36 (KHTML, like Gecko) Chrome/122.0.0.0 Mobile Safari/537.36
2026.09.30 15:07:07 aiogram.event        INFO     Update id=875901551 is handled. Duration 2769 ms by bot id=8976652462
2026.09.30 15:07:07 aiogram.event        INFO     Update id=875901552 is handled. Duration 128 ms by bot id=8976652462
2026.09.30 15:07:08 aiogram.event        INFO     Update id=875901553 is handled. Duration 150 ms by bot id=8976652462
2026.09.30 15:07:08 aiogram.event        INFO     Update id=875901554 is handled. Duration 140 ms by bot id=8976652462
2026.09.30 15:07:08 aiogram.event        INFO     Update id=875901555 is handled. Duration 169 ms by bot id=8976652462
2026.09.30 15:07:10 plugins.music_plugin INFO     Metadata (youtube): Balabəy Ağayev - Səssiz Gecələr
2026.09.30 15:07:12 aiogram.event        INFO     Update id=875901547 is handled. Duration 23047 ms by bot id=8976652462
2026.09.30 15:07:13 aiogram.event        INFO     Update id=875901556 is handled. Duration 23 ms by bot id=8976652462
2026.09.30 15:07:13 aiogram.event        INFO     Update id=875901557 is handled. Duration 22 ms by bot id=8976652462
2026.09.30 15:07:21 core.webprofile      INFO     firefox brauzerindən cookies istifadə edilir.
2026.09.30 15:07:21 core.webprofile      INFO     Seçilmiş User-Agent: Mozilla/5.0 (Windows NT 10.0; Win64; x64) AppleWebKit/537.36 (KHTML, like Gecko) Edge/120.0.0.0 Safari/537.36
2026.09.30 15:07:21 core.youtube_handler INFO     Yükləmə cəhdi: cookies + default client
2026.09.30 15:07:23 plugins.music_plugin INFO     Metadata (youtube): YouTube - Azeri Bass Music{Fulun Fuludu Bu}
2026.09.30 15:07:25 aiogram.event        INFO     Update id=875901550 is handled. Duration 24479 ms by bot id=8976652462
2026.09.30 15:07:25 core.webprofile      INFO     firefox brauzerindən cookies istifadə edilir.
2026.09.30 15:07:25 core.webprofile      INFO     Seçilmiş User-Agent: Mozilla/5.0 (Windows NT 10.0; Win64; x64) AppleWebKit/537.36 (KHTML, like Gecko) Chrome/122.0.0.0 Safari/537.36
2026.09.30 15:07:28 aiogram.event        INFO     Update id=875901559 is handled. Duration 2701 ms by bot id=8976652462
2026.09.30 15:07:28 aiogram.event        INFO     Update id=875901560 is handled. Duration 90 ms by bot id=8976652462
2026.09.30 15:07:30 aiogram.event        INFO     Update id=875901561 is handled. Duration 174 ms by bot id=8976652462
2026.09.30 15:07:30 aiogram.event        INFO     Update id=875901562 is handled. Duration 161 ms by bot id=8976652462
2026.09.30 15:07:30 aiogram.event        INFO     Update id=875901563 is handled. Duration 153 ms by bot id=8976652462
2026.09.30 15:07:40 aiogram.event        INFO     Update id=875901564 is handled. Duration 18 ms by bot id=8976652462
2026.09.30 15:07:42 aiogram.event        INFO     Update id=875901565 is handled. Duration 32 ms by bot id=8976652462
2026.09.30 15:07:43 plugins.music_plugin INFO     Metadata (youtube): YouTube - Mehemmed Feda Zir kayifdayam bu gun
2026.09.30 15:07:46 core.webprofile      INFO     firefox brauzerindən cookies istifadə edilir.
2026.09.30 15:07:46 core.webprofile      INFO     Seçilmiş User-Agent: Mozilla/5.0 (Linux; Android 14; Pixel 8 Pro) AppleWebKit/537.36 (KHTML, like Gecko) Chrome/122.0.0.0 Mobile Safari/537.36
2026.09.30 15:07:46 core.youtube_handler INFO     Yükləmə cəhdi: cookies + default client
2026.09.30 15:07:48 aiogram.event        INFO     Update id=875901558 is handled. Duration 26208 ms by bot id=8976652462
2026.09.30 15:07:56 core.webprofile      INFO     firefox brauzerindən cookies istifadə edilir.
2026.09.30 15:07:56 core.webprofile      INFO     Seçilmiş User-Agent: Mozilla/5.0 (iPhone; CPU iPhone OS 17_2 like Mac OS X) AppleWebKit/605.1.15 (KHTML, like Gecko) Version/17.2 Mobile/15E148 Safari/604.1
2026.09.30 15:07:58 aiogram.event        INFO     Update id=875901567 is handled. Duration 2431 ms by bot id=8976652462
2026.09.30 15:07:58 aiogram.event        INFO     Update id=875901568 is handled. Duration 29 ms by bot id=8976652462
2026.09.30 15:08:00 aiogram.event        INFO     Update id=875901569 is handled. Duration 23 ms by bot id=8976652462
2026.09.30 15:08:02 core.webprofile      INFO     firefox brauzerindən cookies istifadə edilir.
2026.09.30 15:08:02 core.webprofile      INFO     Seçilmiş User-Agent: Mozilla/5.0 (iPhone; CPU iPhone OS 17_2 like Mac OS X) AppleWebKit/605.1.15 (KHTML, like Gecko) Version/17.2 Mobile/15E148 Safari/604.1
2026.09.30 15:08:02 core.youtube_handler INFO     Yükləmə cəhdi: cookies + default client
2026.09.30 15:08:02 plugins.music_plugin INFO     Metadata (youtube): YouTube - İki Seçim (feat. Xatirə İslam, Vahid Qədim)
2026.09.30 15:08:05 aiogram.event        INFO     Update id=875901566 is handled. Duration 19141 ms by bot id=8976652462
2026.09.30 15:08:08 aiogram.event        INFO     Update id=875901571 is handled. Duration 0 ms by bot id=8976652462
2026.09.30 15:08:10 core.webprofile      INFO     firefox brauzerindən cookies istifadə edilir.
2026.09.30 15:08:10 core.webprofile      INFO     Seçilmiş User-Agent: Mozilla/5.0 (iPad; CPU OS 17_2 like Mac OS X) AppleWebKit/605.1.15 (KHTML, like Gecko) Version/17.2 Mobile/15E148 Safari/604.1
2026.09.30 15:08:13 core.webprofile      INFO     firefox brauzerindən cookies istifadə edilir.
2026.09.30 15:08:13 core.webprofile      INFO     Seçilmiş User-Agent: Mozilla/5.0 (Linux; Android 14; SM-G998B) AppleWebKit/537.36 (KHTML, like Gecko) Chrome/122.0.0.0 Mobile Safari/537.36
2026.09.30 15:08:14 aiogram.event        INFO     Update id=875901572 is handled. Duration 4489 ms by bot id=8976652462
2026.09.30 15:08:16 plugins.music_plugin INFO     Metadata (youtube): Orxan Lokbatanli feat Aydin Sani - Bivəfa
2026.09.30 15:08:17 aiogram.event        INFO     Update id=875901573 is handled. Duration 4883 ms by bot id=8976652462
2026.09.30 15:08:18 aiogram.event        INFO     Update id=875901570 is handled. Duration 15979 ms by bot id=8976652462
2026.09.30 15:08:24 core.webprofile      INFO     firefox brauzerindən cookies istifadə edilir.
2026.09.30 15:08:24 core.webprofile      INFO     Seçilmiş User-Agent: Mozilla/5.0 (Linux; Android 14; SM-G998B) AppleWebKit/537.36 (KHTML, like Gecko) Chrome/122.0.0.0 Mobile Safari/537.36
2026.09.30 15:08:24 core.youtube_handler INFO     Yükləmə cəhdi: cookies + default client
2026.09.30 15:08:35 core.webprofile      INFO     firefox brauzerindən cookies istifadə edilir.
2026.09.30 15:08:35 core.webprofile      INFO     Seçilmiş User-Agent: Mozilla/5.0 (iPhone; CPU iPhone OS 17_2 like Mac OS X) AppleWebKit/605.1.15 (KHTML, like Gecko) Version/17.2 Mobile/15E148 Safari/604.1
2026.09.30 15:08:36 plugins.music_plugin INFO     Metadata (youtube): YouTube - ZauR AşiQ Ft RəqsanƏ Bivəfa
2026.09.30 15:08:37 aiogram.event        INFO     Update id=875901575 is handled. Duration 2219 ms by bot id=8976652462
2026.09.30 15:08:37 aiogram.event        INFO     Update id=875901576 is handled. Duration 41 ms by bot id=8976652462
2026.09.30 15:08:38 aiogram.event        INFO     Update id=875901574 is handled. Duration 13907 ms by bot id=8976652462
2026.09.30 15:08:43 aiogram.event        INFO     Update id=875901577 is handled. Duration 18 ms by bot id=8976652462
2026.09.30 15:08:43 aiogram.event        INFO     Update id=875901578 is handled. Duration 24 ms by bot id=8976652462
2026.09.30 15:08:49 aiogram.event        INFO     Update id=875901579 is handled. Duration 50 ms by bot id=8976652462
2026.09.30 15:08:51 aiogram.event        INFO     Update id=875901580 is handled. Duration 132 ms by bot id=8976652462
2026.09.30 15:08:51 aiogram.event        INFO     Update id=875901581 is handled. Duration 128 ms by bot id=8976652462
2026.09.30 15:08:51 aiogram.event        INFO     Update id=875901582 is handled. Duration 130 ms by bot id=8976652462
2026.09.30 15:09:10 core.webprofile      INFO     firefox brauzerindən cookies istifadə edilir.
2026.09.30 15:09:10 core.webprofile      INFO     Seçilmiş User-Agent: Mozilla/5.0 (iPhone; CPU iPhone OS 17_2 like Mac OS X) AppleWebKit/605.1.15 (KHTML, like Gecko) Version/17.2 Mobile/15E148 Safari/604.1
2026.09.30 15:09:14 aiogram.event        INFO     Update id=875901583 is handled. Duration 3627 ms by bot id=8976652462
2026.09.30 15:09:14 aiogram.event        INFO     Update id=875901584 is handled. Duration 19 ms by bot id=8976652462
2026.09.30 15:09:16 aiogram.event        INFO     Update id=875901585 is handled. Duration 21 ms by bot id=8976652462
2026.09.30 15:09:18 aiogram.event        INFO     Update id=875901586 is handled. Duration 25 ms by bot id=8976652462
2026.09.30 15:09:18 aiogram.event        INFO     Update id=875901587 is handled. Duration 19 ms by bot id=8976652462
2026.09.30 15:09:19 aiogram.event        INFO     Update id=875901588 is handled. Duration 43 ms by bot id=8976652462
2026.09.30 15:09:19 aiogram.event        INFO     Update id=875901589 is handled. Duration 167 ms by bot id=8976652462
2026.09.30 15:09:27 aiogram.event        INFO     Update id=875901590 is handled. Duration 22 ms by bot id=8976652462
2026.09.30 15:09:34 core.webprofile      INFO     firefox brauzerindən cookies istifadə edilir.
2026.09.30 15:09:34 core.webprofile      INFO     Seçilmiş User-Agent: Mozilla/5.0 (iPhone; CPU iPhone OS 17_2 like Mac OS X) AppleWebKit/605.1.15 (KHTML, like Gecko) Version/17.2 Mobile/15E148 Safari/604.1
2026.09.30 15:09:34 core.youtube_handler INFO     Yükləmə cəhdi: cookies + default client
2026.09.30 15:09:40 core.webprofile      INFO     firefox brauzerindən cookies istifadə edilir.
2026.09.30 15:09:40 core.webprofile      INFO     Seçilmiş User-Agent: Mozilla/5.0 (X11; Linux x86_64) AppleWebKit/537.36 (KHTML, like Gecko) Chrome/122.0.0.0 Safari/537.36
2026.09.30 15:09:42 aiogram.event        INFO     Update id=875901592 is handled. Duration 2002 ms by bot id=8976652462
2026.09.30 15:09:42 aiogram.event        INFO     Update id=875901593 is handled. Duration 47 ms by bot id=8976652462
2026.09.30 15:09:46 aiogram.event        INFO     Update id=875901594 is handled. Duration 23 ms by bot id=8976652462
2026.09.30 15:09:50 plugins.music_plugin INFO     Metadata (youtube): Terlan Novxani - Meni sevmir O Gözel Yar (Bimar)
2026.09.30 15:09:50 core.webprofile      INFO     firefox brauzerindən cookies istifadə edilir.
2026.09.30 15:09:50 core.webprofile      INFO     Seçilmiş User-Agent: Mozilla/5.0 (Linux; Android 14; Pixel 8 Pro) AppleWebKit/537.36 (KHTML, like Gecko) Chrome/122.0.0.0 Mobile Safari/537.36
2026.09.30 15:09:50 core.youtube_handler INFO     Yükləmə cəhdi: cookies + default client
2026.09.30 15:09:51 aiogram.event        INFO     Update id=875901591 is handled. Duration 17323 ms by bot id=8976652462
2026.09.30 15:10:07 aiogram.event        INFO     Update id=875901596 is handled. Duration 96 ms by bot id=8976652462
2026.09.30 15:10:08 aiogram.event        INFO     Update id=875901597 is handled. Duration 73 ms by bot id=8976652462
2026.09.30 15:10:09 plugins.music_plugin INFO     Metadata (youtube): YouTube - Потому что я влюблен
2026.09.30 15:10:10 aiogram.event        INFO     Update id=875901598 is handled. Duration 269 ms by bot id=8976652462
2026.09.30 15:10:10 aiogram.event        INFO     Update id=875901595 is handled. Duration 20072 ms by bot id=8976652462
2026.09.30 15:10:16 core.webprofile      INFO     firefox brauzerindən cookies istifadə edilir.
2026.09.30 15:10:16 core.webprofile      INFO     Seçilmiş User-Agent: Mozilla/5.0 (iPhone; CPU iPhone OS 17_2 like Mac OS X) AppleWebKit/605.1.15 (KHTML, like Gecko) Version/17.2 Mobile/15E148 Safari/604.1
2026.09.30 15:10:18 aiogram.event        INFO     Update id=875901599 is handled. Duration 2193 ms by bot id=8976652462
2026.09.30 15:10:19 aiogram.event        INFO     Update id=875901600 is handled. Duration 20 ms by bot id=8976652462
2026.09.30 15:10:21 core.webprofile      INFO     firefox brauzerindən cookies istifadə edilir.
2026.09.30 15:10:21 core.webprofile      INFO     Seçilmiş User-Agent: Mozilla/5.0 (Windows NT 10.0; Win64; x64) AppleWebKit/537.36 (KHTML, like Gecko) Chrome/122.0.0.0 Safari/537.36
2026.09.30 15:10:21 core.youtube_handler INFO     Yükləmə cəhdi: cookies + default client
2026.09.30 15:10:26 core.webprofile      INFO     firefox brauzerindən cookies istifadə edilir.
2026.09.30 15:10:26 core.webprofile      INFO     Seçilmiş User-Agent: Mozilla/5.0 (X11; Linux x86_64) AppleWebKit/537.36 (KHTML, like Gecko) Chrome/122.0.0.0 Safari/537.36
2026.09.30 15:10:28 aiogram.event        INFO     Update id=875901602 is handled. Duration 2532 ms by bot id=8976652462
2026.09.30 15:10:36 plugins.music_plugin INFO     Metadata (youtube): YouTube - Mehemmed Feda-Ele aglamaq isteyirem
2026.09.30 15:10:38 aiogram.event        INFO     Update id=875901601 is handled. Duration 17289 ms by bot id=8976652462
2026.09.30 15:10:50 aiogram.event        INFO     Update id=875901603 is handled. Duration 26 ms by bot id=8976652462
2026.09.30 15:10:51 aiogram.event        INFO     Update id=875901604 is handled. Duration 20 ms by bot id=8976652462
2026.09.30 15:10:53 core.webprofile      INFO     firefox brauzerindən cookies istifadə edilir.
2026.09.30 15:10:53 core.webprofile      INFO     Seçilmiş User-Agent: Mozilla/5.0 (Windows NT 10.0; Win64; x64) AppleWebKit/537.36 (KHTML, like Gecko) Edge/120.0.0.0 Safari/537.36
2026.09.30 15:10:53 core.youtube_handler INFO     Yükləmə cəhdi: cookies + default client
2026.09.30 15:11:02 aiogram.event        INFO     Update id=875901606 is handled. Duration 39 ms by bot id=8976652462
2026.09.30 15:11:05 core.webprofile      INFO     firefox brauzerindən cookies istifadə edilir.
2026.09.30 15:11:05 core.webprofile      INFO     Seçilmiş User-Agent: Mozilla/5.0 (X11; Linux x86_64) AppleWebKit/537.36 (KHTML, like Gecko) Chrome/122.0.0.0 Safari/537.36
2026.09.30 15:11:05 core.youtube_handler INFO     Yükləmə cəhdi: cookies + default client
2026.09.30 15:11:20 plugins.music_plugin INFO     Metadata (youtube): YouTube - Ва Марьяна
2026.09.30 15:11:22 aiogram.event        INFO     Update id=875901605 is handled. Duration 28918 ms by bot id=8976652462
2026.09.30 15:11:23 plugins.music_plugin INFO     Metadata (youtube): YouTube - Тебе будет легче без меня
2026.09.30 15:11:24 aiogram.event        INFO     Update id=875901608 is handled. Duration 73 ms by bot id=8976652462
2026.09.30 15:11:25 aiogram.event        INFO     Update id=875901609 is handled. Duration 59 ms by bot id=8976652462
2026.09.30 15:11:25 aiogram.event        INFO     Update id=875901607 is handled. Duration 20737 ms by bot id=8976652462
2026.09.30 15:11:26 aiogram.event        INFO     Update id=875901610 is handled. Duration 72 ms by bot id=8976652462
2026.09.30 15:11:28 aiogram.event        INFO     Update id=875901611 is handled. Duration 67 ms by bot id=8976652462
2026.09.30 15:11:28 aiogram.event        INFO     Update id=875901612 is handled. Duration 51 ms by bot id=8976652462
2026.09.30 15:11:30 aiogram.event        INFO     Update id=875901613 is handled. Duration 58 ms by bot id=8976652462
2026.09.30 15:11:31 aiogram.event        INFO     Update id=875901614 is handled. Duration 73 ms by bot id=8976652462
2026.09.30 15:11:33 aiogram.event        INFO     Update id=875901615 is handled. Duration 61 ms by bot id=8976652462
2026.09.30 15:11:34 aiogram.event        INFO     Update id=875901616 is handled. Duration 82 ms by bot id=8976652462
2026.09.30 15:11:35 aiogram.event        INFO     Update id=875901617 is handled. Duration 134 ms by bot id=8976652462
2026.09.30 15:11:40 aiogram.event        INFO     Update id=875901618 is handled. Duration 103 ms by bot id=8976652462
2026.09.30 15:11:40 aiogram.event        INFO     Update id=875901619 is handled. Duration 197 ms by bot id=8976652462
2026.09.30 15:11:41 aiogram.event        INFO     Update id=875901620 is handled. Duration 239 ms by bot id=8976652462
2026.09.30 15:11:42 aiogram.event        INFO     Update id=875901621 is handled. Duration 183 ms by bot id=8976652462
2026.09.30 15:11:43 aiogram.event        INFO     Update id=875901622 is handled. Duration 54 ms by bot id=8976652462
2026.09.30 15:11:45 aiogram.event        INFO     Update id=875901624 is handled. Duration 224 ms by bot id=8976652462
2026.09.30 15:11:47 aiogram.event        INFO     Update id=875901625 is handled. Duration 67 ms by bot id=8976652462
2026.09.30 15:11:47 aiogram.event        INFO     Update id=875901623 is handled. Duration 3090 ms by bot id=8976652462
2026.09.30 15:11:51 plugins.music_plugin WARNING  Düymələr gizlədilmədi: Telegram server says - Flood control exceeded on method 'EditMessageReplyMarkup'. Retry in 31 seconds.
Original description: Too Many Requests: retry after 31
(background on this error at: https://core.telegram.org/bots/faq#my-bot-is-hitting-limits-how-do-i-avoid-this)
2026.09.30 15:11:51 aiogram.event        INFO     Update id=875901626 is handled. Duration 42 ms by bot id=8976652462
2026.09.30 15:11:53 plugins.music_plugin WARNING  Düymələr gizlədilmədi: Telegram server says - Flood control exceeded on method 'EditMessageReplyMarkup'. Retry in 29 seconds.
Original description: Too Many Requests: retry after 29
(background on this error at: https://core.telegram.org/bots/faq#my-bot-is-hitting-limits-how-do-i-avoid-this)
2026.09.30 15:11:54 aiogram.event        INFO     Update id=875901627 is handled. Duration 45 ms by bot id=8976652462
2026.09.30 15:11:55 plugins.music_plugin WARNING  Düymələr gizlədilmədi: Telegram server says - Flood control exceeded on method 'EditMessageReplyMarkup'. Retry in 27 seconds.
Original description: Too Many Requests: retry after 27
(background on this error at: https://core.telegram.org/bots/faq#my-bot-is-hitting-limits-how-do-i-avoid-this)
2026.09.30 15:11:55 aiogram.event        INFO     Update id=875901628 is handled. Duration 42 ms by bot id=8976652462
2026.09.30 15:11:57 plugins.music_plugin WARNING  Düymələr gizlədilmədi: Telegram server says - Flood control exceeded on method 'EditMessageReplyMarkup'. Retry in 25 seconds.
Original description: Too Many Requests: retry after 25
(background on this error at: https://core.telegram.org/bots/faq#my-bot-is-hitting-limits-how-do-i-avoid-this)
2026.09.30 15:11:57 aiogram.event        INFO     Update id=875901629 is handled. Duration 51 ms by bot id=8976652462
2026.09.30 15:12:13 plugins.music_plugin WARNING  Düymələr gizlədilmədi: Telegram server says - Flood control exceeded on method 'EditMessageReplyMarkup'. Retry in 9 seconds.
Original description: Too Many Requests: retry after 9
(background on this error at: https://core.telegram.org/bots/faq#my-bot-is-hitting-limits-how-do-i-avoid-this)
2026.09.30 15:12:13 aiogram.event        INFO     Update id=875901630 is handled. Duration 37 ms by bot id=8976652462
2026.09.30 15:12:22 aiogram.event        INFO     Update id=875901631 is handled. Duration 7075 ms by bot id=8976652462
2026.09.30 15:12:23 aiogram.event        INFO     Update id=875901632 is handled. Duration 5305 ms by bot id=8976652462
2026.09.30 15:12:36 aiogram.event        INFO     Update id=875901633 is handled. Duration 65 ms by bot id=8976652462
2026.09.30 15:12:38 aiogram.event        INFO     Update id=875901634 is handled. Duration 84 ms by bot id=8976652462
2026.09.30 15:12:53 aiogram.event        INFO     Update id=875901635 is handled. Duration 70 ms by bot id=8976652462
2026.09.30 15:13:54 core.utilities       INFO     User 8930564913 executed command: /start
2026.09.30 15:13:55 aiogram.event        INFO     Update id=875901636 is handled. Duration 754 ms by bot id=8976652462
2026.09.30 15:15:33 aiogram.event        INFO     Update id=875901637 is handled. Duration 0 ms by bot id=8976652462
2026.09.30 15:15:36 aiogram.event        INFO     Update id=875901638 is handled. Duration 0 ms by bot id=8976652462
2026.09.30 15:15:37 aiogram.event        INFO     Update id=875901639 is handled. Duration 0 ms by bot id=8976652462
2026.09.30 15:15:38 core.webprofile      INFO     firefox brauzerindən cookies istifadə edilir.
2026.09.30 15:15:38 core.webprofile      INFO     Seçilmiş User-Agent: Mozilla/5.0 (X11; Ubuntu; Linux x86_64; rv:120.0) Gecko/20100101 Firefox/120.0
2026.09.30 15:15:41 aiogram.event        INFO     Update id=875901640 is handled. Duration 3808 ms by bot id=8976652462
2026.09.30 15:15:43 core.webprofile      INFO     firefox brauzerindən cookies istifadə edilir.
2026.09.30 15:15:43 core.webprofile      INFO     Seçilmiş User-Agent: Mozilla/5.0 (iPhone; CPU iPhone OS 17_2 like Mac OS X) AppleWebKit/605.1.15 (KHTML, like Gecko) Version/17.2 Mobile/15E148 Safari/604.1
2026.09.30 15:15:43 core.youtube_handler INFO     Yükləmə cəhdi: cookies + default client
2026.09.30 15:15:56 plugins.music_plugin INFO     Metadata (youtube): 505 - Arctic Monkeys
2026.09.30 15:15:57 aiogram.event        INFO     Update id=875901641 is handled. Duration 14141 ms by bot id=8976652462
2026.09.30 15:16:07 core.webprofile      INFO     firefox brauzerindən cookies istifadə edilir.
2026.09.30 15:16:07 core.webprofile      INFO     Seçilmiş User-Agent: Mozilla/5.0 (X11; Linux x86_64) AppleWebKit/537.36 (KHTML, like Gecko) Chrome/122.0.0.0 Safari/537.36
2026.09.30 15:16:09 aiogram.event        INFO     Update id=875901642 is handled. Duration 2429 ms by bot id=8976652462
2026.09.30 15:16:09 aiogram.event        INFO     Update id=875901643 is handled. Duration 19 ms by bot id=8976652462
2026.09.30 15:16:11 aiogram.event        INFO     Update id=875901644 is handled. Duration 19 ms by bot id=8976652462
2026.09.30 15:16:18 aiogram.event        INFO     Update id=875901645 is handled. Duration 0 ms by bot id=8976652462
2026.09.30 15:16:22 aiogram.event        INFO     Update id=875901646 is handled. Duration 0 ms by bot id=8976652462
2026.09.30 15:16:40 aiogram.event        INFO     Update id=875901647 is handled. Duration 0 ms by bot id=8976652462
2026.09.30 15:16:44 core.webprofile      INFO     firefox brauzerindən cookies istifadə edilir.
2026.09.30 15:16:44 core.webprofile      INFO     Seçilmiş User-Agent: Mozilla/5.0 (iPhone; CPU iPhone OS 17_2 like Mac OS X) AppleWebKit/605.1.15 (KHTML, like Gecko) Version/17.2 Mobile/15E148 Safari/604.1
2026.09.30 15:16:47 aiogram.event        INFO     Update id=875901648 is handled. Duration 4526 ms by bot id=8976652462
2026.09.30 15:16:50 core.webprofile      INFO     firefox brauzerindən cookies istifadə edilir.
2026.09.30 15:16:50 core.webprofile      INFO     Seçilmiş User-Agent: Mozilla/5.0 (Macintosh; Intel Mac OS X 10_15_7) AppleWebKit/537.36 (KHTML, like Gecko) Chrome/122.0.0.0 Safari/537.36
2026.09.30 15:16:50 core.youtube_handler INFO     Yükləmə cəhdi: cookies + default client
2026.09.30 15:16:52 aiogram.event        INFO     Update id=875901650 is handled. Duration 0 ms by bot id=8976652462
2026.09.30 15:16:56 core.webprofile      INFO     firefox brauzerindən cookies istifadə edilir.
2026.09.30 15:16:56 core.webprofile      INFO     Seçilmiş User-Agent: Mozilla/5.0 (Linux; Android 14; Pixel 8 Pro) AppleWebKit/537.36 (KHTML, like Gecko) Chrome/122.0.0.0 Mobile Safari/537.36
2026.09.30 15:16:56 core.youtube_handler INFO     Yükləmə cəhdi: cookies + default client
2026.09.30 15:17:14 plugins.music_plugin INFO     Metadata (youtube): Xpert x Paster - North West (Studio Session)
2026.09.30 15:17:15 aiogram.event        INFO     Update id=875901651 is handled. Duration 18511 ms by bot id=8976652462
2026.09.30 15:17:15 plugins.music_plugin INFO     Metadata (youtube): Xpert - #Yaxşi
2026.09.30 15:17:16 aiogram.event        INFO     Update id=875901649 is handled. Duration 25948 ms by bot id=8976652462
2026.09.30 15:17:47 core.webprofile      INFO     firefox brauzerindən cookies istifadə edilir.
2026.09.30 15:17:47 core.webprofile      INFO     Seçilmiş User-Agent: Mozilla/5.0 (X11; Ubuntu; Linux x86_64; rv:120.0) Gecko/20100101 Firefox/120.0
2026.09.30 15:17:50 aiogram.event        INFO     Update id=875901652 is handled. Duration 2394 ms by bot id=8976652462
2026.09.30 15:17:50 aiogram.event        INFO     Update id=875901653 is handled. Duration 21 ms by bot id=8976652462
2026.09.30 15:17:52 core.webprofile      INFO     firefox brauzerindən cookies istifadə edilir.
2026.09.30 15:17:52 core.webprofile      INFO     Seçilmiş User-Agent: Mozilla/5.0 (iPhone; CPU iPhone OS 17_2 like Mac OS X) AppleWebKit/605.1.15 (KHTML, like Gecko) Version/17.2 Mobile/15E148 Safari/604.1
2026.09.30 15:17:52 core.youtube_handler INFO     Yükləmə cəhdi: cookies + default client
2026.09.30 15:17:56 core.webprofile      INFO     firefox brauzerindən cookies istifadə edilir.
2026.09.30 15:17:56 core.webprofile      INFO     Seçilmiş User-Agent: Mozilla/5.0 (Windows NT 10.0; Win64; x64) AppleWebKit/537.36 (KHTML, like Gecko) Edge/120.0.0.0 Safari/537.36
2026.09.30 15:17:56 core.youtube_handler INFO     Yükləmə cəhdi: cookies + default client
2026.09.30 15:18:02 aiogram.event        INFO     Update id=875901656 is handled. Duration 33 ms by bot id=8976652462
2026.09.30 15:18:06 plugins.music_plugin INFO     Metadata (youtube): Xpert x Luter - Şaman
2026.09.30 15:18:06 core.webprofile      INFO     firefox brauzerindən cookies istifadə edilir.
2026.09.30 15:18:06 core.webprofile      INFO     Seçilmiş User-Agent: Mozilla/5.0 (iPhone; CPU iPhone OS 17_2 like Mac OS X) AppleWebKit/605.1.15 (KHTML, like Gecko) Version/17.2 Mobile/15E148 Safari/604.1
2026.09.30 15:18:06 core.youtube_handler INFO     Yükləmə cəhdi: cookies + default client
2026.09.30 15:18:07 aiogram.event        INFO     Update id=875901654 is handled. Duration 15238 ms by bot id=8976652462
2026.09.30 15:18:14 plugins.music_plugin INFO     Metadata (youtube): Xpert - Və bir də
2026.09.30 15:18:14 core.webprofile      INFO     firefox brauzerindən cookies istifadə edilir.
2026.09.30 15:18:14 core.webprofile      INFO     Seçilmiş User-Agent: Mozilla/5.0 (Macintosh; Intel Mac OS X 10_15_7) AppleWebKit/537.36 (KHTML, like Gecko) Chrome/122.0.0.0 Safari/537.36
2026.09.30 15:18:14 core.youtube_handler INFO     Yükləmə cəhdi: cookies + default client
2026.09.30 15:18:15 aiogram.event        INFO     Update id=875901655 is handled. Duration 19213 ms by bot id=8976652462
2026.09.30 15:18:23 plugins.music_plugin INFO     Metadata (youtube): YouTube - Sarışan Hallar
2026.09.30 15:18:23 core.webprofile      INFO     firefox brauzerindən cookies istifadə edilir.
2026.09.30 15:18:23 core.webprofile      INFO     Seçilmiş User-Agent: Mozilla/5.0 (Windows NT 10.0; Win64; x64; rv:120.0) Gecko/20100101 Firefox/120.0
2026.09.30 15:18:23 core.youtube_handler INFO     Yükləmə cəhdi: cookies + default client
2026.09.30 15:18:24 aiogram.event        INFO     Update id=875901661 is handled. Duration 55 ms by bot id=8976652462
2026.09.30 15:18:25 aiogram.event        INFO     Update id=875901657 is handled. Duration 20914 ms by bot id=8976652462
2026.09.30 15:18:31 core.webprofile      INFO     firefox brauzerindən cookies istifadə edilir.
2026.09.30 15:18:31 core.webprofile      INFO     Seçilmiş User-Agent: Mozilla/5.0 (X11; Linux x86_64) AppleWebKit/537.36 (KHTML, like Gecko) Chrome/122.0.0.0 Safari/537.36
2026.09.30 15:18:33 aiogram.event        INFO     Update id=875901663 is handled. Duration 2442 ms by bot id=8976652462
2026.09.30 15:18:33 aiogram.event        INFO     Update id=875901664 is handled. Duration 47 ms by bot id=8976652462
2026.09.30 15:18:34 aiogram.event        INFO     Update id=875901665 is handled. Duration 21 ms by bot id=8976652462
2026.09.30 15:18:36 plugins.music_plugin INFO     Metadata (youtube): A4 x Xpert x Paster - TTM (18+)
2026.09.30 15:18:36 core.webprofile      INFO     firefox brauzerindən cookies istifadə edilir.
2026.09.30 15:18:36 core.webprofile      INFO     Seçilmiş User-Agent: Mozilla/5.0 (X11; Linux x86_64) AppleWebKit/537.36 (KHTML, like Gecko) Chrome/122.0.0.0 Safari/537.36
2026.09.30 15:18:36 core.youtube_handler INFO     Yükləmə cəhdi: cookies + default client
2026.09.30 15:18:37 aiogram.event        INFO     Update id=875901658 is handled. Duration 26864 ms by bot id=8976652462
2026.09.30 15:18:41 plugins.music_plugin INFO     Metadata (youtube): YouTube - OnÜç
2026.09.30 15:18:41 core.webprofile      INFO     firefox brauzerindən cookies istifadə edilir.
2026.09.30 15:18:41 core.webprofile      INFO     Seçilmiş User-Agent: Mozilla/5.0 (X11; Linux x86_64) AppleWebKit/537.36 (KHTML, like Gecko) Chrome/122.0.0.0 Safari/537.36
2026.09.30 15:18:41 core.youtube_handler INFO     Yükləmə cəhdi: cookies + default client
2026.09.30 15:18:43 aiogram.event        INFO     Update id=875901659 is handled. Duration 28384 ms by bot id=8976652462
2026.09.30 15:19:00 plugins.music_plugin INFO     Metadata (youtube): Xpert x Paster - Ağır metal
2026.09.30 15:19:00 core.webprofile      INFO     firefox brauzerindən cookies istifadə edilir.
2026.09.30 15:19:00 core.webprofile      INFO     Seçilmiş User-Agent: Mozilla/5.0 (Linux; Android 14; Pixel 8 Pro) AppleWebKit/537.36 (KHTML, like Gecko) Chrome/122.0.0.0 Mobile Safari/537.36
2026.09.30 15:19:00 core.youtube_handler INFO     Yükləmə cəhdi: cookies + default client
2026.09.30 15:19:00 plugins.music_plugin INFO     Metadata (youtube): Uran x Xpert x Ziq Zaq x Paster - #iricapli
2026.09.30 15:19:01 aiogram.event        INFO     Update id=875901662 is handled. Duration 33613 ms by bot id=8976652462
2026.09.30 15:19:04 aiogram.event        INFO     Update id=875901660 is handled. Duration 43612 ms by bot id=8976652462
2026.09.30 15:19:04 core.webprofile      INFO     firefox brauzerindən cookies istifadə edilir.
2026.09.30 15:19:04 core.webprofile      INFO     Seçilmiş User-Agent: Mozilla/5.0 (Macintosh; Intel Mac OS X 10_15_7) AppleWebKit/537.36 (KHTML, like Gecko) Chrome/122.0.0.0 Safari/537.36
2026.09.30 15:19:06 aiogram.event        INFO     Update id=875901667 is handled. Duration 2417 ms by bot id=8976652462
2026.09.30 15:19:06 aiogram.event        INFO     Update id=875901668 is handled. Duration 21 ms by bot id=8976652462
2026.09.30 15:19:08 aiogram.event        INFO     Update id=875901669 is handled. Duration 30 ms by bot id=8976652462
2026.09.30 15:19:10 aiogram.event        INFO     Update id=875901670 is handled. Duration 27 ms by bot id=8976652462
2026.09.30 15:19:10 aiogram.event        INFO     Update id=875901673 is handled. Duration 22 ms by bot id=8976652462
2026.09.30 15:19:10 aiogram.event        INFO     Update id=875901671 is handled. Duration 39 ms by bot id=8976652462
2026.09.30 15:19:10 aiogram.event        INFO     Update id=875901672 is handled. Duration 47 ms by bot id=8976652462
2026.09.30 15:19:13 plugins.music_plugin INFO     Metadata (youtube): Xpert - Ətçəkən Machine
2026.09.30 15:19:14 aiogram.event        INFO     Update id=875901666 is handled. Duration 35999 ms by bot id=8976652462
2026.09.30 15:19:19 aiogram.event        INFO     Update id=875901674 is handled. Duration 19 ms by bot id=8976652462
2026.09.30 15:19:27 core.webprofile      INFO     firefox brauzerindən cookies istifadə edilir.
2026.09.30 15:19:27 core.webprofile      INFO     Seçilmiş User-Agent: Mozilla/5.0 (Linux; Android 14; Pixel 8 Pro) AppleWebKit/537.36 (KHTML, like Gecko) Chrome/122.0.0.0 Mobile Safari/537.36
2026.09.30 15:19:30 aiogram.event        INFO     Update id=875901676 is handled. Duration 0 ms by bot id=8976652462
2026.09.30 15:19:30 aiogram.event        INFO     Update id=875901675 is handled. Duration 3352 ms by bot id=8976652462
2026.09.30 15:19:32 core.webprofile      INFO     firefox brauzerindən cookies istifadə edilir.
2026.09.30 15:19:32 core.webprofile      INFO     Seçilmiş User-Agent: Mozilla/5.0 (Linux; Android 14; Pixel 8 Pro) AppleWebKit/537.36 (KHTML, like Gecko) Chrome/122.0.0.0 Mobile Safari/537.36
2026.09.30 15:19:32 core.youtube_handler INFO     Yükləmə cəhdi: cookies + default client
2026.09.30 15:19:38 core.webprofile      INFO     firefox brauzerindən cookies istifadə edilir.
2026.09.30 15:19:38 core.webprofile      INFO     Seçilmiş User-Agent: Mozilla/5.0 (Macintosh; Intel Mac OS X 10_15_7) AppleWebKit/537.36 (KHTML, like Gecko) Chrome/122.0.0.0 Safari/537.36
2026.09.30 15:19:40 core.webprofile      INFO     firefox brauzerindən cookies istifadə edilir.
2026.09.30 15:19:40 core.webprofile      INFO     Seçilmiş User-Agent: Mozilla/5.0 (Windows NT 10.0; Win64; x64; rv:120.0) Gecko/20100101 Firefox/120.0
2026.09.30 15:19:42 aiogram.event        INFO     Update id=875901678 is handled. Duration 4577 ms by bot id=8976652462
2026.09.30 15:19:42 aiogram.event        INFO     Update id=875901679 is handled. Duration 2699 ms by bot id=8976652462
2026.09.30 15:19:42 aiogram.event        INFO     Update id=875901680 is handled. Duration 802 ms by bot id=8976652462
2026.09.30 15:19:43 core.webprofile      INFO     firefox brauzerindən cookies istifadə edilir.
2026.09.30 15:19:43 core.webprofile      INFO     Seçilmiş User-Agent: Mozilla/5.0 (Macintosh; Intel Mac OS X 10_15_7) AppleWebKit/537.36 (KHTML, like Gecko) Chrome/122.0.0.0 Safari/537.36
2026.09.30 15:19:44 core.webprofile      INFO     firefox brauzerindən cookies istifadə edilir.
2026.09.30 15:19:44 core.webprofile      INFO     Seçilmiş User-Agent: Mozilla/5.0 (X11; Ubuntu; Linux x86_64; rv:120.0) Gecko/20100101 Firefox/120.0
2026.09.30 15:19:48 aiogram.event        INFO     Update id=875901681 is handled. Duration 5702 ms by bot id=8976652462
2026.09.30 15:19:48 aiogram.event        INFO     Update id=875901682 is handled. Duration 5229 ms by bot id=8976652462
2026.09.30 15:19:51 plugins.music_plugin INFO     Metadata (youtube): KAROL G, Cris Mj, Ryan Castro - UNA NOCHE EN MEDELLÍN (REMIX)
2026.09.30 15:19:52 aiogram.event        INFO     Update id=875901677 is handled. Duration 19549 ms by bot id=8976652462
2026.09.30 15:19:52 core.webprofile      INFO     firefox brauzerindən cookies istifadə edilir.
2026.09.30 15:19:52 core.webprofile      INFO     Seçilmiş User-Agent: Mozilla/5.0 (Macintosh; Intel Mac OS X 10_15_7) AppleWebKit/537.36 (KHTML, like Gecko) Chrome/122.0.0.0 Safari/537.36
2026.09.30 15:19:52 core.youtube_handler INFO     Yükləmə cəhdi: cookies + default client
2026.09.30 15:19:55 core.webprofile      INFO     firefox brauzerindən cookies istifadə edilir.
2026.09.30 15:19:55 core.webprofile      INFO     Seçilmiş User-Agent: Mozilla/5.0 (Windows NT 10.0; Win64; x64) AppleWebKit/537.36 (KHTML, like Gecko) Chrome/122.0.0.0 Safari/537.36
2026.09.30 15:19:55 core.webprofile      INFO     firefox brauzerindən cookies istifadə edilir.
2026.09.30 15:19:55 core.webprofile      INFO     Seçilmiş User-Agent: Mozilla/5.0 (Linux; Android 14; SM-G998B) AppleWebKit/537.36 (KHTML, like Gecko) Chrome/122.0.0.0 Mobile Safari/537.36
2026.09.30 15:19:57 core.webprofile      INFO     firefox brauzerindən cookies istifadə edilir.
2026.09.30 15:19:57 core.webprofile      INFO     Seçilmiş User-Agent: Mozilla/5.0 (X11; Ubuntu; Linux x86_64; rv:120.0) Gecko/20100101 Firefox/120.0
2026.09.30 15:19:59 aiogram.event        INFO     Update id=875901685 is handled. Duration 3364 ms by bot id=8976652462
2026.09.30 15:19:59 aiogram.event        INFO     Update id=875901684 is handled. Duration 3727 ms by bot id=8976652462
2026.09.30 15:20:00 aiogram.event        INFO     Update id=875901686 is handled. Duration 2635 ms by bot id=8976652462
2026.09.30 15:20:00 aiogram.event        INFO     Update id=875901687 is handled. Duration 49 ms by bot id=8976652462
2026.09.30 15:20:01 aiogram.event        INFO     Update id=875901688 is handled. Duration 22 ms by bot id=8976652462
2026.09.30 15:20:03 aiogram.event        INFO     Update id=875901689 is handled. Duration 0 ms by bot id=8976652462
2026.09.30 15:20:04 aiogram.event        INFO     Update id=875901690 is handled. Duration 60 ms by bot id=8976652462
2026.09.30 15:20:04 aiogram.event        INFO     Update id=875901691 is handled. Duration 0 ms by bot id=8976652462
2026.09.30 15:20:06 aiogram.event        INFO     Update id=875901692 is handled. Duration 0 ms by bot id=8976652462
2026.09.30 15:20:06 aiogram.event        INFO     Update id=875901693 is handled. Duration 59 ms by bot id=8976652462
2026.09.30 15:20:07 aiogram.event        INFO     Update id=875901694 is handled. Duration 0 ms by bot id=8976652462
2026.09.30 15:20:08 aiogram.event        INFO     Update id=875901695 is handled. Duration 0 ms by bot id=8976652462
2026.09.30 15:20:10 plugins.music_plugin INFO     Metadata (youtube): YouTube - Disspersia (feat. Black Life)
2026.09.30 15:20:10 core.webprofile      INFO     firefox brauzerindən cookies istifadə edilir.
2026.09.30 15:20:10 core.webprofile      INFO     Seçilmiş User-Agent: Mozilla/5.0 (X11; Linux x86_64) AppleWebKit/537.36 (KHTML, like Gecko) Chrome/122.0.0.0 Safari/537.36
2026.09.30 15:20:10 core.youtube_handler INFO     Yükləmə cəhdi: cookies + default client
2026.09.30 15:20:11 aiogram.event        INFO     Update id=875901683 is handled. Duration 19114 ms by bot id=8976652462
2026.09.30 15:20:11 aiogram.event        INFO     Update id=875901697 is handled. Duration 29 ms by bot id=8976652462
2026.09.30 15:20:15 aiogram.event        INFO     Update id=875901698 is handled. Duration 100 ms by bot id=8976652462
2026.09.30 15:20:16 aiogram.event        INFO     Update id=875901699 is handled. Duration 78 ms by bot id=8976652462
2026.09.30 15:20:17 aiogram.event        INFO     Update id=875901700 is handled. Duration 66 ms by bot id=8976652462
2026.09.30 15:20:19 aiogram.event        INFO     Update id=875901701 is handled. Duration 238 ms by bot id=8976652462
2026.09.30 15:20:20 aiogram.event        INFO     Update id=875901702 is handled. Duration 76 ms by bot id=8976652462
2026.09.30 15:20:22 aiogram.event        INFO     Update id=875901703 is handled. Duration 0 ms by bot id=8976652462
2026.09.30 15:20:23 aiogram.event        INFO     Update id=875901704 is handled. Duration 121 ms by bot id=8976652462
2026.09.30 15:20:23 aiogram.event        INFO     Update id=875901706 is handled. Duration 0 ms by bot id=8976652462
2026.09.30 15:20:23 aiogram.event        INFO     Update id=875901705 is handled. Duration 68 ms by bot id=8976652462
2026.09.30 15:20:24 plugins.music_plugin INFO     Metadata (youtube): YouTube - Dar Dalanda Əcinnələr
2026.09.30 15:20:25 aiogram.event        INFO     Update id=875901707 is handled. Duration 68 ms by bot id=8976652462
2026.09.30 15:20:25 aiogram.event        INFO     Update id=875901696 is handled. Duration 14939 ms by bot id=8976652462
2026.09.30 15:20:26 aiogram.event        INFO     Update id=875901708 is handled. Duration 24 ms by bot id=8976652462
2026.09.30 15:20:29 aiogram.event        INFO     Update id=875901709 is handled. Duration 89 ms by bot id=8976652462
2026.09.30 15:20:29 aiogram.event        INFO     Update id=875901710 is handled. Duration 75 ms by bot id=8976652462
2026.09.30 15:20:29 aiogram.event        INFO     Update id=875901711 is handled. Duration 29 ms by bot id=8976652462
2026.09.30 15:20:31 aiogram.event        INFO     Update id=875901712 is handled. Duration 114 ms by bot id=8976652462
2026.09.30 15:20:35 core.webprofile      INFO     firefox brauzerindən cookies istifadə edilir.
2026.09.30 15:20:35 core.webprofile      INFO     Seçilmiş User-Agent: Mozilla/5.0 (Windows NT 10.0; Win64; x64) AppleWebKit/537.36 (KHTML, like Gecko) Chrome/122.0.0.0 Safari/537.36
2026.09.30 15:20:35 core.youtube_handler INFO     Yükləmə cəhdi: cookies + default client
2026.09.30 15:20:35 core.webprofile      INFO     firefox brauzerindən cookies istifadə edilir.
2026.09.30 15:20:35 core.webprofile      INFO     Seçilmiş User-Agent: Mozilla/5.0 (Windows NT 10.0; Win64; x64; rv:120.0) Gecko/20100101 Firefox/120.0
2026.09.30 15:20:35 aiogram.event        INFO     Update id=875901715 is handled. Duration 179 ms by bot id=8976652462
2026.09.30 15:20:42 aiogram.event        INFO     Update id=875901713 is handled. Duration 7148 ms by bot id=8976652462
2026.09.30 15:20:50 plugins.music_plugin INFO     Metadata (youtube): KAROL G - Si Antes Te Hubiera Conocido
2026.09.30 15:20:51 aiogram.event        INFO     Update id=875901714 is handled. Duration 16546 ms by bot id=8976652462
2026.09.30 15:21:19 aiogram.event        INFO     Update id=875901716 is handled. Duration 0 ms by bot id=8976652462
2026.09.30 15:21:22 core.webprofile      INFO     firefox brauzerindən cookies istifadə edilir.
2026.09.30 15:21:22 core.webprofile      INFO     Seçilmiş User-Agent: Mozilla/5.0 (X11; Ubuntu; Linux x86_64; rv:120.0) Gecko/20100101 Firefox/120.0
2026.09.30 15:21:24 aiogram.event        INFO     Update id=875901717 is handled. Duration 3631 ms by bot id=8976652462
2026.09.30 15:21:27 core.webprofile      INFO     firefox brauzerindən cookies istifadə edilir.
2026.09.30 15:21:27 core.webprofile      INFO     Seçilmiş User-Agent: Mozilla/5.0 (Linux; Android 14; SM-G998B) AppleWebKit/537.36 (KHTML, like Gecko) Chrome/122.0.0.0 Mobile Safari/537.36
2026.09.30 15:21:27 core.youtube_handler INFO     Yükləmə cəhdi: cookies + default client
2026.09.30 15:21:29 aiogram.event        INFO     Update id=875901719 is handled. Duration 0 ms by bot id=8976652462
2026.09.30 15:21:31 core.webprofile      INFO     firefox brauzerindən cookies istifadə edilir.
2026.09.30 15:21:31 core.webprofile      INFO     Seçilmiş User-Agent: Mozilla/5.0 (Windows NT 10.0; Win64; x64) AppleWebKit/537.36 (KHTML, like Gecko) Edge/120.0.0.0 Safari/537.36
2026.09.30 15:21:31 core.youtube_handler INFO     Yükləmə cəhdi: cookies + default client
2026.09.30 15:21:33 aiogram.event        INFO     Update id=875901721 is handled. Duration 0 ms by bot id=8976652462
2026.09.30 15:21:34 aiogram.event        INFO     Update id=875901722 is handled. Duration 0 ms by bot id=8976652462
2026.09.30 15:21:39 aiogram.event        INFO     Update id=875901724 is handled. Duration 0 ms by bot id=8976652462
2026.09.30 15:21:45 aiogram.event        INFO     Update id=875901726 is handled. Duration 0 ms by bot id=8976652462
2026.09.30 15:21:51 plugins.music_plugin INFO     Metadata (youtube): İfrat - HEYİF
2026.09.30 15:21:51 core.webprofile      INFO     firefox brauzerindən cookies istifadə edilir.
2026.09.30 15:21:51 core.webprofile      INFO     Seçilmiş User-Agent: Mozilla/5.0 (X11; Ubuntu; Linux x86_64; rv:120.0) Gecko/20100101 Firefox/120.0
2026.09.30 15:21:51 core.youtube_handler INFO     Yükləmə cəhdi: cookies + default client
2026.09.30 15:21:51 aiogram.event        INFO     Update id=875901728 is handled. Duration 0 ms by bot id=8976652462
2026.09.30 15:21:52 aiogram.event        INFO     Update id=875901729 is handled. Duration 0 ms by bot id=8976652462
2026.09.30 15:21:54 aiogram.event        INFO     Update id=875901718 is handled. Duration 26689 ms by bot id=8976652462
2026.09.30 15:21:58 aiogram.event        INFO     Update id=875901731 is handled. Duration 0 ms by bot id=8976652462
2026.09.30 15:22:01 aiogram.event        INFO     Update id=875901732 is handled. Duration 864 ms by bot id=8976652462
2026.09.30 15:22:05 plugins.music_plugin INFO     Metadata (youtube): İfrat - YUXU
2026.09.30 15:22:05 core.webprofile      INFO     firefox brauzerindən cookies istifadə edilir.
2026.09.30 15:22:05 core.webprofile      INFO     Seçilmiş User-Agent: Mozilla/5.0 (Macintosh; Intel Mac OS X 10_15_7) AppleWebKit/537.36 (KHTML, like Gecko) Chrome/122.0.0.0 Safari/537.36
2026.09.30 15:22:05 core.youtube_handler INFO     Yükləmə cəhdi: cookies + default client
2026.09.30 15:22:06 aiogram.event        INFO     Update id=875901720 is handled. Duration 34642 ms by bot id=8976652462
2026.09.30 15:22:10 core.webprofile      INFO     firefox brauzerindən cookies istifadə edilir.
2026.09.30 15:22:10 core.webprofile      INFO     Seçilmiş User-Agent: Mozilla/5.0 (Windows NT 10.0; Win64; x64) AppleWebKit/537.36 (KHTML, like Gecko) Edge/120.0.0.0 Safari/537.36
2026.09.30 15:22:13 aiogram.event        INFO     Update id=875901734 is handled. Duration 2443 ms by bot id=8976652462
2026.09.30 15:22:13 aiogram.event        INFO     Update id=875901735 is handled. Duration 22 ms by bot id=8976652462
2026.09.30 15:22:18 plugins.music_plugin INFO     Metadata (youtube): İfrat - SONDA
2026.09.30 15:22:18 core.webprofile      INFO     firefox brauzerindən cookies istifadə edilir.
2026.09.30 15:22:18 core.webprofile      INFO     Seçilmiş User-Agent: Mozilla/5.0 (Windows NT 10.0; Win64; x64; rv:120.0) Gecko/20100101 Firefox/120.0
2026.09.30 15:22:18 core.youtube_handler INFO     Yükləmə cəhdi: cookies + default client
2026.09.30 15:22:20 core.webprofile      INFO     firefox brauzerindən cookies istifadə edilir.
2026.09.30 15:22:20 core.webprofile      INFO     Seçilmiş User-Agent: Mozilla/5.0 (X11; Ubuntu; Linux x86_64; rv:120.0) Gecko/20100101 Firefox/120.0
2026.09.30 15:22:21 aiogram.event        INFO     Update id=875901723 is handled. Duration 43425 ms by bot id=8976652462
2026.09.30 15:22:24 aiogram.event        INFO     Update id=875901737 is handled. Duration 4273 ms by bot id=8976652462
2026.09.30 15:22:25 aiogram.event        INFO     Update id=875901738 is handled. Duration 22 ms by bot id=8976652462
2026.09.30 15:22:25 aiogram.event        INFO     Update id=875901739 is handled. Duration 45 ms by bot id=8976652462
2026.09.30 15:22:26 aiogram.event        INFO     Update id=875901740 is handled. Duration 29 ms by bot id=8976652462
2026.09.30 15:22:30 aiogram.event        INFO     Update id=875901741 is handled. Duration 87 ms by bot id=8976652462
2026.09.30 15:22:33 plugins.music_plugin INFO     Metadata (youtube): İfrat - UTANIRAM
2026.09.30 15:22:33 core.webprofile      INFO     firefox brauzerindən cookies istifadə edilir.
2026.09.30 15:22:33 core.webprofile      INFO     Seçilmiş User-Agent: Mozilla/5.0 (iPhone; CPU iPhone OS 17_2 like Mac OS X) AppleWebKit/605.1.15 (KHTML, like Gecko) Version/17.2 Mobile/15E148 Safari/604.1
2026.09.30 15:22:33 core.youtube_handler INFO     Yükləmə cəhdi: cookies + default client
2026.09.30 15:22:35 aiogram.event        INFO     Update id=875901725 is handled. Duration 52275 ms by bot id=8976652462
2026.09.30 15:22:40 plugins.music_plugin INFO     Metadata (youtube): İfrat - AĞLARAM
2026.09.30 15:22:40 core.webprofile      INFO     firefox brauzerindən cookies istifadə edilir.
2026.09.30 15:22:40 core.webprofile      INFO     Seçilmiş User-Agent: Mozilla/5.0 (Linux; Android 14; Pixel 8 Pro) AppleWebKit/537.36 (KHTML, like Gecko) Chrome/122.0.0.0 Mobile Safari/537.36
2026.09.30 15:22:40 core.youtube_handler INFO     Yükləmə cəhdi: cookies + default client
2026.09.30 15:22:42 aiogram.event        INFO     Update id=875901727 is handled. Duration 51739 ms by bot id=8976652462
2026.09.30 15:22:53 plugins.music_plugin INFO     Metadata (youtube): İfrat - QƏLBİN SƏSİ
2026.09.30 15:22:53 core.webprofile      INFO     firefox brauzerindən cookies istifadə edilir.
2026.09.30 15:22:53 core.webprofile      INFO     Seçilmiş User-Agent: Mozilla/5.0 (Linux; Android 14; Pixel 8 Pro) AppleWebKit/537.36 (KHTML, like Gecko) Chrome/122.0.0.0 Mobile Safari/537.36
2026.09.30 15:22:53 core.youtube_handler INFO     Yükləmə cəhdi: cookies + default client
2026.09.30 15:22:55 aiogram.event        INFO     Update id=875901730 is handled. Duration 58361 ms by bot id=8976652462
2026.09.30 15:22:59 plugins.music_plugin INFO     Metadata (youtube): İfrat - BUZ BİRİ
2026.09.30 15:22:59 core.webprofile      INFO     firefox brauzerindən cookies istifadə edilir.
2026.09.30 15:22:59 core.webprofile      INFO     Seçilmiş User-Agent: Mozilla/5.0 (X11; Linux x86_64) AppleWebKit/537.36 (KHTML, like Gecko) Chrome/122.0.0.0 Safari/537.36
2026.09.30 15:22:59 core.youtube_handler INFO     Yükləmə cəhdi: cookies + default client
2026.09.30 15:23:01 aiogram.event        INFO     Update id=875901733 is handled. Duration 57168 ms by bot id=8976652462
2026.09.30 15:23:13 plugins.music_plugin INFO     Metadata (youtube): İfrat - QADINLAR
2026.09.30 15:23:15 aiogram.event        INFO     Update id=875901736 is handled. Duration 58956 ms by bot id=8976652462
2026.09.30 15:23:19 plugins.music_plugin INFO     Metadata (youtube): Balabəy Ağayev - İllər Sonra
2026.09.30 15:23:21 aiogram.event        INFO     Update id=875901742 is handled. Duration 46383 ms by bot id=8976652462
2026.09.30 15:25:22 core.utilities       INFO     User 8502974425 executed command: /menu
2026.09.30 15:25:22 aiogram.event        INFO     Update id=875901743 is handled. Duration 70 ms by bot id=8976652462
2026.09.30 15:26:02 aiogram.event        INFO     Update id=875901744 is handled. Duration 64 ms by bot id=8976652462
2026.09.30 15:31:36 aiogram.event        INFO     Update id=875901745 is handled. Duration 62 ms by bot id=8976652462
2026.09.30 15:31:41 aiogram.event        INFO     Update id=875901746 is handled. Duration 57 ms by bot id=8976652462
2026.09.30 15:31:42 aiogram.event        INFO     Update id=875901747 is handled. Duration 91 ms by bot id=8976652462
2026.09.30 15:31:43 aiogram.event        INFO     Update id=875901748 is handled. Duration 67 ms by bot id=8976652462
2026.09.30 15:31:44 aiogram.event        INFO     Update id=875901749 is handled. Duration 77 ms by bot id=8976652462
2026.09.30 15:31:47 aiogram.event        INFO     Update id=875901750 is handled. Duration 62 ms by bot id=8976652462
2026.09.30 15:31:48 aiogram.event        INFO     Update id=875901751 is handled. Duration 105 ms by bot id=8976652462
2026.09.30 15:32:09 core.utilities       INFO     User 8502974425 executed command: /menu
2026.09.30 15:32:09 aiogram.event        INFO     Update id=875901752 is handled. Duration 173 ms by bot id=8976652462
2026.09.30 15:32:11 aiogram.event        INFO     Update id=875901753 is handled. Duration 153 ms by bot id=8976652462
2026.09.30 15:32:33 aiogram.event        INFO     Update id=875901754 is handled. Duration 239 ms by bot id=8976652462
2026.09.30 15:32:36 aiogram.event        INFO     Update id=875901755 is handled. Duration 52 ms by bot id=8976652462
2026.09.30 15:32:39 aiogram.event        INFO     Update id=875901756 is handled. Duration 53 ms by bot id=8976652462
2026.09.30 15:32:52 aiogram.event        INFO     Update id=875901757 is handled. Duration 58 ms by bot id=8976652462
2026.09.30 15:32:56 aiogram.event        INFO     Update id=875901758 is handled. Duration 96 ms by bot id=8976652462
2026.09.30 15:34:23 aiogram.event        INFO     Update id=875901759 is handled. Duration 92 ms by bot id=8976652462
2026.09.30 15:34:24 aiogram.event        INFO     Update id=875901760 is handled. Duration 59 ms by bot id=8976652462
2026.09.30 15:34:42 aiogram.event        INFO     Update id=875901761 is handled. Duration 141 ms by bot id=8976652462
2026.09.30 15:34:43 core.utilities       INFO     User 8502974425 executed command: /menu
2026.09.30 15:34:43 aiogram.event        INFO     Update id=875901762 is handled. Duration 37 ms by bot id=8976652462
2026.09.30 15:34:46 aiogram.event        INFO     Update id=875901763 is handled. Duration 171 ms by bot id=8976652462
2026.09.30 15:34:48 aiogram.event        INFO     Update id=875901764 is handled. Duration 196 ms by bot id=8976652462
2026.09.30 15:34:50 aiogram.event        INFO     Update id=875901765 is handled. Duration 67 ms by bot id=8976652462
2026.09.30 15:34:53 aiogram.event        INFO     Update id=875901766 is handled. Duration 49 ms by bot id=8976652462
2026.09.30 15:34:55 aiogram.event        INFO     Update id=875901767 is handled. Duration 243 ms by bot id=8976652462
2026.09.30 15:36:50 aiogram.event        INFO     Update id=875901768 is handled. Duration 212 ms by bot id=8976652462
2026.09.30 15:36:54 aiogram.event        INFO     Update id=875901769 is handled. Duration 98 ms by bot id=8976652462
2026.09.30 15:36:56 aiogram.event        INFO     Update id=875901770 is handled. Duration 67 ms by bot id=8976652462
2026.09.30 15:36:58 aiogram.event        INFO     Update id=875901771 is handled. Duration 70 ms by bot id=8976652462
2026.09.30 15:37:00 aiogram.event        INFO     Update id=875901772 is handled. Duration 99 ms by bot id=8976652462
2026.09.30 15:37:06 aiogram.event        INFO     Update id=875901773 is handled. Duration 73 ms by bot id=8976652462
2026.09.30 15:37:10 aiogram.event        INFO     Update id=875901774 is handled. Duration 50 ms by bot id=8976652462
2026.09.30 15:37:11 plugins.menu_plugin  INFO     Broadcast bitdi (all): {'ok': 3, 'removed': 0, 'failed': 0}, 3/3
2026.09.30 15:38:54 aiogram.event        INFO     Update id=875901775 is handled. Duration 0 ms by bot id=8976652462
2026.09.30 15:39:12 aiogram.event        INFO     Update id=875901776 is handled. Duration 0 ms by bot id=8976652462
2026.09.30 15:39:17 core.webprofile      INFO     firefox brauzerindən cookies istifadə edilir.
2026.09.30 15:39:17 core.webprofile      INFO     Seçilmiş User-Agent: Mozilla/5.0 (X11; Linux x86_64) AppleWebKit/537.36 (KHTML, like Gecko) Chrome/122.0.0.0 Safari/537.36
2026.09.30 15:39:21 aiogram.event        INFO     Update id=875901777 is handled. Duration 4360 ms by bot id=8976652462
2026.09.30 15:39:21 core.webprofile      INFO     firefox brauzerindən cookies istifadə edilir.
2026.09.30 15:39:21 core.webprofile      INFO     Seçilmiş User-Agent: Mozilla/5.0 (Macintosh; Intel Mac OS X 10_15_7) AppleWebKit/537.36 (KHTML, like Gecko) Chrome/122.0.0.0 Safari/537.36
2026.09.30 15:39:25 aiogram.event        INFO     Update id=875901778 is handled. Duration 3812 ms by bot id=8976652462
2026.09.30 15:39:25 core.webprofile      INFO     firefox brauzerindən cookies istifadə edilir.
2026.09.30 15:39:25 core.webprofile      INFO     Seçilmiş User-Agent: Mozilla/5.0 (Macintosh; Intel Mac OS X 10_15_7) AppleWebKit/537.36 (KHTML, like Gecko) Chrome/122.0.0.0 Safari/537.36
2026.09.30 15:39:25 core.youtube_handler INFO     Yükləmə cəhdi: cookies + default client
2026.09.30 15:39:25 plugins.music_plugin WARNING  Odesli API açar tələb edir (ODESLI_API_KEY). Birbaşa song.link/<url> linki istifadə olunacaq.
2026.09.30 15:39:27 core.webprofile      INFO     firefox brauzerindən cookies istifadə edilir.
2026.09.30 15:39:27 core.webprofile      INFO     Seçilmiş User-Agent: Mozilla/5.0 (iPhone; CPU iPhone OS 17_2 like Mac OS X) AppleWebKit/605.1.15 (KHTML, like Gecko) Version/17.2 Mobile/15E148 Safari/604.1
2026.09.30 15:39:27 core.youtube_handler INFO     Yükləmə cəhdi: cookies + default client
2026.09.30 15:39:43 plugins.music_plugin INFO     Metadata (youtube): Qimptoven & Eftelya & Robin Polat - Şeytanlar
2026.09.30 15:39:45 aiogram.event        INFO     Update id=875901780 is handled. Duration 18123 ms by bot id=8976652462
2026.09.30 15:39:47 plugins.music_plugin INFO     Metadata (youtube): YouTube - Starboy
2026.09.30 15:39:48 aiogram.event        INFO     Update id=875901779 is handled. Duration 23491 ms by bot id=8976652462
2026.09.30 15:39:53 core.utilities       INFO     User 8317955547 executed command: /music
2026.09.30 15:40:10 aiogram.event        INFO     Update id=875901782 is handled. Duration 64 ms by bot id=8976652462
2026.09.30 15:40:13 aiogram.event        INFO     Update id=875901781 is handled. Duration 20131 ms by bot id=8976652462
2026.09.30 15:40:36 core.webprofile      INFO     firefox brauzerindən cookies istifadə edilir.
2026.09.30 15:40:36 core.webprofile      INFO     Seçilmiş User-Agent: Mozilla/5.0 (Macintosh; Intel Mac OS X 10_15_7) AppleWebKit/537.36 (KHTML, like Gecko) Chrome/122.0.0.0 Safari/537.36
2026.09.30 15:40:39 aiogram.event        INFO     Update id=875901783 is handled. Duration 3175 ms by bot id=8976652462
2026.09.30 15:40:44 core.webprofile      INFO     firefox brauzerindən cookies istifadə edilir.
2026.09.30 15:40:44 core.webprofile      INFO     Seçilmiş User-Agent: Mozilla/5.0 (Windows NT 10.0; Win64; x64; rv:120.0) Gecko/20100101 Firefox/120.0
2026.09.30 15:40:48 core.webprofile      INFO     firefox brauzerindən cookies istifadə edilir.
2026.09.30 15:40:48 core.webprofile      INFO     Seçilmiş User-Agent: Mozilla/5.0 (Macintosh; Intel Mac OS X 10_15_7) AppleWebKit/537.36 (KHTML, like Gecko) Chrome/122.0.0.0 Safari/537.36
2026.09.30 15:40:48 core.youtube_handler INFO     Yükləmə cəhdi: cookies + default client
2026.09.30 15:40:48 aiogram.event        INFO     Update id=875901784 is handled. Duration 3600 ms by bot id=8976652462
2026.09.30 15:40:52 core.webprofile      INFO     firefox brauzerindən cookies istifadə edilir.
2026.09.30 15:40:52 core.webprofile      INFO     Seçilmiş User-Agent: Mozilla/5.0 (Macintosh; Intel Mac OS X 10_15_7) AppleWebKit/537.36 (KHTML, like Gecko) Chrome/122.0.0.0 Safari/537.36
2026.09.30 15:40:52 core.youtube_handler INFO     Yükləmə cəhdi: cookies + default client
2026.09.30 15:41:07 plugins.music_plugin INFO     Metadata (youtube): KAROL G - LATINA FOREVA
2026.09.30 15:41:08 aiogram.event        INFO     Update id=875901785 is handled. Duration 20365 ms by bot id=8976652462
2026.09.30 15:41:11 plugins.music_plugin INFO     Metadata (youtube): Shakira - Chantaje ft. Maluma
2026.09.30 15:41:13 aiogram.event        INFO     Update id=875901786 is handled. Duration 20728 ms by bot id=8976652462
2026.09.30 15:41:13 aiogram.event        INFO     Update id=875901787 is handled. Duration 0 ms by bot id=8976652462
2026.09.30 15:41:17 aiogram.event        INFO     Update id=875901788 is handled. Duration 801 ms by bot id=8976652462
2026.09.30 15:41:17 core.webprofile      INFO     firefox brauzerindən cookies istifadə edilir.
2026.09.30 15:41:17 core.webprofile      INFO     Seçilmiş User-Agent: Mozilla/5.0 (Linux; Android 14; Pixel 8 Pro) AppleWebKit/537.36 (KHTML, like Gecko) Chrome/122.0.0.0 Mobile Safari/537.36
2026.09.30 15:41:17 aiogram.event        INFO     Update id=875901790 is handled. Duration 0 ms by bot id=8976652462
2026.09.30 15:41:20 core.webprofile      INFO     firefox brauzerindən cookies istifadə edilir.
2026.09.30 15:41:20 core.webprofile      INFO     Seçilmiş User-Agent: Mozilla/5.0 (iPad; CPU OS 17_2 like Mac OS X) AppleWebKit/605.1.15 (KHTML, like Gecko) Version/17.2 Mobile/15E148 Safari/604.1
2026.09.30 15:41:20 aiogram.event        INFO     Update id=875901789 is handled. Duration 3852 ms by bot id=8976652462
2026.09.30 15:41:21 aiogram.event        INFO     Update id=875901792 is handled. Duration 836 ms by bot id=8976652462
2026.09.30 15:41:21 aiogram.event        INFO     Update id=875901793 is handled. Duration 0 ms by bot id=8976652462
2026.09.30 15:41:22 aiogram.event        INFO     Update id=875901794 is handled. Duration 0 ms by bot id=8976652462
2026.09.30 15:41:23 aiogram.event        INFO     Update id=875901791 is handled. Duration 4336 ms by bot id=8976652462
2026.09.30 15:41:26 core.webprofile      INFO     firefox brauzerindən cookies istifadə edilir.
2026.09.30 15:41:26 core.webprofile      INFO     Seçilmiş User-Agent: Mozilla/5.0 (Windows NT 10.0; Win64; x64) AppleWebKit/537.36 (KHTML, like Gecko) Chrome/122.0.0.0 Safari/537.36
2026.09.30 15:41:29 aiogram.event        INFO     Update id=875901795 is handled. Duration 4214 ms by bot id=8976652462
2026.09.30 15:41:32 core.webprofile      INFO     firefox brauzerindən cookies istifadə edilir.
2026.09.30 15:41:32 core.webprofile      INFO     Seçilmiş User-Agent: Mozilla/5.0 (Windows NT 10.0; Win64; x64; rv:120.0) Gecko/20100101 Firefox/120.0
2026.09.30 15:41:32 core.youtube_handler INFO     Yükləmə cəhdi: cookies + default client
2026.09.30 15:41:34 aiogram.event        INFO     Update id=875901797 is handled. Duration 43 ms by bot id=8976652462
2026.09.30 15:41:39 aiogram.event        INFO     Update id=875901798 is handled. Duration 61 ms by bot id=8976652462
2026.09.30 15:41:45 plugins.music_plugin INFO     Metadata (youtube): Metro Boomin - Space Cadet (feat. Gunna)
2026.09.30 15:41:45 aiogram.event        INFO     Update id=875901799 is handled. Duration 113 ms by bot id=8976652462
2026.09.30 15:41:46 aiogram.event        INFO     Update id=875901796 is handled. Duration 14172 ms by bot id=8976652462
2026.09.30 15:41:49 aiogram.event        INFO     Update id=875901800 is handled. Duration 104 ms by bot id=8976652462
2026.09.30 15:41:50 aiogram.event        INFO     Update id=875901801 is handled. Duration 69 ms by bot id=8976652462
2026.09.30 15:41:54 aiogram.event        INFO     Update id=875901802 is handled. Duration 239 ms by bot id=8976652462
2026.09.30 15:41:57 aiogram.event        INFO     Update id=875901803 is handled. Duration 45 ms by bot id=8976652462
2026.09.30 15:42:34 core.utilities       INFO     User 8502974425 executed command: /menu
2026.09.30 15:42:34 aiogram.event        INFO     Update id=875901804 is handled. Duration 122 ms by bot id=8976652462
2026.09.30 15:42:36 aiogram.event        INFO     Update id=875901805 is handled. Duration 214 ms by bot id=8976652462
2026.09.30 15:42:44 aiogram.event        INFO     Update id=875901806 is handled. Duration 47 ms by bot id=8976652462
2026.09.30 15:44:17 aiogram.event        INFO     Update id=875901807 is handled. Duration 1440 ms by bot id=8976652462
2026.09.30 15:44:27 aiogram.event        INFO     Update id=875901808 is handled. Duration 1613 ms by bot id=8976652462
2026.09.30 16:04:39 core.utilities       INFO     User 8502974425 executed command: /menu
2026.09.30 16:04:39 aiogram.event        INFO     Update id=875901809 is handled. Duration 53 ms by bot id=8976652462
2026.09.30 16:04:40 aiogram.event        INFO     Update id=875901810 is handled. Duration 54 ms by bot id=8976652462
2026.09.30 16:04:45 aiogram.event        INFO     Update id=875901811 is handled. Duration 58 ms by bot id=8976652462
2026.09.30 16:04:46 aiogram.event        INFO     Update id=875901812 is handled. Duration 237 ms by bot id=8976652462
2026.09.30 16:07:20 core.utilities       INFO     User 7017276256 executed command: /start
2026.09.30 16:07:21 aiogram.event        INFO     Update id=875901813 is handled. Duration 925 ms by bot id=8976652462
2026.09.30 16:07:48 core.webprofile      INFO     firefox brauzerindən cookies istifadə edilir.
2026.09.30 16:07:48 core.webprofile      INFO     Seçilmiş User-Agent: Mozilla/5.0 (iPhone; CPU iPhone OS 17_2 like Mac OS X) AppleWebKit/605.1.15 (KHTML, like Gecko) Version/17.2 Mobile/15E148 Safari/604.1
2026.09.30 16:07:52 aiogram.event        INFO     Update id=875901814 is handled. Duration 3377 ms by bot id=8976652462
2026.09.30 16:08:02 core.webprofile      INFO     firefox brauzerindən cookies istifadə edilir.
2026.09.30 16:08:02 core.webprofile      INFO     Seçilmiş User-Agent: Mozilla/5.0 (iPad; CPU OS 17_2 like Mac OS X) AppleWebKit/605.1.15 (KHTML, like Gecko) Version/17.2 Mobile/15E148 Safari/604.1
2026.09.30 16:08:02 core.youtube_handler INFO     Yükləmə cəhdi: cookies + default client
2026.09.30 16:08:15 plugins.music_plugin INFO     Metadata (youtube): Irade Mehri - Sevmisdim
2026.09.30 16:08:17 aiogram.event        INFO     Update id=875901815 is handled. Duration 15700 ms by bot id=8976652462
2026.09.30 16:08:46 core.utilities       INFO     User 7017276256 executed command: /music <Bir Xatire>
2026.09.30 16:08:46 core.webprofile      INFO     firefox brauzerindən cookies istifadə edilir.
2026.09.30 16:08:46 core.webprofile      INFO     Seçilmiş User-Agent: Mozilla/5.0 (Windows NT 10.0; Win64; x64; rv:120.0) Gecko/20100101 Firefox/120.0
2026.09.30 16:08:49 aiogram.event        INFO     Update id=875901816 is handled. Duration 3270 ms by bot id=8976652462
2026.09.30 16:09:03 core.webprofile      INFO     firefox brauzerindən cookies istifadə edilir.
2026.09.30 16:09:03 core.webprofile      INFO     Seçilmiş User-Agent: Mozilla/5.0 (X11; Ubuntu; Linux x86_64; rv:120.0) Gecko/20100101 Firefox/120.0
2026.09.30 16:09:05 aiogram.event        INFO     Update id=875901817 is handled. Duration 2158 ms by bot id=8976652462
2026.09.30 16:09:06 aiogram.event        INFO     Update id=875901818 is handled. Duration 20 ms by bot id=8976652462
2026.09.30 16:09:16 aiogram.event        INFO     Update id=875901819 is not handled. Duration 5 ms by bot id=8976652462
2026.09.30 16:15:48 core.utilities       INFO     User 8502974425 executed command: /menu
2026.09.30 16:15:48 aiogram.event        INFO     Update id=875901820 is handled. Duration 86 ms by bot id=8976652462
2026.09.30 16:15:49 aiogram.event        INFO     Update id=875901821 is handled. Duration 67 ms by bot id=8976652462
2026.09.30 16:36:51 core.utilities       INFO     User 8502974425 executed command: /menu
2026.09.30 16:36:52 aiogram.event        INFO     Update id=875901822 is handled. Duration 112 ms by bot id=8976652462
2026.09.30 16:36:53 aiogram.event        INFO     Update id=875901823 is handled. Duration 62 ms by bot id=8976652462
2026.09.30 16:37:41 aiogram.event        INFO     Update id=875901824 is handled. Duration 0 ms by bot id=8976652462
2026.09.30 16:37:46 aiogram.event        INFO     Update id=875901825 is handled. Duration 0 ms by bot id=8976652462
2026.09.30 16:37:48 core.webprofile      INFO     firefox brauzerindən cookies istifadə edilir.
2026.09.30 16:37:48 core.webprofile      INFO     Seçilmiş User-Agent: Mozilla/5.0 (iPad; CPU OS 17_2 like Mac OS X) AppleWebKit/605.1.15 (KHTML, like Gecko) Version/17.2 Mobile/15E148 Safari/604.1
2026.09.30 16:37:51 aiogram.event        INFO     Update id=875901826 is handled. Duration 3713 ms by bot id=8976652462
2026.09.30 16:37:56 plugins.music_plugin WARNING  Odesli API açar tələb edir (ODESLI_API_KEY). Birbaşa song.link/<url> linki istifadə olunacaq.
2026.09.30 16:37:56 plugins.music_plugin INFO     Metadata (youtube): İfrat - BUZ BİRİ
2026.09.30 16:37:56 aiogram.event        INFO     Update id=875901827 is handled. Duration 553 ms by bot id=8976652462
2026.09.30 16:38:01 core.webprofile      INFO     firefox brauzerindən cookies istifadə edilir.
2026.09.30 16:38:01 core.webprofile      INFO     Seçilmiş User-Agent: Mozilla/5.0 (X11; Linux x86_64) AppleWebKit/537.36 (KHTML, like Gecko) Chrome/122.0.0.0 Safari/537.36
2026.09.30 16:38:04 aiogram.event        INFO     Update id=875901828 is handled. Duration 2666 ms by bot id=8976652462
2026.09.30 16:38:04 aiogram.event        INFO     Update id=875901829 is handled. Duration 21 ms by bot id=8976652462
2026.09.30 16:38:06 aiogram.event        INFO     Update id=875901830 is handled. Duration 55 ms by bot id=8976652462
2026.09.30 16:38:11 aiogram.event        INFO     Update id=875901831 is handled. Duration 18 ms by bot id=8976652462
2026.09.30 16:38:13 aiogram.event        INFO     Update id=875901832 is handled. Duration 73 ms by bot id=8976652462
2026.09.30 16:38:15 core.webprofile      INFO     firefox brauzerindən cookies istifadə edilir.
2026.09.30 16:38:15 core.webprofile      INFO     Seçilmiş User-Agent: Mozilla/5.0 (Windows NT 10.0; Win64; x64) AppleWebKit/537.36 (KHTML, like Gecko) Edge/120.0.0.0 Safari/537.36
2026.09.30 16:38:15 core.youtube_handler INFO     Yükləmə cəhdi: cookies + default client
2026.09.30 16:38:28 plugins.music_plugin INFO     Metadata (youtube): Semicenk - Çıkmaz Bir Sokakta
2026.09.30 16:38:30 aiogram.event        INFO     Update id=875901833 is handled. Duration 14917 ms by bot id=8976652462
2026.09.30 16:38:30 core.webprofile      INFO     firefox brauzerindən cookies istifadə edilir.
2026.09.30 16:38:30 core.webprofile      INFO     Seçilmiş User-Agent: Mozilla/5.0 (Windows NT 10.0; Win64; x64) AppleWebKit/537.36 (KHTML, like Gecko) Edge/120.0.0.0 Safari/537.36
2026.09.30 16:38:30 core.youtube_handler INFO     Yükləmə cəhdi: cookies + default client
2026.09.30 16:38:39 core.webprofile      INFO     firefox brauzerindən cookies istifadə edilir.
2026.09.30 16:38:39 core.webprofile      INFO     Seçilmiş User-Agent: Mozilla/5.0 (iPad; CPU OS 17_2 like Mac OS X) AppleWebKit/605.1.15 (KHTML, like Gecko) Version/17.2 Mobile/15E148 Safari/604.1
2026.09.30 16:38:39 core.youtube_handler INFO     Yükləmə cəhdi: cookies + default client
2026.09.30 16:38:54 plugins.music_plugin INFO     Metadata (youtube): Balabəy Ağayev - Vaxtında Gəlmədi
2026.09.30 16:38:55 core.webprofile      INFO     firefox brauzerindən cookies istifadə edilir.
2026.09.30 16:38:55 core.webprofile      INFO     Seçilmiş User-Agent: Mozilla/5.0 (iPad; CPU OS 17_2 like Mac OS X) AppleWebKit/605.1.15 (KHTML, like Gecko) Version/17.2 Mobile/15E148 Safari/604.1
2026.09.30 16:38:55 core.youtube_handler INFO     Yükləmə cəhdi: cookies + default client
2026.09.30 16:38:56 aiogram.event        INFO     Update id=875901834 is handled. Duration 25485 ms by bot id=8976652462
2026.09.30 16:38:57 core.webprofile      INFO     firefox brauzerindən cookies istifadə edilir.
2026.09.30 16:38:57 core.webprofile      INFO     Seçilmiş User-Agent: Mozilla/5.0 (Macintosh; Intel Mac OS X 10_15_7) AppleWebKit/537.36 (KHTML, like Gecko) Chrome/122.0.0.0 Safari/537.36
2026.09.30 16:38:58 plugins.music_plugin INFO     Metadata (youtube): Röya - Düşürsən Tez-Tez Yada
2026.09.30 16:38:59 aiogram.event        INFO     Update id=875901837 is handled. Duration 2654 ms by bot id=8976652462
2026.09.30 16:38:59 aiogram.event        INFO     Update id=875901838 is handled. Duration 28 ms by bot id=8976652462
2026.09.30 16:39:00 aiogram.event        INFO     Update id=875901835 is handled. Duration 21218 ms by bot id=8976652462
2026.09.30 16:39:04 core.webprofile      INFO     firefox brauzerindən cookies istifadə edilir.
2026.09.30 16:39:04 core.webprofile      INFO     Seçilmiş User-Agent: Mozilla/5.0 (X11; Ubuntu; Linux x86_64; rv:120.0) Gecko/20100101 Firefox/120.0
2026.09.30 16:39:04 core.youtube_handler INFO     Yükləmə cəhdi: cookies + default client
2026.09.30 16:39:07 aiogram.event        INFO     Update id=875901840 is handled. Duration 87 ms by bot id=8976652462
2026.09.30 16:39:12 aiogram.event        INFO     Update id=875901842 is handled. Duration 36 ms by bot id=8976652462
2026.09.30 16:39:13 aiogram.event        INFO     Update id=875901843 is handled. Duration 17 ms by bot id=8976652462
2026.09.30 16:39:14 aiogram.event        INFO     Update id=875901844 is handled. Duration 25 ms by bot id=8976652462
2026.09.30 16:39:14 plugins.music_plugin INFO     Metadata (youtube): BLOK3 - SEBEBİ YAR
2026.09.30 16:39:14 core.webprofile      INFO     firefox brauzerindən cookies istifadə edilir.
2026.09.30 16:39:14 core.webprofile      INFO     Seçilmiş User-Agent: Mozilla/5.0 (Windows NT 10.0; Win64; x64) AppleWebKit/537.36 (KHTML, like Gecko) Chrome/122.0.0.0 Safari/537.36
2026.09.30 16:39:14 core.youtube_handler INFO     Yükləmə cəhdi: cookies + default client
2026.09.30 16:39:14 aiogram.event        INFO     Update id=875901845 is handled. Duration 24 ms by bot id=8976652462
2026.09.30 16:39:15 aiogram.event        INFO     Update id=875901836 is handled. Duration 20020 ms by bot id=8976652462
2026.09.30 16:39:21 plugins.music_plugin INFO     Metadata (youtube): Semicenk & Rast - Canın Sağ Olsun (prod. by Büken)
2026.09.30 16:39:21 core.webprofile      INFO     firefox brauzerindən cookies istifadə edilir.
2026.09.30 16:39:21 core.webprofile      INFO     Seçilmiş User-Agent: Mozilla/5.0 (Windows NT 10.0; Win64; x64) AppleWebKit/537.36 (KHTML, like Gecko) Edge/120.0.0.0 Safari/537.36
2026.09.30 16:39:21 core.youtube_handler INFO     Yükləmə cəhdi: cookies + default client
2026.09.30 16:39:22 aiogram.event        INFO     Update id=875901839 is handled. Duration 18645 ms by bot id=8976652462
2026.09.30 16:39:23 core.webprofile      INFO     firefox brauzerindən cookies istifadə edilir.
2026.09.30 16:39:23 core.webprofile      INFO     Seçilmiş User-Agent: Mozilla/5.0 (iPhone; CPU iPhone OS 17_2 like Mac OS X) AppleWebKit/605.1.15 (KHTML, like Gecko) Version/17.2 Mobile/15E148 Safari/604.1
2026.09.30 16:39:25 aiogram.event        INFO     Update id=875901847 is handled. Duration 2561 ms by bot id=8976652462
2026.09.30 16:39:25 aiogram.event        INFO     Update id=875901848 is handled. Duration 27 ms by bot id=8976652462
2026.09.30 16:39:27 aiogram.event        INFO     Update id=875901849 is handled. Duration 24 ms by bot id=8976652462
2026.09.30 16:39:32 aiogram.event        INFO     Update id=875901850 is handled. Duration 27 ms by bot id=8976652462
2026.09.30 16:39:32 plugins.music_plugin INFO     Metadata (youtube): Çağla & Doğu Swag - Seni Düşündüm (Prod. by Büken)
2026.09.30 16:39:34 aiogram.event        INFO     Update id=875901841 is handled. Duration 25352 ms by bot id=8976652462
2026.09.30 16:39:38 plugins.music_plugin INFO     Metadata (youtube): Asif Meherremov - Gece Gece (Prod by FARID AQA)
2026.09.30 16:39:38 aiogram.event        INFO     Update id=875901851 is handled. Duration 19 ms by bot id=8976652462
2026.09.30 16:39:39 aiogram.event        INFO     Update id=875901846 is handled. Duration 22972 ms by bot id=8976652462
2026.09.30 16:40:26 core.webprofile      INFO     firefox brauzerindən cookies istifadə edilir.
2026.09.30 16:40:26 core.webprofile      INFO     Seçilmiş User-Agent: Mozilla/5.0 (Windows NT 10.0; Win64; x64) AppleWebKit/537.36 (KHTML, like Gecko) Chrome/122.0.0.0 Safari/537.36
2026.09.30 16:40:29 aiogram.event        INFO     Update id=875901852 is handled. Duration 2261 ms by bot id=8976652462
2026.09.30 16:40:29 aiogram.event        INFO     Update id=875901853 is handled. Duration 22 ms by bot id=8976652462
2026.09.30 16:40:32 aiogram.event        INFO     Update id=875901854 is handled. Duration 23 ms by bot id=8976652462
2026.09.30 16:40:35 core.webprofile      INFO     firefox brauzerindən cookies istifadə edilir.
2026.09.30 16:40:35 core.webprofile      INFO     Seçilmiş User-Agent: Mozilla/5.0 (Macintosh; Intel Mac OS X 10_15_7) AppleWebKit/537.36 (KHTML, like Gecko) Chrome/122.0.0.0 Safari/537.36
2026.09.30 16:40:35 core.youtube_handler INFO     Yükləmə cəhdi: cookies + default client
2026.09.30 16:40:46 plugins.music_plugin INFO     Metadata (youtube): Yaşar Cəlilov - Bilməzdim
2026.09.30 16:40:47 aiogram.event        INFO     Update id=875901855 is handled. Duration 11219 ms by bot id=8976652462
2026.09.30 16:41:55 core.webprofile      INFO     firefox brauzerindən cookies istifadə edilir.
2026.09.30 16:41:55 core.webprofile      INFO     Seçilmiş User-Agent: Mozilla/5.0 (Macintosh; Intel Mac OS X 10_15_7) AppleWebKit/537.36 (KHTML, like Gecko) Chrome/122.0.0.0 Safari/537.36
2026.09.30 16:41:58 aiogram.event        INFO     Update id=875901856 is handled. Duration 2498 ms by bot id=8976652462
2026.09.30 16:41:58 aiogram.event        INFO     Update id=875901857 is handled. Duration 32 ms by bot id=8976652462
2026.09.30 16:42:01 aiogram.event        INFO     Update id=875901858 is handled. Duration 22 ms by bot id=8976652462
2026.09.30 16:42:05 core.webprofile      INFO     firefox brauzerindən cookies istifadə edilir.
2026.09.30 16:42:05 core.webprofile      INFO     Seçilmiş User-Agent: Mozilla/5.0 (Linux; Android 14; SM-G998B) AppleWebKit/537.36 (KHTML, like Gecko) Chrome/122.0.0.0 Mobile Safari/537.36
2026.09.30 16:42:05 core.youtube_handler INFO     Yükləmə cəhdi: cookies + default client
2026.09.30 16:42:11 core.webprofile      INFO     firefox brauzerindən cookies istifadə edilir.
2026.09.30 16:42:11 core.webprofile      INFO     Seçilmiş User-Agent: Mozilla/5.0 (Macintosh; Intel Mac OS X 10_15_7) AppleWebKit/537.36 (KHTML, like Gecko) Chrome/122.0.0.0 Safari/537.36
2026.09.30 16:42:11 core.youtube_handler INFO     Yükləmə cəhdi: cookies + default client
2026.09.30 16:42:15 aiogram.event        INFO     Update id=875901861 is handled. Duration 46 ms by bot id=8976652462
2026.09.30 16:42:17 aiogram.event        INFO     Update id=875901862 is handled. Duration 24 ms by bot id=8976652462
2026.09.30 16:42:26 plugins.music_plugin INFO     Metadata (youtube): Röya - Sənə Görə
2026.09.30 16:42:26 core.webprofile      INFO     firefox brauzerindən cookies istifadə edilir.
2026.09.30 16:42:26 core.webprofile      INFO     Seçilmiş User-Agent: Mozilla/5.0 (Windows NT 10.0; Win64; x64) AppleWebKit/537.36 (KHTML, like Gecko) Edge/120.0.0.0 Safari/537.36
2026.09.30 16:42:26 core.youtube_handler INFO     Yükləmə cəhdi: cookies + default client
2026.09.30 16:42:28 plugins.music_plugin INFO     Metadata (youtube): Gülay Zeynallı - Doya Doya
2026.09.30 16:42:28 aiogram.event        INFO     Update id=875901859 is handled. Duration 22528 ms by bot id=8976652462
2026.09.30 16:42:29 aiogram.event        INFO     Update id=875901860 is handled. Duration 18383 ms by bot id=8976652462
2026.09.30 16:42:36 core.webprofile      INFO     firefox brauzerindən cookies istifadə edilir.
2026.09.30 16:42:36 core.webprofile      INFO     Seçilmiş User-Agent: Mozilla/5.0 (Windows NT 10.0; Win64; x64) AppleWebKit/537.36 (KHTML, like Gecko) Edge/120.0.0.0 Safari/537.36
2026.09.30 16:42:39 aiogram.event        INFO     Update id=875901864 is handled. Duration 2436 ms by bot id=8976652462
2026.09.30 16:42:39 aiogram.event        INFO     Update id=875901865 is handled. Duration 28 ms by bot id=8976652462
2026.09.30 16:42:40 aiogram.event        INFO     Update id=875901866 is handled. Duration 37 ms by bot id=8976652462
2026.09.30 16:42:45 plugins.music_plugin INFO     Metadata (youtube): Röya - Bəlkə Də
2026.09.30 16:42:46 core.webprofile      INFO     firefox brauzerindən cookies istifadə edilir.
2026.09.30 16:42:46 core.webprofile      INFO     Seçilmiş User-Agent: Mozilla/5.0 (X11; Linux x86_64) AppleWebKit/537.36 (KHTML, like Gecko) Chrome/122.0.0.0 Safari/537.36
2026.09.30 16:42:46 core.youtube_handler INFO     Yükləmə cəhdi: cookies + default client
2026.09.30 16:42:46 aiogram.event        INFO     Update id=875901863 is handled. Duration 25555 ms by bot id=8976652462
2026.09.30 16:43:00 aiogram.event        INFO     Update id=875901868 is handled. Duration 0 ms by bot id=8976652462
2026.09.30 16:43:04 core.webprofile      INFO     firefox brauzerindən cookies istifadə edilir.
2026.09.30 16:43:04 core.webprofile      INFO     Seçilmiş User-Agent: Mozilla/5.0 (Linux; Android 14; Pixel 8 Pro) AppleWebKit/537.36 (KHTML, like Gecko) Chrome/122.0.0.0 Mobile Safari/537.36
2026.09.30 16:43:07 plugins.music_plugin INFO     Metadata (youtube): Röya - Səninəm
2026.09.30 16:43:07 aiogram.event        INFO     Update id=875901869 is handled. Duration 4195 ms by bot id=8976652462
2026.09.30 16:43:10 core.webprofile      INFO     firefox brauzerindən cookies istifadə edilir.
2026.09.30 16:43:10 core.webprofile      INFO     Seçilmiş User-Agent: Mozilla/5.0 (Windows NT 10.0; Win64; x64) AppleWebKit/537.36 (KHTML, like Gecko) Chrome/122.0.0.0 Safari/537.36
2026.09.30 16:43:10 core.youtube_handler INFO     Yükləmə cəhdi: cookies + default client
2026.09.30 16:43:10 aiogram.event        INFO     Update id=875901867 is handled. Duration 24046 ms by bot id=8976652462
2026.09.30 16:43:24 plugins.music_plugin INFO     Metadata (youtube): Röya - Aldatma
2026.09.30 16:43:26 aiogram.event        INFO     Update id=875901870 is handled. Duration 15822 ms by bot id=8976652462
2026.09.30 16:43:41 aiogram.event        INFO     Update id=875901871 is handled. Duration 0 ms by bot id=8976652462
2026.09.30 16:43:43 aiogram.event        INFO     Update id=875901872 is handled. Duration 801 ms by bot id=8976652462
2026.09.30 16:43:44 core.webprofile      INFO     firefox brauzerindən cookies istifadə edilir.
2026.09.30 16:43:44 core.webprofile      INFO     Seçilmiş User-Agent: Mozilla/5.0 (Windows NT 10.0; Win64; x64) AppleWebKit/537.36 (KHTML, like Gecko) Edge/120.0.0.0 Safari/537.36
2026.09.30 16:43:45 aiogram.event        INFO     Update id=875901874 is handled. Duration 801 ms by bot id=8976652462
2026.09.30 16:43:45 core.webprofile      INFO     firefox brauzerindən cookies istifadə edilir.
2026.09.30 16:43:45 core.webprofile      INFO     Seçilmiş User-Agent: Mozilla/5.0 (X11; Linux x86_64) AppleWebKit/537.36 (KHTML, like Gecko) Chrome/122.0.0.0 Safari/537.36
2026.09.30 16:43:48 aiogram.event        INFO     Update id=875901875 is handled. Duration 3813 ms by bot id=8976652462
2026.09.30 16:43:50 core.webprofile      INFO     firefox brauzerindən cookies istifadə edilir.
2026.09.30 16:43:50 core.webprofile      INFO     Seçilmiş User-Agent: Mozilla/5.0 (Windows NT 10.0; Win64; x64) AppleWebKit/537.36 (KHTML, like Gecko) Chrome/122.0.0.0 Safari/537.36
2026.09.30 16:43:50 core.youtube_handler INFO     Yükləmə cəhdi: cookies + default client
2026.09.30 16:43:52 aiogram.event        INFO     Update id=875901873 is handled. Duration 8760 ms by bot id=8976652462
2026.09.30 16:43:52 aiogram.event        INFO     Update id=875901877 is handled. Duration 0 ms by bot id=8976652462
2026.09.30 16:43:55 core.webprofile      INFO     firefox brauzerindən cookies istifadə edilir.
2026.09.30 16:43:55 core.webprofile      INFO     Seçilmiş User-Agent: Mozilla/5.0 (Linux; Android 14; Pixel 8 Pro) AppleWebKit/537.36 (KHTML, like Gecko) Chrome/122.0.0.0 Mobile Safari/537.36
2026.09.30 16:43:59 aiogram.event        INFO     Update id=875901878 is handled. Duration 4368 ms by bot id=8976652462
2026.09.30 16:44:02 core.webprofile      INFO     firefox brauzerindən cookies istifadə edilir.
2026.09.30 16:44:02 core.webprofile      INFO     Seçilmiş User-Agent: Mozilla/5.0 (Windows NT 10.0; Win64; x64) AppleWebKit/537.36 (KHTML, like Gecko) Edge/120.0.0.0 Safari/537.36
2026.09.30 16:44:02 core.youtube_handler INFO     Yükləmə cəhdi: cookies + default client
2026.09.30 16:44:04 aiogram.event        INFO     Update id=875901880 is handled. Duration 0 ms by bot id=8976652462
2026.09.30 16:44:11 aiogram.event        INFO     Update id=875901881 is handled. Duration 800 ms by bot id=8976652462
2026.09.30 16:44:12 core.webprofile      INFO     firefox brauzerindən cookies istifadə edilir.
2026.09.30 16:44:12 core.webprofile      INFO     Seçilmiş User-Agent: Mozilla/5.0 (Windows NT 10.0; Win64; x64) AppleWebKit/537.36 (KHTML, like Gecko) Chrome/122.0.0.0 Safari/537.36
2026.09.30 16:44:13 plugins.music_plugin INFO     Metadata (youtube): The Weeknd - Starboy ft. Daft Punk ft. Daft Punk
2026.09.30 16:44:14 core.webprofile      INFO     firefox brauzerindən cookies istifadə edilir.
2026.09.30 16:44:14 core.webprofile      INFO     Seçilmiş User-Agent: Mozilla/5.0 (Linux; Android 14; SM-G998B) AppleWebKit/537.36 (KHTML, like Gecko) Chrome/122.0.0.0 Mobile Safari/537.36
2026.09.30 16:44:14 aiogram.event        INFO     Update id=875901876 is handled. Duration 23318 ms by bot id=8976652462
2026.09.30 16:44:15 aiogram.event        INFO     Update id=875901882 is handled. Duration 4356 ms by bot id=8976652462
2026.09.30 16:44:18 aiogram.event        INFO     Update id=875901883 is handled. Duration 5586 ms by bot id=8976652462
2026.09.30 16:44:20 plugins.music_plugin INFO     Metadata (youtube): Daft Punk - Get Lucky ft. Pharrell Williams, Nile Rodgers
2026.09.30 16:44:21 aiogram.event        INFO     Update id=875901879 is handled. Duration 19211 ms by bot id=8976652462
2026.09.30 16:44:23 core.webprofile      INFO     firefox brauzerindən cookies istifadə edilir.
2026.09.30 16:44:23 core.webprofile      INFO     Seçilmiş User-Agent: Mozilla/5.0 (Windows NT 10.0; Win64; x64) AppleWebKit/537.36 (KHTML, like Gecko) Chrome/122.0.0.0 Safari/537.36
2026.09.30 16:44:23 core.youtube_handler INFO     Yükləmə cəhdi: cookies + default client
2026.09.30 16:44:38 plugins.music_plugin INFO     Metadata (youtube): Metro Boomin, Future - Too Many Nights ft. Don Toliver
2026.09.30 16:44:40 aiogram.event        INFO     Update id=875901884 is handled. Duration 17545 ms by bot id=8976652462
2026.09.30 16:45:41 aiogram.event        INFO     Update id=875901885 is handled. Duration 0 ms by bot id=8976652462
2026.09.30 16:45:46 core.webprofile      INFO     firefox brauzerindən cookies istifadə edilir.
2026.09.30 16:45:46 core.webprofile      INFO     Seçilmiş User-Agent: Mozilla/5.0 (iPad; CPU OS 17_2 like Mac OS X) AppleWebKit/605.1.15 (KHTML, like Gecko) Version/17.2 Mobile/15E148 Safari/604.1
2026.09.30 16:45:49 aiogram.event        INFO     Update id=875901886 is handled. Duration 4137 ms by bot id=8976652462
2026.09.30 16:45:55 core.webprofile      INFO     firefox brauzerindən cookies istifadə edilir.
2026.09.30 16:45:55 core.webprofile      INFO     Seçilmiş User-Agent: Mozilla/5.0 (Windows NT 10.0; Win64; x64; rv:120.0) Gecko/20100101 Firefox/120.0
2026.09.30 16:45:55 core.youtube_handler INFO     Yükləmə cəhdi: cookies + default client
2026.09.30 16:45:57 aiogram.event        INFO     Update id=875901888 is handled. Duration 0 ms by bot id=8976652462
2026.09.30 16:46:01 aiogram.event        INFO     Update id=875901889 is handled. Duration 802 ms by bot id=8976652462
2026.09.30 16:46:02 core.webprofile      INFO     firefox brauzerindən cookies istifadə edilir.
2026.09.30 16:46:02 core.webprofile      INFO     Seçilmiş User-Agent: Mozilla/5.0 (iPhone; CPU iPhone OS 17_2 like Mac OS X) AppleWebKit/605.1.15 (KHTML, like Gecko) Version/17.2 Mobile/15E148 Safari/604.1
2026.09.30 16:46:05 aiogram.event        INFO     Update id=875901890 is handled. Duration 3954 ms by bot id=8976652462
2026.09.30 16:46:10 core.webprofile      INFO     firefox brauzerindən cookies istifadə edilir.
2026.09.30 16:46:10 core.webprofile      INFO     Seçilmiş User-Agent: Mozilla/5.0 (Linux; Android 14; SM-G998B) AppleWebKit/537.36 (KHTML, like Gecko) Chrome/122.0.0.0 Mobile Safari/537.36
2026.09.30 16:46:10 core.youtube_handler INFO     Yükləmə cəhdi: cookies + default client
2026.09.30 16:46:13 plugins.music_plugin INFO     Metadata (youtube): Tony Montana Music - Bala
2026.09.30 16:46:15 aiogram.event        INFO     Update id=875901887 is handled. Duration 19725 ms by bot id=8976652462
2026.09.30 16:46:17 core.webprofile      INFO     firefox brauzerindən cookies istifadə edilir.
2026.09.30 16:46:17 core.webprofile      INFO     Seçilmiş User-Agent: Mozilla/5.0 (X11; Linux x86_64) AppleWebKit/537.36 (KHTML, like Gecko) Chrome/122.0.0.0 Safari/537.36
2026.09.30 16:46:21 aiogram.event        INFO     Update id=875901892 is handled. Duration 4392 ms by bot id=8976652462
2026.09.30 16:46:22 aiogram.event        INFO     Update id=875901893 is handled. Duration 35 ms by bot id=8976652462
2026.09.30 16:46:25 core.webprofile      INFO     firefox brauzerindən cookies istifadə edilir.
2026.09.30 16:46:25 core.webprofile      INFO     Seçilmiş User-Agent: Mozilla/5.0 (Linux; Android 14; Pixel 8 Pro) AppleWebKit/537.36 (KHTML, like Gecko) Chrome/122.0.0.0 Mobile Safari/537.36
2026.09.30 16:46:25 core.youtube_handler INFO     Yükləmə cəhdi: cookies + default client
2026.09.30 16:46:27 core.webprofile      INFO     firefox brauzerindən cookies istifadə edilir.
2026.09.30 16:46:27 core.webprofile      INFO     Seçilmiş User-Agent: Mozilla/5.0 (Windows NT 10.0; Win64; x64) AppleWebKit/537.36 (KHTML, like Gecko) Chrome/122.0.0.0 Safari/537.36
2026.09.30 16:46:30 aiogram.event        INFO     Update id=875901895 is handled. Duration 2606 ms by bot id=8976652462
2026.09.30 16:46:33 plugins.music_plugin INFO     Metadata (youtube): Bouga - Belsunce Breakdown
2026.09.30 16:46:33 core.webprofile      INFO     firefox brauzerindən cookies istifadə edilir.
2026.09.30 16:46:33 core.webprofile      INFO     Seçilmiş User-Agent: Mozilla/5.0 (Windows NT 10.0; Win64; x64) AppleWebKit/537.36 (KHTML, like Gecko) Edge/120.0.0.0 Safari/537.36
2026.09.30 16:46:33 core.youtube_handler INFO     Yükləmə cəhdi: cookies + default client
2026.09.30 16:46:33 core.webprofile      INFO     firefox brauzerindən cookies istifadə edilir.
2026.09.30 16:46:33 core.webprofile      INFO     Seçilmiş User-Agent: Mozilla/5.0 (Linux; Android 14; SM-G998B) AppleWebKit/537.36 (KHTML, like Gecko) Chrome/122.0.0.0 Mobile Safari/537.36
2026.09.30 16:46:34 aiogram.event        INFO     Update id=875901891 is handled. Duration 24185 ms by bot id=8976652462
2026.09.30 16:46:36 aiogram.event        INFO     Update id=875901897 is handled. Duration 2271 ms by bot id=8976652462
2026.09.30 16:46:42 aiogram.event        INFO     Update id=875901899 is handled. Duration 25 ms by bot id=8976652462
2026.09.30 16:46:42 aiogram.event        INFO     Update id=875901900 is handled. Duration 47 ms by bot id=8976652462
2026.09.30 16:46:44 plugins.music_plugin INFO     Metadata (youtube): INNA - Amazing
2026.09.30 16:46:44 core.webprofile      INFO     firefox brauzerindən cookies istifadə edilir.
2026.09.30 16:46:44 core.webprofile      INFO     Seçilmiş User-Agent: Mozilla/5.0 (Linux; Android 14; Pixel 8 Pro) AppleWebKit/537.36 (KHTML, like Gecko) Chrome/122.0.0.0 Mobile Safari/537.36
2026.09.30 16:46:44 core.youtube_handler INFO     Yükləmə cəhdi: cookies + default client
2026.09.30 16:46:46 aiogram.event        INFO     Update id=875901894 is handled. Duration 20432 ms by bot id=8976652462
2026.09.30 16:46:50 core.webprofile      INFO     firefox brauzerindən cookies istifadə edilir.
2026.09.30 16:46:50 core.webprofile      INFO     Seçilmiş User-Agent: Mozilla/5.0 (Windows NT 10.0; Win64; x64; rv:120.0) Gecko/20100101 Firefox/120.0
2026.09.30 16:46:52 aiogram.event        INFO     Update id=875901902 is handled. Duration 2595 ms by bot id=8976652462
2026.09.30 16:46:53 aiogram.event        INFO     Update id=875901903 is handled. Duration 37 ms by bot id=8976652462
2026.09.30 16:46:57 plugins.music_plugin INFO     Metadata (youtube): Michael Jackson - Billie Jean
2026.09.30 16:46:57 core.webprofile      INFO     firefox brauzerindən cookies istifadə edilir.
2026.09.30 16:46:57 core.webprofile      INFO     Seçilmiş User-Agent: Mozilla/5.0 (Macintosh; Intel Mac OS X 10_15_7) AppleWebKit/537.36 (KHTML, like Gecko) Chrome/122.0.0.0 Safari/537.36
2026.09.30 16:46:57 core.youtube_handler INFO     Yükləmə cəhdi: cookies + default client
2026.09.30 16:46:58 aiogram.event        INFO     Update id=875901904 is handled. Duration 92 ms by bot id=8976652462
2026.09.30 16:46:59 aiogram.event        INFO     Update id=875901896 is handled. Duration 26680 ms by bot id=8976652462
2026.09.30 16:47:00 plugins.music_plugin INFO     Metadata (youtube): Travis Scott - HIGHEST IN THE ROOM
2026.09.30 16:47:01 core.webprofile      INFO     firefox brauzerindən cookies istifadə edilir.
2026.09.30 16:47:01 core.webprofile      INFO     Seçilmiş User-Agent: Mozilla/5.0 (Windows NT 10.0; Win64; x64) AppleWebKit/537.36 (KHTML, like Gecko) Edge/120.0.0.0 Safari/537.36
2026.09.30 16:47:01 core.youtube_handler INFO     Yükləmə cəhdi: cookies + default client
2026.09.30 16:47:02 aiogram.event        INFO     Update id=875901898 is handled. Duration 22378 ms by bot id=8976652462
2026.09.30 16:47:04 core.webprofile      INFO     firefox brauzerindən cookies istifadə edilir.
2026.09.30 16:47:04 core.webprofile      INFO     Seçilmiş User-Agent: Mozilla/5.0 (Windows NT 10.0; Win64; x64) AppleWebKit/537.36 (KHTML, like Gecko) Chrome/122.0.0.0 Safari/537.36
2026.09.30 16:47:07 aiogram.event        INFO     Update id=875901906 is handled. Duration 2903 ms by bot id=8976652462
2026.09.30 16:47:07 aiogram.event        INFO     Update id=875901907 is handled. Duration 99 ms by bot id=8976652462
2026.09.30 16:47:09 aiogram.event        INFO     Update id=875901908 is handled. Duration 102 ms by bot id=8976652462
2026.09.30 16:47:19 plugins.music_plugin INFO     Metadata (youtube): Alexandra Stan - Mr. Saxobeat
2026.09.30 16:47:19 core.webprofile      INFO     firefox brauzerindən cookies istifadə edilir.
2026.09.30 16:47:19 core.webprofile      INFO     Seçilmiş User-Agent: Mozilla/5.0 (iPad; CPU OS 17_2 like Mac OS X) AppleWebKit/605.1.15 (KHTML, like Gecko) Version/17.2 Mobile/15E148 Safari/604.1
2026.09.30 16:47:19 core.youtube_handler INFO     Yükləmə cəhdi: cookies + default client
2026.09.30 16:47:19 plugins.music_plugin INFO     Metadata (youtube): Jennifer Lopez, Pitbull - On The Floor
2026.09.30 16:47:21 aiogram.event        INFO     Update id=875901905 is handled. Duration 19892 ms by bot id=8976652462
2026.09.30 16:47:21 core.webprofile      INFO     firefox brauzerindən cookies istifadə edilir.
2026.09.30 16:47:21 core.webprofile      INFO     Seçilmiş User-Agent: Mozilla/5.0 (iPad; CPU OS 17_2 like Mac OS X) AppleWebKit/605.1.15 (KHTML, like Gecko) Version/17.2 Mobile/15E148 Safari/604.1
2026.09.30 16:47:21 core.youtube_handler INFO     Yükləmə cəhdi: cookies + default client
2026.09.30 16:47:23 aiogram.event        INFO     Update id=875901901 is handled. Duration 36146 ms by bot id=8976652462
2026.09.30 16:47:24 core.webprofile      INFO     firefox brauzerindən cookies istifadə edilir.
2026.09.30 16:47:24 core.webprofile      INFO     Seçilmiş User-Agent: Mozilla/5.0 (Windows NT 10.0; Win64; x64) AppleWebKit/537.36 (KHTML, like Gecko) Edge/120.0.0.0 Safari/537.36
2026.09.30 16:47:27 aiogram.event        INFO     Update id=875901911 is handled. Duration 3001 ms by bot id=8976652462
2026.09.30 16:47:27 aiogram.event        INFO     Update id=875901912 is handled. Duration 18 ms by bot id=8976652462
2026.09.30 16:47:28 aiogram.event        INFO     Update id=875901913 is handled. Duration 21 ms by bot id=8976652462
2026.09.30 16:47:30 aiogram.event        INFO     Update id=875901914 is handled. Duration 26 ms by bot id=8976652462
2026.09.30 16:47:36 aiogram.event        INFO     Update id=875901916 is handled. Duration 24 ms by bot id=8976652462
2026.09.30 16:47:42 plugins.music_plugin INFO     Metadata (youtube): Travis Scott - FE!N ft. Playboi Carti
2026.09.30 16:47:42 core.webprofile      INFO     firefox brauzerindən cookies istifadə edilir.
2026.09.30 16:47:42 core.webprofile      INFO     Seçilmiş User-Agent: Mozilla/5.0 (Windows NT 10.0; Win64; x64) AppleWebKit/537.36 (KHTML, like Gecko) Chrome/122.0.0.0 Safari/537.36
2026.09.30 16:47:42 core.youtube_handler INFO     Yükləmə cəhdi: cookies + default client
2026.09.30 16:47:44 aiogram.event        INFO     Update id=875901909 is handled. Duration 30290 ms by bot id=8976652462
2026.09.30 16:47:44 plugins.music_plugin INFO     Metadata (youtube): Future - Mask Off
2026.09.30 16:47:44 core.webprofile      INFO     firefox brauzerindən cookies istifadə edilir.
2026.09.30 16:47:44 core.webprofile      INFO     Seçilmiş User-Agent: Mozilla/5.0 (Macintosh; Intel Mac OS X 10_15_7) AppleWebKit/537.36 (KHTML, like Gecko) Chrome/122.0.0.0 Safari/537.36
2026.09.30 16:47:44 core.youtube_handler INFO     Yükləmə cəhdi: cookies + default client
2026.09.30 16:47:45 aiogram.event        INFO     Update id=875901918 is handled. Duration 20 ms by bot id=8976652462
2026.09.30 16:47:45 aiogram.event        INFO     Update id=875901919 is handled. Duration 29 ms by bot id=8976652462
2026.09.30 16:47:46 aiogram.event        INFO     Update id=875901910 is handled. Duration 24711 ms by bot id=8976652462
2026.09.30 16:47:47 aiogram.event        INFO     Update id=875901920 is handled. Duration 115 ms by bot id=8976652462
2026.09.30 16:47:48 aiogram.event        INFO     Update id=875901921 is handled. Duration 58 ms by bot id=8976652462
2026.09.30 16:47:48 aiogram.event        INFO     Update id=875901922 is handled. Duration 75 ms by bot id=8976652462
2026.09.30 16:47:48 aiogram.event        INFO     Update id=875901923 is handled. Duration 89 ms by bot id=8976652462
2026.09.30 16:47:56 plugins.music_plugin INFO     Metadata (youtube): Fly Project - Toca Toca
2026.09.30 16:47:56 core.webprofile      INFO     firefox brauzerindən cookies istifadə edilir.
2026.09.30 16:47:56 core.webprofile      INFO     Seçilmiş User-Agent: Mozilla/5.0 (Macintosh; Intel Mac OS X 10_15_7) AppleWebKit/537.36 (KHTML, like Gecko) Chrome/122.0.0.0 Safari/537.36
2026.09.30 16:47:56 core.youtube_handler INFO     Yükləmə cəhdi: cookies + default client
2026.09.30 16:47:58 aiogram.event        INFO     Update id=875901915 is handled. Duration 26500 ms by bot id=8976652462
2026.09.30 16:48:00 core.webprofile      INFO     firefox brauzerindən cookies istifadə edilir.
2026.09.30 16:48:00 core.webprofile      INFO     Seçilmiş User-Agent: Mozilla/5.0 (Windows NT 10.0; Win64; x64) AppleWebKit/537.36 (KHTML, like Gecko) Chrome/122.0.0.0 Safari/537.36
2026.09.30 16:48:02 plugins.music_plugin INFO     Metadata (youtube): Era Istrefi - Bonbon [Ultra Records]
2026.09.30 16:48:02 core.webprofile      INFO     firefox brauzerindən cookies istifadə edilir.
2026.09.30 16:48:02 core.webprofile      INFO     Seçilmiş User-Agent: Mozilla/5.0 (Macintosh; Intel Mac OS X 10_15_7) AppleWebKit/537.36 (KHTML, like Gecko) Chrome/122.0.0.0 Safari/537.36
2026.09.30 16:48:02 core.youtube_handler INFO     Yükləmə cəhdi: cookies + default client
2026.09.30 16:48:03 aiogram.event        INFO     Update id=875901926 is handled. Duration 2867 ms by bot id=8976652462
2026.09.30 16:48:03 aiogram.event        INFO     Update id=875901927 is handled. Duration 57 ms by bot id=8976652462
2026.09.30 16:48:04 aiogram.event        INFO     Update id=875901917 is handled. Duration 24522 ms by bot id=8976652462
2026.09.30 16:48:04 aiogram.event        INFO     Update id=875901928 is handled. Duration 80 ms by bot id=8976652462
2026.09.30 16:48:06 aiogram.event        INFO     Update id=875901929 is handled. Duration 43 ms by bot id=8976652462
2026.09.30 16:48:07 aiogram.event        INFO     Update id=875901930 is handled. Duration 24 ms by bot id=8976652462
2026.09.30 16:48:07 aiogram.event        INFO     Update id=875901931 is handled. Duration 23 ms by bot id=8976652462
2026.09.30 16:48:14 core.webprofile      INFO     firefox brauzerindən cookies istifadə edilir.
2026.09.30 16:48:14 core.webprofile      INFO     Seçilmiş User-Agent: Mozilla/5.0 (Windows NT 10.0; Win64; x64) AppleWebKit/537.36 (KHTML, like Gecko) Edge/120.0.0.0 Safari/537.36
2026.09.30 16:48:15 plugins.music_plugin INFO     Metadata (youtube): Naughty Boy - La la la ft. Sam Smith
2026.09.30 16:48:15 core.webprofile      INFO     firefox brauzerindən cookies istifadə edilir.
2026.09.30 16:48:15 core.webprofile      INFO     Seçilmiş User-Agent: Mozilla/5.0 (Linux; Android 14; SM-G998B) AppleWebKit/537.36 (KHTML, like Gecko) Chrome/122.0.0.0 Mobile Safari/537.36
2026.09.30 16:48:15 core.youtube_handler INFO     Yükləmə cəhdi: cookies + default client
2026.09.30 16:48:17 aiogram.event        INFO     Update id=875901933 is handled. Duration 2709 ms by bot id=8976652462
2026.09.30 16:48:17 aiogram.event        INFO     Update id=875901934 is handled. Duration 33 ms by bot id=8976652462
2026.09.30 16:48:17 aiogram.event        INFO     Update id=875901924 is handled. Duration 27957 ms by bot id=8976652462
2026.09.30 16:48:18 aiogram.event        INFO     Update id=875901935 is handled. Duration 46 ms by bot id=8976652462
2026.09.30 16:48:22 plugins.music_plugin INFO     Metadata (youtube): LP - Lost On You
2026.09.30 16:48:23 core.webprofile      INFO     firefox brauzerindən cookies istifadə edilir.
2026.09.30 16:48:23 core.webprofile      INFO     Seçilmiş User-Agent: Mozilla/5.0 (iPad; CPU OS 17_2 like Mac OS X) AppleWebKit/605.1.15 (KHTML, like Gecko) Version/17.2 Mobile/15E148 Safari/604.1
2026.09.30 16:48:23 core.youtube_handler INFO     Yükləmə cəhdi: cookies + default client
2026.09.30 16:48:25 aiogram.event        INFO     Update id=875901925 is handled. Duration 27951 ms by bot id=8976652462
2026.09.30 16:48:29 aiogram.event        INFO     Update id=875901937 is handled. Duration 0 ms by bot id=8976652462
2026.09.30 16:48:33 aiogram.event        INFO     Update id=875901938 is handled. Duration 28 ms by bot id=8976652462
2026.09.30 16:48:34 aiogram.event        INFO     Update id=875901939 is handled. Duration 23 ms by bot id=8976652462
2026.09.30 16:48:36 aiogram.event        INFO     Update id=875901940 is handled. Duration 21 ms by bot id=8976652462
2026.09.30 16:48:37 plugins.music_plugin INFO     Metadata (youtube): LMFAO - Sexy and I Know It
2026.09.30 16:48:39 aiogram.event        INFO     Update id=875901932 is handled. Duration 27734 ms by bot id=8976652462
2026.09.30 16:48:39 aiogram.event        INFO     Update id=875901941 is handled. Duration 91 ms by bot id=8976652462
2026.09.30 16:48:42 plugins.music_plugin INFO     Metadata (youtube): Pitbull - Give Me Everything ft. Ne-Yo, Afrojack, Nayer
2026.09.30 16:48:44 aiogram.event        INFO     Update id=875901936 is handled. Duration 20551 ms by bot id=8976652462
2026.09.30 16:48:45 aiogram.event        INFO     Update id=875901942 is handled. Duration 21 ms by bot id=8976652462
2026.09.30 16:48:45 aiogram.event        INFO     Update id=875901943 is handled. Duration 19 ms by bot id=8976652462
2026.09.30 16:48:45 aiogram.event        INFO     Update id=875901944 is handled. Duration 21 ms by bot id=8976652462
2026.09.30 16:48:45 aiogram.event        INFO     Update id=875901945 is handled. Duration 21 ms by bot id=8976652462
2026.09.30 16:48:52 core.webprofile      INFO     firefox brauzerindən cookies istifadə edilir.
2026.09.30 16:48:52 core.webprofile      INFO     Seçilmiş User-Agent: Mozilla/5.0 (iPhone; CPU iPhone OS 17_2 like Mac OS X) AppleWebKit/605.1.15 (KHTML, like Gecko) Version/17.2 Mobile/15E148 Safari/604.1
2026.09.30 16:48:52 core.youtube_handler INFO     Yükləmə cəhdi: cookies + default client
2026.09.30 16:49:08 aiogram.event        INFO     Update id=875901947 is handled. Duration 21 ms by bot id=8976652462
2026.09.30 16:49:08 plugins.music_plugin INFO     Metadata (youtube): Akcent - Stay With Me
2026.09.30 16:49:08 aiogram.event        INFO     Update id=875901948 is handled. Duration 80 ms by bot id=8976652462
2026.09.30 16:49:09 aiogram.event        INFO     Update id=875901946 is handled. Duration 17210 ms by bot id=8976652462
2026.09.30 16:49:10 aiogram.event        INFO     Update id=875901949 is handled. Duration 184 ms by bot id=8976652462
2026.09.30 16:49:13 plugins.music_plugin INFO     Metadata (youtube): Michael Jackson - Billie Jean
2026.09.30 16:49:13 aiogram.event        INFO     Update id=875901950 is handled. Duration 56 ms by bot id=8976652462
2026.09.30 16:49:23 aiogram.event        INFO     Update id=875901951 is handled. Duration 194 ms by bot id=8976652462
2026.09.30 16:49:23 aiogram.event        INFO     Update id=875901952 is handled. Duration 29 ms by bot id=8976652462
2026.09.30 16:49:34 core.webprofile      INFO     firefox brauzerindən cookies istifadə edilir.
2026.09.30 16:49:34 core.webprofile      INFO     Seçilmiş User-Agent: Mozilla/5.0 (X11; Ubuntu; Linux x86_64; rv:120.0) Gecko/20100101 Firefox/120.0
2026.09.30 16:49:34 core.youtube_handler INFO     Yükləmə cəhdi: cookies + default client
2026.09.30 16:49:36 core.webprofile      INFO     firefox brauzerindən cookies istifadə edilir.
2026.09.30 16:49:36 core.webprofile      INFO     Seçilmiş User-Agent: Mozilla/5.0 (Windows NT 10.0; Win64; x64) AppleWebKit/537.36 (KHTML, like Gecko) Edge/120.0.0.0 Safari/537.36
2026.09.30 16:49:39 aiogram.event        INFO     Update id=875901954 is handled. Duration 3047 ms by bot id=8976652462
2026.09.30 16:49:39 aiogram.event        INFO     Update id=875901955 is handled. Duration 23 ms by bot id=8976652462
2026.09.30 16:49:41 aiogram.event        INFO     Update id=875901956 is handled. Duration 20 ms by bot id=8976652462
2026.09.30 16:49:41 aiogram.event        INFO     Update id=875901957 is handled. Duration 21 ms by bot id=8976652462
2026.09.30 16:49:47 aiogram.event        INFO     Update id=875901958 is handled. Duration 62 ms by bot id=8976652462
2026.09.30 16:49:47 aiogram.event        INFO     Update id=875901959 is handled. Duration 57 ms by bot id=8976652462
2026.09.30 16:49:47 plugins.music_plugin INFO     Metadata (youtube): Charlie Puth - Attention
2026.09.30 16:49:49 aiogram.event        INFO     Update id=875901953 is handled. Duration 14456 ms by bot id=8976652462
2026.09.30 16:49:54 aiogram.event        INFO     Update id=875901960 is handled. Duration 148 ms by bot id=8976652462
2026.09.30 16:49:56 core.webprofile      INFO     firefox brauzerindən cookies istifadə edilir.
2026.09.30 16:49:56 core.webprofile      INFO     Seçilmiş User-Agent: Mozilla/5.0 (Linux; Android 14; Pixel 8 Pro) AppleWebKit/537.36 (KHTML, like Gecko) Chrome/122.0.0.0 Mobile Safari/537.36
2026.09.30 16:49:56 core.youtube_handler INFO     Yükləmə cəhdi: cookies + default client
2026.09.30 16:50:12 plugins.music_plugin INFO     Metadata (youtube): YouTube - Desire (Play & Win Radio Edit)
2026.09.30 16:50:14 aiogram.event        INFO     Update id=875901961 is handled. Duration 17561 ms by bot id=8976652462
2026.09.30 16:50:18 core.webprofile      INFO     firefox brauzerindən cookies istifadə edilir.
2026.09.30 16:50:18 core.webprofile      INFO     Seçilmiş User-Agent: Mozilla/5.0 (X11; Linux x86_64) AppleWebKit/537.36 (KHTML, like Gecko) Chrome/122.0.0.0 Safari/537.36
2026.09.30 16:50:20 aiogram.event        INFO     Update id=875901962 is handled. Duration 2213 ms by bot id=8976652462
2026.09.30 16:50:20 aiogram.event        INFO     Update id=875901963 is handled. Duration 22 ms by bot id=8976652462
2026.09.30 16:50:23 aiogram.event        INFO     Update id=875901964 is handled. Duration 21 ms by bot id=8976652462
2026.09.30 16:50:23 aiogram.event        INFO     Update id=875901965 is handled. Duration 19 ms by bot id=8976652462
2026.09.30 16:50:28 core.webprofile      INFO     firefox brauzerindən cookies istifadə edilir.
2026.09.30 16:50:28 core.webprofile      INFO     Seçilmiş User-Agent: Mozilla/5.0 (Windows NT 10.0; Win64; x64) AppleWebKit/537.36 (KHTML, like Gecko) Chrome/122.0.0.0 Safari/537.36
2026.09.30 16:50:28 core.youtube_handler INFO     Yükləmə cəhdi: cookies + default client
2026.09.30 16:50:31 aiogram.event        INFO     Update id=875901967 is handled. Duration 70 ms by bot id=8976652462
2026.09.30 16:50:33 aiogram.event        INFO     Update id=875901968 is handled. Duration 65 ms by bot id=8976652462
2026.09.30 16:50:46 core.webprofile      INFO     firefox brauzerindən cookies istifadə edilir.
2026.09.30 16:50:46 core.webprofile      INFO     Seçilmiş User-Agent: Mozilla/5.0 (X11; Ubuntu; Linux x86_64; rv:120.0) Gecko/20100101 Firefox/120.0
2026.09.30 16:50:46 core.youtube_handler INFO     Yükləmə cəhdi: cookies + default client
2026.09.30 16:50:48 core.webprofile      INFO     firefox brauzerindən cookies istifadə edilir.
2026.09.30 16:50:48 core.webprofile      INFO     Seçilmiş User-Agent: Mozilla/5.0 (Linux; Android 14; SM-G998B) AppleWebKit/537.36 (KHTML, like Gecko) Chrome/122.0.0.0 Mobile Safari/537.36
2026.09.30 16:50:50 aiogram.event        INFO     Update id=875901970 is handled. Duration 2569 ms by bot id=8976652462
2026.09.30 16:50:51 aiogram.event        INFO     Update id=875901971 is handled. Duration 24 ms by bot id=8976652462
2026.09.30 16:50:51 plugins.music_plugin INFO     Metadata (youtube): Dr. Dre - Still D.R.E. ft. Snoop Dogg
2026.09.30 16:50:52 aiogram.event        INFO     Update id=875901972 is handled. Duration 45 ms by bot id=8976652462
2026.09.30 16:50:53 aiogram.event        INFO     Update id=875901973 is handled. Duration 19 ms by bot id=8976652462
2026.09.30 16:50:53 aiogram.event        INFO     Update id=875901966 is handled. Duration 24816 ms by bot id=8976652462
2026.09.30 16:50:55 aiogram.event        INFO     Update id=875901974 is handled. Duration 22 ms by bot id=8976652462
2026.09.30 16:50:57 core.webprofile      INFO     firefox brauzerindən cookies istifadə edilir.
2026.09.30 16:50:57 core.webprofile      INFO     Seçilmiş User-Agent: Mozilla/5.0 (Windows NT 10.0; Win64; x64) AppleWebKit/537.36 (KHTML, like Gecko) Edge/120.0.0.0 Safari/537.36
2026.09.30 16:50:57 core.youtube_handler INFO     Yükləmə cəhdi: cookies + default client
2026.09.30 16:50:59 core.webprofile      INFO     firefox brauzerindən cookies istifadə edilir.
2026.09.30 16:50:59 core.webprofile      INFO     Seçilmiş User-Agent: Mozilla/5.0 (Linux; Android 14; SM-G998B) AppleWebKit/537.36 (KHTML, like Gecko) Chrome/122.0.0.0 Mobile Safari/537.36
2026.09.30 16:51:02 aiogram.event        INFO     Update id=875901976 is handled. Duration 2960 ms by bot id=8976652462
2026.09.30 16:51:03 aiogram.event        INFO     Update id=875901977 is handled. Duration 55 ms by bot id=8976652462
2026.09.30 16:51:06 plugins.music_plugin INFO     Metadata (youtube): Nuttea - Millénaire
2026.09.30 16:51:06 core.webprofile      INFO     firefox brauzerindən cookies istifadə edilir.
2026.09.30 16:51:06 core.webprofile      INFO     Seçilmiş User-Agent: Mozilla/5.0 (X11; Ubuntu; Linux x86_64; rv:120.0) Gecko/20100101 Firefox/120.0
2026.09.30 16:51:06 core.youtube_handler INFO     Yükləmə cəhdi: cookies + default client
2026.09.30 16:51:07 aiogram.event        INFO     Update id=875901969 is handled. Duration 21184 ms by bot id=8976652462
2026.09.30 16:51:10 aiogram.event        INFO     Update id=875901979 is handled. Duration 39 ms by bot id=8976652462
2026.09.30 16:51:12 aiogram.event        INFO     Update id=875901980 is handled. Duration 24 ms by bot id=8976652462
2026.09.30 16:51:14 aiogram.event        INFO     Update id=875901981 is handled. Duration 28 ms by bot id=8976652462
2026.09.30 16:51:20 plugins.music_plugin INFO     Metadata (youtube): Bizzey Feat. Jozo & Kraantje Pappie - Traag
2026.09.30 16:51:20 core.webprofile      INFO     firefox brauzerindən cookies istifadə edilir.
2026.09.30 16:51:20 core.webprofile      INFO     Seçilmiş User-Agent: Mozilla/5.0 (iPhone; CPU iPhone OS 17_2 like Mac OS X) AppleWebKit/605.1.15 (KHTML, like Gecko) Version/17.2 Mobile/15E148 Safari/604.1
2026.09.30 16:51:20 core.youtube_handler INFO     Yükləmə cəhdi: cookies + default client
2026.09.30 16:51:21 aiogram.event        INFO     Update id=875901975 is handled. Duration 24068 ms by bot id=8976652462
2026.09.30 16:51:23 core.webprofile      INFO     firefox brauzerindən cookies istifadə edilir.
2026.09.30 16:51:23 core.webprofile      INFO     Seçilmiş User-Agent: Mozilla/5.0 (Windows NT 10.0; Win64; x64) AppleWebKit/537.36 (KHTML, like Gecko) Edge/120.0.0.0 Safari/537.36
2026.09.30 16:51:26 aiogram.event        INFO     Update id=875901983 is handled. Duration 3086 ms by bot id=8976652462
2026.09.30 16:51:26 aiogram.event        INFO     Update id=875901984 is handled. Duration 24 ms by bot id=8976652462
2026.09.30 16:51:27 plugins.music_plugin INFO     Metadata (youtube): Usher - Yeah! ft. Lil Jon, Ludacris
2026.09.30 16:51:28 aiogram.event        INFO     Update id=875901985 is handled. Duration 24 ms by bot id=8976652462
2026.09.30 16:51:28 aiogram.event        INFO     Update id=875901986 is handled. Duration 50 ms by bot id=8976652462
2026.09.30 16:51:28 aiogram.event        INFO     Update id=875901987 is handled. Duration 25 ms by bot id=8976652462
2026.09.30 16:51:28 aiogram.event        INFO     Update id=875901978 is handled. Duration 23240 ms by bot id=8976652462
2026.09.30 16:51:34 aiogram.event        INFO     Update id=875901988 is handled. Duration 25 ms by bot id=8976652462
2026.09.30 16:51:36 aiogram.event        INFO     Update id=875901989 is handled. Duration 20 ms by bot id=8976652462
2026.09.30 16:51:40 core.webprofile      INFO     firefox brauzerindən cookies istifadə edilir.
2026.09.30 16:51:40 core.webprofile      INFO     Seçilmiş User-Agent: Mozilla/5.0 (X11; Linux x86_64) AppleWebKit/537.36 (KHTML, like Gecko) Chrome/122.0.0.0 Safari/537.36
2026.09.30 16:51:40 core.youtube_handler INFO     Yükləmə cəhdi: cookies + default client
2026.09.30 16:51:42 plugins.music_plugin INFO     Metadata (youtube): Busta Rhymes, Mariah Carey - I Know What You Want ft. Flipmode Squad
2026.09.30 16:51:42 core.webprofile      INFO     firefox brauzerindən cookies istifadə edilir.
2026.09.30 16:51:42 core.webprofile      INFO     Seçilmiş User-Agent: Mozilla/5.0 (Macintosh; Intel Mac OS X 10_15_7) AppleWebKit/537.36 (KHTML, like Gecko) Chrome/122.0.0.0 Safari/537.36
2026.09.30 16:51:44 aiogram.event        INFO     Update id=875901982 is handled. Duration 27848 ms by bot id=8976652462
2026.09.30 16:51:45 aiogram.event        INFO     Update id=875901991 is handled. Duration 2477 ms by bot id=8976652462
2026.09.30 16:51:45 aiogram.event        INFO     Update id=875901992 is handled. Duration 22 ms by bot id=8976652462
2026.09.30 16:51:48 aiogram.event        INFO     Update id=875901993 is handled. Duration 33 ms by bot id=8976652462
2026.09.30 16:51:49 aiogram.event        INFO     Update id=875901994 is handled. Duration 25 ms by bot id=8976652462
2026.09.30 16:51:52 aiogram.event        INFO     Update id=875901995 is handled. Duration 147 ms by bot id=8976652462
2026.09.30 16:51:52 aiogram.event        INFO     Update id=875901997 is handled. Duration 139 ms by bot id=8976652462
2026.09.30 16:51:52 aiogram.event        INFO     Update id=875901996 is handled. Duration 226 ms by bot id=8976652462
2026.09.30 16:51:56 plugins.music_plugin INFO     Metadata (youtube): Sean Paul - Give It Up To Me (feat. Keyshia Cole)
2026.09.30 16:51:58 aiogram.event        INFO     Update id=875901990 is handled. Duration 17936 ms by bot id=8976652462
2026.09.30 16:52:05 core.webprofile      INFO     firefox brauzerindən cookies istifadə edilir.
2026.09.30 16:52:05 core.webprofile      INFO     Seçilmiş User-Agent: Mozilla/5.0 (Windows NT 10.0; Win64; x64) AppleWebKit/537.36 (KHTML, like Gecko) Edge/120.0.0.0 Safari/537.36
2026.09.30 16:52:05 core.youtube_handler INFO     Yükləmə cəhdi: cookies + default client
2026.09.30 16:52:21 plugins.music_plugin INFO     Metadata (youtube): PITBULL - I know you want me (calle ocho)
2026.09.30 16:52:22 aiogram.event        INFO     Update id=875901998 is handled. Duration 17637 ms by bot id=8976652462
2026.09.30 16:52:46 aiogram.event        INFO     Update id=875901999 is handled. Duration 86 ms by bot id=8976652462
2026.09.30 16:52:46 aiogram.event        INFO     Update id=875902000 is handled. Duration 102 ms by bot id=8976652462
2026.09.30 16:52:52 aiogram.event        INFO     Update id=875902001 is handled. Duration 0 ms by bot id=8976652462
2026.09.30 16:52:54 aiogram.event        INFO     Update id=875902002 is handled. Duration 0 ms by bot id=8976652462
2026.09.30 16:52:56 core.webprofile      INFO     firefox brauzerindən cookies istifadə edilir.
2026.09.30 16:52:56 core.webprofile      INFO     Seçilmiş User-Agent: Mozilla/5.0 (Windows NT 10.0; Win64; x64) AppleWebKit/537.36 (KHTML, like Gecko) Chrome/122.0.0.0 Safari/537.36
2026.09.30 16:52:57 core.webprofile      INFO     firefox brauzerindən cookies istifadə edilir.
2026.09.30 16:52:57 core.webprofile      INFO     Seçilmiş User-Agent: Mozilla/5.0 (Windows NT 10.0; Win64; x64) AppleWebKit/537.36 (KHTML, like Gecko) Chrome/122.0.0.0 Safari/537.36
2026.09.30 16:52:59 aiogram.event        INFO     Update id=875902003 is handled. Duration 4185 ms by bot id=8976652462
2026.09.30 16:53:00 aiogram.event        INFO     Update id=875902004 is handled. Duration 3929 ms by bot id=8976652462
2026.09.30 16:53:05 core.webprofile      INFO     firefox brauzerindən cookies istifadə edilir.
2026.09.30 16:53:05 core.webprofile      INFO     Seçilmiş User-Agent: Mozilla/5.0 (Macintosh; Intel Mac OS X 10_15_7) AppleWebKit/537.36 (KHTML, like Gecko) Chrome/122.0.0.0 Safari/537.36
2026.09.30 16:53:05 core.youtube_handler INFO     Yükləmə cəhdi: cookies + default client
2026.09.30 16:53:18 aiogram.event        INFO     Update id=875902006 is handled. Duration 0 ms by bot id=8976652462
2026.09.30 16:53:23 plugins.music_plugin INFO     Metadata (youtube): Ludacris - Act A Fool
2026.09.30 16:53:24 core.webprofile      INFO     firefox brauzerindən cookies istifadə edilir.
2026.09.30 16:53:24 core.webprofile      INFO     Seçilmiş User-Agent: Mozilla/5.0 (Windows NT 10.0; Win64; x64) AppleWebKit/537.36 (KHTML, like Gecko) Chrome/122.0.0.0 Safari/537.36
2026.09.30 16:53:25 aiogram.event        INFO     Update id=875902005 is handled. Duration 20418 ms by bot id=8976652462
2026.09.30 16:53:27 core.webprofile      INFO     firefox brauzerindən cookies istifadə edilir.
2026.09.30 16:53:27 core.webprofile      INFO     Seçilmiş User-Agent: Mozilla/5.0 (Macintosh; Intel Mac OS X 10_15_7) AppleWebKit/537.36 (KHTML, like Gecko) Chrome/122.0.0.0 Safari/537.36
2026.09.30 16:53:28 aiogram.event        INFO     Update id=875902007 is handled. Duration 4760 ms by bot id=8976652462
2026.09.30 16:53:30 aiogram.event        INFO     Update id=875902008 is handled. Duration 4407 ms by bot id=8976652462
2026.09.30 16:53:33 core.webprofile      INFO     firefox brauzerindən cookies istifadə edilir.
2026.09.30 16:53:33 core.webprofile      INFO     Seçilmiş User-Agent: Mozilla/5.0 (Windows NT 10.0; Win64; x64; rv:120.0) Gecko/20100101 Firefox/120.0
2026.09.30 16:53:33 core.youtube_handler INFO     Yükləmə cəhdi: cookies + default client
2026.09.30 16:53:44 aiogram.event        INFO     Update id=875902010 is handled. Duration 0 ms by bot id=8976652462
2026.09.30 16:53:47 core.webprofile      INFO     firefox brauzerindən cookies istifadə edilir.
2026.09.30 16:53:47 core.webprofile      INFO     Seçilmiş User-Agent: Mozilla/5.0 (Linux; Android 14; Pixel 8 Pro) AppleWebKit/537.36 (KHTML, like Gecko) Chrome/122.0.0.0 Mobile Safari/537.36
2026.09.30 16:53:50 aiogram.event        INFO     Update id=875902011 is handled. Duration 4378 ms by bot id=8976652462
2026.09.30 16:53:53 plugins.music_plugin INFO     Metadata (youtube): YouTube - Arzulamışdım (feat. Okaber & Luter)
2026.09.30 16:53:55 aiogram.event        INFO     Update id=875902009 is handled. Duration 21813 ms by bot id=8976652462
2026.09.30 16:54:01 core.webprofile      INFO     firefox brauzerindən cookies istifadə edilir.
2026.09.30 16:54:01 core.webprofile      INFO     Seçilmiş User-Agent: Mozilla/5.0 (Windows NT 10.0; Win64; x64) AppleWebKit/537.36 (KHTML, like Gecko) Edge/120.0.0.0 Safari/537.36
2026.09.30 16:54:01 core.youtube_handler INFO     Yükləmə cəhdi: cookies + default client
2026.09.30 16:54:03 core.webprofile      INFO     firefox brauzerindən cookies istifadə edilir.
2026.09.30 16:54:03 core.webprofile      INFO     Seçilmiş User-Agent: Mozilla/5.0 (Windows NT 10.0; Win64; x64) AppleWebKit/537.36 (KHTML, like Gecko) Edge/120.0.0.0 Safari/537.36
2026.09.30 16:54:05 aiogram.event        INFO     Update id=875902013 is handled. Duration 2648 ms by bot id=8976652462
2026.09.30 16:54:06 aiogram.event        INFO     Update id=875902014 is handled. Duration 21 ms by bot id=8976652462
2026.09.30 16:54:09 aiogram.event        INFO     Update id=875902015 is handled. Duration 75 ms by bot id=8976652462
2026.09.30 16:54:11 aiogram.event        INFO     Update id=875902016 is handled. Duration 21 ms by bot id=8976652462
2026.09.30 16:54:13 aiogram.event        INFO     Update id=875902017 is handled. Duration 24 ms by bot id=8976652462
2026.09.30 16:54:13 aiogram.event        INFO     Update id=875902019 is handled. Duration 24 ms by bot id=8976652462
2026.09.30 16:54:13 aiogram.event        INFO     Update id=875902018 is handled. Duration 46 ms by bot id=8976652462
2026.09.30 16:54:13 aiogram.event        INFO     Update id=875902020 is handled. Duration 38 ms by bot id=8976652462
2026.09.30 16:54:16 core.webprofile      INFO     firefox brauzerindən cookies istifadə edilir.
2026.09.30 16:54:16 core.webprofile      INFO     Seçilmiş User-Agent: Mozilla/5.0 (iPad; CPU OS 17_2 like Mac OS X) AppleWebKit/605.1.15 (KHTML, like Gecko) Version/17.2 Mobile/15E148 Safari/604.1
2026.09.30 16:54:16 core.youtube_handler INFO     Yükləmə cəhdi: cookies + default client
2026.09.30 16:54:19 plugins.music_plugin INFO     Metadata (youtube): Paster x OD - Gang
2026.09.30 16:54:20 aiogram.event        INFO     Update id=875902012 is handled. Duration 18994 ms by bot id=8976652462
2026.09.30 16:54:25 aiogram.event        INFO     Update id=875902022 is handled. Duration 0 ms by bot id=8976652462
2026.09.30 16:54:29 plugins.music_plugin INFO     Metadata (youtube): YouTube - Napoli Xatirəsi (feat. Luter)
2026.09.30 16:54:30 aiogram.event        INFO     Update id=875902021 is handled. Duration 14541 ms by bot id=8976652462
2026.09.30 16:54:33 core.webprofile      INFO     firefox brauzerindən cookies istifadə edilir.
2026.09.30 16:54:33 core.webprofile      INFO     Seçilmiş User-Agent: Mozilla/5.0 (X11; Ubuntu; Linux x86_64; rv:120.0) Gecko/20100101 Firefox/120.0
2026.09.30 16:54:35 aiogram.event        INFO     Update id=875902023 is handled. Duration 2995 ms by bot id=8976652462
2026.09.30 16:54:45 core.webprofile      INFO     firefox brauzerindən cookies istifadə edilir.
2026.09.30 16:54:45 core.webprofile      INFO     Seçilmiş User-Agent: Mozilla/5.0 (Macintosh; Intel Mac OS X 10_15_7) AppleWebKit/537.36 (KHTML, like Gecko) Chrome/122.0.0.0 Safari/537.36
2026.09.30 16:54:47 core.webprofile      INFO     firefox brauzerindən cookies istifadə edilir.
2026.09.30 16:54:47 core.webprofile      INFO     Seçilmiş User-Agent: Mozilla/5.0 (Macintosh; Intel Mac OS X 10_15_7) AppleWebKit/537.36 (KHTML, like Gecko) Chrome/122.0.0.0 Safari/537.36
2026.09.30 16:54:47 aiogram.event        INFO     Update id=875902024 is handled. Duration 3295 ms by bot id=8976652462
2026.09.30 16:54:50 aiogram.event        INFO     Update id=875902025 is handled. Duration 3636 ms by bot id=8976652462
2026.09.30 16:54:54 core.webprofile      INFO     firefox brauzerindən cookies istifadə edilir.
2026.09.30 16:54:54 core.webprofile      INFO     Seçilmiş User-Agent: Mozilla/5.0 (iPhone; CPU iPhone OS 17_2 like Mac OS X) AppleWebKit/605.1.15 (KHTML, like Gecko) Version/17.2 Mobile/15E148 Safari/604.1
2026.09.30 16:54:54 core.youtube_handler INFO     Yükləmə cəhdi: cookies + default client
2026.09.30 16:55:09 plugins.music_plugin INFO     Metadata (youtube): Xpert - Məhşərdən Qətrə
2026.09.30 16:55:10 aiogram.event        INFO     Update id=875902026 is handled. Duration 15853 ms by bot id=8976652462
2026.09.30 16:55:43 aiogram.event        INFO     Update id=875902027 is handled. Duration 0 ms by bot id=8976652462
2026.09.30 16:55:45 core.webprofile      INFO     firefox brauzerindən cookies istifadə edilir.
2026.09.30 16:55:45 core.webprofile      INFO     Seçilmiş User-Agent: Mozilla/5.0 (Linux; Android 14; SM-G998B) AppleWebKit/537.36 (KHTML, like Gecko) Chrome/122.0.0.0 Mobile Safari/537.36
2026.09.30 16:55:46 core.webprofile      INFO     firefox brauzerindən cookies istifadə edilir.
2026.09.30 16:55:46 core.webprofile      INFO     Seçilmiş User-Agent: Mozilla/5.0 (X11; Ubuntu; Linux x86_64; rv:120.0) Gecko/20100101 Firefox/120.0
2026.09.30 16:55:50 aiogram.event        INFO     Update id=875902029 is handled. Duration 5410 ms by bot id=8976652462
2026.09.30 16:55:50 aiogram.event        INFO     Update id=875902028 is handled. Duration 6588 ms by bot id=8976652462
2026.09.30 16:55:52 core.webprofile      INFO     firefox brauzerindən cookies istifadə edilir.
2026.09.30 16:55:52 core.webprofile      INFO     Seçilmiş User-Agent: Mozilla/5.0 (X11; Linux x86_64) AppleWebKit/537.36 (KHTML, like Gecko) Chrome/122.0.0.0 Safari/537.36
2026.09.30 16:55:52 core.youtube_handler INFO     Yükləmə cəhdi: cookies + default client
2026.09.30 16:55:53 aiogram.event        INFO     Update id=875902031 is handled. Duration 0 ms by bot id=8976652462
2026.09.30 16:55:55 aiogram.event        INFO     Update id=875902032 is handled. Duration 0 ms by bot id=8976652462
2026.09.30 16:55:57 core.webprofile      INFO     firefox brauzerindən cookies istifadə edilir.
2026.09.30 16:55:57 core.webprofile      INFO     Seçilmiş User-Agent: Mozilla/5.0 (Windows NT 10.0; Win64; x64) AppleWebKit/537.36 (KHTML, like Gecko) Chrome/122.0.0.0 Safari/537.36
2026.09.30 16:55:58 core.webprofile      INFO     firefox brauzerindən cookies istifadə edilir.
2026.09.30 16:55:58 core.webprofile      INFO     Seçilmiş User-Agent: Mozilla/5.0 (Windows NT 10.0; Win64; x64) AppleWebKit/537.36 (KHTML, like Gecko) Chrome/122.0.0.0 Safari/537.36
2026.09.30 16:55:58 core.youtube_handler INFO     Yükləmə cəhdi: cookies + default client
2026.09.30 16:55:59 aiogram.event        INFO     Update id=875902033 is handled. Duration 2850 ms by bot id=8976652462
2026.09.30 16:56:00 aiogram.event        INFO     Update id=875902035 is handled. Duration 0 ms by bot id=8976652462
2026.09.30 16:56:06 aiogram.event        INFO     Update id=875902037 is handled. Duration 0 ms by bot id=8976652462
2026.09.30 16:56:09 plugins.music_plugin INFO     Metadata (youtube): F'Rhyme - Hələ Də Heç Nə Yolunda Getmir
2026.09.30 16:56:09 core.webprofile      INFO     firefox brauzerindən cookies istifadə edilir.
2026.09.30 16:56:09 core.webprofile      INFO     Seçilmiş User-Agent: Mozilla/5.0 (Windows NT 10.0; Win64; x64) AppleWebKit/537.36 (KHTML, like Gecko) Edge/120.0.0.0 Safari/537.36
2026.09.30 16:56:09 core.youtube_handler INFO     Yükləmə cəhdi: cookies + default client
2026.09.30 16:56:11 aiogram.event        INFO     Update id=875902030 is handled. Duration 19315 ms by bot id=8976652462
2026.09.30 16:56:14 aiogram.event        INFO     Update id=875902039 is handled. Duration 0 ms by bot id=8976652462
2026.09.30 16:56:19 plugins.music_plugin INFO     Metadata (youtube): F'Rhyme - Role Modern (UNTITLED TAPE)
2026.09.30 16:56:19 core.webprofile      INFO     firefox brauzerindən cookies istifadə edilir.
2026.09.30 16:56:19 core.webprofile      INFO     Seçilmiş User-Agent: Mozilla/5.0 (X11; Ubuntu; Linux x86_64; rv:120.0) Gecko/20100101 Firefox/120.0
2026.09.30 16:56:19 core.youtube_handler INFO     Yükləmə cəhdi: cookies + default client
2026.09.30 16:56:20 aiogram.event        INFO     Update id=875902034 is handled. Duration 22077 ms by bot id=8976652462
2026.09.30 16:56:21 aiogram.event        INFO     Update id=875902041 is handled. Duration 0 ms by bot id=8976652462
2026.09.30 16:56:24 aiogram.event        INFO     Update id=875902042 is handled. Duration 836 ms by bot id=8976652462
2026.09.30 16:56:27 aiogram.event        INFO     Update id=875902044 is handled. Duration 0 ms by bot id=8976652462
2026.09.30 16:56:28 plugins.music_plugin INFO     Metadata (youtube): F'Rhyme - Piyada
2026.09.30 16:56:28 core.webprofile      INFO     firefox brauzerindən cookies istifadə edilir.
2026.09.30 16:56:28 core.webprofile      INFO     Seçilmiş User-Agent: Mozilla/5.0 (Windows NT 10.0; Win64; x64) AppleWebKit/537.36 (KHTML, like Gecko) Chrome/122.0.0.0 Safari/537.36
2026.09.30 16:56:28 core.youtube_handler INFO     Yükləmə cəhdi: cookies + default client
2026.09.30 16:56:29 aiogram.event        INFO     Update id=875902036 is handled. Duration 24610 ms by bot id=8976652462
2026.09.30 16:56:40 plugins.music_plugin INFO     Metadata (youtube): F'Rhyme - GGT
2026.09.30 16:56:40 core.webprofile      INFO     firefox brauzerindən cookies istifadə edilir.
2026.09.30 16:56:40 core.webprofile      INFO     Seçilmiş User-Agent: Mozilla/5.0 (Linux; Android 14; SM-G998B) AppleWebKit/537.36 (KHTML, like Gecko) Chrome/122.0.0.0 Mobile Safari/537.36
2026.09.30 16:56:40 core.youtube_handler INFO     Yükləmə cəhdi: cookies + default client
2026.09.30 16:56:41 core.webprofile      INFO     firefox brauzerindən cookies istifadə edilir.
2026.09.30 16:56:41 core.webprofile      INFO     Seçilmiş User-Agent: Mozilla/5.0 (iPhone; CPU iPhone OS 17_2 like Mac OS X) AppleWebKit/605.1.15 (KHTML, like Gecko) Version/17.2 Mobile/15E148 Safari/604.1
2026.09.30 16:56:41 aiogram.event        INFO     Update id=875902040 is handled. Duration 22102 ms by bot id=8976652462
2026.09.30 16:56:43 aiogram.event        INFO     Update id=875902046 is handled. Duration 2541 ms by bot id=8976652462
2026.09.30 16:56:44 aiogram.event        INFO     Update id=875902047 is handled. Duration 27 ms by bot id=8976652462
2026.09.30 16:56:45 aiogram.event        INFO     Update id=875902048 is handled. Duration 66 ms by bot id=8976652462
2026.09.30 16:56:47 aiogram.event        INFO     Update id=875902049 is handled. Duration 51 ms by bot id=8976652462
2026.09.30 16:56:48 aiogram.event        INFO     Update id=875902050 is handled. Duration 29 ms by bot id=8976652462
2026.09.30 16:56:49 plugins.music_plugin INFO     Metadata (youtube): F'Rhyme - Ucuz Dram
2026.09.30 16:56:49 core.webprofile      INFO     firefox brauzerindən cookies istifadə edilir.
2026.09.30 16:56:49 core.webprofile      INFO     Seçilmiş User-Agent: Mozilla/5.0 (iPad; CPU OS 17_2 like Mac OS X) AppleWebKit/605.1.15 (KHTML, like Gecko) Version/17.2 Mobile/15E148 Safari/604.1
2026.09.30 16:56:49 core.youtube_handler INFO     Yükləmə cəhdi: cookies + default client
2026.09.30 16:56:51 aiogram.event        INFO     Update id=875902038 is handled. Duration 39304 ms by bot id=8976652462
2026.09.30 16:56:55 core.webprofile      INFO     firefox brauzerindən cookies istifadə edilir.
2026.09.30 16:56:55 core.webprofile      INFO     Seçilmiş User-Agent: Mozilla/5.0 (Windows NT 10.0; Win64; x64) AppleWebKit/537.36 (KHTML, like Gecko) Edge/120.0.0.0 Safari/537.36
2026.09.30 16:56:57 aiogram.event        INFO     Update id=875902052 is handled. Duration 2454 ms by bot id=8976652462
2026.09.30 16:56:57 aiogram.event        INFO     Update id=875902053 is handled. Duration 38 ms by bot id=8976652462
2026.09.30 16:56:59 plugins.music_plugin INFO     Metadata (youtube): F'Rhyme - Tsunami
2026.09.30 16:56:59 core.webprofile      INFO     firefox brauzerindən cookies istifadə edilir.
2026.09.30 16:56:59 core.webprofile      INFO     Seçilmiş User-Agent: Mozilla/5.0 (Windows NT 10.0; Win64; x64) AppleWebKit/537.36 (KHTML, like Gecko) Edge/120.0.0.0 Safari/537.36
2026.09.30 16:56:59 core.youtube_handler INFO     Yükləmə cəhdi: cookies + default client
2026.09.30 16:56:59 aiogram.event        INFO     Update id=875902054 is handled. Duration 43 ms by bot id=8976652462
2026.09.30 16:57:00 aiogram.event        INFO     Update id=875902043 is handled. Duration 33380 ms by bot id=8976652462
2026.09.30 16:57:03 core.webprofile      INFO     firefox brauzerindən cookies istifadə edilir.
2026.09.30 16:57:03 core.webprofile      INFO     Seçilmiş User-Agent: Mozilla/5.0 (Windows NT 10.0; Win64; x64) AppleWebKit/537.36 (KHTML, like Gecko) Edge/120.0.0.0 Safari/537.36
2026.09.30 16:57:05 aiogram.event        INFO     Update id=875902056 is handled. Duration 2362 ms by bot id=8976652462
2026.09.30 16:57:05 aiogram.event        INFO     Update id=875902057 is handled. Duration 40 ms by bot id=8976652462
2026.09.30 16:57:06 aiogram.event        INFO     Update id=875902058 is handled. Duration 25 ms by bot id=8976652462
2026.09.30 16:57:13 plugins.music_plugin INFO     Metadata (youtube): EXCLUSIVE BARS - F'RHYME
2026.09.30 16:57:13 core.webprofile      INFO     firefox brauzerindən cookies istifadə edilir.
2026.09.30 16:57:13 core.webprofile      INFO     Seçilmiş User-Agent: Mozilla/5.0 (X11; Ubuntu; Linux x86_64; rv:120.0) Gecko/20100101 Firefox/120.0
2026.09.30 16:57:13 core.youtube_handler INFO     Yükləmə cəhdi: cookies + default client
2026.09.30 16:57:13 aiogram.event        INFO     Update id=875902060 is handled. Duration 50 ms by bot id=8976652462
2026.09.30 16:57:15 aiogram.event        INFO     Update id=875902045 is handled. Duration 40195 ms by bot id=8976652462
2026.09.30 16:57:19 plugins.music_plugin INFO     Metadata (youtube): F'Rhyme - Kriminal Qirayət
2026.09.30 16:57:19 core.webprofile      INFO     firefox brauzerindən cookies istifadə edilir.
2026.09.30 16:57:19 core.webprofile      INFO     Seçilmiş User-Agent: Mozilla/5.0 (X11; Linux x86_64) AppleWebKit/537.36 (KHTML, like Gecko) Chrome/122.0.0.0 Safari/537.36
2026.09.30 16:57:19 core.youtube_handler INFO     Yükləmə cəhdi: cookies + default client
2026.09.30 16:57:21 aiogram.event        INFO     Update id=875902051 is handled. Duration 29186 ms by bot id=8976652462
2026.09.30 16:57:21 aiogram.event        INFO     Update id=875902062 is handled. Duration 21 ms by bot id=8976652462
2026.09.30 16:57:29 plugins.music_plugin INFO     Metadata (youtube): F'Rhyme - Həmən Oyam (UNTITLED TAPE)
2026.09.30 16:57:29 core.webprofile      INFO     firefox brauzerindən cookies istifadə edilir.
2026.09.30 16:57:29 core.webprofile      INFO     Seçilmiş User-Agent: Mozilla/5.0 (iPad; CPU OS 17_2 like Mac OS X) AppleWebKit/605.1.15 (KHTML, like Gecko) Version/17.2 Mobile/15E148 Safari/604.1
2026.09.30 16:57:29 core.youtube_handler INFO     Yükləmə cəhdi: cookies + default client
2026.09.30 16:57:30 aiogram.event        INFO     Update id=875902055 is handled. Duration 29831 ms by bot id=8976652462
2026.09.30 16:57:34 plugins.music_plugin INFO     Metadata (youtube): F'Rhyme - Kriminal Qirayət
2026.09.30 16:57:34 aiogram.event        INFO     Update id=875902064 is handled. Duration 168 ms by bot id=8976652462
2026.09.30 16:57:39 core.webprofile      INFO     firefox brauzerindən cookies istifadə edilir.
2026.09.30 16:57:39 core.webprofile      INFO     Seçilmiş User-Agent: Mozilla/5.0 (Windows NT 10.0; Win64; x64; rv:120.0) Gecko/20100101 Firefox/120.0
2026.09.30 16:57:40 plugins.music_plugin INFO     Metadata (youtube): F'Rhyme - Check It
2026.09.30 16:57:40 core.webprofile      INFO     firefox brauzerindən cookies istifadə edilir.
2026.09.30 16:57:40 core.webprofile      INFO     Seçilmiş User-Agent: Mozilla/5.0 (iPad; CPU OS 17_2 like Mac OS X) AppleWebKit/605.1.15 (KHTML, like Gecko) Version/17.2 Mobile/15E148 Safari/604.1
2026.09.30 16:57:40 core.youtube_handler INFO     Yükləmə cəhdi: cookies + default client
2026.09.30 16:57:41 aiogram.event        INFO     Update id=875902065 is handled. Duration 2134 ms by bot id=8976652462
2026.09.30 16:57:41 aiogram.event        INFO     Update id=875902066 is handled. Duration 29 ms by bot id=8976652462
2026.09.30 16:57:42 aiogram.event        INFO     Update id=875902059 is handled. Duration 33970 ms by bot id=8976652462
2026.09.30 16:57:43 aiogram.event        INFO     Update id=875902067 is handled. Duration 57 ms by bot id=8976652462
2026.09.30 16:57:43 aiogram.event        INFO     Update id=875902068 is handled. Duration 87 ms by bot id=8976652462
2026.09.30 16:57:43 aiogram.event        INFO     Update id=875902069 is handled. Duration 103 ms by bot id=8976652462
2026.09.30 16:57:43 aiogram.event        INFO     Update id=875902070 is handled. Duration 97 ms by bot id=8976652462
2026.09.30 16:57:47 aiogram.event        INFO     Update id=875902071 is handled. Duration 33 ms by bot id=8976652462
2026.09.30 16:57:47 aiogram.event        INFO     Update id=875902072 is handled. Duration 25 ms by bot id=8976652462
2026.09.30 16:57:51 aiogram.event        INFO     Update id=875902073 is handled. Duration 0 ms by bot id=8976652462
2026.09.30 16:57:52 plugins.music_plugin INFO     Metadata (youtube): F'Rhyme - ParaBrain (UNTITLED TAPE)
2026.09.30 16:57:53 aiogram.event        INFO     Update id=875902061 is handled. Duration 37521 ms by bot id=8976652462
2026.09.30 16:57:54 core.webprofile      INFO     firefox brauzerindən cookies istifadə edilir.
2026.09.30 16:57:54 core.webprofile      INFO     Seçilmiş User-Agent: Mozilla/5.0 (iPhone; CPU iPhone OS 17_2 like Mac OS X) AppleWebKit/605.1.15 (KHTML, like Gecko) Version/17.2 Mobile/15E148 Safari/604.1
2026.09.30 16:57:57 aiogram.event        INFO     Update id=875902074 is handled. Duration 3888 ms by bot id=8976652462
2026.09.30 16:57:58 plugins.music_plugin INFO     Metadata (youtube): F'Rhyme - Mişarım Edir Ğın Ğın
2026.09.30 16:57:59 aiogram.event        INFO     Update id=875902063 is handled. Duration 30462 ms by bot id=8976652462
2026.09.30 16:58:02 core.webprofile      INFO     firefox brauzerindən cookies istifadə edilir.
2026.09.30 16:58:02 core.webprofile      INFO     Seçilmiş User-Agent: Mozilla/5.0 (Linux; Android 14; SM-G998B) AppleWebKit/537.36 (KHTML, like Gecko) Chrome/122.0.0.0 Mobile Safari/537.36
2026.09.30 16:58:05 aiogram.event        INFO     Update id=875902075 is handled. Duration 3882 ms by bot id=8976652462
2026.09.30 16:58:08 core.webprofile      INFO     firefox brauzerindən cookies istifadə edilir.
2026.09.30 16:58:08 core.webprofile      INFO     Seçilmiş User-Agent: Mozilla/5.0 (iPhone; CPU iPhone OS 17_2 like Mac OS X) AppleWebKit/605.1.15 (KHTML, like Gecko) Version/17.2 Mobile/15E148 Safari/604.1
2026.09.30 16:58:08 core.youtube_handler INFO     Yükləmə cəhdi: cookies + default client
2026.09.30 16:58:20 aiogram.event        INFO     Update id=875902077 is handled. Duration 0 ms by bot id=8976652462
2026.09.30 16:58:25 core.webprofile      INFO     firefox brauzerindən cookies istifadə edilir.
2026.09.30 16:58:25 core.webprofile      INFO     Seçilmiş User-Agent: Mozilla/5.0 (Linux; Android 14; Pixel 8 Pro) AppleWebKit/537.36 (KHTML, like Gecko) Chrome/122.0.0.0 Mobile Safari/537.36
2026.09.30 16:58:26 core.webprofile      INFO     firefox brauzerindən cookies istifadə edilir.
2026.09.30 16:58:26 core.webprofile      INFO     Seçilmiş User-Agent: Mozilla/5.0 (iPhone; CPU iPhone OS 17_2 like Mac OS X) AppleWebKit/605.1.15 (KHTML, like Gecko) Version/17.2 Mobile/15E148 Safari/604.1
2026.09.30 16:58:28 plugins.music_plugin INFO     Metadata (youtube): F'Rhyme - Boz
2026.09.30 16:58:29 aiogram.event        INFO     Update id=875902078 is handled. Duration 4137 ms by bot id=8976652462
2026.09.30 16:58:29 aiogram.event        INFO     Update id=875902076 is handled. Duration 21382 ms by bot id=8976652462
2026.09.30 16:58:30 aiogram.event        INFO     Update id=875902079 is handled. Duration 4086 ms by bot id=8976652462
2026.09.30 16:58:33 plugins.music_plugin INFO     Metadata (youtube): YouTube - Napoli Xatirəsi (feat. Luter)
2026.09.30 16:58:33 aiogram.event        INFO     Update id=875902080 is handled. Duration 90 ms by bot id=8976652462
2026.09.30 16:58:37 aiogram.event        INFO     Update id=875902081 is handled. Duration 90 ms by bot id=8976652462
2026.09.30 16:58:55 aiogram.event        INFO     Update id=875902082 is handled. Duration 69 ms by bot id=8976652462
2026.09.30 16:58:56 aiogram.event        INFO     Update id=875902083 is handled. Duration 57 ms by bot id=8976652462
2026.09.30 16:58:57 aiogram.event        INFO     Update id=875902084 is handled. Duration 66 ms by bot id=8976652462
2026.09.30 16:58:58 aiogram.event        INFO     Update id=875902085 is handled. Duration 53 ms by bot id=8976652462
2026.09.30 16:58:58 aiogram.event        INFO     Update id=875902086 is handled. Duration 126 ms by bot id=8976652462
2026.09.30 16:59:00 aiogram.event        INFO     Update id=875902087 is handled. Duration 93 ms by bot id=8976652462
2026.09.30 16:59:08 aiogram.event        INFO     Update id=875902088 is handled. Duration 0 ms by bot id=8976652462
2026.09.30 16:59:13 core.webprofile      INFO     firefox brauzerindən cookies istifadə edilir.
2026.09.30 16:59:13 core.webprofile      INFO     Seçilmiş User-Agent: Mozilla/5.0 (iPad; CPU OS 17_2 like Mac OS X) AppleWebKit/605.1.15 (KHTML, like Gecko) Version/17.2 Mobile/15E148 Safari/604.1
2026.09.30 16:59:16 core.webprofile      INFO     firefox brauzerindən cookies istifadə edilir.
2026.09.30 16:59:16 core.webprofile      INFO     Seçilmiş User-Agent: Mozilla/5.0 (X11; Ubuntu; Linux x86_64; rv:120.0) Gecko/20100101 Firefox/120.0
2026.09.30 16:59:16 aiogram.event        INFO     Update id=875902089 is handled. Duration 4092 ms by bot id=8976652462
2026.09.30 16:59:19 aiogram.event        INFO     Update id=875902090 is handled. Duration 4156 ms by bot id=8976652462
2026.09.30 16:59:22 core.webprofile      INFO     firefox brauzerindən cookies istifadə edilir.
2026.09.30 16:59:22 core.webprofile      INFO     Seçilmiş User-Agent: Mozilla/5.0 (Windows NT 10.0; Win64; x64) AppleWebKit/537.36 (KHTML, like Gecko) Chrome/122.0.0.0 Safari/537.36
2026.09.30 16:59:22 core.youtube_handler INFO     Yükləmə cəhdi: cookies + default client
2026.09.30 16:59:25 aiogram.event        INFO     Update id=875902092 is handled. Duration 0 ms by bot id=8976652462
2026.09.30 16:59:34 plugins.music_plugin INFO     Metadata (youtube): Lil Jon & The East Side Boyz - Get Low (feat. Ying Yang Twins)
2026.09.30 16:59:36 aiogram.event        INFO     Update id=875902091 is handled. Duration 13556 ms by bot id=8976652462
2026.09.30 16:59:36 core.webprofile      INFO     firefox brauzerindən cookies istifadə edilir.
2026.09.30 16:59:36 core.webprofile      INFO     Seçilmiş User-Agent: Mozilla/5.0 (iPhone; CPU iPhone OS 17_2 like Mac OS X) AppleWebKit/605.1.15 (KHTML, like Gecko) Version/17.2 Mobile/15E148 Safari/604.1
2026.09.30 16:59:41 aiogram.event        INFO     Update id=875902093 is handled. Duration 5114 ms by bot id=8976652462
2026.09.30 16:59:44 aiogram.event        INFO     Update id=875902094 is handled. Duration 0 ms by bot id=8976652462
2026.09.30 16:59:46 core.webprofile      INFO     firefox brauzerindən cookies istifadə edilir.
2026.09.30 16:59:46 core.webprofile      INFO     Seçilmiş User-Agent: Mozilla/5.0 (iPad; CPU OS 17_2 like Mac OS X) AppleWebKit/605.1.15 (KHTML, like Gecko) Version/17.2 Mobile/15E148 Safari/604.1
2026.09.30 16:59:50 core.webprofile      INFO     firefox brauzerindən cookies istifadə edilir.
2026.09.30 16:59:50 core.webprofile      INFO     Seçilmiş User-Agent: Mozilla/5.0 (Macintosh; Intel Mac OS X 10_15_7) AppleWebKit/537.36 (KHTML, like Gecko) Chrome/122.0.0.0 Safari/537.36
2026.09.30 16:59:51 aiogram.event        INFO     Update id=875902095 is handled. Duration 5129 ms by bot id=8976652462
2026.09.30 16:59:53 aiogram.event        INFO     Update id=875902096 is handled. Duration 4233 ms by bot id=8976652462
2026.09.30 16:59:56 core.webprofile      INFO     firefox brauzerindən cookies istifadə edilir.
2026.09.30 16:59:56 core.webprofile      INFO     Seçilmiş User-Agent: Mozilla/5.0 (Linux; Android 14; Pixel 8 Pro) AppleWebKit/537.36 (KHTML, like Gecko) Chrome/122.0.0.0 Mobile Safari/537.36
2026.09.30 16:59:56 core.youtube_handler INFO     Yükləmə cəhdi: cookies + default client
2026.09.30 16:59:58 aiogram.event        INFO     Update id=875902098 is handled. Duration 0 ms by bot id=8976652462
2026.09.30 17:00:01 aiogram.event        INFO     Update id=875902099 is handled. Duration 4 ms by bot id=8976652462
2026.09.30 17:00:03 core.webprofile      INFO     firefox brauzerindən cookies istifadə edilir.
2026.09.30 17:00:03 core.webprofile      INFO     Seçilmiş User-Agent: Mozilla/5.0 (Windows NT 10.0; Win64; x64) AppleWebKit/537.36 (KHTML, like Gecko) Chrome/122.0.0.0 Safari/537.36
2026.09.30 17:00:04 aiogram.event        INFO     Update id=875902101 is handled. Duration 0 ms by bot id=8976652462
2026.09.30 17:00:07 core.webprofile      INFO     firefox brauzerindən cookies istifadə edilir.
2026.09.30 17:00:07 core.webprofile      INFO     Seçilmiş User-Agent: Mozilla/5.0 (X11; Ubuntu; Linux x86_64; rv:120.0) Gecko/20100101 Firefox/120.0
2026.09.30 17:00:07 aiogram.event        INFO     Update id=875902100 is handled. Duration 4674 ms by bot id=8976652462
2026.09.30 17:00:11 core.webprofile      INFO     firefox brauzerindən cookies istifadə edilir.
2026.09.30 17:00:11 core.webprofile      INFO     Seçilmiş User-Agent: Mozilla/5.0 (Linux; Android 14; Pixel 8 Pro) AppleWebKit/537.36 (KHTML, like Gecko) Chrome/122.0.0.0 Mobile Safari/537.36
2026.09.30 17:00:11 core.youtube_handler INFO     Yükləmə cəhdi: cookies + default client
2026.09.30 17:00:12 aiogram.event        INFO     Update id=875902102 is handled. Duration 5217 ms by bot id=8976652462
2026.09.30 17:00:14 plugins.music_plugin INFO     Metadata (youtube): PSC - Do Ya Thang
2026.09.30 17:00:16 aiogram.event        INFO     Update id=875902097 is handled. Duration 20295 ms by bot id=8976652462
2026.09.30 17:00:23 aiogram.event        INFO     Update id=875902104 is handled. Duration 0 ms by bot id=8976652462
2026.09.30 17:00:25 core.webprofile      INFO     firefox brauzerindən cookies istifadə edilir.
2026.09.30 17:00:25 core.webprofile      INFO     Seçilmiş User-Agent: Mozilla/5.0 (Macintosh; Intel Mac OS X 10_15_7) AppleWebKit/537.36 (KHTML, like Gecko) Chrome/122.0.0.0 Safari/537.36
2026.09.30 17:00:29 aiogram.event        INFO     Update id=875902105 is handled. Duration 5035 ms by bot id=8976652462
2026.09.30 17:00:31 plugins.music_plugin INFO     Metadata (youtube): YouTube - Do Ya Thing (feat. Young Dro)
2026.09.30 17:00:33 aiogram.event        INFO     Update id=875902103 is handled. Duration 21438 ms by bot id=8976652462
2026.09.30 17:00:39 core.webprofile      INFO     firefox brauzerindən cookies istifadə edilir.
2026.09.30 17:00:39 core.webprofile      INFO     Seçilmiş User-Agent: Mozilla/5.0 (iPad; CPU OS 17_2 like Mac OS X) AppleWebKit/605.1.15 (KHTML, like Gecko) Version/17.2 Mobile/15E148 Safari/604.1
2026.09.30 17:00:39 core.youtube_handler INFO     Yükləmə cəhdi: cookies + default client
2026.09.30 17:00:42 core.webprofile      INFO     firefox brauzerindən cookies istifadə edilir.
2026.09.30 17:00:42 core.webprofile      INFO     Seçilmiş User-Agent: Mozilla/5.0 (Windows NT 10.0; Win64; x64; rv:120.0) Gecko/20100101 Firefox/120.0
2026.09.30 17:00:44 aiogram.event        INFO     Update id=875902107 is handled. Duration 2385 ms by bot id=8976652462
2026.09.30 17:00:44 aiogram.event        INFO     Update id=875902108 is handled. Duration 20 ms by bot id=8976652462
2026.09.30 17:00:51 aiogram.event        INFO     Update id=875902109 is handled. Duration 111 ms by bot id=8976652462
2026.09.30 17:00:54 core.webprofile      INFO     firefox brauzerindən cookies istifadə edilir.
2026.09.30 17:00:54 core.webprofile      INFO     Seçilmiş User-Agent: Mozilla/5.0 (Windows NT 10.0; Win64; x64; rv:120.0) Gecko/20100101 Firefox/120.0
2026.09.30 17:00:54 core.youtube_handler INFO     Yükləmə cəhdi: cookies + default client
2026.09.30 17:01:00 plugins.music_plugin INFO     Metadata (youtube): YouTube - Where The Hood At
2026.09.30 17:01:03 aiogram.event        INFO     Update id=875902106 is handled. Duration 23373 ms by bot id=8976652462
2026.09.30 17:01:12 plugins.music_plugin INFO     Metadata (youtube): YouTube - Freek-A-Leek
2026.09.30 17:01:14 aiogram.event        INFO     Update id=875902110 is handled. Duration 19907 ms by bot id=8976652462
2026.09.30 17:01:42 aiogram.event        INFO     Update id=875902111 is handled. Duration 0 ms by bot id=8976652462
2026.09.30 17:01:56 aiogram.event        INFO     Update id=875902112 is handled. Duration 73 ms by bot id=8976652462
2026.09.30 17:01:57 aiogram.event        INFO     Update id=875902113 is handled. Duration 117 ms by bot id=8976652462
2026.09.30 17:02:05 core.webprofile      INFO     firefox brauzerindən cookies istifadə edilir.
2026.09.30 17:02:05 core.webprofile      INFO     Seçilmiş User-Agent: Mozilla/5.0 (X11; Ubuntu; Linux x86_64; rv:120.0) Gecko/20100101 Firefox/120.0
2026.09.30 17:02:08 aiogram.event        INFO     Update id=875902114 is handled. Duration 2419 ms by bot id=8976652462
2026.09.30 17:02:08 aiogram.event        INFO     Update id=875902115 is handled. Duration 29 ms by bot id=8976652462
2026.09.30 17:02:16 aiogram.event        INFO     Update id=875902116 is handled. Duration 51 ms by bot id=8976652462
2026.09.30 17:02:18 aiogram.event        INFO     Update id=875902117 is handled. Duration 32 ms by bot id=8976652462
2026.09.30 17:02:20 aiogram.event        INFO     Update id=875902118 is handled. Duration 17 ms by bot id=8976652462
2026.09.30 17:02:30 core.webprofile      INFO     firefox brauzerindən cookies istifadə edilir.
2026.09.30 17:02:30 core.webprofile      INFO     Seçilmiş User-Agent: Mozilla/5.0 (Windows NT 10.0; Win64; x64; rv:120.0) Gecko/20100101 Firefox/120.0
2026.09.30 17:02:30 core.youtube_handler INFO     Yükləmə cəhdi: cookies + default client
2026.09.30 17:02:40 core.webprofile      INFO     firefox brauzerindən cookies istifadə edilir.
2026.09.30 17:02:40 core.webprofile      INFO     Seçilmiş User-Agent: Mozilla/5.0 (Macintosh; Intel Mac OS X 10_15_7) AppleWebKit/537.36 (KHTML, like Gecko) Chrome/122.0.0.0 Safari/537.36
2026.09.30 17:02:40 core.youtube_handler INFO     Yükləmə cəhdi: cookies + default client
2026.09.30 17:02:47 plugins.music_plugin INFO     Metadata (youtube): YouTube - Mask Off
2026.09.30 17:02:49 aiogram.event        INFO     Update id=875902119 is handled. Duration 18454 ms by bot id=8976652462
2026.09.30 17:02:57 plugins.music_plugin INFO     Metadata (youtube): The Game - How We Do
2026.09.30 17:02:59 aiogram.event        INFO     Update id=875902120 is handled. Duration 18540 ms by bot id=8976652462
2026.09.30 17:05:24 aiogram.event        INFO     Update id=875902121 is handled. Duration 283 ms by bot id=8976652462
2026.09.30 17:05:25 aiogram.event        INFO     Update id=875902122 is handled. Duration 254 ms by bot id=8976652462
2026.09.30 17:05:26 aiogram.event        INFO     Update id=875902123 is handled. Duration 60 ms by bot id=8976652462
2026.09.30 17:05:28 aiogram.event        INFO     Update id=875902124 is handled. Duration 64 ms by bot id=8976652462
2026.09.30 17:05:30 aiogram.event        INFO     Update id=875902125 is handled. Duration 61 ms by bot id=8976652462
2026.09.30 17:05:32 aiogram.event        INFO     Update id=875902126 is handled. Duration 73 ms by bot id=8976652462
2026.09.30 17:05:33 aiogram.event        INFO     Update id=875902127 is handled. Duration 71 ms by bot id=8976652462
2026.09.30 17:05:34 aiogram.event        INFO     Update id=875902128 is handled. Duration 112 ms by bot id=8976652462
2026.09.30 17:05:35 aiogram.event        INFO     Update id=875902129 is handled. Duration 62 ms by bot id=8976652462
2026.09.30 17:05:36 aiogram.event        INFO     Update id=875902130 is handled. Duration 74 ms by bot id=8976652462
2026.09.30 17:05:37 aiogram.event        INFO     Update id=875902131 is handled. Duration 69 ms by bot id=8976652462
2026.09.30 17:05:38 aiogram.event        INFO     Update id=875902132 is handled. Duration 278 ms by bot id=8976652462
2026.09.30 17:05:39 aiogram.event        INFO     Update id=875902133 is handled. Duration 58 ms by bot id=8976652462
2026.09.30 17:05:41 aiogram.event        INFO     Update id=875902134 is handled. Duration 141 ms by bot id=8976652462
2026.09.30 17:05:42 aiogram.event        INFO     Update id=875902135 is handled. Duration 64 ms by bot id=8976652462
2026.09.30 17:06:44 aiogram.event        INFO     Update id=875902136 is handled. Duration 137 ms by bot id=8976652462
2026.09.30 17:06:47 aiogram.event        INFO     Update id=875902137 is handled. Duration 66 ms by bot id=8976652462
2026.09.30 17:06:49 aiogram.event        INFO     Update id=875902138 is handled. Duration 73 ms by bot id=8976652462
2026.09.30 17:06:49 aiogram.event        INFO     Update id=875902139 is handled. Duration 63 ms by bot id=8976652462
2026.09.30 17:26:33 aiogram.event        INFO     Update id=875902140 is handled. Duration 0 ms by bot id=8976652462
2026.09.30 17:26:35 core.webprofile      INFO     firefox brauzerindən cookies istifadə edilir.
2026.09.30 17:26:35 core.webprofile      INFO     Seçilmiş User-Agent: Mozilla/5.0 (iPhone; CPU iPhone OS 17_2 like Mac OS X) AppleWebKit/605.1.15 (KHTML, like Gecko) Version/17.2 Mobile/15E148 Safari/604.1
2026.09.30 17:26:37 core.webprofile      INFO     firefox brauzerindən cookies istifadə edilir.
2026.09.30 17:26:37 core.webprofile      INFO     Seçilmiş User-Agent: Mozilla/5.0 (Windows NT 10.0; Win64; x64; rv:120.0) Gecko/20100101 Firefox/120.0
2026.09.30 17:26:39 aiogram.event        INFO     Update id=875902141 is handled. Duration 4084 ms by bot id=8976652462
2026.09.30 17:26:40 aiogram.event        INFO     Update id=875902142 is handled. Duration 4182 ms by bot id=8976652462
2026.09.30 17:26:42 core.webprofile      INFO     firefox brauzerindən cookies istifadə edilir.
2026.09.30 17:26:42 core.webprofile      INFO     Seçilmiş User-Agent: Mozilla/5.0 (Windows NT 10.0; Win64; x64) AppleWebKit/537.36 (KHTML, like Gecko) Edge/120.0.0.0 Safari/537.36
2026.09.30 17:26:42 core.youtube_handler INFO     Yükləmə cəhdi: cookies + default client
2026.09.30 17:26:43 plugins.music_plugin WARNING  Odesli API açar tələb edir (ODESLI_API_KEY). Birbaşa song.link/<url> linki istifadə olunacaq.
2026.09.30 17:26:51 plugins.music_plugin INFO     Metadata (youtube): Şam & Laçin - Kendine İyi Bak
2026.09.30 17:26:52 aiogram.event        INFO     Update id=875902143 is handled. Duration 10217 ms by bot id=8976652462
2026.09.30 17:26:55 aiogram.event        INFO     Update id=875902144 is handled. Duration 117 ms by bot id=8976652462
2026.09.30 17:32:43 aiogram.event        INFO     Update id=875902145 is handled. Duration 0 ms by bot id=8976652462
2026.09.30 17:32:55 core.webprofile      INFO     firefox brauzerindən cookies istifadə edilir.
2026.09.30 17:32:55 core.webprofile      INFO     Seçilmiş User-Agent: Mozilla/5.0 (Windows NT 10.0; Win64; x64; rv:120.0) Gecko/20100101 Firefox/120.0
2026.09.30 17:32:59 aiogram.event        INFO     Update id=875902146 is handled. Duration 4611 ms by bot id=8976652462
2026.09.30 17:33:02 core.webprofile      INFO     firefox brauzerindən cookies istifadə edilir.
2026.09.30 17:33:02 core.webprofile      INFO     Seçilmiş User-Agent: Mozilla/5.0 (Linux; Android 14; Pixel 8 Pro) AppleWebKit/537.36 (KHTML, like Gecko) Chrome/122.0.0.0 Mobile Safari/537.36
2026.09.30 17:33:02 core.youtube_handler INFO     Yükləmə cəhdi: cookies + default client
2026.09.30 17:33:18 plugins.music_plugin INFO     Metadata (youtube): Bouga - Belsunce breakdown
2026.09.30 17:33:20 aiogram.event        INFO     Update id=875902147 is handled. Duration 18737 ms by bot id=8976652462
2026.09.30 17:34:24 aiogram.event        INFO     Update id=875902148 is handled. Duration 94 ms by bot id=8976652462
2026.09.30 17:34:26 aiogram.event        INFO     Update id=875902149 is handled. Duration 0 ms by bot id=8976652462
2026.09.30 17:34:28 core.webprofile      INFO     firefox brauzerindən cookies istifadə edilir.
2026.09.30 17:34:28 core.webprofile      INFO     Seçilmiş User-Agent: Mozilla/5.0 (Linux; Android 14; Pixel 8 Pro) AppleWebKit/537.36 (KHTML, like Gecko) Chrome/122.0.0.0 Mobile Safari/537.36
2026.09.30 17:34:29 core.webprofile      INFO     firefox brauzerindən cookies istifadə edilir.
2026.09.30 17:34:29 core.webprofile      INFO     Seçilmiş User-Agent: Mozilla/5.0 (Macintosh; Intel Mac OS X 10_15_7) AppleWebKit/537.36 (KHTML, like Gecko) Chrome/122.0.0.0 Safari/537.36
2026.09.30 17:34:32 aiogram.event        INFO     Update id=875902150 is handled. Duration 4430 ms by bot id=8976652462
2026.09.30 17:34:33 aiogram.event        INFO     Update id=875902151 is handled. Duration 4567 ms by bot id=8976652462
2026.09.30 17:34:52 core.webprofile      INFO     firefox brauzerindən cookies istifadə edilir.
2026.09.30 17:34:52 core.webprofile      INFO     Seçilmiş User-Agent: Mozilla/5.0 (iPhone; CPU iPhone OS 17_2 like Mac OS X) AppleWebKit/605.1.15 (KHTML, like Gecko) Version/17.2 Mobile/15E148 Safari/604.1
2026.09.30 17:34:52 core.youtube_handler INFO     Yükləmə cəhdi: cookies + default client
2026.09.30 17:35:14 plugins.music_plugin INFO     Metadata (youtube): Mystikal - Tarantula ft. Butch Cassidy
2026.09.30 17:35:16 aiogram.event        INFO     Update id=875902152 is handled. Duration 23817 ms by bot id=8976652462
2026.09.30 18:00:51 core.utilities       INFO     User 8623070734 executed command: /start
2026.09.30 18:00:54 aiogram.event        INFO     Update id=875902153 is handled. Duration 2516 ms by bot id=8976652462
2026.09.30 18:00:59 core.webprofile      INFO     firefox brauzerindən cookies istifadə edilir.
2026.09.30 18:00:59 core.webprofile      INFO     Seçilmiş User-Agent: Mozilla/5.0 (iPhone; CPU iPhone OS 17_2 like Mac OS X) AppleWebKit/605.1.15 (KHTML, like Gecko) Version/17.2 Mobile/15E148 Safari/604.1
2026.09.30 18:01:02 aiogram.event        INFO     Update id=875902154 is handled. Duration 3504 ms by bot id=8976652462
2026.09.30 18:01:07 core.webprofile      INFO     firefox brauzerindən cookies istifadə edilir.
2026.09.30 18:01:07 core.webprofile      INFO     Seçilmiş User-Agent: Mozilla/5.0 (Linux; Android 14; SM-G998B) AppleWebKit/537.36 (KHTML, like Gecko) Chrome/122.0.0.0 Mobile Safari/537.36
2026.09.30 18:01:07 core.youtube_handler INFO     Yükləmə cəhdi: cookies + default client
2026.09.30 18:01:08 plugins.music_plugin WARNING  Odesli API açar tələb edir (ODESLI_API_KEY). Birbaşa song.link/<url> linki istifadə olunacaq.
2026.09.30 18:01:23 plugins.music_plugin INFO     Metadata (youtube): F'Rhyme - Ucuz Dram
2026.09.30 18:01:24 aiogram.event        INFO     Update id=875902155 is handled. Duration 17271 ms by bot id=8976652462
2026.09.30 18:01:29 core.webprofile      INFO     firefox brauzerindən cookies istifadə edilir.
2026.09.30 18:01:29 core.webprofile      INFO     Seçilmiş User-Agent: Mozilla/5.0 (iPad; CPU OS 17_2 like Mac OS X) AppleWebKit/605.1.15 (KHTML, like Gecko) Version/17.2 Mobile/15E148 Safari/604.1
2026.09.30 18:01:31 aiogram.event        INFO     Update id=875902156 is handled. Duration 1877 ms by bot id=8976652462
2026.09.30 18:01:31 aiogram.event        INFO     Update id=875902157 is handled. Duration 25 ms by bot id=8976652462
2026.09.30 18:01:33 aiogram.event        INFO     Update id=875902158 is handled. Duration 96 ms by bot id=8976652462
2026.09.30 18:01:34 aiogram.event        INFO     Update id=875902159 is handled. Duration 18 ms by bot id=8976652462
2026.09.30 18:01:34 aiogram.event        INFO     Update id=875902160 is handled. Duration 84 ms by bot id=8976652462
2026.09.30 18:01:36 aiogram.event        INFO     Update id=875902161 is handled. Duration 113 ms by bot id=8976652462
2026.09.30 18:01:36 aiogram.event        INFO     Update id=875902162 is handled. Duration 123 ms by bot id=8976652462
2026.09.30 18:01:36 aiogram.event        INFO     Update id=875902163 is handled. Duration 146 ms by bot id=8976652462
2026.09.30 18:01:38 aiogram.event        INFO     Update id=875902164 is handled. Duration 0 ms by bot id=8976652462
2026.09.30 18:04:03 core.webprofile      INFO     firefox brauzerindən cookies istifadə edilir.
2026.09.30 18:04:03 core.webprofile      INFO     Seçilmiş User-Agent: Mozilla/5.0 (iPhone; CPU iPhone OS 17_2 like Mac OS X) AppleWebKit/605.1.15 (KHTML, like Gecko) Version/17.2 Mobile/15E148 Safari/604.1
2026.09.30 18:04:06 aiogram.event        INFO     Update id=875902165 is handled. Duration 3386 ms by bot id=8976652462
2026.09.30 18:04:10 aiogram.event        INFO     Update id=875902166 is handled. Duration 85 ms by bot id=8976652462
2026.09.30 18:04:13 aiogram.event        INFO     Update id=875902167 is handled. Duration 62 ms by bot id=8976652462
2026.09.30 18:23:31 aiogram.event        INFO     Update id=875902168 is handled. Duration 0 ms by bot id=8976652462
2026.09.30 18:23:32 aiogram.event        INFO     Update id=875902169 is handled. Duration 0 ms by bot id=8976652462
2026.09.30 18:23:33 core.webprofile      INFO     firefox brauzerindən cookies istifadə edilir.
2026.09.30 18:23:33 core.webprofile      INFO     Seçilmiş User-Agent: Mozilla/5.0 (Linux; Android 14; SM-G998B) AppleWebKit/537.36 (KHTML, like Gecko) Chrome/122.0.0.0 Mobile Safari/537.36
2026.09.30 18:23:34 aiogram.event        INFO     Update id=875902171 is handled. Duration 801 ms by bot id=8976652462
2026.09.30 18:23:35 core.webprofile      INFO     firefox brauzerindən cookies istifadə edilir.
2026.09.30 18:23:35 core.webprofile      INFO     Seçilmiş User-Agent: Mozilla/5.0 (iPhone; CPU iPhone OS 17_2 like Mac OS X) AppleWebKit/605.1.15 (KHTML, like Gecko) Version/17.2 Mobile/15E148 Safari/604.1
2026.09.30 18:23:37 core.webprofile      INFO     firefox brauzerindən cookies istifadə edilir.
2026.09.30 18:23:37 core.webprofile      INFO     Seçilmiş User-Agent: Mozilla/5.0 (Linux; Android 14; SM-G998B) AppleWebKit/537.36 (KHTML, like Gecko) Chrome/122.0.0.0 Mobile Safari/537.36
2026.09.30 18:23:37 aiogram.event        INFO     Update id=875902170 is handled. Duration 5016 ms by bot id=8976652462
2026.09.30 18:23:38 aiogram.event        INFO     Update id=875902174 is handled. Duration 801 ms by bot id=8976652462
2026.09.30 18:23:38 core.webprofile      INFO     firefox brauzerindən cookies istifadə edilir.
2026.09.30 18:23:38 core.webprofile      INFO     Seçilmiş User-Agent: Mozilla/5.0 (Linux; Android 14; Pixel 8 Pro) AppleWebKit/537.36 (KHTML, like Gecko) Chrome/122.0.0.0 Mobile Safari/537.36
2026.09.30 18:23:38 aiogram.event        INFO     Update id=875902172 is handled. Duration 4413 ms by bot id=8976652462
2026.09.30 18:23:40 aiogram.event        INFO     Update id=875902173 is handled. Duration 3792 ms by bot id=8976652462
2026.09.30 18:23:41 aiogram.event        INFO     Update id=875902175 is handled. Duration 3684 ms by bot id=8976652462
2026.09.30 18:23:44 core.webprofile      INFO     firefox brauzerindən cookies istifadə edilir.
2026.09.30 18:23:44 core.webprofile      INFO     Seçilmiş User-Agent: Mozilla/5.0 (X11; Ubuntu; Linux x86_64; rv:120.0) Gecko/20100101 Firefox/120.0
2026.09.30 18:23:44 core.youtube_handler INFO     Yükləmə cəhdi: cookies + default client
2026.09.30 18:24:04 plugins.music_plugin INFO     Metadata (youtube): F'Rhyme x AintNoLie - Qeyri-Adekvat
2026.09.30 18:24:05 aiogram.event        INFO     Update id=875902176 is handled. Duration 21351 ms by bot id=8976652462
2026.09.30 19:14:13 aiogram.dispatcher   WARNING  Received SIGINT signal
2026.09.30 19:14:13 aiogram.dispatcher   INFO     Polling stopped for bot @dllmasterbot id=8976652462 - 'DLLMaster'
2026.09.30 19:14:13 aiogram.dispatcher   INFO     Polling stopped
2026.09.30 19:14:13 __main__             INFO     🛑 Polling stopped
2026.09.30 19:14:13 __main__             INFO     🔴 Bot stopped
2026.09.30 19:14:47 __main__             INFO     🤖 Starting bot...
2026.09.30 19:14:47 __main__             INFO     🚀 Starting bot initialization...
2026.09.30 19:14:47 core.spotify_handler INFO     Spotify API connection established.
2026.09.30 19:14:47 __main__             INFO     ✅ Spotify service initialized
2026.09.30 19:14:47 core.webprofile      INFO     Seçilmiş User-Agent: Mozilla/5.0 (Linux; Android 14; SM-G998B) AppleWebKit/537.36 (KHTML, like Gecko) Chrome/122.0.0.0 Mobile Safari/537.36
2026.09.30 19:14:47 core.youtube_handler INFO     firefox brauzerindən cookies istifadə edilir.
2026.09.30 19:14:47 __main__             INFO     ✅ YouTube services initialized (firefox)
2026.09.30 19:14:47 __main__             INFO     🔌 Loading plugins...
2026.09.30 19:14:47 core.utilities       INFO     🔍 Scanning plugins in: /home/admin/dlmaster/plugins
2026.09.30 19:14:47 core.utilities       INFO     🔄 Loading: plugins.audio_editor_plugin
2026.09.30 19:14:47 core.utilities       INFO     🔄 Loading: plugins.menu_plugin
2026.09.30 19:14:47 core.utilities       ERROR    ❌ Failed to import plugins.menu_plugin: No module named 'core.welcome'
Traceback (most recent call last):
  File [35m"/home/admin/dlmaster/core/utilities.py"[0m, line [35m67[0m, in [35mload_plugins[0m
    modules.append([31mimportlib.import_module[0m[1;31m(module_name)[0m)
                   [31m~~~~~~~~~~~~~~~~~~~~~~~[0m[1;31m^^^^^^^^^^^^^[0m
  File [35m"/usr/lib/python3.13/importlib/__init__.py"[0m, line [35m88[0m, in [35mimport_module[0m
    return [31m_bootstrap._gcd_import[0m[1;31m(name[level:], package, level)[0m
           [31m~~~~~~~~~~~~~~~~~~~~~~[0m[1;31m^^^^^^^^^^^^^^^^^^^^^^^^^^^^^^[0m
  File [35m"<frozen importlib._bootstrap>"[0m, line [35m1387[0m, in [35m_gcd_import[0m
  File [35m"<frozen importlib._bootstrap>"[0m, line [35m1360[0m, in [35m_find_and_load[0m
  File [35m"<frozen importlib._bootstrap>"[0m, line [35m1331[0m, in [35m_find_and_load_unlocked[0m
  File [35m"<frozen importlib._bootstrap>"[0m, line [35m935[0m, in [35m_load_unlocked[0m
  File [35m"<frozen importlib._bootstrap_external>"[0m, line [35m1026[0m, in [35mexec_module[0m
  File [35m"<frozen importlib._bootstrap>"[0m, line [35m488[0m, in [35m_call_with_frames_removed[0m
  File [35m"/home/admin/dlmaster/plugins/menu_plugin.py"[0m, line [35m38[0m, in [35m<module>[0m
    from core.welcome import get_welcome_media, set_welcome_media, media_label, send_welcome
[1;35mModuleNotFoundError[0m: [35mNo module named 'core.welcome'[0m
2026.09.30 19:14:47 core.utilities       INFO     🔄 Loading: plugins.music_plugin
2026.09.30 19:14:47 core.utilities       INFO     🔄 Loading: plugins.spotify_plugin
2026.09.30 19:14:47 core.utilities       INFO     🔄 Loading: plugins.start_plugin
2026.09.30 19:14:47 core.utilities       ERROR    ❌ Failed to import plugins.start_plugin: No module named 'core.welcome'
Traceback (most recent call last):
  File [35m"/home/admin/dlmaster/core/utilities.py"[0m, line [35m67[0m, in [35mload_plugins[0m
    modules.append([31mimportlib.import_module[0m[1;31m(module_name)[0m)
                   [31m~~~~~~~~~~~~~~~~~~~~~~~[0m[1;31m^^^^^^^^^^^^^[0m
  File [35m"/usr/lib/python3.13/importlib/__init__.py"[0m, line [35m88[0m, in [35mimport_module[0m
    return [31m_bootstrap._gcd_import[0m[1;31m(name[level:], package, level)[0m
           [31m~~~~~~~~~~~~~~~~~~~~~~[0m[1;31m^^^^^^^^^^^^^^^^^^^^^^^^^^^^^^[0m
  File [35m"<frozen importlib._bootstrap>"[0m, line [35m1387[0m, in [35m_gcd_import[0m
  File [35m"<frozen importlib._bootstrap>"[0m, line [35m1360[0m, in [35m_find_and_load[0m
  File [35m"<frozen importlib._bootstrap>"[0m, line [35m1331[0m, in [35m_find_and_load_unlocked[0m
  File [35m"<frozen importlib._bootstrap>"[0m, line [35m935[0m, in [35m_load_unlocked[0m
  File [35m"<frozen importlib._bootstrap_external>"[0m, line [35m1026[0m, in [35mexec_module[0m
  File [35m"<frozen importlib._bootstrap>"[0m, line [35m488[0m, in [35m_call_with_frames_removed[0m
  File [35m"/home/admin/dlmaster/plugins/start_plugin.py"[0m, line [35m24[0m, in [35m<module>[0m
    from core.welcome import send_welcome
[1;35mModuleNotFoundError[0m: [35mNo module named 'core.welcome'[0m
2026.09.30 19:14:47 core.utilities       INFO     🔄 Loading: plugins.update_notifier_plugin
2026.09.30 19:14:47 core.utilities       INFO     🔄 Loading: plugins.welcome
2026.09.30 19:14:47 core.utilities       INFO     🔄 Loading: plugins.youtube_plugin
2026.09.30 19:14:47 core.utilities       INFO     ✅ Loaded: plugins.audio_editor_plugin
2026.09.30 19:14:47 core.utilities       INFO     ✅ Loaded: plugins.music_plugin
2026.09.30 19:14:47 core.utilities       INFO     ✅ Loaded: plugins.spotify_plugin
2026.09.30 19:14:47 core.utilities       WARNING  ⚠️ No setup() in: plugins.welcome
2026.09.30 19:14:47 core.utilities       INFO     ✅ Loaded: plugins.youtube_plugin
2026.09.30 19:14:47 core.utilities       INFO     ✅ Loaded: plugins.update_notifier_plugin
2026.09.30 19:14:47 __main__             INFO     🚀 Starting polling...
2026.09.30 19:14:47 aiogram.dispatcher   INFO     Start polling
2026.09.30 19:14:47 aiogram.dispatcher   INFO     Run polling for bot @dllmasterbot id=8976652462 - 'DLLMaster'
2026.09.30 19:14:51 plugins.update_notifier_plugin INFO     ✅ Yeniləmə bildirişi göndərildi
2026.09.30 19:14:51 aiogram.dispatcher   WARNING  Received SIGINT signal
2026.09.30 19:14:51 aiogram.dispatcher   INFO     Polling stopped for bot @dllmasterbot id=8976652462 - 'DLLMaster'
2026.09.30 19:14:51 aiogram.dispatcher   INFO     Polling stopped
2026.09.30 19:14:51 __main__             INFO     🛑 Polling stopped
2026.09.30 19:14:51 __main__             INFO     🔴 Bot stopped
2026.09.30 19:14:57 __main__             INFO     🤖 Starting bot...
2026.09.30 19:14:57 __main__             INFO     🚀 Starting bot initialization...
2026.09.30 19:14:57 core.spotify_handler INFO     Spotify API connection established.
2026.09.30 19:14:57 __main__             INFO     ✅ Spotify service initialized
2026.09.30 19:14:57 core.webprofile      INFO     Seçilmiş User-Agent: Mozilla/5.0 (Windows NT 10.0; Win64; x64) AppleWebKit/537.36 (KHTML, like Gecko) Edge/120.0.0.0 Safari/537.36
2026.09.30 19:14:57 core.youtube_handler INFO     firefox brauzerindən cookies istifadə edilir.
2026.09.30 19:14:57 __main__             INFO     ✅ YouTube services initialized (firefox)
2026.09.30 19:14:57 __main__             INFO     🔌 Loading plugins...
2026.09.30 19:14:57 core.utilities       INFO     🔍 Scanning plugins in: /home/admin/dlmaster/plugins
2026.09.30 19:14:57 core.utilities       INFO     🔄 Loading: plugins.audio_editor_plugin
2026.09.30 19:14:57 core.utilities       INFO     🔄 Loading: plugins.menu_plugin
2026.09.30 19:14:57 core.utilities       ERROR    ❌ Failed to import plugins.menu_plugin: No module named 'core.welcome'
Traceback (most recent call last):
  File [35m"/home/admin/dlmaster/core/utilities.py"[0m, line [35m67[0m, in [35mload_plugins[0m
    modules.append([31mimportlib.import_module[0m[1;31m(module_name)[0m)
                   [31m~~~~~~~~~~~~~~~~~~~~~~~[0m[1;31m^^^^^^^^^^^^^[0m
  File [35m"/usr/lib/python3.13/importlib/__init__.py"[0m, line [35m88[0m, in [35mimport_module[0m
    return [31m_bootstrap._gcd_import[0m[1;31m(name[level:], package, level)[0m
           [31m~~~~~~~~~~~~~~~~~~~~~~[0m[1;31m^^^^^^^^^^^^^^^^^^^^^^^^^^^^^^[0m
  File [35m"<frozen importlib._bootstrap>"[0m, line [35m1387[0m, in [35m_gcd_import[0m
  File [35m"<frozen importlib._bootstrap>"[0m, line [35m1360[0m, in [35m_find_and_load[0m
  File [35m"<frozen importlib._bootstrap>"[0m, line [35m1331[0m, in [35m_find_and_load_unlocked[0m
  File [35m"<frozen importlib._bootstrap>"[0m, line [35m935[0m, in [35m_load_unlocked[0m
  File [35m"<frozen importlib._bootstrap_external>"[0m, line [35m1026[0m, in [35mexec_module[0m
  File [35m"<frozen importlib._bootstrap>"[0m, line [35m488[0m, in [35m_call_with_frames_removed[0m
  File [35m"/home/admin/dlmaster/plugins/menu_plugin.py"[0m, line [35m38[0m, in [35m<module>[0m
    from core.welcome import get_welcome_media, set_welcome_media, media_label, send_welcome
[1;35mModuleNotFoundError[0m: [35mNo module named 'core.welcome'[0m
2026.09.30 19:14:57 core.utilities       INFO     🔄 Loading: plugins.music_plugin
2026.09.30 19:14:57 core.utilities       INFO     🔄 Loading: plugins.spotify_plugin
2026.09.30 19:14:57 core.utilities       INFO     🔄 Loading: plugins.start_plugin
2026.09.30 19:14:57 core.utilities       ERROR    ❌ Failed to import plugins.start_plugin: No module named 'core.welcome'
Traceback (most recent call last):
  File [35m"/home/admin/dlmaster/core/utilities.py"[0m, line [35m67[0m, in [35mload_plugins[0m
    modules.append([31mimportlib.import_module[0m[1;31m(module_name)[0m)
                   [31m~~~~~~~~~~~~~~~~~~~~~~~[0m[1;31m^^^^^^^^^^^^^[0m
  File [35m"/usr/lib/python3.13/importlib/__init__.py"[0m, line [35m88[0m, in [35mimport_module[0m
    return [31m_bootstrap._gcd_import[0m[1;31m(name[level:], package, level)[0m
           [31m~~~~~~~~~~~~~~~~~~~~~~[0m[1;31m^^^^^^^^^^^^^^^^^^^^^^^^^^^^^^[0m
  File [35m"<frozen importlib._bootstrap>"[0m, line [35m1387[0m, in [35m_gcd_import[0m
  File [35m"<frozen importlib._bootstrap>"[0m, line [35m1360[0m, in [35m_find_and_load[0m
  File [35m"<frozen importlib._bootstrap>"[0m, line [35m1331[0m, in [35m_find_and_load_unlocked[0m
  File [35m"<frozen importlib._bootstrap>"[0m, line [35m935[0m, in [35m_load_unlocked[0m
  File [35m"<frozen importlib._bootstrap_external>"[0m, line [35m1026[0m, in [35mexec_module[0m
  File [35m"<frozen importlib._bootstrap>"[0m, line [35m488[0m, in [35m_call_with_frames_removed[0m
  File [35m"/home/admin/dlmaster/plugins/start_plugin.py"[0m, line [35m24[0m, in [35m<module>[0m
    from core.welcome import send_welcome
[1;35mModuleNotFoundError[0m: [35mNo module named 'core.welcome'[0m
2026.09.30 19:14:57 core.utilities       INFO     🔄 Loading: plugins.update_notifier_plugin
2026.09.30 19:14:57 core.utilities       INFO     🔄 Loading: plugins.welcome
2026.09.30 19:14:57 core.utilities       INFO     🔄 Loading: plugins.youtube_plugin
2026.09.30 19:14:57 core.utilities       INFO     ✅ Loaded: plugins.audio_editor_plugin
2026.09.30 19:14:57 core.utilities       INFO     ✅ Loaded: plugins.music_plugin
2026.09.30 19:14:57 core.utilities       INFO     ✅ Loaded: plugins.spotify_plugin
2026.09.30 19:14:57 core.utilities       WARNING  ⚠️ No setup() in: plugins.welcome
2026.09.30 19:14:57 core.utilities       INFO     ✅ Loaded: plugins.youtube_plugin
2026.09.30 19:14:57 core.utilities       INFO     ✅ Loaded: plugins.update_notifier_plugin
2026.09.30 19:14:57 __main__             INFO     🚀 Starting polling...
2026.09.30 19:14:57 aiogram.dispatcher   INFO     Start polling
2026.09.30 19:14:57 aiogram.dispatcher   INFO     Run polling for bot @dllmasterbot id=8976652462 - 'DLLMaster'
2026.09.30 19:15:00 plugins.update_notifier_plugin INFO     ✅ Yeniləmə bildirişi göndərildi
2026.09.30 19:15:41 aiogram.dispatcher   WARNING  Received SIGINT signal
2026.09.30 19:15:41 aiogram.dispatcher   INFO     Polling stopped for bot @dllmasterbot id=8976652462 - 'DLLMaster'
2026.09.30 19:15:41 aiogram.dispatcher   INFO     Polling stopped
2026.09.30 19:15:42 __main__             INFO     🛑 Polling stopped
2026.09.30 19:15:42 __main__             INFO     🔴 Bot stopped
2026.09.30 19:15:47 __main__             INFO     🤖 Starting bot...
2026.09.30 19:15:47 __main__             INFO     🚀 Starting bot initialization...
2026.09.30 19:15:47 core.spotify_handler INFO     Spotify API connection established.
2026.09.30 19:15:47 __main__             INFO     ✅ Spotify service initialized
2026.09.30 19:15:47 core.webprofile      INFO     Seçilmiş User-Agent: Mozilla/5.0 (X11; Ubuntu; Linux x86_64; rv:120.0) Gecko/20100101 Firefox/120.0
2026.09.30 19:15:47 core.youtube_handler INFO     firefox brauzerindən cookies istifadə edilir.
2026.09.30 19:15:47 __main__             INFO     ✅ YouTube services initialized (firefox)
2026.09.30 19:15:47 __main__             INFO     🔌 Loading plugins...
2026.09.30 19:15:47 core.utilities       INFO     🔍 Scanning plugins in: /home/admin/dlmaster/plugins
2026.09.30 19:15:47 core.utilities       INFO     🔄 Loading: plugins.audio_editor_plugin
2026.09.30 19:15:47 core.utilities       INFO     🔄 Loading: plugins.menu_plugin
2026.09.30 19:15:47 core.utilities       INFO     🔄 Loading: plugins.music_plugin
2026.09.30 19:15:47 core.utilities       INFO     🔄 Loading: plugins.spotify_plugin
2026.09.30 19:15:47 core.utilities       INFO     🔄 Loading: plugins.start_plugin
2026.09.30 19:15:47 core.utilities       INFO     🔄 Loading: plugins.update_notifier_plugin
2026.09.30 19:15:47 core.utilities       INFO     🔄 Loading: plugins.youtube_plugin
2026.09.30 19:15:47 core.utilities       INFO     ✅ Loaded: plugins.audio_editor_plugin
2026.09.30 19:15:47 plugins.menu_plugin  INFO     ✅ Menu plugin yükləndi
2026.09.30 19:15:47 core.utilities       INFO     ✅ Loaded: plugins.menu_plugin
2026.09.30 19:15:47 core.utilities       INFO     ✅ Loaded: plugins.music_plugin
2026.09.30 19:15:47 core.utilities       INFO     ✅ Loaded: plugins.spotify_plugin
2026.09.30 19:15:47 plugins.start_plugin WARNING  Default admin yetkiləri təyin edilmədi: 4 validation errors for ChatAdministratorRights
can_post_stories
  Field required [type=missing, input_value={'is_anonymous': False, '...can_pin_messages': True}, input_type=dict]
    For further information visit https://errors.pydantic.dev/2.13/v/missing
can_edit_stories
  Field required [type=missing, input_value={'is_anonymous': False, '...can_pin_messages': True}, input_type=dict]
    For further information visit https://errors.pydantic.dev/2.13/v/missing
can_delete_stories
  Field required [type=missing, input_value={'is_anonymous': False, '...can_pin_messages': True}, input_type=dict]
    For further information visit https://errors.pydantic.dev/2.13/v/missing
can_send_welcome_messages
  Field required [type=missing, input_value={'is_anonymous': False, '...can_pin_messages': True}, input_type=dict]
    For further information visit https://errors.pydantic.dev/2.13/v/missing
2026.09.30 19:15:47 plugins.start_plugin INFO     ✅ Start plugin yükləndi
2026.09.30 19:15:47 core.utilities       INFO     ✅ Loaded: plugins.start_plugin
2026.09.30 19:15:47 core.utilities       INFO     ✅ Loaded: plugins.youtube_plugin
2026.09.30 19:15:47 core.utilities       INFO     ✅ Loaded: plugins.update_notifier_plugin
2026.09.30 19:15:47 __main__             INFO     🚀 Starting polling...
2026.09.30 19:15:47 aiogram.dispatcher   INFO     Start polling
2026.09.30 19:15:47 aiogram.dispatcher   INFO     Run polling for bot @dllmasterbot id=8976652462 - 'DLLMaster'
2026.09.30 19:15:51 plugins.update_notifier_plugin INFO     ✅ Yeniləmə bildirişi göndərildi
2026.09.30 19:16:05 core.utilities       INFO     User 8502974425 executed command: /menu
2026.09.30 19:16:05 aiogram.event        INFO     Update id=875902177 is handled. Duration 59 ms by bot id=8976652462
2026.09.30 19:16:09 aiogram.event        INFO     Update id=875902178 is handled. Duration 63 ms by bot id=8976652462
2026.09.30 19:16:15 aiogram.event        INFO     Update id=875902179 is handled. Duration 1183 ms by bot id=8976652462
2026.09.30 19:17:13 core.utilities       INFO     User 8623070734 executed command: /menu
2026.09.30 19:17:13 plugins.menu_plugin  INFO     /menu rədd edildi: 8623070734
2026.09.30 19:17:13 aiogram.event        INFO     Update id=875902180 is handled. Duration 7 ms by bot id=8976652462
2026.09.30 19:17:24 core.utilities       INFO     User 8502974425 executed command: /menu
2026.09.30 19:17:24 aiogram.event        INFO     Update id=875902181 is handled. Duration 96 ms by bot id=8976652462
2026.09.30 19:17:33 core.utilities       INFO     User 8623070734 executed command: /start
2026.09.30 19:17:39 aiogram.event        INFO     Update id=875902182 is handled. Duration 5385 ms by bot id=8976652462
2026.09.30 19:17:54 aiogram.event        INFO     Update id=875902183 is handled. Duration 92 ms by bot id=8976652462
2026.09.30 19:17:58 aiogram.event        INFO     Update id=875902184 is handled. Duration 76 ms by bot id=8976652462
2026.09.30 19:18:11 plugins.menu_plugin  INFO     Welcome media dəyişdi: photo
2026.09.30 19:18:11 aiogram.event        INFO     Update id=875902185 is handled. Duration 65 ms by bot id=8976652462
2026.09.30 19:18:13 aiogram.event        INFO     Update id=875902186 is handled. Duration 76 ms by bot id=8976652462
2026.09.30 19:18:21 core.utilities       INFO     User 8502974425 executed command: /start
2026.09.30 19:18:21 aiogram.event        INFO     Update id=875902187 is handled. Duration 61 ms by bot id=8976652462
2026.09.30 19:19:15 aiogram.event        INFO     Update id=875902188 is handled. Duration 0 ms by bot id=8976652462
2026.09.30 19:22:50 core.utilities       INFO     User 8502974425 executed command: /start
2026.09.30 19:22:50 aiogram.event        INFO     Update id=875902189 is handled. Duration 65 ms by bot id=8976652462
2026.09.30 19:22:57 core.utilities       INFO     User 8502974425 executed command: /start
2026.09.30 19:22:57 aiogram.event        INFO     Update id=875902190 is handled. Duration 122 ms by bot id=8976652462
2026.09.30 19:23:54 core.webprofile      INFO     firefox brauzerindən cookies istifadə edilir.
2026.09.30 19:23:54 core.webprofile      INFO     Seçilmiş User-Agent: Mozilla/5.0 (Linux; Android 14; Pixel 8 Pro) AppleWebKit/537.36 (KHTML, like Gecko) Chrome/122.0.0.0 Mobile Safari/537.36
2026.09.30 19:23:57 aiogram.event        INFO     Update id=875902191 is handled. Duration 3549 ms by bot id=8976652462
2026.09.30 19:24:00 core.webprofile      INFO     firefox brauzerindən cookies istifadə edilir.
2026.09.30 19:24:00 core.webprofile      INFO     Seçilmiş User-Agent: Mozilla/5.0 (Linux; Android 14; Pixel 8 Pro) AppleWebKit/537.36 (KHTML, like Gecko) Chrome/122.0.0.0 Mobile Safari/537.36
2026.09.30 19:24:00 core.youtube_handler INFO     Yükləmə cəhdi: cookies + default client
2026.09.30 19:24:00 plugins.music_plugin WARNING  Odesli API açar tələb edir (ODESLI_API_KEY). Birbaşa song.link/<url> linki istifadə olunacaq.
2026.09.30 19:24:21 plugins.music_plugin INFO     Metadata (youtube): Eminem - Lose Yourself
2026.09.30 19:24:23 aiogram.event        INFO     Update id=875902192 is handled. Duration 23658 ms by bot id=8976652462
2026.09.30 19:24:38 core.utilities       INFO     User 8502974425 executed command: /menu
2026.09.30 19:24:38 aiogram.event        INFO     Update id=875902193 is handled. Duration 49 ms by bot id=8976652462
2026.09.30 19:24:40 aiogram.event        INFO     Update id=875902194 is handled. Duration 98 ms by bot id=8976652462
2026.09.30 19:24:42 aiogram.event        INFO     Update id=875902195 is handled. Duration 66 ms by bot id=8976652462
2026.09.30 19:24:47 aiogram.event        INFO     Update id=875902196 is handled. Duration 120 ms by bot id=8976652462
2026.09.30 19:24:54 aiogram.event        INFO     Update id=875902197 is handled. Duration 49 ms by bot id=8976652462
2026.09.30 19:25:11 core.webprofile      INFO     firefox brauzerindən cookies istifadə edilir.
2026.09.30 19:25:11 core.webprofile      INFO     Seçilmiş User-Agent: Mozilla/5.0 (iPhone; CPU iPhone OS 17_2 like Mac OS X) AppleWebKit/605.1.15 (KHTML, like Gecko) Version/17.2 Mobile/15E148 Safari/604.1
2026.09.30 19:25:13 aiogram.event        INFO     Update id=875902198 is handled. Duration 2635 ms by bot id=8976652462
2026.09.30 19:25:15 core.webprofile      INFO     firefox brauzerindən cookies istifadə edilir.
2026.09.30 19:25:15 core.webprofile      INFO     Seçilmiş User-Agent: Mozilla/5.0 (X11; Linux x86_64) AppleWebKit/537.36 (KHTML, like Gecko) Chrome/122.0.0.0 Safari/537.36
2026.09.30 19:25:15 core.youtube_handler INFO     Yükləmə cəhdi: cookies + default client
2026.09.30 19:25:36 plugins.music_plugin INFO     Metadata (youtube): Eminem - Lose Yourself
2026.09.30 19:25:37 aiogram.event        INFO     Update id=875902199 is handled. Duration 22539 ms by bot id=8976652462
2026.09.30 19:28:08 aiogram.dispatcher   WARNING  Received SIGINT signal
2026.09.30 19:28:08 aiogram.dispatcher   INFO     Polling stopped for bot @dllmasterbot id=8976652462 - 'DLLMaster'
2026.09.30 19:28:08 aiogram.dispatcher   INFO     Polling stopped
2026.09.30 19:28:08 __main__             INFO     🛑 Polling stopped
2026.09.30 19:28:08 __main__             INFO     🔴 Bot stopped
2026.09.30 19:28:14 __main__             INFO     🤖 Starting bot...
2026.09.30 19:28:14 __main__             INFO     🚀 Starting bot initialization...
2026.09.30 19:28:14 core.spotify_handler INFO     Spotify API connection established.
2026.09.30 19:28:14 __main__             INFO     ✅ Spotify service initialized
2026.09.30 19:28:14 core.webprofile      INFO     Seçilmiş User-Agent: Mozilla/5.0 (iPad; CPU OS 17_2 like Mac OS X) AppleWebKit/605.1.15 (KHTML, like Gecko) Version/17.2 Mobile/15E148 Safari/604.1
2026.09.30 19:28:14 core.youtube_handler INFO     firefox brauzerindən cookies istifadə edilir.
2026.09.30 19:28:14 __main__             INFO     ✅ YouTube services initialized (firefox)
2026.09.30 19:28:14 __main__             INFO     🔌 Loading plugins...
2026.09.30 19:28:14 core.utilities       INFO     🔍 Scanning plugins in: /home/admin/dlmaster/plugins
2026.09.30 19:28:14 core.utilities       INFO     🔄 Loading: plugins.audio_editor_plugin
2026.09.30 19:28:14 core.utilities       INFO     🔄 Loading: plugins.menu_plugin
2026.09.30 19:28:14 core.utilities       INFO     🔄 Loading: plugins.music_plugin
2026.09.30 19:28:14 core.utilities       INFO     🔄 Loading: plugins.spotify_plugin
2026.09.30 19:28:14 core.utilities       INFO     🔄 Loading: plugins.start_plugin
2026.09.30 19:28:14 core.utilities       INFO     🔄 Loading: plugins.update_notifier_plugin
2026.09.30 19:28:14 core.utilities       INFO     🔄 Loading: plugins.youtube_plugin
2026.09.30 19:28:14 core.utilities       INFO     ✅ Loaded: plugins.audio_editor_plugin
2026.09.30 19:28:14 plugins.menu_plugin  INFO     ✅ Menu plugin yükləndi
2026.09.30 19:28:14 core.utilities       INFO     ✅ Loaded: plugins.menu_plugin
2026.09.30 19:28:14 core.utilities       INFO     ✅ Loaded: plugins.music_plugin
2026.09.30 19:28:14 core.utilities       INFO     ✅ Loaded: plugins.spotify_plugin
2026.09.30 19:28:14 plugins.start_plugin WARNING  Default admin yetkiləri təyin edilmədi: 4 validation errors for ChatAdministratorRights
can_post_stories
  Field required [type=missing, input_value={'is_anonymous': False, '...can_pin_messages': True}, input_type=dict]
    For further information visit https://errors.pydantic.dev/2.13/v/missing
can_edit_stories
  Field required [type=missing, input_value={'is_anonymous': False, '...can_pin_messages': True}, input_type=dict]
    For further information visit https://errors.pydantic.dev/2.13/v/missing
can_delete_stories
  Field required [type=missing, input_value={'is_anonymous': False, '...can_pin_messages': True}, input_type=dict]
    For further information visit https://errors.pydantic.dev/2.13/v/missing
can_send_welcome_messages
  Field required [type=missing, input_value={'is_anonymous': False, '...can_pin_messages': True}, input_type=dict]
    For further information visit https://errors.pydantic.dev/2.13/v/missing
2026.09.30 19:28:14 plugins.start_plugin INFO     ✅ Start plugin yükləndi
2026.09.30 19:28:14 core.utilities       INFO     ✅ Loaded: plugins.start_plugin
2026.09.30 19:28:14 core.utilities       INFO     ✅ Loaded: plugins.youtube_plugin
2026.09.30 19:28:14 core.utilities       INFO     ✅ Loaded: plugins.update_notifier_plugin
2026.09.30 19:28:14 __main__             INFO     🚀 Starting polling...
2026.09.30 19:28:14 aiogram.dispatcher   INFO     Start polling
2026.09.30 19:28:14 aiogram.dispatcher   INFO     Run polling for bot @dllmasterbot id=8976652462 - 'DLLMaster'
2026.09.30 19:28:17 plugins.update_notifier_plugin INFO     ✅ Yeniləmə bildirişi göndərildi
2026.09.30 19:28:24 core.utilities       INFO     User 8502974425 executed command: /start
2026.09.30 19:28:24 aiogram.event        INFO     Update id=875902200 is handled. Duration 59 ms by bot id=8976652462
2026.09.30 19:28:30 aiogram.event        INFO     Update id=875902201 is handled. Duration 55 ms by bot id=8976652462
2026.09.30 19:28:39 aiogram.event        INFO     Update id=875902202 is handled. Duration 72 ms by bot id=8976652462
2026.09.30 19:28:42 aiogram.event        INFO     Update id=875902203 is handled. Duration 52 ms by bot id=8976652462
2026.09.30 19:29:02 core.utilities       INFO     User 8502974425 executed command: /menu
2026.09.30 19:29:02 aiogram.event        INFO     Update id=875902204 is handled. Duration 62 ms by bot id=8976652462
2026.09.30 19:29:04 core.utilities       INFO     User 8502974425 executed command: /start
2026.09.30 19:29:04 aiogram.event        INFO     Update id=875902205 is handled. Duration 53 ms by bot id=8976652462
2026.09.30 19:29:07 core.utilities       INFO     User 8502974425 executed command: /menu
2026.09.30 19:29:07 aiogram.event        INFO     Update id=875902206 is handled. Duration 35 ms by bot id=8976652462
2026.09.30 19:29:10 aiogram.event        INFO     Update id=875902207 is handled. Duration 98 ms by bot id=8976652462
2026.09.30 19:29:14 aiogram.event        INFO     Update id=875902208 is handled. Duration 51 ms by bot id=8976652462
2026.09.30 19:29:19 aiogram.event        INFO     Update id=875902209 is handled. Duration 109 ms by bot id=8976652462
2026.09.30 19:29:25 aiogram.event        INFO     Update id=875902210 is handled. Duration 55 ms by bot id=8976652462
2026.09.30 19:29:28 aiogram.event        INFO     Update id=875902211 is handled. Duration 42 ms by bot id=8976652462
2026.09.30 19:29:30 aiogram.event        INFO     Update id=875902212 is handled. Duration 62 ms by bot id=8976652462
2026.09.30 19:30:31 core.webprofile      INFO     firefox brauzerindən cookies istifadə edilir.
2026.09.30 19:30:31 core.webprofile      INFO     Seçilmiş User-Agent: Mozilla/5.0 (Windows NT 10.0; Win64; x64; rv:120.0) Gecko/20100101 Firefox/120.0
2026.09.30 19:30:34 aiogram.event        INFO     Update id=875902213 is handled. Duration 3093 ms by bot id=8976652462
2026.09.30 19:30:36 core.webprofile      INFO     firefox brauzerindən cookies istifadə edilir.
2026.09.30 19:30:36 core.webprofile      INFO     Seçilmiş User-Agent: Mozilla/5.0 (Macintosh; Intel Mac OS X 10_15_7) AppleWebKit/537.36 (KHTML, like Gecko) Chrome/122.0.0.0 Safari/537.36
2026.09.30 19:30:36 core.youtube_handler INFO     Yükləmə cəhdi: cookies + default client
2026.09.30 19:30:37 plugins.music_plugin WARNING  Odesli API açar tələb edir (ODESLI_API_KEY). Birbaşa song.link/<url> linki istifadə olunacaq.
2026.09.30 19:30:52 plugins.music_plugin INFO     Metadata (youtube): Eminem - Lose Yourself
2026.09.30 19:30:55 aiogram.event        INFO     Update id=875902214 is handled. Duration 19076 ms by bot id=8976652462
2026.09.30 19:31:08 core.utilities       INFO     User 8502974425 executed command: /menu
2026.09.30 19:31:08 aiogram.event        INFO     Update id=875902215 is handled. Duration 59 ms by bot id=8976652462
2026.09.30 19:31:10 aiogram.event        INFO     Update id=875902216 is handled. Duration 54 ms by bot id=8976652462
2026.09.30 19:31:11 aiogram.event        INFO     Update id=875902217 is handled. Duration 41 ms by bot id=8976652462
2026.09.30 19:31:48 aiogram.event        INFO     Update id=875902218 is not handled. Duration 7 ms by bot id=8976652462
2026.09.30 19:31:55 aiogram.event        INFO     Update id=875902219 is handled. Duration 186 ms by bot id=8976652462
2026.09.30 19:32:44 core.utilities       INFO     User 8502974425 executed command: /start
2026.09.30 19:32:44 aiogram.event        INFO     Update id=875902220 is handled. Duration 52 ms by bot id=8976652462
2026.09.30 19:39:05 aiogram.dispatcher   WARNING  Received SIGINT signal
2026.09.30 19:39:05 aiogram.dispatcher   INFO     Polling stopped for bot @dllmasterbot id=8976652462 - 'DLLMaster'
2026.09.30 19:39:05 aiogram.dispatcher   INFO     Polling stopped
2026.09.30 19:39:05 __main__             INFO     🛑 Polling stopped
2026.09.30 19:39:05 __main__             INFO     🔴 Bot stopped
2026.09.30 19:39:10 __main__             INFO     🤖 Starting bot...
2026.09.30 19:39:10 __main__             INFO     🚀 Starting bot initialization...
2026.09.30 19:39:10 core.spotify_handler INFO     Spotify API connection established.
2026.09.30 19:39:10 __main__             INFO     ✅ Spotify service initialized
2026.09.30 19:39:10 core.webprofile      INFO     Seçilmiş User-Agent: Mozilla/5.0 (Windows NT 10.0; Win64; x64; rv:120.0) Gecko/20100101 Firefox/120.0
2026.09.30 19:39:10 core.youtube_handler INFO     firefox brauzerindən cookies istifadə edilir.
2026.09.30 19:39:10 __main__             INFO     ✅ YouTube services initialized (firefox)
2026.09.30 19:39:10 __main__             INFO     🔌 Loading plugins...
2026.09.30 19:39:10 core.utilities       INFO     🔍 Scanning plugins in: /home/admin/dlmaster/plugins
2026.09.30 19:39:10 core.utilities       INFO     🔄 Loading: plugins.audio_editor_plugin
2026.09.30 19:39:10 core.utilities       INFO     🔄 Loading: plugins.menu_plugin
2026.09.30 19:39:10 core.utilities       INFO     🔄 Loading: plugins.music_plugin
2026.09.30 19:39:10 core.utilities       INFO     🔄 Loading: plugins.spotify_plugin
2026.09.30 19:39:10 core.utilities       INFO     🔄 Loading: plugins.start_plugin
2026.09.30 19:39:10 core.utilities       INFO     🔄 Loading: plugins.update_notifier_plugin
2026.09.30 19:39:10 core.utilities       INFO     🔄 Loading: plugins.youtube_plugin
2026.09.30 19:39:10 core.utilities       INFO     ✅ Loaded: plugins.audio_editor_plugin
2026.09.30 19:39:10 plugins.menu_plugin  INFO     ✅ Menu plugin yükləndi
2026.09.30 19:39:10 core.utilities       INFO     ✅ Loaded: plugins.menu_plugin
2026.09.30 19:39:10 core.utilities       INFO     ✅ Loaded: plugins.music_plugin
2026.09.30 19:39:10 core.utilities       INFO     ✅ Loaded: plugins.spotify_plugin
2026.09.30 19:39:10 plugins.start_plugin WARNING  Default admin yetkiləri təyin edilmədi: 4 validation errors for ChatAdministratorRights
can_post_stories
  Field required [type=missing, input_value={'is_anonymous': False, '...can_pin_messages': True}, input_type=dict]
    For further information visit https://errors.pydantic.dev/2.13/v/missing
can_edit_stories
  Field required [type=missing, input_value={'is_anonymous': False, '...can_pin_messages': True}, input_type=dict]
    For further information visit https://errors.pydantic.dev/2.13/v/missing
can_delete_stories
  Field required [type=missing, input_value={'is_anonymous': False, '...can_pin_messages': True}, input_type=dict]
    For further information visit https://errors.pydantic.dev/2.13/v/missing
can_send_welcome_messages
  Field required [type=missing, input_value={'is_anonymous': False, '...can_pin_messages': True}, input_type=dict]
    For further information visit https://errors.pydantic.dev/2.13/v/missing
2026.09.30 19:39:10 plugins.start_plugin INFO     ✅ Start plugin yükləndi
2026.09.30 19:39:10 core.utilities       INFO     ✅ Loaded: plugins.start_plugin
2026.09.30 19:39:10 core.utilities       INFO     ✅ Loaded: plugins.youtube_plugin
2026.09.30 19:39:10 core.utilities       INFO     ✅ Loaded: plugins.update_notifier_plugin
2026.09.30 19:39:10 __main__             INFO     🚀 Starting polling...
2026.09.30 19:39:10 aiogram.dispatcher   INFO     Start polling
2026.09.30 19:39:10 aiogram.dispatcher   INFO     Run polling for bot @dllmasterbot id=8976652462 - 'DLLMaster'
2026.09.30 19:39:14 plugins.update_notifier_plugin INFO     ✅ Yeniləmə bildirişi göndərildi
2026.09.30 19:39:42 core.utilities       INFO     User 8502974425 executed command: /menu
2026.09.30 19:39:42 aiogram.event        INFO     Update id=875902221 is handled. Duration 76 ms by bot id=8976652462
2026.09.30 19:39:45 aiogram.event        INFO     Update id=875902222 is handled. Duration 216 ms by bot id=8976652462
2026.09.30 19:39:50 aiogram.event        INFO     Update id=875902223 is handled. Duration 50 ms by bot id=8976652462
2026.09.30 19:39:54 aiogram.event        INFO     Update id=875902224 is handled. Duration 56 ms by bot id=8976652462
2026.09.30 19:40:07 aiogram.event        INFO     Update id=875902225 is handled. Duration 174 ms by bot id=8976652462
2026.09.30 19:40:10 aiogram.event        INFO     Update id=875902226 is handled. Duration 51 ms by bot id=8976652462
2026.09.30 19:40:12 aiogram.event        INFO     Update id=875902227 is handled. Duration 108 ms by bot id=8976652462
2026.09.30 19:41:02 aiogram.event        INFO     Update id=875902228 is handled. Duration 60 ms by bot id=8976652462
2026.09.30 19:41:09 aiogram.event        INFO     Update id=875902229 is handled. Duration 46 ms by bot id=8976652462
2026.09.30 19:41:11 aiogram.event        INFO     Update id=875902230 is handled. Duration 66 ms by bot id=8976652462
2026.09.30 19:52:36 aiogram.event        INFO     Update id=875902231 is handled. Duration 57 ms by bot id=8976652462
2026.09.30 20:01:15 aiogram.event        INFO     Update id=875902232 is handled. Duration 72 ms by bot id=8976652462
2026.09.30 20:01:16 aiogram.event        INFO     Update id=875902233 is handled. Duration 67 ms by bot id=8976652462
2026.09.30 20:01:20 aiogram.event        INFO     Update id=875902234 is handled. Duration 80 ms by bot id=8976652462
2026.09.30 20:01:22 aiogram.event        INFO     Update id=875902235 is handled. Duration 58 ms by bot id=8976652462
2026.09.30 20:01:23 aiogram.event        INFO     Update id=875902236 is handled. Duration 63 ms by bot id=8976652462
2026.09.30 20:01:26 aiogram.event        INFO     Update id=875902237 is handled. Duration 65 ms by bot id=8976652462
2026.09.30 20:01:57 aiogram.event        INFO     Update id=875902238 is handled. Duration 0 ms by bot id=8976652462
2026.09.30 20:01:59 core.webprofile      INFO     firefox brauzerindən cookies istifadə edilir.
2026.09.30 20:01:59 core.webprofile      INFO     Seçilmiş User-Agent: Mozilla/5.0 (Windows NT 10.0; Win64; x64) AppleWebKit/537.36 (KHTML, like Gecko) Edge/120.0.0.0 Safari/537.36
2026.09.30 20:02:03 core.webprofile      INFO     firefox brauzerindən cookies istifadə edilir.
2026.09.30 20:02:03 core.webprofile      INFO     Seçilmiş User-Agent: Mozilla/5.0 (Windows NT 10.0; Win64; x64) AppleWebKit/537.36 (KHTML, like Gecko) Chrome/122.0.0.0 Safari/537.36
2026.09.30 20:02:04 aiogram.event        INFO     Update id=875902239 is handled. Duration 4958 ms by bot id=8976652462
2026.09.30 20:02:06 aiogram.event        INFO     Update id=875902240 is handled. Duration 4471 ms by bot id=8976652462
2026.09.30 20:02:08 core.webprofile      INFO     firefox brauzerindən cookies istifadə edilir.
2026.09.30 20:02:08 core.webprofile      INFO     Seçilmiş User-Agent: Mozilla/5.0 (Linux; Android 14; SM-G998B) AppleWebKit/537.36 (KHTML, like Gecko) Chrome/122.0.0.0 Mobile Safari/537.36
2026.09.30 20:02:11 aiogram.event        INFO     Update id=875902241 is handled. Duration 4098 ms by bot id=8976652462
2026.09.30 20:02:14 core.webprofile      INFO     firefox brauzerindən cookies istifadə edilir.
2026.09.30 20:02:14 core.webprofile      INFO     Seçilmiş User-Agent: Mozilla/5.0 (Macintosh; Intel Mac OS X 10_15_7) AppleWebKit/537.36 (KHTML, like Gecko) Chrome/122.0.0.0 Safari/537.36
2026.09.30 20:02:14 core.youtube_handler INFO     Yükləmə cəhdi: cookies + default client
2026.09.30 20:02:14 plugins.music_plugin WARNING  Odesli API açar tələb edir (ODESLI_API_KEY). Birbaşa song.link/<url> linki istifadə olunacaq.
2026.09.30 20:02:32 plugins.music_plugin INFO     Metadata (youtube): YouTube - Do Ya Thing (feat. Young Dro)
2026.09.30 20:02:34 aiogram.event        INFO     Update id=875902242 is handled. Duration 20160 ms by bot id=8976652462
2026.09.30 20:02:37 aiogram.event        INFO     Update id=875902243 is handled. Duration 95 ms by bot id=8976652462
2026.09.30 20:05:12 core.utilities       INFO     User 8502974425 executed command: /menu
2026.09.30 20:05:12 aiogram.event        INFO     Update id=875902244 is handled. Duration 40 ms by bot id=8976652462
2026.09.30 20:05:16 aiogram.event        INFO     Update id=875902245 is handled. Duration 50 ms by bot id=8976652462
2026.09.30 20:05:29 aiogram.event        INFO     Update id=875902246 is handled. Duration 53 ms by bot id=8976652462
2026.09.30 20:05:31 aiogram.event        INFO     Update id=875902247 is handled. Duration 60 ms by bot id=8976652462
2026.09.30 20:05:48 aiogram.event        INFO     Update id=875902248 is handled. Duration 87 ms by bot id=8976652462
2026.09.30 20:06:43 aiogram.event        INFO     Update id=875902249 is handled. Duration 52 ms by bot id=8976652462
2026.09.30 20:06:46 aiogram.event        INFO     Update id=875902250 is handled. Duration 41 ms by bot id=8976652462
2026.09.30 20:06:48 aiogram.event        INFO     Update id=875902251 is handled. Duration 45 ms by bot id=8976652462
2026.09.30 20:06:49 aiogram.event        INFO     Update id=875902252 is handled. Duration 63 ms by bot id=8976652462
2026.09.30 20:06:51 aiogram.event        INFO     Update id=875902253 is handled. Duration 49 ms by bot id=8976652462
2026.09.30 20:06:52 aiogram.event        INFO     Update id=875902254 is handled. Duration 47 ms by bot id=8976652462
2026.09.30 20:06:58 aiogram.event        INFO     Update id=875902255 is handled. Duration 50 ms by bot id=8976652462
2026.09.30 20:06:59 aiogram.event        INFO     Update id=875902256 is handled. Duration 53 ms by bot id=8976652462
2026.09.30 20:55:00 core.utilities       INFO     User 6601866286 executed command: /start
2026.09.30 20:55:00 aiogram.event        INFO     Update id=875902257 is handled. Duration 66 ms by bot id=8976652462
2026.09.30 20:55:36 aiogram.event        INFO     Update id=875902258 is handled. Duration 53 ms by bot id=8976652462
2026.09.30 20:56:13 aiogram.event        INFO     Update id=875902259 is handled. Duration 58 ms by bot id=8976652462
2026.09.30 20:56:56 aiogram.event        INFO     Update id=875902260 is handled. Duration 0 ms by bot id=8976652462
2026.09.30 20:57:06 core.webprofile      INFO     firefox brauzerindən cookies istifadə edilir.
2026.09.30 20:57:06 core.webprofile      INFO     Seçilmiş User-Agent: Mozilla/5.0 (X11; Ubuntu; Linux x86_64; rv:120.0) Gecko/20100101 Firefox/120.0
2026.09.30 20:57:07 core.webprofile      INFO     firefox brauzerindən cookies istifadə edilir.
2026.09.30 20:57:07 core.webprofile      INFO     Seçilmiş User-Agent: Mozilla/5.0 (Macintosh; Intel Mac OS X 10_15_7) AppleWebKit/537.36 (KHTML, like Gecko) Chrome/122.0.0.0 Safari/537.36
2026.09.30 20:57:09 aiogram.event        INFO     Update id=875902261 is handled. Duration 4012 ms by bot id=8976652462
2026.09.30 20:57:09 aiogram.event        INFO     Update id=875902262 is handled. Duration 3345 ms by bot id=8976652462
2026.09.30 20:57:10 aiogram.event        INFO     Update id=875902263 is handled. Duration 800 ms by bot id=8976652462
2026.09.30 20:57:11 core.webprofile      INFO     firefox brauzerindən cookies istifadə edilir.
2026.09.30 20:57:11 core.webprofile      INFO     Seçilmiş User-Agent: Mozilla/5.0 (Macintosh; Intel Mac OS X 10_15_7) AppleWebKit/537.36 (KHTML, like Gecko) Chrome/122.0.0.0 Safari/537.36
2026.09.30 20:57:14 aiogram.event        INFO     Update id=875902264 is handled. Duration 3887 ms by bot id=8976652462
2026.09.30 20:57:24 core.webprofile      INFO     firefox brauzerindən cookies istifadə edilir.
2026.09.30 20:57:24 core.webprofile      INFO     Seçilmiş User-Agent: Mozilla/5.0 (iPad; CPU OS 17_2 like Mac OS X) AppleWebKit/605.1.15 (KHTML, like Gecko) Version/17.2 Mobile/15E148 Safari/604.1
2026.09.30 20:57:24 core.youtube_handler INFO     Yükləmə cəhdi: cookies + default client
2026.09.30 20:57:25 core.webprofile      INFO     firefox brauzerindən cookies istifadə edilir.
2026.09.30 20:57:25 core.webprofile      INFO     Seçilmiş User-Agent: Mozilla/5.0 (Windows NT 10.0; Win64; x64; rv:120.0) Gecko/20100101 Firefox/120.0
2026.09.30 20:57:25 plugins.music_plugin WARNING  Odesli API açar tələb edir (ODESLI_API_KEY). Birbaşa song.link/<url> linki istifadə olunacaq.
2026.09.30 20:57:31 aiogram.event        INFO     Update id=875902265 is handled. Duration 6900 ms by bot id=8976652462
2026.09.30 20:57:34 plugins.music_plugin INFO     Metadata (youtube): Cakal - Damlarsın
2026.09.30 20:57:35 plugins.music_plugin ERROR    Inline göndərmə xətası: Telegram server says - Bad Request: MESSAGE_ID_INVALID
Traceback (most recent call last):
  File [35m"/home/admin/dlmaster/plugins/music_plugin.py"[0m, line [35m715[0m, in [35mhandle_chosen_inline[0m
    await bot.edit_message_media(
    ...<10 lines>...
    )
  File [35m"/home/admin/.local/lib/python3.13/site-packages/aiogram/client/bot.py"[0m, line [35m1470[0m, in [35medit_message_media[0m
    return [1;31mawait self(call, request_timeout=request_timeout)[0m
           [1;31m^^^^^^^^^^^^^^^^^^^^^^^^^^^^^^^^^^^^^^^^^^^^^^^^^[0m
  File [35m"/home/admin/.local/lib/python3.13/site-packages/aiogram/client/bot.py"[0m, line [35m515[0m, in [35m__call__[0m
    return [1;31mawait self.session(self, method, timeout=request_timeout)[0m
           [1;31m^^^^^^^^^^^^^^^^^^^^^^^^^^^^^^^^^^^^^^^^^^^^^^^^^^^^^^^^^[0m
  File [35m"/home/admin/.local/lib/python3.13/site-packages/aiogram/client/session/base.py"[0m, line [35m259[0m, in [35m__call__[0m
    return cast(TelegramType, [1;31mawait middleware(bot, method)[0m)
                              [1;31m^^^^^^^^^^^^^^^^^^^^^^^^^^^^^[0m
  File [35m"/home/admin/.local/lib/python3.13/site-packages/aiogram/client/session/aiohttp.py"[0m, line [35m177[0m, in [35mmake_request[0m
    response = self.check_response(
        bot=bot,
    ...<2 lines>...
        content=raw_result,
    )
  File [35m"/home/admin/.local/lib/python3.13/site-packages/aiogram/client/session/base.py"[0m, line [35m121[0m, in [35mcheck_response[0m
    raise TelegramBadRequest(method=method, message=description)
[1;35maiogram.exceptions.TelegramBadRequest[0m: [35mTelegram server says - Bad Request: MESSAGE_ID_INVALID[0m
2026.09.30 20:57:35 plugins.music_plugin ERROR    Fallback da alınmadı: Telegram server says - Bad Request: MESSAGE_ID_INVALID
2026.09.30 20:57:35 aiogram.event        INFO     Update id=875902266 is handled. Duration 10334 ms by bot id=8976652462
2026.09.30 20:57:53 aiogram.event        INFO     Update id=875902267 is handled. Duration 68 ms by bot id=8976652462
2026.09.30 20:58:30 core.webprofile      INFO     firefox brauzerindən cookies istifadə edilir.
2026.09.30 20:58:30 core.webprofile      INFO     Seçilmiş User-Agent: Mozilla/5.0 (Windows NT 10.0; Win64; x64) AppleWebKit/537.36 (KHTML, like Gecko) Edge/120.0.0.0 Safari/537.36
2026.09.30 20:58:33 aiogram.event        INFO     Update id=875902268 is handled. Duration 2967 ms by bot id=8976652462
2026.09.30 20:58:46 core.webprofile      INFO     firefox brauzerindən cookies istifadə edilir.
2026.09.30 20:58:46 core.webprofile      INFO     Seçilmiş User-Agent: Mozilla/5.0 (X11; Linux x86_64) AppleWebKit/537.36 (KHTML, like Gecko) Chrome/122.0.0.0 Safari/537.36
2026.09.30 20:58:46 core.youtube_handler INFO     Yükləmə cəhdi: cookies + default client
2026.09.30 20:58:59 plugins.music_plugin INFO     Metadata (youtube): Miri Yusif - Üzbəüz
2026.09.30 20:59:00 aiogram.event        INFO     Update id=875902269 is handled. Duration 14636 ms by bot id=8976652462
2026.09.30 20:59:09 core.webprofile      INFO     firefox brauzerindən cookies istifadə edilir.
2026.09.30 20:59:09 core.webprofile      INFO     Seçilmiş User-Agent: Mozilla/5.0 (iPad; CPU OS 17_2 like Mac OS X) AppleWebKit/605.1.15 (KHTML, like Gecko) Version/17.2 Mobile/15E148 Safari/604.1
2026.09.30 20:59:11 aiogram.event        INFO     Update id=875902270 is handled. Duration 1964 ms by bot id=8976652462
2026.09.30 20:59:11 aiogram.event        INFO     Update id=875902271 is handled. Duration 21 ms by bot id=8976652462
2026.09.30 20:59:16 aiogram.event        INFO     Update id=875902272 is handled. Duration 18 ms by bot id=8976652462
2026.09.30 20:59:24 aiogram.event        INFO     Update id=875902273 is handled. Duration 19 ms by bot id=8976652462
2026.09.30 20:59:29 aiogram.event        INFO     Update id=875902274 is handled. Duration 18 ms by bot id=8976652462
2026.09.30 21:34:52 aiogram.dispatcher   WARNING  Received SIGINT signal
2026.09.30 21:34:52 aiogram.dispatcher   INFO     Polling stopped for bot @dllmasterbot id=8976652462 - 'DLLMaster'
2026.09.30 21:34:52 aiogram.dispatcher   INFO     Polling stopped
2026.09.30 21:34:52 __main__             INFO     🛑 Polling stopped
2026.09.30 21:34:52 __main__             INFO     🔴 Bot stopped
2026.09.30 21:34:57 __main__             INFO     🤖 Starting bot...
2026.09.30 21:34:57 __main__             INFO     🚀 Starting bot initialization...
2026.09.30 21:34:57 core.spotify_handler INFO     Spotify API connection established.
2026.09.30 21:34:57 __main__             INFO     ✅ Spotify service initialized
2026.09.30 21:34:57 core.webprofile      INFO     Seçilmiş User-Agent: Mozilla/5.0 (Linux; Android 14; SM-G998B) AppleWebKit/537.36 (KHTML, like Gecko) Chrome/122.0.0.0 Mobile Safari/537.36
2026.09.30 21:34:57 core.youtube_handler INFO     firefox brauzerindən cookies istifadə edilir.
2026.09.30 21:34:57 __main__             INFO     ✅ YouTube services initialized (firefox)
2026.09.30 21:34:57 __main__             INFO     🔌 Loading plugins...
2026.09.30 21:34:57 core.utilities       INFO     🔍 Scanning plugins in: /home/admin/dlmaster/plugins
2026.09.30 21:34:57 core.utilities       INFO     🔄 Loading: plugins.audio_editor_plugin
2026.09.30 21:34:57 core.utilities       INFO     🔄 Loading: plugins.menu_plugin
2026.09.30 21:34:57 core.utilities       INFO     🔄 Loading: plugins.music_plugin
2026.09.30 21:34:57 core.utilities       INFO     🔄 Loading: plugins.spotify_plugin
2026.09.30 21:34:57 core.utilities       INFO     🔄 Loading: plugins.start_plugin
2026.09.30 21:34:57 core.utilities       INFO     🔄 Loading: plugins.update_notifier_plugin
2026.09.30 21:34:57 core.utilities       INFO     🔄 Loading: plugins.youtube_plugin
2026.09.30 21:34:57 core.utilities       INFO     ✅ Loaded: plugins.audio_editor_plugin
2026.09.30 21:34:57 plugins.menu_plugin  INFO     ✅ Menu plugin yükləndi
2026.09.30 21:34:57 core.utilities       INFO     ✅ Loaded: plugins.menu_plugin
2026.09.30 21:34:57 core.utilities       INFO     ✅ Loaded: plugins.music_plugin
2026.09.30 21:34:57 core.utilities       INFO     ✅ Loaded: plugins.spotify_plugin
2026.09.30 21:34:57 plugins.start_plugin WARNING  Default admin yetkiləri təyin edilmədi: 4 validation errors for ChatAdministratorRights
can_post_stories
  Field required [type=missing, input_value={'is_anonymous': False, '...can_pin_messages': True}, input_type=dict]
    For further information visit https://errors.pydantic.dev/2.13/v/missing
can_edit_stories
  Field required [type=missing, input_value={'is_anonymous': False, '...can_pin_messages': True}, input_type=dict]
    For further information visit https://errors.pydantic.dev/2.13/v/missing
can_delete_stories
  Field required [type=missing, input_value={'is_anonymous': False, '...can_pin_messages': True}, input_type=dict]
    For further information visit https://errors.pydantic.dev/2.13/v/missing
can_send_welcome_messages
  Field required [type=missing, input_value={'is_anonymous': False, '...can_pin_messages': True}, input_type=dict]
    For further information visit https://errors.pydantic.dev/2.13/v/missing
2026.09.30 21:34:57 plugins.start_plugin INFO     ✅ Start plugin yükləndi
2026.09.30 21:34:57 core.utilities       INFO     ✅ Loaded: plugins.start_plugin
2026.09.30 21:34:57 core.utilities       INFO     ✅ Loaded: plugins.youtube_plugin
2026.09.30 21:34:57 core.utilities       INFO     ✅ Loaded: plugins.update_notifier_plugin
2026.09.30 21:34:57 __main__             INFO     🚀 Starting polling...
2026.09.30 21:34:57 aiogram.dispatcher   INFO     Start polling
2026.09.30 21:34:57 aiogram.dispatcher   INFO     Run polling for bot @dllmasterbot id=8976652462 - 'DLLMaster'
2026.09.30 21:35:01 plugins.update_notifier_plugin INFO     ✅ Yeniləmə bildirişi göndərildi
2026.09.30 21:36:07 core.utilities       INFO     User 8502974425 executed command: /menu
2026.09.30 21:36:07 aiogram.event        INFO     Update id=875902275 is handled. Duration 65 ms by bot id=8976652462
2026.09.30 21:36:11 aiogram.event        INFO     Update id=875902276 is handled. Duration 71 ms by bot id=8976652462
2026.09.30 21:36:28 aiogram.event        INFO     Update id=875902277 is handled. Duration 45 ms by bot id=8976652462
2026.09.30 21:36:29 aiogram.event        INFO     Update id=875902278 is handled. Duration 82 ms by bot id=8976652462
2026.09.30 21:36:49 aiogram.event        INFO     Update id=875902279 is handled. Duration 75 ms by bot id=8976652462
2026.09.30 21:37:14 aiogram.event        INFO     Update id=875902280 is handled. Duration 55 ms by bot id=8976652462
2026.09.30 21:37:18 aiogram.event        INFO     Update id=875902281 is handled. Duration 87 ms by bot id=8976652462
2026.09.30 21:37:19 aiogram.event        INFO     Update id=875902282 is handled. Duration 62 ms by bot id=8976652462
2026.09.30 21:37:26 aiogram.event        INFO     Update id=875902283 is handled. Duration 68 ms by bot id=8976652462
2026.09.30 21:37:28 aiogram.event        INFO     Update id=875902284 is handled. Duration 59 ms by bot id=8976652462
2026.09.30 21:37:31 aiogram.event        INFO     Update id=875902285 is handled. Duration 75 ms by bot id=8976652462
2026.09.30 21:37:32 aiogram.event        INFO     Update id=875902286 is handled. Duration 124 ms by bot id=8976652462
2026.09.30 21:37:34 aiogram.event        INFO     Update id=875902287 is handled. Duration 74 ms by bot id=8976652462
2026.09.30 21:37:35 aiogram.event        INFO     Update id=875902288 is handled. Duration 53 ms by bot id=8976652462
2026.09.30 21:37:39 aiogram.event        INFO     Update id=875902289 is handled. Duration 74 ms by bot id=8976652462
2026.09.30 21:37:41 aiogram.event        INFO     Update id=875902290 is handled. Duration 87 ms by bot id=8976652462
2026.09.30 21:37:46 aiogram.event        INFO     Update id=875902291 is handled. Duration 78 ms by bot id=8976652462
2026.09.30 21:37:50 aiogram.event        INFO     Update id=875902292 is handled. Duration 42 ms by bot id=8976652462
2026.09.30 21:37:52 aiogram.event        INFO     Update id=875902293 is handled. Duration 59 ms by bot id=8976652462
2026.09.30 21:38:07 aiogram.event        INFO     Update id=875902294 is handled. Duration 117 ms by bot id=8976652462
2026.09.30 21:38:10 aiogram.event        INFO     Update id=875902295 is handled. Duration 44 ms by bot id=8976652462
2026.09.30 21:39:17 aiogram.event        INFO     Update id=875902296 is handled. Duration 52 ms by bot id=8976652462
2026.09.30 21:39:18 aiogram.event        INFO     Update id=875902297 is handled. Duration 39 ms by bot id=8976652462
2026.09.30 21:39:20 aiogram.event        INFO     Update id=875902298 is handled. Duration 49 ms by bot id=8976652462
2026.09.30 21:39:21 aiogram.event        INFO     Update id=875902299 is handled. Duration 44 ms by bot id=8976652462
2026.09.30 21:39:22 aiogram.event        INFO     Update id=875902300 is handled. Duration 60 ms by bot id=8976652462
2026.09.30 21:39:26 aiogram.event        INFO     Update id=875902301 is handled. Duration 67 ms by bot id=8976652462
2026.09.30 21:39:30 aiogram.event        INFO     Update id=875902302 is handled. Duration 54 ms by bot id=8976652462
2026.09.30 21:39:32 aiogram.event        INFO     Update id=875902303 is handled. Duration 54 ms by bot id=8976652462
2026.09.30 21:39:37 aiogram.event        INFO     Update id=875902304 is handled. Duration 68 ms by bot id=8976652462
2026.09.30 21:39:55 aiogram.event        INFO     Update id=875902305 is handled. Duration 57 ms by bot id=8976652462
2026.09.30 21:39:58 aiogram.event        INFO     Update id=875902306 is handled. Duration 86 ms by bot id=8976652462
2026.09.30 21:56:31 aiogram.dispatcher   WARNING  Received SIGINT signal
2026.09.30 21:56:31 aiogram.dispatcher   INFO     Polling stopped for bot @dllmasterbot id=8976652462 - 'DLLMaster'
2026.09.30 21:56:31 aiogram.dispatcher   INFO     Polling stopped
2026.09.30 21:56:31 __main__             INFO     🛑 Polling stopped
2026.09.30 21:56:31 __main__             INFO     🔴 Bot stopped
2026.09.30 21:56:38 __main__             INFO     🤖 Starting bot...
2026.09.30 21:56:38 __main__             INFO     🚀 Starting bot initialization...
2026.09.30 21:56:38 core.spotify_handler INFO     Spotify API connection established.
2026.09.30 21:56:38 __main__             INFO     ✅ Spotify service initialized
2026.09.30 21:56:38 core.webprofile      INFO     Seçilmiş User-Agent: Mozilla/5.0 (Linux; Android 14; Pixel 8 Pro) AppleWebKit/537.36 (KHTML, like Gecko) Chrome/122.0.0.0 Mobile Safari/537.36
2026.09.30 21:56:38 core.youtube_handler INFO     firefox brauzerindən cookies istifadə edilir.
2026.09.30 21:56:38 __main__             INFO     ✅ YouTube services initialized (firefox)
2026.09.30 21:56:38 __main__             INFO     🔌 Loading plugins...
2026.09.30 21:56:38 core.utilities       INFO     🔍 Scanning plugins in: /home/admin/dlmaster/plugins
2026.09.30 21:56:38 core.utilities       INFO     🔄 Loading: plugins.audio_editor_plugin
2026.09.30 21:56:38 core.utilities       INFO     🔄 Loading: plugins.menu_plugin
2026.09.30 21:56:39 core.utilities       INFO     🔄 Loading: plugins.music_plugin
2026.09.30 21:56:39 core.utilities       INFO     🔄 Loading: plugins.spotify_plugin
2026.09.30 21:56:39 core.utilities       INFO     🔄 Loading: plugins.start_plugin
2026.09.30 21:56:39 core.utilities       INFO     🔄 Loading: plugins.update_notifier_plugin
2026.09.30 21:56:39 core.utilities       INFO     🔄 Loading: plugins.youtube_plugin
2026.09.30 21:56:39 core.utilities       INFO     ✅ Loaded: plugins.audio_editor_plugin
2026.09.30 21:56:39 plugins.menu_plugin  INFO     ✅ Menu plugin yükləndi
2026.09.30 21:56:39 core.utilities       INFO     ✅ Loaded: plugins.menu_plugin
2026.09.30 21:56:39 core.utilities       INFO     ✅ Loaded: plugins.music_plugin
2026.09.30 21:56:39 core.utilities       INFO     ✅ Loaded: plugins.spotify_plugin
2026.09.30 21:56:39 plugins.start_plugin WARNING  Default admin yetkiləri təyin edilmədi: 4 validation errors for ChatAdministratorRights
can_post_stories
  Field required [type=missing, input_value={'is_anonymous': False, '...can_pin_messages': True}, input_type=dict]
    For further information visit https://errors.pydantic.dev/2.13/v/missing
can_edit_stories
  Field required [type=missing, input_value={'is_anonymous': False, '...can_pin_messages': True}, input_type=dict]
    For further information visit https://errors.pydantic.dev/2.13/v/missing
can_delete_stories
  Field required [type=missing, input_value={'is_anonymous': False, '...can_pin_messages': True}, input_type=dict]
    For further information visit https://errors.pydantic.dev/2.13/v/missing
can_send_welcome_messages
  Field required [type=missing, input_value={'is_anonymous': False, '...can_pin_messages': True}, input_type=dict]
    For further information visit https://errors.pydantic.dev/2.13/v/missing
2026.09.30 21:56:39 plugins.start_plugin INFO     ✅ Start plugin yükləndi
2026.09.30 21:56:39 core.utilities       INFO     ✅ Loaded: plugins.start_plugin
2026.09.30 21:56:39 core.utilities       INFO     ✅ Loaded: plugins.youtube_plugin
2026.09.30 21:56:39 core.utilities       INFO     ✅ Loaded: plugins.update_notifier_plugin
2026.09.30 21:56:39 __main__             INFO     🚀 Starting polling...
2026.09.30 21:56:39 aiogram.dispatcher   INFO     Start polling
2026.09.30 21:56:39 aiogram.dispatcher   INFO     Run polling for bot @dllmasterbot id=8976652462 - 'DLLMaster'
2026.09.30 21:56:42 plugins.update_notifier_plugin INFO     ✅ Yeniləmə bildirişi göndərildi
2026.09.30 21:57:11 core.utilities       INFO     User 8502974425 executed command: /menu
2026.09.30 21:57:11 aiogram.event        INFO     Update id=875902307 is handled. Duration 36 ms by bot id=8976652462
2026.09.30 21:57:14 aiogram.event        INFO     Update id=875902308 is handled. Duration 149 ms by bot id=8976652462
2026.09.30 21:57:19 aiogram.event        INFO     Update id=875902309 is handled. Duration 45 ms by bot id=8976652462
2026.09.30 21:57:31 aiogram.event        INFO     Update id=875902310 is handled. Duration 7323 ms by bot id=8976652462
2026.09.30 21:57:46 aiogram.event        INFO     Update id=875902311 is handled. Duration 43 ms by bot id=8976652462
2026.09.30 21:58:30 aiogram.event        INFO     Update id=875902312 is handled. Duration 64 ms by bot id=8976652462
2026.09.30 21:58:32 aiogram.event        INFO     Update id=875902313 is handled. Duration 31 ms by bot id=8976652462
2026.09.30 22:12:34 core.utilities       INFO     User 8502974425 executed command: /menu
2026.09.30 22:12:34 aiogram.event        INFO     Update id=875902314 is handled. Duration 38 ms by bot id=8976652462
2026.09.30 22:12:37 aiogram.event        INFO     Update id=875902315 is handled. Duration 51 ms by bot id=8976652462
2026.09.30 22:16:03 aiogram.event        INFO     Update id=875902316 is handled. Duration 118 ms by bot id=8976652462
2026.09.30 22:16:17 aiogram.event        INFO     Update id=875902317 is handled. Duration 34 ms by bot id=8976652462
2026.09.30 22:16:21 core.utilities       INFO     User 8502974425 executed command: /menu
2026.09.30 22:16:21 aiogram.event        INFO     Update id=875902318 is handled. Duration 94 ms by bot id=8976652462
2026.09.30 22:16:23 aiogram.event        INFO     Update id=875902319 is handled. Duration 52 ms by bot id=8976652462
2026.09.30 22:16:27 aiogram.event        INFO     Update id=875902320 is handled. Duration 34 ms by bot id=8976652462
2026.09.30 22:16:46 aiogram.event        INFO     Update id=875902321 is handled. Duration 17 ms by bot id=8976652462
2026.09.30 22:16:52 core.utilities       INFO     User 8502974425 executed command: /menu
2026.09.30 22:16:52 aiogram.event        INFO     Update id=875902322 is handled. Duration 36 ms by bot id=8976652462
2026.09.30 22:16:54 aiogram.event        INFO     Update id=875902323 is handled. Duration 53 ms by bot id=8976652462
2026.09.30 22:17:04 aiogram.event        INFO     Update id=875902324 is handled. Duration 52 ms by bot id=8976652462
2026.09.30 22:17:07 aiogram.event        INFO     Update id=875902325 is handled. Duration 39 ms by bot id=8976652462
2026.09.30 22:17:09 aiogram.event        INFO     Update id=875902326 is handled. Duration 55 ms by bot id=8976652462
2026.09.30 22:17:12 aiogram.event        INFO     Update id=875902327 is handled. Duration 45 ms by bot id=8976652462
2026.09.30 22:17:14 aiogram.event        INFO     Update id=875902328 is handled. Duration 44 ms by bot id=8976652462
2026.09.30 22:17:16 aiogram.event        INFO     Update id=875902329 is handled. Duration 110 ms by bot id=8976652462
2026.09.30 22:18:16 aiogram.event        INFO     Update id=875902330 is handled. Duration 50 ms by bot id=8976652462
2026.09.30 22:18:19 aiogram.event        INFO     Update id=875902331 is handled. Duration 236 ms by bot id=8976652462
2026.09.30 22:18:23 aiogram.event        INFO     Update id=875902332 is handled. Duration 43 ms by bot id=8976652462
2026.09.30 22:25:38 aiogram.dispatcher   WARNING  Received SIGINT signal
2026.09.30 22:25:38 aiogram.dispatcher   INFO     Polling stopped for bot @dllmasterbot id=8976652462 - 'DLLMaster'
2026.09.30 22:25:38 aiogram.dispatcher   INFO     Polling stopped
2026.09.30 22:25:38 __main__             INFO     🛑 Polling stopped
2026.09.30 22:25:38 __main__             INFO     🔴 Bot stopped
2026.09.30 22:25:44 __main__             INFO     🤖 Starting bot...
2026.09.30 22:25:44 __main__             INFO     🚀 Starting bot initialization...
2026.09.30 22:25:44 core.spotify_handler INFO     Spotify API connection established.
2026.09.30 22:25:44 __main__             INFO     ✅ Spotify service initialized
2026.09.30 22:25:44 core.webprofile      INFO     Seçilmiş User-Agent: Mozilla/5.0 (Linux; Android 14; SM-G998B) AppleWebKit/537.36 (KHTML, like Gecko) Chrome/122.0.0.0 Mobile Safari/537.36
2026.09.30 22:25:44 core.youtube_handler INFO     firefox brauzerindən cookies istifadə edilir.
2026.09.30 22:25:44 __main__             INFO     ✅ YouTube services initialized (firefox)
2026.09.30 22:25:44 __main__             INFO     🔌 Loading plugins...
2026.09.30 22:25:44 core.utilities       INFO     🔍 Scanning plugins in: /home/admin/dlmaster/plugins
2026.09.30 22:25:44 core.utilities       INFO     🔄 Loading: plugins.audio_editor_plugin
2026.09.30 22:25:44 core.utilities       INFO     🔄 Loading: plugins.menu_plugin
2026.09.30 22:25:44 core.utilities       INFO     🔄 Loading: plugins.music_plugin
2026.09.30 22:25:44 core.utilities       INFO     🔄 Loading: plugins.spotify_plugin
2026.09.30 22:25:44 core.utilities       INFO     🔄 Loading: plugins.start_plugin
2026.09.30 22:25:44 core.utilities       INFO     🔄 Loading: plugins.update_notifier_plugin
2026.09.30 22:25:44 core.utilities       INFO     🔄 Loading: plugins.youtube_plugin
2026.09.30 22:25:44 core.utilities       INFO     ✅ Loaded: plugins.audio_editor_plugin
2026.09.30 22:25:44 plugins.menu_plugin  INFO     ✅ Menu plugin yükləndi
2026.09.30 22:25:44 core.utilities       INFO     ✅ Loaded: plugins.menu_plugin
2026.09.30 22:25:44 core.utilities       INFO     ✅ Loaded: plugins.music_plugin
2026.09.30 22:25:44 core.utilities       INFO     ✅ Loaded: plugins.spotify_plugin
2026.09.30 22:25:44 plugins.start_plugin WARNING  Default admin yetkiləri təyin edilmədi: 4 validation errors for ChatAdministratorRights
can_post_stories
  Field required [type=missing, input_value={'is_anonymous': False, '...can_pin_messages': True}, input_type=dict]
    For further information visit https://errors.pydantic.dev/2.13/v/missing
can_edit_stories
  Field required [type=missing, input_value={'is_anonymous': False, '...can_pin_messages': True}, input_type=dict]
    For further information visit https://errors.pydantic.dev/2.13/v/missing
can_delete_stories
  Field required [type=missing, input_value={'is_anonymous': False, '...can_pin_messages': True}, input_type=dict]
    For further information visit https://errors.pydantic.dev/2.13/v/missing
can_send_welcome_messages
  Field required [type=missing, input_value={'is_anonymous': False, '...can_pin_messages': True}, input_type=dict]
    For further information visit https://errors.pydantic.dev/2.13/v/missing
2026.09.30 22:25:44 plugins.start_plugin INFO     ✅ Start plugin yükləndi
2026.09.30 22:25:44 core.utilities       INFO     ✅ Loaded: plugins.start_plugin
2026.09.30 22:25:44 core.utilities       INFO     ✅ Loaded: plugins.youtube_plugin
2026.09.30 22:25:44 core.utilities       INFO     ✅ Loaded: plugins.update_notifier_plugin
2026.09.30 22:25:44 __main__             INFO     🚀 Starting polling...
2026.09.30 22:25:44 aiogram.dispatcher   INFO     Start polling
2026.09.30 22:25:44 aiogram.dispatcher   INFO     Run polling for bot @dllmasterbot id=8976652462 - 'DLLMaster'
2026.09.30 22:25:47 plugins.update_notifier_plugin INFO     ✅ Yeniləmə bildirişi göndərildi
2026.09.30 22:25:56 core.utilities       INFO     User 8502974425 executed command: /menu
2026.09.30 22:25:56 aiogram.event        INFO     Update id=875902333 is handled. Duration 131 ms by bot id=8976652462
2026.09.30 22:25:59 aiogram.event        INFO     Update id=875902334 is handled. Duration 57 ms by bot id=8976652462
2026.09.30 22:26:08 aiogram.event        INFO     Update id=875902335 is handled. Duration 49 ms by bot id=8976652462
2026.09.30 22:26:12 aiogram.event        INFO     Update id=875902336 is handled. Duration 73 ms by bot id=8976652462
2026.09.30 22:26:13 aiogram.event        INFO     Update id=875902337 is handled. Duration 78 ms by bot id=8976652462
2026.09.30 22:26:15 aiogram.event        INFO     Update id=875902338 is handled. Duration 60 ms by bot id=8976652462
2026.09.30 22:26:16 aiogram.event        INFO     Update id=875902339 is handled. Duration 80 ms by bot id=8976652462
2026.09.30 22:26:19 aiogram.event        INFO     Update id=875902340 is handled. Duration 80 ms by bot id=8976652462
2026.09.30 22:26:21 aiogram.event        INFO     Update id=875902341 is handled. Duration 44 ms by bot id=8976652462
2026.09.30 22:26:26 aiogram.event        INFO     Update id=875902342 is handled. Duration 53 ms by bot id=8976652462
2026.09.30 22:26:32 aiogram.event        INFO     Update id=875902343 is handled. Duration 77 ms by bot id=8976652462
2026.09.30 22:26:37 aiogram.event        INFO     Update id=875902344 is handled. Duration 71 ms by bot id=8976652462
2026.09.30 22:27:50 aiogram.event        INFO     Update id=875902345 is handled. Duration 128 ms by bot id=8976652462
2026.09.30 22:29:54 aiogram.event        INFO     Update id=875902346 is handled. Duration 60 ms by bot id=8976652462
2026.09.30 22:30:02 aiogram.event        INFO     Update id=875902347 is handled. Duration 107 ms by bot id=8976652462
2026.09.30 23:09:28 aiogram.dispatcher   WARNING  Received SIGINT signal
2026.09.30 23:09:28 aiogram.dispatcher   INFO     Polling stopped for bot @dllmasterbot id=8976652462 - 'DLLMaster'
2026.09.30 23:09:28 aiogram.dispatcher   INFO     Polling stopped
2026.09.30 23:09:28 __main__             INFO     🛑 Polling stopped
2026.09.30 23:09:28 __main__             INFO     🔴 Bot stopped
2026.09.30 23:09:34 __main__             INFO     🤖 Starting bot...
2026.09.30 23:09:34 __main__             INFO     🚀 Starting bot initialization...
2026.09.30 23:09:34 core.spotify_handler INFO     Spotify API connection established.
2026.09.30 23:09:34 __main__             INFO     ✅ Spotify service initialized
2026.09.30 23:09:34 core.webprofile      INFO     Seçilmiş User-Agent: Mozilla/5.0 (iPad; CPU OS 17_2 like Mac OS X) AppleWebKit/605.1.15 (KHTML, like Gecko) Version/17.2 Mobile/15E148 Safari/604.1
2026.09.30 23:09:34 core.youtube_handler INFO     firefox brauzerindən cookies istifadə edilir.
2026.09.30 23:09:34 __main__             INFO     ✅ YouTube services initialized (firefox)
2026.09.30 23:09:34 __main__             INFO     🔌 Loading plugins...
2026.09.30 23:09:34 core.utilities       INFO     🔍 Scanning plugins in: /home/admin/dlmaster/plugins
2026.09.30 23:09:34 core.utilities       INFO     🔄 Loading: plugins.audio_editor_plugin
2026.09.30 23:09:34 core.utilities       INFO     🔄 Loading: plugins.menu_plugin
2026.09.30 23:09:34 core.utilities       INFO     🔄 Loading: plugins.music_plugin
2026.09.30 23:09:34 core.utilities       INFO     🔄 Loading: plugins.spotify_plugin
2026.09.30 23:09:35 core.utilities       INFO     🔄 Loading: plugins.start_plugin
2026.09.30 23:09:35 core.utilities       INFO     🔄 Loading: plugins.update_notifier_plugin
2026.09.30 23:09:35 core.utilities       INFO     🔄 Loading: plugins.youtube_plugin
2026.09.30 23:09:35 core.utilities       INFO     ✅ Loaded: plugins.audio_editor_plugin
2026.09.30 23:09:35 plugins.menu_plugin  INFO     ✅ Menu plugin yükləndi
2026.09.30 23:09:35 core.utilities       INFO     ✅ Loaded: plugins.menu_plugin
2026.09.30 23:09:35 core.utilities       INFO     ✅ Loaded: plugins.music_plugin
2026.09.30 23:09:35 core.utilities       INFO     ✅ Loaded: plugins.spotify_plugin
2026.09.30 23:09:35 plugins.start_plugin WARNING  Default admin yetkiləri təyin edilmədi: 4 validation errors for ChatAdministratorRights
can_post_stories
  Field required [type=missing, input_value={'is_anonymous': False, '...can_pin_messages': True}, input_type=dict]
    For further information visit https://errors.pydantic.dev/2.13/v/missing
can_edit_stories
  Field required [type=missing, input_value={'is_anonymous': False, '...can_pin_messages': True}, input_type=dict]
    For further information visit https://errors.pydantic.dev/2.13/v/missing
can_delete_stories
  Field required [type=missing, input_value={'is_anonymous': False, '...can_pin_messages': True}, input_type=dict]
    For further information visit https://errors.pydantic.dev/2.13/v/missing
can_send_welcome_messages
  Field required [type=missing, input_value={'is_anonymous': False, '...can_pin_messages': True}, input_type=dict]
    For further information visit https://errors.pydantic.dev/2.13/v/missing
2026.09.30 23:09:35 plugins.start_plugin INFO     ✅ Start plugin yükləndi
2026.09.30 23:09:35 core.utilities       INFO     ✅ Loaded: plugins.start_plugin
2026.09.30 23:09:35 core.utilities       INFO     ✅ Loaded: plugins.youtube_plugin
2026.09.30 23:09:35 core.utilities       INFO     ✅ Loaded: plugins.update_notifier_plugin
2026.09.30 23:09:35 __main__             INFO     🚀 Starting polling...
2026.09.30 23:09:35 aiogram.dispatcher   INFO     Start polling
2026.09.30 23:09:35 aiogram.dispatcher   INFO     Run polling for bot @dllmasterbot id=8976652462 - 'DLLMaster'
2026.09.30 23:09:38 plugins.update_notifier_plugin INFO     ✅ Yeniləmə bildirişi göndərildi
2026.09.30 23:10:15 core.utilities       INFO     User 8502974425 executed command: /menu
2026.09.30 23:10:15 aiogram.event        INFO     Update id=875902348 is handled. Duration 40 ms by bot id=8976652462
2026.09.30 23:10:33 core.utilities       INFO     User 8502974425 executed command: /mix
2026.09.30 23:10:33 core.webprofile      INFO     firefox brauzerindən cookies istifadə edilir.
2026.09.30 23:10:33 core.webprofile      INFO     Seçilmiş User-Agent: Mozilla/5.0 (Windows NT 10.0; Win64; x64; rv:120.0) Gecko/20100101 Firefox/120.0
2026.09.30 23:10:36 core.webprofile      INFO     firefox brauzerindən cookies istifadə edilir.
2026.09.30 23:10:36 core.webprofile      INFO     Seçilmiş User-Agent: Mozilla/5.0 (X11; Linux x86_64) AppleWebKit/537.36 (KHTML, like Gecko) Chrome/122.0.0.0 Safari/537.36
2026.09.30 23:10:37 aiogram.event        INFO     Update id=875902349 is handled. Duration 4865 ms by bot id=8976652462
2026.09.30 23:10:41 aiogram.event        INFO     Update id=875902350 is handled. Duration 50 ms by bot id=8976652462
2026.09.30 23:10:43 core.webprofile      INFO     firefox brauzerindən cookies istifadə edilir.
2026.09.30 23:10:43 core.webprofile      INFO     Seçilmiş User-Agent: Mozilla/5.0 (X11; Ubuntu; Linux x86_64; rv:120.0) Gecko/20100101 Firefox/120.0
2026.09.30 23:10:43 core.youtube_handler INFO     Yükləmə cəhdi: cookies + default client
2026.09.30 23:10:44 plugins.music_plugin WARNING  Odesli API açar tələb edir (ODESLI_API_KEY). Birbaşa song.link/<url> linki istifadə olunacaq.
2026.09.30 23:10:48 core.utilities       INFO     User 8502974425 executed command: /mix
2026.09.30 23:10:55 core.webprofile      INFO     firefox brauzerindən cookies istifadə edilir.
2026.09.30 23:10:55 core.webprofile      INFO     Seçilmiş User-Agent: Mozilla/5.0 (Linux; Android 14; SM-G998B) AppleWebKit/537.36 (KHTML, like Gecko) Chrome/122.0.0.0 Mobile Safari/537.36
2026.09.30 23:10:58 plugins.music_plugin INFO     Metadata (youtube): YouTube - Fired Up
2026.09.30 23:10:58 aiogram.event        INFO     Update id=875902353 is handled. Duration 2869 ms by bot id=8976652462
2026.09.30 23:10:59 aiogram.event        INFO     Update id=875902351 is handled. Duration 15697 ms by bot id=8976652462
2026.09.30 23:11:00 aiogram.event        INFO     Update id=875902354 is handled. Duration 1 ms by bot id=8976652462
2026.09.30 23:11:08 aiogram.event        INFO     Update id=875902352 is handled. Duration 20107 ms by bot id=8976652462
2026.09.30 23:17:00 aiogram.event        INFO     Update id=875902355 is handled. Duration 63 ms by bot id=8976652462
2026.09.30 23:17:00 aiogram.event        INFO     Update id=875902356 is handled. Duration 54 ms by bot id=8976652462
2026.09.30 23:17:01 aiogram.event        INFO     Update id=875902357 is handled. Duration 72 ms by bot id=8976652462
2026.09.30 23:17:02 aiogram.event        INFO     Update id=875902358 is handled. Duration 177 ms by bot id=8976652462
2026.09.30 23:17:04 aiogram.event        INFO     Update id=875902359 is handled. Duration 54 ms by bot id=8976652462
2026.09.30 23:17:07 aiogram.event        INFO     Update id=875902360 is handled. Duration 54 ms by bot id=8976652462
2026.09.30 23:17:10 aiogram.event        INFO     Update id=875902361 is handled. Duration 73 ms by bot id=8976652462
2026.09.30 23:17:11 aiogram.event        INFO     Update id=875902362 is handled. Duration 58 ms by bot id=8976652462
2026.09.30 23:20:52 aiogram.event        INFO     Update id=875902363 is handled. Duration 54 ms by bot id=8976652462
2026.10.01 00:53:06 aiogram.event        INFO     Update id=875902364 is not handled. Duration 9 ms by bot id=8976652462
2026.10.01 00:53:12 core.utilities       INFO     User 8502974425 executed command: /mix
2026.10.01 00:53:12 core.webprofile      INFO     firefox brauzerindən cookies istifadə edilir.
2026.10.01 00:53:12 core.webprofile      INFO     Seçilmiş User-Agent: Mozilla/5.0 (Windows NT 10.0; Win64; x64; rv:120.0) Gecko/20100101 Firefox/120.0
2026.10.01 00:53:15 core.webprofile      INFO     firefox brauzerindən cookies istifadə edilir.
2026.10.01 00:53:15 core.webprofile      INFO     Seçilmiş User-Agent: Mozilla/5.0 (X11; Linux x86_64) AppleWebKit/537.36 (KHTML, like Gecko) Chrome/122.0.0.0 Safari/537.36
2026.10.01 00:53:17 aiogram.event        INFO     Update id=875902365 is handled. Duration 5192 ms by bot id=8976652462
2026.10.01 00:53:22 core.webprofile      INFO     firefox brauzerindən cookies istifadə edilir.
2026.10.01 00:53:22 core.webprofile      INFO     Seçilmiş User-Agent: Mozilla/5.0 (iPhone; CPU iPhone OS 17_2 like Mac OS X) AppleWebKit/605.1.15 (KHTML, like Gecko) Version/17.2 Mobile/15E148 Safari/604.1
2026.10.01 00:53:22 core.youtube_handler INFO     Yükləmə cəhdi: cookies + default client
2026.10.01 00:53:23 plugins.music_plugin WARNING  Odesli API açar tələb edir (ODESLI_API_KEY). Birbaşa song.link/<url> linki istifadə olunacaq.
2026.10.01 00:53:34 plugins.music_plugin INFO     Metadata (youtube): manifest - Snap
2026.10.01 00:53:35 aiogram.event        INFO     Update id=875902366 is handled. Duration 12804 ms by bot id=8976652462
2026.10.01 00:53:58 core.utilities       INFO     User 8502974425 executed command: /start
2026.10.01 00:53:58 aiogram.event        INFO     Update id=875902367 is handled. Duration 40 ms by bot id=8976652462
2026.10.01 00:54:43 aiogram.event        INFO     Update id=875902368 is handled. Duration 60 ms by bot id=8976652462
2026.10.01 00:58:09 aiogram.dispatcher   WARNING  Received SIGINT signal
2026.10.01 00:58:09 aiogram.dispatcher   INFO     Polling stopped for bot @dllmasterbot id=8976652462 - 'DLLMaster'
2026.10.01 00:58:09 aiogram.dispatcher   INFO     Polling stopped
2026.10.01 00:58:09 __main__             INFO     🛑 Polling stopped
2026.10.01 00:58:09 __main__             INFO     🔴 Bot stopped
