2026.10.03 12:05:28 plugins.music_plugin INFO     Metadata (spotify): Marcus Mumford, Tom Howe - Football Is Mostly Life
2026.10.03 12:05:28 plugins.music_plugin INFO     Metadata (spotify): Marcus Mumford, Tom Howe - Press Conference Chaos
2026.10.03 12:05:29 plugins.music_plugin INFO     Metadata (spotify): Marcus Mumford, Tom Howe - Veteran Leadership
2026.10.03 12:05:29 core.youtube_handler INFO     Yükləmə cəhdi: cookies + mweb (PO token)
2026.10.03 12:05:29 aiogram.event        INFO     Update id=875927285 is handled. Duration 0 ms by bot id=8976652462
2026.10.03 12:05:29 plugins.music_plugin INFO     Metadata (spotify): Marcus Mumford, Tom Howe - Nightingale
2026.10.03 12:05:29 telethon.client.updates INFO     Got difference for channel 1327565517 updates
2026.10.03 12:05:30 plugins.music_plugin INFO     Metadata (spotify): Marcus Mumford, Tom Howe - Nate's Pep Talk
2026.10.03 12:05:30 core.youtube_handler INFO     Yükləmə cəhdi: cookies + mweb (PO token)
2026.10.03 12:05:30 plugins.music_plugin INFO     Metadata (spotify): Lucius, Marcus Mumford - Go Home (feat. Marcus Mumford)
2026.10.03 12:05:30 plugins.music_plugin INFO     Metadata (spotify): Marcus Mumford, Tom Howe - Intolerable
2026.10.03 12:05:31 core.youtube_handler INFO     Yükləmə cəhdi: cookies + mweb (PO token)
2026.10.03 12:05:31 aiogram.event        INFO     Update id=875927286 is handled. Duration 1 ms by bot id=8976652462
2026.10.03 12:05:31 aiogram.event        INFO     Update id=875927287 is handled. Duration 107 ms by bot id=8976652462
2026.10.03 12:05:31 plugins.music_plugin INFO     Metadata (spotify): Marcus Mumford, Tom Howe - Roy on the Rocks
2026.10.03 12:05:31 plugins.music_plugin INFO     Metadata (spotify): Marcus Mumford, Tom Howe - Different Wanker
2026.10.03 12:05:31 aiogram.event        INFO     Update id=875927288 is handled. Duration 67 ms by bot id=8976652462
2026.10.03 12:05:32 core.youtube_handler INFO     Yükləmə cəhdi: cookies + mweb (PO token)
2026.10.03 12:05:32 core.youtube_handler INFO     Yükləmə cəhdi: cookies + mweb (PO token)
2026.10.03 12:05:32 aiogram.event        INFO     Update id=875927289 is handled. Duration 26 ms by bot id=8976652462
2026.10.03 12:05:33 aiogram.event        INFO     Update id=875927290 is handled. Duration 0 ms by bot id=8976652462
2026.10.03 12:05:33 plugins.music_plugin INFO     Metadata (spotify): Marcus Mumford, Tom Howe - Running Laps
2026.10.03 12:05:33 aiogram.event        INFO     Update id=875927291 is handled. Duration 41 ms by bot id=8976652462
2026.10.03 12:05:34 aiogram.event        INFO     Update id=875927292 is handled. Duration 21 ms by bot id=8976652462
2026.10.03 12:05:34 core.youtube_handler INFO     Yükləmə cəhdi: cookies + mweb (PO token)
2026.10.03 12:05:34 aiogram.event        INFO     Update id=875927293 is handled. Duration 0 ms by bot id=8976652462
2026.10.03 12:05:35 core.youtube_handler INFO     Yükləmə cəhdi: cookies + mweb (PO token)
2026.10.03 12:05:35 aiogram.event        INFO     Update id=875927294 is handled. Duration 15 ms by bot id=8976652462
2026.10.03 12:05:35 plugins.music_plugin INFO     Metadata (spotify): Marcus Mumford, Tom Howe - 1991
2026.10.03 12:05:35 plugins.music_plugin INFO     Metadata (spotify): Divorce, Marcus Mumford - Antarctica
2026.10.03 12:05:36 core.youtube_handler INFO     Yükləmə cəhdi: cookies + mweb (PO token)
2026.10.03 12:05:36 plugins.music_plugin INFO     Metadata (spotify): Marcus Mumford, Tom Howe - The Prick Scores
2026.10.03 12:05:36 plugins.music_plugin INFO     Metadata (spotify): Marcus Mumford, Tom Howe - Interesting Biscuits
2026.10.03 12:05:36 core.youtube_handler INFO     Yükləmə cəhdi: cookies + mweb (PO token)
2026.10.03 12:05:37 aiogram.event        INFO     Update id=875927295 is handled. Duration 0 ms by bot id=8976652462
2026.10.03 12:05:38 core.youtube_handler INFO     Yükləmə cəhdi: cookies + mweb (PO token)
2026.10.03 12:05:38 plugins.music_plugin INFO     Metadata (spotify): Marcus Mumford, Tom Howe - Betrayal (feat. Reuben James)
2026.10.03 12:05:38 plugins.depo_filler_plugin INFO     🎵 YTM Samia: 156 mahnı (+156 növbəyə, 0 artıq depoda), +18 yeni ifaçı
2026.10.03 12:05:38 aiogram.event        INFO     Update id=875927296 is handled. Duration 0 ms by bot id=8976652462
2026.10.03 12:05:38 aiogram.event        INFO     Update id=875927297 is handled. Duration 21 ms by bot id=8976652462
2026.10.03 12:05:39 core.youtube_handler INFO     Yükləmə cəhdi: cookies + mweb (PO token)
2026.10.03 12:05:39 aiogram.event        INFO     Update id=875927298 is handled. Duration 0 ms by bot id=8976652462
2026.10.03 12:05:39 plugins.music_plugin INFO     Metadata (spotify): Marcus Mumford, Tom Howe - Late for Class
2026.10.03 12:05:39 aiogram.event        INFO     Update id=875927299 is handled. Duration 25 ms by bot id=8976652462
2026.10.03 12:05:40 plugins.music_plugin INFO     Metadata (spotify): Marcus Mumford, Tom Howe - Roy's Holiday
2026.10.03 12:05:40 core.audio_cache     INFO     📦 Dublikat qarşısı: pOcfW0zv7cY → depodakı 'Marcus Mumford - Cannibal'
2026.10.03 12:05:40 aiogram.event        INFO     Update id=875927300 is handled. Duration 0 ms by bot id=8976652462
2026.10.03 12:05:40 plugins.music_plugin INFO     Metadata (spotify): Marcus Mumford, Tom Howe - Leaving the Studio (feat. Reuben James)
2026.10.03 12:05:41 aiogram.event        INFO     Update id=875927301 is handled. Duration 16 ms by bot id=8976652462
2026.10.03 12:05:41 core.audio_cache     INFO     📦 Dublikat qarşısı: uJkGZx8i-h0 → depodakı 'Marcus Mumford - Grace'
2026.10.03 12:05:41 plugins.music_plugin INFO     Metadata (spotify): Marcus Mumford, Tom Howe - Wembley Arrival
2026.10.03 12:05:41 plugins.music_plugin INFO     Metadata (spotify): Marcus Mumford, Tom Howe - Team Innit
2026.10.03 12:05:41 plugins.music_plugin INFO     Metadata (spotify): Marcus Mumford, Tom Howe - Gut & Heart
2026.10.03 12:05:42 aiogram.event        INFO     Update id=875927302 is handled. Duration 112 ms by bot id=8976652462
2026.10.03 12:05:42 core.audio_cache     INFO     📦 Dublikat qarşısı: yIfoTDYR8XU → depodakı 'Marcus Mumford - Better Off High'
2026.10.03 12:05:42 aiogram.event        INFO     Update id=875927303 is handled. Duration 10 ms by bot id=8976652462
2026.10.03 12:05:42 plugins.music_plugin INFO     Metadata (spotify): Marcus Mumford, Tom Howe - The Opposition
2026.10.03 12:05:42 aiogram.event        INFO     Update id=875927304 is handled. Duration 15 ms by bot id=8976652462
2026.10.03 12:05:42 core.youtube_handler INFO     Yükləmə cəhdi: cookies + mweb (PO token)
2026.10.03 12:05:43 plugins.music_plugin INFO     Metadata (spotify): Marcus Mumford, Tom Howe - Be a Prick
2026.10.03 12:05:43 aiogram.event        INFO     Update id=875927305 is handled. Duration 0 ms by bot id=8976652462
2026.10.03 12:05:43 plugins.music_plugin INFO     Metadata (spotify): Marcus Mumford, Tom Howe - Ted Disappears
2026.10.03 12:05:43 aiogram.event        INFO     Update id=875927306 is handled. Duration 0 ms by bot id=8976652462
2026.10.03 12:05:44 plugins.music_plugin INFO     Metadata (spotify): Marcus Mumford, Tom Howe - Richmond Reveal
2026.10.03 12:05:44 aiogram.event        INFO     Update id=875927307 is handled. Duration 16 ms by bot id=8976652462
2026.10.03 12:05:44 core.youtube_handler INFO     Yükləmə cəhdi: cookies + mweb (PO token)
2026.10.03 12:05:45 aiogram.event        INFO     Update id=875927308 is handled. Duration 0 ms by bot id=8976652462
2026.10.03 12:05:45 plugins.music_plugin INFO     Metadata (spotify): Marcus Mumford, Tom Howe - Other Ideas
2026.10.03 12:05:45 aiogram.event        INFO     Update id=875927309 is handled. Duration 61 ms by bot id=8976652462
2026.10.03 12:05:45 core.youtube_handler INFO     Yükləmə cəhdi: cookies + mweb (PO token)
2026.10.03 12:05:46 aiogram.event        INFO     Update id=875927310 is handled. Duration 41 ms by bot id=8976652462
2026.10.03 12:05:46 core.youtube_handler INFO     Yükləmə cəhdi: cookies + mweb (PO token)
2026.10.03 12:05:46 core.youtube_handler INFO     Yükləmə cəhdi: cookies + mweb (PO token)
2026.10.03 12:05:47 plugins.music_plugin INFO     Metadata (spotify): Marcus Mumford, Tom Howe - Rom Communism
2026.10.03 12:05:47 aiogram.event        INFO     Update id=875927311 is handled. Duration 57 ms by bot id=8976652462
2026.10.03 12:05:47 core.youtube_handler INFO     Yükləmə cəhdi: cookies + mweb (PO token)
2026.10.03 12:05:48 core.youtube_handler INFO     Yükləmə cəhdi: cookies + mweb (PO token)
2026.10.03 12:05:48 plugins.music_plugin INFO     Metadata (spotify): Marcus Mumford, Tom Howe - Kebabs & Prayers
2026.10.03 12:05:48 aiogram.event        INFO     Update id=875927312 is handled. Duration 25 ms by bot id=8976652462
2026.10.03 12:05:48 plugins.music_plugin INFO     Metadata (spotify): Marcus Mumford, Tom Howe - Elephino
2026.10.03 12:05:49 core.audio_cache     INFO     📦 Dublikat qarşısı: 4t1I2QE58e4 → depodakı 'Divorce, Marcus Mumford - Antarctica'
2026.10.03 12:05:49 core.youtube_handler INFO     Yükləmə cəhdi: cookies + mweb (PO token)
2026.10.03 12:05:49 plugins.music_plugin INFO     Metadata (spotify): Marcus Mumford, Tom Howe - A Table in the Corner
2026.10.03 12:05:49 core.youtube_handler INFO     Yükləmə cəhdi: cookies + mweb (PO token)
2026.10.03 12:05:50 aiogram.event        INFO     Update id=875927313 is handled. Duration 15 ms by bot id=8976652462
2026.10.03 12:05:50 core.audio_cache     INFO     📦 Dublikat qarşısı: l8HzoluTufs → depodakı 'Divorce, Marcus Mumford - Antarctica'
2026.10.03 12:05:50 aiogram.event        INFO     Update id=875927314 is handled. Duration 21 ms by bot id=8976652462
2026.10.03 12:05:51 core.youtube_handler INFO     Yükləmə cəhdi: cookies + mweb (PO token)
2026.10.03 12:05:51 aiogram.event        INFO     Update id=875927315 is handled. Duration 1 ms by bot id=8976652462
2026.10.03 12:05:52 core.youtube_handler INFO     Yükləmə cəhdi: cookies + mweb (PO token)
2026.10.03 12:05:52 plugins.music_plugin INFO     Metadata (spotify): Marcus Mumford, Tom Howe - Who's the Worm Now?
2026.10.03 12:05:52 core.youtube_handler INFO     Yükləmə cəhdi: cookies + mweb (PO token)
2026.10.03 12:05:53 core.youtube_handler INFO     Yükləmə cəhdi: cookies + mweb (PO token)
2026.10.03 12:05:53 core.youtube_handler INFO     Yükləmə cəhdi: cookies + mweb (PO token)
2026.10.03 12:05:53 core.youtube_handler INFO     Yükləmə cəhdi: cookies + mweb (PO token)
2026.10.03 12:05:54 aiogram.event        INFO     Update id=875927316 is handled. Duration 46 ms by bot id=8976652462
2026.10.03 12:05:55 core.youtube_handler INFO     Yükləmə cəhdi: cookies + mweb (PO token)
2026.10.03 12:05:55 core.youtube_handler INFO     Yükləmə cəhdi: cookies + mweb (PO token)
2026.10.03 12:05:56 plugins.music_plugin INFO     Metadata (spotify): Jeff Tweedy - Ted Lasso Theme
2026.10.03 12:05:57 core.youtube_handler INFO     Yükləmə cəhdi: cookies + mweb (PO token)
2026.10.03 12:05:57 plugins.music_plugin INFO     Metadata (spotify): Samia - Pool (Stripped)
2026.10.03 12:05:57 plugins.music_plugin INFO     Metadata (spotify): Samia - Pool
2026.10.03 12:05:58 core.youtube_handler INFO     Yükləmə cəhdi: cookies + mweb (PO token)
2026.10.03 12:05:58 plugins.music_plugin INFO     Metadata (spotify): Samia - Charm You
2026.10.03 12:05:58 plugins.music_plugin INFO     Metadata (spotify): Samia - Stellate
2026.10.03 12:05:59 core.youtube_handler INFO     Yükləmə cəhdi: cookies + mweb (PO token)
2026.10.03 12:05:59 plugins.music_plugin INFO     Metadata (spotify): Samia - Honey
2026.10.03 12:05:59 aiogram.event        INFO     Update id=875927317 is handled. Duration 37 ms by bot id=8976652462
2026.10.03 12:05:59 core.youtube_handler INFO     Yükləmə cəhdi: cookies + mweb (PO token)
2026.10.03 12:06:00 plugins.music_plugin INFO     Metadata (spotify): Samia - Pink Balloon
2026.10.03 12:06:00 aiogram.event        INFO     Update id=875927318 is handled. Duration 69 ms by bot id=8976652462
2026.10.03 12:06:01 core.youtube_handler INFO     Yükləmə cəhdi: cookies + mweb (PO token)
2026.10.03 12:06:01 aiogram.event        INFO     Update id=875927319 is handled. Duration 0 ms by bot id=8976652462
2026.10.03 12:06:01 plugins.music_plugin INFO     Metadata (spotify): Samia - Big Wheel
2026.10.03 12:06:01 aiogram.event        INFO     Update id=875927320 is handled. Duration 0 ms by bot id=8976652462
2026.10.03 12:06:01 plugins.music_plugin INFO     Metadata (spotify): Samia - Bovine Excision
2026.10.03 12:06:01 core.youtube_handler INFO     Yükləmə cəhdi: cookies + mweb (PO token)
2026.10.03 12:06:02 aiogram.event        INFO     Update id=875927321 is handled. Duration 0 ms by bot id=8976652462
2026.10.03 12:06:02 aiogram.event        INFO     Update id=875927322 is handled. Duration 47 ms by bot id=8976652462
2026.10.03 12:06:03 plugins.music_plugin INFO     Metadata (spotify): Samia - Craziest Person
2026.10.03 12:06:03 core.youtube_handler INFO     Yükləmə cəhdi: cookies + mweb (PO token)
2026.10.03 12:06:03 aiogram.event        INFO     Update id=875927323 is handled. Duration 1 ms by bot id=8976652462
2026.10.03 12:06:03 plugins.music_plugin INFO     Metadata (spotify): Samia - Proof
2026.10.03 12:06:03 aiogram.event        INFO     Update id=875927324 is handled. Duration 56 ms by bot id=8976652462
2026.10.03 12:06:04 core.youtube_handler INFO     Yükləmə cəhdi: cookies + mweb (PO token)
2026.10.03 12:06:04 core.youtube_handler INFO     Yükləmə cəhdi: cookies + mweb (PO token)
2026.10.03 12:06:04 plugins.music_plugin INFO     Metadata (spotify): Samia - Is There Something in the Movies?
2026.10.03 12:06:04 aiogram.event        INFO     Update id=875927325 is handled. Duration 0 ms by bot id=8976652462
2026.10.03 12:06:05 aiogram.event        INFO     Update id=875927326 is handled. Duration 0 ms by bot id=8976652462
2026.10.03 12:06:05 plugins.music_plugin INFO     Metadata (spotify): Samia - Spine Oil
2026.10.03 12:06:05 plugins.music_plugin INFO     Metadata (spotify): Samia - Triptych
2026.10.03 12:06:06 core.youtube_handler INFO     Yükləmə cəhdi: cookies + mweb (PO token)
2026.10.03 12:06:06 plugins.music_plugin INFO     Metadata (spotify): Samia - Fit N Full
2026.10.03 12:06:06 aiogram.event        INFO     Update id=875927327 is handled. Duration 94 ms by bot id=8976652462
2026.10.03 12:06:07 aiogram.event        INFO     Update id=875927328 is handled. Duration 58 ms by bot id=8976652462
2026.10.03 12:06:07 core.youtube_handler INFO     Yükləmə cəhdi: cookies + mweb (PO token)
2026.10.03 12:06:07 plugins.music_plugin INFO     Metadata (spotify): Samia - Cinder Block
2026.10.03 12:06:07 plugins.music_plugin INFO     Metadata (spotify): Samia - Dream Song
2026.10.03 12:06:07 aiogram.event        INFO     Update id=875927329 is handled. Duration 26 ms by bot id=8976652462
2026.10.03 12:06:08 aiogram.event        INFO     Update id=875927330 is handled. Duration 5 ms by bot id=8976652462
2026.10.03 12:06:08 core.youtube_handler INFO     Yükləmə cəhdi: cookies + mweb (PO token)
2026.10.03 12:06:09 core.youtube_handler INFO     Yükləmə cəhdi: cookies + mweb (PO token)
2026.10.03 12:06:09 aiogram.event        INFO     Update id=875927331 is handled. Duration 1 ms by bot id=8976652462
2026.10.03 12:06:09 plugins.music_plugin INFO     Metadata (spotify): Samia - As You Are
2026.10.03 12:06:09 core.youtube_handler INFO     Yükləmə cəhdi: cookies + mweb (PO token)
2026.10.03 12:06:10 aiogram.event        INFO     Update id=875927333 is handled. Duration 0 ms by bot id=8976652462
2026.10.03 12:06:10 core.youtube_handler INFO     Yükləmə cəhdi: cookies + mweb (PO token)
2026.10.03 12:06:10 aiogram.event        INFO     Update id=875927332 is handled. Duration 270 ms by bot id=8976652462
2026.10.03 12:06:10 aiogram.event        INFO     Update id=875927334 is handled. Duration 1 ms by bot id=8976652462
2026.10.03 12:06:10 aiogram.event        INFO     Update id=875927335 is handled. Duration 1 ms by bot id=8976652462
2026.10.03 12:06:10 plugins.music_plugin INFO     Metadata (spotify): Samia - Dare
2026.10.03 12:06:11 telethon.client.updates INFO     Got difference for account updates
2026.10.03 12:06:11 core.youtube_handler INFO     Yükləmə cəhdi: cookies + mweb (PO token)
2026.10.03 12:06:11 telethon.client.updates INFO     Got difference for channel 1930654409 updates
2026.10.03 12:06:11 aiogram.event        INFO     Update id=875927336 is handled. Duration 0 ms by bot id=8976652462
2026.10.03 12:06:11 plugins.music_plugin INFO     Metadata (spotify): Samia - North Poles
2026.10.03 12:06:12 core.youtube_handler INFO     Yükləmə cəhdi: cookies + mweb (PO token)
2026.10.03 12:06:13 aiogram.event        INFO     Update id=875927338 is handled. Duration 0 ms by bot id=8976652462
2026.10.03 12:06:13 plugins.music_plugin INFO     Metadata (spotify): Samia - Carousel
2026.10.03 12:06:13 plugins.music_plugin INFO     Metadata (spotify): Samia - Hole In A Frame
2026.10.03 12:06:13 plugins.music_plugin INFO     Metadata (spotify): Samia - Kill Her Freak Out
2026.10.03 12:06:13 aiogram.event        INFO     Update id=875927337 is handled. Duration 306 ms by bot id=8976652462
2026.10.03 12:06:14 telethon.client.updates INFO     Got difference for account updates
2026.10.03 12:06:14 aiogram.event        INFO     Update id=875927339 is handled. Duration 0 ms by bot id=8976652462
2026.10.03 12:06:14 telethon.client.updates INFO     Got difference for channel 1930654409 updates
2026.10.03 12:06:15 plugins.music_plugin INFO     Metadata (spotify): Samia - Waverly
2026.10.03 12:06:16 plugins.music_plugin INFO     Metadata (spotify): Samia - Show Up
2026.10.03 12:06:16 aiogram.event        INFO     Update id=875927340 is handled. Duration 1 ms by bot id=8976652462
2026.10.03 12:06:16 plugins.music_plugin INFO     Metadata (spotify): Samia - Lizard
2026.10.03 12:06:16 aiogram.event        INFO     Update id=875927341 is handled. Duration 0 ms by bot id=8976652462
2026.10.03 12:06:16 aiogram.event        INFO     Update id=875927342 is handled. Duration 0 ms by bot id=8976652462
2026.10.03 12:06:17 aiogram.event        INFO     Update id=875927343 is handled. Duration 0 ms by bot id=8976652462
2026.10.03 12:06:18 plugins.music_plugin INFO     Metadata (spotify): Samia - Mad At Me
2026.10.03 12:06:18 telethon.client.updates INFO     Got difference for channel 1450190758 updates
2026.10.03 12:06:18 aiogram.event        INFO     Update id=875927344 is handled. Duration 0 ms by bot id=8976652462
2026.10.03 12:06:18 plugins.music_plugin INFO     Metadata (spotify): Samia - Fair Game
2026.10.03 12:06:18 aiogram.event        INFO     Update id=875927345 is handled. Duration 0 ms by bot id=8976652462
2026.10.03 12:06:19 plugins.music_plugin INFO     Metadata (spotify): Blondshell, Samia - Charm You (Blondshell Version)
2026.10.03 12:06:20 plugins.music_plugin INFO     Metadata (spotify): Samia - Limbo Bitch
2026.10.03 12:06:20 aiogram.event        INFO     Update id=875927346 is handled. Duration 0 ms by bot id=8976652462
2026.10.03 12:06:20 aiogram.event        INFO     Update id=875927347 is handled. Duration 1 ms by bot id=8976652462
2026.10.03 12:06:22 aiogram.event        INFO     Update id=875927348 is handled. Duration 1 ms by bot id=8976652462
2026.10.03 12:06:22 aiogram.event        INFO     Update id=875927349 is handled. Duration 1 ms by bot id=8976652462
2026.10.03 12:06:22 plugins.music_plugin INFO     Metadata (spotify): Samia - Sacred
2026.10.03 12:06:22 plugins.music_plugin INFO     Metadata (spotify): Samia, Jelani Aryeh - The Promise
2026.10.03 12:06:23 plugins.music_plugin INFO     Metadata (spotify): Samia - Pants
2026.10.03 12:06:24 plugins.music_plugin INFO     Metadata (spotify): Samia - Pool (Live From First Avenue)
2026.10.03 12:06:25 aiogram.event        INFO     Update id=875927350 is handled. Duration 1 ms by bot id=8976652462
2026.10.03 12:06:26 aiogram.event        INFO     Update id=875927351 is handled. Duration 2 ms by bot id=8976652462
2026.10.03 12:06:27 aiogram.event        INFO     Update id=875927352 is handled. Duration 88 ms by bot id=8976652462
2026.10.03 12:06:29 aiogram.event        INFO     Update id=875927353 is handled. Duration 1 ms by bot id=8976652462
2026.10.03 12:06:38 telethon.client.updates INFO     Got difference for channel 2233220502 updates
2026.10.03 12:06:45 telethon.client.updates INFO     Got difference for channel 1450190758 updates
2026.10.03 12:06:54 telethon.client.uploads INFO     Uploading file of 9470 bytes in 1 chunks of 131072
2026.10.03 12:06:55 telethon.client.updates INFO     Got difference for account updates
2026.10.03 12:06:56 telethon.client.updates INFO     Got difference for channel 1450190758 updates
2026.10.03 12:06:56 telethon.client.updates INFO     Got difference for channel 1930654409 updates
2026.10.03 12:07:12 telethon.client.updates INFO     Got difference for channel 1270848742 updates
2026.10.03 12:07:14 plugins.depo_filler_plugin INFO     🎵 YTM Sam Fender: 154 mahnı (+149 növbəyə, 5 artıq depoda), +10 yeni ifaçı
2026.10.03 12:07:23 telethon.client.updates INFO     Got difference for channel 1327565517 updates
2026.10.03 12:07:26 telethon.client.uploads INFO     Uploading file of 22066 bytes in 1 chunks of 131072
2026.10.03 12:07:27 telethon.client.updates INFO     Got difference for channel 1327565517 updates
2026.10.03 12:07:27 telethon.client.updates INFO     Got difference for account updates
2026.10.03 12:07:28 telethon.client.updates INFO     Got difference for channel 1930654409 updates
2026.10.03 12:07:30 telethon.client.updates INFO     Got difference for channel 2233220502 updates
2026.10.03 12:07:41 telethon.client.updates INFO     Got difference for channel 1930654409 updates
2026.10.03 12:07:44 telethon.client.updates INFO     Got difference for channel 2233220502 updates
2026.10.03 12:07:57 telethon.client.updates INFO     Got difference for channel 1270848742 updates
2026.10.03 12:08:01 telethon.client.updates INFO     Got difference for channel 1270848742 updates
2026.10.03 12:08:07 telethon.client.updates INFO     Got difference for channel 1450190758 updates
2026.10.03 12:08:18 telethon.client.updates INFO     Got difference for channel 2233220502 updates
2026.10.03 12:08:19 telethon.client.updates INFO     Got difference for account updates
2026.10.03 12:08:20 telethon.client.updates INFO     Got difference for channel 1930654409 updates
2026.10.03 12:08:53 telethon.client.updates INFO     Got difference for channel 1270848742 updates
2026.10.03 12:08:57 telethon.client.downloads INFO     Starting direct file download in chunks of 131072 at 0, stride 131072
2026.10.03 12:09:00 telethon.client.updates INFO     Got difference for channel 1450190758 updates
2026.10.03 12:09:19 telethon.client.updates INFO     Got difference for account updates
2026.10.03 12:09:20 telethon.client.updates INFO     Got difference for channel 1930654409 updates
2026.10.03 12:09:25 telethon.client.updates INFO     Got difference for account updates
2026.10.03 12:09:25 telethon.client.updates INFO     Got difference for channel 1930654409 updates
2026.10.03 12:09:30 aiogram.event        INFO     Update id=875927354 is handled. Duration 126 ms by bot id=8976652462
2026.10.03 12:09:30 aiogram.event        INFO     Update id=875927355 is handled. Duration 1 ms by bot id=8976652462
2026.10.03 12:09:31 telethon.client.updates INFO     Got difference for channel 1930654409 updates
2026.10.03 12:09:34 aiogram.event        INFO     Update id=875927356 is handled. Duration 297 ms by bot id=8976652462
2026.10.03 12:09:35 aiogram.event        INFO     Update id=875927357 is handled. Duration 287 ms by bot id=8976652462
2026.10.03 12:09:39 aiogram.event        INFO     Update id=875927358 is handled. Duration 293 ms by bot id=8976652462
2026.10.03 12:09:41 aiogram.event        INFO     Update id=875927359 is handled. Duration 281 ms by bot id=8976652462
2026.10.03 12:09:48 telethon.client.updates INFO     Got difference for account updates
2026.10.03 12:09:48 telethon.client.updates INFO     Got difference for channel 2233220502 updates
2026.10.03 12:09:48 telethon.client.updates INFO     Got difference for channel 1930654409 updates
2026.10.03 12:09:49 telethon.client.updates INFO     Got difference for channel 1654819257 updates
2026.10.03 12:09:57 telethon.client.updates INFO     Got difference for channel 1930654409 updates
2026.10.03 12:10:00 aiogram.event        INFO     Update id=875927360 is handled. Duration 409 ms by bot id=8976652462
2026.10.03 12:10:04 telethon.client.updates INFO     Got difference for channel 1270848742 updates
2026.10.03 12:10:08 aiogram.event        INFO     Update id=875927361 is handled. Duration 379 ms by bot id=8976652462
2026.10.03 12:10:11 aiogram.event        INFO     Update id=875927362 is handled. Duration 272 ms by bot id=8976652462
2026.10.03 12:10:11 telethon.client.updates INFO     Got difference for channel 2233220502 updates
2026.10.03 12:10:16 telethon.client.updates INFO     Got difference for account updates
2026.10.03 12:10:16 telethon.client.updates INFO     Got difference for channel 1930654409 updates
2026.10.03 12:10:21 telethon.client.updates INFO     Got difference for account updates
2026.10.03 12:10:21 telethon.client.updates INFO     Got difference for channel 1305322609 updates
2026.10.03 12:10:21 core.cpu_pool        WARNING  🫀 Bot 2.1 san. dondu — core/userbot_db.py:168 rec_replace()
2026.10.03 12:10:21 telethon.client.updates INFO     Got difference for channel 1930654409 updates
2026.10.03 12:10:26 aiogram.event        INFO     Update id=875927363 is handled. Duration 278 ms by bot id=8976652462
2026.10.03 12:10:26 telethon.client.updates INFO     Got difference for channel 1327565517 updates
2026.10.03 12:10:28 aiogram.event        INFO     Update id=875927364 is handled. Duration 287 ms by bot id=8976652462
2026.10.03 12:10:31 aiogram.event        INFO     Update id=875927365 is handled. Duration 231 ms by bot id=8976652462
2026.10.03 12:10:33 aiogram.event        INFO     Update id=875927366 is handled. Duration 299 ms by bot id=8976652462
2026.10.03 12:10:35 aiogram.event        INFO     Update id=875927367 is handled. Duration 408 ms by bot id=8976652462
2026.10.03 12:10:38 aiogram.event        INFO     Update id=875927368 is handled. Duration 200 ms by bot id=8976652462
2026.10.03 12:10:39 telethon.client.updates INFO     Got difference for account updates
2026.10.03 12:10:39 telethon.client.updates INFO     Got difference for channel 1930654409 updates
2026.10.03 12:10:54 telethon.client.updates INFO     Got difference for channel 1450190758 updates
2026.10.03 12:11:51 telethon.client.updates INFO     Got difference for channel 1270848742 updates
2026.10.03 12:11:59 telethon.client.updates INFO     Got difference for channel 1327565517 updates
2026.10.03 12:12:07 telethon.client.updates INFO     Got difference for channel 2233220502 updates
2026.10.03 12:12:09 telethon.client.updates INFO     Got difference for channel 4475421835 updates
2026.10.03 12:12:53 telethon.client.downloads INFO     Starting direct file download in chunks of 131072 at 0, stride 131072
2026.10.03 12:13:13 telethon.client.updates INFO     Got difference for account updates
2026.10.03 12:13:13 telethon.client.updates INFO     Got difference for channel 1930654409 updates
2026.10.03 12:13:16 telethon.client.updates INFO     Got difference for channel 1450190758 updates
2026.10.03 12:13:18 telethon.client.updates INFO     Got difference for channel 1270848742 updates
2026.10.03 12:13:19 telethon.client.updates INFO     Got difference for channel 1930654409 updates
2026.10.03 12:13:20 core.youtube_handler INFO     Yükləmə cəhdi: cookies + mweb (PO token)
2026.10.03 12:13:20 core.audio_cache     INFO     📦 Dublikat qarşısı: 5AC0XPQSys8 → depodakı 'Big Thief - Watering'
2026.10.03 12:13:20 core.youtube_handler INFO     Yükləmə cəhdi: cookies + mweb (PO token)
2026.10.03 12:13:23 core.youtube_handler INFO     Yükləmə cəhdi: cookies + mweb (PO token)
2026.10.03 12:13:24 core.youtube_handler INFO     Yükləmə cəhdi: cookies + mweb (PO token)
2026.10.03 12:13:25 core.youtube_handler INFO     Yükləmə cəhdi: cookies + mweb (PO token)
2026.10.03 12:13:25 core.audio_cache     INFO     📦 Dublikat qarşısı: gxpDZs32iBk → depodakı 'Aly & AJ - Attack of Panic'
2026.10.03 12:13:25 core.audio_cache     INFO     📦 Dublikat qarşısı: Ka1vNzmD6JE → depodakı 'Big Thief - Vampire Empire'
2026.10.03 12:13:25 core.audio_cache     INFO     📦 Dublikat qarşısı: KYiQnNSykrY → depodakı 'Aly & AJ - Baby Lay Your Head Down'
2026.10.03 12:13:25 core.audio_cache     INFO     📦 Dublikat qarşısı: vsD8NKnPEpc → depodakı 'Aly & AJ - Lucky to Get Him'
2026.10.03 12:13:25 core.audio_cache     INFO     📦 Dublikat qarşısı: G_8CdKF05nY → depodakı 'Big Thief - Animals'
2026.10.03 12:13:25 core.audio_cache     INFO     📦 Dublikat qarşısı: 5bWTYYAllq0 → depodakı 'Aly & AJ - The Distance'
2026.10.03 12:13:25 core.audio_cache     INFO     📦 Dublikat qarşısı: -CxYz4iWPCI → depodakı 'Big Thief - Love In Mine'
2026.10.03 12:13:27 core.youtube_handler INFO     Yükləmə cəhdi: cookies + mweb (PO token)
2026.10.03 12:13:27 telethon.client.updates INFO     Got difference for account updates
2026.10.03 12:13:27 telethon.client.updates INFO     Got difference for channel 1930654409 updates
2026.10.03 12:13:28 core.youtube_handler INFO     Yükləmə cəhdi: cookies + mweb (PO token)
2026.10.03 12:13:28 core.youtube_handler INFO     Yükləmə cəhdi: cookies + mweb (PO token)
2026.10.03 12:13:29 core.youtube_handler INFO     Yükləmə cəhdi: cookies + mweb (PO token)
2026.10.03 12:13:29 core.youtube_handler INFO     Yükləmə cəhdi: cookies + mweb (PO token)
2026.10.03 12:13:30 telethon.client.updates INFO     Got difference for account updates
2026.10.03 12:13:30 core.youtube_handler INFO     Yükləmə cəhdi: cookies + mweb (PO token)
2026.10.03 12:13:30 telethon.client.updates INFO     Got difference for channel 1930654409 updates
2026.10.03 12:13:31 plugins.music_plugin INFO     Metadata (spotify): Aly & AJ - The First Noel
2026.10.03 12:13:31 core.youtube_handler INFO     Yükləmə cəhdi: cookies + mweb (PO token)
2026.10.03 12:13:32 core.youtube_handler INFO     Yükləmə cəhdi: cookies + mweb (PO token)
2026.10.03 12:13:32 plugins.music_plugin INFO     Metadata (spotify): Aly & AJ - Jingle Bell Rock
2026.10.03 12:13:32 core.youtube_handler INFO     Yükləmə cəhdi: cookies + mweb (PO token)
2026.10.03 12:13:33 telethon.client.updates INFO     Got difference for account updates
2026.10.03 12:13:33 core.youtube_handler INFO     Yükləmə cəhdi: cookies + mweb (PO token)
2026.10.03 12:13:33 telethon.client.updates INFO     Got difference for channel 1930654409 updates
2026.10.03 12:13:34 core.youtube_handler INFO     Yükləmə cəhdi: cookies + mweb (PO token)
2026.10.03 12:13:34 aiogram.event        INFO     Update id=875927370 is handled. Duration 25 ms by bot id=8976652462
2026.10.03 12:13:34 plugins.music_plugin INFO     Metadata (spotify): Aly & AJ - Talking in My Sleep
2026.10.03 12:13:34 core.youtube_handler INFO     Yükləmə cəhdi: cookies + mweb (PO token)
2026.10.03 12:13:35 core.youtube_handler INFO     Yükləmə cəhdi: cookies + mweb (PO token)
2026.10.03 12:13:35 plugins.music_plugin INFO     Metadata (spotify): Aly & AJ - On the Ride
2026.10.03 12:13:36 plugins.music_plugin INFO     Metadata (spotify): Aly & AJ - Chemicals React (A&A Version)
2026.10.03 12:13:36 core.youtube_handler INFO     Yükləmə cəhdi: cookies + mweb (PO token)
2026.10.03 12:13:37 core.youtube_handler INFO     Yükləmə cəhdi: cookies + mweb (PO token)
2026.10.03 12:13:37 aiogram.event        INFO     Update id=875927371 is handled. Duration 39 ms by bot id=8976652462
2026.10.03 12:13:37 core.youtube_handler INFO     Yükləmə cəhdi: cookies + mweb (PO token)
2026.10.03 12:13:38 telethon.client.updates INFO     Got difference for channel 1270848742 updates
2026.10.03 12:13:38 aiogram.event        INFO     Update id=875927372 is handled. Duration 10 ms by bot id=8976652462
2026.10.03 12:13:38 aiogram.event        INFO     Update id=875927373 is handled. Duration 0 ms by bot id=8976652462
2026.10.03 12:13:38 core.youtube_handler INFO     Yükləmə cəhdi: cookies + mweb (PO token)
2026.10.03 12:13:38 core.audio_cache     INFO     📦 Dublikat qarşısı: lAIvSzHARDQ → depodakı 'Big Thief - Little Arrow'
2026.10.03 12:13:39 aiogram.event        INFO     Update id=875927369 is handled. Duration 5486 ms by bot id=8976652462
2026.10.03 12:13:39 core.youtube_handler INFO     Yükləmə cəhdi: cookies + mweb (PO token)
2026.10.03 12:13:39 telethon.client.updates INFO     Got difference for channel 1327565517 updates
2026.10.03 12:13:39 plugins.music_plugin INFO     Metadata (spotify): Samia - Minnesota
2026.10.03 12:13:40 core.youtube_handler INFO     Yükləmə cəhdi: cookies + mweb (PO token)
2026.10.03 12:13:40 core.youtube_handler INFO     Yükləmə cəhdi: cookies + mweb (PO token)
2026.10.03 12:13:41 plugins.music_plugin INFO     Metadata (spotify): Samia - Amelia
2026.10.03 12:13:41 core.youtube_handler INFO     Yükləmə cəhdi: cookies + mweb (PO token)
2026.10.03 12:13:41 plugins.music_plugin INFO     Metadata (spotify): Samia - Winnebago
2026.10.03 12:13:42 plugins.music_plugin INFO     Metadata (spotify): Samia - Does Not Heal
2026.10.03 12:13:42 core.youtube_handler INFO     Yükləmə cəhdi: cookies + mweb (PO token)
2026.10.03 12:13:42 plugins.music_plugin INFO     Metadata (spotify): Samia - Someone Tell the Boys
2026.10.03 12:13:42 plugins.music_plugin INFO     Metadata (spotify): Samia - Maps
2026.10.03 12:13:42 aiogram.event        INFO     Update id=875927374 is handled. Duration 31 ms by bot id=8976652462
2026.10.03 12:13:42 core.youtube_handler INFO     Yükləmə cəhdi: cookies + mweb (PO token)
2026.10.03 12:13:43 telethon.client.updates INFO     Got difference for channel 1270848742 updates
2026.10.03 12:13:43 core.youtube_handler INFO     Yükləmə cəhdi: cookies + mweb (PO token)
2026.10.03 12:13:43 plugins.music_plugin INFO     Metadata (spotify): Samia - Sea Lions
2026.10.03 12:13:44 aiogram.event        INFO     Update id=875927375 is handled. Duration 15 ms by bot id=8976652462
2026.10.03 12:13:44 core.youtube_handler INFO     Yükləmə cəhdi: cookies + mweb (PO token)
2026.10.03 12:13:44 aiogram.event        INFO     Update id=875927376 is handled. Duration 10 ms by bot id=8976652462
2026.10.03 12:13:44 plugins.music_plugin INFO     Metadata (spotify): Samia - Is There Something in the Movies?
2026.10.03 12:13:44 plugins.music_plugin INFO     Metadata (spotify): Samia - Desperado
2026.10.03 12:13:45 core.youtube_handler INFO     Yükləmə cəhdi: cookies + mweb (PO token)
2026.10.03 12:13:45 plugins.music_plugin INFO     Metadata (spotify): Samia - The Night Josh Tillman Listened to My Song
2026.10.03 12:13:45 core.youtube_handler INFO     Yükləmə cəhdi: cookies + mweb (PO token)
2026.10.03 12:13:46 aiogram.event        INFO     Update id=875927377 is handled. Duration 52 ms by bot id=8976652462
2026.10.03 12:13:46 core.youtube_handler INFO     Yükləmə cəhdi: cookies + mweb (PO token)
2026.10.03 12:13:46 plugins.music_plugin INFO     Metadata (spotify): Samia - Ode to Artifice
2026.10.03 12:13:47 plugins.music_plugin INFO     Metadata (spotify): Samia - To Me It Was
2026.10.03 12:13:47 aiogram.event        INFO     Update id=875927378 is handled. Duration 75 ms by bot id=8976652462
2026.10.03 12:13:47 core.youtube_handler INFO     Yükləmə cəhdi: cookies + mweb (PO token)
2026.10.03 12:13:47 aiogram.event        INFO     Update id=875927379 is handled. Duration 11 ms by bot id=8976652462
2026.10.03 12:13:47 aiogram.event        INFO     Update id=875927380 is handled. Duration 26 ms by bot id=8976652462
2026.10.03 12:13:47 plugins.music_plugin INFO     Metadata (spotify): Samia - Milk
2026.10.03 12:13:47 aiogram.event        INFO     Update id=875927381 is handled. Duration 42 ms by bot id=8976652462
2026.10.03 12:13:47 core.youtube_handler INFO     Yükləmə cəhdi: cookies + mweb (PO token)
2026.10.03 12:13:47 core.youtube_handler INFO     Yükləmə cəhdi: cookies + mweb (PO token)
2026.10.03 12:13:47 core.youtube_handler INFO     Yükləmə cəhdi: cookies + mweb (PO token)
2026.10.03 12:13:47 core.youtube_handler INFO     Yükləmə cəhdi: cookies + mweb (PO token)
2026.10.03 12:13:47 core.youtube_handler INFO     Yükləmə cəhdi: cookies + mweb (PO token)
2026.10.03 12:13:47 aiogram.event        INFO     Update id=875927382 is handled. Duration 0 ms by bot id=8976652462
2026.10.03 12:13:48 telethon.client.updates INFO     Got difference for channel 1450190758 updates
2026.10.03 12:13:48 aiogram.event        INFO     Update id=875927383 is handled. Duration 0 ms by bot id=8976652462
2026.10.03 12:13:49 plugins.music_plugin INFO     Metadata (spotify): Samia - Django
2026.10.03 12:13:49 plugins.music_plugin INFO     Metadata (spotify): Samia - Breathing Song
2026.10.03 12:13:49 aiogram.event        INFO     Update id=875927384 is handled. Duration 3 ms by bot id=8976652462
2026.10.03 12:13:50 telethon.client.updates INFO     Got difference for channel 1270848742 updates
2026.10.03 12:13:50 plugins.music_plugin INFO     Metadata (spotify): Samia - Nanana
2026.10.03 12:13:51 aiogram.event        INFO     Update id=875927385 is handled. Duration 6 ms by bot id=8976652462
2026.10.03 12:13:51 core.youtube_handler INFO     Yükləmə cəhdi: cookies + mweb (PO token)
2026.10.03 12:13:51 aiogram.event        INFO     Update id=875927387 is handled. Duration 1 ms by bot id=8976652462
2026.10.03 12:13:51 aiogram.event        INFO     Update id=875927386 is handled. Duration 1 ms by bot id=8976652462
2026.10.03 12:13:51 aiogram.event        INFO     Update id=875927388 is handled. Duration 0 ms by bot id=8976652462
2026.10.03 12:13:51 plugins.music_plugin INFO     Metadata (spotify): Samia - Making Breakfast
2026.10.03 12:13:52 core.youtube_handler INFO     Yükləmə cəhdi: cookies + mweb (PO token)
2026.10.03 12:13:52 core.youtube_handler INFO     Yükləmə cəhdi: cookies + mweb (PO token)
2026.10.03 12:13:53 aiogram.event        INFO     Update id=875927389 is handled. Duration 0 ms by bot id=8976652462
2026.10.03 12:13:53 core.audio_cache     INFO     📦 Dublikat qarşısı: AVXCoWNv6bo → depodakı 'Aly & AJ - Don't Go Changing'
2026.10.03 12:13:53 plugins.music_plugin INFO     Metadata (spotify): Samia - Elephant
2026.10.03 12:13:53 plugins.music_plugin INFO     Metadata (spotify): Samia - Lasting Friend
2026.10.03 12:13:54 aiogram.event        INFO     Update id=875927390 is handled. Duration 31 ms by bot id=8976652462
2026.10.03 12:13:54 plugins.music_plugin INFO     Metadata (spotify): Samia, Rachael Jenkins - Born on a Train
2026.10.03 12:13:54 core.audio_cache     INFO     📦 Dublikat qarşısı: 1yyWv5pJLqs → depodakı 'Aly & AJ - Break Yourself'
2026.10.03 12:13:54 plugins.music_plugin INFO     Metadata (spotify): Samia, Briston Maroney - Is There Something in the Movies? (Briston Maroney Version)
2026.10.03 12:13:54 core.youtube_handler INFO     Yükləmə cəhdi: cookies + mweb (PO token)
2026.10.03 12:13:54 plugins.music_plugin INFO     Metadata (spotify): Samia - 21
2026.10.03 12:13:55 core.youtube_handler INFO     Yükləmə cəhdi: cookies + mweb (PO token)
2026.10.03 12:13:55 plugins.music_plugin INFO     Metadata (spotify): Samia, Palehound - Big Wheel (Palehound Remix)
2026.10.03 12:13:56 plugins.music_plugin INFO     Metadata (spotify): Samia, Maya Hawke - Honey (Maya Hawke Version)
2026.10.03 12:13:56 aiogram.event        INFO     Update id=875927391 is handled. Duration 43 ms by bot id=8976652462
2026.10.03 12:13:56 core.youtube_handler INFO     Yükləmə cəhdi: cookies + mweb (PO token)
2026.10.03 12:13:56 core.youtube_handler INFO     Yükləmə cəhdi: cookies + mweb (PO token)
2026.10.03 12:13:56 aiogram.event        INFO     Update id=875927392 is handled. Duration 0 ms by bot id=8976652462
2026.10.03 12:13:56 core.youtube_handler INFO     Yükləmə cəhdi: cookies + mweb (PO token)
2026.10.03 12:13:56 plugins.music_plugin INFO     Metadata (spotify): Samia - Welcome to Eden
2026.10.03 12:13:56 aiogram.event        INFO     Update id=875927393 is handled. Duration 0 ms by bot id=8976652462
2026.10.03 12:13:56 plugins.music_plugin INFO     Metadata (spotify): Samia - Country
2026.10.03 12:13:57 aiogram.event        INFO     Update id=875927394 is handled. Duration 31 ms by bot id=8976652462
2026.10.03 12:13:58 core.youtube_handler INFO     Yükləmə cəhdi: cookies + mweb (PO token)
2026.10.03 12:13:58 plugins.music_plugin INFO     Metadata (spotify): Samia, Charlie Hickey - Winnebago (Charlie Hickey Version)
2026.10.03 12:13:58 aiogram.event        INFO     Update id=875927395 is handled. Duration 10 ms by bot id=8976652462
2026.10.03 12:13:58 plugins.music_plugin INFO     Metadata (spotify): Samia - Paris
2026.10.03 12:13:58 aiogram.event        INFO     Update id=875927396 is handled. Duration 41 ms by bot id=8976652462
2026.10.03 12:13:58 aiogram.event        INFO     Update id=875927397 is handled. Duration 15 ms by bot id=8976652462
2026.10.03 12:13:58 core.youtube_handler INFO     Yükləmə cəhdi: cookies + mweb (PO token)
2026.10.03 12:13:59 core.youtube_handler INFO     Yükləmə cəhdi: cookies + mweb (PO token)
2026.10.03 12:13:59 aiogram.event        INFO     Update id=875927398 is handled. Duration 0 ms by bot id=8976652462
2026.10.03 12:13:59 core.youtube_handler INFO     Yükləmə cəhdi: cookies + mweb (PO token)
2026.10.03 12:14:00 aiogram.event        INFO     Update id=875927399 is handled. Duration 0 ms by bot id=8976652462
2026.10.03 12:14:00 plugins.music_plugin INFO     Metadata (spotify): Samia, The Wild Honey Pie - Gotta Have You - The Wild Honey Pie Buzzsession
2026.10.03 12:14:00 aiogram.event        INFO     Update id=875927400 is handled. Duration 26 ms by bot id=8976652462
2026.10.03 12:14:00 plugins.music_plugin INFO     Metadata (spotify): Samia - Never Said
2026.10.03 12:14:01 plugins.music_plugin INFO     Metadata (spotify): Samia, The Wild Honey Pie - Welcome To Eden - The Wild Honey Pie Buzzsession
2026.10.03 12:14:01 core.youtube_handler INFO     Yükləmə cəhdi: cookies + mweb (PO token)
2026.10.03 12:14:01 telethon.client.updates INFO     Got difference for channel 1270848742 updates
2026.10.03 12:14:02 core.audio_cache     INFO     📦 Dublikat qarşısı: Ie7YzLmrP7E → depodakı 'Aly & AJ - Dandelions'
2026.10.03 12:14:03 plugins.music_plugin INFO     Metadata (spotify): Samia, Remo Drive - Fit N Full (Remo Drive Version)
2026.10.03 12:14:03 core.youtube_handler INFO     Yükləmə cəhdi: cookies + mweb (PO token)
2026.10.03 12:14:03 aiogram.event        INFO     Update id=875927401 is handled. Duration 1 ms by bot id=8976652462
2026.10.03 12:14:03 aiogram.event        INFO     Update id=875927402 is handled. Duration 36 ms by bot id=8976652462
2026.10.03 12:14:04 core.youtube_handler INFO     Yükləmə cəhdi: cookies + mweb (PO token)
2026.10.03 12:14:04 aiogram.event        INFO     Update id=875927403 is handled. Duration 0 ms by bot id=8976652462
2026.10.03 12:14:05 core.youtube_handler INFO     Yükləmə cəhdi: cookies + mweb (PO token)
2026.10.03 12:14:05 aiogram.event        INFO     Update id=875927404 is handled. Duration 0 ms by bot id=8976652462
2026.10.03 12:14:05 core.youtube_handler INFO     Yükləmə cəhdi: cookies + mweb (PO token)
2026.10.03 12:14:05 plugins.music_plugin INFO     Metadata (spotify): Samia, Christian Lee Hutson - Does Not Heal (Christian Lee Hutson Version)
2026.10.03 12:14:05 plugins.music_plugin INFO     Metadata (spotify): Samia, Ruston Kelly - Dream Song (Ruston Kelly Version)
2026.10.03 12:14:06 plugins.music_plugin INFO     Metadata (spotify): Samia, The Districts - Stellate (The Districts Remix)
2026.10.03 12:14:06 core.youtube_handler INFO     Yükləmə cəhdi: cookies + mweb (PO token)
2026.10.03 12:14:06 plugins.music_plugin INFO     Metadata (spotify): Samia, Field Medic - Triptych (Field Medic Version)
2026.10.03 12:14:07 plugins.music_plugin INFO     Metadata (spotify): Aly & AJ - Slow Down
2026.10.03 12:14:07 core.audio_cache     INFO     📦 Dublikat qarşısı: 5PYbiTQZFiE → depodakı 'Aly & AJ - Stomach'
2026.10.03 12:14:08 core.youtube_handler INFO     Yükləmə cəhdi: cookies + mweb (PO token)
2026.10.03 12:14:08 plugins.music_plugin INFO     Metadata (spotify): Samia - Triptych (Live From First Avenue)
2026.10.03 12:14:08 aiogram.event        INFO     Update id=875927405 is handled. Duration 0 ms by bot id=8976652462
2026.10.03 12:14:08 core.audio_cache     INFO     📦 Dublikat qarşısı: 0fbA_agbrOg → depodakı 'Big Thief - Paul'
2026.10.03 12:14:08 plugins.music_plugin INFO     Metadata (spotify): Samia, Bartees Strange - Pool (Bartees Strange Version)
2026.10.03 12:14:08 plugins.music_plugin INFO     Metadata (spotify): Aly & AJ - Protecting Me
2026.10.03 12:14:08 aiogram.event        INFO     Update id=875927406 is handled. Duration 1 ms by bot id=8976652462
2026.10.03 12:14:08 aiogram.event        INFO     Update id=875927407 is handled. Duration 1 ms by bot id=8976652462
2026.10.03 12:14:09 plugins.music_plugin INFO     Metadata (spotify): Samia, MICHELLE - Minnesota (MICHELLE Remix)
2026.10.03 12:14:10 plugins.music_plugin INFO     Metadata (spotify): Samia, Anjimile - Waverly (Anjimile Version)
2026.10.03 12:14:10 core.youtube_handler INFO     Yükləmə cəhdi: cookies + mweb (PO token)
2026.10.03 12:14:10 plugins.music_plugin INFO     Metadata (spotify): Samia - North Poles (Live From First Avenue)
2026.10.03 12:14:10 aiogram.event        INFO     Update id=875927408 is handled. Duration 1 ms by bot id=8976652462
2026.10.03 12:14:10 core.youtube_handler INFO     Yükləmə cəhdi: cookies + mweb (PO token)
2026.10.03 12:14:10 aiogram.event        INFO     Update id=875927409 is handled. Duration 1 ms by bot id=8976652462
2026.10.03 12:14:10 aiogram.event        INFO     Update id=875927410 is handled. Duration 35 ms by bot id=8976652462
2026.10.03 12:14:10 plugins.music_plugin INFO     Metadata (spotify): Medi Meyz, Samia, C2K - On veut s'évader
2026.10.03 12:14:11 aiogram.event        INFO     Update id=875927411 is handled. Duration 262 ms by bot id=8976652462
2026.10.03 12:14:11 core.youtube_handler INFO     Yükləmə cəhdi: cookies + mweb (PO token)
2026.10.03 12:14:11 aiogram.event        INFO     Update id=875927412 is handled. Duration 0 ms by bot id=8976652462
2026.10.03 12:14:11 aiogram.event        INFO     Update id=875927413 is handled. Duration 1 ms by bot id=8976652462
2026.10.03 12:14:12 aiogram.event        INFO     Update id=875927414 is handled. Duration 65 ms by bot id=8976652462
2026.10.03 12:14:12 plugins.music_plugin INFO     Metadata (spotify): Aly & AJ - Silent Night
2026.10.03 12:14:12 plugins.music_plugin INFO     Metadata (spotify): Aly & AJ - Speak For Myself
2026.10.03 12:14:12 core.audio_cache     INFO     📦 Dublikat qarşısı: hz3ly6nH3Ms → depodakı 'Big Thief - Velvet Ring'
2026.10.03 12:14:12 core.youtube_handler INFO     Yükləmə cəhdi: cookies + mweb (PO token)
2026.10.03 12:14:12 aiogram.event        INFO     Update id=875927415 is handled. Duration 1 ms by bot id=8976652462
2026.10.03 12:14:13 aiogram.event        INFO     Update id=875927416 is handled. Duration 51 ms by bot id=8976652462
2026.10.03 12:14:13 core.youtube_handler INFO     Yükləmə cəhdi: cookies + mweb (PO token)
2026.10.03 12:14:13 plugins.music_plugin INFO     Metadata (spotify): Samia - Sacred (Live From First Avenue)
2026.10.03 12:14:14 core.audio_cache     INFO     📦 Dublikat qarşısı: 8AyoYmkzxt4 → depodakı 'Aly & AJ - Church'
2026.10.03 12:14:15 core.youtube_handler INFO     Yükləmə cəhdi: cookies + mweb (PO token)
2026.10.03 12:14:15 aiogram.event        INFO     Update id=875927417 is handled. Duration 23 ms by bot id=8976652462
2026.10.03 12:14:16 aiogram.event        INFO     Update id=875927418 is handled. Duration 15 ms by bot id=8976652462
2026.10.03 12:14:16 core.youtube_handler INFO     Yükləmə cəhdi: cookies + mweb (PO token)
2026.10.03 12:14:16 plugins.music_plugin INFO     Metadata (spotify): Samia - Craziest Person (Live From First Avenue)
2026.10.03 12:14:16 aiogram.event        INFO     Update id=875927419 is handled. Duration 16 ms by bot id=8976652462
2026.10.03 12:14:16 aiogram.event        INFO     Update id=875927420 is handled. Duration 20 ms by bot id=8976652462
2026.10.03 12:14:16 core.youtube_handler INFO     Yükləmə cəhdi: cookies + mweb (PO token)
2026.10.03 12:14:17 core.youtube_handler INFO     Yükləmə cəhdi: cookies + mweb (PO token)
2026.10.03 12:14:17 core.youtube_handler INFO     Yükləmə cəhdi: cookies + mweb (PO token)
2026.10.03 12:14:17 aiogram.event        INFO     Update id=875927421 is handled. Duration 26 ms by bot id=8976652462
2026.10.03 12:14:18 plugins.music_plugin INFO     Metadata (spotify): Samia - Little Lion Man
2026.10.03 12:14:18 core.audio_cache     INFO     📦 Dublikat qarşısı: fHyB2TmLgdA → depodakı 'Aly & AJ - Next To Nothing'
2026.10.03 12:14:18 plugins.music_plugin INFO     Metadata (spotify): Samia - Fair Game (Live From First Avenue)
2026.10.03 12:14:18 plugins.music_plugin INFO     Metadata (spotify): Samia, Rachael Jenkins - Born on a Train (Anxiety Version)
2026.10.03 12:14:19 plugins.music_plugin INFO     Metadata (spotify): Samia - Is There Something In The Movies (Live From First Avenue)
2026.10.03 12:14:19 core.youtube_handler INFO     Yükləmə cəhdi: cookies + mweb (PO token)
2026.10.03 12:14:20 core.youtube_handler INFO     Yükləmə cəhdi: cookies + mweb (PO token)
2026.10.03 12:14:20 plugins.music_plugin INFO     Metadata (spotify): Benjamin Lazar Davis, Samia - Adeline
2026.10.03 12:14:20 aiogram.event        INFO     Update id=875927422 is handled. Duration 84 ms by bot id=8976652462
2026.10.03 12:14:21 core.youtube_handler INFO     Yükləmə cəhdi: cookies + mweb (PO token)
2026.10.03 12:14:21 aiogram.event        INFO     Update id=875927423 is handled. Duration 1 ms by bot id=8976652462
2026.10.03 12:14:21 aiogram.event        INFO     Update id=875927424 is handled. Duration 0 ms by bot id=8976652462
2026.10.03 12:14:22 core.youtube_handler INFO     Yükləmə cəhdi: cookies + mweb (PO token)
2026.10.03 12:14:22 plugins.music_plugin INFO     Metadata (spotify): Samia - Kill Her Freak Out (Live From First Avenue)
2026.10.03 12:14:22 core.youtube_handler INFO     Yükləmə cəhdi: cookies + mweb (PO token)
2026.10.03 12:14:23 plugins.music_plugin INFO     Metadata (spotify): Samia - Carousel (Live From First Avenue)
2026.10.03 12:14:23 aiogram.event        INFO     Update id=875927425 is handled. Duration 57 ms by bot id=8976652462
2026.10.03 12:14:23 core.youtube_handler INFO     Yükləmə cəhdi: cookies + mweb (PO token)
2026.10.03 12:14:23 plugins.music_plugin INFO     Metadata (spotify): Samia - Bovine Excision (Live From First Avenue)
2026.10.03 12:14:23 aiogram.event        INFO     Update id=875927426 is handled. Duration 80 ms by bot id=8976652462
2026.10.03 12:14:24 core.youtube_handler INFO     Yükləmə cəhdi: cookies + mweb (PO token)
2026.10.03 12:14:24 telethon.client.updates INFO     Got difference for channel 1270848742 updates
2026.10.03 12:14:24 core.audio_cache     INFO     📦 Dublikat qarşısı: t04Sd4kG8OI → depodakı 'Samia - Bovine Excision'
2026.10.03 12:14:25 aiogram.event        INFO     Update id=875927427 is handled. Duration 5 ms by bot id=8976652462
2026.10.03 12:14:26 plugins.music_plugin INFO     Metadata (spotify): Hovvdy, Samia - To Me It Was (Hovvdy Version)
2026.10.03 12:14:26 plugins.music_plugin INFO     Metadata (spotify): Samia - Proof (Live From First Avenue)
2026.10.03 12:14:26 core.audio_cache     INFO     📦 Dublikat qarşısı: vNAle7PoiIQ → depodakı 'Samia - Hole In A Frame'
2026.10.03 12:14:26 aiogram.event        INFO     Update id=875927428 is handled. Duration 0 ms by bot id=8976652462
2026.10.03 12:14:27 core.audio_cache     INFO     📦 Dublikat qarşısı: fevSkDmwWHI → depodakı 'Samia - Lizard'
2026.10.03 12:14:27 plugins.music_plugin INFO     Metadata (spotify): Samia - Dare (Live From First Avenue)
2026.10.03 12:14:27 plugins.music_plugin INFO     Metadata (spotify): Samia - Big Wheel (Live From First Avenue)
2026.10.03 12:14:28 core.audio_cache     INFO     📦 Dublikat qarşısı: j9MBAHquVfc → depodakı 'Samia - Carousel'
2026.10.03 12:14:28 plugins.music_plugin INFO     Metadata (spotify): Samia - Limbo Bitch (Donna Missal Remix) (feat. Donna Missal)
2026.10.03 12:14:28 core.audio_cache     INFO     📦 Dublikat qarşısı: qdKwCQ3Gk4M → depodakı 'Samia - Pants'
2026.10.03 12:14:29 core.audio_cache     INFO     📦 Dublikat qarşısı: dENo8nmvzN8 → depodakı 'Samia - Kill Her Freak Out'
2026.10.03 12:14:29 aiogram.event        INFO     Update id=875927429 is handled. Duration 0 ms by bot id=8976652462
2026.10.03 12:14:29 plugins.music_plugin INFO     Metadata (spotify): Samia - Biscuits (Live From First Avenue)
2026.10.03 12:14:29 plugins.music_plugin INFO     Metadata (spotify): Samia - Spine Oil (Live From First Avenue)
2026.10.03 12:14:30 aiogram.event        INFO     Update id=875927430 is handled. Duration 1 ms by bot id=8976652462
2026.10.03 12:14:30 core.audio_cache     INFO     📦 Dublikat qarşısı: YY_gI1S7yVM → depodakı 'Samia - Charm You'
2026.10.03 12:14:30 aiogram.event        INFO     Update id=875927431 is handled. Duration 1 ms by bot id=8976652462
2026.10.03 12:14:31 aiogram.event        INFO     Update id=875927432 is handled. Duration 2 ms by bot id=8976652462
2026.10.03 12:14:31 core.audio_cache     INFO     📦 Dublikat qarşısı: -h5xYZyBkDo → depodakı 'Samia - Pink Balloon'
2026.10.03 12:14:31 core.audio_cache     INFO     📦 Dublikat qarşısı: YxcZOmTb_u0 → depodakı 'Samia - Sea Lions'
2026.10.03 12:14:31 telethon.client.updates INFO     Got difference for channel 1270848742 updates
2026.10.03 12:14:31 core.audio_cache     INFO     📦 Dublikat qarşısı: Aohi3lSkc1Q → depodakı 'Samia - Mad At Me'
2026.10.03 12:14:31 plugins.music_plugin INFO     Metadata (spotify): Samia - Biscuits Intro
2026.10.03 12:14:31 plugins.music_plugin INFO     Metadata (spotify): Samia - Fit N Full (Live From First Avenue)
2026.10.03 12:14:31 aiogram.event        INFO     Update id=875927433 is handled. Duration 2 ms by bot id=8976652462
2026.10.03 12:14:32 aiogram.event        INFO     Update id=875927434 is handled. Duration 31 ms by bot id=8976652462
2026.10.03 12:14:32 aiogram.event        INFO     Update id=875927435 is handled. Duration 56 ms by bot id=8976652462
2026.10.03 12:14:32 plugins.music_plugin INFO     Metadata (spotify): Samia - Honey (Live From First Avenue)
2026.10.03 12:14:32 core.audio_cache     INFO     📦 Dublikat qarşısı: 5m4dijGmDAs → depodakı 'Samia - To Me It Was'
2026.10.03 12:14:32 aiogram.event        INFO     Update id=875927436 is handled. Duration 37 ms by bot id=8976652462
2026.10.03 12:14:33 plugins.music_plugin INFO     Metadata (spotify): Samia - Lizard (Live From First Avenue)
2026.10.03 12:14:34 plugins.music_plugin INFO     Metadata (spotify): Samia - Hole in a Frame (Live From First Avenue)
2026.10.03 12:14:34 telethon.client.updates INFO     Got difference for channel 1270848742 updates
2026.10.03 12:14:34 core.audio_cache     INFO     📦 Dublikat qarşısı: W1u_sSOKRuc → depodakı 'Samia - Breathing Song'
2026.10.03 12:14:35 core.audio_cache     INFO     📦 Dublikat qarşısı: Tm5mxfP7OKY → depodakı 'Samia - Honey'
2026.10.03 12:14:35 aiogram.event        INFO     Update id=875927437 is handled. Duration 1204 ms by bot id=8976652462
2026.10.03 12:14:35 aiogram.event        INFO     Update id=875927438 is handled. Duration 28 ms by bot id=8976652462
2026.10.03 12:14:35 core.audio_cache     INFO     📦 Dublikat qarşısı: J0_rQvmE-8c → depodakı 'Samia - Amelia'
2026.10.03 12:14:35 core.audio_cache     INFO     📦 Dublikat qarşısı: T1LlEUnsxYg → depodakı 'Samia - Nanana'
2026.10.03 12:14:35 aiogram.event        INFO     Update id=875927439 is handled. Duration 242 ms by bot id=8976652462
2026.10.03 12:14:35 plugins.music_plugin INFO     Metadata (spotify): Samia - Pants (Live From First Avenue)
2026.10.03 12:14:35 aiogram.event        INFO     Update id=875927440 is handled. Duration 16 ms by bot id=8976652462
2026.10.03 12:14:36 aiogram.event        INFO     Update id=875927441 is handled. Duration 0 ms by bot id=8976652462
2026.10.03 12:14:36 aiogram.event        INFO     Update id=875927442 is handled. Duration 0 ms by bot id=8976652462
2026.10.03 12:14:36 telethon.client.updates INFO     Got difference for account updates
2026.10.03 12:14:37 telethon.client.updates INFO     Got difference for channel 1930654409 updates
2026.10.03 12:14:37 aiogram.event        INFO     Update id=875927443 is handled. Duration 16 ms by bot id=8976652462
2026.10.03 12:14:37 plugins.music_plugin INFO     Metadata (spotify): Promit, Muhin, Samia - Christmas
2026.10.03 12:14:38 core.audio_cache     INFO     📦 Dublikat qarşısı: s18uQMsT97o → depodakı 'Samia, Briston Maroney - Is There Something in the Movies? (Briston Maroney Version)'
2026.10.03 12:14:39 core.audio_cache     INFO     📦 Dublikat qarşısı: 6C2oCbeHrq4 → depodakı 'Samia, Anjimile - Waverly (Anjimile Version)'
2026.10.03 12:14:39 core.audio_cache     INFO     📦 Dublikat qarşısı: q2ZhekWJFT4 → depodakı 'Samia - Dream Song'
2026.10.03 12:14:39 aiogram.event        INFO     Update id=875927445 is handled. Duration 56 ms by bot id=8976652462
2026.10.03 12:14:39 core.audio_cache     INFO     📦 Dublikat qarşısı: vCfrlIu4dkA → depodakı 'Samia, Christian Lee Hutson - Does Not Heal (Christian Lee Hutson Version)'
2026.10.03 12:14:39 core.audio_cache     INFO     📦 Dublikat qarşısı: 09b978A2_Z4 → depodakı 'Samia, Bartees Strange - Pool (Bartees Strange Version)'
2026.10.03 12:14:39 core.audio_cache     INFO     📦 Dublikat qarşısı: nqUAriNO2hE → depodakı 'Samia, The Districts - Stellate (The Districts Remix)'
2026.10.03 12:14:39 aiogram.event        INFO     Update id=875927444 is handled. Duration 478 ms by bot id=8976652462
2026.10.03 12:14:40 aiogram.event        INFO     Update id=875927446 is handled. Duration 20 ms by bot id=8976652462
2026.10.03 12:14:42 aiogram.event        INFO     Update id=875927447 is handled. Duration 707 ms by bot id=8976652462
2026.10.03 12:14:44 core.audio_cache     INFO     📦 Dublikat qarşısı: ZG2fW5tTrdo → depodakı 'Samia - Fit N Full'
2026.10.03 12:14:44 core.audio_cache     INFO     📦 Dublikat qarşısı: Kwalypwvd8I → depodakı 'Samia - Big Wheel'
2026.10.03 12:14:44 aiogram.event        INFO     Update id=875927448 is handled. Duration 529 ms by bot id=8976652462
2026.10.03 12:14:44 core.audio_cache     INFO     📦 Dublikat qarşısı: NJeuNdGaY5k → depodakı 'Samia - Triptych'
2026.10.03 12:14:44 core.audio_cache     INFO     📦 Dublikat qarşısı: BLBKhry1UPE → depodakı 'Samia - Waverly'
2026.10.03 12:14:45 core.audio_cache     INFO     📦 Dublikat qarşısı: yDWugAM82u8 → depodakı 'Samia - Is There Something in the Movies?'
2026.10.03 12:14:45 telethon.client.updates INFO     Got difference for channel 1305322609 updates
2026.10.03 12:14:45 core.audio_cache     INFO     📦 Dublikat qarşısı: DFly2JmfSpo → depodakı 'Samia - Pool'
2026.10.03 12:14:45 core.audio_cache     INFO     📦 Dublikat qarşısı: PpfnV1IGzFs → depodakı 'Samia - Cinder Block'
2026.10.03 12:14:45 core.audio_cache     INFO     📦 Dublikat qarşısı: IIh7eud8m70 → depodakı 'Samia - Pool (Stripped)'
2026.10.03 12:14:47 telethon.client.updates INFO     Got difference for channel 1270848742 updates
2026.10.03 12:14:48 aiogram.event        INFO     Update id=875927449 is handled. Duration 798 ms by bot id=8976652462
2026.10.03 12:14:51 aiogram.event        INFO     Update id=875927450 is handled. Duration 502 ms by bot id=8976652462
2026.10.03 12:14:51 telethon.client.updates INFO     Got difference for account updates
2026.10.03 12:14:51 telethon.client.updates INFO     Got difference for channel 1930654409 updates
2026.10.03 12:14:51 telethon.client.updates INFO     Got difference for channel 1327565517 updates
2026.10.03 12:14:52 core.audio_cache     INFO     📦 Dublikat qarşısı: ooylQJ6rLSs → depodakı 'Samia, Maya Hawke - Honey (Maya Hawke Version)'
2026.10.03 12:14:52 core.audio_cache     INFO     📦 Dublikat qarşısı: vzxrC2i0nuM → depodakı 'Hovvdy, Samia - To Me It Was (Hovvdy Version)'
2026.10.03 12:14:52 core.audio_cache     INFO     📦 Dublikat qarşısı: ccs65_gxIBg → depodakı 'Blondshell, Samia - Charm You (Blondshell Version)'
2026.10.03 12:14:52 core.audio_cache     INFO     📦 Dublikat qarşısı: ISl_GSWnfFE → depodakı 'Samia, Ruston Kelly - Dream Song (Ruston Kelly Version)'
2026.10.03 12:14:52 core.audio_cache     INFO     📦 Dublikat qarşısı: I28uDzhTx-s → depodakı 'Samia - Maps'
2026.10.03 12:14:53 core.audio_cache     INFO     📦 Dublikat qarşısı: _PcNTMOgM_E → depodakı 'Samia - Country'
2026.10.03 12:14:53 core.audio_cache     INFO     📦 Dublikat qarşısı: z_IUpDTsW7U → depodakı 'Samia - Desperado'
2026.10.03 12:14:53 core.audio_cache     INFO     📦 Dublikat qarşısı: viOPhMU3vgM → depodakı 'Samia, Rachael Jenkins - Born on a Train (Anxiety Version)'
2026.10.03 12:14:53 core.audio_cache     INFO     📦 Dublikat qarşısı: WF7j73i0xUA → depodakı 'Samia - As You Are'
2026.10.03 12:14:53 core.audio_cache     INFO     📦 Dublikat qarşısı: bl2iXaem5Fo → depodakı 'Samia, Rachael Jenkins - Born on a Train'
2026.10.03 12:14:53 core.audio_cache     INFO     📦 Dublikat qarşısı: JK4WQTpsr5I → depodakı 'Samia - Show Up'
2026.10.03 12:14:56 telethon.client.updates INFO     Got difference for channel 1270848742 updates
2026.10.03 12:15:00 plugins.depo_filler_plugin INFO     🎵 YTM ifaçı quinnie: ('Connection aborted.', ConnectionResetError(104, 'Connection reset by peer'))
2026.10.03 12:15:02 core.audio_cache     INFO     📦 Dublikat qarşısı: b2LjWeRMVWU → depodakı 'Samia - Does Not Heal'
2026.10.03 12:15:02 core.audio_cache     INFO     📦 Dublikat qarşısı: CIJHuguyfg0 → depodakı 'Samia - Elephant'
2026.10.03 12:15:02 core.audio_cache     INFO     📦 Dublikat qarşısı: YEkg4szYEP4 → depodakı 'Samia - Stellate'
2026.10.03 12:15:02 core.audio_cache     INFO     📦 Dublikat qarşısı: vAJwe8te8TI → depodakı 'Samia, Jelani Aryeh - The Promise'
2026.10.03 12:15:02 core.audio_cache     INFO     📦 Dublikat qarşısı: _dXLqjOztDY → depodakı 'Samia - Pool'
2026.10.03 12:15:02 core.audio_cache     INFO     📦 Dublikat qarşısı: bTgnTuq_VaY → depodakı 'Samia - Never Said'
2026.10.03 12:15:03 core.audio_cache     INFO     📦 Dublikat qarşısı: 9c8K9g1L0Cc → depodakı 'Samia - Is There Something in the Movies?'
2026.10.03 12:15:03 core.audio_cache     INFO     📦 Dublikat qarşısı: tQ6VUjuZcRA → depodakı 'Samia - Paris'
2026.10.03 12:15:03 core.audio_cache     INFO     📦 Dublikat qarşısı: IBkMesL_IJQ → depodakı 'Samia - Ode to Artifice'
2026.10.03 12:15:03 core.audio_cache     INFO     📦 Dublikat qarşısı: b8kgHc7Gk80 → depodakı 'Samia - Lasting Friend'
2026.10.03 12:15:03 core.audio_cache     INFO     📦 Dublikat qarşısı: Bwvtl55yo_s → depodakı 'Samia - Milk'
2026.10.03 12:15:03 core.audio_cache     INFO     📦 Dublikat qarşısı: h0SxMPnJs0M → depodakı 'Samia - 21'
2026.10.03 12:15:03 core.audio_cache     INFO     📦 Dublikat qarşısı: oS3AjgPU8f8 → depodakı 'Samia - The Night Josh Tillman Listened to My Song'
2026.10.03 12:15:03 core.audio_cache     INFO     📦 Dublikat qarşısı: g6z6gUX_vwE → depodakı 'Samia - Django'
2026.10.03 12:15:04 core.youtube_handler INFO     Yükləmə cəhdi: cookies + mweb (PO token)
2026.10.03 12:15:04 telethon.client.updates INFO     Got difference for channel 1270848742 updates
2026.10.03 12:15:07 core.youtube_handler INFO     Yükləmə cəhdi: cookies + mweb (PO token)
2026.10.03 12:15:09 core.youtube_handler INFO     Yükləmə cəhdi: cookies + mweb (PO token)
2026.10.03 12:15:09 telethon.client.updates INFO     Got difference for channel 1270848742 updates
2026.10.03 12:15:09 core.youtube_handler INFO     Yükləmə cəhdi: cookies + mweb (PO token)
2026.10.03 12:15:10 core.youtube_handler INFO     Yükləmə cəhdi: cookies + mweb (PO token)
2026.10.03 12:15:11 core.youtube_handler INFO     Yükləmə cəhdi: cookies + mweb (PO token)
2026.10.03 12:15:12 core.youtube_handler INFO     Yükləmə cəhdi: cookies + mweb (PO token)
2026.10.03 12:15:12 core.youtube_handler INFO     Yükləmə cəhdi: cookies + mweb (PO token)
2026.10.03 12:15:13 core.youtube_handler INFO     Yükləmə cəhdi: cookies + mweb (PO token)
2026.10.03 12:15:14 core.youtube_handler INFO     Yükləmə cəhdi: cookies + mweb (PO token)
2026.10.03 12:15:14 core.youtube_handler INFO     Yükləmə cəhdi: cookies + mweb (PO token)
2026.10.03 12:15:15 core.audio_cache     INFO     📦 Dublikat qarşısı: v5SSmt4P9hQ → depodakı 'Aly & AJ - Take Me'
2026.10.03 12:15:15 core.audio_cache     INFO     📦 Dublikat qarşısı: eC0md3cAzdk → depodakı 'Samia - Someone Tell the Boys'
2026.10.03 12:15:15 plugins.music_plugin INFO     Metadata (spotify): Aly & AJ - Collapsed
2026.10.03 12:15:15 core.youtube_handler INFO     Yükləmə cəhdi: cookies + mweb (PO token)
2026.10.03 12:15:15 core.audio_cache     INFO     📦 Dublikat qarşısı: QQut8F4mL_U → depodakı 'Samia - Stellate'
2026.10.03 12:15:15 core.audio_cache     INFO     📦 Dublikat qarşısı: 3GrZIxEymJc → depodakı 'Samia - Welcome to Eden'
2026.10.03 12:15:15 core.audio_cache     INFO     📦 Dublikat qarşısı: 0Go3jBZs-cc → depodakı 'Sam Fender, Olivia Dean - Rein Me In'
2026.10.03 12:15:15 core.audio_cache     INFO     📦 Dublikat qarşısı: LC8l-4kpslo → depodakı 'Noah Kahan - Homesick'
2026.10.03 12:15:17 core.youtube_handler INFO     Yükləmə cəhdi: cookies + mweb (PO token)
2026.10.03 12:15:18 core.youtube_handler INFO     Yükləmə cəhdi: cookies + mweb (PO token)
2026.10.03 12:15:18 telethon.client.updates INFO     Got difference for channel 3581682499 updates
2026.10.03 12:15:19 plugins.music_plugin INFO     Metadata (spotify): Sam Fender - Seventeen Going Under
2026.10.03 12:15:19 core.youtube_handler INFO     Yükləmə cəhdi: cookies + mweb (PO token)
2026.10.03 12:15:20 aiogram.event        INFO     Update id=875927451 is handled. Duration 64 ms by bot id=8976652462
2026.10.03 12:15:20 core.youtube_handler INFO     Yükləmə cəhdi: cookies + mweb (PO token)
2026.10.03 12:15:21 plugins.music_plugin INFO     Metadata (spotify): Sam Fender - People Watching
2026.10.03 12:15:21 core.youtube_handler INFO     Yükləmə cəhdi: cookies + mweb (PO token)
2026.10.03 12:15:22 core.youtube_handler INFO     Yükləmə cəhdi: cookies + mweb (PO token)
2026.10.03 12:15:22 plugins.music_plugin INFO     Metadata (spotify): Sam Fender - Spit Of You
2026.10.03 12:15:22 core.youtube_handler INFO     Yükləmə cəhdi: cookies + mweb (PO token)
2026.10.03 12:15:23 aiogram.event        INFO     Update id=875927452 is handled. Duration 11 ms by bot id=8976652462
2026.10.03 12:15:23 plugins.music_plugin INFO     Metadata (spotify): Sam Fender - Hypersonic Missiles
2026.10.03 12:15:23 core.youtube_handler INFO     Yükləmə cəhdi: cookies + mweb (PO token)
2026.10.03 12:15:23 plugins.music_plugin INFO     Metadata (spotify): Sam Fender - Getting Started
2026.10.03 12:15:23 telethon.client.updates INFO     Got difference for channel 1450190758 updates
2026.10.03 12:15:23 plugins.music_plugin INFO     Metadata (spotify): Sam Fender - Arm's Length
2026.10.03 12:15:23 aiogram.event        INFO     Update id=875927453 is handled. Duration 21 ms by bot id=8976652462
2026.10.03 12:15:24 telethon.client.updates INFO     Got difference for channel 1270848742 updates
2026.10.03 12:15:24 core.youtube_handler INFO     Yükləmə cəhdi: cookies + mweb (PO token)
2026.10.03 12:15:24 plugins.music_plugin INFO     Metadata (spotify): Sam Fender - Little Bit Closer
2026.10.03 12:15:24 core.youtube_handler INFO     Yükləmə cəhdi: cookies + mweb (PO token)
2026.10.03 12:15:25 core.audio_cache     INFO     📦 Dublikat qarşısı: KUsoD7xGMu8 → depodakı 'Big Thief - Lorraine'
2026.10.03 12:15:25 core.audio_cache     INFO     📦 Dublikat qarşısı: NQBVZuCdUUM → depodakı 'Big Thief - Shoulders (Live at The Bunker Studio)'
2026.10.03 12:15:25 core.audio_cache     INFO     📦 Dublikat qarşısı: COclCXWfgGw → depodakı 'Aly & AJ - Slow Dancing'
2026.10.03 12:15:25 core.youtube_handler INFO     Yükləmə cəhdi: cookies + mweb (PO token)
2026.10.03 12:15:25 aiogram.event        INFO     Update id=875927454 is handled. Duration 15 ms by bot id=8976652462
2026.10.03 12:15:26 plugins.music_plugin INFO     Metadata (spotify): Sam Fender, Elton John - Talk to You
2026.10.03 12:15:26 aiogram.event        INFO     Update id=875927455 is handled. Duration 0 ms by bot id=8976652462
2026.10.03 12:15:26 plugins.music_plugin INFO     Metadata (spotify): Sam Fender - The Borders
2026.10.03 12:15:26 aiogram.event        INFO     Update id=875927456 is handled. Duration 32 ms by bot id=8976652462
2026.10.03 12:15:27 plugins.music_plugin INFO     Metadata (spotify): Sam Fender - Will We Talk?
2026.10.03 12:15:27 aiogram.event        INFO     Update id=875927457 is handled. Duration 38 ms by bot id=8976652462
2026.10.03 12:15:28 aiogram.event        INFO     Update id=875927458 is handled. Duration 26 ms by bot id=8976652462
2026.10.03 12:15:28 core.youtube_handler INFO     Yükləmə cəhdi: cookies + mweb (PO token)
2026.10.03 12:15:29 plugins.music_plugin INFO     Metadata (spotify): Sam Fender - Get You Down
2026.10.03 12:15:29 plugins.music_plugin INFO     Metadata (spotify): Aly & AJ - Deck The Halls
2026.10.03 12:15:29 aiogram.event        INFO     Update id=875927459 is handled. Duration 10 ms by bot id=8976652462
2026.10.03 12:15:29 core.youtube_handler INFO     Yükləmə cəhdi: cookies + mweb (PO token)
2026.10.03 12:15:29 core.audio_cache     INFO     📦 Dublikat qarşısı: eWRe5sSm2UI → depodakı 'Big Thief - Dandelion'
2026.10.03 12:15:29 core.audio_cache     INFO     📦 Dublikat qarşısı: --xc0J387mM → depodakı 'Aly & AJ - Am I Alright'
2026.10.03 12:15:29 core.audio_cache     INFO     📦 Dublikat qarşısı: NFtKgqJdGKg → depodakı 'Big Thief - Born For Loving You'
2026.10.03 12:15:29 aiogram.event        INFO     Update id=875927460 is handled. Duration 143 ms by bot id=8976652462
2026.10.03 12:15:30 core.youtube_handler INFO     Yükləmə cəhdi: cookies + mweb (PO token)
2026.10.03 12:15:30 aiogram.event        INFO     Update id=875927461 is handled. Duration 5 ms by bot id=8976652462
2026.10.03 12:15:30 plugins.music_plugin INFO     Metadata (spotify): Aly & AJ - No One
2026.10.03 12:15:31 core.youtube_handler INFO     Yükləmə cəhdi: cookies + mweb (PO token)
2026.10.03 12:15:31 plugins.music_plugin INFO     Metadata (spotify): Aly & AJ - God Rest Ye Merry Gentlemen
2026.10.03 12:15:31 aiogram.event        INFO     Update id=875927462 is handled. Duration 5 ms by bot id=8976652462
2026.10.03 12:15:31 core.youtube_handler INFO     Yükləmə cəhdi: cookies + mweb (PO token)
2026.10.03 12:15:32 plugins.music_plugin INFO     Metadata (spotify): Sam Fender - Play God
2026.10.03 12:15:32 aiogram.event        INFO     Update id=875927463 is handled. Duration 75 ms by bot id=8976652462
2026.10.03 12:15:32 core.youtube_handler INFO     Yükləmə cəhdi: cookies + mweb (PO token)
2026.10.03 12:15:32 aiogram.event        INFO     Update id=875927464 is handled. Duration 20 ms by bot id=8976652462
2026.10.03 12:15:33 core.youtube_handler INFO     Yükləmə cəhdi: cookies + mweb (PO token)
2026.10.03 12:15:33 core.youtube_handler INFO     Yükləmə cəhdi: cookies + mweb (PO token)
2026.10.03 12:15:33 aiogram.event        INFO     Update id=875927465 is handled. Duration 0 ms by bot id=8976652462
2026.10.03 12:15:34 plugins.music_plugin INFO     Metadata (spotify): Sam Fender - Crumbling Empire
2026.10.03 12:15:34 core.youtube_handler INFO     Yükləmə cəhdi: cookies + mweb (PO token)
2026.10.03 12:15:34 core.youtube_handler INFO     Yükləmə cəhdi: cookies + mweb (PO token)
2026.10.03 12:15:34 core.youtube_handler INFO     Yükləmə cəhdi: cookies + mweb (PO token)
2026.10.03 12:15:35 plugins.music_plugin INFO     Metadata (spotify): Sam Fender - Me and The Dog
2026.10.03 12:15:35 core.youtube_handler INFO     Yükləmə cəhdi: cookies + mweb (PO token)
2026.10.03 12:15:35 plugins.music_plugin INFO     Metadata (spotify): Sam Fender - Remember My Name
2026.10.03 12:15:36 plugins.music_plugin INFO     Metadata (spotify): Sam Fender - Wild Long Lie
2026.10.03 12:15:36 telethon.client.updates INFO     Got difference for channel 1270848742 updates
2026.10.03 12:15:36 core.youtube_handler INFO     Yükləmə cəhdi: cookies + mweb (PO token)
2026.10.03 12:15:36 plugins.music_plugin INFO     Metadata (spotify): Sam Fender - Dead Boys
2026.10.03 12:15:36 core.youtube_handler INFO     Yükləmə cəhdi: cookies + mweb (PO token)
2026.10.03 12:15:37 plugins.music_plugin INFO     Metadata (spotify): Sam Fender - Nostalgia's Lie
2026.10.03 12:15:37 core.youtube_handler INFO     Yükləmə cəhdi: cookies + mweb (PO token)
2026.10.03 12:15:37 telethon.client.updates INFO     Got difference for channel 2233220502 updates
2026.10.03 12:15:38 aiogram.event        INFO     Update id=875927467 is handled. Duration 66 ms by bot id=8976652462
2026.10.03 12:15:38 core.youtube_handler INFO     Yükləmə cəhdi: cookies + mweb (PO token)
2026.10.03 12:15:38 aiogram.event        INFO     Update id=875927468 is handled. Duration 1 ms by bot id=8976652462
2026.10.03 12:15:38 aiogram.event        INFO     Update id=875927466 is handled. Duration 2931 ms by bot id=8976652462
2026.10.03 12:15:38 aiogram.event        INFO     Update id=875927469 is handled. Duration 93 ms by bot id=8976652462
2026.10.03 12:15:38 plugins.music_plugin INFO     Metadata (spotify): Sam Fender - Seventeen Going Under (Acoustic)
2026.10.03 12:15:39 core.youtube_handler INFO     Yükləmə cəhdi: cookies + mweb (PO token)
2026.10.03 12:15:39 aiogram.event        INFO     Update id=875927470 is handled. Duration 21 ms by bot id=8976652462
2026.10.03 12:15:39 aiogram.event        INFO     Update id=875927471 is handled. Duration 5 ms by bot id=8976652462
2026.10.03 12:15:39 core.youtube_handler INFO     Yükləmə cəhdi: cookies + mweb (PO token)
2026.10.03 12:15:39 telethon.client.updates INFO     Got difference for channel 1327565517 updates
2026.10.03 12:15:40 aiogram.event        INFO     Update id=875927472 is handled. Duration 82 ms by bot id=8976652462
2026.10.03 12:15:40 core.youtube_handler INFO     Yükləmə cəhdi: cookies + mweb (PO token)
2026.10.03 12:15:40 plugins.music_plugin INFO     Metadata (spotify): 78violet - Belong Here (Main Title Theme From Hellcats)
2026.10.03 12:15:41 plugins.music_plugin INFO     Metadata (spotify): Sam Fender - That Sound
2026.10.03 12:15:41 core.youtube_handler INFO     Yükləmə cəhdi: cookies + mweb (PO token)
2026.10.03 12:15:41 plugins.music_plugin INFO     Metadata (spotify): Aly & AJ - Out Of The Blue
2026.10.03 12:15:42 core.youtube_handler INFO     Yükləmə cəhdi: cookies + mweb (PO token)
2026.10.03 12:15:42 core.youtube_handler INFO     Yükləmə cəhdi: cookies + mweb (PO token)
2026.10.03 12:15:42 core.youtube_handler INFO     Yükləmə cəhdi: cookies + mweb (PO token)
2026.10.03 12:15:42 plugins.depo_filler_plugin INFO     🎵 YTM Katie Gregson-MacLeod: 53 mahnı (+53 növbəyə, 0 artıq depoda), +4 yeni ifaçı
2026.10.03 12:15:42 aiogram.event        INFO     Update id=875927473 is handled. Duration 123 ms by bot id=8976652462
2026.10.03 12:15:42 core.youtube_handler INFO     Yükləmə cəhdi: cookies + mweb (PO token)
2026.10.03 12:15:42 plugins.music_plugin INFO     Metadata (spotify): Aly & AJ - Greatest Time Of Year
2026.10.03 12:15:43 plugins.music_plugin INFO     Metadata (spotify): Sam Fender - The Treadmill
2026.10.03 12:15:43 core.youtube_handler INFO     Yükləmə cəhdi: cookies + mweb (PO token)
2026.10.03 12:15:43 plugins.music_plugin INFO     Metadata (spotify): Sam Fender - Saturday
2026.10.03 12:15:44 aiogram.event        INFO     Update id=875927474 is handled. Duration 29 ms by bot id=8976652462
2026.10.03 12:15:44 core.youtube_handler INFO     Yükləmə cəhdi: cookies + mweb (PO token)
2026.10.03 12:15:44 plugins.music_plugin INFO     Metadata (spotify): Sam Fender - The Dying Light
2026.10.03 12:15:44 telethon.client.updates INFO     Got difference for channel 1270848742 updates
2026.10.03 12:15:44 aiogram.event        INFO     Update id=875927475 is handled. Duration 1 ms by bot id=8976652462
2026.10.03 12:15:44 core.youtube_handler INFO     Yükləmə cəhdi: cookies + mweb (PO token)
2026.10.03 12:15:44 core.youtube_handler INFO     Yükləmə cəhdi: cookies + mweb (PO token)
2026.10.03 12:15:45 aiogram.event        INFO     Update id=875927476 is handled. Duration 2 ms by bot id=8976652462
2026.10.03 12:15:45 aiogram.event        INFO     Update id=875927477 is handled. Duration 0 ms by bot id=8976652462
2026.10.03 12:15:46 aiogram.event        INFO     Update id=875927478 is handled. Duration 10 ms by bot id=8976652462
2026.10.03 12:15:46 plugins.music_plugin INFO     Metadata (spotify): Sam Fender - Angel In Lothian
2026.10.03 12:15:46 core.youtube_handler INFO     Yükləmə cəhdi: cookies + mweb (PO token)
2026.10.03 12:15:46 aiogram.event        INFO     Update id=875927479 is handled. Duration 0 ms by bot id=8976652462
2026.10.03 12:15:46 plugins.music_plugin INFO     Metadata (spotify): Sam Fender - Aye
2026.10.03 12:15:46 plugins.music_plugin INFO     Metadata (spotify): Sam Fender - Chin Up
2026.10.03 12:15:47 aiogram.event        INFO     Update id=875927480 is handled. Duration 39 ms by bot id=8976652462
2026.10.03 12:15:47 core.youtube_handler INFO     Yükləmə cəhdi: cookies + mweb (PO token)
2026.10.03 12:15:47 core.youtube_handler INFO     Yükləmə cəhdi: cookies + mweb (PO token)
2026.10.03 12:15:47 plugins.music_plugin INFO     Metadata (spotify): Sam Fender - Poundshop Kardashians
2026.10.03 12:15:47 plugins.music_plugin INFO     Metadata (spotify): Sam Fender - Long Way Off
2026.10.03 12:15:48 plugins.music_plugin INFO     Metadata (spotify): Sam Fender - Wild Grey Ocean
2026.10.03 12:15:48 core.youtube_handler INFO     Yükləmə cəhdi: cookies + mweb (PO token)
2026.10.03 12:15:49 aiogram.event        INFO     Update id=875927481 is handled. Duration 0 ms by bot id=8976652462
2026.10.03 12:15:49 aiogram.event        INFO     Update id=875927482 is handled. Duration 41 ms by bot id=8976652462
2026.10.03 12:15:49 aiogram.event        INFO     Update id=875927483 is handled. Duration 51 ms by bot id=8976652462
2026.10.03 12:15:49 plugins.music_plugin INFO     Metadata (spotify): Sam Fender - Something Heavy
2026.10.03 12:15:49 plugins.music_plugin INFO     Metadata (spotify): Sam Fender - Tyrants
2026.10.03 12:15:49 core.youtube_handler INFO     Yükləmə cəhdi: cookies + mweb (PO token)
2026.10.03 12:15:50 aiogram.event        INFO     Update id=875927484 is handled. Duration 15 ms by bot id=8976652462
2026.10.03 12:15:50 core.youtube_handler INFO     Yükləmə cəhdi: cookies + mweb (PO token)
2026.10.03 12:15:50 aiogram.event        INFO     Update id=875927485 is handled. Duration 0 ms by bot id=8976652462
2026.10.03 12:15:51 aiogram.event        INFO     Update id=875927486 is handled. Duration 10 ms by bot id=8976652462
2026.10.03 12:15:51 core.youtube_handler INFO     Yükləmə cəhdi: cookies + mweb (PO token)
2026.10.03 12:15:52 plugins.music_plugin INFO     Metadata (spotify): Sam Fender - All Is On My Side
2026.10.03 12:15:52 plugins.music_plugin INFO     Metadata (spotify): Sam Fender - You're Not The Only One
2026.10.03 12:15:52 aiogram.event        INFO     Update id=875927487 is handled. Duration 36 ms by bot id=8976652462
2026.10.03 12:15:52 core.youtube_handler INFO     Yükləmə cəhdi: cookies + mweb (PO token)
2026.10.03 12:15:53 plugins.music_plugin INFO     Metadata (spotify): Sam Fender - Pretending That You're Dead
2026.10.03 12:15:53 aiogram.event        INFO     Update id=875927488 is handled. Duration 31 ms by bot id=8976652462
2026.10.03 12:15:53 core.youtube_handler INFO     Yükləmə cəhdi: cookies + mweb (PO token)
2026.10.03 12:15:54 plugins.music_plugin INFO     Metadata (spotify): Sam Fender - Paradigms
2026.10.03 12:15:54 telethon.client.updates INFO     Got difference for channel 1270848742 updates
2026.10.03 12:15:54 core.youtube_handler INFO     Yükləmə cəhdi: cookies + mweb (PO token)
2026.10.03 12:15:55 core.audio_cache     INFO     📦 Dublikat qarşısı: 6Xn01XzRleY → depodakı 'Big Thief - Interstate'
2026.10.03 12:15:55 aiogram.event        INFO     Update id=875927489 is handled. Duration 0 ms by bot id=8976652462
2026.10.03 12:15:55 plugins.music_plugin INFO     Metadata (spotify): Sam Fender - TV Dinner
2026.10.03 12:15:55 plugins.music_plugin INFO     Metadata (spotify): Sam Fender - Mantra
2026.10.03 12:15:55 plugins.music_plugin INFO     Metadata (spotify): Sam Fender - Howdon Aldi Death Queue
2026.10.03 12:15:55 aiogram.event        INFO     Update id=875927490 is handled. Duration 0 ms by bot id=8976652462
2026.10.03 12:15:56 aiogram.event        INFO     Update id=875927491 is handled. Duration 0 ms by bot id=8976652462
2026.10.03 12:15:57 plugins.music_plugin INFO     Metadata (spotify): Sam Fender - I'm Always On Stage
2026.10.03 12:15:57 aiogram.event        INFO     Update id=875927492 is handled. Duration 33 ms by bot id=8976652462
2026.10.03 12:15:57 aiogram.event        INFO     Update id=875927493 is handled. Duration 15 ms by bot id=8976652462
2026.10.03 12:15:57 core.youtube_handler INFO     Yükləmə cəhdi: cookies + mweb (PO token)
2026.10.03 12:15:58 aiogram.event        INFO     Update id=875927494 is handled. Duration 21 ms by bot id=8976652462
2026.10.03 12:15:58 aiogram.event        INFO     Update id=875927495 is handled. Duration 5 ms by bot id=8976652462
2026.10.03 12:15:58 plugins.music_plugin INFO     Metadata (spotify): Sam Fender - Spice
2026.10.03 12:15:59 core.audio_cache     INFO     📦 Dublikat qarşısı: UoWPoDZ5QiM → depodakı 'Big Thief - Forgotten Eyes (Live at The Bunker Studio)'
2026.10.03 12:15:59 core.youtube_handler INFO     Yükləmə cəhdi: cookies + mweb (PO token)
2026.10.03 12:15:59 plugins.music_plugin INFO     Metadata (spotify): Sam Fender - Back To Black (BBC Radio 1 Live Session)
2026.10.03 12:16:00 core.youtube_handler INFO     Yükləmə cəhdi: cookies + mweb (PO token)
2026.10.03 12:16:00 core.audio_cache     INFO     📦 Dublikat qarşısı: KXgCWowssg0 → depodakı 'Big Thief - Terminal Paradise (Live at The Bunker Studio)'
2026.10.03 12:16:00 plugins.music_plugin INFO     Metadata (spotify): Sam Fender - Empty Spaces
2026.10.03 12:16:00 plugins.music_plugin INFO     Metadata (spotify): Sam Fender - Last To Make It Home
2026.10.03 12:16:00 aiogram.event        INFO     Update id=875927496 is handled. Duration 0 ms by bot id=8976652462
2026.10.03 12:16:01 plugins.music_plugin INFO     Metadata (spotify): Sam Fender - Alright
2026.10.03 12:16:01 aiogram.event        INFO     Update id=875927497 is handled. Duration 15 ms by bot id=8976652462
2026.10.03 12:16:01 plugins.music_plugin INFO     Metadata (spotify): Sam Fender - Getting Started (Live From Finsbury Park)
2026.10.03 12:16:01 core.youtube_handler INFO     Yükləmə cəhdi: cookies + mweb (PO token)
2026.10.03 12:16:01 plugins.music_plugin INFO     Metadata (spotify): Sam Fender - Little Bull Of Blithe
2026.10.03 12:16:02 plugins.music_plugin INFO     Metadata (spotify): Sam Fender - Call Me Lover
2026.10.03 12:16:02 core.youtube_handler INFO     Yükləmə cəhdi: cookies + mweb (PO token)
2026.10.03 12:16:03 aiogram.event        INFO     Update id=875927498 is handled. Duration 31 ms by bot id=8976652462
2026.10.03 12:16:03 core.audio_cache     INFO     📦 Dublikat qarşısı: mk9bSOOp2hg → depodakı 'Big Thief - Randy'
2026.10.03 12:16:04 aiogram.event        INFO     Update id=875927499 is handled. Duration 36 ms by bot id=8976652462
2026.10.03 12:16:04 plugins.music_plugin INFO     Metadata (spotify): Sam Fender - Will We Talk? (MK Remix)
2026.10.03 12:16:04 aiogram.event        INFO     Update id=875927500 is handled. Duration 41 ms by bot id=8976652462
2026.10.03 12:16:04 plugins.music_plugin INFO     Metadata (spotify): Sam Fender - Hold Out
2026.10.03 12:16:04 aiogram.event        INFO     Update id=875927501 is handled. Duration 21 ms by bot id=8976652462
2026.10.03 12:16:04 core.youtube_handler INFO     Yükləmə cəhdi: cookies + mweb (PO token)
2026.10.03 12:16:04 aiogram.event        INFO     Update id=875927502 is handled. Duration 10 ms by bot id=8976652462
2026.10.03 12:16:04 core.youtube_handler INFO     Yükləmə cəhdi: cookies + mweb (PO token)
2026.10.03 12:16:04 aiogram.event        INFO     Update id=875927503 is handled. Duration 62 ms by bot id=8976652462
2026.10.03 12:16:05 core.youtube_handler INFO     Yükləmə cəhdi: cookies + mweb (PO token)
2026.10.03 12:16:05 core.youtube_handler INFO     Yükləmə cəhdi: cookies + mweb (PO token)
2026.10.03 12:16:05 aiogram.event        INFO     Update id=875927504 is handled. Duration 1 ms by bot id=8976652462
2026.10.03 12:16:05 plugins.music_plugin INFO     Metadata (spotify): Sam Fender, Chase & Status - Getting Started (Chase & Status Remix)
2026.10.03 12:16:06 plugins.music_plugin INFO     Metadata (spotify): Sam Fender - Greasy Spoon
2026.10.03 12:16:06 aiogram.event        INFO     Update id=875927505 is handled. Duration 16 ms by bot id=8976652462
2026.10.03 12:16:07 core.audio_cache     INFO     📦 Dublikat qarşısı: SgcWQhJc_Bo → depodakı 'Aly & AJ - Rush'
2026.10.03 12:16:07 plugins.music_plugin INFO     Metadata (spotify): Sam Fender - Start Again
2026.10.03 12:16:07 plugins.music_plugin INFO     Metadata (spotify): Sam Fender - Fortuna's Wheel
2026.10.03 12:16:07 core.youtube_handler INFO     Yükləmə cəhdi: cookies + mweb (PO token)
2026.10.03 12:16:08 core.youtube_handler INFO     Yükləmə cəhdi: cookies + mweb (PO token)
2026.10.03 12:16:08 plugins.music_plugin INFO     Metadata (spotify): Aly & AJ - Like Whoa
2026.10.03 12:16:08 aiogram.event        INFO     Update id=875927506 is handled. Duration 26 ms by bot id=8976652462
2026.10.03 12:16:09 aiogram.event        INFO     Update id=875927507 is handled. Duration 21 ms by bot id=8976652462
2026.10.03 12:16:09 plugins.music_plugin INFO     Metadata (spotify): Sam Fender - Leave Fast (Single Edit)
2026.10.03 12:16:09 core.audio_cache     INFO     📦 Dublikat qarşısı: XTlM_a8swSw → depodakı 'Big Thief - Real Love'
2026.10.03 12:16:10 core.youtube_handler INFO     Yükləmə cəhdi: cookies + mweb (PO token)
2026.10.03 12:16:10 aiogram.event        INFO     Update id=875927508 is handled. Duration 1 ms by bot id=8976652462
2026.10.03 12:16:10 aiogram.event        INFO     Update id=875927509 is handled. Duration 27 ms by bot id=8976652462
2026.10.03 12:16:10 aiogram.event        INFO     Update id=875927510 is handled. Duration 0 ms by bot id=8976652462
2026.10.03 12:16:10 core.youtube_handler INFO     Yükləmə cəhdi: cookies + mweb (PO token)
2026.10.03 12:16:10 aiogram.event        INFO     Update id=875927511 is handled. Duration 21 ms by bot id=8976652462
2026.10.03 12:16:11 core.youtube_handler INFO     Yükləmə cəhdi: cookies + mweb (PO token)
2026.10.03 12:16:12 plugins.music_plugin INFO     Metadata (spotify): Sam Fender - People Watching (Live At The O2 Arena)
2026.10.03 12:16:12 plugins.music_plugin INFO     Metadata (spotify): Sam Fender - The Leveller
2026.10.03 12:16:12 core.audio_cache     INFO     📦 Dublikat qarşısı: q3aRG4ApSFE → depodakı 'Aly & AJ - Don't Need Nothing'
2026.10.03 12:16:12 core.youtube_handler INFO     Yükləmə cəhdi: cookies + mweb (PO token)
2026.10.03 12:16:13 core.youtube_handler INFO     Yükləmə cəhdi: cookies + mweb (PO token)
2026.10.03 12:16:13 plugins.music_plugin INFO     Metadata (spotify): Sam Fender - Friday Fighting
2026.10.03 12:16:14 core.youtube_handler INFO     Yükləmə cəhdi: cookies + mweb (PO token)
2026.10.03 12:16:14 aiogram.event        INFO     Update id=875927512 is handled. Duration 62 ms by bot id=8976652462
2026.10.03 12:16:15 core.youtube_handler INFO     Yükləmə cəhdi: cookies + mweb (PO token)
2026.10.03 12:16:15 plugins.music_plugin INFO     Metadata (spotify): Aly & AJ - Silence
2026.10.03 12:16:15 aiogram.event        INFO     Update id=875927513 is handled. Duration 15 ms by bot id=8976652462
2026.10.03 12:16:15 core.youtube_handler INFO     Yükləmə cəhdi: cookies + mweb (PO token)
2026.10.03 12:16:16 aiogram.event        INFO     Update id=875927514 is handled. Duration 25 ms by bot id=8976652462
2026.10.03 12:16:16 plugins.music_plugin INFO     Metadata (spotify): Sam Fender - Seventeen Going Under (Live At The BRIT Awards 2022)
2026.10.03 12:16:16 core.youtube_handler INFO     Yükləmə cəhdi: cookies + mweb (PO token)
2026.10.03 12:16:16 core.youtube_handler INFO     Yükləmə cəhdi: cookies + mweb (PO token)
2026.10.03 12:16:16 plugins.music_plugin INFO     Metadata (spotify): Sam Fender - Millennial
2026.10.03 12:16:17 plugins.music_plugin INFO     Metadata (spotify): Sam Fender - Better Of Me
2026.10.03 12:16:17 plugins.music_plugin INFO     Metadata (spotify): Sam Fender - Two People
2026.10.03 12:16:17 aiogram.event        INFO     Update id=875927515 is handled. Duration 58 ms by bot id=8976652462
2026.10.03 12:16:18 core.audio_cache     INFO     📦 Dublikat qarşısı: L3Gfyr87Wb8 → depodakı 'Aly & AJ - Hold Out'
2026.10.03 12:16:18 core.youtube_handler INFO     Yükləmə cəhdi: cookies + mweb (PO token)
2026.10.03 12:16:18 aiogram.event        INFO     Update id=875927516 is handled. Duration 0 ms by bot id=8976652462
2026.10.03 12:16:19 aiogram.event        INFO     Update id=875927517 is handled. Duration 41 ms by bot id=8976652462
2026.10.03 12:16:19 core.youtube_handler INFO     Yükləmə cəhdi: cookies + mweb (PO token)
2026.10.03 12:16:19 aiogram.event        INFO     Update id=875927518 is handled. Duration 0 ms by bot id=8976652462
2026.10.03 12:16:19 core.youtube_handler INFO     Yükləmə cəhdi: cookies + mweb (PO token)
2026.10.03 12:16:20 plugins.music_plugin INFO     Metadata (spotify): Sam Fender - The Borders (Live From Finsbury Park)
2026.10.03 12:16:20 plugins.music_plugin INFO     Metadata (spotify): Sam Fender - Dead Boys (Solo)
2026.10.03 12:16:20 aiogram.event        INFO     Update id=875927519 is handled. Duration 25 ms by bot id=8976652462
2026.10.03 12:16:20 core.audio_cache     INFO     📦 Dublikat qarşısı: oacUgWXrqwc → depodakı 'Big Thief - Masterpiece'
2026.10.03 12:16:20 aiogram.event        INFO     Update id=875927520 is handled. Duration 0 ms by bot id=8976652462
2026.10.03 12:16:21 core.youtube_handler INFO     Yükləmə cəhdi: cookies + mweb (PO token)
2026.10.03 12:16:22 plugins.music_plugin INFO     Metadata (spotify): Aly & AJ - If I Could Have You Back
2026.10.03 12:16:22 core.youtube_handler INFO     Yükləmə cəhdi: cookies + mweb (PO token)
2026.10.03 12:16:23 core.youtube_handler INFO     Yükləmə cəhdi: cookies + mweb (PO token)
2026.10.03 12:16:23 plugins.music_plugin INFO     Metadata (spotify): Sam Fender - White Privilege
2026.10.03 12:16:23 core.audio_cache     INFO     📦 Dublikat qarşısı: w1QlOfYxykI → depodakı 'Big Thief - Shark Smile'
2026.10.03 12:16:23 aiogram.event        INFO     Update id=875927521 is handled. Duration 0 ms by bot id=8976652462
2026.10.03 12:16:24 plugins.music_plugin INFO     Metadata (spotify): Sam Fender - Poltergeists
2026.10.03 12:16:24 core.youtube_handler INFO     Yükləmə cəhdi: cookies + mweb (PO token)
2026.10.03 12:16:25 plugins.music_plugin INFO     Metadata (spotify): Sam Fender - Alright (Live From Finsbury Park)
2026.10.03 12:16:25 core.youtube_handler INFO     Yükləmə cəhdi: cookies + mweb (PO token)
2026.10.03 12:16:25 plugins.depo_filler_plugin INFO     🎵 YTM Adeem the Artist: 57 mahnı (+57 növbəyə, 0 artıq depoda), +9 yeni ifaçı
2026.10.03 12:16:25 aiogram.event        INFO     Update id=875927522 is handled. Duration 1 ms by bot id=8976652462
2026.10.03 12:16:25 core.youtube_handler INFO     Yükləmə cəhdi: cookies + mweb (PO token)
2026.10.03 12:16:25 aiogram.event        INFO     Update id=875927523 is handled. Duration 0 ms by bot id=8976652462
2026.10.03 12:16:26 telethon.client.updates INFO     Got difference for account updates
2026.10.03 12:16:26 plugins.music_plugin INFO     Metadata (spotify): Sam Fender - Seventeen Going Under (Live From Finsbury Park)
2026.10.03 12:16:27 core.youtube_handler INFO     Yükləmə cəhdi: cookies + mweb (PO token)
2026.10.03 12:16:27 aiogram.event        INFO     Update id=875927524 is handled. Duration 1 ms by bot id=8976652462
2026.10.03 12:16:27 plugins.music_plugin INFO     Metadata (spotify): Sam Fender - Good Company
2026.10.03 12:16:27 plugins.music_plugin INFO     Metadata (spotify): Sam Fender - Spit Of You (Live From Finsbury Park)
2026.10.03 12:16:27 core.youtube_handler INFO     Yükləmə cəhdi: cookies + mweb (PO token)
2026.10.03 12:16:27 plugins.music_plugin INFO     Metadata (spotify): Sam Fender - Sad But True (Live)
2026.10.03 12:16:28 aiogram.event        INFO     Update id=875927525 is handled. Duration 31 ms by bot id=8976652462
2026.10.03 12:16:28 aiogram.event        INFO     Update id=875927526 is handled. Duration 144 ms by bot id=8976652462
2026.10.03 12:16:28 core.youtube_handler INFO     Yükləmə cəhdi: cookies + mweb (PO token)
2026.10.03 12:16:28 core.youtube_handler INFO     Yükləmə cəhdi: cookies + mweb (PO token)
2026.10.03 12:16:29 plugins.music_plugin INFO     Metadata (spotify): Sam Fender - Get You Down (Live From Finsbury Park)
2026.10.03 12:16:29 plugins.music_plugin INFO     Metadata (spotify): Sam Fender - Hypersonic Missiles (Live From Finsbury Park)
2026.10.03 12:16:29 core.youtube_handler INFO     Yükləmə cəhdi: cookies + mweb (PO token)
2026.10.03 12:16:30 aiogram.event        INFO     Update id=875927527 is handled. Duration 0 ms by bot id=8976652462
2026.10.03 12:16:31 aiogram.event        INFO     Update id=875927528 is handled. Duration 19 ms by bot id=8976652462
2026.10.03 12:16:31 core.youtube_handler INFO     Yükləmə cəhdi: cookies + mweb (PO token)
2026.10.03 12:16:31 aiogram.event        INFO     Update id=875927529 is handled. Duration 0 ms by bot id=8976652462
2026.10.03 12:16:31 plugins.music_plugin INFO     Metadata (spotify): Sam Fender - Dead Boys (Live From Finsbury Park)
2026.10.03 12:16:31 core.youtube_handler INFO     Yükləmə cəhdi: cookies + mweb (PO token)
2026.10.03 12:16:31 aiogram.event        INFO     Update id=875927530 is handled. Duration 0 ms by bot id=8976652462
2026.10.03 12:16:31 plugins.music_plugin INFO     Metadata (spotify): Sam Fender - Use (Live)
2026.10.03 12:16:31 core.youtube_handler INFO     Yükləmə cəhdi: cookies + mweb (PO token)
2026.10.03 12:16:32 aiogram.event        INFO     Update id=875927531 is handled. Duration 0 ms by bot id=8976652462
2026.10.03 12:16:32 plugins.music_plugin INFO     Metadata (spotify): Sam Fender - Winter Song
2026.10.03 12:16:33 aiogram.event        INFO     Update id=875927532 is handled. Duration 25 ms by bot id=8976652462
2026.10.03 12:16:33 aiogram.event        INFO     Update id=875927533 is handled. Duration 1 ms by bot id=8976652462
2026.10.03 12:16:33 core.audio_cache     INFO     📦 Dublikat qarşısı: 5cXCUp6j5M8 → depodakı 'Sam Fender - People Watching'
2026.10.03 12:16:33 aiogram.event        INFO     Update id=875927534 is handled. Duration 1 ms by bot id=8976652462
2026.10.03 12:16:34 plugins.music_plugin INFO     Metadata (spotify): Sam Fender - Play God (Live From Finsbury Park)
2026.10.03 12:16:34 core.audio_cache     INFO     📦 Dublikat qarşısı: gNQ5tPep8yQ → depodakı 'Sam Fender - Nostalgia's Lie'
2026.10.03 12:16:35 plugins.music_plugin INFO     Metadata (spotify): Sam Fender - The Borders (live at Capitol Studios, solo)
2026.10.03 12:16:35 core.audio_cache     INFO     📦 Dublikat qarşısı: hQ-X7e1BCCQ → depodakı 'Sam Fender - Chin Up'
2026.10.03 12:16:36 plugins.music_plugin INFO     Metadata (spotify): Sam Fender - Will We Talk? (Live From Finsbury Park)
2026.10.03 12:16:36 core.audio_cache     INFO     📦 Dublikat qarşısı: VqnNJlysVTM → depodakı 'Sam Fender - Wild Long Lie'
2026.10.03 12:16:37 plugins.music_plugin INFO     Metadata (spotify): Sam Fender - Saturday (Live From Finsbury Park)
2026.10.03 12:16:37 core.audio_cache     INFO     📦 Dublikat qarşısı: -jcpbmED1D8 → depodakı 'Sam Fender - Arm's Length'
2026.10.03 12:16:37 plugins.music_plugin INFO     Metadata (spotify): Sam Fender - Dead Boys (Prelude)
2026.10.03 12:16:38 plugins.music_plugin INFO     Metadata (spotify): Sam Fender - The Dying Light (Live From Finsbury Park)
2026.10.03 12:16:38 core.audio_cache     INFO     📦 Dublikat qarşısı: 0nL_IadRLm0 → depodakı 'Sam Fender - Crumbling Empire'
2026.10.03 12:16:39 aiogram.event        INFO     Update id=875927535 is handled. Duration 166 ms by bot id=8976652462
2026.10.03 12:16:39 aiogram.event        INFO     Update id=875927536 is handled. Duration 6 ms by bot id=8976652462
2026.10.03 12:16:39 core.audio_cache     INFO     📦 Dublikat qarşısı: a6WX-kuzKos → depodakı 'Sam Fender - Little Bit Closer'
2026.10.03 12:16:39 plugins.music_plugin INFO     Metadata (spotify): Sam Fender - Will We Talk? (live at Capitol Studios, solo)
2026.10.03 12:16:39 plugins.music_plugin INFO     Metadata (spotify): Sam Fender - Howdon Aldi Death Queue (Live From Finsbury Park)
2026.10.03 12:16:40 plugins.music_plugin INFO     Metadata (spotify): Sam Fender - The Kitchen (Live)
2026.10.03 12:16:40 aiogram.event        INFO     Update id=875927537 is handled. Duration 49 ms by bot id=8976652462
2026.10.03 12:16:40 aiogram.event        INFO     Update id=875927538 is handled. Duration 0 ms by bot id=8976652462
2026.10.03 12:16:40 core.audio_cache     INFO     📦 Dublikat qarşısı: 6znfm2sjlmE → depodakı 'Sam Fender - TV Dinner'
2026.10.03 12:16:41 core.audio_cache     INFO     📦 Dublikat qarşısı: _Te9UKtAQmY → depodakı 'Sam Fender - Something Heavy'
2026.10.03 12:16:41 aiogram.event        INFO     Update id=875927539 is handled. Duration 12 ms by bot id=8976652462
2026.10.03 12:16:41 core.audio_cache     INFO     📦 Dublikat qarşısı: uaQm48G6IjY → depodakı 'Sam Fender - Remember My Name'
2026.10.03 12:16:41 core.audio_cache     INFO     📦 Dublikat qarşısı: WAifgn2Cvo8 → depodakı 'Sam Fender - Seventeen Going Under'
2026.10.03 12:16:41 core.audio_cache     INFO     📦 Dublikat qarşısı: EtEbyt1_cw8 → depodakı 'Sam Fender - Getting Started'
2026.10.03 12:16:41 core.audio_cache     INFO     📦 Dublikat qarşısı: o5p8dGHELOc → depodakı 'Sam Fender - Aye'
2026.10.03 12:16:41 plugins.music_plugin INFO     Metadata (spotify): Sam Fender - Mantra (Live From Finsbury Park)
2026.10.03 12:16:42 core.audio_cache     INFO     📦 Dublikat qarşısı: CVHvlNlbb7E → depodakı 'Sam Fender - Get You Down'
2026.10.03 12:16:42 aiogram.event        INFO     Update id=875927540 is handled. Duration 5 ms by bot id=8976652462
2026.10.03 12:16:43 core.audio_cache     INFO     📦 Dublikat qarşısı: KYIGzjK0boQ → depodakı 'Sam Fender - Long Way Off'
2026.10.03 12:16:43 aiogram.event        INFO     Update id=875927542 is handled. Duration 25 ms by bot id=8976652462
2026.10.03 12:16:43 aiogram.event        INFO     Update id=875927541 is handled. Duration 36 ms by bot id=8976652462
2026.10.03 12:16:43 aiogram.event        INFO     Update id=875927543 is handled. Duration 36 ms by bot id=8976652462
2026.10.03 12:16:43 plugins.music_plugin INFO     Metadata (spotify): Sam Fender - Better Of Me (Live From Finsbury Park)
2026.10.03 12:16:43 core.audio_cache     INFO     📦 Dublikat qarşısı: xoODq7Ol1so → depodakı 'Sam Fender - Spit Of You'
2026.10.03 12:16:44 plugins.music_plugin INFO     Metadata (spotify): Sam Fender - Hypersonic Missiles (Patrick Topping Extended Shields Remix)
2026.10.03 12:16:44 core.audio_cache     INFO     📦 Dublikat qarşısı: HSy-zeqBVeU → depodakı 'Sam Fender - Last To Make It Home'
2026.10.03 12:16:44 plugins.music_plugin INFO     Metadata (spotify): Sam Fender - Spice (Live From Finsbury Park)
2026.10.03 12:16:44 aiogram.event        INFO     Update id=875927544 is handled. Duration 1 ms by bot id=8976652462
2026.10.03 12:16:45 plugins.music_plugin INFO     Metadata (spotify): Sam Fender - You're Not The Only One (live at Capitol Studios, solo)
2026.10.03 12:16:45 core.audio_cache     INFO     📦 Dublikat qarşısı: qCQXZ3DBZhs → depodakı 'Sam Fender - The Leveller'
2026.10.03 12:16:46 core.audio_cache     INFO     📦 Dublikat qarşısı: dFKCGZgDXiI → depodakı 'Sam Fender - The Dying Light'
2026.10.03 12:16:46 core.audio_cache     INFO     📦 Dublikat qarşısı: C-MKDN-P4aQ → depodakı 'Sam Fender - Paradigms'
2026.10.03 12:16:46 core.audio_cache     INFO     📦 Dublikat qarşısı: VbhlTBri8Z0 → depodakı 'Sam Fender - Angel In Lothian'
2026.10.03 12:16:46 core.audio_cache     INFO     📦 Dublikat qarşısı: llGjR2LALKU → depodakı 'Sam Fender - Better Of Me'
2026.10.03 12:16:46 aiogram.event        INFO     Update id=875927545 is handled. Duration 0 ms by bot id=8976652462
2026.10.03 12:16:46 core.audio_cache     INFO     📦 Dublikat qarşısı: l7pcCVO4S2U → depodakı 'Sam Fender - Mantra'
2026.10.03 12:16:47 aiogram.event        INFO     Update id=875927546 is handled. Duration 0 ms by bot id=8976652462
2026.10.03 12:16:48 core.audio_cache     INFO     📦 Dublikat qarşısı: fptyr4jzXdk → depodakı 'Sam Fender - Pretending That You're Dead'
2026.10.03 12:16:48 core.audio_cache     INFO     📦 Dublikat qarşısı: 6l9EX-vNbWY → depodakı 'Sam Fender - Wild Grey Ocean'
2026.10.03 12:16:48 aiogram.event        INFO     Update id=875927547 is handled. Duration 11 ms by bot id=8976652462
2026.10.03 12:16:49 core.audio_cache     INFO     📦 Dublikat qarşısı: 36-dzf_ilQg → depodakı 'Sam Fender - Good Company'
2026.10.03 12:16:49 core.audio_cache     INFO     📦 Dublikat qarşısı: 0Nk245pxwAs → depodakı 'Sam Fender - Poltergeists'
2026.10.03 12:16:49 aiogram.event        INFO     Update id=875927548 is handled. Duration 81 ms by bot id=8976652462
2026.10.03 12:16:49 aiogram.event        INFO     Update id=875927549 is handled. Duration 0 ms by bot id=8976652462
2026.10.03 12:16:49 core.audio_cache     INFO     📦 Dublikat qarşısı: U4tM8iWsrTo → depodakı 'Sam Fender - Alright'
2026.10.03 12:16:49 core.audio_cache     INFO     📦 Dublikat qarşısı: tr9GJ-hFN7I → depodakı 'Sam Fender - Howdon Aldi Death Queue'
2026.10.03 12:16:49 core.audio_cache     INFO     📦 Dublikat qarşısı: wmhHuNvifZ8 → depodakı 'Sam Fender - Little Bull Of Blithe'
2026.10.03 12:16:50 core.audio_cache     INFO     📦 Dublikat qarşısı: 9gs0pF0tIKc → depodakı 'Sam Fender - Getting Started (Live From Finsbury Park)'
2026.10.03 12:16:50 core.audio_cache     INFO     📦 Dublikat qarşısı: CDsFKOrLWhU → depodakı 'Sam Fender - Hypersonic Missiles'
2026.10.03 12:16:50 core.audio_cache     INFO     📦 Dublikat qarşısı: j2EKkWl7K1A → depodakı 'Sam Fender - The Borders'
2026.10.03 12:16:51 core.audio_cache     INFO     📦 Dublikat qarşısı: FcO8uV2n3Ys → depodakı 'Sam Fender - Dead Boys'
2026.10.03 12:16:53 core.audio_cache     INFO     📦 Dublikat qarşısı: Ez7KUzKFEFc → depodakı 'Sam Fender - Alright (Live From Finsbury Park)'
2026.10.03 12:16:53 telethon.client.updates INFO     Got difference for channel 1327565517 updates
2026.10.03 12:16:54 core.audio_cache     INFO     📦 Dublikat qarşısı: mx_A6SbU8pY → depodakı 'Sam Fender - That Sound'
2026.10.03 12:16:54 core.audio_cache     INFO     📦 Dublikat qarşısı: L12ORqw6R7A → depodakı 'Sam Fender - Play God'
2026.10.03 12:16:54 core.youtube_handler INFO     Yükləmə cəhdi: cookies + mweb (PO token)
2026.10.03 12:16:54 core.audio_cache     INFO     📦 Dublikat qarşısı: GsMWhARlURM → depodakı 'Sam Fender - Saturday'
2026.10.03 12:16:54 core.audio_cache     INFO     📦 Dublikat qarşısı: b_0oCxfL9cM → depodakı 'Sam Fender - Will We Talk?'
2026.10.03 12:17:02 core.audio_cache     INFO     📦 Dublikat qarşısı: QBDV-B1C8kE → depodakı 'Sam Fender - I'm Always On Stage'
2026.10.03 12:17:03 core.audio_cache     INFO     📦 Dublikat qarşısı: dl87I8gW49k → depodakı 'Sam Fender - Tyrants'
2026.10.03 12:17:03 core.audio_cache     INFO     📦 Dublikat qarşısı: lyw_BHYFLBA → depodakı 'Sam Fender - Me and The Dog'
2026.10.03 12:17:03 core.audio_cache     INFO     📦 Dublikat qarşısı: oQLRwy_XHjg → depodakı 'Sam Fender, Elton John - Talk to You'
2026.10.03 12:17:03 core.audio_cache     INFO     📦 Dublikat qarşısı: biUkV5ijEdw → depodakı 'Sam Fender - Back To Black (BBC Radio 1 Live Session)'
2026.10.03 12:17:03 core.audio_cache     INFO     📦 Dublikat qarşısı: 92C7auMxer8 → depodakı 'Sam Fender - Winter Song'
2026.10.03 12:17:03 core.audio_cache     INFO     📦 Dublikat qarşısı: bMFHTxWqr1Y → depodakı 'Sam Fender - Spice'
2026.10.03 12:17:03 core.audio_cache     INFO     📦 Dublikat qarşısı: yrwo7h2X9Rg → depodakı 'Sam Fender - Hold Out'
2026.10.03 12:17:03 core.audio_cache     INFO     📦 Dublikat qarşısı: 151XEV35z1g → depodakı 'Sam Fender - Poundshop Kardashians'
2026.10.03 12:17:03 core.audio_cache     INFO     📦 Dublikat qarşısı: DKB3CD8y0qc → depodakı 'Sam Fender - Start Again'
2026.10.03 12:17:04 core.audio_cache     INFO     📦 Dublikat qarşısı: PdeXq-txCd0 → depodakı 'Sam Fender - Millennial'
2026.10.03 12:17:04 core.audio_cache     INFO     📦 Dublikat qarşısı: PwfVyp7guY4 → depodakı 'Sam Fender - Seventeen Going Under (Live At The BRIT Awards 2022)'
2026.10.03 12:17:04 core.audio_cache     INFO     📦 Dublikat qarşısı: umE4WkDA6FE → depodakı 'Sam Fender - Greasy Spoon'
2026.10.03 12:17:04 core.audio_cache     INFO     📦 Dublikat qarşısı: vWaSIKcRbDg → depodakı 'Sam Fender - Sad But True (Live)'
2026.10.03 12:17:06 core.youtube_handler INFO     Yükləmə cəhdi: cookies + mweb (PO token)
2026.10.03 12:17:07 plugins.music_plugin INFO     Metadata (spotify): Sam Fender - Leave Fast
2026.10.03 12:17:08 core.youtube_handler INFO     Yükləmə cəhdi: cookies + mweb (PO token)
2026.10.03 12:17:08 core.youtube_handler INFO     Yükləmə cəhdi: cookies + mweb (PO token)
2026.10.03 12:17:09 core.youtube_handler INFO     Yükləmə cəhdi: cookies + mweb (PO token)
2026.10.03 12:17:10 core.youtube_handler INFO     Yükləmə cəhdi: cookies + mweb (PO token)
2026.10.03 12:17:10 core.audio_cache     INFO     📦 Dublikat qarşısı: _Tnb5KVykrI → depodakı 'Sam Fender - The Kitchen (Live)'
2026.10.03 12:17:10 aiogram.event        INFO     Update id=875927550 is handled. Duration 15 ms by bot id=8976652462
2026.10.03 12:17:10 core.audio_cache     INFO     📦 Dublikat qarşısı: YPHwkl62UhU → depodakı 'Aly & AJ - Personal Cathedrals'
2026.10.03 12:17:10 core.audio_cache     INFO     📦 Dublikat qarşısı: IkLVZ_EGyF4 → depodakı 'Sam Fender - Will We Talk? (live at Capitol Studios, solo)'
2026.10.03 12:17:10 telethon.client.updates INFO     Got difference for channel 3775621496 updates
2026.10.03 12:17:10 core.youtube_handler INFO     Yükləmə cəhdi: cookies + mweb (PO token)
2026.10.03 12:17:10 core.audio_cache     INFO     📦 Dublikat qarşısı: N-FbHr0hMxw → depodakı 'Sam Fender, Chase & Status - Getting Started (Chase & Status Remix)'
2026.10.03 12:17:10 telethon.client.updates INFO     Got difference for channel 1270848742 updates
2026.10.03 12:17:12 core.youtube_handler INFO     Yükləmə cəhdi: cookies + mweb (PO token)
2026.10.03 12:17:12 core.youtube_handler INFO     Yükləmə cəhdi: cookies + mweb (PO token)
2026.10.03 12:17:15 core.youtube_handler INFO     Yükləmə cəhdi: cookies + mweb (PO token)
2026.10.03 12:17:15 core.youtube_handler INFO     Yükləmə cəhdi: cookies + mweb (PO token)
2026.10.03 12:17:16 core.youtube_handler INFO     Yükləmə cəhdi: cookies + mweb (PO token)
2026.10.03 12:17:17 core.youtube_handler INFO     Yükləmə cəhdi: cookies + mweb (PO token)
2026.10.03 12:17:17 core.youtube_handler INFO     Yükləmə cəhdi: cookies + mweb (PO token)
2026.10.03 12:17:18 core.youtube_handler INFO     Yükləmə cəhdi: cookies + mweb (PO token)
2026.10.03 12:17:19 plugins.music_plugin INFO     Metadata (spotify): Sam Fender - Hypersonic Missiles (Patrick Topping Shields Remix)
2026.10.03 12:17:19 core.youtube_handler INFO     Yükləmə cəhdi: cookies + mweb (PO token)
2026.10.03 12:17:19 plugins.music_plugin INFO     Metadata (spotify): Aly & AJ - Sticks And Stones
2026.10.03 12:17:19 core.youtube_handler INFO     Yükləmə cəhdi: cookies + mweb (PO token)
2026.10.03 12:17:20 plugins.music_plugin INFO     Metadata (spotify): Katie Gregson-MacLeod - white lies
2026.10.03 12:17:20 core.youtube_handler INFO     Yükləmə cəhdi: cookies + mweb (PO token)
2026.10.03 12:17:21 core.youtube_handler INFO     Yükləmə cəhdi: cookies + mweb (PO token)
2026.10.03 12:17:21 plugins.music_plugin INFO     Metadata (spotify): Katie Gregson-MacLeod - Good Guess
2026.10.03 12:17:22 core.youtube_handler INFO     Yükləmə cəhdi: cookies + mweb (PO token)
2026.10.03 12:17:22 aiogram.event        INFO     Update id=875927551 is handled. Duration 46 ms by bot id=8976652462
2026.10.03 12:17:22 plugins.music_plugin INFO     Metadata (spotify): Katie Gregson-MacLeod - complex (demo)
2026.10.03 12:17:23 core.youtube_handler INFO     Yükləmə cəhdi: cookies + mweb (PO token)
2026.10.03 12:17:23 aiogram.event        INFO     Update id=875927552 is handled. Duration 1 ms by bot id=8976652462
2026.10.03 12:17:23 aiogram.event        INFO     Update id=875927553 is handled. Duration 40 ms by bot id=8976652462
2026.10.03 12:17:23 plugins.music_plugin INFO     Metadata (spotify): Katie Gregson-MacLeod - i'm worried it will always be you
2026.10.03 12:17:23 core.youtube_handler INFO     Yükləmə cəhdi: cookies + mweb (PO token)
2026.10.03 12:17:24 core.youtube_handler INFO     Yükləmə cəhdi: cookies + mweb (PO token)
2026.10.03 12:17:24 plugins.music_plugin INFO     Metadata (spotify): Aly & AJ - Flattery
2026.10.03 12:17:24 plugins.music_plugin INFO     Metadata (spotify): Aly & AJ - Open to Something and That Something Is You
2026.10.03 12:17:25 core.youtube_handler INFO     Yükləmə cəhdi: cookies + mweb (PO token)
2026.10.03 12:17:25 core.audio_cache     INFO     📦 Dublikat qarşısı: UMm_Firas6w → depodakı 'Aly & AJ - Sunchoke'
2026.10.03 12:17:25 core.audio_cache     INFO     📦 Dublikat qarşısı: UD9tJ8BG4go → depodakı 'Aly & AJ - Like Whoa (A&A Version)'
2026.10.03 12:17:25 core.audio_cache     INFO     📦 Dublikat qarşısı: flB7B9rpDNs → depodakı 'Aly & AJ - Not Ready to Wake Up'
2026.10.03 12:17:25 aiogram.event        INFO     Update id=875927554 is handled. Duration 51 ms by bot id=8976652462
2026.10.03 12:17:25 core.youtube_handler INFO     Yükləmə cəhdi: cookies + mweb (PO token)
2026.10.03 12:17:26 aiogram.event        INFO     Update id=875927555 is handled. Duration 0 ms by bot id=8976652462
2026.10.03 12:17:26 core.youtube_handler INFO     Yükləmə cəhdi: cookies + mweb (PO token)
2026.10.03 12:17:26 aiogram.event        INFO     Update id=875927556 is handled. Duration 74 ms by bot id=8976652462
2026.10.03 12:17:27 plugins.music_plugin INFO     Metadata (spotify): Seafret, Katie Gregson-MacLeod - Nobody Sees Us
2026.10.03 12:17:27 telethon.client.updates INFO     Got difference for channel 1450190758 updates
2026.10.03 12:17:27 core.youtube_handler INFO     Yükləmə cəhdi: cookies + mweb (PO token)
2026.10.03 12:17:27 aiogram.event        INFO     Update id=875927557 is handled. Duration 0 ms by bot id=8976652462
2026.10.03 12:17:27 plugins.music_plugin INFO     Metadata (spotify): Katie Gregson-MacLeod - September
2026.10.03 12:17:28 core.youtube_handler INFO     Yükləmə cəhdi: cookies + mweb (PO token)
2026.10.03 12:17:28 plugins.music_plugin INFO     Metadata (spotify): Aly & AJ - Rush (Live)
2026.10.03 12:17:28 aiogram.event        INFO     Update id=875927558 is handled. Duration 1 ms by bot id=8976652462
2026.10.03 12:17:29 plugins.music_plugin INFO     Metadata (spotify): Katie Gregson-MacLeod - I Just Think of It All the Time
2026.10.03 12:17:29 core.youtube_handler INFO     Yükləmə cəhdi: cookies + mweb (PO token)
2026.10.03 12:17:29 core.youtube_handler INFO     Yükləmə cəhdi: cookies + mweb (PO token)
2026.10.03 12:17:30 core.audio_cache     INFO     📦 Dublikat qarşısı: 3XVDTVGOBgc → depodakı 'Big Thief - Mary'
2026.10.03 12:17:30 aiogram.event        INFO     Update id=875927559 is handled. Duration 167 ms by bot id=8976652462
2026.10.03 12:17:31 plugins.music_plugin INFO     Metadata (spotify): Katie Gregson-MacLeod - Nothing Really Changes
2026.10.03 12:17:31 aiogram.event        INFO     Update id=875927560 is handled. Duration 53 ms by bot id=8976652462
2026.10.03 12:17:31 plugins.music_plugin INFO     Metadata (spotify): Katie Gregson-MacLeod - complex (live with strings)
2026.10.03 12:17:31 plugins.music_plugin INFO     Metadata (spotify): Katie Gregson-MacLeod - Teenage Love
2026.10.03 12:17:31 aiogram.event        INFO     Update id=875927561 is handled. Duration 46 ms by bot id=8976652462
2026.10.03 12:17:31 plugins.music_plugin INFO     Metadata (spotify): Katie Gregson-MacLeod - James (feat. Joesef)
2026.10.03 12:17:32 core.youtube_handler INFO     Yükləmə cəhdi: cookies + mweb (PO token)
2026.10.03 12:17:32 core.youtube_handler INFO     Yükləmə cəhdi: cookies + mweb (PO token)
2026.10.03 12:17:32 plugins.music_plugin INFO     Metadata (spotify): Katie Gregson-MacLeod - Your Ex
2026.10.03 12:17:33 core.youtube_handler INFO     Yükləmə cəhdi: cookies + mweb (PO token)
2026.10.03 12:17:33 core.audio_cache     INFO     📦 Dublikat qarşısı: WKmD6-piK2A → depodakı 'Big Thief - Not (Live at The Bunker Studio)'
2026.10.03 12:17:33 core.audio_cache     INFO     📦 Dublikat qarşısı: K1wyTN6rve8 → depodakı 'Big Thief - Parallels'
2026.10.03 12:17:34 core.youtube_handler INFO     Yükləmə cəhdi: cookies + mweb (PO token)
2026.10.03 12:17:34 core.youtube_handler INFO     Yükləmə cəhdi: cookies + mweb (PO token)
2026.10.03 12:17:34 core.youtube_handler INFO     Yükləmə cəhdi: cookies + mweb (PO token)
2026.10.03 12:17:34 core.youtube_handler INFO     Yükləmə cəhdi: cookies + mweb (PO token)
2026.10.03 12:17:34 core.youtube_handler INFO     Yükləmə cəhdi: cookies + mweb (PO token)
2026.10.03 12:17:34 core.audio_cache     INFO     📦 Dublikat qarşısı: dBKUzHCIQQc → depodakı 'Katie Gregson-MacLeod - Good Guess'
2026.10.03 12:17:34 plugins.depo_filler_plugin INFO     🎵 YTM Sunflower Bean: 122 mahnı (+122 növbəyə, 0 artıq depoda), +4 yeni ifaçı
2026.10.03 12:17:34 plugins.music_plugin INFO     Metadata (spotify): Katie Gregson-MacLeod - to be eighteen
2026.10.03 12:17:34 aiogram.event        INFO     Update id=875927562 is handled. Duration 0 ms by bot id=8976652462
2026.10.03 12:17:34 aiogram.event        INFO     Update id=875927563 is handled. Duration 0 ms by bot id=8976652462
2026.10.03 12:17:34 aiogram.event        INFO     Update id=875927564 is handled. Duration 0 ms by bot id=8976652462
2026.10.03 12:17:35 plugins.music_plugin INFO     Metadata (spotify): Katie Gregson-MacLeod - TV Show
2026.10.03 12:17:35 plugins.music_plugin INFO     Metadata (spotify): Katie Gregson-MacLeod - Chess
2026.10.03 12:17:35 aiogram.event        INFO     Update id=875927565 is handled. Duration 0 ms by bot id=8976652462
2026.10.03 12:17:35 plugins.music_plugin INFO     Metadata (spotify): Katie Gregson-MacLeod - I Don't Think of Kissing You
2026.10.03 12:17:35 plugins.music_plugin INFO     Metadata (spotify): Aly & AJ - Closure
2026.10.03 12:17:36 aiogram.event        INFO     Update id=875927566 is handled. Duration 0 ms by bot id=8976652462
2026.10.03 12:17:36 aiogram.event        INFO     Update id=875927567 is handled. Duration 6 ms by bot id=8976652462
2026.10.03 12:17:36 plugins.music_plugin INFO     Metadata (spotify): Katie Gregson-MacLeod - Second Single Bed
2026.10.03 12:17:37 aiogram.event        INFO     Update id=875927568 is handled. Duration 31 ms by bot id=8976652462
2026.10.03 12:17:37 aiogram.event        INFO     Update id=875927569 is handled. Duration 0 ms by bot id=8976652462
2026.10.03 12:17:37 core.audio_cache     INFO     📦 Dublikat qarşısı: VeCOwarP67I → depodakı 'Katie Gregson-MacLeod - Nothing Really Changes'
2026.10.03 12:17:37 aiogram.event        INFO     Update id=875927570 is handled. Duration 0 ms by bot id=8976652462
2026.10.03 12:17:38 plugins.music_plugin INFO     Metadata (spotify): Katie Gregson-MacLeod - Love Me Too Well, I'll Retire Early
2026.10.03 12:17:38 aiogram.event        INFO     Update id=875927571 is handled. Duration 46 ms by bot id=8976652462
2026.10.03 12:17:38 core.audio_cache     INFO     📦 Dublikat qarşısı: k8LKyH-lqKU → depodakı 'Katie Gregson-MacLeod - James (feat. Joesef)'
2026.10.03 12:17:38 aiogram.event        INFO     Update id=875927572 is handled. Duration 0 ms by bot id=8976652462
2026.10.03 12:17:39 core.audio_cache     INFO     📦 Dublikat qarşısı: xl754MGqaLw → depodakı 'Katie Gregson-MacLeod - September'
2026.10.03 12:17:39 plugins.music_plugin INFO     Metadata (spotify): Aly & AJ - Something More
2026.10.03 12:17:39 aiogram.event        INFO     Update id=875927573 is handled. Duration 77 ms by bot id=8976652462
2026.10.03 12:17:39 plugins.music_plugin INFO     Metadata (spotify): Katie Gregson-MacLeod - Games I Play
2026.10.03 12:17:40 aiogram.event        INFO     Update id=875927574 is handled. Duration 0 ms by bot id=8976652462
2026.10.03 12:17:40 plugins.music_plugin INFO     Metadata (spotify): Katie Gregson-MacLeod - Mosh Pit
2026.10.03 12:17:41 plugins.music_plugin INFO     Metadata (spotify): Aly & AJ - Insomniatic
2026.10.03 12:17:41 core.audio_cache     INFO     📦 Dublikat qarşısı: LVeisuzrfh8 → depodakı 'Katie Gregson-MacLeod - Teenage Love'
2026.10.03 12:17:42 core.audio_cache     INFO     📦 Dublikat qarşısı: hboNKUZeQrQ → depodakı 'Katie Gregson-MacLeod - Your Ex'
2026.10.03 12:17:42 core.audio_cache     INFO     📦 Dublikat qarşısı: Hs6H-lHeUak → depodakı 'Katie Gregson-MacLeod - i'm worried it will always be you'
2026.10.03 12:17:42 aiogram.event        INFO     Update id=875927575 is handled. Duration 7 ms by bot id=8976652462
2026.10.03 12:17:43 plugins.music_plugin INFO     Metadata (spotify): Aly & AJ - Do You Believe In Magic
2026.10.03 12:17:43 aiogram.event        INFO     Update id=875927576 is handled. Duration 82 ms by bot id=8976652462
2026.10.03 12:17:43 aiogram.event        INFO     Update id=875927577 is handled. Duration 0 ms by bot id=8976652462
2026.10.03 12:17:43 core.audio_cache     INFO     📦 Dublikat qarşısı: jv4NKNIBW7k → depodakı 'Katie Gregson-MacLeod - Chess'
2026.10.03 12:17:44 core.audio_cache     INFO     📦 Dublikat qarşısı: BfvLCTmIYiU → depodakı 'Katie Gregson-MacLeod - to be eighteen'
2026.10.03 12:17:44 plugins.music_plugin INFO     Metadata (spotify): Katie Gregson-MacLeod - Guestlist
2026.10.03 12:17:44 aiogram.event        INFO     Update id=875927578 is handled. Duration 5 ms by bot id=8976652462
2026.10.03 12:17:45 core.youtube_handler INFO     Yükləmə cəhdi: cookies + mweb (PO token)
2026.10.03 12:17:45 core.audio_cache     INFO     📦 Dublikat qarşısı: b7vYDRTeu4c → depodakı 'Katie Gregson-MacLeod - TV Show'
2026.10.03 12:17:45 core.audio_cache     INFO     📦 Dublikat qarşısı: BG0rUYv7SmM → depodakı 'Katie Gregson-MacLeod - white lies'
2026.10.03 12:17:45 plugins.music_plugin INFO     Metadata (spotify): Katie Gregson-MacLeod - complex (demo)
2026.10.03 12:17:45 plugins.music_plugin INFO     Metadata (spotify): Strangers on a Bench, Katie Gregson-Macleod - God I Love a Funeral
2026.10.03 12:17:45 plugins.music_plugin INFO     Metadata (spotify): Katie Gregson-MacLeod - All the Love
2026.10.03 12:17:45 aiogram.event        INFO     Update id=875927579 is handled. Duration 0 ms by bot id=8976652462
2026.10.03 12:17:45 core.youtube_handler INFO     Yükləmə cəhdi: cookies + mweb (PO token)
2026.10.03 12:17:46 core.audio_cache     INFO     📦 Dublikat qarşısı: tPQJ7lQHndg → depodakı 'Katie Gregson-MacLeod - I Don't Think of Kissing You'
2026.10.03 12:17:46 plugins.music_plugin INFO     Metadata (spotify): Katie Gregson-MacLeod - Girlfriend
2026.10.03 12:17:46 core.audio_cache     INFO     📦 Dublikat qarşısı: -EpKW4a9huw → depodakı 'Katie Gregson-MacLeod - complex (live with strings)'
2026.10.03 12:17:47 telethon.client.updates INFO     Got difference for channel 2233220502 updates
2026.10.03 12:17:47 aiogram.event        INFO     Update id=875927580 is handled. Duration 31 ms by bot id=8976652462
2026.10.03 12:17:47 core.audio_cache     INFO     📦 Dublikat qarşısı: DEjsqHSTrv4 → depodakı 'Katie Gregson-MacLeod - Love Me Too Well, I'll Retire Early'
2026.10.03 12:17:47 plugins.music_plugin INFO     Metadata (spotify): Katie Gregson-MacLeod - All the While
2026.10.03 12:17:48 plugins.music_plugin INFO     Metadata (spotify): Katie Gregson-MacLeod - I Don't Care
2026.10.03 12:17:48 aiogram.event        INFO     Update id=875927581 is handled. Duration 0 ms by bot id=8976652462
2026.10.03 12:17:48 aiogram.event        INFO     Update id=875927582 is handled. Duration 1 ms by bot id=8976652462
2026.10.03 12:17:48 aiogram.event        INFO     Update id=875927583 is handled. Duration 22 ms by bot id=8976652462
2026.10.03 12:17:49 plugins.music_plugin INFO     Metadata (spotify): Katie Gregson-MacLeod - Still a Sad Song
2026.10.03 12:17:49 aiogram.event        INFO     Update id=875927584 is handled. Duration 41 ms by bot id=8976652462
2026.10.03 12:17:49 core.youtube_handler INFO     Yükləmə cəhdi: cookies + mweb (PO token)
2026.10.03 12:17:49 core.youtube_handler INFO     Yükləmə cəhdi: cookies + mweb (PO token)
2026.10.03 12:17:50 core.youtube_handler INFO     Yükləmə cəhdi: cookies + mweb (PO token)
2026.10.03 12:17:50 core.youtube_handler INFO     Yükləmə cəhdi: cookies + mweb (PO token)
2026.10.03 12:17:51 core.youtube_handler INFO     Yükləmə cəhdi: cookies + mweb (PO token)
2026.10.03 12:17:51 aiogram.event        INFO     Update id=875927585 is handled. Duration 5 ms by bot id=8976652462
2026.10.03 12:17:52 core.youtube_handler INFO     Yükləmə cəhdi: cookies + mweb (PO token)
2026.10.03 12:17:52 core.youtube_handler INFO     Yükləmə cəhdi: cookies + mweb (PO token)
2026.10.03 12:17:52 aiogram.event        INFO     Update id=875927586 is handled. Duration 76 ms by bot id=8976652462
2026.10.03 12:17:52 core.youtube_handler INFO     Yükləmə cəhdi: cookies + mweb (PO token)
2026.10.03 12:17:53 core.youtube_handler INFO     Yükləmə cəhdi: cookies + mweb (PO token)
2026.10.03 12:17:53 core.audio_cache     INFO     📦 Dublikat qarşısı: 6wNhE9UQJ0Y → depodakı 'Katie Gregson-MacLeod - Games I Play'
2026.10.03 12:17:54 core.audio_cache     INFO     📦 Dublikat qarşısı: STaFMvpbFhI → depodakı 'Katie Gregson-MacLeod - Mosh Pit'
2026.10.03 12:17:54 core.youtube_handler INFO     Yükləmə cəhdi: cookies + mweb (PO token)
2026.10.03 12:17:55 aiogram.event        INFO     Update id=875927587 is handled. Duration 229 ms by bot id=8976652462
2026.10.03 12:17:55 core.audio_cache     INFO     📦 Dublikat qarşısı: QBA550J8WwA → depodakı 'Katie Gregson-MacLeod - Guestlist'
2026.10.03 12:17:55 core.youtube_handler INFO     Yükləmə cəhdi: cookies + mweb (PO token)
2026.10.03 12:17:56 core.youtube_handler INFO     Yükləmə cəhdi: cookies + mweb (PO token)
2026.10.03 12:17:56 plugins.music_plugin INFO     Metadata (spotify): Katie Gregson-MacLeod - complex
2026.10.03 12:17:56 core.youtube_handler INFO     Yükləmə cəhdi: cookies + mweb (PO token)
2026.10.03 12:17:56 core.youtube_handler INFO     Yükləmə cəhdi: cookies + mweb (PO token)
2026.10.03 12:17:56 core.audio_cache     INFO     📦 Dublikat qarşısı: Ajueea06o0I → depodakı 'Katie Gregson-MacLeod - All the Love'
2026.10.03 12:17:58 plugins.music_plugin INFO     Metadata (spotify): Katie Gregson-MacLeod - Second Single Bed
2026.10.03 12:17:58 core.youtube_handler INFO     Yükləmə cəhdi: cookies + mweb (PO token)
2026.10.03 12:17:58 core.audio_cache     INFO     📦 Dublikat qarşısı: P0OZq2c9ucs → depodakı 'Katie Gregson-MacLeod - Girlfriend'
2026.10.03 12:17:59 core.youtube_handler INFO     Yükləmə cəhdi: cookies + mweb (PO token)
2026.10.03 12:17:59 core.youtube_handler INFO     Yükləmə cəhdi: cookies + mweb (PO token)
2026.10.03 12:17:59 core.youtube_handler INFO     Yükləmə cəhdi: cookies + mweb (PO token)
2026.10.03 12:18:00 aiogram.event        INFO     Update id=875927588 is handled. Duration 0 ms by bot id=8976652462
2026.10.03 12:18:00 plugins.music_plugin INFO     Metadata (spotify): Adeem the Artist - Carolina
2026.10.03 12:18:00 core.youtube_handler INFO     Yükləmə cəhdi: cookies + mweb (PO token)
2026.10.03 12:18:01 core.audio_cache     INFO     📦 Dublikat qarşısı: F6mJHq9mY1A → depodakı 'Katie Gregson-MacLeod - I Don't Care'
2026.10.03 12:18:01 core.audio_cache     INFO     📦 Dublikat qarşısı: m17LgaF4FcY → depodakı 'Katie Gregson-MacLeod - Still a Sad Song'
2026.10.03 12:18:01 core.youtube_handler INFO     Yükləmə cəhdi: cookies + mweb (PO token)
2026.10.03 12:18:01 core.youtube_handler INFO     Yükləmə cəhdi: cookies + mweb (PO token)
2026.10.03 12:18:01 core.youtube_handler INFO     Yükləmə cəhdi: cookies + mweb (PO token)
2026.10.03 12:18:01 core.youtube_handler INFO     Yükləmə cəhdi: cookies + mweb (PO token)
2026.10.03 12:18:02 plugins.music_plugin INFO     Metadata (spotify): Adeem the Artist - Baptized in Well Spirits
2026.10.03 12:18:02 core.youtube_handler INFO     Yükləmə cəhdi: cookies + mweb (PO token)
2026.10.03 12:18:02 core.youtube_handler INFO     Yükləmə cəhdi: cookies + mweb (PO token)
2026.10.03 12:18:02 core.audio_cache     INFO     📦 Dublikat qarşısı: WwH-0WAnYcg → depodakı 'Katie Gregson-MacLeod - All the While'
2026.10.03 12:18:02 aiogram.event        INFO     Update id=875927589 is handled. Duration 18 ms by bot id=8976652462
2026.10.03 12:18:02 core.youtube_handler INFO     Yükləmə cəhdi: cookies + mweb (PO token)
2026.10.03 12:18:02 plugins.music_plugin INFO     Metadata (spotify): Adeem the Artist - Painkillers & Magic
2026.10.03 12:18:03 plugins.music_plugin INFO     Metadata (spotify): Adeem the Artist - Wounded Astronaut
2026.10.03 12:18:03 aiogram.event        INFO     Update id=875927590 is handled. Duration 0 ms by bot id=8976652462
2026.10.03 12:18:04 plugins.music_plugin INFO     Metadata (spotify): Adeem the Artist - Part & Parcel
2026.10.03 12:18:04 plugins.music_plugin INFO     Metadata (spotify): Adeem the Artist - Middle of a Heart
2026.10.03 12:18:04 plugins.music_plugin INFO     Metadata (spotify): Adeem the Artist - Going to Hell
2026.10.03 12:18:04 core.youtube_handler INFO     Yükləmə cəhdi: cookies + mweb (PO token)
2026.10.03 12:18:05 plugins.music_plugin INFO     Metadata (spotify): Adeem the Artist - Run This Town
2026.10.03 12:18:05 aiogram.event        INFO     Update id=875927591 is handled. Duration 186 ms by bot id=8976652462
2026.10.03 12:18:05 core.youtube_handler INFO     Yükləmə cəhdi: cookies + mweb (PO token)
2026.10.03 12:18:05 aiogram.event        INFO     Update id=875927592 is handled. Duration 72 ms by bot id=8976652462
2026.10.03 12:18:06 core.youtube_handler INFO     Yükləmə cəhdi: cookies + mweb (PO token)
2026.10.03 12:18:06 plugins.music_plugin INFO     Metadata (spotify): Adeem the Artist - One Night Stand
2026.10.03 12:18:06 core.youtube_handler INFO     Yükləmə cəhdi: cookies + mweb (PO token)
2026.10.03 12:18:06 aiogram.event        INFO     Update id=875927593 is handled. Duration 20 ms by bot id=8976652462
2026.10.03 12:18:06 core.youtube_handler INFO     Yükləmə cəhdi: cookies + mweb (PO token)
2026.10.03 12:18:07 core.youtube_handler INFO     Yükləmə cəhdi: cookies + mweb (PO token)
2026.10.03 12:18:07 aiogram.event        INFO     Update id=875927594 is handled. Duration 0 ms by bot id=8976652462
2026.10.03 12:18:07 aiogram.event        INFO     Update id=875927595 is handled. Duration 2 ms by bot id=8976652462
2026.10.03 12:18:07 aiogram.event        INFO     Update id=875927596 is handled. Duration 1 ms by bot id=8976652462
2026.10.03 12:18:08 plugins.music_plugin INFO     Metadata (spotify): Adeem the Artist - Books & Records
2026.10.03 12:18:08 plugins.music_plugin INFO     Metadata (spotify): Adeem the Artist - Fervent for the Hunger
2026.10.03 12:18:08 plugins.music_plugin INFO     Metadata (spotify): Adeem the Artist - Rotations
2026.10.03 12:18:08 aiogram.event        INFO     Update id=875927597 is handled. Duration 0 ms by bot id=8976652462
2026.10.03 12:18:08 plugins.music_plugin INFO     Metadata (spotify): Adeem the Artist - Nancy
2026.10.03 12:18:09 aiogram.event        INFO     Update id=875927598 is handled. Duration 89 ms by bot id=8976652462
2026.10.03 12:18:09 plugins.music_plugin INFO     Metadata (spotify): Adeem the Artist - Cowards Together
2026.10.03 12:18:09 core.youtube_handler INFO     Yükləmə cəhdi: cookies + mweb (PO token)
2026.10.03 12:18:09 core.youtube_handler INFO     Yükləmə cəhdi: cookies + mweb (PO token)
2026.10.03 12:18:10 aiogram.event        INFO     Update id=875927599 is handled. Duration 25 ms by bot id=8976652462
2026.10.03 12:18:11 core.youtube_handler INFO     Yükləmə cəhdi: cookies + mweb (PO token)
2026.10.03 12:18:11 aiogram.event        INFO     Update id=875927600 is handled. Duration 0 ms by bot id=8976652462
2026.10.03 12:18:11 aiogram.event        INFO     Update id=875927601 is handled. Duration 44 ms by bot id=8976652462
2026.10.03 12:18:11 plugins.music_plugin INFO     Metadata (spotify): Adeem the Artist - My America
2026.10.03 12:18:12 aiogram.event        INFO     Update id=875927602 is handled. Duration 31 ms by bot id=8976652462
2026.10.03 12:18:12 telethon.client.updates INFO     Got difference for channel 3581682499 updates
2026.10.03 12:18:12 plugins.music_plugin INFO     Metadata (spotify): Adeem the Artist - Redneck, Unread Hicks (feat. Zach Russell & Jett Holden)
2026.10.03 12:18:12 core.youtube_handler INFO     Yükləmə cəhdi: cookies + mweb (PO token)
2026.10.03 12:18:12 aiogram.event        INFO     Update id=875927603 is handled. Duration 1 ms by bot id=8976652462
2026.10.03 12:18:13 plugins.music_plugin INFO     Metadata (spotify): Adeem the Artist - I Never Came Out
2026.10.03 12:18:13 core.youtube_handler INFO     Yükləmə cəhdi: cookies + mweb (PO token)
2026.10.03 12:18:13 core.youtube_handler INFO     Yükləmə cəhdi: cookies + mweb (PO token)
2026.10.03 12:18:14 aiogram.event        INFO     Update id=875927604 is handled. Duration 2 ms by bot id=8976652462
2026.10.03 12:18:14 plugins.music_plugin INFO     Metadata (spotify): Adeem the Artist - For Judas
2026.10.03 12:18:15 core.audio_cache     INFO     📦 Dublikat qarşısı: ExkilvMe9Xg → depodakı 'Adeem the Artist - Fervent for the Hunger'
2026.10.03 12:18:15 core.youtube_handler INFO     Yükləmə cəhdi: cookies + mweb (PO token)
2026.10.03 12:18:15 plugins.music_plugin INFO     Metadata (spotify): Adeem the Artist - I Wish You Would've Been A Cowboy
2026.10.03 12:18:15 core.youtube_handler INFO     Yükləmə cəhdi: cookies + mweb (PO token)
2026.10.03 12:18:16 aiogram.event        INFO     Update id=875927605 is handled. Duration 0 ms by bot id=8976652462
2026.10.03 12:18:17 core.youtube_handler INFO     Yükləmə cəhdi: cookies + mweb (PO token)
2026.10.03 12:18:17 plugins.music_plugin INFO     Metadata (spotify): Adeem the Artist - Heritage of Arrogance
2026.10.03 12:18:17 plugins.music_plugin INFO     Metadata (spotify): Adeem the Artist - Cast Iron Pansexual
2026.10.03 12:18:18 core.youtube_handler INFO     Yükləmə cəhdi: cookies + mweb (PO token)
2026.10.03 12:18:18 plugins.music_plugin INFO     Metadata (spotify): Adeem the Artist - Fast Cars
2026.10.03 12:18:18 aiogram.event        INFO     Update id=875927606 is handled. Duration 0 ms by bot id=8976652462
2026.10.03 12:18:18 plugins.music_plugin INFO     Metadata (spotify): Katie Gregson-MacLeod - complex
2026.10.03 12:18:18 aiogram.event        INFO     Update id=875927607 is handled. Duration 2 ms by bot id=8976652462
2026.10.03 12:18:18 plugins.music_plugin INFO     Metadata (spotify): Adeem the Artist - Live Forever
2026.10.03 12:18:19 core.youtube_handler INFO     Yükləmə cəhdi: cookies + mweb (PO token)
2026.10.03 12:18:19 core.youtube_handler INFO     Yükləmə cəhdi: cookies + mweb (PO token)
2026.10.03 12:18:19 aiogram.event        INFO     Update id=875927608 is handled. Duration 0 ms by bot id=8976652462
2026.10.03 12:18:20 aiogram.event        INFO     Update id=875927609 is handled. Duration 36 ms by bot id=8976652462
2026.10.03 12:18:20 plugins.music_plugin INFO     Metadata (spotify): Adeem the Artist - Socialite Blues
2026.10.03 12:18:20 core.youtube_handler INFO     Yükləmə cəhdi: cookies + mweb (PO token)
2026.10.03 12:18:20 aiogram.event        INFO     Update id=875927610 is handled. Duration 7 ms by bot id=8976652462
2026.10.03 12:18:21 aiogram.event        INFO     Update id=875927612 is handled. Duration 30 ms by bot id=8976652462
2026.10.03 12:18:21 aiogram.event        INFO     Update id=875927611 is handled. Duration 41 ms by bot id=8976652462
2026.10.03 12:18:21 core.youtube_handler INFO     Yükləmə cəhdi: cookies + mweb (PO token)
2026.10.03 12:18:21 core.youtube_handler INFO     Yükləmə cəhdi: cookies + mweb (PO token)
2026.10.03 12:18:21 plugins.music_plugin INFO     Metadata (spotify): Adeem the Artist - There We Are
2026.10.03 12:18:21 plugins.music_plugin INFO     Metadata (spotify): Adeem the Artist - Reclaim My Name
2026.10.03 12:18:22 plugins.music_plugin INFO     Metadata (spotify): Adeem the Artist - Asheville Blues
2026.10.03 12:18:22 aiogram.event        INFO     Update id=875927613 is handled. Duration 41 ms by bot id=8976652462
2026.10.03 12:18:23 plugins.music_plugin INFO     Metadata (spotify): Adeem the Artist - Born in a Weigles
2026.10.03 12:18:23 aiogram.event        INFO     Update id=875927614 is handled. Duration 0 ms by bot id=8976652462
2026.10.03 12:18:23 core.audio_cache     INFO     📦 Dublikat qarşısı: ap2FDaEK1xQ → depodakı 'Adeem the Artist - One Night Stand'
2026.10.03 12:18:23 plugins.music_plugin INFO     Metadata (spotify): Adeem the Artist - Night Sweats
2026.10.03 12:18:23 aiogram.event        INFO     Update id=875927615 is handled. Duration 0 ms by bot id=8976652462
2026.10.03 12:18:24 aiogram.event        INFO     Update id=875927616 is handled. Duration 0 ms by bot id=8976652462
2026.10.03 12:18:24 telethon.client.updates INFO     Got difference for channel 1327565517 updates
2026.10.03 12:18:25 plugins.music_plugin INFO     Metadata (spotify): Adeem the Artist - Nightmare
2026.10.03 12:18:25 aiogram.event        INFO     Update id=875927617 is handled. Duration 0 ms by bot id=8976652462
2026.10.03 12:18:25 plugins.music_plugin INFO     Metadata (spotify): Adeem the Artist - White Mule, Black Man
2026.10.03 12:18:25 aiogram.event        INFO     Update id=875927618 is handled. Duration 23 ms by bot id=8976652462
2026.10.03 12:18:26 core.audio_cache     INFO     📦 Dublikat qarşısı: Ldwg05onmbU → depodakı 'Adeem the Artist - Rotations'
2026.10.03 12:18:26 plugins.music_plugin INFO     Metadata (spotify): Adeem the Artist - Dirt Bike (feat. Andrea Kukuly Uriarte)
2026.10.03 12:18:26 plugins.music_plugin INFO     Metadata (spotify): Adeem the Artist - Womyn Who Bartend
2026.10.03 12:18:26 aiogram.event        INFO     Update id=875927619 is handled. Duration 0 ms by bot id=8976652462
2026.10.03 12:18:27 core.audio_cache     INFO     📦 Dublikat qarşısı: cMVdyI3MnuE → depodakı 'Adeem the Artist - Run This Town'
2026.10.03 12:18:27 core.audio_cache     INFO     📦 Dublikat qarşısı: Wu-vmq53ZYQ → depodakı 'Adeem the Artist - Middle of a Heart'
2026.10.03 12:18:27 core.audio_cache     INFO     📦 Dublikat qarşısı: goUWMpSv2xA → depodakı 'Adeem the Artist - Going to Hell'
2026.10.03 12:18:27 aiogram.event        INFO     Update id=875927620 is handled. Duration 0 ms by bot id=8976652462
2026.10.03 12:18:28 aiogram.event        INFO     Update id=875927621 is handled. Duration 0 ms by bot id=8976652462
2026.10.03 12:18:28 plugins.music_plugin INFO     Metadata (spotify): Adeem the Artist - Carry You Down
2026.10.03 12:18:28 core.youtube_handler INFO     Yükləmə cəhdi: cookies + mweb (PO token)
2026.10.03 12:18:29 aiogram.event        INFO     Update id=875927622 is handled. Duration 68 ms by bot id=8976652462
2026.10.03 12:18:29 core.audio_cache     INFO     📦 Dublikat qarşısı: KRxO6HS6dHU → depodakı 'Adeem the Artist - Fast Cars'
2026.10.03 12:18:29 core.audio_cache     INFO     📦 Dublikat qarşısı: 9_05Cjkx_qg → depodakı 'Adeem the Artist - Socialite Blues'
2026.10.03 12:18:29 aiogram.event        INFO     Update id=875927623 is handled. Duration 1 ms by bot id=8976652462
2026.10.03 12:18:30 plugins.music_plugin INFO     Metadata (spotify): Adeem the Artist - I C U
2026.10.03 12:18:30 plugins.music_plugin INFO     Metadata (spotify): Adeem the Artist - Plot of Land
2026.10.03 12:18:30 plugins.music_plugin INFO     Metadata (spotify): Adeem the Artist - Honeysuckle Hipbilly Homo-Erotica
2026.10.03 12:18:31 core.youtube_handler INFO     Yükləmə cəhdi: cookies + mweb (PO token)
2026.10.03 12:18:31 aiogram.event        INFO     Update id=875927624 is handled. Duration 59 ms by bot id=8976652462
2026.10.03 12:18:31 plugins.music_plugin INFO     Metadata (spotify): Adeem the Artist, Caleb Haynes - Leave
2026.10.03 12:18:31 plugins.music_plugin INFO     Metadata (spotify): Adeem the Artist - Tiger Prince of Knoxville
2026.10.03 12:18:31 core.youtube_handler INFO     Yükləmə cəhdi: cookies + mweb (PO token)
2026.10.03 12:18:32 plugins.music_plugin INFO     Metadata (spotify): Adeem the Artist, Caleb Haynes - We Aren't Going Anywhere
2026.10.03 12:18:32 core.youtube_handler INFO     Yükləmə cəhdi: cookies + mweb (PO token)
2026.10.03 12:18:33 core.youtube_handler INFO     Yükləmə cəhdi: cookies + mweb (PO token)
2026.10.03 12:18:33 aiogram.event        INFO     Update id=875927625 is handled. Duration 0 ms by bot id=8976652462
2026.10.03 12:18:33 aiogram.event        INFO     Update id=875927626 is handled. Duration 0 ms by bot id=8976652462
2026.10.03 12:18:33 aiogram.event        INFO     Update id=875927627 is handled. Duration 0 ms by bot id=8976652462
2026.10.03 12:18:33 plugins.music_plugin WARNING  Odesli API açar tələb edir (ODESLI_API_KEY). Birbaşa song.link/<url> linki istifadə olunacaq.
2026.10.03 12:18:33 plugins.music_plugin INFO     Metadata (spotify): Adeem the Artist - Pandemic Days
2026.10.03 12:18:34 plugins.music_plugin WARNING  Odesli API açar tələb edir (ODESLI_API_KEY). Birbaşa song.link/<url> linki istifadə olunacaq.
2026.10.03 12:18:34 plugins.music_plugin WARNING  Odesli API açar tələb edir (ODESLI_API_KEY). Birbaşa song.link/<url> linki istifadə olunacaq.
2026.10.03 12:18:34 plugins.music_plugin WARNING  Odesli API açar tələb edir (ODESLI_API_KEY). Birbaşa song.link/<url> linki istifadə olunacaq.
2026.10.03 12:18:34 plugins.music_plugin WARNING  Odesli API açar tələb edir (ODESLI_API_KEY). Birbaşa song.link/<url> linki istifadə olunacaq.
2026.10.03 12:18:34 aiogram.event        INFO     Update id=875927628 is handled. Duration 57 ms by bot id=8976652462
2026.10.03 12:18:34 aiogram.event        INFO     Update id=875927629 is handled. Duration 40 ms by bot id=8976652462
2026.10.03 12:18:34 core.youtube_handler INFO     Yükləmə cəhdi: cookies + mweb (PO token)
2026.10.03 12:18:34 plugins.music_plugin INFO     Metadata (spotify): Adeem the Artist, Caleb Haynes - Fervent for the Hunger
2026.10.03 12:18:34 plugins.music_plugin INFO     Metadata (spotify): Adeem the Artist - Apartment
2026.10.03 12:18:35 core.youtube_handler INFO     Yükləmə cəhdi: cookies + mweb (PO token)
2026.10.03 12:18:35 aiogram.event        INFO     Update id=875927630 is handled. Duration 0 ms by bot id=8976652462
2026.10.03 12:18:35 plugins.music_plugin INFO     Metadata (spotify): Adeem the Artist, Caleb Haynes - Beginners
2026.10.03 12:18:36 core.youtube_handler INFO     Yükləmə cəhdi: cookies + mweb (PO token)
2026.10.03 12:18:36 plugins.music_plugin INFO     Metadata (spotify): Adeem the Artist, Caleb Haynes - Share Them With You
2026.10.03 12:18:36 core.youtube_handler INFO     Yükləmə cəhdi: cookies + mweb (PO token)
2026.10.03 12:18:36 plugins.music_plugin INFO     Metadata (spotify): Adeem the Artist - Merry Christmas, Urgent Care (feat. William Wright)
2026.10.03 12:18:37 aiogram.event        INFO     Update id=875927631 is handled. Duration 112 ms by bot id=8976652462
2026.10.03 12:18:37 aiogram.event        INFO     Update id=875927632 is handled. Duration 195 ms by bot id=8976652462
2026.10.03 12:18:37 core.youtube_handler INFO     Yükləmə cəhdi: cookies + mweb (PO token)
2026.10.03 12:18:37 aiogram.event        INFO     Update id=875927633 is handled. Duration 0 ms by bot id=8976652462
2026.10.03 12:18:37 core.youtube_handler INFO     Yükləmə cəhdi: cookies + mweb (PO token)
2026.10.03 12:18:38 core.youtube_handler INFO     Yükləmə cəhdi: cookies + mweb (PO token)
2026.10.03 12:18:39 core.audio_cache     INFO     📦 Dublikat qarşısı: J6qyY85AEGY → depodakı 'Adeem the Artist - Nightmare'
2026.10.03 12:18:39 aiogram.event        INFO     Update id=875927634 is handled. Duration 46 ms by bot id=8976652462
2026.10.03 12:18:39 core.youtube_handler INFO     Yükləmə cəhdi: cookies + mweb (PO token)
2026.10.03 12:18:39 aiogram.event        INFO     Update id=875927635 is handled. Duration 0 ms by bot id=8976652462
2026.10.03 12:18:40 aiogram.event        INFO     Update id=875927636 is handled. Duration 89 ms by bot id=8976652462
2026.10.03 12:18:40 core.youtube_handler INFO     Yükləmə cəhdi: cookies + mweb (PO token)
2026.10.03 12:18:40 core.youtube_handler INFO     Yükləmə cəhdi: cookies + mweb (PO token)
2026.10.03 12:18:40 core.youtube_handler INFO     Yükləmə cəhdi: cookies + mweb (PO token)
2026.10.03 12:18:41 plugins.music_plugin INFO     Metadata (spotify): Adeem the Artist - Going To Heaven
2026.10.03 12:18:42 core.youtube_handler INFO     Yükləmə cəhdi: cookies + mweb (PO token)
2026.10.03 12:18:43 plugins.music_plugin INFO     Metadata (spotify): Sunflower Bean - Moment In The Sun
2026.10.03 12:18:43 core.youtube_handler INFO     Yükləmə cəhdi: cookies + mweb (PO token)
2026.10.03 12:18:43 core.youtube_handler INFO     Yükləmə cəhdi: cookies + mweb (PO token)
2026.10.03 12:18:44 aiogram.event        INFO     Update id=875927637 is handled. Duration 134 ms by bot id=8976652462
2026.10.03 12:18:44 plugins.music_plugin INFO     Metadata (spotify): Sunflower Bean - I Was A Fool
2026.10.03 12:18:44 core.youtube_handler INFO     Yükləmə cəhdi: cookies + mweb (PO token)
2026.10.03 12:18:44 plugins.music_plugin INFO     Metadata (spotify): Sunflower Bean - Harvest Moon
2026.10.03 12:18:45 core.youtube_handler INFO     Yükləmə cəhdi: cookies + mweb (PO token)
2026.10.03 12:18:45 telethon.client.updates INFO     Got difference for channel 1327565517 updates
2026.10.03 12:18:45 plugins.music_plugin INFO     Metadata (spotify): Sunflower Bean - Easier Said
2026.10.03 12:18:45 core.youtube_handler INFO     Yükləmə cəhdi: cookies + mweb (PO token)
2026.10.03 12:18:46 aiogram.event        INFO     Update id=875927638 is handled. Duration 16 ms by bot id=8976652462
2026.10.03 12:18:46 core.youtube_handler INFO     Yükləmə cəhdi: cookies + mweb (PO token)
2026.10.03 12:18:46 plugins.music_plugin INFO     Metadata (spotify): Sunflower Bean - Twentytwo
2026.10.03 12:18:46 telethon.client.updates INFO     Got difference for channel 1450190758 updates
2026.10.03 12:18:47 plugins.music_plugin INFO     Metadata (spotify): Sunflower Bean - Nothing Romantic
2026.10.03 12:18:47 aiogram.event        INFO     Update id=875927639 is handled. Duration 58 ms by bot id=8976652462
2026.10.03 12:18:47 plugins.music_plugin INFO     Metadata (spotify): Sunflower Bean - Champagne Taste
2026.10.03 12:18:47 core.youtube_handler INFO     Yükləmə cəhdi: cookies + mweb (PO token)
2026.10.03 12:18:47 core.audio_cache     INFO     📦 Dublikat qarşısı: w7esf-drGKc → depodakı 'Adeem the Artist - Fervent for the Hunger'
2026.10.03 12:18:47 aiogram.event        INFO     Update id=875927640 is handled. Duration 0 ms by bot id=8976652462
2026.10.03 12:18:48 core.youtube_handler INFO     Yükləmə cəhdi: cookies + mweb (PO token)
2026.10.03 12:18:48 plugins.music_plugin INFO     Metadata (spotify): Sunflower Bean - Who Put You Up To This?
2026.10.03 12:18:48 aiogram.event        INFO     Update id=875927641 is handled. Duration 25 ms by bot id=8976652462
2026.10.03 12:18:49 core.youtube_handler INFO     Yükləmə cəhdi: cookies + mweb (PO token)
2026.10.03 12:18:49 plugins.music_plugin INFO     Metadata (spotify): Sunflower Bean - In Flight
2026.10.03 12:18:50 aiogram.event        INFO     Update id=875927642 is handled. Duration 22 ms by bot id=8976652462
2026.10.03 12:18:50 core.youtube_handler INFO     Yükləmə cəhdi: cookies + mweb (PO token)
2026.10.03 12:18:50 aiogram.event        INFO     Update id=875927643 is handled. Duration 0 ms by bot id=8976652462
2026.10.03 12:18:51 core.youtube_handler INFO     Yükləmə cəhdi: cookies + mweb (PO token)
2026.10.03 12:18:51 plugins.music_plugin INFO     Metadata (spotify): Sunflower Bean - Come On
2026.10.03 12:18:51 aiogram.event        INFO     Update id=875927644 is handled. Duration 1 ms by bot id=8976652462
2026.10.03 12:18:51 plugins.music_plugin INFO     Metadata (spotify): Sunflower Bean - Come For Me
2026.10.03 12:18:52 plugins.music_plugin INFO     Metadata (spotify): Sunflower Bean - Stand By Me
2026.10.03 12:18:52 core.youtube_handler INFO     Yükləmə cəhdi: cookies + mweb (PO token)
2026.10.03 12:18:52 plugins.music_plugin INFO     Metadata (spotify): Sunflower Bean - There's A Part I Can't Get Back
2026.10.03 12:18:52 plugins.music_plugin INFO     Metadata (spotify): Sunflower Bean - Baby Don't Cry
2026.10.03 12:18:52 core.youtube_handler INFO     Yükləmə cəhdi: cookies + mweb (PO token)
2026.10.03 12:18:53 aiogram.event        INFO     Update id=875927645 is handled. Duration 20 ms by bot id=8976652462
2026.10.03 12:18:53 plugins.music_plugin INFO     Metadata (spotify): Sunflower Bean - Only A Moment
2026.10.03 12:18:53 core.youtube_handler INFO     Yükləmə cəhdi: cookies + mweb (PO token)
2026.10.03 12:18:53 aiogram.event        INFO     Update id=875927646 is handled. Duration 0 ms by bot id=8976652462
2026.10.03 12:18:54 aiogram.event        INFO     Update id=875927647 is handled. Duration 51 ms by bot id=8976652462
2026.10.03 12:18:54 core.youtube_handler INFO     Yükləmə cəhdi: cookies + mweb (PO token)
2026.10.03 12:18:54 plugins.depo_filler_plugin INFO     🎵 YTM Wild Child: 125 mahnı (+125 növbəyə, 0 artıq depoda), +6 yeni ifaçı
2026.10.03 12:18:54 aiogram.event        INFO     Update id=875927648 is handled. Duration 2 ms by bot id=8976652462
2026.10.03 12:18:55 aiogram.event        INFO     Update id=875927649 is handled. Duration 10 ms by bot id=8976652462
2026.10.03 12:18:55 plugins.music_plugin INFO     Metadata (spotify): Sunflower Bean - Human Ceremony
2026.10.03 12:18:55 core.youtube_handler INFO     Yükləmə cəhdi: cookies + mweb (PO token)
2026.10.03 12:18:55 plugins.music_plugin INFO     Metadata (spotify): Sunflower Bean - Memoria
2026.10.03 12:18:56 aiogram.event        INFO     Update id=875927650 is handled. Duration 47 ms by bot id=8976652462
2026.10.03 12:18:56 core.youtube_handler INFO     Yükləmə cəhdi: cookies + mweb (PO token)
2026.10.03 12:18:56 aiogram.event        INFO     Update id=875927651 is handled. Duration 0 ms by bot id=8976652462
2026.10.03 12:18:56 plugins.music_plugin INFO     Metadata (spotify): Sunflower Bean - Shooting Star
2026.10.03 12:18:56 plugins.music_plugin INFO     Metadata (spotify): Sunflower Bean - Lucky Number
2026.10.03 12:18:57 core.youtube_handler INFO     Yükləmə cəhdi: cookies + mweb (PO token)
2026.10.03 12:18:57 plugins.music_plugin INFO     Metadata (spotify): Sunflower Bean - Wall Watcher
2026.10.03 12:18:57 aiogram.event        INFO     Update id=875927652 is handled. Duration 88 ms by bot id=8976652462
2026.10.03 12:18:58 core.youtube_handler INFO     Yükləmə cəhdi: cookies + mweb (PO token)
2026.10.03 12:18:58 core.youtube_handler INFO     Yükləmə cəhdi: cookies + mweb (PO token)
2026.10.03 12:18:58 aiogram.event        INFO     Update id=875927653 is handled. Duration 0 ms by bot id=8976652462
2026.10.03 12:18:58 aiogram.event        INFO     Update id=875927654 is handled. Duration 0 ms by bot id=8976652462
2026.10.03 12:18:59 aiogram.event        INFO     Update id=875927655 is handled. Duration 0 ms by bot id=8976652462
2026.10.03 12:18:59 plugins.music_plugin INFO     Metadata (spotify): Sunflower Bean - Take Out Your Insides
2026.10.03 12:19:00 plugins.music_plugin INFO     Metadata (spotify): Sunflower Bean - Shake
2026.10.03 12:19:00 plugins.music_plugin INFO     Metadata (spotify): Sunflower Bean - Roll The Dice
2026.10.03 12:19:01 plugins.music_plugin INFO     Metadata (spotify): Sunflower Bean - Angelica
2026.10.03 12:19:01 aiogram.event        INFO     Update id=875927656 is handled. Duration 68 ms by bot id=8976652462
2026.10.03 12:19:01 core.youtube_handler INFO     Yükləmə cəhdi: cookies + mweb (PO token)
2026.10.03 12:19:01 aiogram.event        INFO     Update id=875927657 is handled. Duration 0 ms by bot id=8976652462
2026.10.03 12:19:01 plugins.music_plugin INFO     Metadata (spotify): Sunflower Bean - Serial Killer
2026.10.03 12:19:02 aiogram.event        INFO     Update id=875927658 is handled. Duration 36 ms by bot id=8976652462
2026.10.03 12:19:02 core.youtube_handler INFO     Yükləmə cəhdi: cookies + mweb (PO token)
2026.10.03 12:19:03 aiogram.event        INFO     Update id=875927659 is handled. Duration 31 ms by bot id=8976652462
2026.10.03 12:19:03 aiogram.event        INFO     Update id=875927660 is handled. Duration 13 ms by bot id=8976652462
2026.10.03 12:19:03 core.youtube_handler INFO     Yükləmə cəhdi: cookies + mweb (PO token)
2026.10.03 12:19:03 aiogram.event        INFO     Update id=875927661 is handled. Duration 79 ms by bot id=8976652462
2026.10.03 12:19:03 plugins.music_plugin INFO     Metadata (spotify): Sunflower Bean - Teach Me To Be Bad
2026.10.03 12:19:04 aiogram.event        INFO     Update id=875927662 is handled. Duration 21 ms by bot id=8976652462
2026.10.03 12:19:04 plugins.music_plugin INFO     Metadata (spotify): Sunflower Bean - 2013
2026.10.03 12:19:04 core.youtube_handler INFO     Yükləmə cəhdi: cookies + mweb (PO token)
2026.10.03 12:19:04 plugins.music_plugin INFO     Metadata (spotify): Sunflower Bean - I Don’t Have Control Sometimes
2026.10.03 12:19:05 plugins.music_plugin INFO     Metadata (spotify): Sunflower Bean - Watch You Walk Away
2026.10.03 12:19:05 core.youtube_handler INFO     Yükləmə cəhdi: cookies + mweb (PO token)
2026.10.03 12:19:06 core.youtube_handler INFO     Yükləmə cəhdi: cookies + mweb (PO token)
2026.10.03 12:19:06 core.youtube_handler INFO     Yükləmə cəhdi: cookies + mweb (PO token)
2026.10.03 12:19:06 plugins.music_plugin INFO     Metadata (spotify): Sunflower Bean - Look What You've Done To Me
2026.10.03 12:19:06 aiogram.event        INFO     Update id=875927663 is handled. Duration 3 ms by bot id=8976652462
2026.10.03 12:19:06 aiogram.event        INFO     Update id=875927664 is handled. Duration 0 ms by bot id=8976652462
2026.10.03 12:19:07 plugins.music_plugin INFO     Metadata (spotify): Sunflower Bean - Headful of Sugar
2026.10.03 12:19:07 plugins.music_plugin INFO     Metadata (spotify): Sunflower Bean - Waiting For The Rain
2026.10.03 12:19:07 aiogram.event        INFO     Update id=875927665 is handled. Duration 124 ms by bot id=8976652462
2026.10.03 12:19:07 aiogram.event        INFO     Update id=875927666 is handled. Duration 21 ms by bot id=8976652462
2026.10.03 12:19:08 core.youtube_handler INFO     Yükləmə cəhdi: cookies + mweb (PO token)
2026.10.03 12:19:08 plugins.music_plugin INFO     Metadata (spotify): Sunflower Bean - I Want You to Give Me Enough Time
2026.10.03 12:19:09 aiogram.event        INFO     Update id=875927667 is handled. Duration 99 ms by bot id=8976652462
2026.10.03 12:19:09 core.youtube_handler INFO     Yükləmə cəhdi: cookies + mweb (PO token)
2026.10.03 12:19:09 aiogram.event        INFO     Update id=875927668 is handled. Duration 21 ms by bot id=8976652462
2026.10.03 12:19:09 plugins.music_plugin INFO     Metadata (spotify): Sunflower Bean - Creation Myth
2026.10.03 12:19:10 telethon.client.updates INFO     Got difference for account updates
2026.10.03 12:19:10 aiogram.event        INFO     Update id=875927669 is handled. Duration 0 ms by bot id=8976652462
2026.10.03 12:19:10 core.youtube_handler INFO     Yükləmə cəhdi: cookies + mweb (PO token)
2026.10.03 12:19:10 plugins.music_plugin INFO     Metadata (spotify): Sunflower Bean - King Of The Dudes
2026.10.03 12:19:10 aiogram.event        INFO     Update id=875927670 is handled. Duration 15 ms by bot id=8976652462
2026.10.03 12:19:10 plugins.music_plugin INFO     Metadata (spotify): Sunflower Bean - I Was Home
2026.10.03 12:19:11 core.youtube_handler INFO     Yükləmə cəhdi: cookies + mweb (PO token)
2026.10.03 12:19:12 core.youtube_handler INFO     Yükləmə cəhdi: cookies + mweb (PO token)
2026.10.03 12:19:12 aiogram.event        INFO     Update id=875927671 is handled. Duration 36 ms by bot id=8976652462
2026.10.03 12:19:13 core.youtube_handler INFO     Yükləmə cəhdi: cookies + mweb (PO token)
2026.10.03 12:19:13 plugins.music_plugin INFO     Metadata (spotify): Sunflower Bean - This Kind of Feeling
2026.10.03 12:19:13 aiogram.event        INFO     Update id=875927672 is handled. Duration 51 ms by bot id=8976652462
2026.10.03 12:19:14 core.youtube_handler INFO     Yükləmə cəhdi: cookies + mweb (PO token)
2026.10.03 12:19:14 aiogram.event        INFO     Update id=875927673 is handled. Duration 15 ms by bot id=8976652462
2026.10.03 12:19:14 plugins.music_plugin INFO     Metadata (spotify): Sunflower Bean - Crashing Highs
2026.10.03 12:19:15 core.youtube_handler INFO     Yükləmə cəhdi: cookies + mweb (PO token)
2026.10.03 12:19:15 plugins.music_plugin INFO     Metadata (spotify): Sunflower Bean - Oh No, Bye Bye
2026.10.03 12:19:15 plugins.music_plugin INFO     Metadata (spotify): Sunflower Bean - Sinking Sands
2026.10.03 12:19:15 aiogram.event        INFO     Update id=875927674 is handled. Duration 57 ms by bot id=8976652462
2026.10.03 12:19:16 core.youtube_handler INFO     Yükləmə cəhdi: cookies + mweb (PO token)
2026.10.03 12:19:17 core.youtube_handler INFO     Yükləmə cəhdi: cookies + mweb (PO token)
2026.10.03 12:19:17 plugins.music_plugin INFO     Metadata (spotify): Sunflower Bean - I Knew Love
2026.10.03 12:19:18 core.youtube_handler INFO     Yükləmə cəhdi: cookies + mweb (PO token)
2026.10.03 12:19:18 aiogram.event        INFO     Update id=875927675 is handled. Duration 5 ms by bot id=8976652462
2026.10.03 12:19:18 aiogram.event        INFO     Update id=875927676 is handled. Duration 72 ms by bot id=8976652462
2026.10.03 12:19:18 plugins.music_plugin INFO     Metadata (spotify): Sunflower Bean - Fear City
2026.10.03 12:19:18 core.youtube_handler INFO     Yükləmə cəhdi: cookies + mweb (PO token)
2026.10.03 12:19:18 core.youtube_handler INFO     Yükləmə cəhdi: cookies + mweb (PO token)
2026.10.03 12:19:19 plugins.music_plugin INFO     Metadata (spotify): Sunflower Bean - Any Way You Like
2026.10.03 12:19:20 core.youtube_handler INFO     Yükləmə cəhdi: cookies + mweb (PO token)
2026.10.03 12:19:20 plugins.music_plugin INFO     Metadata (spotify): Living Things, The Turning, Sunflower Bean - Take No Prisoners
2026.10.03 12:19:20 aiogram.event        INFO     Update id=875927677 is handled. Duration 15 ms by bot id=8976652462
2026.10.03 12:19:21 core.youtube_handler INFO     Yükləmə cəhdi: cookies + mweb (PO token)
2026.10.03 12:19:21 plugins.music_plugin INFO     Metadata (spotify): Sunflower Bean - Crisis Fest
2026.10.03 12:19:21 aiogram.event        INFO     Update id=875927678 is handled. Duration 0 ms by bot id=8976652462
2026.10.03 12:19:21 aiogram.event        INFO     Update id=875927679 is handled. Duration 0 ms by bot id=8976652462
2026.10.03 12:19:22 aiogram.event        INFO     Update id=875927680 is handled. Duration 21 ms by bot id=8976652462
2026.10.03 12:19:22 core.youtube_handler INFO     Yükləmə cəhdi: cookies + mweb (PO token)
2026.10.03 12:19:22 aiogram.event        INFO     Update id=875927681 is handled. Duration 32 ms by bot id=8976652462
2026.10.03 12:19:22 plugins.music_plugin INFO     Metadata (spotify): Sunflower Bean - Burn It
2026.10.03 12:19:23 plugins.music_plugin INFO     Metadata (spotify): Sunflower Bean - Space Exploration Disaster
2026.10.03 12:19:23 core.youtube_handler INFO     Yükləmə cəhdi: cookies + mweb (PO token)
2026.10.03 12:19:23 plugins.music_plugin INFO     Metadata (spotify): Sunflower Bean - Post Love
2026.10.03 12:19:24 core.youtube_handler INFO     Yükləmə cəhdi: cookies + mweb (PO token)
2026.10.03 12:19:24 telethon.client.updates INFO     Got difference for channel 1327565517 updates
2026.10.03 12:19:25 core.youtube_handler INFO     Yükləmə cəhdi: cookies + mweb (PO token)
2026.10.03 12:19:25 aiogram.event        INFO     Update id=875927682 is handled. Duration 0 ms by bot id=8976652462
2026.10.03 12:19:25 aiogram.event        INFO     Update id=875927683 is handled. Duration 16 ms by bot id=8976652462
2026.10.03 12:19:25 aiogram.event        INFO     Update id=875927684 is handled. Duration 31 ms by bot id=8976652462
2026.10.03 12:19:25 plugins.music_plugin INFO     Metadata (spotify): Sunflower Bean - Tame Impala
2026.10.03 12:19:25 plugins.music_plugin INFO     Metadata (spotify): Sunflower Bean - Feel Somebody
2026.10.03 12:19:26 core.youtube_handler INFO     Yükləmə cəhdi: cookies + mweb (PO token)
2026.10.03 12:19:26 aiogram.event        INFO     Update id=875927685 is handled. Duration 97 ms by bot id=8976652462
2026.10.03 12:19:27 plugins.music_plugin INFO     Metadata (spotify): Sunflower Bean - Human For
2026.10.03 12:19:27 core.youtube_handler INFO     Yükləmə cəhdi: cookies + mweb (PO token)
2026.10.03 12:19:27 telethon.client.updates INFO     Got difference for channel 1327565517 updates
2026.10.03 12:19:28 core.youtube_handler INFO     Yükləmə cəhdi: cookies + mweb (PO token)
2026.10.03 12:19:28 plugins.music_plugin INFO     Metadata (spotify): Sunflower Bean - Please Rewind
2026.10.03 12:19:28 aiogram.event        INFO     Update id=875927686 is handled. Duration 6 ms by bot id=8976652462
2026.10.03 12:19:28 telethon.client.updates INFO     Got difference for channel 2233220502 updates
2026.10.03 12:19:29 core.youtube_handler INFO     Yükləmə cəhdi: cookies + mweb (PO token)
2026.10.03 12:19:29 plugins.music_plugin INFO     Metadata (spotify): Sunflower Bean - Life's a Gas
2026.10.03 12:19:29 aiogram.event        INFO     Update id=875927687 is handled. Duration 0 ms by bot id=8976652462
2026.10.03 12:19:30 aiogram.event        INFO     Update id=875927688 is handled. Duration 304 ms by bot id=8976652462
2026.10.03 12:19:30 core.youtube_handler INFO     Yükləmə cəhdi: cookies + mweb (PO token)
2026.10.03 12:19:30 plugins.music_plugin INFO     Metadata (spotify): Sunflower Bean - 2013
2026.10.03 12:19:30 plugins.music_plugin INFO     Metadata (spotify): Sunflower Bean - Sunshine
2026.10.03 12:19:30 aiogram.event        INFO     Update id=875927689 is handled. Duration 46 ms by bot id=8976652462
2026.10.03 12:19:31 core.youtube_handler INFO     Yükləmə cəhdi: cookies + mweb (PO token)
2026.10.03 12:19:31 aiogram.event        INFO     Update id=875927690 is handled. Duration 36 ms by bot id=8976652462
2026.10.03 12:19:31 plugins.music_plugin INFO     Metadata (spotify): Jam in the Van, Sunflower Bean - Come for Me (Live Session, Los Angeles, CA, 2019)
2026.10.03 12:19:32 core.youtube_handler INFO     Yükləmə cəhdi: cookies + mweb (PO token)
2026.10.03 12:19:32 plugins.music_plugin INFO     Metadata (spotify): Sunflower Bean - The Big One
2026.10.03 12:19:33 core.youtube_handler INFO     Yükləmə cəhdi: cookies + mweb (PO token)
2026.10.03 12:19:33 aiogram.event        INFO     Update id=875927691 is handled. Duration 0 ms by bot id=8976652462
2026.10.03 12:19:33 aiogram.event        INFO     Update id=875927692 is handled. Duration 0 ms by bot id=8976652462
2026.10.03 12:19:33 plugins.music_plugin INFO     Metadata (spotify): Sunflower Bean - Otherside
2026.10.03 12:19:34 core.youtube_handler INFO     Yükləmə cəhdi: cookies + mweb (PO token)
2026.10.03 12:19:34 plugins.music_plugin INFO     Metadata (spotify): Sunflower Bean - Ok Mr. Man
2026.10.03 12:19:34 aiogram.event        INFO     Update id=875927693 is handled. Duration 25 ms by bot id=8976652462
2026.10.03 12:19:34 aiogram.event        INFO     Update id=875927694 is handled. Duration 17 ms by bot id=8976652462
2026.10.03 12:19:35 core.youtube_handler INFO     Yükləmə cəhdi: cookies + mweb (PO token)
2026.10.03 12:19:35 plugins.music_plugin INFO     Metadata (spotify): Sunflower Bean - Oh, I Just Don't Know
2026.10.03 12:19:36 core.youtube_handler INFO     Yükləmə cəhdi: cookies + mweb (PO token)
2026.10.03 12:19:36 core.youtube_handler INFO     Yükləmə cəhdi: cookies + mweb (PO token)
2026.10.03 12:19:36 telethon.client.updates INFO     Got difference for channel 1305322609 updates
2026.10.03 12:19:36 plugins.music_plugin INFO     Metadata (spotify): Sunflower Bean - Lady Daydream
2026.10.03 12:19:36 plugins.music_plugin INFO     Metadata (spotify): Sunflower Bean - Puppet Strings
2026.10.03 12:19:36 aiogram.event        INFO     Update id=875927695 is handled. Duration 0 ms by bot id=8976652462
2026.10.03 12:19:36 aiogram.event        INFO     Update id=875927696 is handled. Duration 0 ms by bot id=8976652462
2026.10.03 12:19:38 core.audio_cache     INFO     📦 Dublikat qarşısı: O8MCJWnZxOs → depodakı 'Sunflower Bean - Champagne Taste'
2026.10.03 12:19:38 plugins.music_plugin INFO     Metadata (spotify): Sunflower Bean - Bread
2026.10.03 12:19:39 core.audio_cache     INFO     📦 Dublikat qarşısı: Rz_Jkj00ntw → depodakı 'Sunflower Bean - Nothing Romantic'
2026.10.03 12:19:39 aiogram.event        INFO     Update id=875927697 is handled. Duration 0 ms by bot id=8976652462
2026.10.03 12:19:39 aiogram.event        INFO     Update id=875927698 is handled. Duration 0 ms by bot id=8976652462
2026.10.03 12:19:39 aiogram.event        INFO     Update id=875927699 is handled. Duration 0 ms by bot id=8976652462
2026.10.03 12:19:40 plugins.music_plugin INFO     Metadata (spotify): Sunflower Bean - Beat The Odds
2026.10.03 12:19:40 core.audio_cache     INFO     📦 Dublikat qarşısı: q3DHiKmQsno → depodakı 'Sunflower Bean - Waiting For The Rain'
2026.10.03 12:19:41 core.audio_cache     INFO     📦 Dublikat qarşısı: prvu9baRVCI → depodakı 'Sunflower Bean - Look What You've Done To Me'
2026.10.03 12:19:41 plugins.music_plugin INFO     Metadata (spotify): Sunflower Bean - I Hear Voices
2026.10.03 12:19:42 aiogram.event        INFO     Update id=875927700 is handled. Duration 667 ms by bot id=8976652462
2026.10.03 12:19:42 core.audio_cache     INFO     📦 Dublikat qarşısı: 7kvE0qsG63M → depodakı 'Sunflower Bean - I Knew Love'
2026.10.03 12:19:42 plugins.music_plugin INFO     Metadata (spotify): Jam in the Van, Sunflower Bean - I Was a Fool (Live Session, Los Angeles, CA, 2019)
2026.10.03 12:19:42 core.audio_cache     INFO     📦 Dublikat qarşısı: CgvibqxiaKw → depodakı 'Sunflower Bean - Take Out Your Insides'
2026.10.03 12:19:42 plugins.music_plugin INFO     Metadata (spotify): Sunflower Bean - Shine a Light
2026.10.03 12:19:43 aiogram.event        INFO     Update id=875927701 is handled. Duration 98 ms by bot id=8976652462
2026.10.03 12:19:43 plugins.music_plugin INFO     Metadata (spotify): Sunflower Bean - Rock & Roll Heathen
2026.10.03 12:19:43 core.audio_cache     INFO     📦 Dublikat qarşısı: 8kCPhNymN_0 → depodakı 'Sunflower Bean - There's A Part I Can't Get Back'
2026.10.03 12:19:44 core.audio_cache     INFO     📦 Dublikat qarşısı: d2JElOjId-s → depodakı 'Sunflower Bean - Please Rewind'
2026.10.03 12:19:44 plugins.music_plugin INFO     Metadata (spotify): Sunflower Bean - Old World
2026.10.03 12:19:44 aiogram.event        INFO     Update id=875927702 is handled. Duration 16 ms by bot id=8976652462
2026.10.03 12:19:45 aiogram.event        INFO     Update id=875927703 is handled. Duration 36 ms by bot id=8976652462
2026.10.03 12:19:45 core.audio_cache     INFO     📦 Dublikat qarşısı: Hub8Ix9y1Lc → depodakı 'Sunflower Bean - Shooting Star'
2026.10.03 12:19:45 plugins.music_plugin INFO     Metadata (spotify): Sunflower Bean - The Stalker
2026.10.03 12:19:45 core.audio_cache     INFO     📦 Dublikat qarşısı: yca2oCbZ--4 → depodakı 'Sunflower Bean - Who Put You Up To This?'
2026.10.03 12:19:46 aiogram.event        INFO     Update id=875927704 is handled. Duration 91 ms by bot id=8976652462
2026.10.03 12:19:46 aiogram.event        INFO     Update id=875927705 is handled. Duration 81 ms by bot id=8976652462
2026.10.03 12:19:46 plugins.music_plugin INFO     Metadata (spotify): Sunflower Bean - Raggedy Anne
2026.10.03 12:19:46 aiogram.event        INFO     Update id=875927706 is handled. Duration 117 ms by bot id=8976652462
2026.10.03 12:19:47 core.audio_cache     INFO     📦 Dublikat qarşısı: Fd9hoRU5SQg → depodakı 'Sunflower Bean - In Flight'
2026.10.03 12:19:47 plugins.music_plugin INFO     Metadata (spotify): Jam in the Van, Sunflower Bean - King of the Dudes (Live Session, Los Angeles, CA, 2019)
2026.10.03 12:19:47 core.audio_cache     INFO     📦 Dublikat qarşısı: 364yhrjBsc4 → depodakı 'Sunflower Bean - Roll The Dice'
2026.10.03 12:19:47 plugins.music_plugin INFO     Metadata (spotify): Sunflower Bean - No Bills In Heaven
2026.10.03 12:19:48 core.audio_cache     INFO     📦 Dublikat qarşısı: 6yhkQsUSaII → depodakı 'Sunflower Bean - Headful of Sugar'
2026.10.03 12:19:48 core.audio_cache     INFO     📦 Dublikat qarşısı: jxeV0_94jpw → depodakı 'Sunflower Bean - I Don’t Have Control Sometimes'
2026.10.03 12:19:48 core.audio_cache     INFO     📦 Dublikat qarşısı: EoLhTL0H5CQ → depodakı 'Sunflower Bean - Stand By Me'
2026.10.03 12:19:48 plugins.music_plugin INFO     Metadata (spotify): Sunflower Bean - Somebody Call a Doctor
2026.10.03 12:19:48 aiogram.event        INFO     Update id=875927707 is handled. Duration 82 ms by bot id=8976652462
2026.10.03 12:19:49 aiogram.event        INFO     Update id=875927708 is handled. Duration 56 ms by bot id=8976652462
2026.10.03 12:19:49 core.audio_cache     INFO     📦 Dublikat qarşısı: BcJmt_DGcfA → depodakı 'Sunflower Bean - Sunshine'
2026.10.03 12:19:49 core.audio_cache     INFO     📦 Dublikat qarşısı: vJkzrb7QJFU → depodakı 'Sunflower Bean - Baby Don't Cry'
2026.10.03 12:19:49 aiogram.event        INFO     Update id=875927709 is handled. Duration 20 ms by bot id=8976652462
2026.10.03 12:19:50 aiogram.event        INFO     Update id=875927710 is handled. Duration 0 ms by bot id=8976652462
2026.10.03 12:19:50 aiogram.event        INFO     Update id=875927711 is handled. Duration 16 ms by bot id=8976652462
2026.10.03 12:19:51 core.youtube_handler INFO     Yükləmə cəhdi: cookies + mweb (PO token)
2026.10.03 12:19:52 core.audio_cache     INFO     📦 Dublikat qarşısı: ee8xPZCPEyU → depodakı 'Sunflower Bean - Post Love'
2026.10.03 12:19:52 core.audio_cache     INFO     📦 Dublikat qarşısı: zH0TkxF3TYo → depodakı 'Sunflower Bean - Otherside'
2026.10.03 12:19:52 core.audio_cache     INFO     📦 Dublikat qarşısı: XnFrIYxm5YY → depodakı 'Sunflower Bean - Burn It'
2026.10.03 12:19:52 core.audio_cache     INFO     📦 Dublikat qarşısı: YUWkzA3dQuc → depodakı 'Sunflower Bean - Feel Somebody'
2026.10.03 12:19:57 core.audio_cache     INFO     📦 Dublikat qarşısı: rMXvr6uIynY → depodakı 'Sunflower Bean - Twentytwo'
2026.10.03 12:19:57 core.audio_cache     INFO     📦 Dublikat qarşısı: Rm6ZtALw5KM → depodakı 'Sunflower Bean - I Was A Fool'
2026.10.03 12:19:57 core.audio_cache     INFO     📦 Dublikat qarşısı: 7C8BjBG8Kec → depodakı 'Sunflower Bean - Memoria'
2026.10.03 12:19:57 core.audio_cache     INFO     📦 Dublikat qarşısı: Pn9b25bDa88 → depodakı 'Sunflower Bean - Puppet Strings'
2026.10.03 12:19:57 core.audio_cache     INFO     📦 Dublikat qarşısı: iRdP45FXQY8 → depodakı 'Sunflower Bean - Only A Moment'
2026.10.03 12:19:57 core.audio_cache     INFO     📦 Dublikat qarşısı: wt7KQt-L7T8 → depodakı 'Sunflower Bean - Any Way You Like'
2026.10.03 12:19:57 core.audio_cache     INFO     📦 Dublikat qarşısı: DeI0RfjoPxU → depodakı 'Sunflower Bean - Oh No, Bye Bye'
2026.10.03 12:19:57 core.audio_cache     INFO     📦 Dublikat qarşısı: E6hMtB9dMFo → depodakı 'Sunflower Bean - Sinking Sands'
2026.10.03 12:19:57 core.audio_cache     INFO     📦 Dublikat qarşısı: PaBTw6HTPGQ → depodakı 'Sunflower Bean - Come On'
2026.10.03 12:19:58 core.audio_cache     INFO     📦 Dublikat qarşısı: MQDm3vBE5tA → depodakı 'Sunflower Bean - Human For'
2026.10.03 12:20:02 plugins.music_plugin INFO     Metadata (spotify): Sunflower Bean - Moment In The Sun (Bonus Track)
2026.10.03 12:20:03 core.audio_cache     INFO     📦 Dublikat qarşısı: xykuu_pVZak → depodakı 'Sunflower Bean - Easier Said'
2026.10.03 12:20:03 core.audio_cache     INFO     📦 Dublikat qarşısı: 8RplDJ08s8Y → depodakı 'Sunflower Bean - Wall Watcher'
2026.10.03 12:20:03 core.audio_cache     INFO     📦 Dublikat qarşısı: fMydWrI-uWM → depodakı 'Sunflower Bean - Shake'
2026.10.03 12:20:03 core.audio_cache     INFO     📦 Dublikat qarşısı: WAp7XkmFWxo → depodakı 'Sunflower Bean - Lucky Number'
2026.10.03 12:20:03 core.audio_cache     INFO     📦 Dublikat qarşısı: JIPXqsNB3PI → depodakı 'Sunflower Bean - Teach Me To Be Bad'
2026.10.03 12:20:03 core.audio_cache     INFO     📦 Dublikat qarşısı: fL6F_PfOLBI → depodakı 'Sunflower Bean - Serial Killer'
2026.10.03 12:20:03 core.audio_cache     INFO     📦 Dublikat qarşısı: TsE6cs91tck → depodakı 'Sunflower Bean - Angelica'
2026.10.03 12:20:03 core.audio_cache     INFO     📦 Dublikat qarşısı: 1aFNpHKgEvE → depodakı 'Jam in the Van, Sunflower Bean - Come for Me (Live Session, Los Angeles, CA, 2019)'
2026.10.03 12:20:06 aiogram.event        INFO     Update id=875927712 is handled. Duration 61 ms by bot id=8976652462
2026.10.03 12:20:08 core.youtube_handler INFO     Yükləmə cəhdi: cookies + mweb (PO token)
2026.10.03 12:20:09 core.youtube_handler INFO     Yükləmə cəhdi: cookies + mweb (PO token)
2026.10.03 12:20:10 core.youtube_handler INFO     Yükləmə cəhdi: cookies + mweb (PO token)
2026.10.03 12:20:11 core.youtube_handler INFO     Yükləmə cəhdi: cookies + mweb (PO token)
2026.10.03 12:20:11 core.youtube_handler INFO     Yükləmə cəhdi: cookies + mweb (PO token)
2026.10.03 12:20:12 core.youtube_handler INFO     Yükləmə cəhdi: cookies + mweb (PO token)
2026.10.03 12:20:12 core.audio_cache     INFO     📦 Dublikat qarşısı: 4Vpln9rrsDI → depodakı 'Sunflower Bean - King Of The Dudes'
2026.10.03 12:20:13 core.audio_cache     INFO     📦 Dublikat qarşısı: QCuUXsntDlk → depodakı 'Sunflower Bean - Come For Me'
2026.10.03 12:20:13 core.audio_cache     INFO     📦 Dublikat qarşısı: 8471sL6hK04 → depodakı 'Sunflower Bean - I Hear Voices'
2026.10.03 12:20:13 core.youtube_handler INFO     Yükləmə cəhdi: cookies + mweb (PO token)
2026.10.03 12:20:13 core.audio_cache     INFO     📦 Dublikat qarşısı: 3AU6XsFNhXc → depodakı 'Sunflower Bean - Fear City'
2026.10.03 12:20:13 core.audio_cache     INFO     📦 Dublikat qarşısı: g_EylIzpggU → depodakı 'Sunflower Bean - 2013'
2026.10.03 12:20:13 core.audio_cache     INFO     📦 Dublikat qarşısı: mb4rgJldBxs → depodakı 'Sunflower Bean - The Big One'
2026.10.03 12:20:13 core.audio_cache     INFO     📦 Dublikat qarşısı: s5uOUg285Bg → depodakı 'Sunflower Bean - Crisis Fest'
2026.10.03 12:20:14 core.youtube_handler INFO     Yükləmə cəhdi: cookies + mweb (PO token)
2026.10.03 12:20:15 core.youtube_handler INFO     Yükləmə cəhdi: cookies + mweb (PO token)
2026.10.03 12:20:16 core.youtube_handler INFO     Yükləmə cəhdi: cookies + mweb (PO token)
2026.10.03 12:20:17 core.youtube_handler INFO     Yükləmə cəhdi: cookies + mweb (PO token)
2026.10.03 12:20:17 core.youtube_handler INFO     Yükləmə cəhdi: cookies + mweb (PO token)
2026.10.03 12:20:18 core.youtube_handler INFO     Yükləmə cəhdi: cookies + mweb (PO token)
2026.10.03 12:20:18 telethon.client.updates INFO     Got difference for channel 2233220502 updates
2026.10.03 12:20:18 telethon.client.updates INFO     Got difference for channel 1327565517 updates
2026.10.03 12:20:19 core.youtube_handler INFO     Yükləmə cəhdi: cookies + mweb (PO token)
2026.10.03 12:20:19 core.youtube_handler INFO     Yükləmə cəhdi: cookies + mweb (PO token)
2026.10.03 12:20:20 plugins.music_plugin INFO     Metadata (spotify): Wild Child - Crazy Bird
2026.10.03 12:20:20 core.youtube_handler INFO     Yükləmə cəhdi: cookies + mweb (PO token)
2026.10.03 12:20:21 core.youtube_handler INFO     Yükləmə cəhdi: cookies + mweb (PO token)
2026.10.03 12:20:22 core.youtube_handler INFO     Yükləmə cəhdi: cookies + mweb (PO token)
2026.10.03 12:20:22 plugins.music_plugin INFO     Metadata (spotify): Wild Child - Break Bones
2026.10.03 12:20:22 core.youtube_handler INFO     Yükləmə cəhdi: cookies + mweb (PO token)
2026.10.03 12:20:23 aiogram.event        INFO     Update id=875927713 is handled. Duration 80 ms by bot id=8976652462
2026.10.03 12:20:23 core.youtube_handler INFO     Yükləmə cəhdi: cookies + mweb (PO token)
2026.10.03 12:20:23 plugins.music_plugin INFO     Metadata (spotify): Wild Child - Expectations
2026.10.03 12:20:23 plugins.music_plugin INFO     Metadata (spotify): Wild Child - Pillow Talk
2026.10.03 12:20:23 core.audio_cache     INFO     📦 Dublikat qarşısı: PjJFJHQlkTE → depodakı 'Jam in the Van, Sunflower Bean - King of the Dudes (Live Session, Los Angeles, CA, 2019)'
2026.10.03 12:20:23 telethon.client.updates INFO     Got difference for channel 1270848742 updates
2026.10.03 12:20:24 core.youtube_handler INFO     Yükləmə cəhdi: cookies + mweb (PO token)
2026.10.03 12:20:24 plugins.music_plugin INFO     Metadata (spotify): Wild Child - Rillo Talk
2026.10.03 12:20:25 core.youtube_handler INFO     Yükləmə cəhdi: cookies + mweb (PO token)
2026.10.03 12:20:25 plugins.music_plugin INFO     Metadata (spotify): Wild Child - Meadows
2026.10.03 12:20:25 aiogram.event        INFO     Update id=875927714 is handled. Duration 15 ms by bot id=8976652462
2026.10.03 12:20:25 core.youtube_handler INFO     Yükləmə cəhdi: cookies + mweb (PO token)
2026.10.03 12:20:25 plugins.music_plugin INFO     Metadata (spotify): Wild Child - Back & Forth
2026.10.03 12:20:26 core.youtube_handler INFO     Yükləmə cəhdi: cookies + mweb (PO token)
2026.10.03 12:20:27 aiogram.event        INFO     Update id=875927715 is handled. Duration 16 ms by bot id=8976652462
2026.10.03 12:20:27 plugins.music_plugin INFO     Metadata (spotify): Wild Child - The Tale of You & Me
2026.10.03 12:20:27 core.youtube_handler INFO     Yükləmə cəhdi: cookies + mweb (PO token)
2026.10.03 12:20:27 aiogram.event        INFO     Update id=875927716 is handled. Duration 93 ms by bot id=8976652462
2026.10.03 12:20:27 telethon.client.updates INFO     Got difference for channel 1450190758 updates
2026.10.03 12:20:27 aiogram.event        INFO     Update id=875927717 is handled. Duration 224 ms by bot id=8976652462
2026.10.03 12:20:28 aiogram.event        INFO     Update id=875927718 is handled. Duration 31 ms by bot id=8976652462
2026.10.03 12:20:28 plugins.music_plugin INFO     Metadata (spotify): Wild Child - Wearing Blue
2026.10.03 12:20:28 core.youtube_handler INFO     Yükləmə cəhdi: cookies + mweb (PO token)
2026.10.03 12:20:28 aiogram.event        INFO     Update id=875927719 is handled. Duration 83 ms by bot id=8976652462
2026.10.03 12:20:28 core.youtube_handler INFO     Yükləmə cəhdi: cookies + mweb (PO token)
2026.10.03 12:20:29 plugins.music_plugin INFO     Metadata (spotify): Wild Child - Sinking Ship
2026.10.03 12:20:29 core.youtube_handler INFO     Yükləmə cəhdi: cookies + mweb (PO token)
2026.10.03 12:20:30 core.youtube_handler INFO     Yükləmə cəhdi: cookies + mweb (PO token)
2026.10.03 12:20:30 plugins.music_plugin INFO     Metadata (spotify): Wild Child - Hold On, Hold You
2026.10.03 12:20:30 core.youtube_handler INFO     Yükləmə cəhdi: cookies + mweb (PO token)
2026.10.03 12:20:31 core.youtube_handler INFO     Yükləmə cəhdi: cookies + mweb (PO token)
2026.10.03 12:20:31 core.youtube_handler INFO     Yükləmə cəhdi: cookies + mweb (PO token)
2026.10.03 12:20:31 aiogram.event        INFO     Update id=875927720 is handled. Duration 66 ms by bot id=8976652462
2026.10.03 12:20:31 core.youtube_handler INFO     Yükləmə cəhdi: cookies + mweb (PO token)
2026.10.03 12:20:31 plugins.music_plugin INFO     Metadata (spotify): Wild Child - Think It Over
2026.10.03 12:20:32 plugins.music_plugin INFO     Metadata (spotify): Wild Child - Silly Things
2026.10.03 12:20:32 plugins.music_plugin INFO     Metadata (spotify): Wild Child - Alex
2026.10.03 12:20:32 plugins.music_plugin INFO     Metadata (spotify): Wild Child - Someone Else
2026.10.03 12:20:32 aiogram.event        INFO     Update id=875927721 is handled. Duration 0 ms by bot id=8976652462
2026.10.03 12:20:32 plugins.music_plugin INFO     Metadata (spotify): Wild Child - All the Years
2026.10.03 12:20:33 plugins.music_plugin INFO     Metadata (spotify): Wild Child - The Escape
2026.10.03 12:20:33 aiogram.event        INFO     Update id=875927722 is handled. Duration 0 ms by bot id=8976652462
2026.10.03 12:20:33 aiogram.event        INFO     Update id=875927723 is handled. Duration 0 ms by bot id=8976652462
2026.10.03 12:20:34 plugins.music_plugin INFO     Metadata (spotify): Wild Child - Follow Me
2026.10.03 12:20:34 aiogram.event        INFO     Update id=875927724 is handled. Duration 5 ms by bot id=8976652462
2026.10.03 12:20:34 aiogram.event        INFO     Update id=875927725 is handled. Duration 196 ms by bot id=8976652462
2026.10.03 12:20:35 core.youtube_handler INFO     Yükləmə cəhdi: cookies + mweb (PO token)
2026.10.03 12:20:35 core.youtube_handler INFO     Yükləmə cəhdi: cookies + mweb (PO token)
2026.10.03 12:20:35 plugins.music_plugin INFO     Metadata (spotify): Wild Child - Darling Divine
2026.10.03 12:20:35 aiogram.event        INFO     Update id=875927726 is handled. Duration 51 ms by bot id=8976652462
2026.10.03 12:20:35 plugins.music_plugin INFO     Metadata (spotify): Wild Child, The Song Confessional - Going In
2026.10.03 12:20:35 core.youtube_handler INFO     Yükləmə cəhdi: cookies + mweb (PO token)
2026.10.03 12:20:35 aiogram.event        INFO     Update id=875927729 is handled. Duration 0 ms by bot id=8976652462
2026.10.03 12:20:35 aiogram.event        INFO     Update id=875927728 is handled. Duration 0 ms by bot id=8976652462
2026.10.03 12:20:35 aiogram.event        INFO     Update id=875927727 is handled. Duration 1 ms by bot id=8976652462
2026.10.03 12:20:36 core.youtube_handler INFO     Yükləmə cəhdi: cookies + mweb (PO token)
2026.10.03 12:20:36 plugins.music_plugin INFO     Metadata (spotify): Wild Child - 1996
2026.10.03 12:20:36 aiogram.event        INFO     Update id=875927730 is handled. Duration 22 ms by bot id=8976652462
2026.10.03 12:20:37 core.youtube_handler INFO     Yükləmə cəhdi: cookies + mweb (PO token)
2026.10.03 12:20:37 plugins.music_plugin INFO     Metadata (spotify): Wild Child - Bridges Burning
2026.10.03 12:20:38 core.youtube_handler INFO     Yükləmə cəhdi: cookies + mweb (PO token)
2026.10.03 12:20:38 plugins.music_plugin INFO     Metadata (spotify): Wild Child - Victim to Charm
2026.10.03 12:20:38 aiogram.event        INFO     Update id=875927731 is handled. Duration 90 ms by bot id=8976652462
2026.10.03 12:20:38 core.youtube_handler INFO     Yükləmə cəhdi: cookies + mweb (PO token)
2026.10.03 12:20:38 aiogram.event        INFO     Update id=875927732 is handled. Duration 2 ms by bot id=8976652462
2026.10.03 12:20:39 aiogram.event        INFO     Update id=875927733 is handled. Duration 92 ms by bot id=8976652462
2026.10.03 12:20:39 core.youtube_handler INFO     Yükləmə cəhdi: cookies + mweb (PO token)
2026.10.03 12:20:39 plugins.music_plugin INFO     Metadata (spotify): Wild Child - Anna Maria
2026.10.03 12:20:40 plugins.music_plugin INFO     Metadata (spotify): Wild Child - That's What She Say
2026.10.03 12:20:40 core.youtube_handler INFO     Yükləmə cəhdi: cookies + mweb (PO token)
2026.10.03 12:20:40 aiogram.event        INFO     Update id=875927734 is handled. Duration 0 ms by bot id=8976652462
2026.10.03 12:20:41 core.youtube_handler INFO     Yükləmə cəhdi: cookies + mweb (PO token)
2026.10.03 12:20:41 plugins.music_plugin INFO     Metadata (spotify): Wild Child - The Runaround
2026.10.03 12:20:41 aiogram.event        INFO     Update id=875927735 is handled. Duration 175 ms by bot id=8976652462
2026.10.03 12:20:42 core.youtube_handler INFO     Yükləmə cəhdi: cookies + mweb (PO token)
2026.10.03 12:20:42 core.youtube_handler INFO     Yükləmə cəhdi: cookies + mweb (PO token)
2026.10.03 12:20:42 aiogram.event        INFO     Update id=875927736 is handled. Duration 97 ms by bot id=8976652462
2026.10.03 12:20:42 plugins.music_plugin INFO     Metadata (spotify): Wild Child - Fools
2026.10.03 12:20:42 core.youtube_handler INFO     Yükləmə cəhdi: cookies + mweb (PO token)
2026.10.03 12:20:42 core.youtube_handler INFO     Yükləmə cəhdi: cookies + mweb (PO token)
2026.10.03 12:20:43 aiogram.event        INFO     Update id=875927737 is handled. Duration 0 ms by bot id=8976652462
2026.10.03 12:20:43 telethon.client.updates INFO     Got difference for channel 1270848742 updates
2026.10.03 12:20:44 core.youtube_handler INFO     Yükləmə cəhdi: cookies + mweb (PO token)
2026.10.03 12:20:44 plugins.depo_filler_plugin INFO     🎵 YTM Hope Tala: 78 mahnı (+78 növbəyə, 0 artıq depoda), +8 yeni ifaçı
2026.10.03 12:20:44 aiogram.event        INFO     Update id=875927738 is handled. Duration 1 ms by bot id=8976652462
2026.10.03 12:20:45 plugins.music_plugin INFO     Metadata (spotify): Wild Child - Bullets
2026.10.03 12:20:45 plugins.music_plugin INFO     Metadata (spotify): Wild Child - Oklahoma
2026.10.03 12:20:45 core.youtube_handler INFO     Yükləmə cəhdi: cookies + mweb (PO token)
2026.10.03 12:20:45 aiogram.event        INFO     Update id=875927739 is handled. Duration 1 ms by bot id=8976652462
2026.10.03 12:20:45 plugins.music_plugin INFO     Metadata (spotify): Wild Child - Stitches
2026.10.03 12:20:45 plugins.music_plugin INFO     Metadata (spotify): Wild Child - Whiskey Dreams
2026.10.03 12:20:45 plugins.music_plugin INFO     Metadata (spotify): Wild Child - Warm Body
2026.10.03 12:20:45 core.youtube_handler INFO     Yükləmə cəhdi: cookies + mweb (PO token)
2026.10.03 12:20:47 core.youtube_handler INFO     Yükləmə cəhdi: cookies + mweb (PO token)
2026.10.03 12:20:48 plugins.music_plugin INFO     Metadata (spotify): Wild Child - My Town
2026.10.03 12:20:48 aiogram.event        INFO     Update id=875927740 is handled. Duration 10 ms by bot id=8976652462
2026.10.03 12:20:48 plugins.music_plugin INFO     Metadata (spotify): Wild Child - Cheap Champagne
2026.10.03 12:20:48 aiogram.event        INFO     Update id=875927741 is handled. Duration 55 ms by bot id=8976652462
2026.10.03 12:20:48 core.youtube_handler INFO     Yükləmə cəhdi: cookies + mweb (PO token)
2026.10.03 12:20:48 aiogram.event        INFO     Update id=875927742 is handled. Duration 3 ms by bot id=8976652462
2026.10.03 12:20:48 plugins.music_plugin INFO     Metadata (spotify): Wild Child - Eggshells
2026.10.03 12:20:48 plugins.music_plugin INFO     Metadata (spotify): Wild Child - Underwhelmed
2026.10.03 12:20:49 aiogram.event        INFO     Update id=875927743 is handled. Duration 93 ms by bot id=8976652462
2026.10.03 12:20:49 core.youtube_handler INFO     Yükləmə cəhdi: cookies + mweb (PO token)
2026.10.03 12:20:50 plugins.music_plugin INFO     Metadata (spotify): Wild Child - Cocaine Hurricane
2026.10.03 12:20:50 plugins.music_plugin INFO     Metadata (spotify): Wild Child - Living Tree
2026.10.03 12:20:50 core.youtube_handler INFO     Yükləmə cəhdi: cookies + mweb (PO token)
2026.10.03 12:20:50 aiogram.event        INFO     Update id=875927744 is handled. Duration 0 ms by bot id=8976652462
2026.10.03 12:20:51 core.youtube_handler INFO     Yükləmə cəhdi: cookies + mweb (PO token)
2026.10.03 12:20:51 plugins.music_plugin INFO     Metadata (spotify): Wild Child - Photographs
2026.10.03 12:20:51 aiogram.event        INFO     Update id=875927745 is handled. Duration 0 ms by bot id=8976652462
2026.10.03 12:20:51 aiogram.event        INFO     Update id=875927746 is handled. Duration 0 ms by bot id=8976652462
2026.10.03 12:20:51 plugins.music_plugin INFO     Metadata (spotify): Wild Child - I'll Figure You Out
2026.10.03 12:20:52 core.youtube_handler INFO     Yükləmə cəhdi: cookies + mweb (PO token)
2026.10.03 12:20:52 aiogram.event        INFO     Update id=875927747 is handled. Duration 0 ms by bot id=8976652462
2026.10.03 12:20:52 aiogram.event        INFO     Update id=875927748 is handled. Duration 30 ms by bot id=8976652462
2026.10.03 12:20:53 aiogram.event        INFO     Update id=875927749 is handled. Duration 26 ms by bot id=8976652462
2026.10.03 12:20:53 core.youtube_handler INFO     Yükləmə cəhdi: cookies + mweb (PO token)
2026.10.03 12:20:53 plugins.music_plugin INFO     Metadata (spotify): Wild Child - This Place
2026.10.03 12:20:53 aiogram.event        INFO     Update id=875927750 is handled. Duration 0 ms by bot id=8976652462
2026.10.03 12:20:53 aiogram.event        INFO     Update id=875927751 is handled. Duration 11 ms by bot id=8976652462
2026.10.03 12:20:54 plugins.music_plugin INFO     Metadata (spotify): Wild Child - Coming Home
2026.10.03 12:20:54 core.youtube_handler INFO     Yükləmə cəhdi: cookies + mweb (PO token)
2026.10.03 12:20:55 aiogram.event        INFO     Update id=875927752 is handled. Duration 15 ms by bot id=8976652462
2026.10.03 12:20:55 core.youtube_handler INFO     Yükləmə cəhdi: cookies + mweb (PO token)
2026.10.03 12:20:55 plugins.music_plugin INFO     Metadata (spotify): Wild Child - Sleeping In
2026.10.03 12:20:56 core.youtube_handler INFO     Yükləmə cəhdi: cookies + mweb (PO token)
2026.10.03 12:20:56 aiogram.event        INFO     Update id=875927753 is handled. Duration 1 ms by bot id=8976652462
2026.10.03 12:20:56 aiogram.event        INFO     Update id=875927754 is handled. Duration 37 ms by bot id=8976652462
2026.10.03 12:20:57 core.youtube_handler INFO     Yükləmə cəhdi: cookies + mweb (PO token)
2026.10.03 12:20:57 plugins.music_plugin INFO     Metadata (spotify): Wild Child - Love On a Bad Day
2026.10.03 12:20:57 plugins.music_plugin INFO     Metadata (spotify): Wild Child - Here Now
2026.10.03 12:20:58 core.youtube_handler INFO     Yükləmə cəhdi: cookies + mweb (PO token)
2026.10.03 12:20:58 plugins.music_plugin INFO     Metadata (spotify): Wild Child - Reno
2026.10.03 12:20:58 core.youtube_handler INFO     Yükləmə cəhdi: cookies + mweb (PO token)
2026.10.03 12:20:58 aiogram.event        INFO     Update id=875927755 is handled. Duration 0 ms by bot id=8976652462
2026.10.03 12:21:00 plugins.music_plugin INFO     Metadata (spotify): Wild Child - Bottom Line
2026.10.03 12:21:00 core.youtube_handler INFO     Yükləmə cəhdi: cookies + mweb (PO token)
2026.10.03 12:21:00 aiogram.event        INFO     Update id=875927756 is handled. Duration 61 ms by bot id=8976652462
2026.10.03 12:21:01 aiogram.event        INFO     Update id=875927757 is handled. Duration 268 ms by bot id=8976652462
2026.10.03 12:21:01 aiogram.event        INFO     Update id=875927758 is handled. Duration 279 ms by bot id=8976652462
2026.10.03 12:21:01 plugins.music_plugin INFO     Metadata (spotify): Wild Child - Day Dreamer
2026.10.03 12:21:01 plugins.music_plugin INFO     Metadata (spotify): Wild Child - End of the World
2026.10.03 12:21:01 plugins.music_plugin INFO     Metadata (spotify): Wild Child - Winter Pockets
2026.10.03 12:21:01 core.youtube_handler INFO     Yükləmə cəhdi: cookies + mweb (PO token)
2026.10.03 12:21:01 plugins.music_plugin INFO     Metadata (spotify): Wild Child - Dear John
2026.10.03 12:21:02 core.youtube_handler INFO     Yükləmə cəhdi: cookies + mweb (PO token)
2026.10.03 12:21:02 plugins.music_plugin INFO     Metadata (spotify): Wild Child - My Favorite Picture of You
2026.10.03 12:21:02 plugins.music_plugin INFO     Metadata (spotify): Wild Child - Could’ve Fooled Me
2026.10.03 12:21:03 aiogram.event        INFO     Update id=875927759 is handled. Duration 23 ms by bot id=8976652462
2026.10.03 12:21:03 core.youtube_handler INFO     Yükləmə cəhdi: cookies + mweb (PO token)
2026.10.03 12:21:03 aiogram.event        INFO     Update id=875927760 is handled. Duration 0 ms by bot id=8976652462
2026.10.03 12:21:03 plugins.music_plugin INFO     Metadata (spotify): Wild Child - Trillo Talk
2026.10.03 12:21:03 telethon.client.updates INFO     Got difference for channel 1327565517 updates
2026.10.03 12:21:04 core.youtube_handler INFO     Yükləmə cəhdi: cookies + mweb (PO token)
2026.10.03 12:21:04 aiogram.event        INFO     Update id=875927761 is handled. Duration 0 ms by bot id=8976652462
2026.10.03 12:21:04 aiogram.event        INFO     Update id=875927762 is handled. Duration 0 ms by bot id=8976652462
2026.10.03 12:21:04 plugins.music_plugin INFO     Metadata (spotify): Wild Child - The One
2026.10.03 12:21:05 plugins.music_plugin INFO     Metadata (spotify): Wild Child - Break You Down
2026.10.03 12:21:05 aiogram.event        INFO     Update id=875927763 is handled. Duration 6 ms by bot id=8976652462
2026.10.03 12:21:05 aiogram.event        INFO     Update id=875927764 is handled. Duration 23 ms by bot id=8976652462
2026.10.03 12:21:05 core.youtube_handler INFO     Yükləmə cəhdi: cookies + mweb (PO token)
2026.10.03 12:21:05 aiogram.event        INFO     Update id=875927765 is handled. Duration 0 ms by bot id=8976652462
2026.10.03 12:21:06 telethon.client.updates INFO     Got difference for account updates
2026.10.03 12:21:06 plugins.music_plugin INFO     Metadata (spotify): Wild Child - Leave It Alone
2026.10.03 12:21:06 aiogram.event        INFO     Update id=875927766 is handled. Duration 31 ms by bot id=8976652462
2026.10.03 12:21:06 core.youtube_handler INFO     Yükləmə cəhdi: cookies + mweb (PO token)
2026.10.03 12:21:06 telethon.client.updates INFO     Got difference for channel 1270848742 updates
2026.10.03 12:21:06 plugins.music_plugin INFO     Metadata (spotify): Wild Child - Dinosaur Jetpack
2026.10.03 12:21:06 telethon.client.updates INFO     Got difference for channel 1327565517 updates
2026.10.03 12:21:07 aiogram.event        INFO     Update id=875927767 is handled. Duration 21 ms by bot id=8976652462
2026.10.03 12:21:07 core.youtube_handler INFO     Yükləmə cəhdi: cookies + mweb (PO token)
2026.10.03 12:21:07 plugins.music_plugin INFO     Metadata (spotify): Wild Child - Left Behind
2026.10.03 12:21:08 aiogram.event        INFO     Update id=875927768 is handled. Duration 54 ms by bot id=8976652462
2026.10.03 12:21:08 core.youtube_handler INFO     Yükləmə cəhdi: cookies + mweb (PO token)
2026.10.03 12:21:08 core.youtube_handler INFO     Yükləmə cəhdi: cookies + mweb (PO token)
2026.10.03 12:21:08 aiogram.event        INFO     Update id=875927769 is handled. Duration 1 ms by bot id=8976652462
2026.10.03 12:21:08 plugins.music_plugin INFO     Metadata (spotify): Wild Child - The Cracks
2026.10.03 12:21:09 aiogram.event        INFO     Update id=875927770 is handled. Duration 18 ms by bot id=8976652462
2026.10.03 12:21:10 plugins.music_plugin INFO     Metadata (spotify): Wild Child - Real Estate
2026.10.03 12:21:10 core.youtube_handler INFO     Yükləmə cəhdi: cookies + mweb (PO token)
2026.10.03 12:21:10 aiogram.event        INFO     Update id=875927771 is handled. Duration 15 ms by bot id=8976652462
2026.10.03 12:21:11 core.youtube_handler INFO     Yükləmə cəhdi: cookies + mweb (PO token)
2026.10.03 12:21:11 aiogram.event        INFO     Update id=875927772 is handled. Duration 0 ms by bot id=8976652462
2026.10.03 12:21:12 plugins.music_plugin INFO     Metadata (spotify): Wild Child - Ride With Me
2026.10.03 12:21:12 core.youtube_handler INFO     Yükləmə cəhdi: cookies + mweb (PO token)
2026.10.03 12:21:12 aiogram.event        INFO     Update id=875927773 is handled. Duration 0 ms by bot id=8976652462
2026.10.03 12:21:13 plugins.music_plugin INFO     Metadata (spotify): Wild Child - Rain or Sunshine
2026.10.03 12:21:13 core.youtube_handler INFO     Yükləmə cəhdi: cookies + mweb (PO token)
2026.10.03 12:21:13 plugins.music_plugin INFO     Metadata (spotify): Wild Child - Take It
2026.10.03 12:21:13 plugins.music_plugin INFO     Metadata (spotify): Wild Child - Good Luck
2026.10.03 12:21:14 core.youtube_handler INFO     Yükləmə cəhdi: cookies + mweb (PO token)
2026.10.03 12:21:15 aiogram.event        INFO     Update id=875927774 is handled. Duration 340 ms by bot id=8976652462
2026.10.03 12:21:15 core.youtube_handler INFO     Yükləmə cəhdi: cookies + mweb (PO token)
2026.10.03 12:21:15 plugins.music_plugin INFO     Metadata (spotify): Wild Child - Feelings
2026.10.03 12:21:15 plugins.music_plugin INFO     Metadata (spotify): Wild Child - Fabulous
2026.10.03 12:21:16 aiogram.event        INFO     Update id=875927775 is handled. Duration 20 ms by bot id=8976652462
2026.10.03 12:21:16 plugins.music_plugin INFO     Metadata (spotify): Wild Child - Stones
2026.10.03 12:21:16 core.youtube_handler INFO     Yükləmə cəhdi: cookies + mweb (PO token)
2026.10.03 12:21:16 aiogram.event        INFO     Update id=875927776 is handled. Duration 0 ms by bot id=8976652462
2026.10.03 12:21:17 core.youtube_handler INFO     Yükləmə cəhdi: cookies + mweb (PO token)
2026.10.03 12:21:17 aiogram.event        INFO     Update id=875927777 is handled. Duration 0 ms by bot id=8976652462
2026.10.03 12:21:17 plugins.depo_filler_plugin INFO     🎵 YTM Taken By Trees: 73 mahnı (+73 növbəyə, 0 artıq depoda), +7 yeni ifaçı
2026.10.03 12:21:17 core.youtube_handler INFO     Yükləmə cəhdi: cookies + mweb (PO token)
2026.10.03 12:21:17 aiogram.event        INFO     Update id=875927778 is handled. Duration 2 ms by bot id=8976652462
2026.10.03 12:21:17 aiogram.event        INFO     Update id=875927779 is handled. Duration 1 ms by bot id=8976652462
2026.10.03 12:21:18 plugins.music_plugin INFO     Metadata (spotify): Wild Child - Backwards
2026.10.03 12:21:18 plugins.music_plugin INFO     Metadata (spotify): Wild Child - Animals
2026.10.03 12:21:19 core.youtube_handler INFO     Yükləmə cəhdi: cookies + mweb (PO token)
2026.10.03 12:21:19 aiogram.event        INFO     Update id=875927780 is handled. Duration 0 ms by bot id=8976652462
2026.10.03 12:21:19 plugins.music_plugin INFO     Metadata (spotify): Wild Child - Goodbye Goodnight
2026.10.03 12:21:20 plugins.music_plugin INFO     Metadata (spotify): Wild Child - Saving Face
2026.10.03 12:21:20 core.youtube_handler INFO     Yükləmə cəhdi: cookies + mweb (PO token)
2026.10.03 12:21:20 plugins.music_plugin INFO     Metadata (spotify): Wild Child - Memory Lane
2026.10.03 12:21:21 core.youtube_handler INFO     Yükləmə cəhdi: cookies + mweb (PO token)
2026.10.03 12:21:21 aiogram.event        INFO     Update id=875927781 is handled. Duration 0 ms by bot id=8976652462
2026.10.03 12:21:21 telethon.client.updates INFO     Got difference for channel 2233220502 updates
2026.10.03 12:21:22 plugins.music_plugin INFO     Metadata (spotify): Wild Child - Bad Girl
2026.10.03 12:21:22 aiogram.event        INFO     Update id=875927782 is handled. Duration 36 ms by bot id=8976652462
2026.10.03 12:21:22 aiogram.event        INFO     Update id=875927783 is handled. Duration 27 ms by bot id=8976652462
2026.10.03 12:21:22 core.youtube_handler INFO     Yükləmə cəhdi: cookies + mweb (PO token)
2026.10.03 12:21:23 aiogram.event        INFO     Update id=875927784 is handled. Duration 56 ms by bot id=8976652462
2026.10.03 12:21:23 core.youtube_handler INFO     Yükləmə cəhdi: cookies + mweb (PO token)
2026.10.03 12:21:23 aiogram.event        INFO     Update id=875927785 is handled. Duration 0 ms by bot id=8976652462
2026.10.03 12:21:23 plugins.music_plugin INFO     Metadata (spotify): Wild Child - Things We Love
2026.10.03 12:21:24 aiogram.event        INFO     Update id=875927786 is handled. Duration 0 ms by bot id=8976652462
2026.10.03 12:21:25 plugins.music_plugin INFO     Metadata (spotify): Wild Child - Best Lay
2026.10.03 12:21:26 plugins.music_plugin INFO     Metadata (spotify): Wild Child - Sinking Ship (Live From Austin, TX)
2026.10.03 12:21:26 plugins.music_plugin INFO     Metadata (spotify): Wild Child - Lullaby
2026.10.03 12:21:27 aiogram.event        INFO     Update id=875927787 is handled. Duration 21 ms by bot id=8976652462
2026.10.03 12:21:27 core.audio_cache     INFO     📦 Dublikat qarşısı: GFfcH50unIQ → depodakı 'Wild Child - Dinosaur Jetpack'
2026.10.03 12:21:27 plugins.music_plugin INFO     Metadata (spotify): Sir Woman, Wild Child - Speak
2026.10.03 12:21:28 plugins.music_plugin INFO     Metadata (spotify): CoCo Zandi, Wild Child - Angel
2026.10.03 12:21:28 aiogram.event        INFO     Update id=875927788 is handled. Duration 14 ms by bot id=8976652462
2026.10.03 12:21:28 core.audio_cache     INFO     📦 Dublikat qarşısı: 98SU8dH7MXw → depodakı 'Wild Child - Rain or Sunshine'
2026.10.03 12:21:29 plugins.music_plugin INFO     Metadata (spotify): Wild Child - Twinkle Twinkle Little Star
2026.10.03 12:21:29 aiogram.event        INFO     Update id=875927789 is handled. Duration 1 ms by bot id=8976652462
2026.10.03 12:21:29 core.audio_cache     INFO     📦 Dublikat qarşısı: fccwHk9SMg4 → depodakı 'Wild Child - Cheap Champagne'
2026.10.03 12:21:30 aiogram.event        INFO     Update id=875927790 is handled. Duration 112 ms by bot id=8976652462
2026.10.03 12:21:30 core.audio_cache     INFO     📦 Dublikat qarşısı: yGPBJqGuvFw → depodakı 'Wild Child - End of the World'
2026.10.03 12:21:31 plugins.music_plugin INFO     Metadata (spotify): Wild Child - Abc's
2026.10.03 12:21:31 plugins.music_plugin INFO     Metadata (spotify): Wild Child - Break Bones (Duet)
2026.10.03 12:21:31 aiogram.event        INFO     Update id=875927791 is handled. Duration 27 ms by bot id=8976652462
2026.10.03 12:21:31 aiogram.event        INFO     Update id=875927792 is handled. Duration 10 ms by bot id=8976652462
2026.10.03 12:21:31 core.audio_cache     INFO     📦 Dublikat qarşısı: mM_9pi_ZsPc → depodakı 'Wild Child - Photographs'
2026.10.03 12:21:32 core.audio_cache     INFO     📦 Dublikat qarşısı: m9sYN9iHXlg → depodakı 'Wild Child - Feelings'
2026.10.03 12:21:32 aiogram.event        INFO     Update id=875927793 is handled. Duration 11 ms by bot id=8976652462
2026.10.03 12:21:32 plugins.music_plugin INFO     Metadata (spotify): Wild Child - Have Yourself A Merry Little Christmas
2026.10.03 12:21:33 aiogram.event        INFO     Update id=875927794 is handled. Duration 1 ms by bot id=8976652462
2026.10.03 12:21:33 core.audio_cache     INFO     📦 Dublikat qarşısı: qBhFvGbXRMI → depodakı 'Wild Child - Wearing Blue'
2026.10.03 12:21:34 core.audio_cache     INFO     📦 Dublikat qarşısı: sPkr1oD3vNQ → depodakı 'Wild Child - Fabulous'
2026.10.03 12:21:34 core.audio_cache     INFO     📦 Dublikat qarşısı: RfxmogJxdUs → depodakı 'Wild Child - Expectations'
2026.10.03 12:21:34 plugins.music_plugin INFO     Metadata (spotify): Wild Child - Wild Child - I Want to Touch Your Heart
2026.10.03 12:21:34 aiogram.event        INFO     Update id=875927795 is handled. Duration 51 ms by bot id=8976652462
2026.10.03 12:21:35 aiogram.event        INFO     Update id=875927796 is handled. Duration 25 ms by bot id=8976652462
2026.10.03 12:21:35 plugins.music_plugin INFO     Metadata (spotify): Wild Child - Bullets (Ra Ra Riot Remix)
2026.10.03 12:21:35 plugins.music_plugin INFO     Metadata (spotify): Wild Child - Silent Night
2026.10.03 12:21:36 core.audio_cache     INFO     📦 Dublikat qarşısı: 7yKPzkueB1I → depodakı 'Wild Child - Follow Me'
2026.10.03 12:21:37 core.audio_cache     INFO     📦 Dublikat qarşısı: nr2AfKjQBqI → depodakı 'Wild Child - Sinking Ship'
2026.10.03 12:21:37 core.audio_cache     INFO     📦 Dublikat qarşısı: nvLzZKvPsUE → depodakı 'Wild Child - My Town'
2026.10.03 12:21:37 core.audio_cache     INFO     📦 Dublikat qarşısı: pKJSyWJCM30 → depodakı 'Wild Child - The Runaround'
2026.10.03 12:21:37 core.audio_cache     INFO     📦 Dublikat qarşısı: DmmltJfp6pM → depodakı 'Wild Child - Break Bones'
2026.10.03 12:21:37 aiogram.event        INFO     Update id=875927797 is handled. Duration 46 ms by bot id=8976652462
2026.10.03 12:21:38 aiogram.event        INFO     Update id=875927798 is handled. Duration 15 ms by bot id=8976652462
2026.10.03 12:21:38 aiogram.event        INFO     Update id=875927799 is handled. Duration 25 ms by bot id=8976652462
2026.10.03 12:21:39 core.audio_cache     INFO     📦 Dublikat qarşısı: ssgsAHTB0Rg → depodakı 'Wild Child - Victim to Charm'
2026.10.03 12:21:39 core.audio_cache     INFO     📦 Dublikat qarşısı: HboWFcg9ds4 → depodakı 'Wild Child - Stitches'
2026.10.03 12:21:39 core.audio_cache     INFO     📦 Dublikat qarşısı: Nz3WOz-SPg8 → depodakı 'Wild Child - Anna Maria'
2026.10.03 12:21:39 core.audio_cache     INFO     📦 Dublikat qarşısı: bTJcq856rjo → depodakı 'Wild Child - Coming Home'
2026.10.03 12:21:39 core.audio_cache     INFO     📦 Dublikat qarşısı: hm0OZTsYH_o → depodakı 'Wild Child - This Place'
2026.10.03 12:21:39 core.audio_cache     INFO     📦 Dublikat qarşısı: dyJaYOKLyJ8 → depodakı 'Wild Child - Here Now'
2026.10.03 12:21:39 core.audio_cache     INFO     📦 Dublikat qarşısı: 87PZgweY-gY → depodakı 'Wild Child - Crazy Bird'
2026.10.03 12:21:40 core.audio_cache     INFO     📦 Dublikat qarşısı: bGIwtbneOhs → depodakı 'Wild Child - Living Tree'
2026.10.03 12:21:40 core.audio_cache     INFO     📦 Dublikat qarşısı: vPtvqouhfos → depodakı 'Wild Child - Rillo Talk'
2026.10.03 12:21:44 core.audio_cache     INFO     📦 Dublikat qarşısı: KZEVXbsdDv8 → depodakı 'Wild Child - Things We Love'
2026.10.03 12:21:44 core.audio_cache     INFO     📦 Dublikat qarşısı: D3yVjReWiNs → depodakı 'Wild Child - Wearing Blue'
2026.10.03 12:21:44 core.audio_cache     INFO     📦 Dublikat qarşısı: dQ5ROxSe9Z4 → depodakı 'Wild Child - Left Behind'
2026.10.03 12:21:44 core.audio_cache     INFO     📦 Dublikat qarşısı: wWl54q1Oodo → depodakı 'Wild Child - The Tale of You & Me'
2026.10.03 12:21:45 core.audio_cache     INFO     📦 Dublikat qarşısı: rfwpRzyFTnU → depodakı 'Wild Child - End of the World'
2026.10.03 12:21:45 core.audio_cache     INFO     📦 Dublikat qarşısı: SuSnC9UZGHY → depodakı 'Wild Child - Animals'
2026.10.03 12:21:45 core.audio_cache     INFO     📦 Dublikat qarşısı: 2xVQAbj9Cyo → depodakı 'Wild Child - The Escape'
2026.10.03 12:21:45 core.audio_cache     INFO     📦 Dublikat qarşısı: nrwOpB6rHHg → depodakı 'Wild Child - Photographs'
2026.10.03 12:21:49 core.youtube_handler INFO     Yükləmə cəhdi: cookies + mweb (PO token)
2026.10.03 12:21:50 core.youtube_handler INFO     Yükləmə cəhdi: cookies + mweb (PO token)
2026.10.03 12:21:50 core.youtube_handler INFO     Yükləmə cəhdi: cookies + mweb (PO token)
2026.10.03 12:21:51 core.youtube_handler INFO     Yükləmə cəhdi: cookies + mweb (PO token)
2026.10.03 12:21:52 core.youtube_handler INFO     Yükləmə cəhdi: cookies + mweb (PO token)
2026.10.03 12:21:52 core.audio_cache     INFO     📦 Dublikat qarşısı: sH7Q3AciS9k → depodakı 'Wild Child - Wearing Blue'
2026.10.03 12:21:52 core.audio_cache     INFO     📦 Dublikat qarşısı: V8p0LVW4OJg → depodakı 'Wild Child - My Favorite Picture of You'
2026.10.03 12:21:52 core.audio_cache     INFO     📦 Dublikat qarşısı: 1h8azPGXLzI → depodakı 'Wild Child - Sinking Ship (Live From Austin, TX)'
2026.10.03 12:21:52 core.youtube_handler INFO     Yükləmə cəhdi: cookies + mweb (PO token)
2026.10.03 12:21:52 core.audio_cache     INFO     📦 Dublikat qarşısı: 1EudoLpYaEI → depodakı 'Wild Child - Hold On, Hold You'
2026.10.03 12:21:52 core.audio_cache     INFO     📦 Dublikat qarşısı: eXo3EF0NCyQ → depodakı 'Wild Child - Photographs'
2026.10.03 12:21:55 core.youtube_handler INFO     Yükləmə cəhdi: cookies + mweb (PO token)
2026.10.03 12:21:55 core.youtube_handler INFO     Yükləmə cəhdi: cookies + mweb (PO token)
2026.10.03 12:21:56 core.youtube_handler INFO     Yükləmə cəhdi: cookies + mweb (PO token)
2026.10.03 12:21:56 spotipy.client       ERROR    HTTP Error for GET to https://api.spotify.com/v1/artists/0lFDQOEK5OwsyPXb1aWJzY/top-tracks with Params: {'country': 'US'} returned 403 due to Forbidden
2026.10.03 12:21:56 plugins.links_plugin INFO     Spotify API (artist/0lFDQOEK5OwsyPXb1aWJzY) alınmadı, embed sınanır: http status: 403, code: -1 - https://api.spotify.com/v1/artists/0lFDQOEK5OwsyPXb1aWJzY/top-tracks?country=US:
 Forbidden, reason: None
2026.10.03 12:21:57 core.youtube_handler INFO     Yükləmə cəhdi: cookies + mweb (PO token)
2026.10.03 12:21:58 core.youtube_handler INFO     Yükləmə cəhdi: cookies + mweb (PO token)
2026.10.03 12:21:58 core.youtube_handler INFO     Yükləmə cəhdi: cookies + mweb (PO token)
2026.10.03 12:21:59 core.youtube_handler INFO     Yükləmə cəhdi: cookies + mweb (PO token)
2026.10.03 12:22:00 core.youtube_handler INFO     Yükləmə cəhdi: cookies + mweb (PO token)
2026.10.03 12:22:00 core.youtube_handler INFO     Yükləmə cəhdi: cookies + mweb (PO token)
2026.10.03 12:22:01 spotipy.client       ERROR    HTTP Error for GET to https://api.spotify.com/v1/artists/5ex40YPLrwqU1Yr6ApCKhr/top-tracks with Params: {'country': 'US'} returned 403 due to Forbidden
2026.10.03 12:22:01 plugins.links_plugin INFO     Spotify API (artist/5ex40YPLrwqU1Yr6ApCKhr) alınmadı, embed sınanır: http status: 403, code: -1 - https://api.spotify.com/v1/artists/5ex40YPLrwqU1Yr6ApCKhr/top-tracks?country=US:
 Forbidden, reason: None
2026.10.03 12:22:01 core.youtube_handler INFO     Yükləmə cəhdi: cookies + mweb (PO token)
2026.10.03 12:22:01 plugins.music_plugin INFO     Metadata (spotify): Hope Tala - Stayed at the Party
2026.10.03 12:22:01 plugins.music_plugin INFO     Metadata (spotify): Luna Li, Hope Tala - I Imagine
2026.10.03 12:22:02 core.youtube_handler INFO     Yükləmə cəhdi: cookies + mweb (PO token)
2026.10.03 12:22:02 core.audio_cache     INFO     📦 Dublikat qarşısı: rCD4sgKOzAw → depodakı 'Sir Woman, Wild Child - Speak'
2026.10.03 12:22:02 core.audio_cache     INFO     📦 Dublikat qarşısı: 031Gq9t299g → depodakı 'Wild Child - Photographs'
2026.10.03 12:22:03 core.youtube_handler INFO     Yükləmə cəhdi: cookies + mweb (PO token)
2026.10.03 12:22:03 core.youtube_handler INFO     Yükləmə cəhdi: cookies + mweb (PO token)
2026.10.03 12:22:03 core.youtube_handler INFO     Yükləmə cəhdi: cookies + mweb (PO token)
2026.10.03 12:22:03 core.youtube_handler INFO     Yükləmə cəhdi: cookies + mweb (PO token)
2026.10.03 12:22:03 core.youtube_handler INFO     Yükləmə cəhdi: cookies + mweb (PO token)
2026.10.03 12:22:03 core.youtube_handler INFO     Yükləmə cəhdi: cookies + mweb (PO token)
2026.10.03 12:22:03 core.youtube_handler INFO     Yükləmə cəhdi: cookies + mweb (PO token)
2026.10.03 12:22:03 core.youtube_handler INFO     Yükləmə cəhdi: cookies + mweb (PO token)
2026.10.03 12:22:03 spotipy.client       ERROR    HTTP Error for GET to https://api.spotify.com/v1/artists/2w9zwq3AktTeYYMuhMjju8/top-tracks with Params: {'country': 'US'} returned 403 due to Forbidden
2026.10.03 12:22:03 plugins.links_plugin INFO     Spotify API (artist/2w9zwq3AktTeYYMuhMjju8) alınmadı, embed sınanır: http status: 403, code: -1 - https://api.spotify.com/v1/artists/2w9zwq3AktTeYYMuhMjju8/top-tracks?country=US:
 Forbidden, reason: None
2026.10.03 12:22:03 plugins.music_plugin INFO     Metadata (spotify): Hope Tala - Tiptoeing
2026.10.03 12:22:03 plugins.music_plugin INFO     Metadata (spotify): Hope Tala - All My Girls Like To Fight
2026.10.03 12:22:03 core.youtube_handler INFO     Yükləmə cəhdi: cookies + mweb (PO token)
2026.10.03 12:22:04 plugins.music_plugin INFO     Metadata (spotify): Hope Tala, Aminé - Cherries
2026.10.03 12:22:04 aiogram.event        INFO     Update id=875927801 is handled. Duration 73 ms by bot id=8976652462
2026.10.03 12:22:04 core.youtube_handler INFO     Yükləmə cəhdi: cookies + mweb (PO token)
2026.10.03 12:22:04 plugins.music_plugin INFO     Metadata (spotify): Hope Tala - Mad
2026.10.03 12:22:05 core.youtube_handler INFO     Yükləmə cəhdi: cookies + mweb (PO token)
2026.10.03 12:22:06 aiogram.event        INFO     Update id=875927800 is handled. Duration 2191 ms by bot id=8976652462
2026.10.03 12:22:06 core.youtube_handler INFO     Yükləmə cəhdi: cookies + mweb (PO token)
2026.10.03 12:22:06 aiogram.event        INFO     Update id=875927802 is handled. Duration 0 ms by bot id=8976652462
2026.10.03 12:22:06 core.youtube_handler INFO     Yükləmə cəhdi: cookies + mweb (PO token)
2026.10.03 12:22:06 core.youtube_handler INFO     Yükləmə cəhdi: cookies + mweb (PO token)
2026.10.03 12:22:06 spotipy.client       ERROR    HTTP Error for GET to https://api.spotify.com/v1/artists/2sytdIKsPDI0vGqRN98OyQ/top-tracks with Params: {'country': 'US'} returned 403 due to Forbidden
2026.10.03 12:22:06 plugins.links_plugin INFO     Spotify API (artist/2sytdIKsPDI0vGqRN98OyQ) alınmadı, embed sınanır: http status: 403, code: -1 - https://api.spotify.com/v1/artists/2sytdIKsPDI0vGqRN98OyQ/top-tracks?country=US:
 Forbidden, reason: None
2026.10.03 12:22:06 aiogram.event        INFO     Update id=875927803 is handled. Duration 0 ms by bot id=8976652462
2026.10.03 12:22:06 plugins.music_plugin INFO     Metadata (spotify): Hope Tala - Blue
2026.10.03 12:22:07 aiogram.event        INFO     Update id=875927804 is handled. Duration 0 ms by bot id=8976652462
2026.10.03 12:22:07 spotipy.client       ERROR    HTTP Error for GET to https://api.spotify.com/v1/artists/1Xyo4u8uXC1ZmMpatF05PJ/top-tracks with Params: {'country': 'US'} returned 403 due to Forbidden
2026.10.03 12:22:07 plugins.links_plugin INFO     Spotify API (artist/1Xyo4u8uXC1ZmMpatF05PJ) alınmadı, embed sınanır: http status: 403, code: -1 - https://api.spotify.com/v1/artists/1Xyo4u8uXC1ZmMpatF05PJ/top-tracks?country=US:
 Forbidden, reason: None
2026.10.03 12:22:07 plugins.music_plugin INFO     Metadata (spotify): Hope Tala - Shiver
2026.10.03 12:22:08 aiogram.event        INFO     Update id=875927805 is handled. Duration 0 ms by bot id=8976652462
2026.10.03 12:22:08 spotipy.client       ERROR    HTTP Error for GET to https://api.spotify.com/v1/artists/6O2zJ0tId7g07yzHtX0yap/top-tracks with Params: {'country': 'US'} returned 403 due to Forbidden
2026.10.03 12:22:08 plugins.links_plugin INFO     Spotify API (artist/6O2zJ0tId7g07yzHtX0yap) alınmadı, embed sınanır: http status: 403, code: -1 - https://api.spotify.com/v1/artists/6O2zJ0tId7g07yzHtX0yap/top-tracks?country=US:
 Forbidden, reason: None
2026.10.03 12:22:08 plugins.music_plugin INFO     Metadata (spotify): Hope Tala - Leave It On The Dancefloor
2026.10.03 12:22:09 aiogram.event        INFO     Update id=875927806 is handled. Duration 0 ms by bot id=8976652462
2026.10.03 12:22:09 spotipy.client       ERROR    HTTP Error for GET to https://api.spotify.com/v1/artists/1hcdI2N1023RvSwLzTtdsp/top-tracks with Params: {'country': 'US'} returned 403 due to Forbidden
2026.10.03 12:22:09 aiogram.event        INFO     Update id=875927807 is handled. Duration 26 ms by bot id=8976652462
2026.10.03 12:22:09 plugins.links_plugin INFO     Spotify API (artist/1hcdI2N1023RvSwLzTtdsp) alınmadı, embed sınanır: http status: 403, code: -1 - https://api.spotify.com/v1/artists/1hcdI2N1023RvSwLzTtdsp/top-tracks?country=US:
 Forbidden, reason: None
2026.10.03 12:22:09 core.youtube_handler INFO     Yükləmə cəhdi: cookies + mweb (PO token)
2026.10.03 12:22:10 plugins.music_plugin INFO     Metadata (spotify): Hope Tala - Crazy
2026.10.03 12:22:10 plugins.music_plugin INFO     Metadata (spotify): Trinidad James, Kamaiyah, Hope Tala - Sheisty
2026.10.03 12:22:10 core.youtube_handler INFO     Yükləmə cəhdi: cookies + mweb (PO token)
2026.10.03 12:22:10 aiogram.event        INFO     Update id=875927808 is handled. Duration 6 ms by bot id=8976652462
2026.10.03 12:22:11 plugins.music_plugin INFO     Metadata (spotify): Hope Tala - Survival
2026.10.03 12:22:11 spotipy.client       ERROR    HTTP Error for GET to https://api.spotify.com/v1/artists/0Q5G51DPqr8QsmAotlTOGP/top-tracks with Params: {'country': 'US'} returned 403 due to Forbidden
2026.10.03 12:22:11 plugins.links_plugin INFO     Spotify API (artist/0Q5G51DPqr8QsmAotlTOGP) alınmadı, embed sınanır: http status: 403, code: -1 - https://api.spotify.com/v1/artists/0Q5G51DPqr8QsmAotlTOGP/top-tracks?country=US:
 Forbidden, reason: None
2026.10.03 12:22:11 core.youtube_handler INFO     Yükləmə cəhdi: cookies + mweb (PO token)
2026.10.03 12:22:12 core.youtube_handler INFO     Yükləmə cəhdi: cookies + mweb (PO token)
2026.10.03 12:22:12 plugins.music_plugin INFO     Metadata (spotify): Hope Tala - Valentine
2026.10.03 12:22:12 plugins.music_plugin INFO     Metadata (spotify): Hauskey, Hope Tala - One Minute
2026.10.03 12:22:12 core.youtube_handler INFO     Yükləmə cəhdi: cookies + mweb (PO token)
2026.10.03 12:22:13 spotipy.client       ERROR    HTTP Error for GET to https://api.spotify.com/v1/artists/3TVXtAsR1Inumwj472S9r4/top-tracks with Params: {'country': 'US'} returned 403 due to Forbidden
2026.10.03 12:22:13 plugins.links_plugin INFO     Spotify API (artist/3TVXtAsR1Inumwj472S9r4) alınmadı, embed sınanır: http status: 403, code: -1 - https://api.spotify.com/v1/artists/3TVXtAsR1Inumwj472S9r4/top-tracks?country=US:
 Forbidden, reason: None
2026.10.03 12:22:13 plugins.music_plugin INFO     Metadata (spotify): Hope Tala - Lovestained
2026.10.03 12:22:13 core.youtube_handler INFO     Yükləmə cəhdi: cookies + mweb (PO token)
2026.10.03 12:22:13 aiogram.event        INFO     Update id=875927809 is handled. Duration 0 ms by bot id=8976652462
2026.10.03 12:22:13 aiogram.event        INFO     Update id=875927810 is handled. Duration 0 ms by bot id=8976652462
2026.10.03 12:22:13 plugins.music_plugin INFO     Metadata (spotify): Hope Tala - I Can’t Even Cry
2026.10.03 12:22:13 plugins.music_plugin INFO     Metadata (spotify): Hope Tala - Thank Goodness
2026.10.03 12:22:13 spotipy.client       ERROR    HTTP Error for GET to https://api.spotify.com/v1/artists/7dGJo4pcD2V6oG8kP0tJRR/top-tracks with Params: {'country': 'US'} returned 403 due to Forbidden
2026.10.03 12:22:13 plugins.links_plugin INFO     Spotify API (artist/7dGJo4pcD2V6oG8kP0tJRR) alınmadı, embed sınanır: http status: 403, code: -1 - https://api.spotify.com/v1/artists/7dGJo4pcD2V6oG8kP0tJRR/top-tracks?country=US:
 Forbidden, reason: None
2026.10.03 12:22:14 core.youtube_handler INFO     Yükləmə cəhdi: cookies + mweb (PO token)
2026.10.03 12:22:14 aiogram.event        INFO     Update id=875927811 is handled. Duration 1 ms by bot id=8976652462
2026.10.03 12:22:15 aiogram.event        INFO     Update id=875927812 is handled. Duration 36 ms by bot id=8976652462
2026.10.03 12:22:15 plugins.music_plugin INFO     Metadata (spotify): Hope Tala - D.T.M
2026.10.03 12:22:15 aiogram.event        INFO     Update id=875927813 is handled. Duration 51 ms by bot id=8976652462
2026.10.03 12:22:15 core.youtube_handler INFO     Yükləmə cəhdi: cookies + mweb (PO token)
2026.10.03 12:22:15 plugins.music_plugin INFO     Metadata (spotify): Hope Tala - Miracle
2026.10.03 12:22:15 aiogram.event        INFO     Update id=875927814 is handled. Duration 113 ms by bot id=8976652462
2026.10.03 12:22:15 plugins.music_plugin INFO     Metadata (spotify): Hope Tala - Jumping the Gun
2026.10.03 12:22:16 core.youtube_handler INFO     Yükləmə cəhdi: cookies + mweb (PO token)
2026.10.03 12:22:16 aiogram.event        INFO     Update id=875927815 is handled. Duration 1 ms by bot id=8976652462
2026.10.03 12:22:16 aiogram.event        INFO     Update id=875927816 is handled. Duration 61 ms by bot id=8976652462
2026.10.03 12:22:17 plugins.music_plugin INFO     Metadata (spotify): Hope Tala - Magic or Medicine
2026.10.03 12:22:17 core.youtube_handler INFO     Yükləmə cəhdi: cookies + mweb (PO token)
2026.10.03 12:22:18 aiogram.event        INFO     Update id=875927817 is handled. Duration 42 ms by bot id=8976652462
2026.10.03 12:22:18 core.youtube_handler INFO     Yükləmə cəhdi: cookies + mweb (PO token)
2026.10.03 12:22:19 aiogram.event        INFO     Update id=875927818 is handled. Duration 22 ms by bot id=8976652462
2026.10.03 12:22:19 core.youtube_handler INFO     Yükləmə cəhdi: cookies + mweb (PO token)
2026.10.03 12:22:19 aiogram.event        INFO     Update id=875927819 is handled. Duration 0 ms by bot id=8976652462
2026.10.03 12:22:19 plugins.music_plugin INFO     Metadata (spotify): Hope Tala - Lights Camera Action
2026.10.03 12:22:20 core.youtube_handler INFO     Yükləmə cəhdi: cookies + mweb (PO token)
2026.10.03 12:22:20 aiogram.event        INFO     Update id=875927820 is handled. Duration 0 ms by bot id=8976652462
2026.10.03 12:22:21 plugins.music_plugin INFO     Metadata (spotify): Hope Tala - Phoenix
2026.10.03 12:22:21 telethon.client.updates INFO     Got difference for channel 1270848742 updates
2026.10.03 12:22:22 plugins.music_plugin INFO     Metadata (spotify): Hope Tala - Mulholland (feat. sky)
2026.10.03 12:22:23 plugins.music_plugin INFO     Metadata (spotify): Hope Tala - Anywhere
2026.10.03 12:22:23 plugins.music_plugin INFO     Metadata (spotify): Hope Tala - Party Sickness
2026.10.03 12:22:23 aiogram.event        INFO     Update id=875927821 is handled. Duration 57 ms by bot id=8976652462
2026.10.03 12:22:23 plugins.music_plugin INFO     Metadata (spotify): Hope Tala - Easy To Love Me
2026.10.03 12:22:23 core.audio_cache     INFO     📦 Dublikat qarşısı: QMpnSHkzvfg → depodakı 'Hope Tala - Jumping the Gun'
2026.10.03 12:22:24 plugins.music_plugin INFO     Metadata (spotify): Hope Tala - Growing Pains (Prologue)
2026.10.03 12:22:24 plugins.music_plugin INFO     Metadata (spotify): Hope Tala - Jealous
2026.10.03 12:22:25 aiogram.event        INFO     Update id=875927822 is handled. Duration 2 ms by bot id=8976652462
2026.10.03 12:22:25 aiogram.event        INFO     Update id=875927823 is handled. Duration 0 ms by bot id=8976652462
2026.10.03 12:22:25 core.audio_cache     INFO     📦 Dublikat qarşısı: ef02OQtscN8 → depodakı 'Hope Tala - Magic or Medicine'
2026.10.03 12:22:25 plugins.music_plugin INFO     Metadata (spotify): Hope Tala - Is It Enough
2026.10.03 12:22:25 aiogram.event        INFO     Update id=875927824 is handled. Duration 31 ms by bot id=8976652462
2026.10.03 12:22:26 aiogram.event        INFO     Update id=875927825 is handled. Duration 4 ms by bot id=8976652462
2026.10.03 12:22:26 plugins.music_plugin INFO     Metadata (spotify): Hope Tala - Bad Love God
2026.10.03 12:22:26 core.audio_cache     INFO     📦 Dublikat qarşısı: o733WXabZmM → depodakı 'Hope Tala - I Can’t Even Cry'
2026.10.03 12:22:26 aiogram.event        INFO     Update id=875927826 is handled. Duration 0 ms by bot id=8976652462
2026.10.03 12:22:26 core.audio_cache     INFO     📦 Dublikat qarşısı: ew7yAifpavg → depodakı 'Hope Tala - Lights Camera Action'
2026.10.03 12:22:26 plugins.depo_filler_plugin INFO     📦 Doldurucu növbəsi: 4 mahnı
2026.10.03 12:22:26 plugins.music_plugin INFO     Metadata (spotify): Hope Tala - Eden
2026.10.03 12:22:26 plugins.music_plugin INFO     Metadata (spotify): Hope Tala - Lose My Mind
2026.10.03 12:22:27 aiogram.event        INFO     Update id=875927827 is handled. Duration 0 ms by bot id=8976652462
2026.10.03 12:22:27 core.audio_cache     INFO     📦 Dublikat qarşısı: Lo8c--mLa6k → depodakı 'Hope Tala - Thank Goodness'
2026.10.03 12:22:27 aiogram.event        INFO     Update id=875927828 is handled. Duration 0 ms by bot id=8976652462
2026.10.03 12:22:27 core.audio_cache     INFO     📦 Dublikat qarşısı: 5fROiKkLpp0 → depodakı 'Hope Tala - Survival'
2026.10.03 12:22:29 plugins.music_plugin INFO     Metadata (spotify): Hope Tala - A Story To Tell/Where I Begin
2026.10.03 12:22:29 aiogram.event        INFO     Update id=875927829 is handled. Duration 18 ms by bot id=8976652462
2026.10.03 12:22:30 plugins.music_plugin INFO     Metadata (spotify): Hope Tala - Moontime
2026.10.03 12:22:30 plugins.music_plugin INFO     Metadata (spotify): Hope Tala - Fall Too Hard
2026.10.03 12:22:30 core.audio_cache     INFO     📦 Dublikat qarşısı: g3quJceAGdE → depodakı 'Hope Tala - Miracle'
2026.10.03 12:22:30 aiogram.event        INFO     Update id=875927830 is handled. Duration 0 ms by bot id=8976652462
2026.10.03 12:22:30 plugins.music_plugin INFO     Metadata (spotify): Hope Tala - Breaking Isn’t What a Heart Is For
2026.10.03 12:22:30 aiogram.event        INFO     Update id=875927831 is handled. Duration 41 ms by bot id=8976652462
2026.10.03 12:22:30 telethon.client.updates INFO     Got difference for channel 1327565517 updates
2026.10.03 12:22:31 plugins.music_plugin INFO     Metadata (spotify): Hope Tala - Drugstore
2026.10.03 12:22:31 core.audio_cache     INFO     📦 Dublikat qarşısı: Uo4Z80luqKk → depodakı 'Hope Tala - Shiver'
2026.10.03 12:22:31 core.audio_cache     INFO     📦 Dublikat qarşısı: zr2tMc1y7lA → depodakı 'Hope Tala - Stayed at the Party'
2026.10.03 12:22:31 aiogram.event        INFO     Update id=875927832 is handled. Duration 10 ms by bot id=8976652462
2026.10.03 12:22:32 core.audio_cache     INFO     📦 Dublikat qarşısı: VK38nIPkJog → depodakı 'Hope Tala - Growing Pains (Prologue)'
2026.10.03 12:22:32 core.audio_cache     INFO     📦 Dublikat qarşısı: WfZApRB_2zA → depodakı 'Hope Tala - Leave It On The Dancefloor'
2026.10.03 12:22:33 plugins.music_plugin INFO     Metadata (spotify): Hope Tala - Summer in Paris (Interlude)
2026.10.03 12:22:33 aiogram.event        INFO     Update id=875927833 is handled. Duration 20 ms by bot id=8976652462
2026.10.03 12:22:33 aiogram.event        INFO     Update id=875927834 is handled. Duration 35 ms by bot id=8976652462
2026.10.03 12:22:33 aiogram.event        INFO     Update id=875927835 is handled. Duration 0 ms by bot id=8976652462
2026.10.03 12:22:33 core.audio_cache     INFO     📦 Dublikat qarşısı: omS3trcZ-Ro → depodakı 'Hope Tala - Phoenix'
2026.10.03 12:22:33 aiogram.event        INFO     Update id=875927836 is handled. Duration 0 ms by bot id=8976652462
2026.10.03 12:22:34 aiogram.event        INFO     Update id=875927837 is handled. Duration 22 ms by bot id=8976652462
2026.10.03 12:22:34 plugins.music_plugin INFO     Metadata (spotify): Hope Tala - Heartbeat (the end)
2026.10.03 12:22:34 core.audio_cache     INFO     📦 Dublikat qarşısı: xQMZBBjFMCM → depodakı 'Hope Tala - Party Sickness'
2026.10.03 12:22:35 core.audio_cache     INFO     📦 Dublikat qarşısı: txSkcJavEVc → depodakı 'Hope Tala - Tiptoeing'
2026.10.03 12:22:35 aiogram.event        INFO     Update id=875927838 is handled. Duration 11 ms by bot id=8976652462
2026.10.03 12:22:35 plugins.music_plugin INFO     Metadata (spotify): Hope Tala - Mad (Young Franco Remix)
2026.10.03 12:22:35 plugins.music_plugin INFO     Metadata (spotify): Hope Tala - Tiptoeing (Tommy Villiers Remix)
2026.10.03 12:22:35 plugins.music_plugin INFO     Metadata (spotify): Hope Tala - Sunburn
2026.10.03 12:22:35 plugins.music_plugin INFO     Metadata (spotify): Hope Tala - Sentir
2026.10.03 12:22:36 aiogram.event        INFO     Update id=875927839 is handled. Duration 22 ms by bot id=8976652462
2026.10.03 12:22:38 aiogram.event        INFO     Update id=875927840 is handled. Duration 16 ms by bot id=8976652462
2026.10.03 12:22:38 core.audio_cache     INFO     📦 Dublikat qarşısı: qnD5lLCup2k → depodakı 'Hope Tala - Bad Love God'
2026.10.03 12:22:38 core.audio_cache     INFO     📦 Dublikat qarşısı: 5Thj4BQKhx8 → depodakı 'Hope Tala - Mulholland (feat. sky)'
2026.10.03 12:22:38 core.audio_cache     INFO     📦 Dublikat qarşısı: 2fHph8nT4yM → depodakı 'Hope Tala, Aminé - Cherries'
2026.10.03 12:22:38 aiogram.event        INFO     Update id=875927841 is handled. Duration 16 ms by bot id=8976652462
2026.10.03 12:22:38 core.audio_cache     INFO     📦 Dublikat qarşısı: zkCrRxKlU2s → depodakı 'Hope Tala - Is It Enough'
2026.10.03 12:22:38 aiogram.event        INFO     Update id=875927842 is handled. Duration 0 ms by bot id=8976652462
2026.10.03 12:22:38 core.audio_cache     INFO     📦 Dublikat qarşısı: S8f9OeaGRfI → depodakı 'Hauskey, Hope Tala - One Minute'
2026.10.03 12:22:38 aiogram.event        INFO     Update id=875927843 is handled. Duration 1 ms by bot id=8976652462
2026.10.03 12:22:39 core.audio_cache     INFO     📦 Dublikat qarşısı: -7e-JISpOIM → depodakı 'Hope Tala - Mad'
2026.10.03 12:22:39 core.audio_cache     INFO     📦 Dublikat qarşısı: FWme81uDHiw → depodakı 'Hope Tala - All My Girls Like To Fight'
2026.10.03 12:22:42 telethon.client.updates INFO     Got difference for channel 1270848742 updates
2026.10.03 12:22:42 core.audio_cache     INFO     📦 Dublikat qarşısı: 4sHnemVng7Y → depodakı 'Hope Tala - Lose My Mind'
2026.10.03 12:22:42 core.audio_cache     INFO     📦 Dublikat qarşısı: kXzrzbRRsQA → depodakı 'Hope Tala - Blue'
2026.10.03 12:22:42 core.audio_cache     INFO     📦 Dublikat qarşısı: _6mJ5QIWYUE → depodakı 'Hope Tala - A Story To Tell/Where I Begin'
2026.10.03 12:22:43 core.audio_cache     INFO     📦 Dublikat qarşısı: OkrQlS-fsqc → depodakı 'Hope Tala - Fall Too Hard'
2026.10.03 12:22:43 core.audio_cache     INFO     📦 Dublikat qarşısı: Y-Mr7qgsgVw → depodakı 'Hope Tala - Crazy'
2026.10.03 12:22:43 core.audio_cache     INFO     📦 Dublikat qarşısı: jTZSoom41wA → depodakı 'Hope Tala - Easy To Love Me'
2026.10.03 12:22:44 core.youtube_handler INFO     Yükləmə cəhdi: cookies + mweb (PO token)
2026.10.03 12:22:44 core.youtube_handler INFO     Yükləmə cəhdi: cookies + mweb (PO token)
2026.10.03 12:22:44 core.youtube_handler INFO     Yükləmə cəhdi: cookies + mweb (PO token)
2026.10.03 12:22:44 core.audio_cache     INFO     📦 Dublikat qarşısı: CqCzXDPNX5Q → depodakı 'Hope Tala - Lovestained'
2026.10.03 12:22:45 core.audio_cache     INFO     📦 Dublikat qarşısı: EwADdj8WZc4 → depodakı 'Hope Tala - Breaking Isn’t What a Heart Is For'
2026.10.03 12:22:45 core.audio_cache     INFO     📦 Dublikat qarşısı: 4xdhxmnvCGo → depodakı 'Hope Tala - Drugstore'
2026.10.03 12:22:46 core.youtube_handler INFO     Yükləmə cəhdi: cookies + mweb (PO token)
2026.10.03 12:22:46 core.youtube_handler INFO     Yükləmə cəhdi: cookies + mweb (PO token)
2026.10.03 12:22:47 core.youtube_handler INFO     Yükləmə cəhdi: cookies + mweb (PO token)
2026.10.03 12:22:48 core.youtube_handler INFO     Yükləmə cəhdi: cookies + mweb (PO token)
2026.10.03 12:22:48 core.youtube_handler INFO     Yükləmə cəhdi: cookies + mweb (PO token)
2026.10.03 12:22:49 core.youtube_handler INFO     Yükləmə cəhdi: cookies + mweb (PO token)
2026.10.03 12:22:50 core.youtube_handler INFO     Yükləmə cəhdi: cookies + mweb (PO token)
2026.10.03 12:22:50 core.audio_cache     INFO     📦 Dublikat qarşısı: FCnBo5aGKi8 → depodakı 'Hope Tala - Moontime'
2026.10.03 12:22:51 core.youtube_handler INFO     Yükləmə cəhdi: cookies + mweb (PO token)
2026.10.03 12:22:51 core.youtube_handler INFO     Yükləmə cəhdi: cookies + mweb (PO token)
2026.10.03 12:22:51 core.youtube_handler INFO     Yükləmə cəhdi: cookies + mweb (PO token)
2026.10.03 12:22:51 core.youtube_handler INFO     Yükləmə cəhdi: cookies + mweb (PO token)
2026.10.03 12:22:51 core.youtube_handler INFO     Yükləmə cəhdi: cookies + mweb (PO token)
2026.10.03 12:22:51 core.youtube_handler INFO     Yükləmə cəhdi: cookies + mweb (PO token)
2026.10.03 12:22:51 core.youtube_handler INFO     Yükləmə cəhdi: cookies + mweb (PO token)
2026.10.03 12:22:51 core.youtube_handler INFO     Yükləmə cəhdi: cookies + mweb (PO token)
2026.10.03 12:22:51 telethon.client.updates INFO     Got difference for channel 1270848742 updates
2026.10.03 12:22:51 core.youtube_handler INFO     Yükləmə cəhdi: cookies + mweb (PO token)
2026.10.03 12:22:51 core.youtube_handler INFO     Yükləmə cəhdi: cookies + mweb (PO token)
2026.10.03 12:22:51 core.youtube_handler INFO     Yükləmə cəhdi: cookies + mweb (PO token)
2026.10.03 12:22:52 core.youtube_handler INFO     Yükləmə cəhdi: cookies + mweb (PO token)
2026.10.03 12:22:52 core.audio_cache     INFO     📦 Dublikat qarşısı: XYm6e74M9Gs → depodakı 'Hope Tala - Heartbeat (the end)'
2026.10.03 12:22:52 core.audio_cache     INFO     📦 Dublikat qarşısı: D9eiVUBbAPg → depodakı 'Hope Tala - Tiptoeing (Tommy Villiers Remix)'
2026.10.03 12:22:53 core.youtube_handler INFO     Yükləmə cəhdi: cookies + mweb (PO token)
2026.10.03 12:22:53 core.youtube_handler INFO     Yükləmə cəhdi: cookies + mweb (PO token)
2026.10.03 12:22:54 core.audio_cache     INFO     📦 Dublikat qarşısı: AUi-3tddUgs → depodakı 'Hope Tala - Mad (Young Franco Remix)'
2026.10.03 12:22:54 core.youtube_handler INFO     Yükləmə cəhdi: cookies + mweb (PO token)
2026.10.03 12:22:55 core.youtube_handler INFO     Yükləmə cəhdi: cookies + mweb (PO token)
2026.10.03 12:22:56 plugins.music_plugin INFO     Metadata (spotify): Taken By Trees - Caroline Good Bye
2026.10.03 12:22:56 core.youtube_handler INFO     Yükləmə cəhdi: cookies + mweb (PO token)
2026.10.03 12:22:56 plugins.music_plugin INFO     Metadata (spotify): Taken By Trees - Sweet Child o' Mine
2026.10.03 12:22:56 core.youtube_handler INFO     Yükləmə cəhdi: cookies + mweb (PO token)
2026.10.03 12:22:57 core.youtube_handler INFO     Yükləmə cəhdi: cookies + mweb (PO token)
2026.10.03 12:22:57 core.youtube_handler INFO     Yükləmə cəhdi: cookies + mweb (PO token)
2026.10.03 12:22:57 plugins.music_plugin INFO     Metadata (spotify): Taken By Trees - Only Yesterday
2026.10.03 12:22:57 core.youtube_handler INFO     Yükləmə cəhdi: cookies + mweb (PO token)
2026.10.03 12:22:57 plugins.music_plugin INFO     Metadata (spotify): Taken By Trees - Lost and Found
2026.10.03 12:22:57 core.youtube_handler INFO     Yükləmə cəhdi: cookies + mweb (PO token)
2026.10.03 12:22:58 aiogram.event        INFO     Update id=875927844 is handled. Duration 1 ms by bot id=8976652462
2026.10.03 12:22:59 plugins.music_plugin INFO     Metadata (spotify): Taken By Trees - To Lose Someone
2026.10.03 12:22:59 aiogram.event        INFO     Update id=875927845 is handled. Duration 0 ms by bot id=8976652462
2026.10.03 12:22:59 plugins.music_plugin INFO     Metadata (spotify): Taken By Trees - My Boys
2026.10.03 12:22:59 aiogram.event        INFO     Update id=875927846 is handled. Duration 1 ms by bot id=8976652462
2026.10.03 12:23:00 plugins.music_plugin INFO     Metadata (spotify): Taken By Trees - Dreams
2026.10.03 12:23:01 plugins.music_plugin INFO     Metadata (spotify): Taken By Trees - Anna
2026.10.03 12:23:01 plugins.music_plugin INFO     Metadata (spotify): Taken By Trees - Say You Don't Mind
2026.10.03 12:23:01 aiogram.event        INFO     Update id=875927847 is handled. Duration 1 ms by bot id=8976652462
2026.10.03 12:23:01 aiogram.event        INFO     Update id=875927848 is handled. Duration 1 ms by bot id=8976652462
2026.10.03 12:23:02 aiogram.event        INFO     Update id=875927849 is handled. Duration 1 ms by bot id=8976652462
2026.10.03 12:23:02 aiogram.event        INFO     Update id=875927850 is handled. Duration 56 ms by bot id=8976652462
2026.10.03 12:23:02 core.youtube_handler INFO     Yükləmə cəhdi: cookies + mweb (PO token)
2026.10.03 12:23:03 plugins.music_plugin INFO     Metadata (spotify): Taken By Trees - Tell Me
2026.10.03 12:23:03 plugins.music_plugin INFO     Metadata (spotify): Taken By Trees - Large
2026.10.03 12:23:03 plugins.music_plugin INFO     Metadata (spotify): Taken By Trees - Only You
2026.10.03 12:23:03 core.youtube_handler INFO     Yükləmə cəhdi: cookies + mweb (PO token)
2026.10.03 12:23:03 aiogram.event        INFO     Update id=875927851 is handled. Duration 5 ms by bot id=8976652462
2026.10.03 12:23:03 plugins.music_plugin INFO     Metadata (spotify): Taken By Trees - Doin' time
2026.10.03 12:23:04 core.youtube_handler INFO     Yükləmə cəhdi: cookies + mweb (PO token)
2026.10.03 12:23:04 plugins.music_plugin INFO     Metadata (spotify): Taken By Trees - Careless Whisper (Instrumental)
2026.10.03 12:23:04 plugins.music_plugin INFO     Metadata (spotify): Taken By Trees - Day by Day
2026.10.03 12:23:04 plugins.music_plugin INFO     Metadata (spotify): Taken By Trees - Watch the Waves
2026.10.03 12:23:05 aiogram.event        INFO     Update id=875927852 is handled. Duration 88 ms by bot id=8976652462
2026.10.03 12:23:05 aiogram.event        INFO     Update id=875927853 is handled. Duration 8 ms by bot id=8976652462
2026.10.03 12:23:05 aiogram.event        INFO     Update id=875927854 is handled. Duration 15 ms by bot id=8976652462
2026.10.03 12:23:05 core.youtube_handler INFO     Yükləmə cəhdi: cookies + mweb (PO token)
2026.10.03 12:23:05 aiogram.event        INFO     Update id=875927855 is handled. Duration 0 ms by bot id=8976652462
2026.10.03 12:23:06 aiogram.event        INFO     Update id=875927856 is handled. Duration 14 ms by bot id=8976652462
2026.10.03 12:23:06 aiogram.event        INFO     Update id=875927857 is handled. Duration 15 ms by bot id=8976652462
2026.10.03 12:23:06 core.youtube_handler INFO     Yükləmə cəhdi: cookies + mweb (PO token)
2026.10.03 12:23:06 aiogram.event        INFO     Update id=875927859 is handled. Duration 0 ms by bot id=8976652462
2026.10.03 12:23:06 aiogram.event        INFO     Update id=875927858 is handled. Duration 0 ms by bot id=8976652462
2026.10.03 12:23:07 core.youtube_handler INFO     Yükləmə cəhdi: cookies + mweb (PO token)
2026.10.03 12:23:08 plugins.music_plugin INFO     Metadata (spotify): Taken By Trees - I Want You
2026.10.03 12:23:08 plugins.music_plugin INFO     Metadata (spotify): Taken By Trees - Greyest Love of All
2026.10.03 12:23:08 core.youtube_handler INFO     Yükləmə cəhdi: cookies + mweb (PO token)
2026.10.03 12:23:09 plugins.music_plugin INFO     Metadata (spotify): Taken By Trees - Highest High
2026.10.03 12:23:09 plugins.music_plugin INFO     Metadata (spotify): Taken By Trees - In Other Words
2026.10.03 12:23:10 core.youtube_handler INFO     Yükləmə cəhdi: cookies + mweb (PO token)
2026.10.03 12:23:10 core.youtube_handler INFO     Yükləmə cəhdi: cookies + mweb (PO token)
2026.10.03 12:23:11 aiogram.event        INFO     Update id=875927860 is handled. Duration 31 ms by bot id=8976652462
2026.10.03 12:23:11 aiogram.event        INFO     Update id=875927861 is handled. Duration 10 ms by bot id=8976652462
2026.10.03 12:23:11 core.youtube_handler INFO     Yükləmə cəhdi: cookies + mweb (PO token)
2026.10.03 12:23:12 aiogram.event        INFO     Update id=875927862 is handled. Duration 0 ms by bot id=8976652462
2026.10.03 12:23:12 plugins.music_plugin INFO     Metadata (spotify): Taken By Trees - Once
2026.10.03 12:23:12 plugins.music_plugin INFO     Metadata (spotify): Taken By Trees - Too Young TTA Way
2026.10.03 12:23:12 aiogram.event        INFO     Update id=875927863 is handled. Duration 20 ms by bot id=8976652462
2026.10.03 12:23:12 core.youtube_handler INFO     Yükləmə cəhdi: cookies + mweb (PO token)
2026.10.03 12:23:13 plugins.music_plugin INFO     Metadata (spotify): April Snow, Taken By Trees - The Ocean
2026.10.03 12:23:13 plugins.music_plugin INFO     Metadata (spotify): Taken By Trees - Tidens Gång
2026.10.03 12:23:14 core.youtube_handler INFO     Yükləmə cəhdi: cookies + mweb (PO token)
2026.10.03 12:23:14 plugins.music_plugin INFO     Metadata (spotify): Taken By Trees - Bekännelse
2026.10.03 12:23:14 aiogram.event        INFO     Update id=875927864 is handled. Duration 21 ms by bot id=8976652462
2026.10.03 12:23:14 telethon.client.updates INFO     Got difference for channel 1327565517 updates
2026.10.03 12:23:14 core.youtube_handler INFO     Yükləmə cəhdi: cookies + mweb (PO token)
2026.10.03 12:23:14 aiogram.event        INFO     Update id=875927865 is handled. Duration 0 ms by bot id=8976652462
2026.10.03 12:23:15 plugins.music_plugin INFO     Metadata (spotify): Taken By Trees - Julia
2026.10.03 12:23:15 core.youtube_handler INFO     Yükləmə cəhdi: cookies + mweb (PO token)
2026.10.03 12:23:15 plugins.music_plugin INFO     Metadata (spotify): Taken By Trees - Make 1,2
2026.10.03 12:23:16 aiogram.event        INFO     Update id=875927866 is handled. Duration 0 ms by bot id=8976652462
2026.10.03 12:23:16 aiogram.event        INFO     Update id=875927867 is handled. Duration 0 ms by bot id=8976652462
2026.10.03 12:23:16 plugins.music_plugin INFO     Metadata (spotify): Taken By Trees - Wait
2026.10.03 12:23:16 plugins.music_plugin INFO     Metadata (spotify): Taken By Trees - Too Young
2026.10.03 12:23:16 plugins.music_plugin INFO     Metadata (spotify): Taken By Trees - I Don't Believe In Miracles
2026.10.03 12:23:16 plugins.music_plugin INFO     Metadata (spotify): Taken By Trees - Careless Whisper
2026.10.03 12:23:16 plugins.music_plugin INFO     Metadata (spotify): Taken By Trees - Careless Whisper (Björn Yttling Remix)
2026.10.03 12:23:16 core.youtube_handler INFO     Yükləmə cəhdi: cookies + mweb (PO token)
2026.10.03 12:23:16 aiogram.event        INFO     Update id=875927868 is handled. Duration 0 ms by bot id=8976652462
2026.10.03 12:23:17 core.youtube_handler INFO     Yükləmə cəhdi: cookies + mweb (PO token)
2026.10.03 12:23:17 aiogram.event        INFO     Update id=875927869 is handled. Duration 0 ms by bot id=8976652462
2026.10.03 12:23:18 aiogram.event        INFO     Update id=875927870 is handled. Duration 32 ms by bot id=8976652462
2026.10.03 12:23:18 aiogram.event        INFO     Update id=875927871 is handled. Duration 5 ms by bot id=8976652462
2026.10.03 12:23:18 core.youtube_handler INFO     Yükləmə cəhdi: cookies + mweb (PO token)
2026.10.03 12:23:19 aiogram.event        INFO     Update id=875927872 is handled. Duration 0 ms by bot id=8976652462
2026.10.03 12:23:19 aiogram.event        INFO     Update id=875927873 is handled. Duration 10 ms by bot id=8976652462
2026.10.03 12:23:19 aiogram.event        INFO     Update id=875927874 is handled. Duration 10 ms by bot id=8976652462
2026.10.03 12:23:19 core.youtube_handler INFO     Yükləmə cəhdi: cookies + mweb (PO token)
2026.10.03 12:23:19 aiogram.event        INFO     Update id=875927875 is handled. Duration 0 ms by bot id=8976652462
2026.10.03 12:23:20 plugins.music_plugin INFO     Metadata (spotify): Taken By Trees - Hours Pass Like Centuries
2026.10.03 12:23:20 core.youtube_handler INFO     Yükləmə cəhdi: cookies + mweb (PO token)
2026.10.03 12:23:20 plugins.music_plugin INFO     Metadata (spotify): Taken By Trees - Above You
2026.10.03 12:23:21 plugins.music_plugin INFO     Metadata (spotify): Taken By Trees - Never Let Me Down
2026.10.03 12:23:21 core.youtube_handler INFO     Yükləmə cəhdi: cookies + mweb (PO token)
2026.10.03 12:23:23 core.youtube_handler INFO     Yükləmə cəhdi: cookies + mweb (PO token)
2026.10.03 12:23:23 aiogram.event        INFO     Update id=875927876 is handled. Duration 109 ms by bot id=8976652462
2026.10.03 12:23:23 plugins.music_plugin INFO     Metadata (spotify): Taken By Trees - Vibrant Colors
2026.10.03 12:23:23 aiogram.event        INFO     Update id=875927877 is handled. Duration 39 ms by bot id=8976652462
2026.10.03 12:23:23 core.youtube_handler INFO     Yükləmə cəhdi: cookies + mweb (PO token)
2026.10.03 12:23:24 core.youtube_handler INFO     Yükləmə cəhdi: cookies + mweb (PO token)
2026.10.03 12:23:24 plugins.music_plugin INFO     Metadata (spotify): Taken By Trees - Sunshine Lady
2026.10.03 12:23:24 aiogram.event        INFO     Update id=875927878 is handled. Duration 0 ms by bot id=8976652462
2026.10.03 12:23:24 plugins.music_plugin INFO     Metadata (spotify): Taken By Trees - Only You (Belief Remix)
2026.10.03 12:23:25 plugins.music_plugin INFO     Metadata (spotify): Taken By Trees - She Loves The Way They Love Her
2026.10.03 12:23:25 core.youtube_handler INFO     Yükləmə cəhdi: cookies + mweb (PO token)
2026.10.03 12:23:25 aiogram.event        INFO     Update id=875927879 is handled. Duration 0 ms by bot id=8976652462
2026.10.03 12:23:26 aiogram.event        INFO     Update id=875927880 is handled. Duration 15 ms by bot id=8976652462
2026.10.03 12:23:26 aiogram.event        INFO     Update id=875927881 is handled. Duration 7 ms by bot id=8976652462
2026.10.03 12:23:26 core.youtube_handler INFO     Yükləmə cəhdi: cookies + mweb (PO token)
2026.10.03 12:23:26 plugins.music_plugin INFO     Metadata (spotify): Taken By Trees - Pacific Blue
2026.10.03 12:23:26 plugins.music_plugin INFO     Metadata (spotify): Taken By Trees - No Letting Go
2026.10.03 12:23:27 aiogram.event        INFO     Update id=875927882 is handled. Duration 333 ms by bot id=8976652462
2026.10.03 12:23:28 core.youtube_handler INFO     Yükləmə cəhdi: cookies + mweb (PO token)
2026.10.03 12:23:28 core.youtube_handler INFO     Yükləmə cəhdi: cookies + mweb (PO token)
2026.10.03 12:23:28 plugins.music_plugin INFO     Metadata (spotify): Taken By Trees - Time's Running Out
2026.10.03 12:23:28 plugins.music_plugin INFO     Metadata (spotify): Taken By Trees - Horizon
2026.10.03 12:23:29 plugins.music_plugin INFO     Metadata (spotify): Taken By Trees - The Legend
2026.10.03 12:23:29 plugins.music_plugin INFO     Metadata (spotify): Taken By Trees - Cedar Trees
2026.10.03 12:23:29 aiogram.event        INFO     Update id=875927883 is handled. Duration 536 ms by bot id=8976652462
2026.10.03 12:23:29 core.youtube_handler INFO     Yükləmə cəhdi: cookies + mweb (PO token)
2026.10.03 12:23:29 aiogram.event        INFO     Update id=875927884 is handled. Duration 0 ms by bot id=8976652462
2026.10.03 12:23:29 plugins.music_plugin INFO     Metadata (spotify): Taken By Trees - Open Field
2026.10.03 12:23:29 plugins.music_plugin INFO     Metadata (spotify): Taken By Trees - Wapas Karna
2026.10.03 12:23:30 aiogram.event        INFO     Update id=875927885 is handled. Duration 0 ms by bot id=8976652462
2026.10.03 12:23:30 core.youtube_handler INFO     Yükləmə cəhdi: cookies + mweb (PO token)
2026.10.03 12:23:30 plugins.music_plugin INFO     Metadata (spotify): Taken By Trees - Man Enough
2026.10.03 12:23:31 aiogram.event        INFO     Update id=875927886 is handled. Duration 0 ms by bot id=8976652462
2026.10.03 12:23:31 telethon.client.updates INFO     Got difference for channel 2233220502 updates
2026.10.03 12:23:31 telethon.client.updates INFO     Got difference for channel 1450190758 updates
2026.10.03 12:23:31 core.youtube_handler INFO     Yükləmə cəhdi: cookies + mweb (PO token)
2026.10.03 12:23:31 aiogram.event        INFO     Update id=875927887 is handled. Duration 723 ms by bot id=8976652462
2026.10.03 12:23:32 aiogram.event        INFO     Update id=875927888 is handled. Duration 0 ms by bot id=8976652462
2026.10.03 12:23:32 core.audio_cache     INFO     📦 Dublikat qarşısı: JKHZcQF9g1g → depodakı 'Taken By Trees - Dreams'
2026.10.03 12:23:32 aiogram.event        INFO     Update id=875927889 is handled. Duration 1 ms by bot id=8976652462
2026.10.03 12:23:32 aiogram.event        INFO     Update id=875927890 is handled. Duration 46 ms by bot id=8976652462
2026.10.03 12:23:32 aiogram.event        INFO     Update id=875927891 is handled. Duration 2 ms by bot id=8976652462
2026.10.03 12:23:32 aiogram.event        INFO     Update id=875927892 is handled. Duration 1 ms by bot id=8976652462
2026.10.03 12:23:32 aiogram.event        INFO     Update id=875927893 is handled. Duration 1 ms by bot id=8976652462
2026.10.03 12:23:32 aiogram.event        INFO     Update id=875927894 is handled. Duration 0 ms by bot id=8976652462
2026.10.03 12:23:33 plugins.music_plugin INFO     Metadata (spotify): Taken By Trees - Charlie
2026.10.03 12:23:33 plugins.music_plugin INFO     Metadata (spotify): Taken By Trees - Tell Me Lies
2026.10.03 12:23:33 core.audio_cache     INFO     📦 Dublikat qarşısı: MZbNTSojIbg → depodakı 'Taken By Trees - Only You'
2026.10.03 12:23:34 aiogram.event        INFO     Update id=875927895 is handled. Duration 440 ms by bot id=8976652462
2026.10.03 12:23:34 core.audio_cache     INFO     📦 Dublikat qarşısı: _rTc8Bv4Xk0 → depodakı 'Taken By Trees - Large'
2026.10.03 12:23:35 plugins.music_plugin INFO     Metadata (spotify): Taken By Trees - Your Place Or Mine
2026.10.03 12:23:35 plugins.music_plugin INFO     Metadata (spotify): Taken By Trees - Holiday
2026.10.03 12:23:36 core.audio_cache     INFO     📦 Dublikat qarşısı: 9MMiwi-jDjA → depodakı 'Taken By Trees - I Want You'
2026.10.03 12:23:36 aiogram.event        INFO     Update id=875927896 is handled. Duration 43 ms by bot id=8976652462
2026.10.03 12:23:36 plugins.music_plugin INFO     Metadata (spotify): Taken By Trees - Annanass (Remixed by Andreas Söderström)
2026.10.03 12:23:36 aiogram.event        INFO     Update id=875927897 is handled. Duration 31 ms by bot id=8976652462
2026.10.03 12:23:36 core.audio_cache     INFO     📦 Dublikat qarşısı: Q9wX3jg1p7Y → depodakı 'Taken By Trees - My Boys'
2026.10.03 12:23:37 core.audio_cache     INFO     📦 Dublikat qarşısı: Qaz9AccquSA → depodakı 'April Snow, Taken By Trees - The Ocean'
2026.10.03 12:23:37 core.audio_cache     INFO     📦 Dublikat qarşısı: bAOmO3eqZKs → depodakı 'Taken By Trees - Lost and Found'
2026.10.03 12:23:37 core.audio_cache     INFO     📦 Dublikat qarşısı: K-tpgLtyH-I → depodakı 'Taken By Trees - Say You Don't Mind'
2026.10.03 12:23:37 plugins.music_plugin INFO     Metadata (spotify): Taken By Trees - Indigo Dub
2026.10.03 12:23:37 aiogram.event        INFO     Update id=875927898 is handled. Duration 0 ms by bot id=8976652462
2026.10.03 12:23:38 plugins.music_plugin INFO     Metadata (spotify): Taken By Trees - Not Like Any Other
2026.10.03 12:23:38 core.audio_cache     INFO     📦 Dublikat qarşısı: cL6v2dZlrD0 → depodakı 'Taken By Trees - Only You (Belief Remix)'
2026.10.03 12:23:38 plugins.music_plugin INFO     Metadata (spotify): Taken By Trees - Break It Down
2026.10.03 12:23:39 plugins.music_plugin INFO     Metadata (spotify): Taken By Trees - Dreams (Coconut Cut)
2026.10.03 12:23:39 aiogram.event        INFO     Update id=875927900 is handled. Duration 100 ms by bot id=8976652462
2026.10.03 12:23:39 core.youtube_handler INFO     Yükləmə cəhdi: cookies + mweb (PO token)
2026.10.03 12:23:39 aiogram.event        INFO     Update id=875927899 is handled. Duration 720 ms by bot id=8976652462
2026.10.03 12:23:39 core.audio_cache     INFO     📦 Dublikat qarşısı: D8ofWXS-lf4 → depodakı 'Taken By Trees - Anna'
2026.10.03 12:23:39 aiogram.event        INFO     Update id=875927901 is handled. Duration 2 ms by bot id=8976652462
2026.10.03 12:23:40 aiogram.event        INFO     Update id=875927902 is handled. Duration 0 ms by bot id=8976652462
2026.10.03 12:23:41 aiogram.event        INFO     Update id=875927904 is handled. Duration 1 ms by bot id=8976652462
2026.10.03 12:23:41 plugins.music_plugin INFO     Metadata (spotify): Taken By Trees - Dreams (Dub Version)
2026.10.03 12:23:41 aiogram.event        INFO     Update id=875927903 is handled. Duration 482 ms by bot id=8976652462
2026.10.03 12:23:41 aiogram.event        INFO     Update id=875927905 is handled. Duration 0 ms by bot id=8976652462
2026.10.03 12:23:41 plugins.music_plugin INFO     Metadata (spotify): Taken By Trees - Annacapella
2026.10.03 12:23:41 aiogram.event        INFO     Update id=875927906 is handled. Duration 2 ms by bot id=8976652462
2026.10.03 12:23:42 plugins.music_plugin INFO     Metadata (spotify): Taken By Trees - Lights Go Out
2026.10.03 12:23:42 aiogram.event        INFO     Update id=875927907 is handled. Duration 229 ms by bot id=8976652462
2026.10.03 12:23:43 aiogram.event        INFO     Update id=875927908 is handled. Duration 272 ms by bot id=8976652462
2026.10.03 12:23:44 aiogram.event        INFO     Update id=875927909 is handled. Duration 0 ms by bot id=8976652462
2026.10.03 12:23:44 plugins.depo_filler_plugin INFO     🎵 YTM SYML: 278 mahnı (+278 növbəyə, 0 artıq depoda), +14 yeni ifaçı
2026.10.03 12:23:44 plugins.music_plugin INFO     Metadata (spotify): Taken By Trees - No Quick Fix
2026.10.03 12:23:44 aiogram.event        INFO     Update id=875927910 is handled. Duration 20 ms by bot id=8976652462
2026.10.03 12:23:44 aiogram.event        INFO     Update id=875927911 is handled. Duration 10 ms by bot id=8976652462
2026.10.03 12:23:44 plugins.music_plugin INFO     Metadata (spotify): Taken By Trees - Dreams (Extended Instrumental)
2026.10.03 12:23:44 core.youtube_handler INFO     Yükləmə cəhdi: cookies + mweb (PO token)
2026.10.03 12:23:45 core.youtube_handler INFO     Yükləmə cəhdi: cookies + mweb (PO token)
2026.10.03 12:23:45 core.youtube_handler INFO     Yükləmə cəhdi: cookies + mweb (PO token)
2026.10.03 12:23:45 core.youtube_handler INFO     Yükləmə cəhdi: cookies + mweb (PO token)
2026.10.03 12:23:45 core.youtube_handler INFO     Yükləmə cəhdi: cookies + mweb (PO token)
2026.10.03 12:23:45 core.youtube_handler INFO     Yükləmə cəhdi: cookies + mweb (PO token)
2026.10.03 12:23:45 core.youtube_handler INFO     Yükləmə cəhdi: cookies + mweb (PO token)
2026.10.03 12:23:46 aiogram.event        INFO     Update id=875927912 is handled. Duration 789 ms by bot id=8976652462
2026.10.03 12:23:46 core.youtube_handler INFO     Yükləmə cəhdi: cookies + mweb (PO token)
2026.10.03 12:23:46 core.youtube_handler INFO     Yükləmə cəhdi: cookies + mweb (PO token)
2026.10.03 12:23:47 core.youtube_handler INFO     Yükləmə cəhdi: cookies + mweb (PO token)
2026.10.03 12:23:47 telethon.client.updates INFO     Got difference for channel 1327565517 updates
2026.10.03 12:23:47 aiogram.event        INFO     Update id=875927913 is handled. Duration 0 ms by bot id=8976652462
2026.10.03 12:23:47 core.youtube_handler INFO     Yükləmə cəhdi: cookies + mweb (PO token)
2026.10.03 12:23:47 core.youtube_handler INFO     Yükləmə cəhdi: cookies + mweb (PO token)
2026.10.03 12:23:48 core.youtube_handler INFO     Yükləmə cəhdi: cookies + mweb (PO token)
2026.10.03 12:23:48 core.youtube_handler INFO     Yükləmə cəhdi: cookies + mweb (PO token)
2026.10.03 12:23:48 core.youtube_handler INFO     Yükləmə cəhdi: cookies + mweb (PO token)
2026.10.03 12:23:48 aiogram.event        INFO     Update id=875927914 is handled. Duration 729 ms by bot id=8976652462
2026.10.03 12:23:49 aiogram.event        INFO     Update id=875927915 is handled. Duration 0 ms by bot id=8976652462
2026.10.03 12:23:49 core.youtube_handler INFO     Yükləmə cəhdi: cookies + mweb (PO token)
2026.10.03 12:23:50 core.youtube_handler INFO     Yükləmə cəhdi: cookies + mweb (PO token)
2026.10.03 12:23:51 core.youtube_handler INFO     Yükləmə cəhdi: cookies + mweb (PO token)
2026.10.03 12:23:51 telethon.client.updates INFO     Got difference for channel 1327565517 updates
2026.10.03 12:23:51 aiogram.event        INFO     Update id=875927916 is handled. Duration 1054 ms by bot id=8976652462
2026.10.03 12:23:51 core.youtube_handler INFO     Yükləmə cəhdi: cookies + mweb (PO token)
2026.10.03 12:23:52 plugins.music_plugin INFO     Metadata (spotify): Taken By Trees - Watch the Waves (Radio Edit)
2026.10.03 12:23:52 core.youtube_handler INFO     Yükləmə cəhdi: cookies + mweb (PO token)
2026.10.03 12:23:53 aiogram.event        INFO     Update id=875927917 is handled. Duration 297 ms by bot id=8976652462
2026.10.03 12:23:54 core.youtube_handler INFO     Yükləmə cəhdi: cookies + mweb (PO token)
2026.10.03 12:23:54 aiogram.event        INFO     Update id=875927919 is handled. Duration 0 ms by bot id=8976652462
2026.10.03 12:23:55 core.youtube_handler INFO     Yükləmə cəhdi: cookies + mweb (PO token)
2026.10.03 12:23:55 aiogram.event        INFO     Update id=875927918 is handled. Duration 789 ms by bot id=8976652462
2026.10.03 12:23:55 core.youtube_handler INFO     Yükləmə cəhdi: cookies + mweb (PO token)
2026.10.03 12:23:56 plugins.music_plugin INFO     Metadata (spotify): SYML - I Wanted to Leave
2026.10.03 12:23:56 core.youtube_handler INFO     Yükləmə cəhdi: cookies + mweb (PO token)
2026.10.03 12:23:57 aiogram.event        INFO     Update id=875927920 is handled. Duration 544 ms by bot id=8976652462
2026.10.03 12:23:57 plugins.music_plugin INFO     Metadata (spotify): SYML - Where's My Love
2026.10.03 12:23:57 plugins.music_plugin INFO     Metadata (spotify): SYML - Where’s My Love (Alternate Version)
2026.10.03 12:23:57 plugins.music_plugin INFO     Metadata (spotify): SYML - Fear of the Water
2026.10.03 12:23:57 core.youtube_handler INFO     Yükləmə cəhdi: cookies + mweb (PO token)
2026.10.03 12:23:57 telethon.client.updates INFO     Got difference for channel 2233220502 updates
2026.10.03 12:23:58 plugins.music_plugin INFO     Metadata (spotify): SYML, Carla Morrison - Where's My Love (with Carla)
2026.10.03 12:23:58 core.youtube_handler INFO     Yükləmə cəhdi: cookies + mweb (PO token)
2026.10.03 12:23:58 plugins.music_plugin INFO     Metadata (spotify): SYML - The War
2026.10.03 12:23:59 telethon.client.updates INFO     Got difference for channel 1339620626 updates
2026.10.03 12:23:59 aiogram.event        INFO     Update id=875927921 is handled. Duration 853 ms by bot id=8976652462
2026.10.03 12:23:59 plugins.music_plugin INFO     Metadata (spotify): SYML - Mr. Sandman
2026.10.03 12:23:59 core.youtube_handler INFO     Yükləmə cəhdi: cookies + mweb (PO token)
2026.10.03 12:23:59 plugins.music_plugin INFO     Metadata (spotify): SYML, Carla Morrison - Where's My Love (with Carla) (at Panoram Studios)
2026.10.03 12:23:59 aiogram.event        INFO     Update id=875927922 is handled. Duration 1 ms by bot id=8976652462
2026.10.03 12:23:59 telethon.client.updates INFO     Got difference for channel 1327565517 updates
2026.10.03 12:23:59 plugins.music_plugin INFO     Metadata (spotify): SYML - Where's My Love (Slowed)
2026.10.03 12:24:00 plugins.music_plugin INFO     Metadata (spotify): SYML - Lost Myself
2026.10.03 12:24:00 plugins.music_plugin INFO     Metadata (spotify): SYML - Girl (Acoustic)
2026.10.03 12:24:00 aiogram.event        INFO     Update id=875927924 is handled. Duration 235 ms by bot id=8976652462
2026.10.03 12:24:00 core.youtube_handler INFO     Yükləmə cəhdi: cookies + mweb (PO token)
2026.10.03 12:24:00 aiogram.event        INFO     Update id=875927923 is handled. Duration 835 ms by bot id=8976652462
2026.10.03 12:24:00 plugins.music_plugin INFO     Metadata (spotify): SYML - Body
2026.10.03 12:24:01 plugins.music_plugin INFO     Metadata (spotify): SYML - Where's My Love (Paris Unplugged)
2026.10.03 12:24:01 plugins.music_plugin INFO     Metadata (spotify): SYML - Marion
2026.10.03 12:24:01 core.youtube_handler INFO     Yükləmə cəhdi: cookies + mweb (PO token)
2026.10.03 12:24:01 plugins.music_plugin INFO     Metadata (spotify): SYML - I Was Stone
2026.10.03 12:24:01 aiogram.event        INFO     Update id=875927928 is handled. Duration 1 ms by bot id=8976652462
2026.10.03 12:24:01 aiogram.event        INFO     Update id=875927927 is handled. Duration 1 ms by bot id=8976652462
2026.10.03 12:24:01 aiogram.event        INFO     Update id=875927926 is handled. Duration 1 ms by bot id=8976652462
2026.10.03 12:24:02 aiogram.event        INFO     Update id=875927925 is handled. Duration 240 ms by bot id=8976652462
2026.10.03 12:24:02 aiogram.event        INFO     Update id=875927929 is handled. Duration 26 ms by bot id=8976652462
2026.10.03 12:24:02 core.youtube_handler INFO     Yükləmə cəhdi: cookies + mweb (PO token)
2026.10.03 12:24:03 aiogram.event        INFO     Update id=875927930 is handled. Duration 0 ms by bot id=8976652462
2026.10.03 12:24:03 aiogram.event        INFO     Update id=875927932 is handled. Duration 53 ms by bot id=8976652462
2026.10.03 12:24:03 aiogram.event        INFO     Update id=875927933 is handled. Duration 40 ms by bot id=8976652462
2026.10.03 12:24:03 core.youtube_handler INFO     Yükləmə cəhdi: cookies + mweb (PO token)
2026.10.03 12:24:04 aiogram.event        INFO     Update id=875927934 is handled. Duration 1 ms by bot id=8976652462
2026.10.03 12:24:04 aiogram.event        INFO     Update id=875927931 is handled. Duration 840 ms by bot id=8976652462
2026.10.03 12:24:04 aiogram.event        INFO     Update id=875927935 is handled. Duration 0 ms by bot id=8976652462
2026.10.03 12:24:04 aiogram.event        INFO     Update id=875927936 is handled. Duration 25 ms by bot id=8976652462
2026.10.03 12:24:04 aiogram.event        INFO     Update id=875927937 is handled. Duration 26 ms by bot id=8976652462
2026.10.03 12:24:04 core.youtube_handler INFO     Yükləmə cəhdi: cookies + mweb (PO token)
2026.10.03 12:24:04 plugins.music_plugin INFO     Metadata (spotify): SYML - When the Party's Over (Paris Unplugged)
2026.10.03 12:24:05 aiogram.event        INFO     Update id=875927938 is handled. Duration 0 ms by bot id=8976652462
2026.10.03 12:24:06 core.youtube_handler INFO     Yükləmə cəhdi: cookies + mweb (PO token)
2026.10.03 12:24:06 core.youtube_handler INFO     Yükləmə cəhdi: cookies + mweb (PO token)
2026.10.03 12:24:06 aiogram.event        INFO     Update id=875927939 is handled. Duration 737 ms by bot id=8976652462
2026.10.03 12:24:06 telethon.client.updates INFO     Got difference for channel 1270848742 updates
2026.10.03 12:24:07 aiogram.event        INFO     Update id=875927940 is handled. Duration 70 ms by bot id=8976652462
2026.10.03 12:24:07 aiogram.event        INFO     Update id=875927942 is handled. Duration 10 ms by bot id=8976652462
2026.10.03 12:24:07 core.youtube_handler INFO     Yükləmə cəhdi: cookies + mweb (PO token)
2026.10.03 12:24:08 aiogram.event        INFO     Update id=875927941 is handled. Duration 800 ms by bot id=8976652462
2026.10.03 12:24:08 core.youtube_handler INFO     Yükləmə cəhdi: cookies + mweb (PO token)
2026.10.03 12:24:09 plugins.music_plugin INFO     Metadata (spotify): SYML - Breathtaker
2026.10.03 12:24:09 plugins.music_plugin INFO     Metadata (spotify): SYML, Sam Feldt - Where's My Love (Sam Feldt Edit)
2026.10.03 12:24:09 plugins.music_plugin INFO     Metadata (spotify): SYML - Girl
2026.10.03 12:24:09 telethon.client.updates INFO     Got difference for channel 1327565517 updates
2026.10.03 12:24:09 plugins.music_plugin INFO     Metadata (spotify): SYML - Better
2026.10.03 12:24:10 core.youtube_handler INFO     Yükləmə cəhdi: cookies + mweb (PO token)
2026.10.03 12:24:10 plugins.music_plugin INFO     Metadata (spotify): SYML - Meant to Stay Hid
2026.10.03 12:24:10 core.youtube_handler INFO     Yükləmə cəhdi: cookies + mweb (PO token)
2026.10.03 12:24:10 aiogram.event        INFO     Update id=875927943 is handled. Duration 238 ms by bot id=8976652462
2026.10.03 12:24:11 plugins.music_plugin INFO     Metadata (spotify): SYML - The White Light of the Morning
2026.10.03 12:24:11 plugins.music_plugin INFO     Metadata (spotify): SYML - Heavy Hearts
2026.10.03 12:24:11 core.youtube_handler INFO     Yükləmə cəhdi: cookies + mweb (PO token)
2026.10.03 12:24:11 plugins.music_plugin INFO     Metadata (spotify): SYML - Sentimental (Live at Hangar 30)
2026.10.03 12:24:11 aiogram.event        INFO     Update id=875927945 is handled. Duration 0 ms by bot id=8976652462
2026.10.03 12:24:12 aiogram.event        INFO     Update id=875927947 is handled. Duration 0 ms by bot id=8976652462
2026.10.03 12:24:12 aiogram.event        INFO     Update id=875927946 is handled. Duration 2 ms by bot id=8976652462
2026.10.03 12:24:12 aiogram.event        INFO     Update id=875927944 is handled. Duration 660 ms by bot id=8976652462
2026.10.03 12:24:12 aiogram.event        INFO     Update id=875927948 is handled. Duration 0 ms by bot id=8976652462
2026.10.03 12:24:12 aiogram.event        INFO     Update id=875927949 is handled. Duration 31 ms by bot id=8976652462
2026.10.03 12:24:12 plugins.music_plugin INFO     Metadata (spotify): SYML - How It Was It Will Never Be Again
2026.10.03 12:24:12 plugins.music_plugin INFO     Metadata (spotify): SYML - Take Me Apart
2026.10.03 12:24:12 core.youtube_handler INFO     Yükləmə cəhdi: cookies + mweb (PO token)
2026.10.03 12:24:13 plugins.music_plugin INFO     Metadata (spotify): SYML - I Wanted to Leave (Remix)
2026.10.03 12:24:13 aiogram.event        INFO     Update id=875927950 is handled. Duration 0 ms by bot id=8976652462
2026.10.03 12:24:13 core.youtube_handler INFO     Yükləmə cəhdi: cookies + mweb (PO token)
2026.10.03 12:24:13 plugins.music_plugin INFO     Metadata (spotify): SYML - Clean Eyes (Acoustic)
2026.10.03 12:24:13 telethon.client.updates INFO     Got difference for channel 1270848742 updates
2026.10.03 12:24:14 aiogram.event        INFO     Update id=875927952 is handled. Duration 0 ms by bot id=8976652462
2026.10.03 12:24:14 aiogram.event        INFO     Update id=875927951 is handled. Duration 255 ms by bot id=8976652462
2026.10.03 12:24:14 aiogram.event        INFO     Update id=875927953 is handled. Duration 5 ms by bot id=8976652462
2026.10.03 12:24:14 plugins.music_plugin INFO     Metadata (spotify): SYML, Charlotte Lawrence - You and I
2026.10.03 12:24:14 core.youtube_handler INFO     Yükləmə cəhdi: cookies + mweb (PO token)
2026.10.03 12:24:15 core.youtube_handler INFO     Yükləmə cəhdi: cookies + mweb (PO token)
2026.10.03 12:24:15 telethon.client.updates INFO     Got difference for channel 1270848742 updates
2026.10.03 12:24:15 aiogram.event        INFO     Update id=875927954 is handled. Duration 1 ms by bot id=8976652462
2026.10.03 12:24:15 aiogram.event        INFO     Update id=875927955 is handled. Duration 0 ms by bot id=8976652462
2026.10.03 12:24:16 aiogram.event        INFO     Update id=875927956 is handled. Duration 0 ms by bot id=8976652462
2026.10.03 12:24:16 plugins.music_plugin INFO     Metadata (spotify): SYML - Careful
2026.10.03 12:24:16 aiogram.event        INFO     Update id=875927957 is handled. Duration 21 ms by bot id=8976652462
2026.10.03 12:24:16 plugins.music_plugin INFO     Metadata (spotify): SYML - All of Us
2026.10.03 12:24:16 plugins.music_plugin INFO     Metadata (spotify): SYML - Sweet Home
2026.10.03 12:24:17 core.youtube_handler INFO     Yükləmə cəhdi: cookies + mweb (PO token)
2026.10.03 12:24:17 core.youtube_handler INFO     Yükləmə cəhdi: cookies + mweb (PO token)
2026.10.03 12:24:17 aiogram.event        INFO     Update id=875927958 is handled. Duration 2 ms by bot id=8976652462
2026.10.03 12:24:18 core.youtube_handler INFO     Yükləmə cəhdi: cookies + mweb (PO token)
2026.10.03 12:24:19 aiogram.event        INFO     Update id=875927959 is handled. Duration 36 ms by bot id=8976652462
2026.10.03 12:24:19 aiogram.event        INFO     Update id=875927960 is handled. Duration 5 ms by bot id=8976652462
2026.10.03 12:24:19 core.youtube_handler INFO     Yükləmə cəhdi: cookies + mweb (PO token)
2026.10.03 12:24:19 aiogram.event        INFO     Update id=875927961 is handled. Duration 0 ms by bot id=8976652462
2026.10.03 12:24:20 aiogram.event        INFO     Update id=875927962 is handled. Duration 207 ms by bot id=8976652462
2026.10.03 12:24:21 core.youtube_handler INFO     Yükləmə cəhdi: cookies + mweb (PO token)
2026.10.03 12:24:21 plugins.music_plugin INFO     Metadata (spotify): SYML - Sentimental
2026.10.03 12:24:21 plugins.music_plugin INFO     Metadata (spotify): SYML - Have A Little Faith In Me
2026.10.03 12:24:21 plugins.music_plugin INFO     Metadata (spotify): SYML - Symmetry
2026.10.03 12:24:21 plugins.music_plugin INFO     Metadata (spotify): SYML - Where's My Love (Piano and Viola Version)
2026.10.03 12:24:21 core.youtube_handler INFO     Yükləmə cəhdi: cookies + mweb (PO token)
2026.10.03 12:24:22 core.youtube_handler INFO     Yükləmə cəhdi: cookies + mweb (PO token)
2026.10.03 12:24:22 plugins.music_plugin INFO     Metadata (spotify): SYML - Wildfire
2026.10.03 12:24:23 plugins.music_plugin INFO     Metadata (spotify): SYML - In Between Breaths
2026.10.03 12:24:24 plugins.music_plugin INFO     Metadata (spotify): SYML - The Dark
2026.10.03 12:24:24 aiogram.event        INFO     Update id=875927963 is handled. Duration 43 ms by bot id=8976652462
2026.10.03 12:24:24 core.youtube_handler INFO     Yükləmə cəhdi: cookies + mweb (PO token)
2026.10.03 12:24:24 aiogram.event        INFO     Update id=875927964 is handled. Duration 0 ms by bot id=8976652462
2026.10.03 12:24:24 plugins.music_plugin INFO     Metadata (spotify): SYML - How I Got Home
2026.10.03 12:24:24 aiogram.event        INFO     Update id=875927965 is handled. Duration 214 ms by bot id=8976652462
2026.10.03 12:24:25 core.youtube_handler INFO     Yükləmə cəhdi: cookies + mweb (PO token)
2026.10.03 12:24:25 plugins.music_plugin INFO     Metadata (spotify): SYML - DIM
2026.10.03 12:24:25 aiogram.event        INFO     Update id=875927966 is handled. Duration 65 ms by bot id=8976652462
2026.10.03 12:24:25 aiogram.event        INFO     Update id=875927967 is handled. Duration 5 ms by bot id=8976652462
2026.10.03 12:24:25 core.youtube_handler INFO     Yükləmə cəhdi: cookies + mweb (PO token)
2026.10.03 12:24:25 aiogram.event        INFO     Update id=875927968 is handled. Duration 0 ms by bot id=8976652462
2026.10.03 12:24:26 core.youtube_handler INFO     Yükləmə cəhdi: cookies + mweb (PO token)
2026.10.03 12:24:26 plugins.music_plugin INFO     Metadata (spotify): SYML - Blanc
2026.10.03 12:24:27 plugins.music_plugin INFO     Metadata (spotify): SYML, Gibran Alcocer - Your Breathing Sounds Like a Wave
2026.10.03 12:24:27 aiogram.event        INFO     Update id=875927969 is handled. Duration 10 ms by bot id=8976652462
2026.10.03 12:24:27 aiogram.event        INFO     Update id=875927970 is handled. Duration 10 ms by bot id=8976652462
2026.10.03 12:24:27 core.youtube_handler INFO     Yükləmə cəhdi: cookies + mweb (PO token)
2026.10.03 12:24:27 aiogram.event        INFO     Update id=875927971 is handled. Duration 0 ms by bot id=8976652462
2026.10.03 12:24:28 core.youtube_handler INFO     Yükləmə cəhdi: cookies + mweb (PO token)
2026.10.03 12:24:29 aiogram.event        INFO     Update id=875927972 is handled. Duration 5 ms by bot id=8976652462
2026.10.03 12:24:29 telethon.client.updates INFO     Got difference for channel 1270848742 updates
2026.10.03 12:24:29 plugins.music_plugin INFO     Metadata (spotify): SYML - Carry No Thing
2026.10.03 12:24:29 core.youtube_handler INFO     Yükləmə cəhdi: cookies + mweb (PO token)
2026.10.03 12:24:29 aiogram.event        INFO     Update id=875927973 is handled. Duration 0 ms by bot id=8976652462
2026.10.03 12:24:30 core.youtube_handler INFO     Yükləmə cəhdi: cookies + mweb (PO token)
2026.10.03 12:24:31 aiogram.event        INFO     Update id=875927974 is handled. Duration 834 ms by bot id=8976652462
2026.10.03 12:24:31 plugins.music_plugin INFO     Metadata (spotify): SYML - Believer
2026.10.03 12:24:31 core.youtube_handler INFO     Yükləmə cəhdi: cookies + mweb (PO token)
2026.10.03 12:24:31 plugins.music_plugin INFO     Metadata (spotify): SYML - Where's My Love (Piano Solo)
2026.10.03 12:24:32 plugins.music_plugin INFO     Metadata (spotify): SYML, Lucius - Howling
2026.10.03 12:24:32 aiogram.event        INFO     Update id=875927975 is handled. Duration 1 ms by bot id=8976652462
2026.10.03 12:24:32 core.youtube_handler INFO     Yükləmə cəhdi: cookies + mweb (PO token)
2026.10.03 12:24:33 core.youtube_handler INFO     Yükləmə cəhdi: cookies + mweb (PO token)
2026.10.03 12:24:33 plugins.music_plugin INFO     Metadata (spotify): SYML - Clean Eyes
2026.10.03 12:24:33 aiogram.event        INFO     Update id=875927976 is handled. Duration 199 ms by bot id=8976652462
2026.10.03 12:24:34 plugins.music_plugin INFO     Metadata (spotify): SYML, Rishab Rikhiram Sharma - I Wanted to Leave (Sitar Version)
2026.10.03 12:24:34 aiogram.event        INFO     Update id=875927977 is handled. Duration 56 ms by bot id=8976652462
2026.10.03 12:24:34 core.youtube_handler INFO     Yükləmə cəhdi: cookies + mweb (PO token)
2026.10.03 12:24:34 plugins.music_plugin INFO     Metadata (spotify): SYML - Breathtaker (Live at Hangar 30)
2026.10.03 12:24:35 core.youtube_handler INFO     Yükləmə cəhdi: cookies + mweb (PO token)
2026.10.03 12:24:35 aiogram.event        INFO     Update id=875927979 is handled. Duration 0 ms by bot id=8976652462
2026.10.03 12:24:35 aiogram.event        INFO     Update id=875927978 is handled. Duration 682 ms by bot id=8976652462
2026.10.03 12:24:36 plugins.music_plugin INFO     Metadata (spotify): SYML - The Bird
2026.10.03 12:24:36 aiogram.event        INFO     Update id=875927980 is handled. Duration 16 ms by bot id=8976652462
2026.10.03 12:24:36 aiogram.event        INFO     Update id=875927981 is handled. Duration 20 ms by bot id=8976652462
2026.10.03 12:24:36 core.youtube_handler INFO     Yükləmə cəhdi: cookies + mweb (PO token)
2026.10.03 12:24:37 aiogram.event        INFO     Update id=875927982 is handled. Duration 0 ms by bot id=8976652462
2026.10.03 12:24:37 plugins.music_plugin INFO     Metadata (spotify): SYML - When the Party's Over
2026.10.03 12:24:37 plugins.music_plugin INFO     Metadata (spotify): SYML - Fear of the Water (Recorded Live at St. Mark's Cathedral, Seattle)
2026.10.03 12:24:37 core.youtube_handler INFO     Yükləmə cəhdi: cookies + mweb (PO token)
2026.10.03 12:24:37 aiogram.event        INFO     Update id=875927984 is handled. Duration 0 ms by bot id=8976652462
2026.10.03 12:24:38 aiogram.event        INFO     Update id=875927983 is handled. Duration 660 ms by bot id=8976652462
2026.10.03 12:24:38 plugins.music_plugin INFO     Metadata (spotify): SYML, Sara Watkins - Better Part of Me
2026.10.03 12:24:38 core.youtube_handler INFO     Yükləmə cəhdi: cookies + mweb (PO token)
2026.10.03 12:24:39 plugins.music_plugin INFO     Metadata (spotify): SYML - The Walker
2026.10.03 12:24:39 aiogram.event        INFO     Update id=875927985 is handled. Duration 10 ms by bot id=8976652462
2026.10.03 12:24:39 core.youtube_handler INFO     Yükləmə cəhdi: cookies + mweb (PO token)
2026.10.03 12:24:40 plugins.music_plugin INFO     Metadata (spotify): SYML, Evgeny Grinko - Listless
2026.10.03 12:24:40 aiogram.event        INFO     Update id=875927986 is handled. Duration 77 ms by bot id=8976652462
2026.10.03 12:24:40 core.youtube_handler INFO     Yükləmə cəhdi: cookies + mweb (PO token)
2026.10.03 12:24:40 aiogram.event        INFO     Update id=875927987 is handled. Duration 0 ms by bot id=8976652462
2026.10.03 12:24:41 core.youtube_handler INFO     Yükləmə cəhdi: cookies + mweb (PO token)
2026.10.03 12:24:42 aiogram.event        INFO     Update id=875927988 is handled. Duration 0 ms by bot id=8976652462
2026.10.03 12:24:42 plugins.music_plugin INFO     Metadata (spotify): SYML - Something Beautiful and Bright
2026.10.03 12:24:42 aiogram.event        INFO     Update id=875927989 is handled. Duration 47 ms by bot id=8976652462
2026.10.03 12:24:42 plugins.music_plugin INFO     Metadata (spotify): SYML - STAY CLOSE
2026.10.03 12:24:42 core.youtube_handler INFO     Yükləmə cəhdi: cookies + mweb (PO token)
2026.10.03 12:24:43 aiogram.event        INFO     Update id=875927990 is handled. Duration 446 ms by bot id=8976652462
2026.10.03 12:24:43 aiogram.event        INFO     Update id=875927991 is handled. Duration 15 ms by bot id=8976652462
2026.10.03 12:24:43 core.youtube_handler INFO     Yükləmə cəhdi: cookies + mweb (PO token)
2026.10.03 12:24:44 aiogram.event        INFO     Update id=875927992 is handled. Duration 25 ms by bot id=8976652462
2026.10.03 12:24:44 plugins.music_plugin INFO     Metadata (spotify): SYML - Harvest Moon
2026.10.03 12:24:44 core.youtube_handler INFO     Yükləmə cəhdi: cookies + mweb (PO token)
2026.10.03 12:24:44 plugins.music_plugin INFO     Metadata (spotify): SYML - She Waits
2026.10.03 12:24:44 plugins.music_plugin INFO     Metadata (spotify): SYML - Clean Eyes (The Midnight Remix)
2026.10.03 12:24:45 aiogram.event        INFO     Update id=875927993 is handled. Duration 19 ms by bot id=8976652462
2026.10.03 12:24:45 core.youtube_handler INFO     Yükləmə cəhdi: cookies + mweb (PO token)
2026.10.03 12:24:46 plugins.music_plugin INFO     Metadata (spotify): Lily Kershaw, SYML - Where’s My Love (Duet)
2026.10.03 12:24:46 core.youtube_handler INFO     Yükləmə cəhdi: cookies + mweb (PO token)
2026.10.03 12:24:47 plugins.music_plugin INFO     Metadata (spotify): SYML - Please Slow Down
2026.10.03 12:24:47 aiogram.event        INFO     Update id=875927995 is handled. Duration 15 ms by bot id=8976652462
2026.10.03 12:24:47 aiogram.event        INFO     Update id=875927996 is handled. Duration 31 ms by bot id=8976652462
2026.10.03 12:24:47 core.youtube_handler INFO     Yükləmə cəhdi: cookies + mweb (PO token)
2026.10.03 12:24:48 aiogram.event        INFO     Update id=875927994 is handled. Duration 506 ms by bot id=8976652462
2026.10.03 12:24:48 aiogram.event        INFO     Update id=875927997 is handled. Duration 5 ms by bot id=8976652462
2026.10.03 12:24:48 core.youtube_handler INFO     Yükləmə cəhdi: cookies + mweb (PO token)
2026.10.03 12:24:48 plugins.music_plugin INFO     Metadata (spotify): SYML - Here Comes the Sun
2026.10.03 12:24:49 aiogram.event        INFO     Update id=875927998 is handled. Duration 0 ms by bot id=8976652462
2026.10.03 12:24:49 aiogram.event        INFO     Update id=875927999 is handled. Duration 71 ms by bot id=8976652462
2026.10.03 12:24:49 core.youtube_handler INFO     Yükləmə cəhdi: cookies + mweb (PO token)
2026.10.03 12:24:50 plugins.music_plugin INFO     Metadata (spotify): SYML - Leave Like That (feat. Jenn Champion)
2026.10.03 12:24:50 core.youtube_handler INFO     Yükləmə cəhdi: cookies + mweb (PO token)
2026.10.03 12:24:51 plugins.music_plugin INFO     Metadata (spotify): SYML - The War (Recorded Live at St. Mark's Cathedral, Seattle)
2026.10.03 12:24:51 aiogram.event        INFO     Update id=875928000 is handled. Duration 26 ms by bot id=8976652462
2026.10.03 12:24:51 core.youtube_handler INFO     Yükləmə cəhdi: cookies + mweb (PO token)
2026.10.03 12:24:52 plugins.music_plugin INFO     Metadata (spotify): SYML - Running Low
2026.10.03 12:24:52 plugins.music_plugin INFO     Metadata (spotify): SYML - Wildfire (Alternate Version)
2026.10.03 12:24:52 core.youtube_handler INFO     Yükləmə cəhdi: cookies + mweb (PO token)
2026.10.03 12:24:53 plugins.music_plugin INFO     Metadata (spotify): SYML - Where's My Love (Sped Up)
2026.10.03 12:24:53 core.youtube_handler INFO     Yükləmə cəhdi: cookies + mweb (PO token)
2026.10.03 12:24:53 aiogram.event        INFO     Update id=875928001 is handled. Duration 6 ms by bot id=8976652462
2026.10.03 12:24:54 aiogram.event        INFO     Update id=875928002 is handled. Duration 0 ms by bot id=8976652462
2026.10.03 12:24:54 core.youtube_handler INFO     Yükləmə cəhdi: cookies + mweb (PO token)
2026.10.03 12:24:54 plugins.music_plugin INFO     Metadata (spotify): SYML - Hurt for Me
2026.10.03 12:24:55 aiogram.event        INFO     Update id=875928003 is handled. Duration 1 ms by bot id=8976652462
2026.10.03 12:24:55 core.youtube_handler INFO     Yükləmə cəhdi: cookies + mweb (PO token)
2026.10.03 12:24:55 aiogram.event        INFO     Update id=875928004 is handled. Duration 0 ms by bot id=8976652462
2026.10.03 12:24:56 plugins.music_plugin INFO     Metadata (spotify): SYML - Symmetry (Dark Version)
2026.10.03 12:24:56 plugins.music_plugin INFO     Metadata (spotify): SYML - I Was Stone (Live at Hangar 30)
2026.10.03 12:24:56 core.youtube_handler INFO     Yükləmə cəhdi: cookies + mweb (PO token)
2026.10.03 12:24:57 aiogram.event        INFO     Update id=875928005 is handled. Duration 0 ms by bot id=8976652462
2026.10.03 12:24:57 plugins.music_plugin INFO     Metadata (spotify): SYML - Please Slow Down (Rubber Bridge Version)
2026.10.03 12:24:57 telethon.client.updates INFO     Got difference for channel 1327565517 updates
2026.10.03 12:24:57 aiogram.event        INFO     Update id=875928006 is handled. Duration 41 ms by bot id=8976652462
2026.10.03 12:24:57 core.youtube_handler INFO     Yükləmə cəhdi: cookies + mweb (PO token)
2026.10.03 12:24:58 telethon.client.updates INFO     Got difference for channel 1270848742 updates
2026.10.03 12:24:58 plugins.music_plugin INFO     Metadata (spotify): SYML - Before You Knew It Was Me
2026.10.03 12:24:58 core.youtube_handler INFO     Yükləmə cəhdi: cookies + mweb (PO token)
2026.10.03 12:24:58 aiogram.event        INFO     Update id=875928007 is handled. Duration 1 ms by bot id=8976652462
2026.10.03 12:24:59 plugins.music_plugin INFO     Metadata (spotify): SYML - Girvan
2026.10.03 12:24:59 aiogram.event        INFO     Update id=875928008 is handled. Duration 5 ms by bot id=8976652462
2026.10.03 12:24:59 core.youtube_handler INFO     Yükləmə cəhdi: cookies + mweb (PO token)
2026.10.03 12:25:00 aiogram.event        INFO     Update id=875928009 is handled. Duration 36 ms by bot id=8976652462
2026.10.03 12:25:00 core.youtube_handler INFO     Yükləmə cəhdi: cookies + mweb (PO token)
2026.10.03 12:25:01 plugins.music_plugin INFO     Metadata (spotify): SYML - WDWGILY
2026.10.03 12:25:01 aiogram.event        INFO     Update id=875928010 is handled. Duration 15 ms by bot id=8976652462
2026.10.03 12:25:01 plugins.music_plugin INFO     Metadata (spotify): SYML - Wake
2026.10.03 12:25:01 core.youtube_handler INFO     Yükləmə cəhdi: cookies + mweb (PO token)
2026.10.03 12:25:01 aiogram.event        INFO     Update id=875928011 is handled. Duration 0 ms by bot id=8976652462
2026.10.03 12:25:02 plugins.music_plugin INFO     Metadata (spotify): SYML - The Morning After a Death
2026.10.03 12:25:02 core.youtube_handler INFO     Yükləmə cəhdi: cookies + mweb (PO token)
2026.10.03 12:25:03 core.youtube_handler INFO     Yükləmə cəhdi: cookies + mweb (PO token)
2026.10.03 12:25:04 aiogram.event        INFO     Update id=875928012 is handled. Duration 10 ms by bot id=8976652462
2026.10.03 12:25:04 plugins.music_plugin INFO     Metadata (spotify): SYML - Caving In
2026.10.03 12:25:04 plugins.music_plugin INFO     Metadata (spotify): SYML - Apollo
2026.10.03 12:25:05 core.youtube_handler INFO     Yükləmə cəhdi: cookies + mweb (PO token)
2026.10.03 12:25:05 aiogram.event        INFO     Update id=875928013 is handled. Duration 41 ms by bot id=8976652462
2026.10.03 12:25:05 core.youtube_handler INFO     Yükləmə cəhdi: cookies + mweb (PO token)
2026.10.03 12:25:05 plugins.music_plugin INFO     Metadata (spotify): SYML - Mr. Sandman (Recorded Live at St. Mark's Cathedral, Seattle)
2026.10.03 12:25:05 aiogram.event        INFO     Update id=875928014 is handled. Duration 0 ms by bot id=8976652462
2026.10.03 12:25:06 plugins.music_plugin INFO     Metadata (spotify): SYML - Fear of the Water (Paris Unplugged)
2026.10.03 12:25:06 core.youtube_handler INFO     Yükləmə cəhdi: cookies + mweb (PO token)
2026.10.03 12:25:06 aiogram.event        INFO     Update id=875928015 is handled. Duration 0 ms by bot id=8976652462
2026.10.03 12:25:07 aiogram.event        INFO     Update id=875928016 is handled. Duration 170 ms by bot id=8976652462
2026.10.03 12:25:07 plugins.music_plugin INFO     Metadata (spotify): SYML - Fever Dream
2026.10.03 12:25:07 core.youtube_handler INFO     Yükləmə cəhdi: cookies + mweb (PO token)
2026.10.03 12:25:08 plugins.music_plugin INFO     Metadata (spotify): SYML - Corduroy
2026.10.03 12:25:08 aiogram.event        INFO     Update id=875928017 is handled. Duration 96 ms by bot id=8976652462
2026.10.03 12:25:08 core.youtube_handler INFO     Yükləmə cəhdi: cookies + mweb (PO token)
2026.10.03 12:25:09 aiogram.event        INFO     Update id=875928018 is handled. Duration 30 ms by bot id=8976652462
2026.10.03 12:25:09 telethon.client.updates INFO     Got difference for channel 1270848742 updates
2026.10.03 12:25:09 core.youtube_handler INFO     Yükləmə cəhdi: cookies + mweb (PO token)
2026.10.03 12:25:10 plugins.music_plugin INFO     Metadata (spotify): SYML - Everything All At Once
2026.10.03 12:25:10 aiogram.event        INFO     Update id=875928019 is handled. Duration 56 ms by bot id=8976652462
2026.10.03 12:25:10 plugins.music_plugin INFO     Metadata (spotify): SYML - Feel Your Pain
2026.10.03 12:25:10 core.youtube_handler INFO     Yükləmə cəhdi: cookies + mweb (PO token)
2026.10.03 12:25:11 core.youtube_handler INFO     Yükləmə cəhdi: cookies + mweb (PO token)
2026.10.03 12:25:11 aiogram.event        INFO     Update id=875928020 is handled. Duration 0 ms by bot id=8976652462
2026.10.03 12:25:11 telethon.client.updates INFO     Got difference for channel 2233220502 updates
2026.10.03 12:25:11 plugins.music_plugin INFO     Metadata (spotify): SYML - Tragic Magic
2026.10.03 12:25:12 core.youtube_handler INFO     Yükləmə cəhdi: cookies + mweb (PO token)
2026.10.03 12:25:13 aiogram.event        INFO     Update id=875928021 is handled. Duration 2 ms by bot id=8976652462
2026.10.03 12:25:13 plugins.music_plugin INFO     Metadata (spotify): SYML - Oblivion
2026.10.03 12:25:13 aiogram.event        INFO     Update id=875928022 is handled. Duration 38 ms by bot id=8976652462
2026.10.03 12:25:13 core.youtube_handler INFO     Yükləmə cəhdi: cookies + mweb (PO token)
2026.10.03 12:25:14 plugins.music_plugin INFO     Metadata (spotify): SYML - Symmetry (Recorded Live at St. Mark's Cathedral, Seattle)
2026.10.03 12:25:14 aiogram.event        INFO     Update id=875928023 is handled. Duration 406 ms by bot id=8976652462
2026.10.03 12:25:14 plugins.music_plugin INFO     Metadata (spotify): SYML - Connor
2026.10.03 12:25:14 core.youtube_handler INFO     Yükləmə cəhdi: cookies + mweb (PO token)
2026.10.03 12:25:15 core.youtube_handler INFO     Yükləmə cəhdi: cookies + mweb (PO token)
2026.10.03 12:25:16 plugins.music_plugin INFO     Metadata (spotify): SYML - BLACK TEETH
2026.10.03 12:25:16 telethon.client.updates INFO     Got difference for channel 1270848742 updates
2026.10.03 12:25:16 core.youtube_handler INFO     Yükləmə cəhdi: cookies + mweb (PO token)
2026.10.03 12:25:16 aiogram.event        INFO     Update id=875928024 is handled. Duration 0 ms by bot id=8976652462
2026.10.03 12:25:16 aiogram.event        INFO     Update id=875928025 is handled. Duration 0 ms by bot id=8976652462
2026.10.03 12:25:17 plugins.music_plugin INFO     Metadata (spotify): SYML - Break Free
2026.10.03 12:25:17 plugins.music_plugin INFO     Metadata (spotify): SYML - Fear of the Water (Piano Solo)
2026.10.03 12:25:17 core.youtube_handler INFO     Yükləmə cəhdi: cookies + mweb (PO token)
2026.10.03 12:25:17 aiogram.event        INFO     Update id=875928026 is handled. Duration 0 ms by bot id=8976652462
2026.10.03 12:25:18 core.youtube_handler INFO     Yükləmə cəhdi: cookies + mweb (PO token)
2026.10.03 12:25:19 plugins.music_plugin INFO     Metadata (spotify): SYML - Baby Don't Lie
2026.10.03 12:25:19 plugins.music_plugin INFO     Metadata (spotify): SYML - Breathtaker (Piano Solo)
2026.10.03 12:25:19 core.youtube_handler INFO     Yükləmə cəhdi: cookies + mweb (PO token)
2026.10.03 12:25:20 aiogram.event        INFO     Update id=875928027 is handled. Duration 0 ms by bot id=8976652462
2026.10.03 12:25:20 aiogram.event        INFO     Update id=875928028 is handled. Duration 0 ms by bot id=8976652462
2026.10.03 12:25:20 core.youtube_handler INFO     Yükləmə cəhdi: cookies + mweb (PO token)
2026.10.03 12:25:21 aiogram.event        INFO     Update id=875928029 is handled. Duration 0 ms by bot id=8976652462
2026.10.03 12:25:21 aiogram.event        INFO     Update id=875928030 is handled. Duration 15 ms by bot id=8976652462
2026.10.03 12:25:21 core.youtube_handler INFO     Yükləmə cəhdi: cookies + mweb (PO token)
2026.10.03 12:25:21 plugins.music_plugin INFO     Metadata (spotify): SYML, Elsa y Elmar - My Best Self
2026.10.03 12:25:22 plugins.music_plugin INFO     Metadata (spotify): SYML - Mr. Sandman (Piano and Violin Version)
2026.10.03 12:25:22 aiogram.event        INFO     Update id=875928031 is handled. Duration 15 ms by bot id=8976652462
2026.10.03 12:25:22 core.youtube_handler INFO     Yükləmə cəhdi: cookies + mweb (PO token)
2026.10.03 12:25:22 plugins.music_plugin INFO     Metadata (spotify): SYML - Where's My Love (The Field Tapes & Ezzy Remix)
2026.10.03 12:25:23 core.youtube_handler INFO     Yükləmə cəhdi: cookies + mweb (PO token)
2026.10.03 12:25:23 plugins.music_plugin INFO     Metadata (spotify): SYML - Oblivion (Live at Hangar 30)
2026.10.03 12:25:24 aiogram.event        INFO     Update id=875928032 is handled. Duration 26 ms by bot id=8976652462
2026.10.03 12:25:24 core.youtube_handler INFO     Yükləmə cəhdi: cookies + mweb (PO token)
2026.10.03 12:25:24 plugins.music_plugin INFO     Metadata (spotify): SYML - God Only Knows
2026.10.03 12:25:25 aiogram.event        INFO     Update id=875928033 is handled. Duration 26 ms by bot id=8976652462
2026.10.03 12:25:25 aiogram.event        INFO     Update id=875928034 is handled. Duration 10 ms by bot id=8976652462
2026.10.03 12:25:25 aiogram.event        INFO     Update id=875928035 is handled. Duration 20 ms by bot id=8976652462
2026.10.03 12:25:25 core.youtube_handler INFO     Yükləmə cəhdi: cookies + mweb (PO token)
2026.10.03 12:25:26 plugins.music_plugin INFO     Metadata (spotify): SYML - I Wanted to Leave (Recorded Live at St. Mark's Cathedral, Seattle)
2026.10.03 12:25:26 plugins.music_plugin INFO     Metadata (spotify): SYML - TRUE
2026.10.03 12:25:26 core.youtube_handler INFO     Yükləmə cəhdi: cookies + mweb (PO token)
2026.10.03 12:25:27 aiogram.event        INFO     Update id=875928036 is handled. Duration 336 ms by bot id=8976652462
2026.10.03 12:25:27 aiogram.event        INFO     Update id=875928037 is handled. Duration 10 ms by bot id=8976652462
2026.10.03 12:25:27 core.youtube_handler INFO     Yükləmə cəhdi: cookies + mweb (PO token)
2026.10.03 12:25:28 plugins.music_plugin INFO     Metadata (spotify): SYML - Laughing at the Storm
2026.10.03 12:25:28 plugins.music_plugin INFO     Metadata (spotify): SYML - The Day My Father Died
2026.10.03 12:25:28 core.youtube_handler INFO     Yükləmə cəhdi: cookies + mweb (PO token)
2026.10.03 12:25:28 telethon.client.updates INFO     Got difference for channel 3581682499 updates
2026.10.03 12:25:29 aiogram.event        INFO     Update id=875928039 is handled. Duration 8 ms by bot id=8976652462
2026.10.03 12:25:29 aiogram.event        INFO     Update id=875928040 is handled. Duration 15 ms by bot id=8976652462
2026.10.03 12:25:29 aiogram.event        INFO     Update id=875928038 is handled. Duration 472 ms by bot id=8976652462
2026.10.03 12:25:29 core.youtube_handler INFO     Yükləmə cəhdi: cookies + mweb (PO token)
2026.10.03 12:25:30 aiogram.event        INFO     Update id=875928041 is handled. Duration 31 ms by bot id=8976652462
2026.10.03 12:25:30 plugins.music_plugin INFO     Metadata (spotify): SYML - Mr. Sandman (Paris Unplugged)
2026.10.03 12:25:30 core.youtube_handler INFO     Yükləmə cəhdi: cookies + mweb (PO token)
2026.10.03 12:25:31 aiogram.event        INFO     Update id=875928042 is handled. Duration 20 ms by bot id=8976652462
2026.10.03 12:25:31 core.youtube_handler INFO     Yükləmə cəhdi: cookies + mweb (PO token)
2026.10.03 12:25:31 plugins.music_plugin INFO     Metadata (spotify): SYML - The White Light of the Morning (Paris Unplugged)
2026.10.03 12:25:32 core.youtube_handler INFO     Yükləmə cəhdi: cookies + mweb (PO token)
2026.10.03 12:25:32 plugins.music_plugin INFO     Metadata (spotify): SYML - The Walker (Edit)
2026.10.03 12:25:32 plugins.music_plugin INFO     Metadata (spotify): SYML - I Wanted to Leave (Paris Unplugged)
2026.10.03 12:25:32 telethon.client.updates INFO     Got difference for channel 1270848742 updates
2026.10.03 12:25:33 plugins.music_plugin INFO     Metadata (spotify): SYML - Rising Upside Down
2026.10.03 12:25:33 aiogram.event        INFO     Update id=875928043 is handled. Duration 31 ms by bot id=8976652462
2026.10.03 12:25:33 core.youtube_handler INFO     Yükləmə cəhdi: cookies + mweb (PO token)
2026.10.03 12:25:34 aiogram.event        INFO     Update id=875928044 is handled. Duration 16 ms by bot id=8976652462
2026.10.03 12:25:34 core.youtube_handler INFO     Yükləmə cəhdi: cookies + mweb (PO token)
2026.10.03 12:25:34 aiogram.event        INFO     Update id=875928045 is handled. Duration 0 ms by bot id=8976652462
2026.10.03 12:25:34 aiogram.event        INFO     Update id=875928046 is handled. Duration 0 ms by bot id=8976652462
2026.10.03 12:25:35 plugins.music_plugin INFO     Metadata (spotify): SYML - Nobody Lives Here
2026.10.03 12:25:35 aiogram.event        INFO     Update id=875928047 is handled. Duration 269 ms by bot id=8976652462
2026.10.03 12:25:35 core.youtube_handler INFO     Yükləmə cəhdi: cookies + mweb (PO token)
2026.10.03 12:25:36 core.youtube_handler INFO     Yükləmə cəhdi: cookies + mweb (PO token)
2026.10.03 12:25:36 plugins.music_plugin INFO     Metadata (spotify): SYML - Chariot
2026.10.03 12:25:37 core.youtube_handler INFO     Yükləmə cəhdi: cookies + mweb (PO token)
2026.10.03 12:25:37 plugins.music_plugin INFO     Metadata (spotify): George FitzGerald, SYML - Mother
2026.10.03 12:25:37 aiogram.event        INFO     Update id=875928048 is handled. Duration 0 ms by bot id=8976652462
2026.10.03 12:25:37 plugins.music_plugin INFO     Metadata (spotify): SYML - Where We Landed
2026.10.03 12:25:38 core.youtube_handler INFO     Yükləmə cəhdi: cookies + mweb (PO token)
2026.10.03 12:25:39 aiogram.event        INFO     Update id=875928049 is handled. Duration 0 ms by bot id=8976652462
2026.10.03 12:25:39 aiogram.event        INFO     Update id=875928050 is handled. Duration 6 ms by bot id=8976652462
2026.10.03 12:25:39 core.youtube_handler INFO     Yükləmə cəhdi: cookies + mweb (PO token)
2026.10.03 12:25:39 plugins.music_plugin INFO     Metadata (spotify): SYML - Girl (Piano Solo)
2026.10.03 12:25:40 plugins.music_plugin INFO     Metadata (spotify): SYML - Next to You
2026.10.03 12:25:40 core.youtube_handler INFO     Yükləmə cəhdi: cookies + mweb (PO token)
2026.10.03 12:25:40 aiogram.event        INFO     Update id=875928051 is handled. Duration 1 ms by bot id=8976652462
2026.10.03 12:25:41 plugins.music_plugin INFO     Metadata (spotify): SYML - Flags
2026.10.03 12:25:41 core.youtube_handler INFO     Yükləmə cəhdi: cookies + mweb (PO token)
2026.10.03 12:25:41 plugins.music_plugin INFO     Metadata (spotify): SYML - God I Hope This Year Is Better Than the Last
2026.10.03 12:25:42 aiogram.event        INFO     Update id=875928052 is handled. Duration 0 ms by bot id=8976652462
2026.10.03 12:25:42 plugins.music_plugin INFO     Metadata (spotify): SYML - Pure
2026.10.03 12:25:42 aiogram.event        INFO     Update id=875928053 is handled. Duration 41 ms by bot id=8976652462
2026.10.03 12:25:42 core.youtube_handler INFO     Yükləmə cəhdi: cookies + mweb (PO token)
2026.10.03 12:25:43 core.youtube_handler INFO     Yükləmə cəhdi: cookies + mweb (PO token)
2026.10.03 12:25:44 aiogram.event        INFO     Update id=875928054 is handled. Duration 10 ms by bot id=8976652462
2026.10.03 12:25:44 plugins.music_plugin INFO     Metadata (spotify): SYML - Heartbreakdown
2026.10.03 12:25:44 core.youtube_handler INFO     Yükləmə cəhdi: cookies + mweb (PO token)
2026.10.03 12:25:44 aiogram.event        INFO     Update id=875928055 is handled. Duration 1 ms by bot id=8976652462
2026.10.03 12:25:45 plugins.music_plugin INFO     Metadata (spotify): SYML - Animal
2026.10.03 12:25:45 aiogram.event        INFO     Update id=875928056 is handled. Duration 46 ms by bot id=8976652462
2026.10.03 12:25:45 core.youtube_handler INFO     Yükləmə cəhdi: cookies + mweb (PO token)
2026.10.03 12:25:46 plugins.music_plugin INFO     Metadata (spotify): SYML - Heavy Hearts (The Vashon Sessions)
2026.10.03 12:25:46 core.youtube_handler INFO     Yükləmə cəhdi: cookies + mweb (PO token)
2026.10.03 12:25:47 aiogram.event        INFO     Update id=875928057 is handled. Duration 3 ms by bot id=8976652462
2026.10.03 12:25:47 plugins.music_plugin INFO     Metadata (spotify): SYML - Sweet Home (Nostalgia Version)
2026.10.03 12:25:47 plugins.music_plugin INFO     Metadata (spotify): SYML - ancient call (feat. Slumberville)
2026.10.03 12:25:47 core.youtube_handler INFO     Yükləmə cəhdi: cookies + mweb (PO token)
2026.10.03 12:25:48 aiogram.event        INFO     Update id=875928058 is handled. Duration 82 ms by bot id=8976652462
2026.10.03 12:25:48 plugins.music_plugin INFO     Metadata (spotify): SYML - Meant to Stay Hid (Paris Unplugged)
2026.10.03 12:25:48 core.youtube_handler INFO     Yükləmə cəhdi: cookies + mweb (PO token)
2026.10.03 12:25:49 aiogram.event        INFO     Update id=875928059 is handled. Duration 20 ms by bot id=8976652462
2026.10.03 12:25:49 plugins.music_plugin INFO     Metadata (spotify): SYML - Better (Mahogany Sessions)
2026.10.03 12:25:49 telethon.client.updates INFO     Got difference for channel 1270848742 updates
2026.10.03 12:25:49 core.youtube_handler INFO     Yükləmə cəhdi: cookies + mweb (PO token)
2026.10.03 12:25:50 aiogram.event        INFO     Update id=875928060 is handled. Duration 83 ms by bot id=8976652462
2026.10.03 12:25:50 core.youtube_handler INFO     Yükləmə cəhdi: cookies + mweb (PO token)
2026.10.03 12:25:50 aiogram.event        INFO     Update id=875928061 is handled. Duration 0 ms by bot id=8976652462
2026.10.03 12:25:50 plugins.music_plugin INFO     Metadata (spotify): SYML - Clean Eyes (The Midnight Remix Instrumental)
2026.10.03 12:25:51 plugins.music_plugin INFO     Metadata (spotify): SYML - Clean Eyes (Paris Unplugged)
2026.10.03 12:25:51 core.youtube_handler INFO     Yükləmə cəhdi: cookies + mweb (PO token)
2026.10.03 12:25:51 aiogram.event        INFO     Update id=875928062 is handled. Duration 0 ms by bot id=8976652462
2026.10.03 12:25:52 plugins.music_plugin INFO     Metadata (spotify): SYML - Careful (The Vashon Sessions)
2026.10.03 12:25:52 aiogram.event        INFO     Update id=875928063 is handled. Duration 33 ms by bot id=8976652462
2026.10.03 12:25:52 core.youtube_handler INFO     Yükləmə cəhdi: cookies + mweb (PO token)
2026.10.03 12:25:53 aiogram.event        INFO     Update id=875928064 is handled. Duration 358 ms by bot id=8976652462
2026.10.03 12:25:53 core.youtube_handler INFO     Yükləmə cəhdi: cookies + mweb (PO token)
2026.10.03 12:25:53 plugins.music_plugin INFO     Metadata (spotify): SYML - Careful (Paris Unplugged)
2026.10.03 12:25:54 plugins.music_plugin INFO     Metadata (spotify): SYML - Take Me Apart (Recorded Live at St. Mark's Cathedral, Seattle)
2026.10.03 12:25:54 core.youtube_handler INFO     Yükləmə cəhdi: cookies + mweb (PO token)
2026.10.03 12:25:54 aiogram.event        INFO     Update id=875928065 is handled. Duration 50 ms by bot id=8976652462
2026.10.03 12:25:55 aiogram.event        INFO     Update id=875928066 is handled. Duration 26 ms by bot id=8976652462
2026.10.03 12:25:55 core.youtube_handler INFO     Yükləmə cəhdi: cookies + mweb (PO token)
2026.10.03 12:25:56 core.youtube_handler INFO     Yükləmə cəhdi: cookies + mweb (PO token)
2026.10.03 12:25:56 aiogram.event        INFO     Update id=875928067 is handled. Duration 0 ms by bot id=8976652462
2026.10.03 12:25:57 plugins.music_plugin INFO     Metadata (spotify): SYML - Where's My Love (Recorded Live at St. Mark's Cathedral, Seattle)
2026.10.03 12:25:57 core.youtube_handler INFO     Yükləmə cəhdi: cookies + mweb (PO token)
2026.10.03 12:25:57 aiogram.event        INFO     Update id=875928068 is handled. Duration 0 ms by bot id=8976652462
2026.10.03 12:25:58 plugins.music_plugin INFO     Metadata (spotify): SYML - STAY CLOSE (sparse)
2026.10.03 12:25:58 core.youtube_handler INFO     Yükləmə cəhdi: cookies + mweb (PO token)
2026.10.03 12:25:58 plugins.music_plugin INFO     Metadata (spotify): SYML - Nobody Lives Here (The Vashon Sessions)
2026.10.03 12:25:58 plugins.music_plugin INFO     Metadata (spotify): SYML - Bright as Ever
2026.10.03 12:25:59 core.youtube_handler INFO     Yükləmə cəhdi: cookies + mweb (PO token)
2026.10.03 12:26:00 core.youtube_handler INFO     Yükləmə cəhdi: cookies + mweb (PO token)
2026.10.03 12:26:00 aiogram.event        INFO     Update id=875928069 is handled. Duration 0 ms by bot id=8976652462
2026.10.03 12:26:00 plugins.music_plugin INFO     Metadata (spotify): SYML - Dim (Recorded Live at St. Mark's Cathedral, Seattle)
2026.10.03 12:26:00 aiogram.event        INFO     Update id=875928070 is handled. Duration 0 ms by bot id=8976652462
2026.10.03 12:26:01 aiogram.event        INFO     Update id=875928071 is handled. Duration 41 ms by bot id=8976652462
2026.10.03 12:26:01 aiogram.event        INFO     Update id=875928072 is handled. Duration 10 ms by bot id=8976652462
2026.10.03 12:26:01 core.youtube_handler INFO     Yükləmə cəhdi: cookies + mweb (PO token)
2026.10.03 12:26:02 plugins.music_plugin INFO     Metadata (spotify): SYML - Lost Myself (Paris Unplugged)
2026.10.03 12:26:02 aiogram.event        INFO     Update id=875928073 is handled. Duration 56 ms by bot id=8976652462
2026.10.03 12:26:02 plugins.music_plugin INFO     Metadata (spotify): SYML - Nocturne pour Les Enfants
2026.10.03 12:26:02 core.youtube_handler INFO     Yükləmə cəhdi: cookies + mweb (PO token)
2026.10.03 12:26:04 core.audio_cache     INFO     📦 Dublikat qarşısı: oEYp0roSQe0 → depodakı 'SYML - Fever Dream'
2026.10.03 12:26:04 plugins.music_plugin INFO     Metadata (spotify): SYML - Everything All At Once (Live from Nest Recorders)
2026.10.03 12:26:04 plugins.music_plugin INFO     Metadata (spotify): SYML - Meant to Stay Hid (Recorded Live at St. Mark's Cathedral, Seattle)
2026.10.03 12:26:04 core.audio_cache     INFO     📦 Dublikat qarşısı: zzLZ-eu0Ejw → depodakı 'SYML - The Morning After a Death'
2026.10.03 12:26:05 aiogram.event        INFO     Update id=875928074 is handled. Duration 0 ms by bot id=8976652462
2026.10.03 12:26:05 plugins.music_plugin INFO     Metadata (spotify): Aquilo, SYML - The Road Less Wandered (SYML Rework)
2026.10.03 12:26:06 core.audio_cache     INFO     📦 Dublikat qarşısı: TcayiOTAZFI → depodakı 'SYML, Gibran Alcocer - Your Breathing Sounds Like a Wave'
2026.10.03 12:26:06 plugins.music_plugin INFO     Metadata (spotify): SYML - Wildfire (Piano Solo)
2026.10.03 12:26:06 aiogram.event        INFO     Update id=875928075 is handled. Duration 1 ms by bot id=8976652462
2026.10.03 12:26:06 core.audio_cache     INFO     📦 Dublikat qarşısı: jSM4xeWO-lw → depodakı 'SYML - Blanc'
2026.10.03 12:26:06 plugins.depo_filler_plugin INFO     🎵 YTM Sara Watkins: 162 mahnı (+160 növbəyə, 0 artıq depoda), +21 yeni ifaçı
2026.10.03 12:26:07 plugins.music_plugin INFO     Metadata (spotify): SYML - Ghosts
2026.10.03 12:26:07 aiogram.event        INFO     Update id=875928076 is handled. Duration 373 ms by bot id=8976652462
2026.10.03 12:26:07 plugins.music_plugin INFO     Metadata (spotify): SYML - Wake (Paris Unplugged)
2026.10.03 12:26:08 core.audio_cache     INFO     📦 Dublikat qarşısı: p8uH_teVayw → depodakı 'SYML - She Waits'
2026.10.03 12:26:08 aiogram.event        INFO     Update id=875928077 is handled. Duration 1 ms by bot id=8976652462
2026.10.03 12:26:08 core.audio_cache     INFO     📦 Dublikat qarşısı: dbdpMRQ1r6o → depodakı 'SYML, Evgeny Grinko - Listless'
2026.10.03 12:26:08 aiogram.event        INFO     Update id=875928078 is handled. Duration 66 ms by bot id=8976652462
2026.10.03 12:26:08 plugins.music_plugin INFO     Metadata (spotify): SYML - STAY CLOSE (Paris Unplugged)
2026.10.03 12:26:08 telethon.client.updates INFO     Got difference for channel 1270848742 updates
2026.10.03 12:26:08 core.youtube_handler INFO     Yükləmə cəhdi: cookies + mweb (PO token)
2026.10.03 12:26:09 aiogram.event        INFO     Update id=875928079 is handled. Duration 44 ms by bot id=8976652462
2026.10.03 12:26:10 core.audio_cache     INFO     📦 Dublikat qarşısı: R7HDRBiClvk → depodakı 'SYML - Carry No Thing'
2026.10.03 12:26:10 aiogram.event        INFO     Update id=875928080 is handled. Duration 61 ms by bot id=8976652462
2026.10.03 12:26:10 aiogram.event        INFO     Update id=875928081 is handled. Duration 13 ms by bot id=8976652462
2026.10.03 12:26:10 core.audio_cache     INFO     📦 Dublikat qarşısı: zKdLBOWcG8c → depodakı 'SYML - Careful'
2026.10.03 12:26:10 core.audio_cache     INFO     📦 Dublikat qarşısı: pHlav0vPNIM → depodakı 'SYML - The White Light of the Morning'
2026.10.03 12:26:11 core.audio_cache     INFO     📦 Dublikat qarşısı: wy9g4JF585c → depodakı 'SYML - Please Slow Down'
2026.10.03 12:26:11 aiogram.event        INFO     Update id=875928082 is handled. Duration 0 ms by bot id=8976652462
2026.10.03 12:26:11 core.audio_cache     INFO     📦 Dublikat qarşısı: aIz13D_KaTk → depodakı 'SYML - Wake'
2026.10.03 12:26:11 core.audio_cache     INFO     📦 Dublikat qarşısı: w4-K333awNs → depodakı 'SYML - Heavy Hearts'
2026.10.03 12:26:11 plugins.music_plugin INFO     Metadata (spotify): SYML - Believer (Piano Version)
2026.10.03 12:26:11 plugins.music_plugin INFO     Metadata (spotify): SYML - Body (Paris Unplugged)
2026.10.03 12:26:12 plugins.music_plugin INFO     Metadata (spotify): SYML - Tragic Magic (Dream Version)
2026.10.03 12:26:12 core.audio_cache     INFO     📦 Dublikat qarşısı: HLHKCLOrb4M → depodakı 'SYML - How It Was It Will Never Be Again'
2026.10.03 12:26:12 core.audio_cache     INFO     📦 Dublikat qarşısı: FgEZvA1oRP4 → depodakı 'SYML - Something Beautiful and Bright'
2026.10.03 12:26:13 plugins.music_plugin INFO     Metadata (spotify): SYML - Fear of the Water (Instrumental)
2026.10.03 12:26:13 core.audio_cache     INFO     📦 Dublikat qarşısı: nQOelHj88aA → depodakı 'SYML - Heartbreakdown'
2026.10.03 12:26:14 plugins.music_plugin INFO     Metadata (spotify): SYML - Ballad of Infinity
2026.10.03 12:26:14 aiogram.event        INFO     Update id=875928083 is handled. Duration 1 ms by bot id=8976652462
2026.10.03 12:26:14 aiogram.event        INFO     Update id=875928084 is handled. Duration 41 ms by bot id=8976652462
2026.10.03 12:26:15 aiogram.event        INFO     Update id=875928085 is handled. Duration 2 ms by bot id=8976652462
2026.10.03 12:26:15 core.audio_cache     INFO     📦 Dublikat qarşısı: Ha7SeBiF1CA → depodakı 'SYML - Nobody Lives Here'
2026.10.03 12:26:15 plugins.music_plugin INFO     Metadata (spotify): SYML - How I Got Home (Live at Hangar 30)
2026.10.03 12:26:15 core.audio_cache     INFO     📦 Dublikat qarşısı: 5tVDDxcmxak → depodakı 'SYML - Believer'
2026.10.03 12:26:16 aiogram.event        INFO     Update id=875928086 is handled. Duration 1 ms by bot id=8976652462
2026.10.03 12:26:16 aiogram.event        INFO     Update id=875928087 is handled. Duration 40 ms by bot id=8976652462
2026.10.03 12:26:18 core.audio_cache     INFO     📦 Dublikat qarşısı: uddh9Gswark → depodakı 'SYML, Lucius - Howling'
2026.10.03 12:26:18 aiogram.event        INFO     Update id=875928088 is handled. Duration 47 ms by bot id=8976652462
2026.10.03 12:26:18 core.audio_cache     INFO     📦 Dublikat qarşısı: RJepH31Y1t0 → depodakı 'SYML - Tragic Magic'
2026.10.03 12:26:19 core.audio_cache     INFO     📦 Dublikat qarşısı: NQuv0_edi2A → depodakı 'SYML - Feel Your Pain'
2026.10.03 12:26:19 core.audio_cache     INFO     📦 Dublikat qarşısı: vSvw2-8cn98 → depodakı 'SYML - Sweet Home'
2026.10.03 12:26:19 core.audio_cache     INFO     📦 Dublikat qarşısı: -6vz_pQrCJ8 → depodakı 'SYML - Laughing at the Storm'
2026.10.03 12:26:19 core.audio_cache     INFO     📦 Dublikat qarşısı: 9106N-EhQH0 → depodakı 'SYML - Lost Myself'
2026.10.03 12:26:19 core.audio_cache     INFO     📦 Dublikat qarşısı: -XRO8KSS8ik → depodakı 'SYML - Chariot'
2026.10.03 12:26:19 core.audio_cache     INFO     📦 Dublikat qarşısı: d3hfMXe784s → depodakı 'SYML - The Day My Father Died'
2026.10.03 12:26:19 plugins.music_plugin INFO     Metadata (spotify): SYML - A100
2026.10.03 12:26:21 aiogram.event        INFO     Update id=875928089 is handled. Duration 0 ms by bot id=8976652462
2026.10.03 12:26:23 core.audio_cache     INFO     📦 Dublikat qarşısı: nZ3aT6aZpoI → depodakı 'SYML - Nocturne pour Les Enfants'
2026.10.03 12:26:24 core.audio_cache     INFO     📦 Dublikat qarşısı: _nsNMLPUA08 → depodakı 'SYML - Marion'
2026.10.03 12:26:24 core.audio_cache     INFO     📦 Dublikat qarşısı: lpDmwJgwt80 → depodakı 'SYML, Sara Watkins - Better Part of Me'
2026.10.03 12:26:24 core.audio_cache     INFO     📦 Dublikat qarşısı: DDttK6KbwmU → depodakı 'SYML, Charlotte Lawrence - You and I'
2026.10.03 12:26:24 core.audio_cache     INFO     📦 Dublikat qarşısı: lvg817Y-Nl0 → depodakı 'SYML - Baby Don't Lie'
2026.10.03 12:26:24 core.audio_cache     INFO     📦 Dublikat qarşısı: goX3SZQT7MM → depodakı 'SYML - Caving In'
2026.10.03 12:26:24 core.audio_cache     INFO     📦 Dublikat qarşısı: urxp6LLiNj4 → depodakı 'SYML - Corduroy'
2026.10.03 12:26:26 core.youtube_handler INFO     Yükləmə cəhdi: cookies + mweb (PO token)
2026.10.03 12:26:28 core.youtube_handler INFO     Yükləmə cəhdi: cookies + mweb (PO token)
2026.10.03 12:26:30 core.youtube_handler INFO     Yükləmə cəhdi: cookies + mweb (PO token)
2026.10.03 12:26:32 core.audio_cache     INFO     📦 Dublikat qarşısı: jufDF-ZOd8s → depodakı 'SYML - Dim (Recorded Live at St. Mark's Cathedral, Seattle)'
2026.10.03 12:26:32 core.audio_cache     INFO     📦 Dublikat qarşısı: 3vxy95wzFY8 → depodakı 'SYML - I Wanted to Leave (Recorded Live at St. Mark's Cathedral, Seattle)'
2026.10.03 12:26:33 core.youtube_handler INFO     Yükləmə cəhdi: cookies + mweb (PO token)
2026.10.03 12:26:33 core.audio_cache     INFO     📦 Dublikat qarşısı: CUvOKGgHipU → depodakı 'SYML - Mr. Sandman (Recorded Live at St. Mark's Cathedral, Seattle)'
2026.10.03 12:26:33 core.audio_cache     INFO     📦 Dublikat qarşısı: xMiogVmtS78 → depodakı 'SYML - Meant to Stay Hid (Recorded Live at St. Mark's Cathedral, Seattle)'
2026.10.03 12:26:33 core.audio_cache     INFO     📦 Dublikat qarşısı: nXv84i3MQLI → depodakı 'SYML - Take Me Apart (Recorded Live at St. Mark's Cathedral, Seattle)'
2026.10.03 12:26:33 core.audio_cache     INFO     📦 Dublikat qarşısı: DC8Z-AKttno → depodakı 'SYML - Symmetry (Recorded Live at St. Mark's Cathedral, Seattle)'
2026.10.03 12:26:33 core.audio_cache     INFO     📦 Dublikat qarşısı: JQSUDAL0iYE → depodakı 'SYML - The War (Recorded Live at St. Mark's Cathedral, Seattle)'
2026.10.03 12:26:33 core.audio_cache     INFO     📦 Dublikat qarşısı: -9dIA_5EqcQ → depodakı 'SYML - Fear of the Water (Recorded Live at St. Mark's Cathedral, Seattle)'
2026.10.03 12:26:34 core.youtube_handler INFO     Yükləmə cəhdi: cookies + mweb (PO token)
2026.10.03 12:26:37 telethon.client.updates INFO     Got difference for channel 2233220502 updates
2026.10.03 12:26:38 core.youtube_handler INFO     Yükləmə cəhdi: cookies + mweb (PO token)
2026.10.03 12:26:39 plugins.music_plugin INFO     Metadata (spotify): SYML - Stay Close (Recorded Live at St. Mark's Cathedral, Seattle)
2026.10.03 12:26:41 plugins.music_plugin INFO     Metadata (spotify): SYML - The Dark (Recorded Live at St. Mark's Cathedral, Seattle)
2026.10.03 12:26:41 core.audio_cache     INFO     📦 Dublikat qarşısı: RoSAV9fUFJg → depodakı 'SYML - Where's My Love (Recorded Live at St. Mark's Cathedral, Seattle)'
2026.10.03 12:26:41 core.audio_cache     INFO     📦 Dublikat qarşısı: Zi2rlZGEQ6k → depodakı 'SYML - Clean Eyes'
2026.10.03 12:26:41 core.audio_cache     INFO     📦 Dublikat qarşısı: 9ihU5SKEiP4 → depodakı 'SYML - Wildfire'
2026.10.03 12:26:42 telethon.client.updates INFO     Got difference for channel 1450190758 updates
2026.10.03 12:26:42 core.audio_cache     INFO     📦 Dublikat qarşısı: iDECP6db398 → depodakı 'SYML - Break Free'
2026.10.03 12:26:42 core.audio_cache     INFO     📦 Dublikat qarşısı: goWa6EzkCh4 → depodakı 'SYML - Where's My Love'
2026.10.03 12:26:42 core.audio_cache     INFO     📦 Dublikat qarşısı: Rz9ydImMz_c → depodakı 'SYML - The Bird'
2026.10.03 12:26:42 aiogram.event        INFO     Update id=875928090 is handled. Duration 1 ms by bot id=8976652462
2026.10.03 12:26:42 core.audio_cache     INFO     📦 Dublikat qarşısı: xhg3eYdEYNo → depodakı 'SYML - Girl'
2026.10.03 12:26:42 core.audio_cache     INFO     📦 Dublikat qarşısı: vRXiOvCqdr8 → depodakı 'SYML - Connor'
2026.10.03 12:26:42 core.audio_cache     INFO     📦 Dublikat qarşısı: U_-iJOKU8jQ → depodakı 'SYML - Everything All At Once'
2026.10.03 12:26:42 core.audio_cache     INFO     📦 Dublikat qarşısı: bIqbn-dV8iM → depodakı 'SYML - WDWGILY'
2026.10.03 12:26:42 plugins.music_plugin INFO     Metadata (spotify): SYML - Girl (Recorded Live at St. Mark's Cathedral, Seattle)
2026.10.03 12:26:43 core.youtube_handler INFO     Yükləmə cəhdi: cookies + mweb (PO token)
2026.10.03 12:26:43 aiogram.event        INFO     Update id=875928091 is handled. Duration 0 ms by bot id=8976652462
2026.10.03 12:26:44 telethon.client.updates INFO     Got difference for channel 1327565517 updates
2026.10.03 12:26:45 plugins.music_plugin INFO     Metadata (spotify): SYML - The Bird (Recorded Live at St. Mark's Cathedral, Seattle)
2026.10.03 12:26:45 aiogram.event        INFO     Update id=875928092 is handled. Duration 0 ms by bot id=8976652462
2026.10.03 12:26:46 core.youtube_handler INFO     Yükləmə cəhdi: cookies + mweb (PO token)
2026.10.03 12:26:46 plugins.music_plugin INFO     Metadata (spotify): SYML - Everything All At Once (Recorded Live at St. Mark's Cathedral, Seattle)
2026.10.03 12:26:48 core.youtube_handler INFO     Yükləmə cəhdi: cookies + mweb (PO token)
2026.10.03 12:26:48 aiogram.event        INFO     Update id=875928093 is handled. Duration 0 ms by bot id=8976652462
2026.10.03 12:26:49 plugins.music_plugin INFO     Metadata (spotify): SYML - Bed
2026.10.03 12:26:50 aiogram.event        INFO     Update id=875928094 is handled. Duration 97 ms by bot id=8976652462
2026.10.03 12:26:51 plugins.music_plugin INFO     Metadata (spotify): SYML - Welcome (Paris Unplugged)
2026.10.03 12:26:51 core.youtube_handler INFO     Yükləmə cəhdi: cookies + mweb (PO token)
2026.10.03 12:26:52 aiogram.event        INFO     Update id=875928095 is handled. Duration 72 ms by bot id=8976652462
2026.10.03 12:26:52 core.youtube_handler INFO     Yükləmə cəhdi: cookies + mweb (PO token)
2026.10.03 12:26:52 aiogram.event        INFO     Update id=875928096 is handled. Duration 0 ms by bot id=8976652462
2026.10.03 12:26:53 core.audio_cache     INFO     📦 Dublikat qarşısı: R-fSkXkOpCI → depodakı 'SYML - Before You Knew It Was Me'
2026.10.03 12:26:53 core.audio_cache     INFO     📦 Dublikat qarşısı: t_Dke0TyaU8 → depodakı 'SYML - Careful (Paris Unplugged)'
2026.10.03 12:26:53 core.audio_cache     INFO     📦 Dublikat qarşısı: oJk3YepkjAQ → depodakı 'SYML - Clean Eyes (Paris Unplugged)'
2026.10.03 12:26:53 core.youtube_handler INFO     Yükləmə cəhdi: cookies + mweb (PO token)
2026.10.03 12:26:53 core.audio_cache     INFO     📦 Dublikat qarşısı: 9O-L1JOWn60 → depodakı 'SYML - The White Light of the Morning (Paris Unplugged)'
2026.10.03 12:26:53 core.audio_cache     INFO     📦 Dublikat qarşısı: P8RtwuwS0mM → depodakı 'SYML - When the Party's Over (Paris Unplugged)'
2026.10.03 12:26:53 core.audio_cache     INFO     📦 Dublikat qarşısı: ai2yzsWitkE → depodakı 'SYML - Fear of the Water (Paris Unplugged)'
2026.10.03 12:26:54 core.audio_cache     INFO     📦 Dublikat qarşısı: qZpyOYJ8WbE → depodakı 'SYML - Where's My Love (Paris Unplugged)'
2026.10.03 12:26:54 core.audio_cache     INFO     📦 Dublikat qarşısı: 0ijch16QqVo → depodakı 'SYML - Body (Paris Unplugged)'
2026.10.03 12:26:54 core.audio_cache     INFO     📦 Dublikat qarşısı: kvFojGfU5FA → depodakı 'SYML - Wake (Paris Unplugged)'
2026.10.03 12:26:54 core.audio_cache     INFO     📦 Dublikat qarşısı: e3S1mevaPuc → depodakı 'SYML - Meant to Stay Hid (Paris Unplugged)'
2026.10.03 12:26:55 core.youtube_handler INFO     Yükləmə cəhdi: cookies + mweb (PO token)
2026.10.03 12:26:55 core.youtube_handler INFO     Yükləmə cəhdi: cookies + mweb (PO token)
2026.10.03 12:26:57 core.youtube_handler INFO     Yükləmə cəhdi: cookies + mweb (PO token)
2026.10.03 12:26:58 plugins.music_plugin INFO     Metadata (spotify): SYML - Please Slow Down (Paris Unplugged)
2026.10.03 12:27:01 plugins.music_plugin INFO     Metadata (spotify): SYML - In Between Breaths (Paris Unplugged)
2026.10.03 12:27:01 core.audio_cache     INFO     📦 Dublikat qarşısı: 23B3TyCQbro → depodakı 'SYML - I Was Stone (Live at Hangar 30)'
2026.10.03 12:27:01 core.audio_cache     INFO     📦 Dublikat qarşısı: oG9KLtndmi8 → depodakı 'SYML - Sentimental (Live at Hangar 30)'
2026.10.03 12:27:01 core.audio_cache     INFO     📦 Dublikat qarşısı: wFLPXUjT8ak → depodakı 'SYML - How I Got Home (Live at Hangar 30)'
2026.10.03 12:27:02 core.audio_cache     INFO     📦 Dublikat qarşısı: 4XIVqXX93BI → depodakı 'SYML - Breathtaker (Live at Hangar 30)'
2026.10.03 12:27:02 core.audio_cache     INFO     📦 Dublikat qarşısı: amedt5dpUoI → depodakı 'SYML - Oblivion (Live at Hangar 30)'
2026.10.03 12:27:02 core.audio_cache     INFO     📦 Dublikat qarşısı: 0l11LJvFdgo → depodakı 'SYML - I Was Stone'
2026.10.03 12:27:02 core.audio_cache     INFO     📦 Dublikat qarşısı: BDT0GxTnLnc → depodakı 'SYML, Carla Morrison - Where's My Love (with Carla) (at Panoram Studios)'
2026.10.03 12:27:02 core.audio_cache     INFO     📦 Dublikat qarşısı: H0DrmIgTQks → depodakı 'SYML, Carla Morrison - Where's My Love (with Carla)'
2026.10.03 12:27:02 core.youtube_handler INFO     Yükləmə cəhdi: cookies + mweb (PO token)
2026.10.03 12:27:03 plugins.music_plugin INFO     Metadata (spotify): SYML - Nobody Lives Here (Paris Unplugged)
2026.10.03 12:27:04 aiogram.event        INFO     Update id=875928097 is handled. Duration 26 ms by bot id=8976652462
2026.10.03 12:27:04 telethon.client.updates INFO     Got difference for channel 2233220502 updates
2026.10.03 12:27:05 plugins.music_plugin INFO     Metadata (spotify): SYML - Heavy Hearts (Paris Unplugged)
2026.10.03 12:27:05 plugins.music_plugin INFO     Metadata (spotify): SYML - You and I (Paris Unplugged)
2026.10.03 12:27:05 core.youtube_handler INFO     Yükləmə cəhdi: cookies + mweb (PO token)
2026.10.03 12:27:06 aiogram.event        INFO     Update id=875928098 is handled. Duration 0 ms by bot id=8976652462
2026.10.03 12:27:07 plugins.music_plugin INFO     Metadata (spotify): SYML - Wake (Live at Hangar 30)
2026.10.03 12:27:07 aiogram.event        INFO     Update id=875928099 is handled. Duration 15 ms by bot id=8976652462
2026.10.03 12:27:07 plugins.music_plugin INFO     Metadata (spotify): SYML - Carry No Thing (Paris Unplugged)
2026.10.03 12:27:07 core.youtube_handler INFO     Yükləmə cəhdi: cookies + mweb (PO token)
2026.10.03 12:27:08 core.youtube_handler INFO     Yükləmə cəhdi: cookies + mweb (PO token)
2026.10.03 12:27:08 aiogram.event        INFO     Update id=875928101 is handled. Duration 51 ms by bot id=8976652462
2026.10.03 12:27:10 aiogram.event        INFO     Update id=875928102 is handled. Duration 5 ms by bot id=8976652462
2026.10.03 12:27:10 plugins.music_plugin INFO     Metadata (spotify): SYML - The Walker (Live at Hangar 30)
2026.10.03 12:27:11 aiogram.event        INFO     Update id=875928103 is handled. Duration 25 ms by bot id=8976652462
2026.10.03 12:27:13 core.audio_cache     INFO     📦 Dublikat qarşısı: zYfjtePwT5Y → depodakı 'SYML - Better (Mahogany Sessions)'
2026.10.03 12:27:13 telethon.client.updates INFO     Got difference for channel 1450190758 updates
2026.10.03 12:27:13 core.audio_cache     INFO     📦 Dublikat qarşısı: nIwBFarScTw → depodakı 'SYML - Nobody Lives Here (The Vashon Sessions)'
2026.10.03 12:27:13 core.audio_cache     INFO     📦 Dublikat qarşısı: r1u03eeGxCM → depodakı 'SYML - Heavy Hearts (The Vashon Sessions)'
2026.10.03 12:27:13 core.audio_cache     INFO     📦 Dublikat qarşısı: -T4THwne8IE → depodakı 'SYML - Fear of the Water'
2026.10.03 12:27:13 aiogram.event        INFO     Update id=875928104 is handled. Duration 0 ms by bot id=8976652462
2026.10.03 12:27:13 core.audio_cache     INFO     📦 Dublikat qarşısı: HFySwA84lys → depodakı 'SYML - Careful (The Vashon Sessions)'
2026.10.03 12:27:13 aiogram.event        INFO     Update id=875928100 is handled. Duration 5357 ms by bot id=8976652462
2026.10.03 12:27:14 core.audio_cache     INFO     📦 Dublikat qarşısı: R2WqinoHxKE → depodakı 'SYML - Fear of the Water (Piano Solo)'
2026.10.03 12:27:14 core.audio_cache     INFO     📦 Dublikat qarşısı: I_AayKMK_MA → depodakı 'SYML - Symmetry'
2026.10.03 12:27:14 core.audio_cache     INFO     📦 Dublikat qarşısı: SHkmrxZoqdI → depodakı 'SYML - God Only Knows'
2026.10.03 12:27:14 core.audio_cache     INFO     📦 Dublikat qarşısı: DIMSP3OC91g → depodakı 'SYML - Apollo'
2026.10.03 12:27:14 core.audio_cache     INFO     📦 Dublikat qarşısı: vaAojxmbB6s → depodakı 'SYML - Oblivion'
2026.10.03 12:27:14 core.audio_cache     INFO     📦 Dublikat qarşısı: VGboWx9kuVc → depodakı 'SYML - Ballad of Infinity'
2026.10.03 12:27:14 core.audio_cache     INFO     📦 Dublikat qarşısı: pbm1G7PlR-Q → depodakı 'SYML - Please Slow Down (Rubber Bridge Version)'
2026.10.03 12:27:15 plugins.music_plugin INFO     Metadata (spotify): SYML, Mahogany - Heartbreakdown (Mahogany Sessions)
2026.10.03 12:27:16 core.youtube_handler INFO     Yükləmə cəhdi: cookies + mweb (PO token)
2026.10.03 12:27:17 core.youtube_handler INFO     Yükləmə cəhdi: cookies + mweb (PO token)
2026.10.03 12:27:17 plugins.music_plugin INFO     Metadata (spotify): SYML - Carry No Thing (The Vashon Sessions)
2026.10.03 12:27:18 core.youtube_handler INFO     Yükləmə cəhdi: cookies + mweb (PO token)
2026.10.03 12:27:18 aiogram.event        INFO     Update id=875928105 is handled. Duration 5 ms by bot id=8976652462
2026.10.03 12:27:19 core.audio_cache     INFO     📦 Dublikat qarşısı: bOEarfH0KA0 → depodakı 'SYML - The Walker'
2026.10.03 12:27:19 core.audio_cache     INFO     📦 Dublikat qarşısı: oxCRInNUgD4 → depodakı 'SYML - The Walker (Edit)'
2026.10.03 12:27:20 core.audio_cache     INFO     📦 Dublikat qarşısı: kpKhZXHmSjk → depodakı 'SYML - Breathtaker (Piano Solo)'
2026.10.03 12:27:20 core.audio_cache     INFO     📦 Dublikat qarşısı: 9T1Cd5upsnY → depodakı 'SYML - Breathtaker'
2026.10.03 12:27:20 core.audio_cache     INFO     📦 Dublikat qarşısı: h9Dh-56-0aw → depodakı 'SYML - All of Us'
2026.10.03 12:27:20 plugins.music_plugin INFO     Metadata (spotify): SYML - Basement beds
2026.10.03 12:27:20 plugins.music_plugin INFO     Metadata (spotify): SYML - My Four Friends
2026.10.03 12:27:20 aiogram.event        INFO     Update id=875928106 is handled. Duration 5 ms by bot id=8976652462
2026.10.03 12:27:21 core.youtube_handler INFO     Yükləmə cəhdi: cookies + mweb (PO token)
2026.10.03 12:27:23 core.youtube_handler INFO     Yükləmə cəhdi: cookies + mweb (PO token)
2026.10.03 12:27:23 core.youtube_handler INFO     Yükləmə cəhdi: cookies + mweb (PO token)
2026.10.03 12:27:24 aiogram.event        INFO     Update id=875928107 is handled. Duration 0 ms by bot id=8976652462
2026.10.03 12:27:24 aiogram.event        INFO     Update id=875928108 is handled. Duration 0 ms by bot id=8976652462
2026.10.03 12:27:26 telethon.client.updates INFO     Got difference for channel 3775621496 updates
2026.10.03 12:27:26 core.youtube_handler INFO     Yükləmə cəhdi: cookies + mweb (PO token)
2026.10.03 12:27:27 core.youtube_handler INFO     Yükləmə cəhdi: cookies + mweb (PO token)
2026.10.03 12:27:28 plugins.music_plugin INFO     Metadata (spotify): SYML - How I Got Home (Piano Solo)
2026.10.03 12:27:28 core.youtube_handler INFO     Yükləmə cəhdi: cookies + mweb (PO token)
2026.10.03 12:27:30 plugins.music_plugin INFO     Metadata (spotify): SYML - Sentimental (Piano Solo)
2026.10.03 12:27:30 core.youtube_handler INFO     Yükləmə cəhdi: cookies + mweb (PO token)
2026.10.03 12:27:30 core.youtube_handler INFO     Yükləmə cəhdi: cookies + mweb (PO token)
2026.10.03 12:27:31 telethon.client.updates INFO     Got difference for channel 1327565517 updates
2026.10.03 12:27:31 plugins.music_plugin INFO     Metadata (spotify): SYML - The Walker (with Space)
2026.10.03 12:27:31 aiogram.event        INFO     Update id=875928109 is handled. Duration 36 ms by bot id=8976652462
2026.10.03 12:27:31 core.youtube_handler INFO     Yükləmə cəhdi: cookies + mweb (PO token)
2026.10.03 12:27:32 core.youtube_handler INFO     Yükləmə cəhdi: cookies + mweb (PO token)
2026.10.03 12:27:32 aiogram.event        INFO     Update id=875928110 is handled. Duration 10 ms by bot id=8976652462
2026.10.03 12:27:33 core.youtube_handler INFO     Yükləmə cəhdi: cookies + mweb (PO token)
2026.10.03 12:27:33 core.audio_cache     INFO     📦 Dublikat qarşısı: cjlSGBoHm2Y → depodakı 'SYML - Girvan'
2026.10.03 12:27:33 core.audio_cache     INFO     📦 Dublikat qarşısı: aGCypl5CfbQ → depodakı 'SYML - Believer (Piano Version)'
2026.10.03 12:27:33 plugins.music_plugin INFO     Metadata (spotify): Goodwerks, SYML - Here With Me (feat. Miya Folick)
2026.10.03 12:27:33 core.audio_cache     INFO     📦 Dublikat qarşısı: QHBNU7_9294 → depodakı 'SYML - Tragic Magic (Dream Version)'
2026.10.03 12:27:33 core.youtube_handler INFO     Yükləmə cəhdi: cookies + mweb (PO token)
2026.10.03 12:27:33 core.audio_cache     INFO     📦 Dublikat qarşısı: 7bf21a_hAx4 → depodakı 'George FitzGerald, SYML - Mother'
2026.10.03 12:27:33 core.audio_cache     INFO     📦 Dublikat qarşısı: 6pc06GWUG3I → depodakı 'SYML - How I Got Home'
2026.10.03 12:27:34 core.audio_cache     INFO     📦 Dublikat qarşısı: fZ_5tLjPC8o → depodakı 'SYML - Have A Little Faith In Me'
2026.10.03 12:27:34 core.audio_cache     INFO     📦 Dublikat qarşısı: egyJ-SEgiwU → depodakı 'SYML - ancient call (feat. Slumberville)'
2026.10.03 12:27:34 aiogram.event        INFO     Update id=875928111 is handled. Duration 0 ms by bot id=8976652462
2026.10.03 12:27:34 core.youtube_handler INFO     Yükləmə cəhdi: cookies + mweb (PO token)
2026.10.03 12:27:35 core.youtube_handler INFO     Yükləmə cəhdi: cookies + mweb (PO token)
2026.10.03 12:27:35 plugins.music_plugin INFO     Metadata (spotify): SYML - My Best Self (My Version)
2026.10.03 12:27:36 core.youtube_handler INFO     Yükləmə cəhdi: cookies + mweb (PO token)
2026.10.03 12:27:36 plugins.music_plugin INFO     Metadata (spotify): Goodwerks - No Ordinary Love (feat. Brooke Annibale)
2026.10.03 12:27:37 core.youtube_handler INFO     Yükləmə cəhdi: cookies + mweb (PO token)
2026.10.03 12:27:37 aiogram.event        INFO     Update id=875928112 is handled. Duration 1 ms by bot id=8976652462
2026.10.03 12:27:37 core.youtube_handler INFO     Yükləmə cəhdi: cookies + mweb (PO token)
2026.10.03 12:27:38 core.youtube_handler INFO     Yükləmə cəhdi: cookies + mweb (PO token)
2026.10.03 12:27:39 aiogram.event        INFO     Update id=875928113 is handled. Duration 82 ms by bot id=8976652462
2026.10.03 12:27:39 plugins.music_plugin INFO     Metadata (spotify): SYML - Believer (Fitness Version)
2026.10.03 12:27:39 plugins.music_plugin INFO     Metadata (spotify): SYML - Jingle Bells
2026.10.03 12:27:39 core.youtube_handler INFO     Yükləmə cəhdi: cookies + mweb (PO token)
2026.10.03 12:27:40 core.youtube_handler INFO     Yükləmə cəhdi: cookies + mweb (PO token)
2026.10.03 12:27:40 aiogram.event        INFO     Update id=875928114 is handled. Duration 30 ms by bot id=8976652462
2026.10.03 12:27:40 plugins.music_plugin INFO     Metadata (spotify): SYML - Jingle Bells (SCayos & Barnes Blvd. Remix)
2026.10.03 12:27:40 core.youtube_handler INFO     Yükləmə cəhdi: cookies + mweb (PO token)
2026.10.03 12:27:40 plugins.music_plugin INFO     Metadata (spotify): SYML, Nathan Kawanishi - wanting is never enough
2026.10.03 12:27:41 core.youtube_handler INFO     Yükləmə cəhdi: cookies + mweb (PO token)
2026.10.03 12:27:41 aiogram.event        INFO     Update id=875928115 is handled. Duration 15 ms by bot id=8976652462
2026.10.03 12:27:42 aiogram.event        INFO     Update id=875928116 is handled. Duration 51 ms by bot id=8976652462
2026.10.03 12:27:42 core.youtube_handler INFO     Yükləmə cəhdi: cookies + mweb (PO token)
2026.10.03 12:27:42 plugins.music_plugin INFO     Metadata (spotify): SYML - Jingle Bells (Goosetaf & G Mills Remix)
2026.10.03 12:27:43 core.youtube_handler INFO     Yükləmə cəhdi: cookies + mweb (PO token)
2026.10.03 12:27:43 plugins.music_plugin INFO     Metadata (spotify): SYML, sagun - who put blood in my drink?
2026.10.03 12:27:43 aiogram.event        INFO     Update id=875928117 is handled. Duration 0 ms by bot id=8976652462
2026.10.03 12:27:43 aiogram.event        INFO     Update id=875928118 is handled. Duration 21 ms by bot id=8976652462
2026.10.03 12:27:43 plugins.music_plugin INFO     Metadata (spotify): SYML - darkness will come (feat. MÒZÂMBÎQÚE)
2026.10.03 12:27:43 core.youtube_handler INFO     Yükləmə cəhdi: cookies + mweb (PO token)
2026.10.03 12:27:44 core.youtube_handler INFO     Yükləmə cəhdi: cookies + mweb (PO token)
2026.10.03 12:27:45 aiogram.event        INFO     Update id=875928119 is handled. Duration 16 ms by bot id=8976652462
2026.10.03 12:27:45 plugins.music_plugin INFO     Metadata (spotify): SYML - you can't hide anymore (feat. Hugo Sweet)
2026.10.03 12:27:45 core.youtube_handler INFO     Yükləmə cəhdi: cookies + mweb (PO token)
2026.10.03 12:27:45 plugins.music_plugin INFO     Metadata (spotify): SYML - just come home (feat. Ezzy & The Field Tapes)
2026.10.03 12:27:46 core.youtube_handler INFO     Yükləmə cəhdi: cookies + mweb (PO token)
2026.10.03 12:27:46 aiogram.event        INFO     Update id=875928120 is handled. Duration 0 ms by bot id=8976652462
2026.10.03 12:27:46 aiogram.event        INFO     Update id=875928121 is handled. Duration 16 ms by bot id=8976652462
2026.10.03 12:27:47 core.youtube_handler INFO     Yükləmə cəhdi: cookies + mweb (PO token)
2026.10.03 12:27:47 plugins.music_plugin INFO     Metadata (spotify): I’m With Her, Sarah Jarosz, Aoife O’Donovan - Ancient Light
2026.10.03 12:27:47 plugins.music_plugin INFO     Metadata (spotify): I’m With Her, Sarah Jarosz, Aoife O’Donovan - Wild and Clear and Blue
2026.10.03 12:27:47 core.youtube_handler INFO     Yükləmə cəhdi: cookies + mweb (PO token)
2026.10.03 12:27:48 plugins.music_plugin INFO     Metadata (spotify): I’m With Her, Sarah Jarosz, Aoife O’Donovan - Find My Way to You
2026.10.03 12:27:48 aiogram.event        INFO     Update id=875928122 is handled. Duration 10 ms by bot id=8976652462
2026.10.03 12:27:48 aiogram.event        INFO     Update id=875928123 is handled. Duration 51 ms by bot id=8976652462
2026.10.03 12:27:49 core.audio_cache     INFO     📦 Dublikat qarşısı: 7FLojXiWkMw → depodakı 'SYML - Jingle Bells'
2026.10.03 12:27:49 core.youtube_handler INFO     Yükləmə cəhdi: cookies + mweb (PO token)
2026.10.03 12:27:49 plugins.music_plugin INFO     Metadata (spotify): I’m With Her, Sarah Jarosz, Aoife O'Donovan - The Obvious Child (Nashville)
2026.10.03 12:27:49 plugins.music_plugin INFO     Metadata (spotify): Sara Watkins - You and Me
2026.10.03 12:27:50 plugins.music_plugin INFO     Metadata (spotify): I’m With Her, Sarah Jarosz, Aoife O’Donovan - Different Rocks, Different Hills
2026.10.03 12:27:50 aiogram.event        INFO     Update id=875928124 is handled. Duration 10 ms by bot id=8976652462
2026.10.03 12:27:50 core.youtube_handler INFO     Yükləmə cəhdi: cookies + mweb (PO token)
2026.10.03 12:27:50 plugins.music_plugin INFO     Metadata (spotify): I’m With Her, Sarah Jarosz, Aoife O’Donovan - Mother Eagle (Sing Me Alive)
2026.10.03 12:27:51 aiogram.event        INFO     Update id=875928125 is handled. Duration 52 ms by bot id=8976652462
2026.10.03 12:27:51 core.youtube_handler INFO     Yükləmə cəhdi: cookies + mweb (PO token)
2026.10.03 12:27:51 core.youtube_handler INFO     Yükləmə cəhdi: cookies + mweb (PO token)
2026.10.03 12:27:51 core.youtube_handler INFO     Yükləmə cəhdi: cookies + mweb (PO token)
2026.10.03 12:27:51 core.youtube_handler INFO     Yükləmə cəhdi: cookies + mweb (PO token)
2026.10.03 12:27:51 aiogram.event        INFO     Update id=875928126 is handled. Duration 334 ms by bot id=8976652462
2026.10.03 12:27:51 core.youtube_handler INFO     Yükləmə cəhdi: cookies + mweb (PO token)
2026.10.03 12:27:52 aiogram.event        INFO     Update id=875928127 is handled. Duration 38 ms by bot id=8976652462
2026.10.03 12:27:52 core.youtube_handler INFO     Yükləmə cəhdi: cookies + mweb (PO token)
2026.10.03 12:27:52 aiogram.event        INFO     Update id=875928128 is handled. Duration 0 ms by bot id=8976652462
2026.10.03 12:27:52 aiogram.event        INFO     Update id=875928129 is handled. Duration 7 ms by bot id=8976652462
2026.10.03 12:27:53 plugins.music_plugin INFO     Metadata (spotify): I’m With Her, Sarah Jarosz, Aoife O’Donovan - Rhododendron
2026.10.03 12:27:53 core.youtube_handler INFO     Yükləmə cəhdi: cookies + mweb (PO token)
2026.10.03 12:27:53 plugins.music_plugin INFO     Metadata (spotify): Sara Watkins - Without a Word
2026.10.03 12:27:54 core.youtube_handler INFO     Yükləmə cəhdi: cookies + mweb (PO token)
2026.10.03 12:27:54 plugins.music_plugin INFO     Metadata (spotify): I’m With Her, Sarah Jarosz, Aoife O’Donovan - Standing on the Fault Line
2026.10.03 12:27:54 aiogram.event        INFO     Update id=875928130 is handled. Duration 26 ms by bot id=8976652462
2026.10.03 12:27:54 core.youtube_handler INFO     Yükləmə cəhdi: cookies + mweb (PO token)
2026.10.03 12:27:55 plugins.music_plugin INFO     Metadata (spotify): I’m With Her, Sarah Jarosz, Aoife O'Donovan - Year After Year (Atlanta)
2026.10.03 12:27:55 plugins.music_plugin INFO     Metadata (spotify): I’m With Her, Sarah Jarosz, Aoife O’Donovan - Only Daughter
2026.10.03 12:27:55 core.youtube_handler INFO     Yükləmə cəhdi: cookies + mweb (PO token)
2026.10.03 12:27:55 core.youtube_handler INFO     Yükləmə cəhdi: cookies + mweb (PO token)
2026.10.03 12:27:56 core.youtube_handler INFO     Yükləmə cəhdi: cookies + mweb (PO token)
2026.10.03 12:27:56 core.youtube_handler INFO     Yükləmə cəhdi: cookies + mweb (PO token)
2026.10.03 12:27:56 plugins.music_plugin INFO     Metadata (spotify): Allison Russell, Kyshona, Sara Watkins - Chaos Theory
2026.10.03 12:27:56 aiogram.event        INFO     Update id=875928131 is handled. Duration 0 ms by bot id=8976652462
2026.10.03 12:27:56 aiogram.event        INFO     Update id=875928132 is handled. Duration 1 ms by bot id=8976652462
2026.10.03 12:27:57 aiogram.event        INFO     Update id=875928133 is handled. Duration 0 ms by bot id=8976652462
2026.10.03 12:27:57 plugins.music_plugin INFO     Metadata (spotify): I’m With Her, Sarah Jarosz, Aoife O’Donovan - Year After Year
2026.10.03 12:27:58 aiogram.event        INFO     Update id=875928134 is handled. Duration 0 ms by bot id=8976652462
2026.10.03 12:27:58 plugins.music_plugin INFO     Metadata (spotify): I’m With Her, Sarah Jarosz, Aoife O’Donovan - Sisters of the Night Watch
2026.10.03 12:27:58 aiogram.event        INFO     Update id=875928135 is handled. Duration 371 ms by bot id=8976652462
2026.10.03 12:27:58 core.youtube_handler INFO     Yükləmə cəhdi: cookies + mweb (PO token)
2026.10.03 12:27:58 core.youtube_handler INFO     Yükləmə cəhdi: cookies + mweb (PO token)
2026.10.03 12:27:58 core.youtube_handler INFO     Yükləmə cəhdi: cookies + mweb (PO token)
2026.10.03 12:27:59 core.youtube_handler INFO     Yükləmə cəhdi: cookies + mweb (PO token)
2026.10.03 12:27:59 aiogram.event        INFO     Update id=875928136 is handled. Duration 1 ms by bot id=8976652462
2026.10.03 12:27:59 plugins.music_plugin INFO     Metadata (spotify): I’m With Her, Sarah Jarosz, Aoife O’Donovan - Strawberry Moonrise
2026.10.03 12:27:59 plugins.music_plugin INFO     Metadata (spotify): Sara Watkins - Long Hot Summer Days
2026.10.03 12:28:00 core.youtube_handler INFO     Yükləmə cəhdi: cookies + mweb (PO token)
2026.10.03 12:28:00 plugins.music_plugin INFO     Metadata (spotify): Sara Watkins - Take up Your Spade
2026.10.03 12:28:01 aiogram.event        INFO     Update id=875928137 is handled. Duration 0 ms by bot id=8976652462
2026.10.03 12:28:01 plugins.music_plugin INFO     Metadata (spotify): I’m With Her, Sarah Jarosz, Aoife O'Donovan - Mother Eagle (Sing Me Alive) (Atlanta)
2026.10.03 12:28:01 aiogram.event        INFO     Update id=875928138 is handled. Duration 100 ms by bot id=8976652462
2026.10.03 12:28:01 core.youtube_handler INFO     Yükləmə cəhdi: cookies + mweb (PO token)
2026.10.03 12:28:01 aiogram.event        INFO     Update id=875928139 is handled. Duration 0 ms by bot id=8976652462
2026.10.03 12:28:02 aiogram.event        INFO     Update id=875928140 is handled. Duration 10 ms by bot id=8976652462
2026.10.03 12:28:03 core.youtube_handler INFO     Yükləmə cəhdi: cookies + mweb (PO token)
2026.10.03 12:28:03 aiogram.event        INFO     Update id=875928141 is handled. Duration 5 ms by bot id=8976652462
2026.10.03 12:28:03 plugins.music_plugin INFO     Metadata (spotify): Sara Watkins - Night Singing
2026.10.03 12:28:03 core.youtube_handler INFO     Yükləmə cəhdi: cookies + mweb (PO token)
2026.10.03 12:28:04 core.youtube_handler INFO     Yükləmə cəhdi: cookies + mweb (PO token)
2026.10.03 12:28:04 plugins.music_plugin INFO     Metadata (spotify): I’m With Her, Sarah Jarosz, Aoife O'Donovan - Wild and Clear and Blue (Atlanta)
2026.10.03 12:28:04 plugins.music_plugin INFO     Metadata (spotify): I’m With Her, Sarah Jarosz, Aoife O'Donovan - Game to Lose (Toronto)
2026.10.03 12:28:04 aiogram.event        INFO     Update id=875928142 is handled. Duration 0 ms by bot id=8976652462
2026.10.03 12:28:05 plugins.music_plugin INFO     Metadata (spotify): I’m With Her, Sarah Jarosz, Aoife O'Donovan - Lord Lead Me On (Atlanta)
2026.10.03 12:28:05 plugins.music_plugin INFO     Metadata (spotify): I’m With Her, Sarah Jarosz, Aoife O'Donovan - Overland (Davis)
2026.10.03 12:28:06 core.youtube_handler INFO     Yükləmə cəhdi: cookies + mweb (PO token)
2026.10.03 12:28:06 core.youtube_handler INFO     Yükləmə cəhdi: cookies + mweb (PO token)
2026.10.03 12:28:06 plugins.music_plugin INFO     Metadata (spotify): I’m With Her, Sarah Jarosz, Aoife O'Donovan - Ancient Light (Atlanta)
2026.10.03 12:28:06 aiogram.event        INFO     Update id=875928143 is handled. Duration 0 ms by bot id=8976652462
2026.10.03 12:28:06 plugins.music_plugin INFO     Metadata (spotify): I’m With Her, Sarah Jarosz, Aoife O'Donovan - Crossing Muddy Waters (Denver)
2026.10.03 12:28:07 plugins.music_plugin INFO     Metadata (spotify): I’m With Her, Sarah Jarosz, Aoife O'Donovan - Ain't That Fine (Davis)
2026.10.03 12:28:07 plugins.music_plugin INFO     Metadata (spotify): I’m With Her, Sarah Jarosz, Aoife O'Donovan - Strawberry Moonrise (Atlanta)
2026.10.03 12:28:07 core.youtube_handler INFO     Yükləmə cəhdi: cookies + mweb (PO token)
2026.10.03 12:28:07 aiogram.event        INFO     Update id=875928144 is handled. Duration 0 ms by bot id=8976652462
2026.10.03 12:28:08 aiogram.event        INFO     Update id=875928145 is handled. Duration 32 ms by bot id=8976652462
2026.10.03 12:28:08 aiogram.event        INFO     Update id=875928146 is handled. Duration 10 ms by bot id=8976652462
2026.10.03 12:28:08 telethon.client.updates INFO     Got difference for channel 1654819257 updates
2026.10.03 12:28:08 core.youtube_handler INFO     Yükləmə cəhdi: cookies + mweb (PO token)
2026.10.03 12:28:09 plugins.music_plugin INFO     Metadata (spotify): I’m With Her, Sarah Jarosz, Aoife O'Donovan - Only Daughter (Atlanta)
2026.10.03 12:28:09 core.youtube_handler INFO     Yükləmə cəhdi: cookies + mweb (PO token)
2026.10.03 12:28:09 core.youtube_handler INFO     Yükləmə cəhdi: cookies + mweb (PO token)
2026.10.03 12:28:09 aiogram.event        INFO     Update id=875928147 is handled. Duration 117 ms by bot id=8976652462
2026.10.03 12:28:09 aiogram.event        INFO     Update id=875928148 is handled. Duration 1 ms by bot id=8976652462
2026.10.03 12:28:09 plugins.music_plugin INFO     Metadata (spotify): I’m With Her, Sarah Jarosz, Aoife O'Donovan - Find My Way to You (Atlanta)
2026.10.03 12:28:09 aiogram.event        INFO     Update id=875928149 is handled. Duration 0 ms by bot id=8976652462
2026.10.03 12:28:10 aiogram.event        INFO     Update id=875928150 is handled. Duration 57 ms by bot id=8976652462
2026.10.03 12:28:10 aiogram.event        INFO     Update id=875928151 is handled. Duration 20 ms by bot id=8976652462
2026.10.03 12:28:10 core.youtube_handler INFO     Yükləmə cəhdi: cookies + mweb (PO token)
2026.10.03 12:28:11 plugins.music_plugin INFO     Metadata (spotify): Sara Watkins - When It Pleases You
2026.10.03 12:28:11 aiogram.event        INFO     Update id=875928152 is handled. Duration 16 ms by bot id=8976652462
2026.10.03 12:28:12 plugins.music_plugin INFO     Metadata (spotify): Sara Watkins - Pure Imagination
2026.10.03 12:28:12 core.youtube_handler INFO     Yükləmə cəhdi: cookies + mweb (PO token)
2026.10.03 12:28:12 aiogram.event        INFO     Update id=875928153 is handled. Duration 31 ms by bot id=8976652462
2026.10.03 12:28:13 core.youtube_handler INFO     Yükləmə cəhdi: cookies + mweb (PO token)
2026.10.03 12:28:13 plugins.music_plugin INFO     Metadata (spotify): I’m With Her, Sarah Jarosz, Aoife O'Donovan - Find My Way to You (At Kansas City)
2026.10.03 12:28:13 core.youtube_handler INFO     Yükləmə cəhdi: cookies + mweb (PO token)
2026.10.03 12:28:14 aiogram.event        INFO     Update id=875928154 is handled. Duration 41 ms by bot id=8976652462
2026.10.03 12:28:14 plugins.music_plugin INFO     Metadata (spotify): I’m With Her, Sarah Jarosz, Aoife O'Donovan - Standing on the Fault Line (Santa Fe)
2026.10.03 12:28:14 plugins.music_plugin INFO     Metadata (spotify): Sara Watkins - Beautiful Dreamer
2026.10.03 12:28:14 aiogram.event        INFO     Update id=875928155 is handled. Duration 5 ms by bot id=8976652462
2026.10.03 12:28:14 core.youtube_handler INFO     Yükləmə cəhdi: cookies + mweb (PO token)
2026.10.03 12:28:15 aiogram.event        INFO     Update id=875928156 is handled. Duration 127 ms by bot id=8976652462
2026.10.03 12:28:15 core.youtube_handler INFO     Yükləmə cəhdi: cookies + mweb (PO token)
2026.10.03 12:28:15 telethon.client.updates INFO     Got difference for channel 1339620626 updates
2026.10.03 12:28:15 plugins.music_plugin INFO     Metadata (spotify): Sara Watkins - Move Me
2026.10.03 12:28:16 core.youtube_handler INFO     Yükləmə cəhdi: cookies + mweb (PO token)
2026.10.03 12:28:17 plugins.music_plugin INFO     Metadata (spotify): Sara Watkins - Young in All the Wrong Ways
2026.10.03 12:28:17 plugins.music_plugin INFO     Metadata (spotify): Emmylou Harris, Buddy Miller, Mavis Staples - Boulder To Birmingham (Live)
2026.10.03 12:28:17 aiogram.event        INFO     Update id=875928157 is handled. Duration 34 ms by bot id=8976652462
2026.10.03 12:28:17 plugins.music_plugin INFO     Metadata (spotify): I’m With Her, Sarah Jarosz, Aoife O'Donovan - Rhododendron (Rocky Mount) (feat. Ye Vagabonds)
2026.10.03 12:28:17 core.youtube_handler INFO     Yükləmə cəhdi: cookies + mweb (PO token)
2026.10.03 12:28:17 aiogram.event        INFO     Update id=875928158 is handled. Duration 0 ms by bot id=8976652462
2026.10.03 12:28:18 plugins.music_plugin INFO     Metadata (spotify): Vince Gill, Sara Watkins - It Is Well
2026.10.03 12:28:18 plugins.music_plugin INFO     Metadata (spotify): I’m With Her, Sarah Jarosz, Aoife O'Donovan - See You Around (Toronto)
2026.10.03 12:28:19 core.youtube_handler INFO     Yükləmə cəhdi: cookies + mweb (PO token)
2026.10.03 12:28:19 plugins.music_plugin INFO     Metadata (spotify): I’m With Her, Sarah Jarosz, Aoife O'Donovan - Call My Name (Atlanta)
2026.10.03 12:28:19 plugins.music_plugin INFO     Metadata (spotify): I’m With Her, Sarah Jarosz, Aoife O'Donovan - Sisters of the Night Watch (Charleston)
2026.10.03 12:28:19 core.youtube_handler INFO     Yükləmə cəhdi: cookies + mweb (PO token)
2026.10.03 12:28:20 aiogram.event        INFO     Update id=875928159 is handled. Duration 0 ms by bot id=8976652462
2026.10.03 12:28:20 plugins.music_plugin INFO     Metadata (spotify): I’m With Her, Sarah Jarosz, Aoife O'Donovan - Interlude (Charleston)
2026.10.03 12:28:21 aiogram.event        INFO     Update id=875928160 is handled. Duration 80 ms by bot id=8976652462
2026.10.03 12:28:21 core.youtube_handler INFO     Yükləmə cəhdi: cookies + mweb (PO token)
2026.10.03 12:28:21 core.youtube_handler INFO     Yükləmə cəhdi: cookies + mweb (PO token)
2026.10.03 12:28:21 aiogram.event        INFO     Update id=875928161 is handled. Duration 0 ms by bot id=8976652462
2026.10.03 12:28:21 aiogram.event        INFO     Update id=875928162 is handled. Duration 0 ms by bot id=8976652462
2026.10.03 12:28:21 plugins.music_plugin INFO     Metadata (spotify): Sara Watkins - Long Hot Summer Days
2026.10.03 12:28:21 aiogram.event        INFO     Update id=875928163 is handled. Duration 0 ms by bot id=8976652462
2026.10.03 12:28:22 plugins.music_plugin INFO     Metadata (spotify): Sara Watkins - The Late John Garfield Blues
2026.10.03 12:28:22 telethon.client.updates INFO     Got difference for channel 1270848742 updates
2026.10.03 12:28:22 core.youtube_handler INFO     Yükləmə cəhdi: cookies + mweb (PO token)
2026.10.03 12:28:22 aiogram.event        INFO     Update id=875928164 is handled. Duration 0 ms by bot id=8976652462
2026.10.03 12:28:23 aiogram.event        INFO     Update id=875928165 is handled. Duration 0 ms by bot id=8976652462
2026.10.03 12:28:23 aiogram.event        INFO     Update id=875928166 is handled. Duration 1 ms by bot id=8976652462
2026.10.03 12:28:23 aiogram.event        INFO     Update id=875928167 is handled. Duration 10 ms by bot id=8976652462
2026.10.03 12:28:23 plugins.music_plugin INFO     Metadata (spotify): Matt Nathanson, Sara Watkins - Coming up Close
2026.10.03 12:28:24 plugins.music_plugin INFO     Metadata (spotify): Sara Watkins - Blue Shadows on the Trail (feat. Nickel Creek)
2026.10.03 12:28:24 aiogram.event        INFO     Update id=875928168 is handled. Duration 47 ms by bot id=8976652462
2026.10.03 12:28:24 core.youtube_handler INFO     Yükləmə cəhdi: cookies + mweb (PO token)
2026.10.03 12:28:24 core.youtube_handler INFO     Yükləmə cəhdi: cookies + mweb (PO token)
2026.10.03 12:28:24 plugins.music_plugin INFO     Metadata (spotify): Sara Watkins - The Truth Won't Set Us Free
2026.10.03 12:28:24 aiogram.event        INFO     Update id=875928169 is handled. Duration 0 ms by bot id=8976652462
2026.10.03 12:28:25 core.youtube_handler INFO     Yükləmə cəhdi: cookies + mweb (PO token)
2026.10.03 12:28:25 plugins.music_plugin INFO     Metadata (spotify): Sara Watkins - Lock & Key
2026.10.03 12:28:26 plugins.music_plugin INFO     Metadata (spotify): Sara Watkins - One Last Time
2026.10.03 12:28:26 core.youtube_handler INFO     Yükləmə cəhdi: cookies + mweb (PO token)
2026.10.03 12:28:26 aiogram.event        INFO     Update id=875928170 is handled. Duration 6 ms by bot id=8976652462
2026.10.03 12:28:26 aiogram.event        INFO     Update id=875928171 is handled. Duration 0 ms by bot id=8976652462
2026.10.03 12:28:27 aiogram.event        INFO     Update id=875928172 is handled. Duration 0 ms by bot id=8976652462
2026.10.03 12:28:27 core.youtube_handler INFO     Yükləmə cəhdi: cookies + mweb (PO token)
2026.10.03 12:28:27 plugins.depo_filler_plugin INFO     🎵 YTM Jonah Kagen: 81 mahnı (+81 növbəyə, 0 artıq depoda), +2 yeni ifaçı
2026.10.03 12:28:28 aiogram.event        INFO     Update id=875928173 is handled. Duration 26 ms by bot id=8976652462
2026.10.03 12:28:28 aiogram.event        INFO     Update id=875928174 is handled. Duration 20 ms by bot id=8976652462
2026.10.03 12:28:28 core.youtube_handler INFO     Yükləmə cəhdi: cookies + mweb (PO token)
2026.10.03 12:28:29 plugins.music_plugin INFO     Metadata (spotify): I’m With Her, Sarah Jarosz, Aoife O'Donovan - Ancient Light (At Kansas City)
2026.10.03 12:28:29 plugins.music_plugin INFO     Metadata (spotify): I’m With Her, Sarah Jarosz, Aoife O'Donovan - Different Rocks, Different Hills (Charleston)
2026.10.03 12:28:29 core.youtube_handler INFO     Yükləmə cəhdi: cookies + mweb (PO token)
2026.10.03 12:28:29 plugins.music_plugin INFO     Metadata (spotify): Sara Watkins - He Leadeth Me
2026.10.03 12:28:30 plugins.music_plugin INFO     Metadata (spotify): Sara Watkins - Too Many Tomorrows
2026.10.03 12:28:30 plugins.music_plugin INFO     Metadata (spotify): Sara Watkins - Say So
2026.10.03 12:28:30 core.youtube_handler INFO     Yükləmə cəhdi: cookies + mweb (PO token)
2026.10.03 12:28:31 plugins.music_plugin INFO     Metadata (spotify): Sara Watkins - The Love That Got Away
2026.10.03 12:28:31 core.youtube_handler INFO     Yükləmə cəhdi: cookies + mweb (PO token)
2026.10.03 12:28:31 aiogram.event        INFO     Update id=875928175 is handled. Duration 0 ms by bot id=8976652462
2026.10.03 12:28:32 aiogram.event        INFO     Update id=875928176 is handled. Duration 1 ms by bot id=8976652462
2026.10.03 12:28:32 aiogram.event        INFO     Update id=875928177 is handled. Duration 16 ms by bot id=8976652462
2026.10.03 12:28:32 aiogram.event        INFO     Update id=875928178 is handled. Duration 160 ms by bot id=8976652462
2026.10.03 12:28:32 core.youtube_handler INFO     Yükləmə cəhdi: cookies + mweb (PO token)
2026.10.03 12:28:33 plugins.music_plugin INFO     Metadata (spotify): Sara Watkins - Where Will You Be
2026.10.03 12:28:33 core.youtube_handler INFO     Yükləmə cəhdi: cookies + mweb (PO token)
2026.10.03 12:28:33 plugins.music_plugin INFO     Metadata (spotify): Sara Watkins - Give Me Jesus
2026.10.03 12:28:33 plugins.music_plugin INFO     Metadata (spotify): Sara Watkins - La La Lu
2026.10.03 12:28:33 plugins.music_plugin INFO     Metadata (spotify): Sara Watkins - You're the One I Love (feat. Fiona Apple)
2026.10.03 12:28:33 aiogram.event        INFO     Update id=875928179 is handled. Duration 0 ms by bot id=8976652462
2026.10.03 12:28:34 aiogram.event        INFO     Update id=875928180 is handled. Duration 0 ms by bot id=8976652462
2026.10.03 12:28:34 core.youtube_handler INFO     Yükləmə cəhdi: cookies + mweb (PO token)
2026.10.03 12:28:35 aiogram.event        INFO     Update id=875928181 is handled. Duration 1 ms by bot id=8976652462
2026.10.03 12:28:35 aiogram.event        INFO     Update id=875928182 is handled. Duration 41 ms by bot id=8976652462
2026.10.03 12:28:35 core.youtube_handler INFO     Yükləmə cəhdi: cookies + mweb (PO token)
2026.10.03 12:28:36 aiogram.event        INFO     Update id=875928183 is handled. Duration 0 ms by bot id=8976652462
2026.10.03 12:28:36 aiogram.event        INFO     Update id=875928184 is handled. Duration 0 ms by bot id=8976652462
2026.10.03 12:28:36 plugins.music_plugin INFO     Metadata (spotify): Sara Watkins - Lord Won't You Help Me
2026.10.03 12:28:36 plugins.music_plugin INFO     Metadata (spotify): Sara Watkins - Freiderick
2026.10.03 12:28:37 core.youtube_handler INFO     Yükləmə cəhdi: cookies + mweb (PO token)
2026.10.03 12:28:37 plugins.music_plugin INFO     Metadata (spotify): Sara Watkins - Blanket for a Sail
2026.10.03 12:28:38 core.youtube_handler INFO     Yükləmə cəhdi: cookies + mweb (PO token)
2026.10.03 12:28:38 core.youtube_handler INFO     Yükləmə cəhdi: cookies + mweb (PO token)
2026.10.03 12:28:38 aiogram.event        INFO     Update id=875928185 is handled. Duration 1 ms by bot id=8976652462
2026.10.03 12:28:38 aiogram.event        INFO     Update id=875928186 is handled. Duration 0 ms by bot id=8976652462
2026.10.03 12:28:38 plugins.music_plugin INFO     Metadata (spotify): Sara Watkins - Tenderhearted
2026.10.03 12:28:39 core.youtube_handler INFO     Yükləmə cəhdi: cookies + mweb (PO token)
2026.10.03 12:28:40 plugins.music_plugin INFO     Metadata (spotify): Sara Watkins - When You Wish Upon a Star
2026.10.03 12:28:40 core.youtube_handler INFO     Yükləmə cəhdi: cookies + mweb (PO token)
2026.10.03 12:28:41 aiogram.event        INFO     Update id=875928187 is handled. Duration 0 ms by bot id=8976652462
2026.10.03 12:28:41 aiogram.event        INFO     Update id=875928188 is handled. Duration 0 ms by bot id=8976652462
2026.10.03 12:28:41 plugins.music_plugin INFO     Metadata (spotify): Sara Watkins - The Ward Accord
2026.10.03 12:28:41 plugins.music_plugin INFO     Metadata (spotify): Sara Watkins - Tumbling Tumbleweeds (feat. I'm With Her)
2026.10.03 12:28:42 core.youtube_handler INFO     Yükləmə cəhdi: cookies + mweb (PO token)
2026.10.03 12:28:42 core.youtube_handler INFO     Yükləmə cəhdi: cookies + mweb (PO token)
2026.10.03 12:28:42 plugins.music_plugin INFO     Metadata (spotify): Sara Watkins - Moon River
2026.10.03 12:28:42 aiogram.event        INFO     Update id=875928189 is handled. Duration 0 ms by bot id=8976652462
2026.10.03 12:28:43 plugins.music_plugin INFO     Metadata (spotify): Sara Watkins - I'm a Memory
2026.10.03 12:28:43 core.youtube_handler INFO     Yükləmə cəhdi: cookies + mweb (PO token)
2026.10.03 12:28:44 aiogram.event        INFO     Update id=875928190 is handled. Duration 1 ms by bot id=8976652462
2026.10.03 12:28:44 aiogram.event        INFO     Update id=875928191 is handled. Duration 5 ms by bot id=8976652462
2026.10.03 12:28:44 aiogram.event        INFO     Update id=875928192 is handled. Duration 5 ms by bot id=8976652462
2026.10.03 12:28:45 core.youtube_handler INFO     Yükləmə cəhdi: cookies + mweb (PO token)
2026.10.03 12:28:45 plugins.music_plugin INFO     Metadata (spotify): Sara Watkins - Will We Go
2026.10.03 12:28:45 plugins.music_plugin INFO     Metadata (spotify): Sara Watkins - All This TIme
2026.10.03 12:28:45 core.youtube_handler INFO     Yükləmə cəhdi: cookies + mweb (PO token)
2026.10.03 12:28:46 aiogram.event        INFO     Update id=875928193 is handled. Duration 16 ms by bot id=8976652462
2026.10.03 12:28:46 core.youtube_handler INFO     Yükləmə cəhdi: cookies + mweb (PO token)
2026.10.03 12:28:46 plugins.music_plugin INFO     Metadata (spotify): Sara Watkins - Like New Year's Day
2026.10.03 12:28:47 aiogram.event        INFO     Update id=875928194 is handled. Duration 285 ms by bot id=8976652462
2026.10.03 12:28:47 aiogram.event        INFO     Update id=875928195 is handled. Duration 0 ms by bot id=8976652462
2026.10.03 12:28:47 core.youtube_handler INFO     Yükləmə cəhdi: cookies + mweb (PO token)
2026.10.03 12:28:48 plugins.music_plugin INFO     Metadata (spotify): Sara Watkins - Good Night
2026.10.03 12:28:48 core.youtube_handler INFO     Yükləmə cəhdi: cookies + mweb (PO token)
2026.10.03 12:28:49 plugins.music_plugin INFO     Metadata (spotify): Sean Watkins, Sara Watkins - No Way to Live
2026.10.03 12:28:49 core.youtube_handler INFO     Yükləmə cəhdi: cookies + mweb (PO token)
2026.10.03 12:28:50 aiogram.event        INFO     Update id=875928196 is handled. Duration 0 ms by bot id=8976652462
2026.10.03 12:28:50 plugins.music_plugin INFO     Metadata (spotify): Sara Watkins - Jefferson
2026.10.03 12:28:50 core.youtube_handler INFO     Yükləmə cəhdi: cookies + mweb (PO token)
2026.10.03 12:28:51 aiogram.event        INFO     Update id=875928197 is handled. Duration 20 ms by bot id=8976652462
2026.10.03 12:28:51 core.youtube_handler INFO     Yükləmə cəhdi: cookies + mweb (PO token)
2026.10.03 12:28:52 aiogram.event        INFO     Update id=875928198 is handled. Duration 35 ms by bot id=8976652462
2026.10.03 12:28:52 plugins.music_plugin INFO     Metadata (spotify): Sara Watkins - The Second Star to the Right
2026.10.03 12:28:52 plugins.music_plugin INFO     Metadata (spotify): Sara Watkins - My Friend
2026.10.03 12:28:52 aiogram.event        INFO     Update id=875928199 is handled. Duration 41 ms by bot id=8976652462
2026.10.03 12:28:52 core.youtube_handler INFO     Yükləmə cəhdi: cookies + mweb (PO token)
2026.10.03 12:28:53 plugins.music_plugin INFO     Metadata (spotify): I’m With Her, Sarah Jarosz, Aoife O'Donovan - Sisters of the Night Watch (At Kansas City)
2026.10.03 12:28:53 core.youtube_handler INFO     Yükləmə cəhdi: cookies + mweb (PO token)
2026.10.03 12:28:54 plugins.music_plugin INFO     Metadata (spotify): Sara Watkins - Edelweiss
2026.10.03 12:28:54 aiogram.event        INFO     Update id=875928200 is handled. Duration 31 ms by bot id=8976652462
2026.10.03 12:28:54 core.youtube_handler INFO     Yükləmə cəhdi: cookies + mweb (PO token)
2026.10.03 12:28:55 plugins.music_plugin INFO     Metadata (spotify): Sara Watkins - The Holidays With You
2026.10.03 12:28:55 aiogram.event        INFO     Update id=875928201 is handled. Duration 20 ms by bot id=8976652462
2026.10.03 12:28:55 plugins.music_plugin INFO     Metadata (spotify): Sara Watkins - Central and Union
2026.10.03 12:28:55 core.youtube_handler INFO     Yükləmə cəhdi: cookies + mweb (PO token)
2026.10.03 12:28:56 aiogram.event        INFO     Update id=875928202 is handled. Duration 397 ms by bot id=8976652462
2026.10.03 12:28:56 core.youtube_handler INFO     Yükləmə cəhdi: cookies + mweb (PO token)
2026.10.03 12:28:56 aiogram.event        INFO     Update id=875928203 is handled. Duration 0 ms by bot id=8976652462
2026.10.03 12:28:57 plugins.music_plugin INFO     Metadata (spotify): Sara Watkins - Any Old Time
2026.10.03 12:28:57 core.youtube_handler INFO     Yükləmə cəhdi: cookies + mweb (PO token)
2026.10.03 12:28:57 aiogram.event        INFO     Update id=875928204 is handled. Duration 1 ms by bot id=8976652462
2026.10.03 12:28:57 plugins.music_plugin INFO     Metadata (spotify): Lyle Lovett, Sara Watkins - Dress Of Laces
2026.10.03 12:28:58 aiogram.event        INFO     Update id=875928205 is handled. Duration 11 ms by bot id=8976652462
2026.10.03 12:28:58 core.youtube_handler INFO     Yükləmə cəhdi: cookies + mweb (PO token)
2026.10.03 12:28:58 plugins.music_plugin INFO     Metadata (spotify): Sara Watkins - Under the Pepper Tree
2026.10.03 12:28:59 core.youtube_handler INFO     Yükləmə cəhdi: cookies + mweb (PO token)
2026.10.03 12:28:59 aiogram.event        INFO     Update id=875928206 is handled. Duration 0 ms by bot id=8976652462
2026.10.03 12:28:59 plugins.music_plugin INFO     Metadata (spotify): Sara Watkins - You’ll Never Walk Alone
2026.10.03 12:29:00 plugins.music_plugin INFO     Metadata (spotify): Yvonne Kenny, Sara Watkins, Martin Isepp - Deutsche Arien No. 1, HWV 202
2026.10.03 12:29:00 core.youtube_handler INFO     Yükləmə cəhdi: cookies + mweb (PO token)
2026.10.03 12:29:00 aiogram.event        INFO     Update id=875928207 is handled. Duration 0 ms by bot id=8976652462
2026.10.03 12:29:01 core.youtube_handler INFO     Yükləmə cəhdi: cookies + mweb (PO token)
2026.10.03 12:29:01 plugins.music_plugin INFO     Metadata (spotify): Lyle Lovett, Sara Watkins, Sean Watkins - Night's Lullaby
2026.10.03 12:29:01 plugins.music_plugin INFO     Metadata (spotify): Sara Watkins - Stay Awake
2026.10.03 12:29:02 aiogram.event        INFO     Update id=875928208 is handled. Duration 0 ms by bot id=8976652462
2026.10.03 12:29:02 aiogram.event        INFO     Update id=875928209 is handled. Duration 15 ms by bot id=8976652462
2026.10.03 12:29:02 core.youtube_handler INFO     Yükləmə cəhdi: cookies + mweb (PO token)
2026.10.03 12:29:03 plugins.music_plugin INFO     Metadata (spotify): Sara Watkins - Impossible
2026.10.03 12:29:03 telethon.client.updates INFO     Got difference for channel 1270848742 updates
2026.10.03 12:29:03 aiogram.event        INFO     Update id=875928210 is handled. Duration 10 ms by bot id=8976652462
2026.10.03 12:29:03 telethon.client.updates INFO     Got difference for channel 1450190758 updates
2026.10.03 12:29:03 core.youtube_handler INFO     Yükləmə cəhdi: cookies + mweb (PO token)
2026.10.03 12:29:03 aiogram.event        INFO     Update id=875928211 is handled. Duration 0 ms by bot id=8976652462
2026.10.03 12:29:04 aiogram.event        INFO     Update id=875928212 is handled. Duration 0 ms by bot id=8976652462
2026.10.03 12:29:04 core.youtube_handler INFO     Yükləmə cəhdi: cookies + mweb (PO token)
2026.10.03 12:29:05 aiogram.event        INFO     Update id=875928213 is handled. Duration 21 ms by bot id=8976652462
2026.10.03 12:29:05 core.youtube_handler INFO     Yükləmə cəhdi: cookies + mweb (PO token)
2026.10.03 12:29:06 plugins.music_plugin INFO     Metadata (spotify): Yvonne Kenny, Sara Watkins, Martin Isepp - Deutsche Arien No. 6, HWV 208
2026.10.03 12:29:06 plugins.music_plugin INFO     Metadata (spotify): Sara Watkins - The Foothills
2026.10.03 12:29:06 core.youtube_handler INFO     Yükləmə cəhdi: cookies + mweb (PO token)
2026.10.03 12:29:07 plugins.music_plugin INFO     Metadata (spotify): Sara Watkins, Martin Isepp, George Frideric Handel - Sonata in C Minor for Oboe and Basso Continuo, HWV 366: II. Allegro
2026.10.03 12:29:07 plugins.music_plugin INFO     Metadata (spotify): Sara Watkins - Invisible
2026.10.03 12:29:07 core.youtube_handler INFO     Yükləmə cəhdi: cookies + mweb (PO token)
2026.10.03 12:29:08 plugins.music_plugin INFO     Metadata (spotify): Sara Watkins - Pony
2026.10.03 12:29:08 aiogram.event        INFO     Update id=875928214 is handled. Duration 66 ms by bot id=8976652462
2026.10.03 12:29:08 core.youtube_handler INFO     Yükləmə cəhdi: cookies + mweb (PO token)
2026.10.03 12:29:09 aiogram.event        INFO     Update id=875928215 is handled. Duration 10 ms by bot id=8976652462
2026.10.03 12:29:09 core.youtube_handler INFO     Yükləmə cəhdi: cookies + mweb (PO token)
2026.10.03 12:29:10 plugins.music_plugin INFO     Metadata (spotify): Sara Watkins - Too Much
2026.10.03 12:29:10 core.youtube_handler INFO     Yükləmə cəhdi: cookies + mweb (PO token)
2026.10.03 12:29:11 plugins.music_plugin INFO     Metadata (spotify): John Shirley-Quirk, Sara Watkins, Osian Ellis - She's Like the Swallow
2026.10.03 12:29:11 core.youtube_handler INFO     Yükləmə cəhdi: cookies + mweb (PO token)
2026.10.03 12:29:11 aiogram.event        INFO     Update id=875928216 is handled. Duration 142 ms by bot id=8976652462
2026.10.03 12:29:11 aiogram.event        INFO     Update id=875928217 is handled. Duration 0 ms by bot id=8976652462
2026.10.03 12:29:12 plugins.music_plugin INFO     Metadata (spotify): Sara Watkins - Bygones
2026.10.03 12:29:12 aiogram.event        INFO     Update id=875928218 is handled. Duration 15 ms by bot id=8976652462
2026.10.03 12:29:12 core.youtube_handler INFO     Yükləmə cəhdi: cookies + mweb (PO token)
2026.10.03 12:29:13 aiogram.event        INFO     Update id=875928219 is handled. Duration 0 ms by bot id=8976652462
2026.10.03 12:29:13 plugins.music_plugin INFO     Metadata (spotify): Sara Watkins - Be There
2026.10.03 12:29:13 plugins.music_plugin INFO     Metadata (spotify): Yvonne Kenny, John Shirley-Quirk, Sara Watkins - Impertinence, HWV 494
2026.10.03 12:29:13 core.youtube_handler INFO     Yükləmə cəhdi: cookies + mweb (PO token)
2026.10.03 12:29:14 core.depo_helpers    INFO     🤖 @dllmastercore3bot: flood 1295 san. — digər köməkçiyə keçilir
2026.10.03 12:29:14 aiogram.event        INFO     Update id=875928220 is handled. Duration 22 ms by bot id=8976652462
2026.10.03 12:29:14 plugins.music_plugin INFO     Metadata (spotify): Sara Watkins - Same Mistakes
2026.10.03 12:29:15 core.youtube_handler INFO     Yükləmə cəhdi: cookies + mweb (PO token)
2026.10.03 12:29:15 aiogram.event        INFO     Update id=875928221 is handled. Duration 236 ms by bot id=8976652462
2026.10.03 12:29:15 core.youtube_handler INFO     Yükləmə cəhdi: cookies + mweb (PO token)
2026.10.03 12:29:16 aiogram.event        INFO     Update id=875928222 is handled. Duration 0 ms by bot id=8976652462
2026.10.03 12:29:16 aiogram.event        INFO     Update id=875928223 is handled. Duration 15 ms by bot id=8976652462
2026.10.03 12:29:16 core.youtube_handler INFO     Yükləmə cəhdi: cookies + mweb (PO token)
2026.10.03 12:29:17 aiogram.event        INFO     Update id=875928224 is handled. Duration 10 ms by bot id=8976652462
2026.10.03 12:29:17 core.youtube_handler INFO     Yükləmə cəhdi: cookies + mweb (PO token)
2026.10.03 12:29:18 plugins.music_plugin INFO     Metadata (spotify): Yvonne Kenny, John Shirley-Quirk, Sara Watkins - Mi palpita il cor, HWV 132c: V. Aria
2026.10.03 12:29:18 core.youtube_handler INFO     Yükləmə cəhdi: cookies + mweb (PO token)
2026.10.03 12:29:18 plugins.music_plugin INFO     Metadata (spotify): John Shirley-Quirk, Sara Watkins, Osian Ellis - From Eight Folk Song Arrangements: No. 1, Bonny at Morn
2026.10.03 12:29:19 plugins.music_plugin INFO     Metadata (spotify): John Shirley-Quirk, Sara Watkins, Osian Ellis - Two Insect Pieces: No. 1, The Grasshopper
2026.10.03 12:29:19 core.youtube_handler INFO     Yükləmə cəhdi: cookies + mweb (PO token)
2026.10.03 12:29:19 plugins.music_plugin INFO     Metadata (spotify): Yvonne Kenny, John Shirley-Quirk, Sara Watkins - Duetto: Tacete, ohimè, tacete
2026.10.03 12:29:19 plugins.music_plugin INFO     Metadata (spotify): John Shirley-Quirk, Sara Watkins, Osian Ellis - Lord! I Married Me a Wife
2026.10.03 12:29:20 aiogram.event        INFO     Update id=875928225 is handled. Duration 63 ms by bot id=8976652462
2026.10.03 12:29:20 plugins.music_plugin INFO     Metadata (spotify): Yvonne Kenny, John Shirley-Quirk, Sara Watkins - Menuet
2026.10.03 12:29:20 core.youtube_handler INFO     Yükləmə cəhdi: cookies + mweb (PO token)
2026.10.03 12:29:20 aiogram.event        INFO     Update id=875928226 is handled. Duration 0 ms by bot id=8976652462
2026.10.03 12:29:21 aiogram.event        INFO     Update id=875928227 is handled. Duration 62 ms by bot id=8976652462
2026.10.03 12:29:21 aiogram.event        INFO     Update id=875928228 is handled. Duration 10 ms by bot id=8976652462
2026.10.03 12:29:21 core.youtube_handler INFO     Yükləmə cəhdi: cookies + mweb (PO token)
2026.10.03 12:29:21 plugins.music_plugin INFO     Metadata (spotify): John Shirley-Quirk, Sara Watkins, Osian Ellis - Tit for Tat: No. 3, Silver
2026.10.03 12:29:22 aiogram.event        INFO     Update id=875928229 is handled. Duration 0 ms by bot id=8976652462
2026.10.03 12:29:22 plugins.music_plugin INFO     Metadata (spotify): Yvonne Kenny, Sara Watkins, Martin Isepp - Deutsche Arien No. 8, HWV 210
2026.10.03 12:29:23 aiogram.event        INFO     Update id=875928230 is handled. Duration 0 ms by bot id=8976652462
2026.10.03 12:29:23 plugins.music_plugin INFO     Metadata (spotify): John Shirley-Quirk, Sara Watkins, Osian Ellis - Suite for Harp, Op. 83
2026.10.03 12:29:23 plugins.music_plugin INFO     Metadata (spotify): Yvonne Kenny, John Shirley-Quirk, Sara Watkins - Entrée
2026.10.03 12:29:23 aiogram.event        INFO     Update id=875928231 is handled. Duration 25 ms by bot id=8976652462
2026.10.03 12:29:23 core.youtube_handler INFO     Yükləmə cəhdi: cookies + mweb (PO token)
2026.10.03 12:29:23 plugins.music_plugin INFO     Metadata (spotify): John Shirley-Quirk, Sara Watkins, Osian Ellis - Tit for Tat: No. 1, A Song of Enchantment
2026.10.03 12:29:24 plugins.music_plugin INFO     Metadata (spotify): John Shirley-Quirk, Sara Watkins, Osian Ellis - Six Metamorphoses after Ovid, Op. 49: II. Phaeton
2026.10.03 12:29:24 plugins.music_plugin INFO     Metadata (spotify): Sara Watkins, Martin Isepp, George Frideric Handel - Sonata in C Minor for Oboe and Basso Continuo, HWV 366: III. Adagio
2026.10.03 12:29:24 core.youtube_handler INFO     Yükləmə cəhdi: cookies + mweb (PO token)
2026.10.03 12:29:24 aiogram.event        INFO     Update id=875928232 is handled. Duration 0 ms by bot id=8976652462
2026.10.03 12:29:25 aiogram.event        INFO     Update id=875928233 is handled. Duration 236 ms by bot id=8976652462
2026.10.03 12:29:25 core.youtube_handler INFO     Yükləmə cəhdi: cookies + mweb (PO token)
2026.10.03 12:29:26 aiogram.event        INFO     Update id=875928234 is handled. Duration 0 ms by bot id=8976652462
2026.10.03 12:29:26 aiogram.event        INFO     Update id=875928235 is handled. Duration 26 ms by bot id=8976652462
2026.10.03 12:29:26 aiogram.event        INFO     Update id=875928236 is handled. Duration 20 ms by bot id=8976652462
2026.10.03 12:29:26 core.youtube_handler INFO     Yükləmə cəhdi: cookies + mweb (PO token)
2026.10.03 12:29:26 plugins.music_plugin INFO     Metadata (spotify): John Shirley-Quirk, Sara Watkins, Osian Ellis - From Eight Folk Song Arrangements: No. 3, Bird Scarer's Song
2026.10.03 12:29:26 aiogram.event        INFO     Update id=875928237 is handled. Duration 0 ms by bot id=8976652462
2026.10.03 12:29:27 plugins.music_plugin INFO     Metadata (spotify): Yvonne Kenny, John Shirley-Quirk, Sara Watkins - Air
2026.10.03 12:29:27 plugins.music_plugin INFO     Metadata (spotify): John Shirley-Quirk, Sara Watkins, Osian Ellis - Six Metamorphoses after Ovid, Op. 49: IV. Bacchus
2026.10.03 12:29:27 core.youtube_handler INFO     Yükləmə cəhdi: cookies + mweb (PO token)
2026.10.03 12:29:28 plugins.music_plugin INFO     Metadata (spotify): Yvonne Kenny, John Shirley-Quirk, Sara Watkins - Concerto, Allegro
2026.10.03 12:29:28 aiogram.event        INFO     Update id=875928238 is handled. Duration 21 ms by bot id=8976652462
2026.10.03 12:29:28 core.youtube_handler INFO     Yükləmə cəhdi: cookies + mweb (PO token)
2026.10.03 12:29:29 core.youtube_handler INFO     Yükləmə cəhdi: cookies + mweb (PO token)
2026.10.03 12:29:29 aiogram.event        INFO     Update id=875928239 is handled. Duration 1 ms by bot id=8976652462
2026.10.03 12:29:29 telethon.client.updates INFO     Got difference for channel 1327565517 updates
2026.10.03 12:29:29 plugins.music_plugin INFO     Metadata (spotify): John Shirley-Quirk, Sara Watkins, Osian Ellis - Tit for Tat: No. 4, Vigil
2026.10.03 12:29:30 aiogram.event        INFO     Update id=875928240 is handled. Duration 0 ms by bot id=8976652462
2026.10.03 12:29:30 aiogram.event        INFO     Update id=875928241 is handled. Duration 368 ms by bot id=8976652462
2026.10.03 12:29:30 core.youtube_handler INFO     Yükləmə cəhdi: cookies + mweb (PO token)
2026.10.03 12:29:31 plugins.music_plugin INFO     Metadata (spotify): Sara Watkins, Martin Isepp, George Frideric Handel - Sonata in C Minor for Oboe and Basso Continuo, HWV 366: I. Largo
2026.10.03 12:29:31 core.youtube_handler INFO     Yükləmə cəhdi: cookies + mweb (PO token)
2026.10.03 12:29:31 aiogram.event        INFO     Update id=875928242 is handled. Duration 0 ms by bot id=8976652462
2026.10.03 12:29:32 plugins.music_plugin INFO     Metadata (spotify): John Shirley-Quirk, Sara Watkins, Osian Ellis - Tit for Tat: No. 2, Autumn
2026.10.03 12:29:32 core.youtube_handler INFO     Yükləmə cəhdi: cookies + mweb (PO token)
2026.10.03 12:29:33 plugins.music_plugin INFO     Metadata (spotify): John Shirley-Quirk, Sara Watkins, Osian Ellis - Six Metamorphoses after Ovid, Op. 49: VI. Arethusa
2026.10.03 12:29:33 aiogram.event        INFO     Update id=875928243 is handled. Duration 57 ms by bot id=8976652462
2026.10.03 12:29:33 core.youtube_handler INFO     Yükləmə cəhdi: cookies + mweb (PO token)
2026.10.03 12:29:34 core.youtube_handler INFO     Yükləmə cəhdi: cookies + mweb (PO token)
2026.10.03 12:29:34 core.youtube_handler INFO     Yükləmə cəhdi: cookies + mweb (PO token)
2026.10.03 12:29:34 telethon.client.updates INFO     Got difference for channel 3581682499 updates
2026.10.03 12:29:34 aiogram.event        INFO     Update id=875928244 is handled. Duration 0 ms by bot id=8976652462
2026.10.03 12:29:34 plugins.music_plugin INFO     Metadata (spotify): John Shirley-Quirk, Sara Watkins, Osian Ellis - Six Metamorphoses after Ovid, Op. 49: V. Narcissus
2026.10.03 12:29:35 core.youtube_handler INFO     Yükləmə cəhdi: cookies + mweb (PO token)
2026.10.03 12:29:35 plugins.music_plugin INFO     Metadata (spotify): John Shirley-Quirk, Sara Watkins, Osian Ellis - From Eight Folk Song Arrangements: No. 2, David of the White Rock
2026.10.03 12:29:35 aiogram.event        INFO     Update id=875928245 is handled. Duration 1 ms by bot id=8976652462
2026.10.03 12:29:36 plugins.music_plugin INFO     Metadata (spotify): Yvonne Kenny, John Shirley-Quirk, Sara Watkins - Mi palpita il cor, HWV 132c: II. Recitativo
2026.10.03 12:29:36 plugins.music_plugin INFO     Metadata (spotify): John Shirley-Quirk, Sara Watkins, Osian Ellis - Lemady
2026.10.03 12:29:37 core.youtube_handler INFO     Yükləmə cəhdi: cookies + mweb (PO token)
2026.10.03 12:29:37 aiogram.event        INFO     Update id=875928246 is handled. Duration 0 ms by bot id=8976652462
2026.10.03 12:29:38 plugins.music_plugin INFO     Metadata (spotify): Yvonne Kenny, John Shirley-Quirk, Sara Watkins - Mi palpita il cor, HWV 132c: III. Aria
2026.10.03 12:29:38 aiogram.event        INFO     Update id=875928247 is handled. Duration 7 ms by bot id=8976652462
2026.10.03 12:29:38 core.youtube_handler INFO     Yükləmə cəhdi: cookies + mweb (PO token)
2026.10.03 12:29:38 aiogram.event        INFO     Update id=875928248 is handled. Duration 0 ms by bot id=8976652462
2026.10.03 12:29:38 core.audio_cache     INFO     📦 Dublikat qarşısı: u8M2k1vhCGI → depodakı 'Sara Watkins - Pure Imagination'
2026.10.03 12:29:39 aiogram.event        INFO     Update id=875928249 is handled. Duration 0 ms by bot id=8976652462
2026.10.03 12:29:39 plugins.music_plugin INFO     Metadata (spotify): John Shirley-Quirk, Sara Watkins, Osian Ellis - Tit for Tat: No. 5, Tit for Tat
2026.10.03 12:29:40 core.audio_cache     INFO     📦 Dublikat qarşısı: V4t8Lih_9ME → depodakı 'Sara Watkins - Blue Shadows on the Trail (feat. Nickel Creek)'
2026.10.03 12:29:40 plugins.music_plugin INFO     Metadata (spotify): Yvonne Kenny, John Shirley-Quirk, Sara Watkins - Mi palpita il cor, HWV 132c: I. Aria
2026.10.03 12:29:41 core.audio_cache     INFO     📦 Dublikat qarşısı: 7fLDcYIylWo → depodakı 'Sara Watkins - Edelweiss'
2026.10.03 12:29:41 aiogram.event        INFO     Update id=875928250 is handled. Duration 0 ms by bot id=8976652462
2026.10.03 12:29:41 aiogram.event        INFO     Update id=875928251 is handled. Duration 31 ms by bot id=8976652462
2026.10.03 12:29:41 plugins.music_plugin INFO     Metadata (spotify): Yvonne Kenny, John Shirley-Quirk, Sara Watkins - Allegro
2026.10.03 12:29:41 aiogram.event        INFO     Update id=875928252 is handled. Duration 0 ms by bot id=8976652462
2026.10.03 12:29:42 core.audio_cache     INFO     📦 Dublikat qarşısı: cUOdIisNLK0 → depodakı 'Sara Watkins - Moon River'
2026.10.03 12:29:42 plugins.music_plugin INFO     Metadata (spotify): Yvonne Kenny, John Shirley-Quirk, Sara Watkins - Mi palpita il cor, HWV 132c: IV. Recitativo
2026.10.03 12:29:42 plugins.music_plugin INFO     Metadata (spotify): John Shirley-Quirk, Sara Watkins, Osian Ellis - Six Metamorphoses after Ovid, Op. 49: III. Niobe
2026.10.03 12:29:42 core.audio_cache     INFO     📦 Dublikat qarşısı: oiNe0cpZnnk → depodakı 'Sara Watkins - When You Wish Upon a Star'
2026.10.03 12:29:43 core.audio_cache     INFO     📦 Dublikat qarşısı: a4QlFt604y4 → depodakı 'Sara Watkins - Night Singing'
2026.10.03 12:29:43 core.audio_cache     INFO     📦 Dublikat qarşısı: UijvbDwQHcI → depodakı 'Sara Watkins - Tumbling Tumbleweeds (feat. I'm With Her)'
2026.10.03 12:29:43 core.audio_cache     INFO     📦 Dublikat qarşısı: -x9FvYSmRC8 → depodakı 'Sara Watkins - Blanket for a Sail'
2026.10.03 12:29:43 plugins.music_plugin INFO     Metadata (spotify): Sara Watkins, Martin Isepp, George Frideric Handel - Sonata in C Minor for Oboe and Basso Continuo, HWV 366: IV. Bourrée Anglaise, Allegro
2026.10.03 12:29:44 aiogram.event        INFO     Update id=875928253 is handled. Duration 36 ms by bot id=8976652462
2026.10.03 12:29:45 core.audio_cache     INFO     📦 Dublikat qarşısı: 0u2BqXQ36EE → depodakı 'Sara Watkins - You’ll Never Walk Alone'
2026.10.03 12:29:45 aiogram.event        INFO     Update id=875928254 is handled. Duration 110 ms by bot id=8976652462
2026.10.03 12:29:45 plugins.music_plugin INFO     Metadata (spotify): John Shirley-Quirk, Sara Watkins, Osian Ellis - Six Metamorphoses after Ovid, Op. 49: I. Pan
2026.10.03 12:29:45 core.audio_cache     INFO     📦 Dublikat qarşısı: GgYUalnb7YI → depodakı 'Sara Watkins - Stay Awake'
2026.10.03 12:29:45 aiogram.event        INFO     Update id=875928255 is handled. Duration 131 ms by bot id=8976652462
2026.10.03 12:29:46 aiogram.event        INFO     Update id=875928256 is handled. Duration 72 ms by bot id=8976652462
2026.10.03 12:29:46 plugins.music_plugin INFO     Metadata (spotify): Rhiannon Ashley, Lowri Davies, Lowri Evans - Ave Maria (Angelus Domini)
2026.10.03 12:29:46 core.audio_cache     INFO     📦 Dublikat qarşısı: onlM_lBSGFs → depodakı 'Sara Watkins - Good Night'
2026.10.03 12:29:47 aiogram.event        INFO     Update id=875928257 is handled. Duration 1 ms by bot id=8976652462
2026.10.03 12:29:47 core.audio_cache     INFO     📦 Dublikat qarşısı: -f3cEVPkyKc → depodakı 'Sara Watkins - Young in All the Wrong Ways'
2026.10.03 12:29:48 core.audio_cache     INFO     📦 Dublikat qarşısı: yO0ph_roNbs → depodakı 'Sara Watkins - Move Me'
2026.10.03 12:29:48 core.audio_cache     INFO     📦 Dublikat qarşısı: uvdj_x9xQok → depodakı 'Sara Watkins - The Love That Got Away'
2026.10.03 12:29:49 core.audio_cache     INFO     📦 Dublikat qarşısı: KtzC-TrH5VQ → depodakı 'Sara Watkins - One Last Time'
2026.10.03 12:29:50 core.audio_cache     INFO     📦 Dublikat qarşısı: ftR-KEBCnbw → depodakı 'Sara Watkins - Say So'
2026.10.03 12:29:50 core.audio_cache     INFO     📦 Dublikat qarşısı: JXbjf4fER6c → depodakı 'Sara Watkins - Without a Word'
2026.10.03 12:29:50 aiogram.event        INFO     Update id=875928258 is handled. Duration 15 ms by bot id=8976652462
2026.10.03 12:29:51 core.audio_cache     INFO     📦 Dublikat qarşısı: JpHMtyrZhdk → depodakı 'Sara Watkins - Like New Year's Day'
2026.10.03 12:29:51 core.audio_cache     INFO     📦 Dublikat qarşısı: 9g2bQSfEswQ → depodakı 'Sara Watkins - The Truth Won't Set Us Free'
2026.10.03 12:29:51 core.audio_cache     INFO     📦 Dublikat qarşısı: eLpBPiGt248 → depodakı 'Sara Watkins - Take up Your Spade'
2026.10.03 12:29:51 core.audio_cache     INFO     📦 Dublikat qarşısı: bTmjv0vRTEc → depodakı 'Sara Watkins - Tenderhearted'
2026.10.03 12:29:51 core.audio_cache     INFO     📦 Dublikat qarşısı: ng1AiZlAqR4 → depodakı 'Sara Watkins - When It Pleases You'
2026.10.03 12:29:51 core.audio_cache     INFO     📦 Dublikat qarşısı: MnC5lX5NKUM → depodakı 'Sara Watkins - Invisible'
2026.10.03 12:29:52 plugins.music_plugin INFO     Metadata (spotify): John Shirley-Quirk, Sara Watkins, Osian Ellis - Two Insect Pieces: No. 2, The Wasp
2026.10.03 12:29:53 core.youtube_handler INFO     Yükləmə cəhdi: cookies + mweb (PO token)
2026.10.03 12:29:54 core.youtube_handler INFO     Yükləmə cəhdi: cookies + mweb (PO token)
2026.10.03 12:29:54 aiogram.event        INFO     Update id=875928259 is handled. Duration 27 ms by bot id=8976652462
2026.10.03 12:29:54 core.youtube_handler INFO     Yükləmə cəhdi: cookies + mweb (PO token)
2026.10.03 12:29:55 core.audio_cache     INFO     📦 Dublikat qarşısı: fCL7hfNntP0 → depodakı 'Sara Watkins - The Holidays With You'
2026.10.03 12:29:55 core.youtube_handler INFO     Yükləmə cəhdi: cookies + mweb (PO token)
2026.10.03 12:29:56 core.youtube_handler INFO     Yükləmə cəhdi: cookies + mweb (PO token)
2026.10.03 12:29:56 core.youtube_handler INFO     Yükləmə cəhdi: cookies + mweb (PO token)
2026.10.03 12:29:57 core.youtube_handler INFO     Yükləmə cəhdi: cookies + mweb (PO token)
2026.10.03 12:29:58 core.youtube_handler INFO     Yükləmə cəhdi: cookies + mweb (PO token)
2026.10.03 12:29:59 core.youtube_handler INFO     Yükləmə cəhdi: cookies + mweb (PO token)
2026.10.03 12:29:59 core.youtube_handler INFO     Yükləmə cəhdi: cookies + mweb (PO token)
2026.10.03 12:30:00 core.youtube_handler INFO     Yükləmə cəhdi: cookies + mweb (PO token)
2026.10.03 12:30:01 core.youtube_handler INFO     Yükləmə cəhdi: cookies + mweb (PO token)
2026.10.03 12:30:01 core.youtube_handler INFO     Yükləmə cəhdi: cookies + mweb (PO token)
2026.10.03 12:30:02 core.youtube_handler INFO     Yükləmə cəhdi: cookies + mweb (PO token)
2026.10.03 12:30:03 core.youtube_handler INFO     Yükləmə cəhdi: cookies + mweb (PO token)
2026.10.03 12:30:04 core.youtube_handler INFO     Yükləmə cəhdi: cookies + mweb (PO token)
2026.10.03 12:30:04 plugins.music_plugin INFO     Metadata (spotify): Jonah Kagen - God Needs The Devil
2026.10.03 12:30:05 core.youtube_handler INFO     Yükləmə cəhdi: cookies + mweb (PO token)
2026.10.03 12:30:06 core.youtube_handler INFO     Yükləmə cəhdi: cookies + mweb (PO token)
2026.10.03 12:30:06 plugins.music_plugin INFO     Metadata (spotify): Jonah Kagen - The Roads
2026.10.03 12:30:06 plugins.music_plugin INFO     Metadata (spotify): Jonah Kagen - Save My Soul
2026.10.03 12:30:06 core.youtube_handler INFO     Yükləmə cəhdi: cookies + mweb (PO token)
2026.10.03 12:30:07 aiogram.event        INFO     Update id=875928260 is handled. Duration 29 ms by bot id=8976652462
2026.10.03 12:30:07 core.youtube_handler INFO     Yükləmə cəhdi: cookies + mweb (PO token)
2026.10.03 12:30:07 plugins.music_plugin INFO     Metadata (spotify): Jonah Kagen, Sam Barber - Burn Me
2026.10.03 12:30:08 core.youtube_handler INFO     Yükləmə cəhdi: cookies + mweb (PO token)
2026.10.03 12:30:08 core.youtube_handler INFO     Yükləmə cəhdi: cookies + mweb (PO token)
2026.10.03 12:30:08 core.youtube_handler INFO     Yükləmə cəhdi: cookies + mweb (PO token)
2026.10.03 12:30:08 plugins.music_plugin INFO     Metadata (spotify): Jonah Kagen - broken
2026.10.03 12:30:08 aiogram.event        INFO     Update id=875928261 is handled. Duration 16 ms by bot id=8976652462
2026.10.03 12:30:08 core.youtube_handler INFO     Yükləmə cəhdi: cookies + mweb (PO token)
2026.10.03 12:30:09 core.youtube_handler INFO     Yükləmə cəhdi: cookies + mweb (PO token)
2026.10.03 12:30:09 plugins.music_plugin INFO     Metadata (spotify): Jonah Kagen - Moon
2026.10.03 12:30:09 aiogram.event        INFO     Update id=875928262 is handled. Duration 1 ms by bot id=8976652462
2026.10.03 12:30:10 plugins.music_plugin INFO     Metadata (spotify): Jonah Kagen - broken (Acoustic)
2026.10.03 12:30:10 core.youtube_handler INFO     Yükləmə cəhdi: cookies + mweb (PO token)
2026.10.03 12:30:10 aiogram.event        INFO     Update id=875928263 is handled. Duration 41 ms by bot id=8976652462
2026.10.03 12:30:10 plugins.music_plugin INFO     Metadata (spotify): Jonah Kagen - Don't Feel Right
2026.10.03 12:30:11 core.youtube_handler INFO     Yükləmə cəhdi: cookies + mweb (PO token)
2026.10.03 12:30:11 plugins.music_plugin INFO     Metadata (spotify): Jonah Kagen - Black Lung
2026.10.03 12:30:11 aiogram.event        INFO     Update id=875928264 is handled. Duration 62 ms by bot id=8976652462
2026.10.03 12:30:11 plugins.music_plugin INFO     Metadata (spotify): Jonah Kagen - Turbulence
2026.10.03 12:30:12 core.youtube_handler INFO     Yükləmə cəhdi: cookies + mweb (PO token)
2026.10.03 12:30:12 plugins.music_plugin INFO     Metadata (spotify): Jonah Kagen - Matches
2026.10.03 12:30:12 core.youtube_handler INFO     Yükləmə cəhdi: cookies + mweb (PO token)
2026.10.03 12:30:12 plugins.music_plugin INFO     Metadata (spotify): Jonah Kagen - You Again
2026.10.03 12:30:12 aiogram.event        INFO     Update id=875928266 is handled. Duration 1 ms by bot id=8976652462
2026.10.03 12:30:13 core.youtube_handler INFO     Yükləmə cəhdi: cookies + mweb (PO token)
2026.10.03 12:30:13 core.youtube_handler INFO     Yükləmə cəhdi: cookies + mweb (PO token)
2026.10.03 12:30:13 aiogram.event        INFO     Update id=875928265 is handled. Duration 1292 ms by bot id=8976652462
2026.10.03 12:30:13 core.youtube_handler INFO     Yükləmə cəhdi: cookies + mweb (PO token)
2026.10.03 12:30:13 core.youtube_handler INFO     Yükləmə cəhdi: cookies + mweb (PO token)
2026.10.03 12:30:13 plugins.depo_filler_plugin INFO     🎵 YTM Emilie-Claire Barlow: 281 mahnı (+281 növbəyə, 0 artıq depoda), +10 yeni ifaçı
2026.10.03 12:30:14 plugins.music_plugin INFO     Metadata (spotify): Jonah Kagen - God Needs The Devil (alt version)
2026.10.03 12:30:14 aiogram.event        INFO     Update id=875928267 is handled. Duration 0 ms by bot id=8976652462
2026.10.03 12:30:14 aiogram.event        INFO     Update id=875928268 is handled. Duration 1 ms by bot id=8976652462
2026.10.03 12:30:14 aiogram.event        INFO     Update id=875928269 is handled. Duration 0 ms by bot id=8976652462
2026.10.03 12:30:15 plugins.music_plugin INFO     Metadata (spotify): Jonah Kagen - This Life Ain't Easy
2026.10.03 12:30:15 plugins.music_plugin INFO     Metadata (spotify): Jonah Kagen - The Reaper
2026.10.03 12:30:16 aiogram.event        INFO     Update id=875928270 is handled. Duration 5 ms by bot id=8976652462
2026.10.03 12:30:16 plugins.music_plugin INFO     Metadata (spotify): Jonah Kagen - Don't You Give Up On Me Yet
2026.10.03 12:30:16 core.youtube_handler INFO     Yükləmə cəhdi: cookies + mweb (PO token)
2026.10.03 12:30:17 aiogram.event        INFO     Update id=875928271 is handled. Duration 51 ms by bot id=8976652462
2026.10.03 12:30:17 core.youtube_handler INFO     Yükləmə cəhdi: cookies + mweb (PO token)
2026.10.03 12:30:17 aiogram.event        INFO     Update id=875928272 is handled. Duration 174 ms by bot id=8976652462
2026.10.03 12:30:18 plugins.music_plugin INFO     Metadata (spotify): Jonah Kagen - Catching A Dream
2026.10.03 12:30:18 core.youtube_handler INFO     Yükləmə cəhdi: cookies + mweb (PO token)
2026.10.03 12:30:18 plugins.music_plugin INFO     Metadata (spotify): Jonah Kagen - Pollution
2026.10.03 12:30:19 core.youtube_handler INFO     Yükləmə cəhdi: cookies + mweb (PO token)
2026.10.03 12:30:19 aiogram.event        INFO     Update id=875928273 is handled. Duration 0 ms by bot id=8976652462
2026.10.03 12:30:19 plugins.music_plugin INFO     Metadata (spotify): Jonah Kagen - Light in the End
2026.10.03 12:30:19 core.youtube_handler INFO     Yükləmə cəhdi: cookies + mweb (PO token)
2026.10.03 12:30:19 aiogram.event        INFO     Update id=875928274 is handled. Duration 27 ms by bot id=8976652462
2026.10.03 12:30:20 core.youtube_handler INFO     Yükləmə cəhdi: cookies + mweb (PO token)
2026.10.03 12:30:20 plugins.music_plugin INFO     Metadata (spotify): Jonah Kagen - Same Wind
2026.10.03 12:30:20 aiogram.event        INFO     Update id=875928275 is handled. Duration 51 ms by bot id=8976652462
2026.10.03 12:30:20 core.youtube_handler INFO     Yükləmə cəhdi: cookies + mweb (PO token)
2026.10.03 12:30:21 core.youtube_handler INFO     Yükləmə cəhdi: cookies + mweb (PO token)
2026.10.03 12:30:21 aiogram.event        INFO     Update id=875928276 is handled. Duration 0 ms by bot id=8976652462
2026.10.03 12:30:21 aiogram.event        INFO     Update id=875928277 is handled. Duration 20 ms by bot id=8976652462
2026.10.03 12:30:22 plugins.music_plugin INFO     Metadata (spotify): Jonah Kagen - Drowning
2026.10.03 12:30:22 plugins.music_plugin INFO     Metadata (spotify): Jonah Kagen - georgia
2026.10.03 12:30:22 core.youtube_handler INFO     Yükləmə cəhdi: cookies + mweb (PO token)
2026.10.03 12:30:22 plugins.music_plugin INFO     Metadata (spotify): Jonah Kagen - Matches (alt version)
2026.10.03 12:30:22 core.youtube_handler INFO     Yükləmə cəhdi: cookies + mweb (PO token)
2026.10.03 12:30:22 core.youtube_handler INFO     Yükləmə cəhdi: cookies + mweb (PO token)
2026.10.03 12:30:22 aiogram.event        INFO     Update id=875928278 is handled. Duration 0 ms by bot id=8976652462
2026.10.03 12:30:22 plugins.music_plugin INFO     Metadata (spotify): Jonah Kagen - Tennessee Girl
2026.10.03 12:30:23 plugins.music_plugin INFO     Metadata (spotify): Jonah Kagen - graveyard shift
2026.10.03 12:30:23 plugins.music_plugin INFO     Metadata (spotify): Jonah Kagen - hill that i'll die on
2026.10.03 12:30:24 plugins.music_plugin INFO     Metadata (spotify): Jonah Kagen - Simon
2026.10.03 12:30:24 aiogram.event        INFO     Update id=875928279 is handled. Duration 31 ms by bot id=8976652462
2026.10.03 12:30:24 core.youtube_handler INFO     Yükləmə cəhdi: cookies + mweb (PO token)
2026.10.03 12:30:24 plugins.music_plugin INFO     Metadata (spotify): Jonah Kagen - Candy Land
2026.10.03 12:30:25 aiogram.event        INFO     Update id=875928280 is handled. Duration 0 ms by bot id=8976652462
2026.10.03 12:30:25 aiogram.event        INFO     Update id=875928281 is handled. Duration 0 ms by bot id=8976652462
2026.10.03 12:30:25 aiogram.event        INFO     Update id=875928282 is handled. Duration 0 ms by bot id=8976652462
2026.10.03 12:30:25 aiogram.event        INFO     Update id=875928283 is handled. Duration 1 ms by bot id=8976652462
2026.10.03 12:30:26 plugins.music_plugin INFO     Metadata (spotify): Jonah Kagen - 18
2026.10.03 12:30:26 plugins.music_plugin INFO     Metadata (spotify): Jonah Kagen - colorado
2026.10.03 12:30:26 aiogram.event        INFO     Update id=875928284 is handled. Duration 52 ms by bot id=8976652462
2026.10.03 12:30:26 core.audio_cache     INFO     📦 Dublikat qarşısı: vAmTxYFhRsM → depodakı 'Jonah Kagen - Black Lung'
2026.10.03 12:30:27 plugins.music_plugin INFO     Metadata (spotify): Jonah Kagen - Wish You Did
2026.10.03 12:30:27 aiogram.event        INFO     Update id=875928285 is handled. Duration 0 ms by bot id=8976652462
2026.10.03 12:30:27 aiogram.event        INFO     Update id=875928286 is handled. Duration 245 ms by bot id=8976652462
2026.10.03 12:30:27 aiogram.event        INFO     Update id=875928287 is handled. Duration 256 ms by bot id=8976652462
2026.10.03 12:30:27 telethon.client.updates INFO     Got difference for channel 1450190758 updates
2026.10.03 12:30:27 core.audio_cache     INFO     📦 Dublikat qarşısı: sKyAyes1uzA → depodakı 'Jonah Kagen - The Reaper'
2026.10.03 12:30:28 plugins.music_plugin INFO     Metadata (spotify): Jonah Kagen - Sunflowers and Leather
2026.10.03 12:30:28 aiogram.event        INFO     Update id=875928288 is handled. Duration 0 ms by bot id=8976652462
2026.10.03 12:30:28 aiogram.event        INFO     Update id=875928289 is handled. Duration 0 ms by bot id=8976652462
2026.10.03 12:30:29 plugins.music_plugin INFO     Metadata (spotify): Jonah Kagen - barcelona
2026.10.03 12:30:30 aiogram.event        INFO     Update id=875928290 is handled. Duration 32 ms by bot id=8976652462
2026.10.03 12:30:30 aiogram.event        INFO     Update id=875928291 is handled. Duration 0 ms by bot id=8976652462
2026.10.03 12:30:30 core.audio_cache     INFO     📦 Dublikat qarşısı: ffh4wjbim-g → depodakı 'Jonah Kagen - You Again'
2026.10.03 12:30:31 plugins.music_plugin INFO     Metadata (spotify): Jonah Kagen - Enough
2026.10.03 12:30:31 core.audio_cache     INFO     📦 Dublikat qarşısı: wlOltQVJNiA → depodakı 'Jonah Kagen - Light in the End'
2026.10.03 12:30:32 plugins.music_plugin INFO     Metadata (spotify): Jonah Kagen - Talkin' About Jesus
2026.10.03 12:30:32 plugins.music_plugin INFO     Metadata (spotify): Jonah Kagen - CHEMICALS!
2026.10.03 12:30:32 core.audio_cache     INFO     📦 Dublikat qarşısı: hYRdE05BXSo → depodakı 'Jonah Kagen, Sam Barber - Burn Me'
2026.10.03 12:30:33 aiogram.event        INFO     Update id=875928292 is handled. Duration 155 ms by bot id=8976652462
2026.10.03 12:30:33 core.audio_cache     INFO     📦 Dublikat qarşısı: vJLsft7LI8I → depodakı 'Jonah Kagen - hill that i'll die on'
2026.10.03 12:30:34 plugins.music_plugin INFO     Metadata (spotify): Jonah Kagen - Anvil
2026.10.03 12:30:34 core.audio_cache     INFO     📦 Dublikat qarşısı: BO9yDr_MkUw → depodakı 'Jonah Kagen - graveyard shift'
2026.10.03 12:30:34 aiogram.event        INFO     Update id=875928293 is handled. Duration 82 ms by bot id=8976652462
2026.10.03 12:30:34 plugins.music_plugin INFO     Metadata (spotify): Jonah Kagen - Krissy
2026.10.03 12:30:34 plugins.music_plugin INFO     Metadata (spotify): Jonah Kagen - Belong
2026.10.03 12:30:34 plugins.music_plugin INFO     Metadata (spotify): Jonah Kagen - When My Ashes Turn White
2026.10.03 12:30:34 aiogram.event        INFO     Update id=875928294 is handled. Duration 0 ms by bot id=8976652462
2026.10.03 12:30:35 core.audio_cache     INFO     📦 Dublikat qarşısı: zGV1y2s0QjE → depodakı 'Jonah Kagen - Simon'
2026.10.03 12:30:35 plugins.music_plugin INFO     Metadata (spotify): Jonah Kagen, Lily Meola - Made Up My Mind
2026.10.03 12:30:35 aiogram.event        INFO     Update id=875928295 is handled. Duration 130 ms by bot id=8976652462
2026.10.03 12:30:35 core.audio_cache     INFO     📦 Dublikat qarşısı: O_KL2cCvSE4 → depodakı 'Jonah Kagen - georgia'
2026.10.03 12:30:36 core.audio_cache     INFO     📦 Dublikat qarşısı: 7s5K_rOqKXM → depodakı 'Jonah Kagen - broken'
2026.10.03 12:30:36 plugins.music_plugin INFO     Metadata (spotify): Matoma, Jonah Kagen - Summer Feeling (Acoustic)
2026.10.03 12:30:36 core.audio_cache     INFO     📦 Dublikat qarşısı: UXV0MfVbDV0 → depodakı 'Jonah Kagen - Don't Feel Right'
2026.10.03 12:30:37 aiogram.event        INFO     Update id=875928296 is handled. Duration 30 ms by bot id=8976652462
2026.10.03 12:30:37 plugins.music_plugin INFO     Metadata (spotify): Jonah Kagen - I'm Around
2026.10.03 12:30:37 aiogram.event        INFO     Update id=875928297 is handled. Duration 41 ms by bot id=8976652462
2026.10.03 12:30:37 aiogram.event        INFO     Update id=875928298 is handled. Duration 66 ms by bot id=8976652462
2026.10.03 12:30:37 plugins.music_plugin INFO     Metadata (spotify): Jonah Kagen - Catching A Dream (Sam Feldt Remix)
2026.10.03 12:30:37 aiogram.event        INFO     Update id=875928299 is handled. Duration 0 ms by bot id=8976652462
2026.10.03 12:30:38 aiogram.event        INFO     Update id=875928300 is handled. Duration 98 ms by bot id=8976652462
2026.10.03 12:30:38 core.audio_cache     INFO     📦 Dublikat qarşısı: kQEDEt7yfoM → depodakı 'Jonah Kagen - Candy Land'
2026.10.03 12:30:38 plugins.music_plugin INFO     Metadata (spotify): Jonah Kagen - Angel Yesterday
2026.10.03 12:30:38 core.audio_cache     INFO     📦 Dublikat qarşısı: LkAvm9-2jGQ → depodakı 'Jonah Kagen - God Needs The Devil'
2026.10.03 12:30:39 core.audio_cache     INFO     📦 Dublikat qarşısı: baambCDEv10 → depodakı 'Jonah Kagen - Don't You Give Up On Me Yet'
2026.10.03 12:30:39 core.audio_cache     INFO     📦 Dublikat qarşısı: 3idJ0_47vMM → depodakı 'Jonah Kagen - Same Wind'
2026.10.03 12:30:39 core.audio_cache     INFO     📦 Dublikat qarşısı: GdrTiEMDjjU → depodakı 'Jonah Kagen - Matches (alt version)'
2026.10.03 12:30:39 aiogram.event        INFO     Update id=875928301 is handled. Duration 10 ms by bot id=8976652462
2026.10.03 12:30:39 aiogram.event        INFO     Update id=875928302 is handled. Duration 0 ms by bot id=8976652462
2026.10.03 12:30:40 core.audio_cache     INFO     📦 Dublikat qarşısı: 4ihsskSEvJE → depodakı 'Jonah Kagen - Matches'
2026.10.03 12:30:40 core.audio_cache     INFO     📦 Dublikat qarşısı: mEI5ywHJ55I → depodakı 'Jonah Kagen - Pollution'
2026.10.03 12:30:41 core.audio_cache     INFO     📦 Dublikat qarşısı: DQ8FJw7lnWM → depodakı 'Jonah Kagen - God Needs The Devil (alt version)'
2026.10.03 12:30:41 aiogram.event        INFO     Update id=875928303 is handled. Duration 26 ms by bot id=8976652462
2026.10.03 12:30:42 core.audio_cache     INFO     📦 Dublikat qarşısı: H6RBCf3OS38 → depodakı 'Jonah Kagen - The Roads'
2026.10.03 12:30:42 core.audio_cache     INFO     📦 Dublikat qarşısı: JshOfziFEt4 → depodakı 'Jonah Kagen - barcelona'
2026.10.03 12:30:44 core.audio_cache     INFO     📦 Dublikat qarşısı: ylZCk1UMJF8 → depodakı 'Jonah Kagen - Save My Soul'
2026.10.03 12:30:44 core.audio_cache     INFO     📦 Dublikat qarşısı: UYFepFhfxTc → depodakı 'Jonah Kagen - Turbulence'
2026.10.03 12:30:44 core.audio_cache     INFO     📦 Dublikat qarşısı: u4ew5Ym7qZ4 → depodakı 'Jonah Kagen - Drowning'
2026.10.03 12:30:44 core.audio_cache     INFO     📦 Dublikat qarşısı: KQwsF80yrvA → depodakı 'Jonah Kagen - Enough'
2026.10.03 12:30:44 core.audio_cache     INFO     📦 Dublikat qarşısı: G3_ltblneEc → depodakı 'Jonah Kagen - 18'
2026.10.03 12:30:45 core.youtube_handler INFO     Yükləmə cəhdi: cookies + mweb (PO token)
2026.10.03 12:30:45 core.audio_cache     INFO     📦 Dublikat qarşısı: wX0Oyc3wYns → depodakı 'Jonah Kagen - This Life Ain't Easy'
2026.10.03 12:30:45 core.youtube_handler INFO     Yükləmə cəhdi: cookies + mweb (PO token)
2026.10.03 12:30:47 core.youtube_handler INFO     Yükləmə cəhdi: cookies + mweb (PO token)
2026.10.03 12:30:48 core.audio_cache     INFO     📦 Dublikat qarşısı: 0BSwlAA_DhA → depodakı 'Jonah Kagen - Catching A Dream'
2026.10.03 12:30:48 core.audio_cache     INFO     📦 Dublikat qarşısı: _t2FjN1t7Yc → depodakı 'Jonah Kagen - Talkin' About Jesus'
2026.10.03 12:30:48 core.audio_cache     INFO     📦 Dublikat qarşısı: DDa6QDX1U6g → depodakı 'Jonah Kagen - Moon'
2026.10.03 12:30:49 core.youtube_handler INFO     Yükləmə cəhdi: cookies + mweb (PO token)
2026.10.03 12:30:49 core.audio_cache     INFO     📦 Dublikat qarşısı: tzUsjP9GSq8 → depodakı 'Jonah Kagen - Belong'
2026.10.03 12:30:49 core.audio_cache     INFO     📦 Dublikat qarşısı: -s7gqkEQAC8 → depodakı 'Jonah Kagen - Wish You Did'
2026.10.03 12:30:49 aiogram.event        INFO     Update id=875928304 is handled. Duration 41 ms by bot id=8976652462
2026.10.03 12:30:49 core.audio_cache     INFO     📦 Dublikat qarşısı: LPbiTCQf43A → depodakı 'Jonah Kagen - broken (Acoustic)'
2026.10.03 12:30:50 core.youtube_handler INFO     Yükləmə cəhdi: cookies + mweb (PO token)
2026.10.03 12:30:51 core.youtube_handler INFO     Yükləmə cəhdi: cookies + mweb (PO token)
2026.10.03 12:30:52 core.youtube_handler INFO     Yükləmə cəhdi: cookies + mweb (PO token)
2026.10.03 12:30:52 core.youtube_handler INFO     Yükləmə cəhdi: cookies + mweb (PO token)
2026.10.03 12:30:53 core.youtube_handler INFO     Yükləmə cəhdi: cookies + mweb (PO token)
2026.10.03 12:30:54 core.youtube_handler INFO     Yükləmə cəhdi: cookies + mweb (PO token)
2026.10.03 12:30:54 core.youtube_handler INFO     Yükləmə cəhdi: cookies + mweb (PO token)
2026.10.03 12:30:55 core.youtube_handler INFO     Yükləmə cəhdi: cookies + mweb (PO token)
2026.10.03 12:30:56 core.youtube_handler INFO     Yükləmə cəhdi: cookies + mweb (PO token)
2026.10.03 12:30:56 core.audio_cache     INFO     📦 Dublikat qarşısı: F0d4fCaECiw → depodakı 'Jonah Kagen - When My Ashes Turn White'
2026.10.03 12:30:57 core.youtube_handler INFO     Yükləmə cəhdi: cookies + mweb (PO token)
2026.10.03 12:30:57 core.youtube_handler INFO     Yükləmə cəhdi: cookies + mweb (PO token)
2026.10.03 12:30:57 core.youtube_handler INFO     Yükləmə cəhdi: cookies + mweb (PO token)
2026.10.03 12:30:57 core.youtube_handler INFO     Yükləmə cəhdi: cookies + mweb (PO token)
2026.10.03 12:30:57 core.youtube_handler INFO     Yükləmə cəhdi: cookies + mweb (PO token)
2026.10.03 12:30:57 core.youtube_handler INFO     Yükləmə cəhdi: cookies + mweb (PO token)
2026.10.03 12:30:57 core.youtube_handler INFO     Yükləmə cəhdi: cookies + mweb (PO token)
2026.10.03 12:30:57 core.youtube_handler INFO     Yükləmə cəhdi: cookies + mweb (PO token)
2026.10.03 12:30:57 core.youtube_handler INFO     Yükləmə cəhdi: cookies + mweb (PO token)
2026.10.03 12:30:57 core.youtube_handler INFO     Yükləmə cəhdi: cookies + mweb (PO token)
2026.10.03 12:30:57 core.youtube_handler INFO     Yükləmə cəhdi: cookies + mweb (PO token)
2026.10.03 12:30:57 core.audio_cache     INFO     📦 Dublikat qarşısı: u3LabtU7N9s → depodakı 'Jonah Kagen - Catching A Dream (Sam Feldt Remix)'
2026.10.03 12:30:58 plugins.music_plugin INFO     Metadata (spotify): Emilie-Claire Barlow - Les yeux ouverts (dream a little dream of me)
2026.10.03 12:30:58 plugins.music_plugin INFO     Metadata (spotify): Emilie-Claire Barlow - C'est si bon
2026.10.03 12:30:59 telethon.client.updates INFO     Got difference for channel 1327565517 updates
2026.10.03 12:30:59 plugins.music_plugin INFO     Metadata (spotify): Emilie-Claire Barlow - Des croissants de soleil
2026.10.03 12:31:00 aiogram.event        INFO     Update id=875928305 is handled. Duration 34 ms by bot id=8976652462
2026.10.03 12:31:00 core.youtube_handler INFO     Yükləmə cəhdi: cookies + mweb (PO token)
2026.10.03 12:31:01 plugins.music_plugin INFO     Metadata (spotify): Jonah Kagen, Lily Meola - Made Up My Mind
2026.10.03 12:31:01 aiogram.event        INFO     Update id=875928306 is handled. Duration 37 ms by bot id=8976652462
2026.10.03 12:31:01 core.youtube_handler INFO     Yükləmə cəhdi: cookies + mweb (PO token)
2026.10.03 12:31:01 core.youtube_handler INFO     Yükləmə cəhdi: cookies + mweb (PO token)
2026.10.03 12:31:02 plugins.music_plugin INFO     Metadata (spotify): Emilie-Claire Barlow - Breaking up Is Hard to Do
2026.10.03 12:31:02 core.youtube_handler INFO     Yükləmə cəhdi: cookies + mweb (PO token)
2026.10.03 12:31:02 aiogram.event        INFO     Update id=875928307 is handled. Duration 0 ms by bot id=8976652462
2026.10.03 12:31:03 plugins.music_plugin INFO     Metadata (spotify): Emilie-Claire Barlow - Don't Think Twice, It's Alright
2026.10.03 12:31:03 core.youtube_handler INFO     Yükləmə cəhdi: cookies + mweb (PO token)
2026.10.03 12:31:03 plugins.music_plugin INFO     Metadata (spotify): Emilie-Claire Barlow - The Very Thought of You
2026.10.03 12:31:04 core.youtube_handler INFO     Yükləmə cəhdi: cookies + mweb (PO token)
2026.10.03 12:31:04 core.youtube_handler INFO     Yükləmə cəhdi: cookies + mweb (PO token)
2026.10.03 12:31:04 plugins.music_plugin INFO     Metadata (spotify): Emilie-Claire Barlow - I'm Glad There Is You
2026.10.03 12:31:05 aiogram.event        INFO     Update id=875928308 is handled. Duration 0 ms by bot id=8976652462
2026.10.03 12:31:05 plugins.music_plugin INFO     Metadata (spotify): Emilie-Claire Barlow - Les yeux ouverts
2026.10.03 12:31:06 aiogram.event        INFO     Update id=875928309 is handled. Duration 0 ms by bot id=8976652462
2026.10.03 12:31:06 aiogram.event        INFO     Update id=875928310 is handled. Duration 3 ms by bot id=8976652462
2026.10.03 12:31:07 plugins.music_plugin INFO     Metadata (spotify): Emilie-Claire Barlow - La belle dame sans regret
2026.10.03 12:31:07 core.youtube_handler INFO     Yükləmə cəhdi: cookies + mweb (PO token)
2026.10.03 12:31:07 core.depo_helpers    INFO     🤖 @dllmastercore6bot: flood 1183 san. — digər köməkçiyə keçilir
2026.10.03 12:31:07 aiogram.event        INFO     Update id=875928311 is handled. Duration 0 ms by bot id=8976652462
2026.10.03 12:31:08 plugins.music_plugin INFO     Metadata (spotify): Emilie-Claire Barlow - Jardin d'hiver
2026.10.03 12:31:09 plugins.music_plugin INFO     Metadata (spotify): Emilie-Claire Barlow - Almost Like Being in Love
2026.10.03 12:31:09 core.youtube_handler INFO     Yükləmə cəhdi: cookies + mweb (PO token)
2026.10.03 12:31:09 plugins.music_plugin INFO     Metadata (spotify): Emilie-Claire Barlow - So Many Stars
2026.10.03 12:31:09 core.youtube_handler INFO     Yükləmə cəhdi: cookies + mweb (PO token)
2026.10.03 12:31:10 aiogram.event        INFO     Update id=875928312 is handled. Duration 0 ms by bot id=8976652462
2026.10.03 12:31:10 plugins.music_plugin INFO     Metadata (spotify): Emilie-Claire Barlow - Bird of Beauty
2026.10.03 12:31:10 aiogram.event        INFO     Update id=875928313 is handled. Duration 16 ms by bot id=8976652462
2026.10.03 12:31:10 plugins.music_plugin INFO     Metadata (spotify): Emilie-Claire Barlow - You Make Me Feel so Young
2026.10.03 12:31:10 plugins.music_plugin INFO     Metadata (spotify): Emilie-Claire Barlow - Chez moi
2026.10.03 12:31:11 core.youtube_handler INFO     Yükləmə cəhdi: cookies + mweb (PO token)
2026.10.03 12:31:11 core.youtube_handler INFO     Yükləmə cəhdi: cookies + mweb (PO token)
2026.10.03 12:31:11 plugins.music_plugin INFO     Metadata (spotify): Emilie-Claire Barlow - Yester-Me, Yester-You, Yesterday
2026.10.03 12:31:11 aiogram.event        INFO     Update id=875928314 is handled. Duration 0 ms by bot id=8976652462
2026.10.03 12:31:11 aiogram.event        INFO     Update id=875928315 is handled. Duration 0 ms by bot id=8976652462
2026.10.03 12:31:12 plugins.music_plugin INFO     Metadata (spotify): Emilie-Claire Barlow - Raindrops Keep Falling on My Head
2026.10.03 12:31:12 plugins.music_plugin INFO     Metadata (spotify): Emilie-Claire Barlow - Fais comme l'oiseau
2026.10.03 12:31:12 core.youtube_handler INFO     Yükləmə cəhdi: cookies + mweb (PO token)
2026.10.03 12:31:13 aiogram.event        INFO     Update id=875928316 is handled. Duration 210 ms by bot id=8976652462
2026.10.03 12:31:13 aiogram.event        INFO     Update id=875928317 is handled. Duration 51 ms by bot id=8976652462
2026.10.03 12:31:13 core.youtube_handler INFO     Yükləmə cəhdi: cookies + mweb (PO token)
2026.10.03 12:31:13 aiogram.event        INFO     Update id=875928318 is handled. Duration 35 ms by bot id=8976652462
2026.10.03 12:31:13 plugins.music_plugin INFO     Metadata (spotify): Emilie-Claire Barlow - Seule ce soir
2026.10.03 12:31:14 core.youtube_handler INFO     Yükləmə cəhdi: cookies + mweb (PO token)
2026.10.03 12:31:14 aiogram.event        INFO     Update id=875928319 is handled. Duration 0 ms by bot id=8976652462
2026.10.03 12:31:15 core.youtube_handler INFO     Yükləmə cəhdi: cookies + mweb (PO token)
2026.10.03 12:31:15 aiogram.event        INFO     Update id=875928320 is handled. Duration 1 ms by bot id=8976652462
2026.10.03 12:31:15 aiogram.event        INFO     Update id=875928321 is handled. Duration 25 ms by bot id=8976652462
2026.10.03 12:31:15 plugins.music_plugin INFO     Metadata (spotify): Emilie-Claire Barlow - Petit matin
2026.10.03 12:31:15 plugins.music_plugin INFO     Metadata (spotify): Emilie-Claire Barlow - On the Sunny Side of the Street
2026.10.03 12:31:16 core.youtube_handler INFO     Yükləmə cəhdi: cookies + mweb (PO token)
2026.10.03 12:31:16 aiogram.event        INFO     Update id=875928322 is handled. Duration 0 ms by bot id=8976652462
2026.10.03 12:31:16 plugins.music_plugin INFO     Metadata (spotify): Emilie-Claire Barlow - The Beat Goes On/Soul Bossa Nova
2026.10.03 12:31:16 plugins.music_plugin INFO     Metadata (spotify): Emilie-Claire Barlow - Comin' Home Baby
2026.10.03 12:31:17 aiogram.event        INFO     Update id=875928323 is handled. Duration 32 ms by bot id=8976652462
2026.10.03 12:31:17 core.youtube_handler INFO     Yükləmə cəhdi: cookies + mweb (PO token)
2026.10.03 12:31:17 core.youtube_handler INFO     Yükləmə cəhdi: cookies + mweb (PO token)
2026.10.03 12:31:18 aiogram.event        INFO     Update id=875928324 is handled. Duration 0 ms by bot id=8976652462
2026.10.03 12:31:18 plugins.music_plugin INFO     Metadata (spotify): Emilie-Claire Barlow - Because (feat. Metropole Orkest)
2026.10.03 12:31:19 core.youtube_handler INFO     Yükləmə cəhdi: cookies + mweb (PO token)
2026.10.03 12:31:19 aiogram.event        INFO     Update id=875928325 is handled. Duration 1 ms by bot id=8976652462
2026.10.03 12:31:19 plugins.music_plugin INFO     Metadata (spotify): Emilie-Claire Barlow - O Pato (The Duck)
2026.10.03 12:31:19 aiogram.event        INFO     Update id=875928326 is handled. Duration 25 ms by bot id=8976652462
2026.10.03 12:31:20 core.youtube_handler INFO     Yükləmə cəhdi: cookies + mweb (PO token)
2026.10.03 12:31:20 aiogram.event        INFO     Update id=875928327 is handled. Duration 0 ms by bot id=8976652462
2026.10.03 12:31:20 plugins.music_plugin INFO     Metadata (spotify): Emilie-Claire Barlow - Haven't We Met?
2026.10.03 12:31:21 core.youtube_handler INFO     Yükləmə cəhdi: cookies + mweb (PO token)
2026.10.03 12:31:21 core.youtube_handler INFO     Yükləmə cəhdi: cookies + mweb (PO token)
2026.10.03 12:31:21 aiogram.event        INFO     Update id=875928328 is handled. Duration 0 ms by bot id=8976652462
2026.10.03 12:31:21 plugins.music_plugin INFO     Metadata (spotify): Emilie-Claire Barlow - Dans les rues de Québec
2026.10.03 12:31:22 plugins.music_plugin INFO     Metadata (spotify): Emilie-Claire Barlow - Little Boat (O Barquinho)
2026.10.03 12:31:22 aiogram.event        INFO     Update id=875928329 is handled. Duration 0 ms by bot id=8976652462
2026.10.03 12:31:22 plugins.music_plugin INFO     Metadata (spotify): Emilie-Claire Barlow - C'est si bon
2026.10.03 12:31:22 aiogram.event        INFO     Update id=875928330 is handled. Duration 11 ms by bot id=8976652462
2026.10.03 12:31:23 plugins.music_plugin INFO     Metadata (spotify): Emilie-Claire Barlow - My Favorite Things
2026.10.03 12:31:23 core.youtube_handler INFO     Yükləmə cəhdi: cookies + mweb (PO token)
2026.10.03 12:31:23 aiogram.event        INFO     Update id=875928331 is handled. Duration 0 ms by bot id=8976652462
2026.10.03 12:31:24 plugins.music_plugin INFO     Metadata (spotify): Emilie-Claire Barlow - C'est merveilleux
2026.10.03 12:31:24 aiogram.event        INFO     Update id=875928332 is handled. Duration 51 ms by bot id=8976652462
2026.10.03 12:31:24 core.youtube_handler INFO     Yükləmə cəhdi: cookies + mweb (PO token)
2026.10.03 12:31:24 core.youtube_handler INFO     Yükləmə cəhdi: cookies + mweb (PO token)
2026.10.03 12:31:24 aiogram.event        INFO     Update id=875928333 is handled. Duration 1 ms by bot id=8976652462
2026.10.03 12:31:25 plugins.music_plugin INFO     Metadata (spotify): Emilie-Claire Barlow - La belle dame sans regret
2026.10.03 12:31:25 plugins.music_plugin INFO     Metadata (spotify): Emilie-Claire Barlow - Gentle Rain
2026.10.03 12:31:25 plugins.music_plugin INFO     Metadata (spotify): Emilie-Claire Barlow - All I Do Is Dream of You
2026.10.03 12:31:26 core.youtube_handler INFO     Yükləmə cəhdi: cookies + mweb (PO token)
2026.10.03 12:31:26 aiogram.event        INFO     Update id=875928334 is handled. Duration 0 ms by bot id=8976652462
2026.10.03 12:31:26 aiogram.event        INFO     Update id=875928335 is handled. Duration 4 ms by bot id=8976652462
2026.10.03 12:31:27 core.youtube_handler INFO     Yükləmə cəhdi: cookies + mweb (PO token)
2026.10.03 12:31:27 plugins.music_plugin INFO     Metadata (spotify): Emilie-Claire Barlow - The Boy Next Door
2026.10.03 12:31:27 aiogram.event        INFO     Update id=875928336 is handled. Duration 20 ms by bot id=8976652462
2026.10.03 12:31:28 core.youtube_handler INFO     Yükləmə cəhdi: cookies + mweb (PO token)
2026.10.03 12:31:28 aiogram.event        INFO     Update id=875928337 is handled. Duration 0 ms by bot id=8976652462
2026.10.03 12:31:28 core.youtube_handler INFO     Yükləmə cəhdi: cookies + mweb (PO token)
2026.10.03 12:31:28 plugins.music_plugin INFO     Metadata (spotify): Emilie-Claire Barlow - Jardin d'hiver
2026.10.03 12:31:29 aiogram.event        INFO     Update id=875928338 is handled. Duration 0 ms by bot id=8976652462
2026.10.03 12:31:29 plugins.music_plugin INFO     Metadata (spotify): Emilie-Claire Barlow - J'ai rencontré l'homme de ma vie
2026.10.03 12:31:29 plugins.music_plugin INFO     Metadata (spotify): Emilie-Claire Barlow - Like a Lover
2026.10.03 12:31:30 core.youtube_handler INFO     Yükləmə cəhdi: cookies + mweb (PO token)
2026.10.03 12:31:30 aiogram.event        INFO     Update id=875928339 is handled. Duration 0 ms by bot id=8976652462
2026.10.03 12:31:30 plugins.music_plugin INFO     Metadata (spotify): Emilie-Claire Barlow - Ces bottes sont faites pour marcher
2026.10.03 12:31:30 plugins.music_plugin INFO     Metadata (spotify): Emilie-Claire Barlow - T'es pas un autre
2026.10.03 12:31:31 core.youtube_handler INFO     Yükləmə cəhdi: cookies + mweb (PO token)
2026.10.03 12:31:31 aiogram.event        INFO     Update id=875928340 is handled. Duration 1 ms by bot id=8976652462
2026.10.03 12:31:31 aiogram.event        INFO     Update id=875928341 is handled. Duration 1 ms by bot id=8976652462
2026.10.03 12:31:31 plugins.music_plugin INFO     Metadata (spotify): Emilie-Claire Barlow - De Conversa em Conversa
2026.10.03 12:31:32 core.youtube_handler INFO     Yükləmə cəhdi: cookies + mweb (PO token)
2026.10.03 12:31:32 aiogram.event        INFO     Update id=875928342 is handled. Duration 26 ms by bot id=8976652462
2026.10.03 12:31:32 aiogram.event        INFO     Update id=875928343 is handled. Duration 10 ms by bot id=8976652462
2026.10.03 12:31:33 core.youtube_handler INFO     Yükləmə cəhdi: cookies + mweb (PO token)
2026.10.03 12:31:33 aiogram.event        INFO     Update id=875928344 is handled. Duration 16 ms by bot id=8976652462
2026.10.03 12:31:33 aiogram.event        INFO     Update id=875928345 is handled. Duration 15 ms by bot id=8976652462
2026.10.03 12:31:33 aiogram.event        INFO     Update id=875928346 is handled. Duration 15 ms by bot id=8976652462
2026.10.03 12:31:34 core.youtube_handler INFO     Yükləmə cəhdi: cookies + mweb (PO token)
2026.10.03 12:31:34 plugins.music_plugin INFO     Metadata (spotify): Emilie-Claire Barlow - Pennies from Heaven
2026.10.03 12:31:34 plugins.music_plugin INFO     Metadata (spotify): Emilie-Claire Barlow - These Boots Were Made for Walkin
2026.10.03 12:31:34 plugins.music_plugin INFO     Metadata (spotify): Emilie-Claire Barlow - La belle dame sans regrets (Live)
2026.10.03 12:31:35 plugins.music_plugin INFO     Metadata (spotify): Emilie-Claire Barlow - Si tu vois ma mère
2026.10.03 12:31:35 core.youtube_handler INFO     Yükləmə cəhdi: cookies + mweb (PO token)
2026.10.03 12:31:35 core.youtube_handler INFO     Yükləmə cəhdi: cookies + mweb (PO token)
2026.10.03 12:31:36 telethon.client.updates INFO     Got difference for channel 1270848742 updates
2026.10.03 12:31:36 plugins.music_plugin INFO     Metadata (spotify): Emilie-Claire Barlow - Our Love Is Here to Stay
2026.10.03 12:31:36 core.youtube_handler INFO     Yükləmə cəhdi: cookies + mweb (PO token)
2026.10.03 12:31:36 core.youtube_handler INFO     Yükləmə cəhdi: cookies + mweb (PO token)
2026.10.03 12:31:36 plugins.music_plugin INFO     Metadata (spotify): Emilie-Claire Barlow - Chez moi
2026.10.03 12:31:37 aiogram.event        INFO     Update id=875928347 is handled. Duration 0 ms by bot id=8976652462
2026.10.03 12:31:37 plugins.music_plugin INFO     Metadata (spotify): Emilie-Claire Barlow - Joy Spring
2026.10.03 12:31:37 aiogram.event        INFO     Update id=875928348 is handled. Duration 36 ms by bot id=8976652462
2026.10.03 12:31:38 core.youtube_handler INFO     Yükləmə cəhdi: cookies + mweb (PO token)
2026.10.03 12:31:38 plugins.music_plugin INFO     Metadata (spotify): Emilie-Claire Barlow - Over the Rainbow
2026.10.03 12:31:38 aiogram.event        INFO     Update id=875928349 is handled. Duration 0 ms by bot id=8976652462
2026.10.03 12:31:38 plugins.music_plugin INFO     Metadata (spotify): Emilie-Claire Barlow - La plus belle pour aller danser
2026.10.03 12:31:39 aiogram.event        INFO     Update id=875928350 is handled. Duration 51 ms by bot id=8976652462
2026.10.03 12:31:39 aiogram.event        INFO     Update id=875928351 is handled. Duration 210 ms by bot id=8976652462
2026.10.03 12:31:39 core.youtube_handler INFO     Yükləmə cəhdi: cookies + mweb (PO token)
2026.10.03 12:31:39 aiogram.event        INFO     Update id=875928352 is handled. Duration 15 ms by bot id=8976652462
2026.10.03 12:31:40 core.youtube_handler INFO     Yükləmə cəhdi: cookies + mweb (PO token)
2026.10.03 12:31:40 core.youtube_handler INFO     Yükləmə cəhdi: cookies + mweb (PO token)
2026.10.03 12:31:40 aiogram.event        INFO     Update id=875928353 is handled. Duration 0 ms by bot id=8976652462
2026.10.03 12:31:40 plugins.music_plugin INFO     Metadata (spotify): Emilie-Claire Barlow - Surrey with the Fringe on Top
2026.10.03 12:31:41 core.youtube_handler INFO     Yükləmə cəhdi: cookies + mweb (PO token)
2026.10.03 12:31:41 aiogram.event        INFO     Update id=875928354 is handled. Duration 0 ms by bot id=8976652462
2026.10.03 12:31:41 plugins.music_plugin INFO     Metadata (spotify): Emilie-Claire Barlow - My Time of Day / I've Never Been in Love Before
2026.10.03 12:31:41 plugins.music_plugin INFO     Metadata (spotify): Emilie-Claire Barlow - Quand le soleil dit bonjour aux montagnes
2026.10.03 12:31:41 aiogram.event        INFO     Update id=875928355 is handled. Duration 0 ms by bot id=8976652462
2026.10.03 12:31:43 core.youtube_handler INFO     Yükləmə cəhdi: cookies + mweb (PO token)
2026.10.03 12:31:43 aiogram.event        INFO     Update id=875928356 is handled. Duration 5 ms by bot id=8976652462
2026.10.03 12:31:43 plugins.music_plugin INFO     Metadata (spotify): Emilie-Claire Barlow - So Danço Samba
2026.10.03 12:31:43 plugins.music_plugin INFO     Metadata (spotify): Emilie-Claire Barlow - What a Little Moonlight Can Do
2026.10.03 12:31:43 aiogram.event        INFO     Update id=875928357 is handled. Duration 78 ms by bot id=8976652462
2026.10.03 12:31:44 core.youtube_handler INFO     Yükləmə cəhdi: cookies + mweb (PO token)
2026.10.03 12:31:45 core.youtube_handler INFO     Yükləmə cəhdi: cookies + mweb (PO token)
2026.10.03 12:31:45 plugins.music_plugin INFO     Metadata (spotify): Emilie-Claire Barlow - Bye Bye Blackbird
2026.10.03 12:31:45 plugins.music_plugin INFO     Metadata (spotify): Emilie-Claire Barlow - Sunshine Superman (Live)
2026.10.03 12:31:45 telethon.client.updates INFO     Got difference for channel 1270848742 updates
2026.10.03 12:31:45 aiogram.event        INFO     Update id=875928358 is handled. Duration 29 ms by bot id=8976652462
2026.10.03 12:31:46 core.youtube_handler INFO     Yükləmə cəhdi: cookies + mweb (PO token)
2026.10.03 12:31:46 aiogram.event        INFO     Update id=875928359 is handled. Duration 0 ms by bot id=8976652462
2026.10.03 12:31:47 core.youtube_handler INFO     Yükləmə cəhdi: cookies + mweb (PO token)
2026.10.03 12:31:47 plugins.music_plugin INFO     Metadata (spotify): Emilie-Claire Barlow - C'est merveilleux
2026.10.03 12:31:47 plugins.music_plugin INFO     Metadata (spotify): Emilie-Claire Barlow - What a Wonderful World
2026.10.03 12:31:47 aiogram.event        INFO     Update id=875928360 is handled. Duration 30 ms by bot id=8976652462
2026.10.03 12:31:48 core.youtube_handler INFO     Yükləmə cəhdi: cookies + mweb (PO token)
2026.10.03 12:31:48 aiogram.event        INFO     Update id=875928361 is handled. Duration 0 ms by bot id=8976652462
2026.10.03 12:31:48 plugins.music_plugin INFO     Metadata (spotify): Emilie-Claire Barlow - Pendant que (feat. Gilles Vigneault)
2026.10.03 12:31:49 plugins.music_plugin INFO     Metadata (spotify): Emilie-Claire Barlow - Smoke Gets in Your Eyes
2026.10.03 12:31:49 core.youtube_handler INFO     Yükləmə cəhdi: cookies + mweb (PO token)
2026.10.03 12:31:50 plugins.music_plugin INFO     Metadata (spotify): Emilie-Claire Barlow - Skylark
2026.10.03 12:31:50 aiogram.event        INFO     Update id=875928362 is handled. Duration 6 ms by bot id=8976652462
2026.10.03 12:31:50 core.youtube_handler INFO     Yükləmə cəhdi: cookies + mweb (PO token)
2026.10.03 12:31:50 telethon.client.updates INFO     Got difference for channel 1450190758 updates
2026.10.03 12:31:50 core.youtube_handler INFO     Yükləmə cəhdi: cookies + mweb (PO token)
2026.10.03 12:31:50 plugins.music_plugin INFO     Metadata (spotify): Emilie-Claire Barlow - Someone to Watch over Me
2026.10.03 12:31:50 core.depo_helpers    INFO     🤖 @dllmastercore2bot: flood 1139 san. — digər köməkçiyə keçilir
2026.10.03 12:31:51 plugins.music_plugin INFO     Metadata (spotify): Emilie-Claire Barlow - Will You Still Be Mine?
2026.10.03 12:31:52 core.youtube_handler INFO     Yükləmə cəhdi: cookies + mweb (PO token)
2026.10.03 12:31:52 aiogram.event        INFO     Update id=875928363 is handled. Duration 0 ms by bot id=8976652462
2026.10.03 12:31:52 aiogram.event        INFO     Update id=875928364 is handled. Duration 1 ms by bot id=8976652462
2026.10.03 12:31:52 plugins.music_plugin INFO     Metadata (spotify): Emilie-Claire Barlow - Santa Baby (Live)
2026.10.03 12:31:52 plugins.music_plugin INFO     Metadata (spotify): Emilie-Claire Barlow - Midnight Sun (feat. Metropole Orkest)
2026.10.03 12:31:52 aiogram.event        INFO     Update id=875928365 is handled. Duration 31 ms by bot id=8976652462
2026.10.03 12:31:52 aiogram.event        INFO     Update id=875928366 is handled. Duration 21 ms by bot id=8976652462
2026.10.03 12:31:53 core.youtube_handler INFO     Yükləmə cəhdi: cookies + mweb (PO token)
2026.10.03 12:31:53 plugins.music_plugin INFO     Metadata (spotify): Emilie-Claire Barlow - Little Jazz Bird
2026.10.03 12:31:53 telethon.client.updates INFO     Got difference for channel 1270848742 updates
2026.10.03 12:31:53 aiogram.event        INFO     Update id=875928367 is handled. Duration 0 ms by bot id=8976652462
2026.10.03 12:31:54 aiogram.event        INFO     Update id=875928368 is handled. Duration 33 ms by bot id=8976652462
2026.10.03 12:31:54 aiogram.event        INFO     Update id=875928369 is handled. Duration 20 ms by bot id=8976652462
2026.10.03 12:31:54 core.youtube_handler INFO     Yükləmə cəhdi: cookies + mweb (PO token)
2026.10.03 12:31:54 aiogram.event        INFO     Update id=875928370 is handled. Duration 1 ms by bot id=8976652462
2026.10.03 12:31:55 core.youtube_handler INFO     Yükləmə cəhdi: cookies + mweb (PO token)
2026.10.03 12:31:56 core.youtube_handler INFO     Yükləmə cəhdi: cookies + mweb (PO token)
2026.10.03 12:31:56 plugins.music_plugin INFO     Metadata (spotify): Emilie-Claire Barlow - Quelles sont les chances (feat. Damien Robitaille)
2026.10.03 12:31:56 aiogram.event        INFO     Update id=875928371 is handled. Duration 20 ms by bot id=8976652462
2026.10.03 12:31:56 aiogram.event        INFO     Update id=875928372 is handled. Duration 13 ms by bot id=8976652462
2026.10.03 12:31:57 core.youtube_handler INFO     Yükləmə cəhdi: cookies + mweb (PO token)
2026.10.03 12:31:57 plugins.music_plugin INFO     Metadata (spotify): Emilie-Claire Barlow - Like a Lover (Live)
2026.10.03 12:31:57 plugins.music_plugin INFO     Metadata (spotify): Emilie-Claire Barlow - You Must Believe in Spring
2026.10.03 12:31:58 core.youtube_handler INFO     Yükləmə cəhdi: cookies + mweb (PO token)
2026.10.03 12:31:59 core.youtube_handler INFO     Yükləmə cəhdi: cookies + mweb (PO token)
2026.10.03 12:31:59 core.youtube_handler INFO     Yükləmə cəhdi: cookies + mweb (PO token)
2026.10.03 12:31:59 plugins.music_plugin INFO     Metadata (spotify): Emilie-Claire Barlow - Will You (Still) Love Me Tomorrow?
2026.10.03 12:31:59 aiogram.event        INFO     Update id=875928373 is handled. Duration 0 ms by bot id=8976652462
2026.10.03 12:32:00 plugins.music_plugin INFO     Metadata (spotify): Emilie-Claire Barlow - Les deux printemps
2026.10.03 12:32:00 plugins.music_plugin INFO     Metadata (spotify): Emilie-Claire Barlow - Águas de Março / Waters Of March (Live)
2026.10.03 12:32:00 aiogram.event        INFO     Update id=875928374 is handled. Duration 25 ms by bot id=8976652462
2026.10.03 12:32:01 plugins.music_plugin INFO     Metadata (spotify): Emilie-Claire Barlow - Freddie Freeloader
2026.10.03 12:32:01 aiogram.event        INFO     Update id=875928375 is handled. Duration 42 ms by bot id=8976652462
2026.10.03 12:32:01 core.youtube_handler INFO     Yükləmə cəhdi: cookies + mweb (PO token)
2026.10.03 12:32:02 core.youtube_handler INFO     Yükləmə cəhdi: cookies + mweb (PO token)
2026.10.03 12:32:02 aiogram.event        INFO     Update id=875928376 is handled. Duration 0 ms by bot id=8976652462
2026.10.03 12:32:02 plugins.music_plugin INFO     Metadata (spotify): Emilie-Claire Barlow - Blame It on My Youth
2026.10.03 12:32:02 plugins.music_plugin INFO     Metadata (spotify): Emilie-Claire Barlow - Is You Is or Is You Ain't My Baby?
2026.10.03 12:32:03 aiogram.event        INFO     Update id=875928377 is handled. Duration 32 ms by bot id=8976652462
2026.10.03 12:32:03 core.youtube_handler INFO     Yükləmə cəhdi: cookies + mweb (PO token)
2026.10.03 12:32:04 core.youtube_handler INFO     Yükləmə cəhdi: cookies + mweb (PO token)
2026.10.03 12:32:04 aiogram.event        INFO     Update id=875928378 is handled. Duration 30 ms by bot id=8976652462
2026.10.03 12:32:04 aiogram.event        INFO     Update id=875928379 is handled. Duration 5 ms by bot id=8976652462
2026.10.03 12:32:05 core.youtube_handler INFO     Yükləmə cəhdi: cookies + mweb (PO token)
2026.10.03 12:32:05 plugins.music_plugin INFO     Metadata (spotify): Emilie-Claire Barlow - A Time for Love
2026.10.03 12:32:05 plugins.music_plugin INFO     Metadata (spotify): Emilie-Claire Barlow - Feelin' Groovy (Live at Orange Lounge)
2026.10.03 12:32:06 aiogram.event        INFO     Update id=875928380 is handled. Duration 32 ms by bot id=8976652462
2026.10.03 12:32:06 core.youtube_handler INFO     Yükləmə cəhdi: cookies + mweb (PO token)
2026.10.03 12:32:06 plugins.music_plugin INFO     Metadata (spotify): Emilie-Claire Barlow - (I've Got) Just About Everything I Need (Live)
2026.10.03 12:32:06 aiogram.event        INFO     Update id=875928381 is handled. Duration 20 ms by bot id=8976652462
2026.10.03 12:32:07 core.youtube_handler INFO     Yükləmə cəhdi: cookies + mweb (PO token)
2026.10.03 12:32:07 telethon.client.updates INFO     Got difference for channel 1327565517 updates
2026.10.03 12:32:08 plugins.music_plugin INFO     Metadata (spotify): Emilie-Claire Barlow - Until It's Time for You to Go
2026.10.03 12:32:08 core.youtube_handler INFO     Yükləmə cəhdi: cookies + mweb (PO token)
2026.10.03 12:32:08 plugins.music_plugin INFO     Metadata (spotify): Emilie-Claire Barlow - He Thinks I Still Care
2026.10.03 12:32:08 aiogram.event        INFO     Update id=875928382 is handled. Duration 42 ms by bot id=8976652462
2026.10.03 12:32:09 core.youtube_handler INFO     Yükləmə cəhdi: cookies + mweb (PO token)
2026.10.03 12:32:09 plugins.music_plugin INFO     Metadata (spotify): Emilie-Claire Barlow - Santa Baby
2026.10.03 12:32:09 aiogram.event        INFO     Update id=875928383 is handled. Duration 0 ms by bot id=8976652462
2026.10.03 12:32:09 aiogram.event        INFO     Update id=875928384 is handled. Duration 15 ms by bot id=8976652462
2026.10.03 12:32:10 core.youtube_handler INFO     Yükləmə cəhdi: cookies + mweb (PO token)
2026.10.03 12:32:10 aiogram.event        INFO     Update id=875928385 is handled. Duration 26 ms by bot id=8976652462
2026.10.03 12:32:11 aiogram.event        INFO     Update id=875928386 is handled. Duration 19 ms by bot id=8976652462
2026.10.03 12:32:11 core.youtube_handler INFO     Yükləmə cəhdi: cookies + mweb (PO token)
2026.10.03 12:32:11 plugins.music_plugin INFO     Metadata (spotify): Emilie-Claire Barlow - Surrey with the Fringe on Top (Live)
2026.10.03 12:32:11 plugins.music_plugin INFO     Metadata (spotify): Emilie-Claire Barlow - D'la bière au ciel
2026.10.03 12:32:11 aiogram.event        INFO     Update id=875928387 is handled. Duration 141 ms by bot id=8976652462
2026.10.03 12:32:12 core.youtube_handler INFO     Yükləmə cəhdi: cookies + mweb (PO token)
2026.10.03 12:32:12 plugins.music_plugin INFO     Metadata (spotify): Emilie-Claire Barlow - Neige
2026.10.03 12:32:12 plugins.music_plugin INFO     Metadata (spotify): Emilie-Claire Barlow - Sweet Thing
2026.10.03 12:32:13 core.youtube_handler INFO     Yükləmə cəhdi: cookies + mweb (PO token)
2026.10.03 12:32:14 core.youtube_handler INFO     Yükləmə cəhdi: cookies + mweb (PO token)
2026.10.03 12:32:14 aiogram.event        INFO     Update id=875928388 is handled. Duration 214 ms by bot id=8976652462
2026.10.03 12:32:14 plugins.music_plugin INFO     Metadata (spotify): Emilie-Claire Barlow - I'll Be Around
2026.10.03 12:32:15 core.youtube_handler INFO     Yükləmə cəhdi: cookies + mweb (PO token)
2026.10.03 12:32:15 aiogram.event        INFO     Update id=875928389 is handled. Duration 0 ms by bot id=8976652462
2026.10.03 12:32:15 aiogram.event        INFO     Update id=875928390 is handled. Duration 0 ms by bot id=8976652462
2026.10.03 12:32:15 plugins.music_plugin INFO     Metadata (spotify): Emilie-Claire Barlow - Jobim Medley
2026.10.03 12:32:16 core.youtube_handler INFO     Yükləmə cəhdi: cookies + mweb (PO token)
2026.10.03 12:32:16 plugins.music_plugin INFO     Metadata (spotify): Emilie-Claire Barlow - You're Driving Me Crazy!
2026.10.03 12:32:16 aiogram.event        INFO     Update id=875928391 is handled. Duration 0 ms by bot id=8976652462
2026.10.03 12:32:17 plugins.music_plugin INFO     Metadata (spotify): Emilie-Claire Barlow - Aguas de Marco
2026.10.03 12:32:18 core.youtube_handler INFO     Yükləmə cəhdi: cookies + mweb (PO token)
2026.10.03 12:32:18 aiogram.event        INFO     Update id=875928392 is handled. Duration 1 ms by bot id=8976652462
2026.10.03 12:32:18 plugins.music_plugin INFO     Metadata (spotify): Emilie-Claire Barlow - Comme je crie, comme je chante
2026.10.03 12:32:19 aiogram.event        INFO     Update id=875928393 is handled. Duration 6 ms by bot id=8976652462
2026.10.03 12:32:19 core.youtube_handler INFO     Yükləmə cəhdi: cookies + mweb (PO token)
2026.10.03 12:32:19 plugins.music_plugin INFO     Metadata (spotify): Emilie-Claire Barlow - De Flor em Flor
2026.10.03 12:32:19 aiogram.event        INFO     Update id=875928394 is handled. Duration 47 ms by bot id=8976652462
2026.10.03 12:32:20 plugins.music_plugin INFO     Metadata (spotify): Emilie-Claire Barlow - The Things We Did Last Summer
2026.10.03 12:32:20 core.youtube_handler INFO     Yükləmə cəhdi: cookies + mweb (PO token)
2026.10.03 12:32:21 plugins.music_plugin INFO     Metadata (spotify): Emilie-Claire Barlow - Sunshine Superman
2026.10.03 12:32:21 core.youtube_handler INFO     Yükləmə cəhdi: cookies + mweb (PO token)
2026.10.03 12:32:21 aiogram.event        INFO     Update id=875928395 is handled. Duration 2 ms by bot id=8976652462
2026.10.03 12:32:21 aiogram.event        INFO     Update id=875928396 is handled. Duration 0 ms by bot id=8976652462
2026.10.03 12:32:21 telethon.client.updates INFO     Got difference for channel 1270848742 updates
2026.10.03 12:32:22 plugins.music_plugin INFO     Metadata (spotify): Emilie-Claire Barlow - Je suis en amour
2026.10.03 12:32:22 aiogram.event        INFO     Update id=875928397 is handled. Duration 15 ms by bot id=8976652462
2026.10.03 12:32:22 core.youtube_handler INFO     Yükləmə cəhdi: cookies + mweb (PO token)
2026.10.03 12:32:23 core.youtube_handler INFO     Yükləmə cəhdi: cookies + mweb (PO token)
2026.10.03 12:32:23 aiogram.event        INFO     Update id=875928398 is handled. Duration 0 ms by bot id=8976652462
2026.10.03 12:32:23 plugins.music_plugin INFO     Metadata (spotify): Emilie-Claire Barlow - Le vent m'appelle par mon prénom
2026.10.03 12:32:23 aiogram.event        INFO     Update id=875928399 is handled. Duration 11 ms by bot id=8976652462
2026.10.03 12:32:24 core.youtube_handler INFO     Yükləmə cəhdi: cookies + mweb (PO token)
2026.10.03 12:32:25 core.youtube_handler INFO     Yükləmə cəhdi: cookies + mweb (PO token)
2026.10.03 12:32:25 plugins.music_plugin INFO     Metadata (spotify): Emilie-Claire Barlow - I Don't Know Where I Stand (feat. Metropole Orkest)
2026.10.03 12:32:25 aiogram.event        INFO     Update id=875928400 is handled. Duration 21 ms by bot id=8976652462
2026.10.03 12:32:25 plugins.music_plugin INFO     Metadata (spotify): Emilie-Claire Barlow - Sleigh Ride (Live)
2026.10.03 12:32:25 plugins.music_plugin INFO     Metadata (spotify): Emilie-Claire Barlow - Feelin' Groovy
2026.10.03 12:32:26 core.youtube_handler INFO     Yükləmə cəhdi: cookies + mweb (PO token)
2026.10.03 12:32:26 core.youtube_handler INFO     Yükləmə cəhdi: cookies + mweb (PO token)
2026.10.03 12:32:26 aiogram.event        INFO     Update id=875928401 is handled. Duration 0 ms by bot id=8976652462
2026.10.03 12:32:27 plugins.music_plugin INFO     Metadata (spotify): Emilie-Claire Barlow - Stompin' at the Savoy
2026.10.03 12:32:28 core.youtube_handler INFO     Yükləmə cəhdi: cookies + mweb (PO token)
2026.10.03 12:32:28 aiogram.event        INFO     Update id=875928402 is handled. Duration 0 ms by bot id=8976652462
2026.10.03 12:32:28 aiogram.event        INFO     Update id=875928403 is handled. Duration 13 ms by bot id=8976652462
2026.10.03 12:32:29 aiogram.event        INFO     Update id=875928404 is handled. Duration 10 ms by bot id=8976652462
2026.10.03 12:32:29 core.youtube_handler INFO     Yükləmə cəhdi: cookies + mweb (PO token)
2026.10.03 12:32:29 plugins.music_plugin INFO     Metadata (spotify): Emilie-Claire Barlow - Air Mail Special / It Don't Mean a Thing If It Ain't Got That Swing
2026.10.03 12:32:30 core.youtube_handler INFO     Yükləmə cəhdi: cookies + mweb (PO token)
2026.10.03 12:32:30 aiogram.event        INFO     Update id=875928405 is handled. Duration 127 ms by bot id=8976652462
2026.10.03 12:32:30 plugins.music_plugin INFO     Metadata (spotify): Emilie-Claire Barlow - Raindrops Keep Fallin' on My Head (Live)
2026.10.03 12:32:31 core.youtube_handler INFO     Yükləmə cəhdi: cookies + mweb (PO token)
2026.10.03 12:32:32 core.youtube_handler INFO     Yükləmə cəhdi: cookies + mweb (PO token)
2026.10.03 12:32:32 plugins.music_plugin INFO     Metadata (spotify): Emilie-Claire Barlow - All I Do Is Dream of You (Live)
2026.10.03 12:32:33 core.youtube_handler INFO     Yükləmə cəhdi: cookies + mweb (PO token)
2026.10.03 12:32:33 plugins.music_plugin INFO     Metadata (spotify): Emilie-Claire Barlow - La Vem a Baiana
2026.10.03 12:32:33 aiogram.event        INFO     Update id=875928406 is handled. Duration 20 ms by bot id=8976652462
2026.10.03 12:32:33 plugins.music_plugin INFO     Metadata (spotify): Emilie-Claire Barlow - Si doucement
2026.10.03 12:32:33 aiogram.event        INFO     Update id=875928407 is handled. Duration 31 ms by bot id=8976652462
2026.10.03 12:32:34 core.youtube_handler INFO     Yükləmə cəhdi: cookies + mweb (PO token)
2026.10.03 12:32:34 core.youtube_handler INFO     Yükləmə cəhdi: cookies + mweb (PO token)
2026.10.03 12:32:34 core.youtube_handler INFO     Yükləmə cəhdi: cookies + mweb (PO token)
2026.10.03 12:32:35 plugins.music_plugin INFO     Metadata (spotify): Emilie-Claire Barlow - (I've Got) Just About Everything I Need
2026.10.03 12:32:35 aiogram.event        INFO     Update id=875928408 is handled. Duration 0 ms by bot id=8976652462
2026.10.03 12:32:35 plugins.music_plugin INFO     Metadata (spotify): Emilie-Claire Barlow - Comment t'aimer encore
2026.10.03 12:32:36 plugins.music_plugin INFO     Metadata (spotify): Emilie-Claire Barlow - Little Jack Frost
2026.10.03 12:32:36 aiogram.event        INFO     Update id=875928409 is handled. Duration 106 ms by bot id=8976652462
2026.10.03 12:32:36 core.youtube_handler INFO     Yükləmə cəhdi: cookies + mweb (PO token)
2026.10.03 12:32:37 core.youtube_handler INFO     Yükləmə cəhdi: cookies + mweb (PO token)
2026.10.03 12:32:37 plugins.music_plugin INFO     Metadata (spotify): Emilie-Claire Barlow - Janvier
2026.10.03 12:32:37 core.depo_helpers    INFO     🤖 @dllmastercore9bot: flood 1093 san. — digər köməkçiyə keçilir
2026.10.03 12:32:38 plugins.music_plugin INFO     Metadata (spotify): Emilie-Claire Barlow - Let It Snow! Let It Snow! Let It Snow!
2026.10.03 12:32:38 core.youtube_handler INFO     Yükləmə cəhdi: cookies + mweb (PO token)
2026.10.03 12:32:38 aiogram.event        INFO     Update id=875928410 is handled. Duration 0 ms by bot id=8976652462
2026.10.03 12:32:38 aiogram.event        INFO     Update id=875928411 is handled. Duration 10 ms by bot id=8976652462
2026.10.03 12:32:38 plugins.music_plugin INFO     Metadata (spotify): Emilie-Claire Barlow - Retrato em Branco e Preto
2026.10.03 12:32:39 core.youtube_handler INFO     Yükləmə cəhdi: cookies + mweb (PO token)
2026.10.03 12:32:39 aiogram.event        INFO     Update id=875928412 is handled. Duration 1 ms by bot id=8976652462
2026.10.03 12:32:39 aiogram.event        INFO     Update id=875928413 is handled. Duration 34 ms by bot id=8976652462
2026.10.03 12:32:40 core.youtube_handler INFO     Yükləmə cəhdi: cookies + mweb (PO token)
2026.10.03 12:32:40 aiogram.event        INFO     Update id=875928414 is handled. Duration 0 ms by bot id=8976652462
2026.10.03 12:32:40 plugins.music_plugin INFO     Metadata (spotify): Emilie-Claire Barlow - Fix You (feat. Metropole Orkest)
2026.10.03 12:32:40 aiogram.event        INFO     Update id=875928415 is handled. Duration 42 ms by bot id=8976652462
2026.10.03 12:32:41 core.youtube_handler INFO     Yükləmə cəhdi: cookies + mweb (PO token)
2026.10.03 12:32:41 plugins.music_plugin INFO     Metadata (spotify): Emilie-Claire Barlow - Jerrycan
2026.10.03 12:32:42 plugins.music_plugin INFO     Metadata (spotify): Emilie-Claire Barlow - T'es pas un autre
2026.10.03 12:32:42 core.youtube_handler INFO     Yükləmə cəhdi: cookies + mweb (PO token)
2026.10.03 12:32:42 aiogram.event        INFO     Update id=875928416 is handled. Duration 0 ms by bot id=8976652462
2026.10.03 12:32:42 plugins.music_plugin INFO     Metadata (spotify): Emilie-Claire Barlow - Bem Bom
2026.10.03 12:32:43 core.youtube_handler INFO     Yükləmə cəhdi: cookies + mweb (PO token)
2026.10.03 12:32:43 plugins.music_plugin INFO     Metadata (spotify): Emilie-Claire Barlow - Si J'etais Un Homme (feat. Metropole Orkest)
2026.10.03 12:32:44 core.youtube_handler INFO     Yükləmə cəhdi: cookies + mweb (PO token)
2026.10.03 12:32:44 aiogram.event        INFO     Update id=875928417 is handled. Duration 0 ms by bot id=8976652462
2026.10.03 12:32:44 aiogram.event        INFO     Update id=875928418 is handled. Duration 5 ms by bot id=8976652462
2026.10.03 12:32:44 plugins.music_plugin INFO     Metadata (spotify): Emilie-Claire Barlow - I'm Old Fashioned
2026.10.03 12:32:45 core.youtube_handler INFO     Yükləmə cəhdi: cookies + mweb (PO token)
2026.10.03 12:32:45 plugins.music_plugin INFO     Metadata (spotify): Emilie-Claire Barlow - It's Only a Paper Moon
2026.10.03 12:32:45 aiogram.event        INFO     Update id=875928419 is handled. Duration 0 ms by bot id=8976652462
2026.10.03 12:32:45 plugins.music_plugin INFO     Metadata (spotify): Emilie-Claire Barlow - Comme je crie comme je chante
2026.10.03 12:32:45 aiogram.event        INFO     Update id=875928420 is handled. Duration 46 ms by bot id=8976652462
2026.10.03 12:32:46 core.youtube_handler INFO     Yükləmə cəhdi: cookies + mweb (PO token)
2026.10.03 12:32:46 core.youtube_handler INFO     Yükləmə cəhdi: cookies + mweb (PO token)
2026.10.03 12:32:47 plugins.music_plugin INFO     Metadata (spotify): Emilie-Claire Barlow - On a Clear Day (feat. Metropole Orkest)
2026.10.03 12:32:47 aiogram.event        INFO     Update id=875928421 is handled. Duration 51 ms by bot id=8976652462
2026.10.03 12:32:47 aiogram.event        INFO     Update id=875928422 is handled. Duration 10 ms by bot id=8976652462
2026.10.03 12:32:48 core.youtube_handler INFO     Yükləmə cəhdi: cookies + mweb (PO token)
2026.10.03 12:32:48 aiogram.event        INFO     Update id=875928423 is handled. Duration 21 ms by bot id=8976652462
2026.10.03 12:32:48 aiogram.event        INFO     Update id=875928424 is handled. Duration 47 ms by bot id=8976652462
2026.10.03 12:32:48 plugins.music_plugin INFO     Metadata (spotify): Emilie-Claire Barlow - The Shadow of Your Smile / All the Things You Are
2026.10.03 12:32:49 core.youtube_handler INFO     Yükləmə cəhdi: cookies + mweb (PO token)
2026.10.03 12:32:49 plugins.music_plugin INFO     Metadata (spotify): Emilie-Claire Barlow - Spring Can Really Hang You up the Most
2026.10.03 12:32:50 core.youtube_handler INFO     Yükləmə cəhdi: cookies + mweb (PO token)
2026.10.03 12:32:50 aiogram.event        INFO     Update id=875928425 is handled. Duration 18 ms by bot id=8976652462
2026.10.03 12:32:51 core.youtube_handler INFO     Yükləmə cəhdi: cookies + mweb (PO token)
2026.10.03 12:32:51 core.youtube_handler INFO     Yükləmə cəhdi: cookies + mweb (PO token)
2026.10.03 12:32:52 plugins.music_plugin INFO     Metadata (spotify): Emilie-Claire Barlow - Twisted
2026.10.03 12:32:52 aiogram.event        INFO     Update id=875928426 is handled. Duration 0 ms by bot id=8976652462
2026.10.03 12:32:52 plugins.music_plugin INFO     Metadata (spotify): Emilie-Claire Barlow - Sleigh Ride
2026.10.03 12:32:52 plugins.music_plugin INFO     Metadata (spotify): Emilie-Claire Barlow - Unrequited
2026.10.03 12:32:53 core.youtube_handler INFO     Yükləmə cəhdi: cookies + mweb (PO token)
2026.10.03 12:32:53 plugins.music_plugin INFO     Metadata (spotify): Emilie-Claire Barlow - These Boots Are Made for Walkin' (Live)
2026.10.03 12:32:54 core.youtube_handler INFO     Yükləmə cəhdi: cookies + mweb (PO token)
2026.10.03 12:32:54 telethon.client.updates INFO     Got difference for channel 1450190758 updates
2026.10.03 12:32:55 core.youtube_handler INFO     Yükləmə cəhdi: cookies + mweb (PO token)
2026.10.03 12:32:55 aiogram.event        INFO     Update id=875928427 is handled. Duration 0 ms by bot id=8976652462
2026.10.03 12:32:55 aiogram.event        INFO     Update id=875928428 is handled. Duration 1 ms by bot id=8976652462
2026.10.03 12:32:56 core.youtube_handler INFO     Yükləmə cəhdi: cookies + mweb (PO token)
2026.10.03 12:32:56 aiogram.event        INFO     Update id=875928429 is handled. Duration 0 ms by bot id=8976652462
2026.10.03 12:32:56 plugins.music_plugin INFO     Metadata (spotify): Emilie-Claire Barlow - The Beat Goes On (Live)
2026.10.03 12:32:56 plugins.music_plugin INFO     Metadata (spotify): Emilie-Claire Barlow - Pipoca
2026.10.03 12:32:57 plugins.music_plugin INFO     Metadata (spotify): Emilie-Claire Barlow - Stolen Moments
2026.10.03 12:32:57 aiogram.event        INFO     Update id=875928430 is handled. Duration 0 ms by bot id=8976652462
2026.10.03 12:32:57 core.youtube_handler INFO     Yükləmə cəhdi: cookies + mweb (PO token)
2026.10.03 12:32:57 aiogram.event        INFO     Update id=875928431 is handled. Duration 0 ms by bot id=8976652462
2026.10.03 12:32:58 plugins.music_plugin INFO     Metadata (spotify): Emilie-Claire Barlow - Winter Wonderland
2026.10.03 12:32:58 core.youtube_handler INFO     Yükləmə cəhdi: cookies + mweb (PO token)
2026.10.03 12:32:59 core.youtube_handler INFO     Yükləmə cəhdi: cookies + mweb (PO token)
2026.10.03 12:32:59 plugins.music_plugin INFO     Metadata (spotify): Emilie-Claire Barlow - Christmas Time Is Here
2026.10.03 12:32:59 plugins.music_plugin INFO     Metadata (spotify): Emilie-Claire Barlow - O
2026.10.03 12:32:59 telethon.client.updates INFO     Got difference for channel 1270848742 updates
2026.10.03 12:32:59 aiogram.event        INFO     Update id=875928432 is handled. Duration 10 ms by bot id=8976652462
2026.10.03 12:32:59 core.youtube_handler INFO     Yükləmə cəhdi: cookies + mweb (PO token)
2026.10.03 12:33:00 aiogram.event        INFO     Update id=875928433 is handled. Duration 52 ms by bot id=8976652462
2026.10.03 12:33:01 aiogram.event        INFO     Update id=875928434 is handled. Duration 36 ms by bot id=8976652462
2026.10.03 12:33:01 core.youtube_handler INFO     Yükləmə cəhdi: cookies + mweb (PO token)
2026.10.03 12:33:01 plugins.music_plugin INFO     Metadata (spotify): Emilie-Claire Barlow - Spain
2026.10.03 12:33:01 core.depo_helpers    INFO     🤖 @dllmastercore1bot: flood 1068 san. — digər köməkçiyə keçilir
2026.10.03 12:33:02 core.youtube_handler INFO     Yükləmə cəhdi: cookies + mweb (PO token)
2026.10.03 12:33:02 plugins.music_plugin INFO     Metadata (spotify): Emilie-Claire Barlow - Blame It on My Youth (Live)
2026.10.03 12:33:02 plugins.music_plugin INFO     Metadata (spotify): Emilie-Claire Barlow - Angels' Lullaby (Live)
2026.10.03 12:33:02 aiogram.event        INFO     Update id=875928435 is handled. Duration 0 ms by bot id=8976652462
2026.10.03 12:33:03 core.youtube_handler INFO     Yükləmə cəhdi: cookies + mweb (PO token)
2026.10.03 12:33:03 aiogram.event        INFO     Update id=875928436 is handled. Duration 0 ms by bot id=8976652462
2026.10.03 12:33:03 plugins.music_plugin INFO     Metadata (spotify): Emilie-Claire Barlow - How High the Moon
2026.10.03 12:33:04 core.youtube_handler INFO     Yükləmə cəhdi: cookies + mweb (PO token)
2026.10.03 12:33:04 aiogram.event        INFO     Update id=875928437 is handled. Duration 0 ms by bot id=8976652462
2026.10.03 12:33:04 plugins.music_plugin INFO     Metadata (spotify): Emilie-Claire Barlow - I Thought About You
2026.10.03 12:33:05 aiogram.event        INFO     Update id=875928438 is handled. Duration 77 ms by bot id=8976652462
2026.10.03 12:33:05 core.youtube_handler INFO     Yükləmə cəhdi: cookies + mweb (PO token)
2026.10.03 12:33:05 plugins.music_plugin INFO     Metadata (spotify): Emilie-Claire Barlow - La Llorona (feat. Metropole Orkest)
2026.10.03 12:33:06 aiogram.event        INFO     Update id=875928439 is handled. Duration 0 ms by bot id=8976652462
2026.10.03 12:33:06 core.audio_cache     INFO     📦 Dublikat qarşısı: PGZlhKzBJFA → depodakı 'Emilie-Claire Barlow - Dans les rues de Québec'
2026.10.03 12:33:06 aiogram.event        INFO     Update id=875928440 is handled. Duration 0 ms by bot id=8976652462
2026.10.03 12:33:07 plugins.music_plugin INFO     Metadata (spotify): Emilie-Claire Barlow - Where Will I Be?
2026.10.03 12:33:07 core.audio_cache     INFO     📦 Dublikat qarşısı: qX1nJmXnvl8 → depodakı 'Emilie-Claire Barlow - Quelles sont les chances (feat. Damien Robitaille)'
2026.10.03 12:33:07 aiogram.event        INFO     Update id=875928441 is handled. Duration 47 ms by bot id=8976652462
2026.10.03 12:33:08 core.audio_cache     INFO     📦 Dublikat qarşısı: a3Pra2_iIAg → depodakı 'Emilie-Claire Barlow - Je suis en amour'
2026.10.03 12:33:08 plugins.music_plugin INFO     Metadata (spotify): Emilie-Claire Barlow - Under Pressure (feat. Metropole Orkest)
2026.10.03 12:33:08 aiogram.event        INFO     Update id=875928442 is handled. Duration 15 ms by bot id=8976652462
2026.10.03 12:33:09 plugins.music_plugin INFO     Metadata (spotify): Emilie-Claire Barlow - Billie's Bounce
2026.10.03 12:33:09 plugins.music_plugin INFO     Metadata (spotify): Emilie-Claire Barlow - Pájaros de Barro
2026.10.03 12:33:09 core.audio_cache     INFO     📦 Dublikat qarşısı: Fzn00JCp_3I → depodakı 'Emilie-Claire Barlow - J'ai rencontré l'homme de ma vie'
2026.10.03 12:33:10 aiogram.event        INFO     Update id=875928443 is handled. Duration 0 ms by bot id=8976652462
2026.10.03 12:33:10 core.audio_cache     INFO     📦 Dublikat qarşısı: G7elPH3cQ78 → depodakı 'Emilie-Claire Barlow - Si doucement'
2026.10.03 12:33:11 aiogram.event        INFO     Update id=875928444 is handled. Duration 57 ms by bot id=8976652462
2026.10.03 12:33:11 core.audio_cache     INFO     📦 Dublikat qarşısı: XJUxH1H1Wrw → depodakı 'Emilie-Claire Barlow - Comment t'aimer encore'
2026.10.03 12:33:12 aiogram.event        INFO     Update id=875928445 is handled. Duration 31 ms by bot id=8976652462
2026.10.03 12:33:12 plugins.music_plugin INFO     Metadata (spotify): Emilie-Claire Barlow - Strike up the Band
2026.10.03 12:33:12 core.audio_cache     INFO     📦 Dublikat qarşısı: FNdRoG9xO8Y → depodakı 'Emilie-Claire Barlow - Les deux printemps'
2026.10.03 12:33:12 plugins.music_plugin INFO     Metadata (spotify): Emilie-Claire Barlow - Amundsen (feat. Metropole Orkest)
2026.10.03 12:33:12 plugins.music_plugin INFO     Metadata (spotify): Emilie-Claire Barlow - Fa la la (avec toi)
2026.10.03 12:33:12 aiogram.event        INFO     Update id=875928446 is handled. Duration 72 ms by bot id=8976652462
2026.10.03 12:33:12 aiogram.event        INFO     Update id=875928447 is handled. Duration 16 ms by bot id=8976652462
2026.10.03 12:33:13 core.audio_cache     INFO     📦 Dublikat qarşısı: FKh41IfQsvE → depodakı 'Emilie-Claire Barlow - D'la bière au ciel'
2026.10.03 12:33:13 core.audio_cache     INFO     📦 Dublikat qarşısı: yJ_lGs5cnyA → depodakı 'Emilie-Claire Barlow - Jerrycan'
2026.10.03 12:33:13 aiogram.event        INFO     Update id=875928448 is handled. Duration 16 ms by bot id=8976652462
2026.10.03 12:33:14 plugins.music_plugin INFO     Metadata (spotify): Emilie-Claire Barlow - What Are You Doing New Year's Eve?
2026.10.03 12:33:14 core.audio_cache     INFO     📦 Dublikat qarşısı: hcSYO9HeMg0 → depodakı 'Emilie-Claire Barlow - Le vent m'appelle par mon prénom'
2026.10.03 12:33:14 core.audio_cache     INFO     📦 Dublikat qarşısı: ghPMMDUliYg → depodakı 'Emilie-Claire Barlow - Over the Rainbow'
2026.10.03 12:33:14 core.audio_cache     INFO     📦 Dublikat qarşısı: -pPrPP9nO9g → depodakı 'Emilie-Claire Barlow - Skylark'
2026.10.03 12:33:15 core.audio_cache     INFO     📦 Dublikat qarşısı: E7DLgUrcy0A → depodakı 'Emilie-Claire Barlow - Fais comme l'oiseau'
2026.10.03 12:33:15 core.audio_cache     INFO     📦 Dublikat qarşısı: hrXhn8ZX4jw → depodakı 'Emilie-Claire Barlow - Pendant que (feat. Gilles Vigneault)'
2026.10.03 12:33:15 aiogram.event        INFO     Update id=875928450 is handled. Duration 5 ms by bot id=8976652462
2026.10.03 12:33:15 aiogram.event        INFO     Update id=875928449 is handled. Duration 341 ms by bot id=8976652462
2026.10.03 12:33:15 plugins.music_plugin INFO     Metadata (spotify): Emilie-Claire Barlow - Mood Indigo
2026.10.03 12:33:16 core.audio_cache     INFO     📦 Dublikat qarşısı: a5gmrPFet-o → depodakı 'Emilie-Claire Barlow - Bird of Beauty'
2026.10.03 12:33:16 plugins.music_plugin INFO     Metadata (spotify): Emilie-Claire Barlow - Enough to Be on Your Way
2026.10.03 12:33:16 core.audio_cache     INFO     📦 Dublikat qarşısı: 2xJl4RrwREQ → depodakı 'Emilie-Claire Barlow - On a Clear Day (feat. Metropole Orkest)'
2026.10.03 12:33:16 aiogram.event        INFO     Update id=875928451 is handled. Duration 20 ms by bot id=8976652462
2026.10.03 12:33:16 core.audio_cache     INFO     📦 Dublikat qarşısı: PHbrU24Zays → depodakı 'Emilie-Claire Barlow - Because (feat. Metropole Orkest)'
2026.10.03 12:33:17 plugins.music_plugin INFO     Metadata (spotify): Emilie-Claire Barlow - Valentine's Day
2026.10.03 12:33:18 core.audio_cache     INFO     📦 Dublikat qarşısı: tQrAsDspKJc → depodakı 'Emilie-Claire Barlow - Midnight Sun (feat. Metropole Orkest)'
2026.10.03 12:33:18 core.audio_cache     INFO     📦 Dublikat qarşısı: RAsJAuVMyBg → depodakı 'Emilie-Claire Barlow - Unrequited'
2026.10.03 12:33:18 aiogram.event        INFO     Update id=875928452 is handled. Duration 0 ms by bot id=8976652462
2026.10.03 12:33:19 plugins.music_plugin INFO     Metadata (spotify): Emilie-Claire Barlow - Strayhorn Medley
2026.10.03 12:33:19 core.youtube_handler INFO     Yükləmə cəhdi: cookies + mweb (PO token)
2026.10.03 12:33:20 aiogram.event        INFO     Update id=875928453 is handled. Duration 15 ms by bot id=8976652462
2026.10.03 12:33:20 core.audio_cache     INFO     📦 Dublikat qarşısı: adt9kMoxXUM → depodakı 'Emilie-Claire Barlow - Fix You (feat. Metropole Orkest)'
2026.10.03 12:33:20 aiogram.event        INFO     Update id=875928454 is handled. Duration 15 ms by bot id=8976652462
2026.10.03 12:33:20 core.audio_cache     INFO     📦 Dublikat qarşısı: vDG_57kZBso → depodakı 'Emilie-Claire Barlow - Si J'etais Un Homme (feat. Metropole Orkest)'
2026.10.03 12:33:21 core.youtube_handler INFO     Yükləmə cəhdi: cookies + mweb (PO token)
2026.10.03 12:33:22 core.audio_cache     INFO     📦 Dublikat qarşısı: vk-iGYoNyNQ → depodakı 'Emilie-Claire Barlow - Feelin' Groovy'
2026.10.03 12:33:22 core.audio_cache     INFO     📦 Dublikat qarşısı: dhWeYF3AfaA → depodakı 'Emilie-Claire Barlow - Sweet Thing'
2026.10.03 12:33:22 core.audio_cache     INFO     📦 Dublikat qarşısı: 2yjgv4TE1G8 → depodakı 'Emilie-Claire Barlow - Petit matin'
2026.10.03 12:33:22 core.audio_cache     INFO     📦 Dublikat qarşısı: LrNqoQZVwow → depodakı 'Emilie-Claire Barlow - Quand le soleil dit bonjour aux montagnes'
2026.10.03 12:33:22 core.audio_cache     INFO     📦 Dublikat qarşısı: V7fEav4cXUo → depodakı 'Emilie-Claire Barlow - Chez moi'
2026.10.03 12:33:22 core.audio_cache     INFO     📦 Dublikat qarşısı: G5Oc3lt0yzY → depodakı 'Emilie-Claire Barlow - I Don't Know Where I Stand (feat. Metropole Orkest)'
2026.10.03 12:33:24 aiogram.event        INFO     Update id=875928455 is handled. Duration 0 ms by bot id=8976652462
2026.10.03 12:33:25 core.audio_cache     INFO     📦 Dublikat qarşısı: N58BogcECes → depodakı 'Emilie-Claire Barlow - Des croissants de soleil'
2026.10.03 12:33:25 core.audio_cache     INFO     📦 Dublikat qarşısı: 8cAzzukreNM → depodakı 'Emilie-Claire Barlow - La plus belle pour aller danser'
2026.10.03 12:33:26 core.audio_cache     INFO     📦 Dublikat qarşısı: ktwl0XIypas → depodakı 'Emilie-Claire Barlow - C'est si bon'
2026.10.03 12:33:26 core.audio_cache     INFO     📦 Dublikat qarşısı: PXjIddsbAGU → depodakı 'Emilie-Claire Barlow - Ces bottes sont faites pour marcher'
2026.10.03 12:33:26 telethon.client.updates INFO     Got difference for channel 1270848742 updates
2026.10.03 12:33:26 core.audio_cache     INFO     📦 Dublikat qarşısı: XP3vrJiT-DA → depodakı 'Emilie-Claire Barlow - La Llorona (feat. Metropole Orkest)'
2026.10.03 12:33:31 plugins.music_plugin INFO     Metadata (spotify): Emilie-Claire Barlow - It's Just Talk
2026.10.03 12:33:33 plugins.music_plugin INFO     Metadata (spotify): Emilie-Claire Barlow - Mineiro De Coraçao
2026.10.03 12:33:34 telethon.client.updates INFO     Got difference for channel 1450190758 updates
2026.10.03 12:33:35 core.audio_cache     INFO     📦 Dublikat qarşısı: 9DhelIFX74s → depodakı 'Emilie-Claire Barlow - Under Pressure (feat. Metropole Orkest)'
2026.10.03 12:33:35 core.audio_cache     INFO     📦 Dublikat qarşısı: 8TqQ750lEQY → depodakı 'Emilie-Claire Barlow - He Thinks I Still Care'
2026.10.03 12:33:35 core.audio_cache     INFO     📦 Dublikat qarşısı: Cj1zxwhirbc → depodakı 'Emilie-Claire Barlow - La belle dame sans regret'
2026.10.03 12:33:35 core.audio_cache     INFO     📦 Dublikat qarşısı: N5U9h1LmcOk → depodakı 'Emilie-Claire Barlow - T'es pas un autre'
2026.10.03 12:33:35 core.audio_cache     INFO     📦 Dublikat qarşısı: SqKi8BREbOs → depodakı 'Emilie-Claire Barlow - Seule ce soir'
2026.10.03 12:33:35 core.audio_cache     INFO     📦 Dublikat qarşısı: zsfKjBe1vhU → depodakı 'Emilie-Claire Barlow - Les yeux ouverts'
2026.10.03 12:33:35 core.audio_cache     INFO     📦 Dublikat qarşısı: SZOvLVQOJR0 → depodakı 'Emilie-Claire Barlow - Jardin d'hiver'
2026.10.03 12:33:36 core.audio_cache     INFO     📦 Dublikat qarşısı: T2qvegrmhGU → depodakı 'Emilie-Claire Barlow - Comme je crie comme je chante'
2026.10.03 12:33:36 core.audio_cache     INFO     📦 Dublikat qarşısı: rcrSaVXGHQY → depodakı 'Emilie-Claire Barlow - C'est merveilleux'
2026.10.03 12:33:36 aiogram.event        INFO     Update id=875928456 is handled. Duration 109 ms by bot id=8976652462
2026.10.03 12:33:36 core.audio_cache     INFO     📦 Dublikat qarşısı: acoq4OQDJ-w → depodakı 'Emilie-Claire Barlow - Raindrops Keep Falling on My Head'
2026.10.03 12:33:36 core.audio_cache     INFO     📦 Dublikat qarşısı: UvX7EfbMDYM → depodakı 'Emilie-Claire Barlow - Sunshine Superman'
2026.10.03 12:33:36 core.audio_cache     INFO     📦 Dublikat qarşısı: DVzdbTK4598 → depodakı 'Emilie-Claire Barlow - Amundsen (feat. Metropole Orkest)'
2026.10.03 12:33:36 core.audio_cache     INFO     📦 Dublikat qarşısı: -xrgWarKwJA → depodakı 'Emilie-Claire Barlow - Breaking up Is Hard to Do'
2026.10.03 12:33:36 core.audio_cache     INFO     📦 Dublikat qarşısı: bxDVWQvcXSY → depodakı 'Emilie-Claire Barlow - Don't Think Twice, It's Alright'
2026.10.03 12:33:38 aiogram.event        INFO     Update id=875928457 is handled. Duration 74 ms by bot id=8976652462
2026.10.03 12:33:42 core.audio_cache     INFO     📦 Dublikat qarşısı: TOIdQJC4U2c → depodakı 'Emilie-Claire Barlow - Until It's Time for You to Go'
2026.10.03 12:33:42 core.audio_cache     INFO     📦 Dublikat qarşısı: qfDgwG27oCc → depodakı 'Emilie-Claire Barlow - Little Boat (O Barquinho)'
2026.10.03 12:33:42 core.audio_cache     INFO     📦 Dublikat qarşısı: l9uT7YJmek4 → depodakı 'Emilie-Claire Barlow - The Beat Goes On/Soul Bossa Nova'
2026.10.03 12:33:43 core.audio_cache     INFO     📦 Dublikat qarşısı: lcEE7kmPYrA → depodakı 'Emilie-Claire Barlow - Will You (Still) Love Me Tomorrow?'
2026.10.03 12:33:43 core.audio_cache     INFO     📦 Dublikat qarşısı: rbKGm_arxho → depodakı 'Emilie-Claire Barlow - C'est merveilleux'
2026.10.03 12:33:43 core.audio_cache     INFO     📦 Dublikat qarşısı: bQWzg8hyjO8 → depodakı 'Emilie-Claire Barlow - T'es pas un autre'
2026.10.03 12:33:43 core.audio_cache     INFO     📦 Dublikat qarşısı: IgO9bXRDLdM → depodakı 'Emilie-Claire Barlow - Yester-Me, Yester-You, Yesterday'
2026.10.03 12:33:43 core.audio_cache     INFO     📦 Dublikat qarşısı: y0vfjBgsPOY → depodakı 'Emilie-Claire Barlow - These Boots Were Made for Walkin'
2026.10.03 12:33:43 core.audio_cache     INFO     📦 Dublikat qarşısı: sMjMPEK76oY → depodakı 'Emilie-Claire Barlow - All I Do Is Dream of You'
2026.10.03 12:33:58 core.audio_cache     INFO     📦 Dublikat qarşısı: RSNSkWYEDBY → depodakı 'Emilie-Claire Barlow - You're Driving Me Crazy!'
2026.10.03 12:33:58 core.audio_cache     INFO     📦 Dublikat qarşısı: i21GxvsTjHA → depodakı 'Emilie-Claire Barlow - Chez moi'
2026.10.03 12:33:58 core.audio_cache     INFO     📦 Dublikat qarşısı: VnKx-dbCeUY → depodakı 'Emilie-Claire Barlow - Is You Is or Is You Ain't My Baby?'
2026.10.03 12:33:58 core.audio_cache     INFO     📦 Dublikat qarşısı: brOYw35o6JE → depodakı 'Emilie-Claire Barlow - Jardin d'hiver'
2026.10.03 12:33:58 core.audio_cache     INFO     📦 Dublikat qarşısı: keKOuT5qSQE → depodakı 'Emilie-Claire Barlow - I'm Glad There Is You'
2026.10.03 12:33:58 core.audio_cache     INFO     📦 Dublikat qarşısı: yyUm1mr34r8 → depodakı 'Emilie-Claire Barlow - Haven't We Met?'
2026.10.03 12:33:58 core.audio_cache     INFO     📦 Dublikat qarşısı: fVGD7FtYvkE → depodakı 'Emilie-Claire Barlow - Will You Still Be Mine?'
2026.10.03 12:33:58 core.audio_cache     INFO     📦 Dublikat qarşısı: MFH6Lyo4nzw → depodakı 'Emilie-Claire Barlow - Comin' Home Baby'
2026.10.03 12:33:58 core.audio_cache     INFO     📦 Dublikat qarşısı: KpY5bcl6U54 → depodakı 'Emilie-Claire Barlow - La Vem a Baiana'
2026.10.03 12:33:58 core.audio_cache     INFO     📦 Dublikat qarşısı: Mm503fyg5DM → depodakı 'Emilie-Claire Barlow - You Make Me Feel so Young'
2026.10.03 12:33:58 core.audio_cache     INFO     📦 Dublikat qarşısı: Hp2F1dXjMXY → depodakı 'Emilie-Claire Barlow - You Must Believe in Spring'
2026.10.03 12:33:58 core.audio_cache     INFO     📦 Dublikat qarşısı: 9X8z0Cw2pYM → depodakı 'Emilie-Claire Barlow - Almost Like Being in Love'
2026.10.03 12:33:59 core.audio_cache     INFO     📦 Dublikat qarşısı: 3K-OG8sKFgo → depodakı 'Emilie-Claire Barlow - The Very Thought of You'
2026.10.03 12:33:59 core.audio_cache     INFO     📦 Dublikat qarşısı: cnmVVMRXGvw → depodakı 'Emilie-Claire Barlow - O Pato (The Duck)'
2026.10.03 12:33:59 core.audio_cache     INFO     📦 Dublikat qarşısı: LxrZhBXzOSM → depodakı 'Emilie-Claire Barlow - Les yeux ouverts (dream a little dream of me)'
2026.10.03 12:33:59 core.audio_cache     INFO     📦 Dublikat qarşısı: vkRUdLeyt1U → depodakı 'Emilie-Claire Barlow - What a Little Moonlight Can Do'
2026.10.03 12:33:59 core.audio_cache     INFO     📦 Dublikat qarşısı: _FItG05-diM → depodakı 'Emilie-Claire Barlow - Pennies from Heaven'
2026.10.03 12:33:59 core.audio_cache     INFO     📦 Dublikat qarşısı: x9Lwl31z-BE → depodakı 'Emilie-Claire Barlow - My Time of Day / I've Never Been in Love Before'
2026.10.03 12:33:59 core.audio_cache     INFO     📦 Dublikat qarşısı: wpAo_UV17F0 → depodakı 'Emilie-Claire Barlow - C'est si bon'
2026.10.03 12:33:59 core.audio_cache     INFO     📦 Dublikat qarşısı: lNhFgp9hmQM → depodakı 'Emilie-Claire Barlow - Surrey with the Fringe on Top'
2026.10.03 12:33:59 core.audio_cache     INFO     📦 Dublikat qarşısı: TAWGYyoIRCA → depodakı 'Emilie-Claire Barlow - The Boy Next Door'
2026.10.03 12:33:59 core.audio_cache     INFO     📦 Dublikat qarşısı: jsBQrSrGZgg → depodakı 'Emilie-Claire Barlow - De Conversa em Conversa'
2026.10.03 12:34:01 aiogram.event        INFO     Update id=875928458 is handled. Duration 4779 ms by bot id=8976652462
2026.10.03 12:34:03 core.youtube_handler INFO     Yükləmə cəhdi: cookies + mweb (PO token)
2026.10.03 12:34:05 core.youtube_handler INFO     Yükləmə cəhdi: cookies + mweb (PO token)
2026.10.03 12:34:05 telethon.client.updates INFO     Got difference for channel 2233220502 updates
2026.10.03 12:34:06 core.audio_cache     INFO     📦 Dublikat qarşısı: J3KmtaPRAOo → depodakı 'Emilie-Claire Barlow - What Are You Doing New Year's Eve?'
2026.10.03 12:34:06 core.audio_cache     INFO     📦 Dublikat qarşısı: YFKvwvjmXoQ → depodakı 'Emilie-Claire Barlow - Winter Wonderland'
2026.10.03 12:34:06 core.audio_cache     INFO     📦 Dublikat qarşısı: UL282CQbdPU → depodakı 'Emilie-Claire Barlow - Sleigh Ride'
2026.10.03 12:34:06 core.youtube_handler INFO     Yükləmə cəhdi: cookies + mweb (PO token)
2026.10.03 12:34:06 core.audio_cache     INFO     📦 Dublikat qarşısı: 7XRMQ5uNV-o → depodakı 'Emilie-Claire Barlow - Christmas Time Is Here'
2026.10.03 12:34:06 core.audio_cache     INFO     📦 Dublikat qarşısı: xLYbT37kqEo → depodakı 'Emilie-Claire Barlow - Santa Baby'
2026.10.03 12:34:06 core.audio_cache     INFO     📦 Dublikat qarşısı: WKLjRDaLe0o → depodakı 'Emilie-Claire Barlow - Little Jack Frost'
2026.10.03 12:34:06 plugins.plugin_manager_plugin INFO     🧩 Plugin yükləndi: update_notifier_plugin (+4 handler, köhnə 3 çıxarıldı)
2026.10.03 12:34:06 core.audio_cache     INFO     📦 Dublikat qarşısı: 4jGKek7e2D8 → depodakı 'Emilie-Claire Barlow - Let It Snow! Let It Snow! Let It Snow!'
2026.10.03 12:34:06 aiogram.event        INFO     Update id=875928459 is handled. Duration 849 ms by bot id=8976652462
2026.10.03 12:34:07 core.youtube_handler INFO     Yükləmə cəhdi: cookies + mweb (PO token)
2026.10.03 12:34:08 core.youtube_handler INFO     Yükləmə cəhdi: cookies + mweb (PO token)
2026.10.03 12:34:08 core.youtube_handler INFO     Yükləmə cəhdi: cookies + mweb (PO token)
2026.10.03 12:34:09 core.youtube_handler INFO     Yükləmə cəhdi: cookies + mweb (PO token)
2026.10.03 12:34:09 telethon.client.updates INFO     Got difference for channel 1270848742 updates
2026.10.03 12:34:10 core.youtube_handler INFO     Yükləmə cəhdi: cookies + mweb (PO token)
2026.10.03 12:34:11 core.utilities       INFO     User 8502974425 executed command: /menu
2026.10.03 12:34:11 aiogram.event        INFO     Update id=875928460 is handled. Duration 442 ms by bot id=8976652462
2026.10.03 12:34:11 core.youtube_handler INFO     Yükləmə cəhdi: cookies + mweb (PO token)
2026.10.03 12:34:12 core.youtube_handler INFO     Yükləmə cəhdi: cookies + mweb (PO token)
2026.10.03 12:34:13 core.youtube_handler INFO     Yükləmə cəhdi: cookies + mweb (PO token)
2026.10.03 12:34:14 core.youtube_handler INFO     Yükləmə cəhdi: cookies + mweb (PO token)
2026.10.03 12:34:14 aiogram.event        INFO     Update id=875928461 is handled. Duration 470 ms by bot id=8976652462
2026.10.03 12:34:15 core.youtube_handler INFO     Yükləmə cəhdi: cookies + mweb (PO token)
2026.10.03 12:34:16 core.youtube_handler INFO     Yükləmə cəhdi: cookies + mweb (PO token)
2026.10.03 12:34:16 plugins.music_plugin INFO     Metadata (spotify): Emilie-Claire Barlow - Baby, It's Cold Outside (feat. Marc Jordan)
2026.10.03 12:34:17 telethon.client.updates INFO     Got difference for channel 1270848742 updates
2026.10.03 12:34:18 plugins.music_plugin INFO     Metadata (spotify): Emilie-Claire Barlow - I've Got My Love to Keep Me Warm
2026.10.03 12:34:19 core.youtube_handler INFO     Yükləmə cəhdi: cookies + mweb (PO token)
2026.10.03 12:34:19 aiogram.event        INFO     Update id=875928462 is handled. Duration 653 ms by bot id=8976652462
2026.10.03 12:34:19 plugins.music_plugin INFO     Metadata (spotify): Emilie-Claire Barlow - Angels' Lullaby
2026.10.03 12:34:20 plugins.music_plugin INFO     Metadata (spotify): Emilie-Claire Barlow - I've Got the World on a String
2026.10.03 12:34:21 aiogram.event        INFO     Update id=875928465 is handled. Duration 51 ms by bot id=8976652462
2026.10.03 12:34:21 plugins.music_plugin INFO     Metadata (spotify): Emilie-Claire Barlow - Broadway
2026.10.03 12:34:21 core.youtube_handler INFO     Yükləmə cəhdi: cookies + mweb (PO token)
2026.10.03 12:34:21 aiogram.event        INFO     Update id=875928464 is handled. Duration 883 ms by bot id=8976652462
2026.10.03 12:34:22 aiogram.event        INFO     Update id=875928466 is handled. Duration 11 ms by bot id=8976652462
2026.10.03 12:34:22 core.youtube_handler INFO     Yükləmə cəhdi: cookies + mweb (PO token)
2026.10.03 12:34:22 plugins.music_plugin INFO     Metadata (spotify): Emilie-Claire Barlow - Zabumba no Mar
2026.10.03 12:34:22 core.audio_cache     INFO     📦 Dublikat qarşısı: UndMnvWd78Q → depodakı 'Emilie-Claire Barlow - Santa Baby (Live)'
2026.10.03 12:34:23 aiogram.event        INFO     Update id=875928467 is handled. Duration 18 ms by bot id=8976652462
2026.10.03 12:34:23 core.audio_cache     INFO     📦 Dublikat qarşısı: _wZygZfbX34 → depodakı 'Emilie-Claire Barlow - Angels' Lullaby (Live)'
2026.10.03 12:34:23 core.youtube_handler INFO     Yükləmə cəhdi: cookies + mweb (PO token)
2026.10.03 12:34:23 core.audio_cache     INFO     📦 Dublikat qarşısı: Xq_mcimdeUI → depodakı 'Emilie-Claire Barlow - Sunshine Superman (Live)'
2026.10.03 12:34:23 core.audio_cache     INFO     📦 Dublikat qarşısı: Ycz0W6p1p-Y → depodakı 'Emilie-Claire Barlow - Surrey with the Fringe on Top (Live)'
2026.10.03 12:34:23 core.audio_cache     INFO     📦 Dublikat qarşısı: yh0kULayqOw → depodakı 'Emilie-Claire Barlow - Like a Lover (Live)'
2026.10.03 12:34:23 core.audio_cache     INFO     📦 Dublikat qarşısı: nj0WYR_49JY → depodakı 'Emilie-Claire Barlow - Sleigh Ride (Live)'
2026.10.03 12:34:23 aiogram.event        INFO     Update id=875928463 is handled. Duration 2983 ms by bot id=8976652462
2026.10.03 12:34:23 core.audio_cache     INFO     📦 Dublikat qarşısı: W8u-mwdwjOw → depodakı 'Emilie-Claire Barlow - Janvier'
2026.10.03 12:34:23 plugins.music_plugin INFO     Metadata (spotify): Emilie-Claire Barlow - Summer Song
2026.10.03 12:34:24 plugins.music_plugin INFO     Metadata (spotify): Emilie-Claire Barlow - You Don't Know What Love Is
2026.10.03 12:34:24 plugins.music_plugin INFO     Metadata (spotify): Emilie-Claire Barlow - Neige (Live)
2026.10.03 12:34:24 core.youtube_handler INFO     Yükləmə cəhdi: cookies + mweb (PO token)
2026.10.03 12:34:25 plugins.music_plugin INFO     Metadata (spotify): Emilie-Claire Barlow - Brazilian Dorian Dream
2026.10.03 12:34:25 core.youtube_handler INFO     Yükləmə cəhdi: cookies + mweb (PO token)
2026.10.03 12:34:25 plugins.music_plugin INFO     Metadata (spotify): Emilie-Claire Barlow - Please Come Home for Christmas (Live)
2026.10.03 12:34:26 core.youtube_handler INFO     Yükləmə cəhdi: cookies + mweb (PO token)
2026.10.03 12:34:26 aiogram.event        INFO     Update id=875928469 is handled. Duration 6 ms by bot id=8976652462
2026.10.03 12:34:26 plugins.music_plugin INFO     Metadata (spotify): Emilie-Claire Barlow - Marie-Noël (Live)
2026.10.03 12:34:26 core.youtube_handler INFO     Yükləmə cəhdi: cookies + mweb (PO token)
2026.10.03 12:34:27 aiogram.event        INFO     Update id=875928468 is handled. Duration 1580 ms by bot id=8976652462
2026.10.03 12:34:27 aiogram.event        INFO     Update id=875928470 is handled. Duration 42 ms by bot id=8976652462
2026.10.03 12:34:27 core.youtube_handler INFO     Yükləmə cəhdi: cookies + mweb (PO token)
2026.10.03 12:34:28 aiogram.event        INFO     Update id=875928471 is handled. Duration 209 ms by bot id=8976652462
2026.10.03 12:34:28 plugins.music_plugin INFO     Metadata (spotify): Emilie-Claire Barlow - What Are You Doing New Year's Eve? (Live)
2026.10.03 12:34:28 aiogram.event        INFO     Update id=875928473 is handled. Duration 42 ms by bot id=8976652462
2026.10.03 12:34:28 aiogram.event        INFO     Update id=875928472 is handled. Duration 43 ms by bot id=8976652462
2026.10.03 12:34:28 core.youtube_handler INFO     Yükləmə cəhdi: cookies + mweb (PO token)
2026.10.03 12:34:28 plugins.music_plugin INFO     Metadata (spotify): Emilie-Claire Barlow - My Dear Acquaintance (Live)
2026.10.03 12:34:29 core.youtube_handler INFO     Yükləmə cəhdi: cookies + mweb (PO token)
2026.10.03 12:34:29 telethon.client.updates INFO     Got difference for channel 1270848742 updates
2026.10.03 12:34:29 aiogram.event        INFO     Update id=875928474 is handled. Duration 41 ms by bot id=8976652462
2026.10.03 12:34:30 core.youtube_handler INFO     Yükləmə cəhdi: cookies + mweb (PO token)
2026.10.03 12:34:30 aiogram.event        INFO     Update id=875928475 is handled. Duration 15 ms by bot id=8976652462
2026.10.03 12:34:30 core.youtube_handler INFO     Yükləmə cəhdi: cookies + mweb (PO token)
2026.10.03 12:34:30 aiogram.event        INFO     Update id=875928476 is handled. Duration 1 ms by bot id=8976652462
2026.10.03 12:34:31 aiogram.event        INFO     Update id=875928477 is handled. Duration 51 ms by bot id=8976652462
2026.10.03 12:34:31 plugins.music_plugin INFO     Metadata (spotify): Emilie-Claire Barlow - Combien de Noël ?
2026.10.03 12:34:32 aiogram.event        INFO     Update id=875928478 is handled. Duration 1098 ms by bot id=8976652462
2026.10.03 12:34:32 aiogram.event        INFO     Update id=875928479 is handled. Duration 10 ms by bot id=8976652462
2026.10.03 12:34:33 core.youtube_handler INFO     Yükləmə cəhdi: cookies + mweb (PO token)
2026.10.03 12:34:34 core.youtube_handler INFO     Yükləmə cəhdi: cookies + mweb (PO token)
2026.10.03 12:34:35 plugins.music_plugin INFO     Metadata (spotify): Emilie-Claire Barlow - Hey Santa (feat. Ingrid St-Pierre)
2026.10.03 12:34:35 plugins.music_plugin INFO     Metadata (spotify): Emilie-Claire Barlow - I'll Be Home for Christmas
2026.10.03 12:34:35 core.youtube_handler INFO     Yükləmə cəhdi: cookies + mweb (PO token)
2026.10.03 12:34:35 aiogram.event        INFO     Update id=875928480 is handled. Duration 0 ms by bot id=8976652462
2026.10.03 12:34:36 plugins.music_plugin INFO     Metadata (spotify): Emilie-Claire Barlow - Le dernier Noël
2026.10.03 12:34:37 core.audio_cache     INFO     📦 Dublikat qarşısı: DZaIgGH-e6I → depodakı 'Emilie-Claire Barlow - Where Will I Be?'
2026.10.03 12:34:37 plugins.music_plugin INFO     Metadata (spotify): Emilie-Claire Barlow - The Christmas Waltz (Version française)
2026.10.03 12:34:37 core.audio_cache     INFO     📦 Dublikat qarşısı: OTorYbCUhnc → depodakı 'Emilie-Claire Barlow - My Favorite Things'
2026.10.03 12:34:37 core.youtube_handler INFO     Yükləmə cəhdi: cookies + mweb (PO token)
2026.10.03 12:34:37 core.audio_cache     INFO     📦 Dublikat qarşısı: aLsNxfgI9fA → depodakı 'Emilie-Claire Barlow - What a Wonderful World'
2026.10.03 12:34:37 aiogram.event        INFO     Update id=875928482 is handled. Duration 62 ms by bot id=8976652462
2026.10.03 12:34:38 core.audio_cache     INFO     📦 Dublikat qarşısı: cdHwJHq7jF4 → depodakı 'Emilie-Claire Barlow - Valentine's Day'
2026.10.03 12:34:38 core.audio_cache     INFO     📦 Dublikat qarşısı: KO2pYoKpX3k → depodakı 'Emilie-Claire Barlow - Fa la la (avec toi)'
2026.10.03 12:34:38 plugins.update_notifier_plugin INFO     ✅ Yeniləmə bildirişi göndərildi
2026.10.03 12:34:38 aiogram.event        INFO     Update id=875928481 is handled. Duration 523 ms by bot id=8976652462
2026.10.03 12:34:38 aiogram.event        INFO     Update id=875928483 is handled. Duration 0 ms by bot id=8976652462
2026.10.03 12:34:38 plugins.music_plugin INFO     Metadata (spotify): Emilie-Claire Barlow - Lumières d'hiver
2026.10.03 12:34:38 core.youtube_handler INFO     Yükləmə cəhdi: cookies + mweb (PO token)
2026.10.03 12:34:39 plugins.music_plugin INFO     Metadata (spotify): Emilie-Claire Barlow - Please Come Home for Christmas
2026.10.03 12:34:39 plugins.depo_filler_plugin INFO     🎵 YTM mehro: 74 mahnı (+74 növbəyə, 0 artıq depoda), +17 yeni ifaçı
2026.10.03 12:34:39 aiogram.event        INFO     Update id=875928484 is handled. Duration 0 ms by bot id=8976652462
2026.10.03 12:34:39 core.audio_cache     INFO     📦 Dublikat qarşısı: 44vk4u4AMNo → depodakı 'Emilie-Claire Barlow - Feelin' Groovy (Live at Orange Lounge)'
2026.10.03 12:34:40 plugins.music_plugin INFO     Metadata (spotify): Emilie-Claire Barlow - Chanson pour une nuit d'hiver
2026.10.03 12:34:40 aiogram.event        INFO     Update id=875928485 is handled. Duration 0 ms by bot id=8976652462
2026.10.03 12:34:40 plugins.music_plugin INFO     Metadata (spotify): Emilie-Claire Barlow - Marie-Noël
2026.10.03 12:34:41 plugins.music_plugin INFO     Metadata (spotify): Emilie-Claire Barlow - River
2026.10.03 12:34:41 core.youtube_handler INFO     Yükləmə cəhdi: cookies + mweb (PO token)
2026.10.03 12:34:41 aiogram.event        INFO     Update id=875928487 is handled. Duration 110 ms by bot id=8976652462
2026.10.03 12:34:41 aiogram.event        INFO     Update id=875928488 is handled. Duration 42 ms by bot id=8976652462
2026.10.03 12:34:41 core.youtube_handler INFO     Yükləmə cəhdi: cookies + mweb (PO token)
2026.10.03 12:34:41 aiogram.event        INFO     Update id=875928486 is handled. Duration 779 ms by bot id=8976652462
2026.10.03 12:34:42 plugins.music_plugin INFO     Metadata (spotify): Emilie-Claire Barlow - As-tu vu le Père Noël ? (feat. Mitsou Gelinas)
2026.10.03 12:34:42 plugins.music_plugin INFO     Metadata (spotify): Emilie-Claire Barlow - My Dear Acquaintance
2026.10.03 12:34:42 core.youtube_handler INFO     Yükləmə cəhdi: cookies + mweb (PO token)
2026.10.03 12:34:42 plugins.music_plugin INFO     Metadata (spotify): Emilie-Claire Barlow - Noël blanc
2026.10.03 12:34:42 core.youtube_handler INFO     Yükləmə cəhdi: cookies + mweb (PO token)
2026.10.03 12:34:42 core.youtube_handler INFO     Yükləmə cəhdi: cookies + mweb (PO token)
2026.10.03 12:34:43 core.youtube_handler INFO     Yükləmə cəhdi: cookies + mweb (PO token)
2026.10.03 12:34:44 aiogram.event        INFO     Update id=875928490 is handled. Duration 348 ms by bot id=8976652462
2026.10.03 12:34:44 aiogram.event        INFO     Update id=875928491 is handled. Duration 62 ms by bot id=8976652462
2026.10.03 12:34:44 core.youtube_handler INFO     Yükləmə cəhdi: cookies + mweb (PO token)
2026.10.03 12:34:44 aiogram.event        INFO     Update id=875928489 is handled. Duration 1148 ms by bot id=8976652462
2026.10.03 12:34:44 aiogram.event        INFO     Update id=875928492 is handled. Duration 0 ms by bot id=8976652462
2026.10.03 12:34:44 core.youtube_handler INFO     Yükləmə cəhdi: cookies + mweb (PO token)
2026.10.03 12:34:45 core.youtube_handler INFO     Yükləmə cəhdi: cookies + mweb (PO token)
2026.10.03 12:34:45 aiogram.event        INFO     Update id=875928493 is handled. Duration 0 ms by bot id=8976652462
2026.10.03 12:34:45 plugins.music_plugin INFO     Metadata (spotify): Emilie-Claire Barlow - Windy Nights
2026.10.03 12:34:45 aiogram.event        INFO     Update id=875928494 is handled. Duration 120 ms by bot id=8976652462
2026.10.03 12:34:45 core.youtube_handler INFO     Yükləmə cəhdi: cookies + mweb (PO token)
2026.10.03 12:34:46 aiogram.event        INFO     Update id=875928496 is handled. Duration 150 ms by bot id=8976652462
2026.10.03 12:34:46 aiogram.event        INFO     Update id=875928495 is handled. Duration 895 ms by bot id=8976652462
2026.10.03 12:34:46 core.youtube_handler INFO     Yükləmə cəhdi: cookies + mweb (PO token)
2026.10.03 12:34:46 core.youtube_handler INFO     Yükləmə cəhdi: cookies + mweb (PO token)
2026.10.03 12:34:47 core.youtube_handler INFO     Yükləmə cəhdi: cookies + mweb (PO token)
2026.10.03 12:34:47 core.youtube_handler INFO     Yükləmə cəhdi: cookies + mweb (PO token)
2026.10.03 12:34:47 core.youtube_handler INFO     Yükləmə cəhdi: cookies + mweb (PO token)
2026.10.03 12:34:47 plugins.music_plugin INFO     Metadata (spotify): Emilie-Claire Barlow, David Blamires - Music
2026.10.03 12:34:47 plugins.music_plugin INFO     Metadata (spotify): Emilie-Claire Barlow - Have Yourself a Merry Little Christmas
2026.10.03 12:34:48 core.youtube_handler INFO     Yükləmə cəhdi: cookies + mweb (PO token)
2026.10.03 12:34:48 aiogram.event        INFO     Update id=875928497 is handled. Duration 89 ms by bot id=8976652462
2026.10.03 12:34:48 core.youtube_handler INFO     Yükləmə cəhdi: cookies + mweb (PO token)
2026.10.03 12:34:49 core.youtube_handler INFO     Yükləmə cəhdi: cookies + mweb (PO token)
2026.10.03 12:34:50 plugins.music_plugin INFO     Metadata (spotify): Emilie-Claire Barlow - Chanson française
2026.10.03 12:34:50 core.youtube_handler INFO     Yükləmə cəhdi: cookies + mweb (PO token)
2026.10.03 12:34:50 plugins.music_plugin INFO     Metadata (spotify): Emilie-Claire Barlow - Winter Lights (En lumières)
2026.10.03 12:34:51 aiogram.event        INFO     Update id=875928499 is handled. Duration 26 ms by bot id=8976652462
2026.10.03 12:34:51 core.youtube_handler INFO     Yükləmə cəhdi: cookies + mweb (PO token)
2026.10.03 12:34:51 aiogram.event        INFO     Update id=875928500 is handled. Duration 62 ms by bot id=8976652462
2026.10.03 12:34:52 core.youtube_handler INFO     Yükləmə cəhdi: cookies + mweb (PO token)
2026.10.03 12:34:52 aiogram.event        INFO     Update id=875928498 is handled. Duration 1364 ms by bot id=8976652462
2026.10.03 12:34:52 core.youtube_handler INFO     Yükləmə cəhdi: cookies + mweb (PO token)
2026.10.03 12:34:53 core.youtube_handler INFO     Yükləmə cəhdi: cookies + mweb (PO token)
2026.10.03 12:34:53 core.youtube_handler INFO     Yükləmə cəhdi: cookies + mweb (PO token)
2026.10.03 12:34:53 core.youtube_handler INFO     Yükləmə cəhdi: cookies + mweb (PO token)
2026.10.03 12:34:54 aiogram.event        INFO     Update id=875928502 is handled. Duration 46 ms by bot id=8976652462
2026.10.03 12:34:54 plugins.music_plugin INFO     Metadata (spotify): mehro - chance with you
2026.10.03 12:34:54 aiogram.event        INFO     Update id=875928501 is handled. Duration 975 ms by bot id=8976652462
2026.10.03 12:34:54 core.youtube_handler INFO     Yükləmə cəhdi: cookies + mweb (PO token)
2026.10.03 12:34:54 plugins.music_plugin INFO     Metadata (spotify): mehro - like you’re god
2026.10.03 12:34:54 plugins.music_plugin INFO     Metadata (spotify): mehro - need to be
2026.10.03 12:34:55 aiogram.event        INFO     Update id=875928503 is handled. Duration 93 ms by bot id=8976652462
2026.10.03 12:34:55 plugins.music_plugin INFO     Metadata (spotify): mehro - who are you
2026.10.03 12:34:55 core.youtube_handler INFO     Yükləmə cəhdi: cookies + mweb (PO token)
2026.10.03 12:34:55 plugins.music_plugin INFO     Metadata (spotify): mehro - exploding
2026.10.03 12:34:55 plugins.music_plugin INFO     Metadata (spotify): mehro - perfume
2026.10.03 12:34:55 plugins.music_plugin INFO     Metadata (spotify): mehro - hideous
2026.10.03 12:34:55 core.youtube_handler INFO     Yükləmə cəhdi: cookies + mweb (PO token)
2026.10.03 12:34:56 telethon.client.updates INFO     Got difference for channel 1305322609 updates
2026.10.03 12:34:56 plugins.music_plugin INFO     Metadata (spotify): mehro - lightning
2026.10.03 12:34:56 plugins.music_plugin INFO     Metadata (spotify): mehro - You're So Pretty
2026.10.03 12:34:56 core.youtube_handler INFO     Yükləmə cəhdi: cookies + mweb (PO token)
2026.10.03 12:34:56 aiogram.event        INFO     Update id=875928504 is handled. Duration 850 ms by bot id=8976652462
2026.10.03 12:34:56 core.youtube_handler INFO     Yükləmə cəhdi: cookies + mweb (PO token)
2026.10.03 12:34:57 core.depo_helpers    INFO     🤖 @dllmastercore5bot: flood 952 san. — digər köməkçiyə keçilir
2026.10.03 12:34:57 aiogram.event        INFO     Update id=875928505 is handled. Duration 0 ms by bot id=8976652462
2026.10.03 12:34:57 aiogram.event        INFO     Update id=875928506 is handled. Duration 0 ms by bot id=8976652462
2026.10.03 12:34:57 aiogram.event        INFO     Update id=875928507 is handled. Duration 0 ms by bot id=8976652462
2026.10.03 12:34:58 core.youtube_handler INFO     Yükləmə cəhdi: cookies + mweb (PO token)
2026.10.03 12:34:58 plugins.music_plugin INFO     Metadata (spotify): mehro - pirate song
2026.10.03 12:34:58 aiogram.event        INFO     Update id=875928509 is handled. Duration 1 ms by bot id=8976652462
2026.10.03 12:34:58 core.youtube_handler INFO     Yükləmə cəhdi: cookies + mweb (PO token)
2026.10.03 12:34:58 plugins.music_plugin INFO     Metadata (spotify): mehro - Calling All Angels (432 hz)
2026.10.03 12:34:58 aiogram.event        INFO     Update id=875928510 is handled. Duration 0 ms by bot id=8976652462
2026.10.03 12:34:58 aiogram.event        INFO     Update id=875928511 is handled. Duration 0 ms by bot id=8976652462
2026.10.03 12:34:58 plugins.music_plugin INFO     Metadata (spotify): mehro - the same
2026.10.03 12:34:58 aiogram.event        INFO     Update id=875928508 is handled. Duration 323 ms by bot id=8976652462
2026.10.03 12:34:59 plugins.music_plugin INFO     Metadata (spotify): mehro - love kills
2026.10.03 12:35:00 plugins.music_plugin INFO     Metadata (spotify): mehro - shouldn’t i give up
2026.10.03 12:35:00 aiogram.event        INFO     Update id=875928512 is handled. Duration 0 ms by bot id=8976652462
2026.10.03 12:35:00 aiogram.event        INFO     Update id=875928513 is handled. Duration 0 ms by bot id=8976652462
2026.10.03 12:35:00 aiogram.event        INFO     Update id=875928514 is handled. Duration 0 ms by bot id=8976652462
2026.10.03 12:35:01 aiogram.event        INFO     Update id=875928516 is handled. Duration 57 ms by bot id=8976652462
2026.10.03 12:35:01 core.youtube_handler INFO     Yükləmə cəhdi: cookies + mweb (PO token)
2026.10.03 12:35:01 aiogram.event        INFO     Update id=875928517 is handled. Duration 0 ms by bot id=8976652462
2026.10.03 12:35:01 aiogram.event        INFO     Update id=875928518 is handled. Duration 0 ms by bot id=8976652462
2026.10.03 12:35:01 aiogram.event        INFO     Update id=875928515 is handled. Duration 966 ms by bot id=8976652462
2026.10.03 12:35:02 aiogram.event        INFO     Update id=875928519 is handled. Duration 10 ms by bot id=8976652462
2026.10.03 12:35:02 core.youtube_handler INFO     Yükləmə cəhdi: cookies + mweb (PO token)
2026.10.03 12:35:02 plugins.music_plugin INFO     Metadata (spotify): mehro - whore
2026.10.03 12:35:03 core.youtube_handler INFO     Yükləmə cəhdi: cookies + mweb (PO token)
2026.10.03 12:35:03 aiogram.event        INFO     Update id=875928521 is handled. Duration 0 ms by bot id=8976652462
2026.10.03 12:35:04 aiogram.event        INFO     Update id=875928520 is handled. Duration 1133 ms by bot id=8976652462
2026.10.03 12:35:04 core.youtube_handler INFO     Yükləmə cəhdi: cookies + mweb (PO token)
2026.10.03 12:35:04 plugins.music_plugin INFO     Metadata (spotify): mehro - lifesaver
2026.10.03 12:35:05 core.youtube_handler INFO     Yükləmə cəhdi: cookies + mweb (PO token)
2026.10.03 12:35:05 aiogram.event        INFO     Update id=875928523 is handled. Duration 0 ms by bot id=8976652462
2026.10.03 12:35:05 aiogram.event        INFO     Update id=875928522 is handled. Duration 556 ms by bot id=8976652462
2026.10.03 12:35:05 plugins.music_plugin INFO     Metadata (spotify): mehro - dying in a dream
2026.10.03 12:35:06 core.youtube_handler INFO     Yükləmə cəhdi: cookies + mweb (PO token)
2026.10.03 12:35:06 plugins.music_plugin INFO     Metadata (spotify): mehro - ketamine
2026.10.03 12:35:06 plugins.music_plugin INFO     Metadata (spotify): mehro - princes of melancholia
2026.10.03 12:35:06 plugins.music_plugin INFO     Metadata (spotify): mehro, Kina - chance with you (Kina Remix)
2026.10.03 12:35:07 plugins.music_plugin INFO     Metadata (spotify): mehro - Sewers
2026.10.03 12:35:07 core.youtube_handler INFO     Yükləmə cəhdi: cookies + mweb (PO token)
2026.10.03 12:35:08 aiogram.event        INFO     Update id=875928524 is handled. Duration 1088 ms by bot id=8976652462
2026.10.03 12:35:08 plugins.music_plugin INFO     Metadata (spotify): mehro - dopamine
2026.10.03 12:35:08 plugins.music_plugin INFO     Metadata (spotify): mehro - howling
2026.10.03 12:35:08 core.youtube_handler INFO     Yükləmə cəhdi: cookies + mweb (PO token)
2026.10.03 12:35:08 plugins.music_plugin INFO     Metadata (spotify): mehro - pretty kids
2026.10.03 12:35:08 telethon.client.updates INFO     Got difference for channel 1270848742 updates
2026.10.03 12:35:08 aiogram.event        INFO     Update id=875928525 is handled. Duration 0 ms by bot id=8976652462
2026.10.03 12:35:08 plugins.music_plugin INFO     Metadata (spotify): mehro - like you're god (AWAY Remix)
2026.10.03 12:35:08 aiogram.event        INFO     Update id=875928526 is handled. Duration 10 ms by bot id=8976652462
2026.10.03 12:35:09 core.depo_helpers    INFO     🤖 @dllmastercore8bot: flood 941 san. — digər köməkçiyə keçilir
2026.10.03 12:35:09 core.depo_helpers    INFO     🤖 @dllmastercore8bot: flood 941 san. — digər köməkçiyə keçilir
2026.10.03 12:35:09 aiogram.event        INFO     Update id=875928527 is handled. Duration 0 ms by bot id=8976652462
2026.10.03 12:35:09 core.youtube_handler INFO     Yükləmə cəhdi: cookies + mweb (PO token)
2026.10.03 12:35:10 plugins.music_plugin INFO     Metadata (spotify): mehro - not alone
2026.10.03 12:35:10 core.youtube_handler INFO     Yükləmə cəhdi: cookies + mweb (PO token)
2026.10.03 12:35:10 aiogram.event        INFO     Update id=875928528 is handled. Duration 2 ms by bot id=8976652462
2026.10.03 12:35:10 plugins.music_plugin INFO     Metadata (spotify): mehro - parasite
2026.10.03 12:35:10 plugins.music_plugin INFO     Metadata (spotify): mehro - Sepia Tones
2026.10.03 12:35:11 plugins.music_plugin INFO     Metadata (spotify): mehro - laughing
2026.10.03 12:35:11 aiogram.event        INFO     Update id=875928529 is handled. Duration 19 ms by bot id=8976652462
2026.10.03 12:35:11 core.youtube_handler INFO     Yükləmə cəhdi: cookies + mweb (PO token)
2026.10.03 12:35:11 aiogram.event        INFO     Update id=875928530 is handled. Duration 0 ms by bot id=8976652462
2026.10.03 12:35:11 aiogram.event        INFO     Update id=875928531 is handled. Duration 3 ms by bot id=8976652462
2026.10.03 12:35:12 plugins.music_plugin INFO     Metadata (spotify): mehro - Plastic Tires
2026.10.03 12:35:13 aiogram.event        INFO     Update id=875928532 is handled. Duration 0 ms by bot id=8976652462
2026.10.03 12:35:13 aiogram.event        INFO     Update id=875928533 is handled. Duration 0 ms by bot id=8976652462
2026.10.03 12:35:13 aiogram.event        INFO     Update id=875928535 is handled. Duration 0 ms by bot id=8976652462
2026.10.03 12:35:14 aiogram.event        INFO     Update id=875928534 is handled. Duration 858 ms by bot id=8976652462
2026.10.03 12:35:14 aiogram.event        INFO     Update id=875928536 is handled. Duration 39 ms by bot id=8976652462
2026.10.03 12:35:14 core.audio_cache     INFO     📦 Dublikat qarşısı: 5TIkH5Q01oo → depodakı 'mehro - You're So Pretty'
2026.10.03 12:35:14 aiogram.event        INFO     Update id=875928537 is handled. Duration 15 ms by bot id=8976652462
2026.10.03 12:35:15 core.youtube_handler INFO     Yükləmə cəhdi: cookies + mweb (PO token)
2026.10.03 12:35:15 plugins.music_plugin INFO     Metadata (spotify): mehro - coastline
2026.10.03 12:35:15 aiogram.event        INFO     Update id=875928538 is handled. Duration 0 ms by bot id=8976652462
2026.10.03 12:35:16 aiogram.event        INFO     Update id=875928540 is handled. Duration 30 ms by bot id=8976652462
2026.10.03 12:35:16 plugins.music_plugin INFO     Metadata (spotify): mehro - monster
2026.10.03 12:35:16 core.audio_cache     INFO     📦 Dublikat qarşısı: 0hyo9KdCOuc → depodakı 'mehro - Sewers'
2026.10.03 12:35:16 plugins.depo_filler_plugin INFO     🎵 YTM Mini Trees: 98 mahnı (+98 növbəyə, 0 artıq depoda), +11 yeni ifaçı
2026.10.03 12:35:16 aiogram.event        INFO     Update id=875928539 is handled. Duration 746 ms by bot id=8976652462
2026.10.03 12:35:17 plugins.music_plugin INFO     Metadata (spotify): mehro - Lady Parts and Mannequins (Radio Edit)
2026.10.03 12:35:17 aiogram.event        INFO     Update id=875928541 is handled. Duration 1 ms by bot id=8976652462
2026.10.03 12:35:17 aiogram.event        INFO     Update id=875928543 is handled. Duration 88 ms by bot id=8976652462
2026.10.03 12:35:18 aiogram.event        INFO     Update id=875928544 is handled. Duration 194 ms by bot id=8976652462
2026.10.03 12:35:18 core.audio_cache     INFO     📦 Dublikat qarşısı: R-kp016_ig8 → depodakı 'mehro - ketamine'
2026.10.03 12:35:18 plugins.music_plugin INFO     Metadata (spotify): mehro - oneiroi
2026.10.03 12:35:18 aiogram.event        INFO     Update id=875928542 is handled. Duration 1169 ms by bot id=8976652462
2026.10.03 12:35:18 plugins.music_plugin INFO     Metadata (spotify): mehro - green felt
2026.10.03 12:35:19 plugins.music_plugin INFO     Metadata (spotify): mehro - bare minimum
2026.10.03 12:35:19 core.audio_cache     INFO     📦 Dublikat qarşısı: eGd3Xk1dtS8 → depodakı 'mehro - dopamine'
2026.10.03 12:35:19 plugins.music_plugin INFO     Metadata (spotify): mehro - Reason To Live
2026.10.03 12:35:19 plugins.music_plugin INFO     Metadata (spotify): mehro, Sweater Beats - perfume (Sweater Beats Remix)
2026.10.03 12:35:19 aiogram.event        INFO     Update id=875928545 is handled. Duration 56 ms by bot id=8976652462
2026.10.03 12:35:19 core.audio_cache     INFO     📦 Dublikat qarşısı: 0xfFFIVC9G8 → depodakı 'mehro - shouldn’t i give up'
2026.10.03 12:35:20 plugins.music_plugin INFO     Metadata (spotify): mehro - Sex Fiend
2026.10.03 12:35:20 core.youtube_handler INFO     Yükləmə cəhdi: cookies + mweb (PO token)
2026.10.03 12:35:20 core.audio_cache     INFO     📦 Dublikat qarşısı: hmea6dVsCOc → depodakı 'mehro - howling'
2026.10.03 12:35:20 plugins.music_plugin INFO     Metadata (spotify): mehro - cynical
2026.10.03 12:35:21 aiogram.event        INFO     Update id=875928546 is handled. Duration 595 ms by bot id=8976652462
2026.10.03 12:35:21 telethon.client.updates INFO     Got difference for channel 1327565517 updates
2026.10.03 12:35:21 core.audio_cache     INFO     📦 Dublikat qarşısı: sDQqPPX8kWo → depodakı 'mehro - like you’re god'
2026.10.03 12:35:22 plugins.music_plugin INFO     Metadata (spotify): mehro - Autoerotica
2026.10.03 12:35:22 aiogram.event        INFO     Update id=875928548 is handled. Duration 1 ms by bot id=8976652462
2026.10.03 12:35:22 plugins.music_plugin INFO     Metadata (spotify): mehro - murmur
2026.10.03 12:35:22 aiogram.event        INFO     Update id=875928547 is handled. Duration 747 ms by bot id=8976652462
2026.10.03 12:35:22 core.audio_cache     INFO     📦 Dublikat qarşısı: gOhbqOrcObU → depodakı 'mehro - pirate song'
2026.10.03 12:35:23 core.audio_cache     INFO     📦 Dublikat qarşısı: _f2HraHhlSk → depodakı 'mehro - exploding'
2026.10.03 12:35:23 plugins.music_plugin INFO     Metadata (spotify): mehro - Dead Internet
2026.10.03 12:35:23 aiogram.event        INFO     Update id=875928550 is handled. Duration 169 ms by bot id=8976652462
2026.10.03 12:35:23 aiogram.event        INFO     Update id=875928551 is handled. Duration 0 ms by bot id=8976652462
2026.10.03 12:35:23 aiogram.event        INFO     Update id=875928552 is handled. Duration 22 ms by bot id=8976652462
2026.10.03 12:35:24 core.audio_cache     INFO     📦 Dublikat qarşısı: ZO8jCmiWaz4 → depodakı 'mehro - whore'
2026.10.03 12:35:24 aiogram.event        INFO     Update id=875928553 is handled. Duration 72 ms by bot id=8976652462
2026.10.03 12:35:24 aiogram.event        INFO     Update id=875928549 is handled. Duration 1015 ms by bot id=8976652462
2026.10.03 12:35:25 core.audio_cache     INFO     📦 Dublikat qarşısı: aszGfTGfzxc → depodakı 'mehro - princes of melancholia'
2026.10.03 12:35:25 core.audio_cache     INFO     📦 Dublikat qarşısı: KFLju_KxI54 → depodakı 'mehro - parasite'
2026.10.03 12:35:25 aiogram.event        INFO     Update id=875928554 is handled. Duration 10 ms by bot id=8976652462
2026.10.03 12:35:25 aiogram.event        INFO     Update id=875928555 is handled. Duration 0 ms by bot id=8976652462
2026.10.03 12:35:26 aiogram.event        INFO     Update id=875928556 is handled. Duration 20 ms by bot id=8976652462
2026.10.03 12:35:26 telethon.client.updates INFO     Got difference for channel 1270848742 updates
2026.10.03 12:35:26 aiogram.event        INFO     Update id=875928557 is handled. Duration 5 ms by bot id=8976652462
2026.10.03 12:35:26 core.audio_cache     INFO     📦 Dublikat qarşısı: oaGN29LcXug → depodakı 'mehro - lightning'
2026.10.03 12:35:27 core.audio_cache     INFO     📦 Dublikat qarşısı: X1SejP9WtqY → depodakı 'mehro - hideous'
2026.10.03 12:35:27 plugins.music_plugin INFO     Metadata (spotify): mehro - Lady Parts and Mannequins
2026.10.03 12:35:28 core.audio_cache     INFO     📦 Dublikat qarşısı: oqbEUcJg0zo → depodakı 'mehro - pretty kids'
2026.10.03 12:35:28 core.audio_cache     INFO     📦 Dublikat qarşısı: RiBoggXA7UY → depodakı 'mehro - Sepia Tones'
2026.10.03 12:35:28 core.audio_cache     INFO     📦 Dublikat qarşısı: tEG2NmyoYPc → depodakı 'mehro - perfume'
2026.10.03 12:35:29 telethon.client.updates INFO     Got difference for channel 1327565517 updates
2026.10.03 12:35:29 core.audio_cache     INFO     📦 Dublikat qarşısı: 56uBTDNdzE8 → depodakı 'mehro - laughing'
2026.10.03 12:35:30 aiogram.event        INFO     Update id=875928558 is handled. Duration 1061 ms by bot id=8976652462
2026.10.03 12:35:30 aiogram.event        INFO     Update id=875928559 is handled. Duration 10 ms by bot id=8976652462
2026.10.03 12:35:31 core.audio_cache     INFO     📦 Dublikat qarşısı: P4j3iOXUNh8 → depodakı 'mehro - not alone'
2026.10.03 12:35:31 core.audio_cache     INFO     📦 Dublikat qarşısı: mnIVGG3ny5w → depodakı 'mehro - chance with you'
2026.10.03 12:35:31 core.audio_cache     INFO     📦 Dublikat qarşısı: s3D1_1XFBrs → depodakı 'mehro - the same'
2026.10.03 12:35:31 core.audio_cache     INFO     📦 Dublikat qarşısı: 3qro6wyDyNA → depodakı 'mehro - coastline'
2026.10.03 12:35:32 plugins.music_plugin INFO     Metadata (spotify): mehro - Lifesaver
2026.10.03 12:35:33 aiogram.event        INFO     Update id=875928560 is handled. Duration 1166 ms by bot id=8976652462
2026.10.03 12:35:34 core.audio_cache     INFO     📦 Dublikat qarşısı: BwjzJ5OmK-Y → depodakı 'mehro - Calling All Angels (432 hz)'
2026.10.03 12:35:34 core.audio_cache     INFO     📦 Dublikat qarşısı: BGWUaawd48U → depodakı 'mehro - like you're god (AWAY Remix)'
2026.10.03 12:35:34 core.audio_cache     INFO     📦 Dublikat qarşısı: RglfppymxgY → depodakı 'mehro - hideous'
2026.10.03 12:35:35 core.audio_cache     INFO     📦 Dublikat qarşısı: ws3kcww9AMk → depodakı 'mehro - green felt'
2026.10.03 12:35:35 core.youtube_handler INFO     Yükləmə cəhdi: cookies + mweb (PO token)
2026.10.03 12:35:35 aiogram.event        INFO     Update id=875928561 is handled. Duration 62 ms by bot id=8976652462
2026.10.03 12:35:36 core.youtube_handler INFO     Yükləmə cəhdi: cookies + mweb (PO token)
2026.10.03 12:35:36 core.audio_cache     INFO     📦 Dublikat qarşısı: Z8YZizMbeBo → depodakı 'mehro, Kina - chance with you (Kina Remix)'
2026.10.03 12:35:36 core.youtube_handler INFO     Yükləmə cəhdi: cookies + mweb (PO token)
2026.10.03 12:35:37 core.youtube_handler INFO     Yükləmə cəhdi: cookies + mweb (PO token)
2026.10.03 12:35:38 aiogram.event        INFO     Update id=875928562 is handled. Duration 977 ms by bot id=8976652462
2026.10.03 12:35:39 core.youtube_handler INFO     Yükləmə cəhdi: cookies + mweb (PO token)
2026.10.03 12:35:39 core.youtube_handler INFO     Yükləmə cəhdi: cookies + mweb (PO token)
2026.10.03 12:35:40 core.youtube_handler INFO     Yükləmə cəhdi: cookies + mweb (PO token)
2026.10.03 12:35:41 core.audio_cache     INFO     📦 Dublikat qarşısı: -bekfp9YuI8 → depodakı 'mehro - Reason To Live'
2026.10.03 12:35:41 core.youtube_handler INFO     Yükləmə cəhdi: cookies + mweb (PO token)
2026.10.03 12:35:41 aiogram.event        INFO     Update id=875928563 is handled. Duration 769 ms by bot id=8976652462
2026.10.03 12:35:42 core.youtube_handler INFO     Yükləmə cəhdi: cookies + mweb (PO token)
2026.10.03 12:35:42 core.youtube_handler INFO     Yükləmə cəhdi: cookies + mweb (PO token)
2026.10.03 12:35:44 core.youtube_handler INFO     Yükləmə cəhdi: cookies + mweb (PO token)
2026.10.03 12:35:44 aiogram.event        INFO     Update id=875928564 is handled. Duration 992 ms by bot id=8976652462
2026.10.03 12:35:45 core.youtube_handler INFO     Yükləmə cəhdi: cookies + mweb (PO token)
2026.10.03 12:35:45 core.youtube_handler INFO     Yükləmə cəhdi: cookies + mweb (PO token)
2026.10.03 12:35:45 core.youtube_handler INFO     Yükləmə cəhdi: cookies + mweb (PO token)
2026.10.03 12:35:45 core.youtube_handler INFO     Yükləmə cəhdi: cookies + mweb (PO token)
2026.10.03 12:35:45 core.youtube_handler INFO     Yükləmə cəhdi: cookies + mweb (PO token)
2026.10.03 12:35:46 core.youtube_handler INFO     Yükləmə cəhdi: cookies + mweb (PO token)
2026.10.03 12:35:46 core.youtube_handler INFO     Yükləmə cəhdi: cookies + mweb (PO token)
2026.10.03 12:35:46 core.youtube_handler INFO     Yükləmə cəhdi: cookies + mweb (PO token)
2026.10.03 12:35:46 core.youtube_handler INFO     Yükləmə cəhdi: cookies + mweb (PO token)
2026.10.03 12:35:46 core.youtube_handler INFO     Yükləmə cəhdi: cookies + mweb (PO token)
2026.10.03 12:35:46 core.youtube_handler INFO     Yükləmə cəhdi: cookies + mweb (PO token)
2026.10.03 12:35:46 core.audio_cache     INFO     📦 Dublikat qarşısı: Sz6DLxh-c08 → depodakı 'mehro, Sweater Beats - perfume (Sweater Beats Remix)'
2026.10.03 12:35:47 plugins.music_plugin INFO     Metadata (spotify): Mini Trees - Push and Pull
2026.10.03 12:35:47 core.youtube_handler INFO     Yükləmə cəhdi: cookies + mweb (PO token)
2026.10.03 12:35:47 aiogram.event        INFO     Update id=875928565 is handled. Duration 1484 ms by bot id=8976652462
2026.10.03 12:35:48 plugins.music_plugin INFO     Metadata (spotify): Mini Trees - Hollow
2026.10.03 12:35:48 core.youtube_handler INFO     Yükləmə cəhdi: cookies + mweb (PO token)
2026.10.03 12:35:48 plugins.music_plugin INFO     Metadata (spotify): Mini Trees - Spinning
2026.10.03 12:35:48 core.youtube_handler INFO     Yükləmə cəhdi: cookies + mweb (PO token)
2026.10.03 12:35:49 plugins.music_plugin INFO     Metadata (spotify): Mini Trees - Close
2026.10.03 12:35:49 core.youtube_handler INFO     Yükləmə cəhdi: cookies + mweb (PO token)
2026.10.03 12:35:50 aiogram.event        INFO     Update id=875928566 is handled. Duration 746 ms by bot id=8976652462
2026.10.03 12:35:50 core.youtube_handler INFO     Yükləmə cəhdi: cookies + mweb (PO token)
2026.10.03 12:35:51 plugins.music_plugin INFO     Metadata (spotify): Mini Trees - Sucker Punch
2026.10.03 12:35:51 aiogram.event        INFO     Update id=875928567 is handled. Duration 112 ms by bot id=8976652462
2026.10.03 12:35:51 core.youtube_handler INFO     Yükləmə cəhdi: cookies + mweb (PO token)
2026.10.03 12:35:51 aiogram.event        INFO     Update id=875928568 is handled. Duration 73 ms by bot id=8976652462
2026.10.03 12:35:51 aiogram.event        INFO     Update id=875928569 is handled. Duration 24 ms by bot id=8976652462
2026.10.03 12:35:51 plugins.music_plugin INFO     Metadata (spotify): Mini Trees - Hard To Love
2026.10.03 12:35:51 plugins.music_plugin INFO     Metadata (spotify): Mini Trees - On Repeat
2026.10.03 12:35:51 core.youtube_handler INFO     Yükləmə cəhdi: cookies + mweb (PO token)
2026.10.03 12:35:52 plugins.music_plugin INFO     Metadata (spotify): Mini Trees - Underwater (Acoustic)
2026.10.03 12:35:52 core.youtube_handler INFO     Yükləmə cəhdi: cookies + mweb (PO token)
2026.10.03 12:35:53 core.youtube_handler INFO     Yükləmə cəhdi: cookies + mweb (PO token)
2026.10.03 12:35:53 plugins.music_plugin INFO     Metadata (spotify): Mini Trees - Steady Me
2026.10.03 12:35:53 aiogram.event        INFO     Update id=875928570 is handled. Duration 229 ms by bot id=8976652462
2026.10.03 12:35:54 aiogram.event        INFO     Update id=875928571 is handled. Duration 0 ms by bot id=8976652462
2026.10.03 12:35:54 aiogram.event        INFO     Update id=875928572 is handled. Duration 57 ms by bot id=8976652462
2026.10.03 12:35:55 plugins.music_plugin INFO     Metadata (spotify): Mini Trees - Sludge
2026.10.03 12:35:55 core.youtube_handler INFO     Yükləmə cəhdi: cookies + mweb (PO token)
2026.10.03 12:35:55 aiogram.event        INFO     Update id=875928573 is handled. Duration 0 ms by bot id=8976652462
2026.10.03 12:35:55 aiogram.event        INFO     Update id=875928575 is handled. Duration 1 ms by bot id=8976652462
2026.10.03 12:35:55 aiogram.event        INFO     Update id=875928574 is handled. Duration 223 ms by bot id=8976652462
2026.10.03 12:35:56 core.youtube_handler INFO     Yükləmə cəhdi: cookies + mweb (PO token)
2026.10.03 12:35:56 plugins.music_plugin INFO     Metadata (spotify): Mini Trees - It’s Not You (Acoustic)
2026.10.03 12:35:56 plugins.music_plugin INFO     Metadata (spotify): Mini Trees - It's Not You
2026.10.03 12:35:57 aiogram.event        INFO     Update id=875928576 is handled. Duration 46 ms by bot id=8976652462
2026.10.03 12:35:57 core.youtube_handler INFO     Yükləmə cəhdi: cookies + mweb (PO token)
2026.10.03 12:35:58 plugins.music_plugin INFO     Metadata (spotify): Mini Trees - Numb
2026.10.03 12:35:58 aiogram.event        INFO     Update id=875928577 is handled. Duration 280 ms by bot id=8976652462
2026.10.03 12:35:58 aiogram.event        INFO     Update id=875928578 is handled. Duration 0 ms by bot id=8976652462
2026.10.03 12:35:58 plugins.music_plugin INFO     Metadata (spotify): Mini Trees - Burn Out
2026.10.03 12:35:58 aiogram.event        INFO     Update id=875928579 is handled. Duration 0 ms by bot id=8976652462
2026.10.03 12:35:58 plugins.music_plugin INFO     Metadata (spotify): Mini Trees - Sludge (Acoustic)
2026.10.03 12:35:58 plugins.music_plugin INFO     Metadata (spotify): Mini Trees - High Hopes
2026.10.03 12:35:59 plugins.music_plugin INFO     Metadata (spotify): Mini Trees - Shapeshifter
2026.10.03 12:35:59 core.youtube_handler INFO     Yükləmə cəhdi: cookies + mweb (PO token)
2026.10.03 12:35:59 aiogram.event        INFO     Update id=875928580 is handled. Duration 266 ms by bot id=8976652462
2026.10.03 12:36:00 core.youtube_handler INFO     Yükləmə cəhdi: cookies + mweb (PO token)
2026.10.03 12:36:00 plugins.music_plugin INFO     Metadata (spotify): Mini Trees - High Hopes (Reimagined)
2026.10.03 12:36:00 aiogram.event        INFO     Update id=875928581 is handled. Duration 46 ms by bot id=8976652462
2026.10.03 12:36:00 core.youtube_handler INFO     Yükləmə cəhdi: cookies + mweb (PO token)
2026.10.03 12:36:01 aiogram.event        INFO     Update id=875928582 is handled. Duration 46 ms by bot id=8976652462
2026.10.03 12:36:01 core.youtube_handler INFO     Yükləmə cəhdi: cookies + mweb (PO token)
2026.10.03 12:36:01 plugins.music_plugin INFO     Metadata (spotify): Mini Trees - Take It Back
2026.10.03 12:36:01 aiogram.event        INFO     Update id=875928584 is handled. Duration 30 ms by bot id=8976652462
2026.10.03 12:36:01 aiogram.event        INFO     Update id=875928583 is handled. Duration 498 ms by bot id=8976652462
2026.10.03 12:36:02 plugins.music_plugin INFO     Metadata (spotify): Mini Trees - Moments In Between
2026.10.03 12:36:02 plugins.music_plugin INFO     Metadata (spotify): Mini Trees - Underwater
2026.10.03 12:36:02 core.audio_cache     INFO     📦 Dublikat qarşısı: 96_tLP1Rye8 → depodakı 'Mini Trees - It's Not You'
2026.10.03 12:36:03 core.youtube_handler INFO     Yükləmə cəhdi: cookies + mweb (PO token)
2026.10.03 12:36:03 aiogram.event        INFO     Update id=875928585 is handled. Duration 1 ms by bot id=8976652462
2026.10.03 12:36:03 core.youtube_handler INFO     Yükləmə cəhdi: cookies + mweb (PO token)
2026.10.03 12:36:03 aiogram.event        INFO     Update id=875928586 is handled. Duration 0 ms by bot id=8976652462
2026.10.03 12:36:03 aiogram.event        INFO     Update id=875928587 is handled. Duration 0 ms by bot id=8976652462
2026.10.03 12:36:03 plugins.music_plugin INFO     Metadata (spotify): Mini Trees - Want Me To Stay
2026.10.03 12:36:04 plugins.music_plugin INFO     Metadata (spotify): Mini Trees - Slow It Down
2026.10.03 12:36:04 aiogram.event        INFO     Update id=875928588 is handled. Duration 81 ms by bot id=8976652462
2026.10.03 12:36:04 core.youtube_handler INFO     Yükləmə cəhdi: cookies + mweb (PO token)
2026.10.03 12:36:04 core.youtube_handler INFO     Yükləmə cəhdi: cookies + mweb (PO token)
2026.10.03 12:36:04 plugins.music_plugin INFO     Metadata (spotify): Mini Trees - Cracks in the Pavement
2026.10.03 12:36:05 aiogram.event        INFO     Update id=875928590 is handled. Duration 0 ms by bot id=8976652462
2026.10.03 12:36:05 aiogram.event        INFO     Update id=875928591 is handled. Duration 0 ms by bot id=8976652462
2026.10.03 12:36:05 plugins.music_plugin INFO     Metadata (spotify): Mini Trees - Let Down
2026.10.03 12:36:06 aiogram.event        INFO     Update id=875928592 is handled. Duration 5 ms by bot id=8976652462
2026.10.03 12:36:06 aiogram.event        INFO     Update id=875928589 is handled. Duration 1725 ms by bot id=8976652462
2026.10.03 12:36:06 core.youtube_handler INFO     Yükləmə cəhdi: cookies + mweb (PO token)
2026.10.03 12:36:07 aiogram.event        INFO     Update id=875928593 is handled. Duration 21 ms by bot id=8976652462
2026.10.03 12:36:07 plugins.music_plugin INFO     Metadata (spotify): Jay Som, Mini Trees - Cards On The Table
2026.10.03 12:36:07 core.youtube_handler INFO     Yükləmə cəhdi: cookies + mweb (PO token)
2026.10.03 12:36:07 aiogram.event        INFO     Update id=875928594 is handled. Duration 0 ms by bot id=8976652462
2026.10.03 12:36:07 aiogram.event        INFO     Update id=875928595 is handled. Duration 70 ms by bot id=8976652462
2026.10.03 12:36:08 core.youtube_handler INFO     Yükləmə cəhdi: cookies + mweb (PO token)
2026.10.03 12:36:08 core.youtube_handler INFO     Yükləmə cəhdi: cookies + mweb (PO token)
2026.10.03 12:36:08 aiogram.event        INFO     Update id=875928596 is handled. Duration 210 ms by bot id=8976652462
2026.10.03 12:36:09 core.youtube_handler INFO     Yükləmə cəhdi: cookies + mweb (PO token)
2026.10.03 12:36:09 aiogram.event        INFO     Update id=875928597 is handled. Duration 0 ms by bot id=8976652462
2026.10.03 12:36:09 plugins.depo_filler_plugin INFO     🎵 YTM Joy Crookes: 107 mahnı (+107 növbəyə, 0 artıq depoda), +5 yeni ifaçı
2026.10.03 12:36:09 plugins.music_plugin INFO     Metadata (spotify): Mini Trees - Carrying On
2026.10.03 12:36:10 aiogram.event        INFO     Update id=875928598 is handled. Duration 5 ms by bot id=8976652462
2026.10.03 12:36:10 plugins.music_plugin INFO     Metadata (spotify): Mini Trees, Jeremy Zucker - Slow It Down (Jeremy Zucker's Version)
2026.10.03 12:36:10 core.youtube_handler INFO     Yükləmə cəhdi: cookies + mweb (PO token)
2026.10.03 12:36:10 plugins.music_plugin INFO     Metadata (spotify): Mini Trees - Slip Away
2026.10.03 12:36:10 plugins.music_plugin INFO     Metadata (spotify): Mini Trees, Gracie Gray - It's Not You (Gracie Gray's Version)
2026.10.03 12:36:11 plugins.music_plugin INFO     Metadata (spotify): Mini Trees, PVRIS - Close (PVRIS Remix)
2026.10.03 12:36:11 plugins.music_plugin INFO     Metadata (spotify): Mini Trees, Dream Extreme - Spinning (Dream Extreme's Version)
2026.10.03 12:36:11 core.youtube_handler INFO     Yükləmə cəhdi: cookies + mweb (PO token)
2026.10.03 12:36:11 plugins.music_plugin INFO     Metadata (spotify): Mini Trees - Doomsday
2026.10.03 12:36:12 plugins.music_plugin INFO     Metadata (spotify): Mini Trees - Thinking Of
2026.10.03 12:36:12 core.youtube_handler INFO     Yükləmə cəhdi: cookies + mweb (PO token)
2026.10.03 12:36:12 aiogram.event        INFO     Update id=875928599 is handled. Duration 1 ms by bot id=8976652462
2026.10.03 12:36:12 core.youtube_handler INFO     Yükləmə cəhdi: cookies + mweb (PO token)
2026.10.03 12:36:13 aiogram.event        INFO     Update id=875928600 is handled. Duration 0 ms by bot id=8976652462
2026.10.03 12:36:13 aiogram.event        INFO     Update id=875928601 is handled. Duration 0 ms by bot id=8976652462
2026.10.03 12:36:13 plugins.music_plugin INFO     Metadata (spotify): Mini Trees - Dust
2026.10.03 12:36:14 core.youtube_handler INFO     Yükləmə cəhdi: cookies + mweb (PO token)
2026.10.03 12:36:14 plugins.music_plugin INFO     Metadata (spotify): Mini Trees, Hailaker - Hollow (Hailaker's Version)
2026.10.03 12:36:14 aiogram.event        INFO     Update id=875928602 is handled. Duration 0 ms by bot id=8976652462
2026.10.03 12:36:14 aiogram.event        INFO     Update id=875928603 is handled. Duration 0 ms by bot id=8976652462
2026.10.03 12:36:14 plugins.music_plugin INFO     Metadata (spotify): Mini Trees - Cave (feat. Medium Build)
2026.10.03 12:36:15 plugins.music_plugin INFO     Metadata (spotify): Mini Trees - Sabotage
2026.10.03 12:36:15 core.youtube_handler INFO     Yükləmə cəhdi: cookies + mweb (PO token)
2026.10.03 12:36:15 aiogram.event        INFO     Update id=875928604 is handled. Duration 0 ms by bot id=8976652462
2026.10.03 12:36:15 plugins.music_plugin INFO     Metadata (spotify): Mini Trees, Liminal - Close (Liminal's Version)
2026.10.03 12:36:16 aiogram.event        INFO     Update id=875928605 is handled. Duration 62 ms by bot id=8976652462
2026.10.03 12:36:16 core.youtube_handler INFO     Yükləmə cəhdi: cookies + mweb (PO token)
2026.10.03 12:36:17 aiogram.event        INFO     Update id=875928606 is handled. Duration 62 ms by bot id=8976652462
2026.10.03 12:36:17 plugins.music_plugin INFO     Metadata (spotify): Mini Trees, Gordi - On Repeat (Gordi's Version)
2026.10.03 12:36:17 core.audio_cache     INFO     📦 Dublikat qarşısı: o3BLPdLs3Ho → depodakı 'Mini Trees - Spinning'
2026.10.03 12:36:18 aiogram.event        INFO     Update id=875928607 is handled. Duration 0 ms by bot id=8976652462
2026.10.03 12:36:18 core.audio_cache     INFO     📦 Dublikat qarşısı: x07NyMTPT9k → depodakı 'Mini Trees - Close'
2026.10.03 12:36:18 plugins.music_plugin INFO     Metadata (spotify): Mini Trees, Mal Not Bad - Hard to Love (Mal Not Bad Remix)
2026.10.03 12:36:18 aiogram.event        INFO     Update id=875928609 is handled. Duration 0 ms by bot id=8976652462
2026.10.03 12:36:19 aiogram.event        INFO     Update id=875928608 is handled. Duration 602 ms by bot id=8976652462
2026.10.03 12:36:19 aiogram.event        INFO     Update id=875928610 is handled. Duration 31 ms by bot id=8976652462
2026.10.03 12:36:19 plugins.music_plugin INFO     Metadata (spotify): Mini Trees, Jay Som - Sucker Punch (Jay Som Remix)
2026.10.03 12:36:19 core.audio_cache     INFO     📦 Dublikat qarşısı: YR82i8KIyaQ → depodakı 'Mini Trees - Hard To Love'
2026.10.03 12:36:20 aiogram.event        INFO     Update id=875928611 is handled. Duration 0 ms by bot id=8976652462
2026.10.03 12:36:20 core.audio_cache     INFO     📦 Dublikat qarşısı: IAgGpLamWmQ → depodakı 'Mini Trees - Hollow'
2026.10.03 12:36:20 aiogram.event        INFO     Update id=875928612 is handled. Duration 0 ms by bot id=8976652462
2026.10.03 12:36:20 aiogram.event        INFO     Update id=875928613 is handled. Duration 1 ms by bot id=8976652462
2026.10.03 12:36:21 core.audio_cache     INFO     📦 Dublikat qarşısı: b9DWNqNUGxw → depodakı 'Mini Trees - On Repeat'
2026.10.03 12:36:22 aiogram.event        INFO     Update id=875928614 is handled. Duration 178 ms by bot id=8976652462
2026.10.03 12:36:22 aiogram.event        INFO     Update id=875928615 is handled. Duration 26 ms by bot id=8976652462
2026.10.03 12:36:22 core.audio_cache     INFO     📦 Dublikat qarşısı: AxX3tG2WnwI → depodakı 'Mini Trees - High Hopes'
2026.10.03 12:36:23 plugins.music_plugin INFO     Metadata (spotify): Mini Trees, Yumi Zouma - Moments in Between (Yumi Zouma Version)
2026.10.03 12:36:23 plugins.music_plugin INFO     Metadata (spotify): Mini Trees - Garden
2026.10.03 12:36:24 plugins.music_plugin INFO     Metadata (spotify): Mini Trees - Youth
2026.10.03 12:36:24 core.audio_cache     INFO     📦 Dublikat qarşısı: 1EIHjgSIIis → depodakı 'Mini Trees - Sucker Punch'
2026.10.03 12:36:24 core.audio_cache     INFO     📦 Dublikat qarşısı: SIebRnQTKCo → depodakı 'Mini Trees - Sludge'
2026.10.03 12:36:24 telethon.client.updates INFO     Got difference for channel 1270848742 updates
2026.10.03 12:36:24 plugins.music_plugin INFO     Metadata (spotify): Mini Trees - Spring
2026.10.03 12:36:24 plugins.music_plugin INFO     Metadata (spotify): Mini Trees - Differently
2026.10.03 12:36:24 plugins.music_plugin INFO     Metadata (spotify): Mini Trees - April
2026.10.03 12:36:25 plugins.music_plugin INFO     Metadata (spotify): Mini Trees - Honestly
2026.10.03 12:36:25 telethon.client.updates INFO     Got difference for channel 2233220502 updates
2026.10.03 12:36:25 plugins.music_plugin INFO     Metadata (spotify): Mini Trees - Otherwise
2026.10.03 12:36:26 aiogram.event        INFO     Update id=875928616 is handled. Duration 101 ms by bot id=8976652462
2026.10.03 12:36:26 core.audio_cache     INFO     📦 Dublikat qarşısı: bGrRQ6rwzP4 → depodakı 'Mini Trees - Slow It Down'
2026.10.03 12:36:26 core.audio_cache     INFO     📦 Dublikat qarşısı: Iqs3xLlX-Ek → depodakı 'Mini Trees, Dream Extreme - Spinning (Dream Extreme's Version)'
2026.10.03 12:36:26 core.audio_cache     INFO     📦 Dublikat qarşısı: Q2UB-YpTPpo → depodakı 'Mini Trees - It’s Not You (Acoustic)'
2026.10.03 12:36:26 plugins.music_plugin INFO     Metadata (spotify): Mini Trees - Spill
2026.10.03 12:36:27 core.audio_cache     INFO     📦 Dublikat qarşısı: 8dHmjpVwhdU → depodakı 'Mini Trees, Gracie Gray - It's Not You (Gracie Gray's Version)'
2026.10.03 12:36:27 aiogram.event        INFO     Update id=875928617 is handled. Duration 126 ms by bot id=8976652462
2026.10.03 12:36:27 core.audio_cache     INFO     📦 Dublikat qarşısı: h3E5WwSYTuk → depodakı 'Mini Trees, PVRIS - Close (PVRIS Remix)'
2026.10.03 12:36:27 plugins.music_plugin INFO     Metadata (spotify): Mini Trees - Canyons
2026.10.03 12:36:27 plugins.music_plugin INFO     Metadata (spotify): Mini Trees - Signs & Wonders (Holiday Cocktail Edition)
2026.10.03 12:36:27 aiogram.event        INFO     Update id=875928618 is handled. Duration 47 ms by bot id=8976652462
2026.10.03 12:36:27 aiogram.event        INFO     Update id=875928619 is handled. Duration 4 ms by bot id=8976652462
2026.10.03 12:36:28 core.audio_cache     INFO     📦 Dublikat qarşısı: -PPMSgV91kw → depodakı 'Mini Trees, Hailaker - Hollow (Hailaker's Version)'
2026.10.03 12:36:28 aiogram.event        INFO     Update id=875928620 is handled. Duration 1 ms by bot id=8976652462
2026.10.03 12:36:28 core.audio_cache     INFO     📦 Dublikat qarşısı: rJh0mFmG1b4 → depodakı 'Mini Trees - High Hopes (Reimagined)'
2026.10.03 12:36:28 aiogram.event        INFO     Update id=875928621 is handled. Duration 1 ms by bot id=8976652462
2026.10.03 12:36:29 plugins.music_plugin INFO     Metadata (spotify): Mini Trees - Spring (James McAlister Remix)
2026.10.03 12:36:29 telethon.client.updates INFO     Got difference for channel 1305322609 updates
2026.10.03 12:36:29 core.audio_cache     INFO     📦 Dublikat qarşısı: ds6T-9avTaY → depodakı 'Mini Trees, Liminal - Close (Liminal's Version)'
2026.10.03 12:36:30 aiogram.event        INFO     Update id=875928622 is handled. Duration 16 ms by bot id=8976652462
2026.10.03 12:36:31 aiogram.event        INFO     Update id=875928623 is handled. Duration 1 ms by bot id=8976652462
2026.10.03 12:36:31 core.audio_cache     INFO     📦 Dublikat qarşısı: HYaEhrKvU-M → depodakı 'Mini Trees - Sludge (Acoustic)'
2026.10.03 12:36:31 aiogram.event        INFO     Update id=875928624 is handled. Duration 25 ms by bot id=8976652462
2026.10.03 12:36:31 core.audio_cache     INFO     📦 Dublikat qarşısı: UbOxclmHYFs → depodakı 'Mini Trees, Jeremy Zucker - Slow It Down (Jeremy Zucker's Version)'
2026.10.03 12:36:32 aiogram.event        INFO     Update id=875928625 is handled. Duration 15 ms by bot id=8976652462
2026.10.03 12:36:32 aiogram.event        INFO     Update id=875928626 is handled. Duration 5 ms by bot id=8976652462
2026.10.03 12:36:32 aiogram.event        INFO     Update id=875928627 is handled. Duration 20 ms by bot id=8976652462
2026.10.03 12:36:33 telethon.client.updates INFO     Got difference for channel 1305322609 updates
2026.10.03 12:36:35 core.audio_cache     INFO     📦 Dublikat qarşısı: 8hy4iLNwB2g → depodakı 'Mini Trees - It's Not You'
2026.10.03 12:36:35 core.audio_cache     INFO     📦 Dublikat qarşısı: gbTR6t6dIlY → depodakı 'Mini Trees, Gordi - On Repeat (Gordi's Version)'
2026.10.03 12:36:36 core.audio_cache     INFO     📦 Dublikat qarşısı: NxpllAbynS8 → depodakı 'Mini Trees - Shapeshifter'
2026.10.03 12:36:36 core.audio_cache     INFO     📦 Dublikat qarşısı: QJIrOfCZyCk → depodakı 'Mini Trees - Push and Pull'
2026.10.03 12:36:36 core.audio_cache     INFO     📦 Dublikat qarşısı: WMAnjyovV1A → depodakı 'Mini Trees - Cave (feat. Medium Build)'
2026.10.03 12:36:36 core.audio_cache     INFO     📦 Dublikat qarşısı: v87fTEx7fH4 → depodakı 'Mini Trees - Burn Out'
2026.10.03 12:36:38 core.audio_cache     INFO     📦 Dublikat qarşısı: S9Yz2b0G_3Y → depodakı 'Mini Trees - Sabotage'
2026.10.03 12:36:38 core.youtube_handler INFO     Yükləmə cəhdi: cookies + mweb (PO token)
2026.10.03 12:36:39 core.youtube_handler INFO     Yükləmə cəhdi: cookies + mweb (PO token)
2026.10.03 12:36:40 core.audio_cache     INFO     📦 Dublikat qarşısı: elMLq9hX6_4 → depodakı 'Mini Trees, Mal Not Bad - Hard to Love (Mal Not Bad Remix)'
2026.10.03 12:36:40 core.audio_cache     INFO     📦 Dublikat qarşısı: 6KeJY61pB4M → depodakı 'Mini Trees, Jay Som - Sucker Punch (Jay Som Remix)'
2026.10.03 12:36:42 core.audio_cache     INFO     📦 Dublikat qarşısı: a1EkJ3_MtfM → depodakı 'Mini Trees - Underwater'
2026.10.03 12:36:42 core.audio_cache     INFO     📦 Dublikat qarşısı: jko6kw5gdqg → depodakı 'Mini Trees - Youth'
2026.10.03 12:36:43 core.audio_cache     INFO     📦 Dublikat qarşısı: -CVgkF_RM-8 → depodakı 'Mini Trees - Slip Away'
2026.10.03 12:36:43 core.audio_cache     INFO     📦 Dublikat qarşısı: mb5ujRP4KhI → depodakı 'Mini Trees - Garden'
2026.10.03 12:36:43 core.youtube_handler INFO     Yükləmə cəhdi: cookies + mweb (PO token)
2026.10.03 12:36:43 core.youtube_handler INFO     Yükləmə cəhdi: cookies + mweb (PO token)
2026.10.03 12:36:43 core.audio_cache     INFO     📦 Dublikat qarşısı: TLDzLNdWyFw → depodakı 'Mini Trees - Want Me To Stay'
2026.10.03 12:36:43 core.youtube_handler INFO     Yükləmə cəhdi: cookies + mweb (PO token)
2026.10.03 12:36:43 core.youtube_handler INFO     Yükləmə cəhdi: cookies + mweb (PO token)
2026.10.03 12:36:45 core.youtube_handler INFO     Yükləmə cəhdi: cookies + mweb (PO token)
2026.10.03 12:36:46 aiogram.event        INFO     Update id=875928628 is handled. Duration 516 ms by bot id=8976652462
2026.10.03 12:36:47 telethon.client.updates INFO     Got difference for channel 1339620626 updates
2026.10.03 12:36:48 core.audio_cache     INFO     📦 Dublikat qarşısı: R4OfxoBnJaQ → depodakı 'Mini Trees - Spring'
2026.10.03 12:36:49 core.youtube_handler INFO     Yükləmə cəhdi: cookies + mweb (PO token)
2026.10.03 12:36:49 core.youtube_handler INFO     Yükləmə cəhdi: cookies + mweb (PO token)
2026.10.03 12:36:49 core.audio_cache     INFO     📦 Dublikat qarşısı: NPk98CxHkSQ → depodakı 'Mini Trees - Differently'
2026.10.03 12:36:49 core.audio_cache     INFO     📦 Dublikat qarşısı: Bzc8VOPH3l4 → depodakı 'Mini Trees - Honestly'
2026.10.03 12:36:49 core.audio_cache     INFO     📦 Dublikat qarşısı: NBcWK0zdWu4 → depodakı 'Mini Trees - Spill'
2026.10.03 12:36:50 core.youtube_handler INFO     Yükləmə cəhdi: cookies + mweb (PO token)
2026.10.03 12:36:50 core.audio_cache     INFO     📦 Dublikat qarşısı: LveoWrv0dKE → depodakı 'Mini Trees - Dust'
2026.10.03 12:36:50 core.audio_cache     INFO     📦 Dublikat qarşısı: tbZfvbf80sc → depodakı 'Mini Trees - Steady Me'
2026.10.03 12:36:50 core.audio_cache     INFO     📦 Dublikat qarşısı: 9v0fYcx6TvI → depodakı 'Mini Trees - It's Not You'
2026.10.03 12:36:50 core.audio_cache     INFO     📦 Dublikat qarşısı: x8kC-_vBLjw → depodakı 'Mini Trees - Thinking Of'
2026.10.03 12:36:51 core.youtube_handler INFO     Yükləmə cəhdi: cookies + mweb (PO token)
2026.10.03 12:36:51 core.youtube_handler INFO     Yükləmə cəhdi: cookies + mweb (PO token)
2026.10.03 12:36:51 core.youtube_handler INFO     Yükləmə cəhdi: cookies + mweb (PO token)
2026.10.03 12:36:51 core.youtube_handler INFO     Yükləmə cəhdi: cookies + mweb (PO token)
2026.10.03 12:36:51 core.youtube_handler INFO     Yükləmə cəhdi: cookies + mweb (PO token)
2026.10.03 12:36:51 core.youtube_handler INFO     Yükləmə cəhdi: cookies + mweb (PO token)
2026.10.03 12:36:51 core.youtube_handler INFO     Yükləmə cəhdi: cookies + mweb (PO token)
2026.10.03 12:36:51 core.youtube_handler INFO     Yükləmə cəhdi: cookies + mweb (PO token)
2026.10.03 12:36:51 core.youtube_handler INFO     Yükləmə cəhdi: cookies + mweb (PO token)
2026.10.03 12:36:51 plugins.depo_filler_plugin INFO     🎵 YTM Charlotte Clark: 23 mahnı (+23 növbəyə, 0 artıq depoda), +3 yeni ifaçı
2026.10.03 12:36:51 core.youtube_handler INFO     Yükləmə cəhdi: cookies + mweb (PO token)
2026.10.03 12:36:51 core.youtube_handler INFO     Yükləmə cəhdi: cookies + mweb (PO token)
2026.10.03 12:36:51 core.youtube_handler INFO     Yükləmə cəhdi: cookies + mweb (PO token)
2026.10.03 12:36:51 plugins.music_plugin INFO     Metadata (spotify): Mini Trees - Doomsday (Illuminati Hotties Version) (feat. Illuminati Hotties)
2026.10.03 12:36:51 core.youtube_handler INFO     Yükləmə cəhdi: cookies + mweb (PO token)
2026.10.03 12:36:51 plugins.music_plugin INFO     Metadata (spotify): Mini Trees - Cracks in the Pavement (feat. McKinley Dixon)
2026.10.03 12:36:51 core.youtube_handler INFO     Yükləmə cəhdi: cookies + mweb (PO token)
2026.10.03 12:36:52 core.youtube_handler INFO     Yükləmə cəhdi: cookies + mweb (PO token)
2026.10.03 12:36:52 core.youtube_handler INFO     Yükləmə cəhdi: cookies + mweb (PO token)
2026.10.03 12:36:52 core.youtube_handler INFO     Yükləmə cəhdi: cookies + mweb (PO token)
2026.10.03 12:36:53 core.youtube_handler INFO     Yükləmə cəhdi: cookies + mweb (PO token)
2026.10.03 12:36:53 core.youtube_handler INFO     Yükləmə cəhdi: cookies + mweb (PO token)
2026.10.03 12:36:53 core.youtube_handler INFO     Yükləmə cəhdi: cookies + mweb (PO token)
2026.10.03 12:36:53 core.youtube_handler INFO     Yükləmə cəhdi: cookies + mweb (PO token)
2026.10.03 12:36:53 core.youtube_handler INFO     Yükləmə cəhdi: cookies + mweb (PO token)
2026.10.03 12:36:54 aiogram.event        INFO     Update id=875928629 is handled. Duration 2 ms by bot id=8976652462
2026.10.03 12:36:54 aiogram.event        INFO     Update id=875928630 is handled. Duration 0 ms by bot id=8976652462
2026.10.03 12:36:54 plugins.music_plugin INFO     Metadata (spotify): Joy Crookes - Feet Don't Fail Me Now (Live Acoustic Version)
2026.10.03 12:36:55 plugins.music_plugin INFO     Metadata (spotify): Bonobo, Joy Crookes - Always on Your Side
2026.10.03 12:36:55 plugins.music_plugin INFO     Metadata (spotify): Joy Crookes - Painkiller (feat. Denzel Curry)
2026.10.03 12:36:55 plugins.music_plugin INFO     Metadata (spotify): Joy Crookes - Feet Don't Fail Me Now
2026.10.03 12:36:56 aiogram.event        INFO     Update id=875928631 is handled. Duration 0 ms by bot id=8976652462
2026.10.03 12:36:57 aiogram.event        INFO     Update id=875928632 is handled. Duration 60 ms by bot id=8976652462
2026.10.03 12:36:58 aiogram.event        INFO     Update id=875928633 is handled. Duration 83 ms by bot id=8976652462
2026.10.03 12:36:58 core.youtube_handler INFO     Yükləmə cəhdi: cookies + mweb (PO token)
2026.10.03 12:36:58 core.youtube_handler INFO     Yükləmə cəhdi: cookies + mweb (PO token)
2026.10.03 12:36:58 aiogram.event        INFO     Update id=875928634 is handled. Duration 237 ms by bot id=8976652462
2026.10.03 12:36:59 aiogram.event        INFO     Update id=875928635 is handled. Duration 0 ms by bot id=8976652462
2026.10.03 12:36:59 plugins.music_plugin INFO     Metadata (spotify): Mini Trees - Signs & Wonders
2026.10.03 12:37:00 core.youtube_handler INFO     Yükləmə cəhdi: cookies + mweb (PO token)
2026.10.03 12:37:00 plugins.music_plugin INFO     Metadata (spotify): sped up + slowed, Joy Crookes - Feet Don't Fail Me Now (Joy Crookes) (slowed down)
2026.10.03 12:37:01 core.youtube_handler INFO     Yükləmə cəhdi: cookies + mweb (PO token)
2026.10.03 12:37:01 plugins.music_plugin INFO     Metadata (spotify): Joy Crookes - When You Were Mine
2026.10.03 12:37:02 core.youtube_handler INFO     Yükləmə cəhdi: cookies + mweb (PO token)
2026.10.03 12:37:02 telethon.client.updates INFO     Got difference for channel 1270848742 updates
2026.10.03 12:37:02 plugins.music_plugin INFO     Metadata (spotify): Joy Crookes - Somebody To You
2026.10.03 12:37:02 plugins.music_plugin INFO     Metadata (spotify): Joy Crookes - Hurts
2026.10.03 12:37:03 aiogram.event        INFO     Update id=875928636 is handled. Duration 13 ms by bot id=8976652462
2026.10.03 12:37:03 core.youtube_handler INFO     Yükləmə cəhdi: cookies + mweb (PO token)
2026.10.03 12:37:03 plugins.music_plugin INFO     Metadata (spotify): Joy Crookes - Carmen
2026.10.03 12:37:03 aiogram.event        INFO     Update id=875928637 is handled. Duration 0 ms by bot id=8976652462
2026.10.03 12:37:04 plugins.music_plugin INFO     Metadata (spotify): Joy Crookes - I Know You'd Kill
2026.10.03 12:37:04 aiogram.event        INFO     Update id=875928638 is handled. Duration 0 ms by bot id=8976652462
2026.10.03 12:37:04 plugins.music_plugin INFO     Metadata (spotify): Joy Crookes - Two Nights
2026.10.03 12:37:05 aiogram.event        INFO     Update id=875928640 is handled. Duration 1 ms by bot id=8976652462
2026.10.03 12:37:05 aiogram.event        INFO     Update id=875928639 is handled. Duration 443 ms by bot id=8976652462
2026.10.03 12:37:05 plugins.music_plugin INFO     Metadata (spotify): Joy Crookes - Brave
2026.10.03 12:37:05 aiogram.event        INFO     Update id=875928641 is handled. Duration 0 ms by bot id=8976652462
2026.10.03 12:37:05 plugins.music_plugin INFO     Metadata (spotify): Joy Crookes - Forever
2026.10.03 12:37:05 plugins.music_plugin INFO     Metadata (spotify): Joy Crookes - Fade Your Heart
2026.10.03 12:37:06 plugins.music_plugin INFO     Metadata (spotify): Joy Crookes - Perfect Crime
2026.10.03 12:37:06 aiogram.event        INFO     Update id=875928642 is handled. Duration 0 ms by bot id=8976652462
2026.10.03 12:37:07 core.youtube_handler INFO     Yükləmə cəhdi: cookies + mweb (PO token)
2026.10.03 12:37:07 plugins.music_plugin INFO     Metadata (spotify): sped up + slowed, Joy Crookes - Feet Don't Fail Me Now (Joy Crookes) (sped up)
2026.10.03 12:37:07 plugins.music_plugin INFO     Metadata (spotify): Joy Crookes, Paul Woolford - Feet Don't Fail Me Now (Paul Woolford Remix)
2026.10.03 12:37:07 aiogram.event        INFO     Update id=875928644 is handled. Duration 40 ms by bot id=8976652462
2026.10.03 12:37:07 plugins.music_plugin INFO     Metadata (spotify): Joy Crookes - House With A Pool
2026.10.03 12:37:07 aiogram.event        INFO     Update id=875928643 is handled. Duration 1075 ms by bot id=8976652462
2026.10.03 12:37:08 core.youtube_handler INFO     Yükləmə cəhdi: cookies + mweb (PO token)
2026.10.03 12:37:08 aiogram.event        INFO     Update id=875928645 is handled. Duration 0 ms by bot id=8976652462
2026.10.03 12:37:08 plugins.music_plugin INFO     Metadata (spotify): Joy Crookes - No Hands
2026.10.03 12:37:09 aiogram.event        INFO     Update id=875928646 is handled. Duration 21 ms by bot id=8976652462
2026.10.03 12:37:09 core.youtube_handler INFO     Yükləmə cəhdi: cookies + mweb (PO token)
2026.10.03 12:37:09 aiogram.event        INFO     Update id=875928647 is handled. Duration 0 ms by bot id=8976652462
2026.10.03 12:37:09 aiogram.event        INFO     Update id=875928648 is handled. Duration 15 ms by bot id=8976652462
2026.10.03 12:37:10 core.youtube_handler INFO     Yükləmə cəhdi: cookies + mweb (PO token)
2026.10.03 12:37:10 aiogram.event        INFO     Update id=875928649 is handled. Duration 25 ms by bot id=8976652462
2026.10.03 12:37:10 aiogram.event        INFO     Update id=875928650 is handled. Duration 25 ms by bot id=8976652462
2026.10.03 12:37:11 core.youtube_handler INFO     Yükləmə cəhdi: cookies + mweb (PO token)
2026.10.03 12:37:11 core.depo_helpers    INFO     🤖 @dllmastercore10bot: flood 818 san. — digər köməkçiyə keçilir
2026.10.03 12:37:11 telethon.client.updates INFO     Got difference for channel 1450190758 updates
2026.10.03 12:37:11 aiogram.event        INFO     Update id=875928651 is handled. Duration 16 ms by bot id=8976652462
2026.10.03 12:37:12 core.youtube_handler INFO     Yükləmə cəhdi: cookies + mweb (PO token)
2026.10.03 12:37:12 aiogram.event        INFO     Update id=875928652 is handled. Duration 15 ms by bot id=8976652462
2026.10.03 12:37:12 plugins.music_plugin INFO     Metadata (spotify): Joy Crookes - Mathematics (feat. Kano)
2026.10.03 12:37:13 core.youtube_handler INFO     Yükləmə cəhdi: cookies + mweb (PO token)
2026.10.03 12:37:13 core.youtube_handler INFO     Yükləmə cəhdi: cookies + mweb (PO token)
2026.10.03 12:37:14 aiogram.event        INFO     Update id=875928653 is handled. Duration 0 ms by bot id=8976652462
2026.10.03 12:37:14 plugins.music_plugin INFO     Metadata (spotify): Joy Crookes - Anyone But Me
2026.10.03 12:37:14 plugins.music_plugin INFO     Metadata (spotify): Joy Crookes - Darkest Hour
2026.10.03 12:37:15 plugins.music_plugin INFO     Metadata (spotify): Joy Crookes - First Last Dance
2026.10.03 12:37:15 plugins.music_plugin INFO     Metadata (spotify): Joy Crookes - Yah / Element (Medley)
2026.10.03 12:37:15 core.youtube_handler INFO     Yükləmə cəhdi: cookies + mweb (PO token)
2026.10.03 12:37:15 plugins.music_plugin INFO     Metadata (spotify): Joy Crookes - London Mine
2026.10.03 12:37:15 aiogram.event        INFO     Update id=875928654 is handled. Duration 109 ms by bot id=8976652462
2026.10.03 12:37:16 core.youtube_handler INFO     Yükləmə cəhdi: cookies + mweb (PO token)
2026.10.03 12:37:16 plugins.music_plugin INFO     Metadata (spotify): Joy Crookes - You & Me Song
2026.10.03 12:37:16 aiogram.event        INFO     Update id=875928655 is handled. Duration 38 ms by bot id=8976652462
2026.10.03 12:37:17 core.youtube_handler INFO     Yükləmə cəhdi: cookies + mweb (PO token)
2026.10.03 12:37:17 plugins.music_plugin INFO     Metadata (spotify): Joy Crookes - Pass the Salt (feat. Vince Staples)
2026.10.03 12:37:17 plugins.music_plugin INFO     Metadata (spotify): Joy Crookes - Bad Feeling
2026.10.03 12:37:17 aiogram.event        INFO     Update id=875928656 is handled. Duration 98 ms by bot id=8976652462
2026.10.03 12:37:18 core.youtube_handler INFO     Yükləmə cəhdi: cookies + mweb (PO token)
2026.10.03 12:37:18 plugins.music_plugin INFO     Metadata (spotify): Joy Crookes - Trouble
2026.10.03 12:37:18 aiogram.event        INFO     Update id=875928657 is handled. Duration 0 ms by bot id=8976652462
2026.10.03 12:37:18 plugins.music_plugin INFO     Metadata (spotify): Joy Crookes - Don't Let Me Down (Demo)
2026.10.03 12:37:18 plugins.music_plugin INFO     Metadata (spotify): Joy Crookes - Mother May I Sleep With Danger?
2026.10.03 12:37:19 core.youtube_handler INFO     Yükləmə cəhdi: cookies + mweb (PO token)
2026.10.03 12:37:19 plugins.music_plugin INFO     Metadata (spotify): Joy Crookes - Kingdom
2026.10.03 12:37:19 plugins.music_plugin INFO     Metadata (spotify): Joy Crookes - Mother
2026.10.03 12:37:20 plugins.music_plugin INFO     Metadata (spotify): Joy Crookes - 19th Floor
2026.10.03 12:37:20 core.youtube_handler INFO     Yükləmə cəhdi: cookies + mweb (PO token)
2026.10.03 12:37:20 plugins.music_plugin INFO     Metadata (spotify): Joy Crookes - Since I Left You (Demo)
2026.10.03 12:37:20 aiogram.event        INFO     Update id=875928658 is handled. Duration 303 ms by bot id=8976652462
2026.10.03 12:37:21 core.youtube_handler INFO     Yükləmə cəhdi: cookies + mweb (PO token)
2026.10.03 12:37:21 aiogram.event        INFO     Update id=875928659 is handled. Duration 6 ms by bot id=8976652462
2026.10.03 12:37:22 aiogram.event        INFO     Update id=875928660 is handled. Duration 110 ms by bot id=8976652462
2026.10.03 12:37:22 aiogram.event        INFO     Update id=875928662 is handled. Duration 36 ms by bot id=8976652462
2026.10.03 12:37:23 core.youtube_handler INFO     Yükləmə cəhdi: cookies + mweb (PO token)
2026.10.03 12:37:23 aiogram.event        INFO     Update id=875928663 is handled. Duration 0 ms by bot id=8976652462
