2025.03.30 06:42:41 __main__             INFO     🤖 Starting bot...
2025.03.30 06:42:41 __main__             INFO     🚀 Starting bot initialization...
2025.03.30 06:42:41 __main__             INFO     ✅ Database initialized successfully
2025.03.30 06:42:41 core.spotify_handler INFO     Spotify API ilə əlaqə quruldu.
2025.03.30 06:42:41 __main__             INFO     ✅ Spotify service initialized
2025.03.30 06:42:41 core.youtube_handler INFO     firefox brauzerindən cookies istifadə edilir.
2025.03.30 06:42:41 __main__             INFO     ✅ YouTube services initialized (firefox)
2025.03.30 06:42:41 __main__             INFO     🔌 Loading plugins...
2025.03.30 06:42:41 __main__             INFO     🔍 Scanning plugins in: plugins
2025.03.30 06:42:41 __main__             INFO     🔄 Loading: plugins.spotify_plugin
2025.03.30 06:42:41 __main__             INFO     ✅ Loaded (sync): plugins.spotify_plugin
2025.03.30 06:42:41 __main__             INFO     🔄 Loading: plugins.menu_plugin
2025.03.30 06:42:41 __main__             INFO     ✅ Loaded (sync): plugins.menu_plugin
2025.03.30 06:42:41 __main__             INFO     🔄 Loading: plugins.sudo_plugin
2025.03.30 06:42:41 __main__             INFO     ✅ Loaded (sync): plugins.sudo_plugin
2025.03.30 06:42:41 __main__             INFO     🔄 Loading: plugins.youtube_plugin
2025.03.30 06:42:41 __main__             INFO     ✅ Loaded (sync): plugins.youtube_plugin
2025.03.30 06:42:41 __main__             INFO     🔄 Loading: plugins.neofetch_plugin
2025.03.30 06:42:41 __main__             INFO     ✅ Loaded (sync): plugins.neofetch_plugin
2025.03.30 06:42:41 __main__             INFO     🔄 Loading: plugins.report_plugin
2025.03.30 06:42:41 __main__             INFO     ✅ Loaded (async): plugins.report_plugin
2025.03.30 06:42:41 __main__             INFO     🔄 Loading: plugins.del_plugin
2025.03.30 06:42:41 __main__             INFO     ✅ Loaded (sync): plugins.del_plugin
2025.03.30 06:42:41 __main__             INFO     🔄 Loading: plugins.music_plugin
2025.03.30 06:42:41 __main__             INFO     ✅ Loaded (sync): plugins.music_plugin
2025.03.30 06:42:41 __main__             INFO     🔄 Loading: plugins.start_plugin
2025.03.30 06:42:41 __main__             INFO     ✅ Loaded (async): plugins.start_plugin
2025.03.30 06:42:41 __main__             INFO     🔄 Loading: plugins.broadcast_plugin
2025.03.30 06:42:41 __main__             INFO     ✅ Loaded (sync): plugins.broadcast_plugin
2025.03.30 06:42:41 __main__             INFO     🔄 Loading: plugins.speedtest_plugin
2025.03.30 06:42:41 __main__             INFO     ✅ Loaded (sync): plugins.speedtest_plugin
2025.03.30 06:42:41 __main__             INFO     🚀 Starting polling...
2025.03.30 06:42:41 aiogram.dispatcher   INFO     Start polling
2025.03.30 06:42:41 aiogram.dispatcher   INFO     Run polling for bot @dllmasterbot id=8095621527 - 'DLLMaster for Music'
2025.03.30 06:42:41 aiogram.event        INFO     Update id=511587463 is not handled. Duration 1 ms by bot id=8095621527
2025.03.30 06:42:41 aiogram.event        INFO     Update id=511587464 is not handled. Duration 2 ms by bot id=8095621527
2025.03.30 06:42:46 aiogram.event        INFO     Update id=511587465 is not handled. Duration 1 ms by bot id=8095621527
2025.03.30 06:43:02 aiogram.event        INFO     Update id=511587466 is not handled. Duration 1 ms by bot id=8095621527
2025.03.30 06:43:08 aiogram.event        INFO     Update id=511587467 is not handled. Duration 1 ms by bot id=8095621527
2025.03.30 06:43:13 aiogram.event        INFO     Update id=511587468 is not handled. Duration 1 ms by bot id=8095621527
2025.03.30 06:43:15 aiogram.event        INFO     Update id=511587469 is not handled. Duration 1 ms by bot id=8095621527
2025.03.30 06:43:23 aiogram.event        INFO     Update id=511587470 is not handled. Duration 4 ms by bot id=8095621527
2025.03.30 06:43:25 aiogram.event        INFO     Update id=511587471 is not handled. Duration 1 ms by bot id=8095621527
2025.03.30 06:43:27 aiogram.event        INFO     Update id=511587472 is not handled. Duration 1 ms by bot id=8095621527
2025.03.30 06:43:30 aiogram.event        INFO     Update id=511587473 is not handled. Duration 3 ms by bot id=8095621527
2025.03.30 06:43:30 aiogram.event        INFO     Update id=511587474 is not handled. Duration 5 ms by bot id=8095621527
2025.03.30 06:43:33 aiogram.event        INFO     Update id=511587475 is not handled. Duration 1 ms by bot id=8095621527
2025.03.30 06:44:10 aiogram.event        INFO     Update id=511587476 is not handled. Duration 0 ms by bot id=8095621527
2025.03.30 06:44:55 aiogram.event        INFO     Update id=511587477 is handled. Duration 0 ms by bot id=8095621527
2025.03.30 06:45:02 aiogram.event        INFO     Update id=511587478 is handled. Duration 0 ms by bot id=8095621527
2025.03.30 06:45:07 aiogram.event        INFO     Update id=511587479 is not handled. Duration 1 ms by bot id=8095621527
2025.03.30 06:45:33 aiogram.event        INFO     Update id=511587480 is not handled. Duration 2 ms by bot id=8095621527
2025.03.30 06:45:39 aiogram.event        INFO     Update id=511587481 is handled. Duration 0 ms by bot id=8095621527
2025.03.30 06:45:40 aiogram.event        INFO     Update id=511587482 is handled. Duration 0 ms by bot id=8095621527
2025.03.30 06:45:40 aiogram.event        INFO     Update id=511587483 is handled. Duration 0 ms by bot id=8095621527
2025.03.30 06:45:44 aiogram.event        INFO     Update id=511587484 is handled. Duration 0 ms by bot id=8095621527
2025.03.30 06:45:50 aiogram.event        INFO     Update id=511587485 is not handled. Duration 1 ms by bot id=8095621527
2025.03.30 06:45:57 aiogram.dispatcher   WARNING  Received SIGINT signal
2025.03.30 06:45:57 aiogram.dispatcher   INFO     Polling stopped for bot @dllmasterbot id=8095621527 - 'DLLMaster for Music'
2025.03.30 06:45:57 aiogram.dispatcher   INFO     Polling stopped
2025.03.30 06:45:57 __main__             INFO     🛑 Polling stopped
2025.03.30 06:45:57 __main__             INFO     🔴 Bot stopped
2025.03.30 06:46:04 __main__             INFO     🤖 Starting bot...
2025.03.30 06:46:04 __main__             INFO     🚀 Starting bot initialization...
2025.03.30 06:46:05 __main__             INFO     ✅ Database initialized successfully
2025.03.30 06:46:05 core.spotify_handler INFO     Spotify API ilə əlaqə quruldu.
2025.03.30 06:46:05 __main__             INFO     ✅ Spotify service initialized
2025.03.30 06:46:05 core.youtube_handler INFO     firefox brauzerindən cookies istifadə edilir.
2025.03.30 06:46:05 __main__             INFO     ✅ YouTube services initialized (firefox)
2025.03.30 06:46:05 __main__             INFO     🔌 Loading plugins...
2025.03.30 06:46:05 __main__             INFO     🔍 Scanning plugins in: plugins
2025.03.30 06:46:05 __main__             INFO     🔄 Loading: plugins.spotify_plugin
2025.03.30 06:46:05 __main__             INFO     ✅ Loaded (sync): plugins.spotify_plugin
2025.03.30 06:46:05 __main__             INFO     🔄 Loading: plugins.menu_plugin
2025.03.30 06:46:05 __main__             INFO     ✅ Loaded (sync): plugins.menu_plugin
2025.03.30 06:46:05 __main__             INFO     🔄 Loading: plugins.sudo_plugin
2025.03.30 06:46:05 __main__             INFO     ✅ Loaded (sync): plugins.sudo_plugin
2025.03.30 06:46:05 __main__             INFO     🔄 Loading: plugins.youtube_plugin
2025.03.30 06:46:05 __main__             INFO     ✅ Loaded (sync): plugins.youtube_plugin
2025.03.30 06:46:05 __main__             INFO     🔄 Loading: plugins.neofetch_plugin
2025.03.30 06:46:05 __main__             INFO     ✅ Loaded (sync): plugins.neofetch_plugin
2025.03.30 06:46:05 __main__             INFO     🔄 Loading: plugins.report_plugin
2025.03.30 06:46:05 __main__             INFO     ✅ Loaded (async): plugins.report_plugin
2025.03.30 06:46:05 __main__             INFO     🔄 Loading: plugins.del_plugin
2025.03.30 06:46:05 __main__             INFO     ✅ Loaded (sync): plugins.del_plugin
2025.03.30 06:46:05 __main__             INFO     🔄 Loading: plugins.music_plugin
2025.03.30 06:46:05 __main__             INFO     ✅ Loaded (sync): plugins.music_plugin
2025.03.30 06:46:05 __main__             INFO     🔄 Loading: plugins.start_plugin
2025.03.30 06:46:05 __main__             INFO     ✅ Loaded (async): plugins.start_plugin
2025.03.30 06:46:05 __main__             INFO     🔄 Loading: plugins.broadcast_plugin
2025.03.30 06:46:05 __main__             INFO     ✅ Loaded (sync): plugins.broadcast_plugin
2025.03.30 06:46:05 __main__             INFO     🔄 Loading: plugins.speedtest_plugin
2025.03.30 06:46:05 __main__             INFO     ✅ Loaded (sync): plugins.speedtest_plugin
2025.03.30 06:46:05 __main__             INFO     🔄 Loading: plugins.bot_logs
2025.03.30 06:46:05 __main__             ERROR    ❌ Failed to load plugins.bot_logs: module 'aiogram.types' has no attribute 'CallbackContext'
Traceback (most recent call last):
  File "/home/admin/DLMaster/app.py", line 176, in load_plugins
    module = importlib.import_module(module_name)
             ^^^^^^^^^^^^^^^^^^^^^^^^^^^^^^^^^^^^
  File "/usr/lib/python3.11/importlib/__init__.py", line 126, in import_module
    return _bootstrap._gcd_import(name[level:], package, level)
           ^^^^^^^^^^^^^^^^^^^^^^^^^^^^^^^^^^^^^^^^^^^^^^^^^^^^
  File "<frozen importlib._bootstrap>", line 1206, in _gcd_import
  File "<frozen importlib._bootstrap>", line 1178, in _find_and_load
  File "<frozen importlib._bootstrap>", line 1149, in _find_and_load_unlocked
  File "<frozen importlib._bootstrap>", line 690, in _load_unlocked
  File "<frozen importlib._bootstrap_external>", line 940, in exec_module
  File "<frozen importlib._bootstrap>", line 241, in _call_with_frames_removed
  File "/home/admin/DLMaster/plugins/bot_logs.py", line 14, in <module>
    async def send_log_command(message: types.Message, context: types.CallbackContext):
                                                                ^^^^^^^^^^^^^^^^^^^^^
AttributeError: module 'aiogram.types' has no attribute 'CallbackContext'
2025.03.30 06:46:05 __main__             INFO     🚀 Starting polling...
2025.03.30 06:46:05 aiogram.dispatcher   INFO     Start polling
2025.03.30 06:46:05 aiogram.dispatcher   INFO     Run polling for bot @dllmasterbot id=8095621527 - 'DLLMaster for Music'
2025.03.30 06:46:05 aiogram.event        INFO     Update id=511587486 is not handled. Duration 1 ms by bot id=8095621527
2025.03.30 06:46:14 aiogram.event        INFO     Update id=511587487 is not handled. Duration 1 ms by bot id=8095621527
2025.03.30 06:46:25 aiogram.event        INFO     Update id=511587488 is handled. Duration 0 ms by bot id=8095621527
2025.03.30 06:46:51 aiogram.event        INFO     Update id=511587489 is handled. Duration 0 ms by bot id=8095621527
2025.03.30 06:47:12 aiogram.event        INFO     Update id=511587490 is handled. Duration 0 ms by bot id=8095621527
2025.03.30 06:47:16 aiogram.dispatcher   WARNING  Received SIGINT signal
2025.03.30 06:47:16 aiogram.dispatcher   INFO     Polling stopped for bot @dllmasterbot id=8095621527 - 'DLLMaster for Music'
2025.03.30 06:47:16 aiogram.dispatcher   INFO     Polling stopped
2025.03.30 06:47:16 __main__             INFO     🛑 Polling stopped
2025.03.30 06:47:16 __main__             INFO     🔴 Bot stopped
2025.03.30 06:47:23 __main__             INFO     🤖 Starting bot...
2025.03.30 06:47:23 __main__             INFO     🚀 Starting bot initialization...
2025.03.30 06:47:23 __main__             INFO     ✅ Database initialized successfully
2025.03.30 06:47:23 core.spotify_handler INFO     Spotify API ilə əlaqə quruldu.
2025.03.30 06:47:23 __main__             INFO     ✅ Spotify service initialized
2025.03.30 06:47:23 core.youtube_handler INFO     firefox brauzerindən cookies istifadə edilir.
2025.03.30 06:47:23 __main__             INFO     ✅ YouTube services initialized (firefox)
2025.03.30 06:47:23 __main__             INFO     🔌 Loading plugins...
2025.03.30 06:47:23 __main__             INFO     🔍 Scanning plugins in: plugins
2025.03.30 06:47:23 __main__             INFO     🔄 Loading: plugins.spotify_plugin
2025.03.30 06:47:23 __main__             INFO     ✅ Loaded (sync): plugins.spotify_plugin
2025.03.30 06:47:23 __main__             INFO     🔄 Loading: plugins.menu_plugin
2025.03.30 06:47:23 __main__             INFO     ✅ Loaded (sync): plugins.menu_plugin
2025.03.30 06:47:23 __main__             INFO     🔄 Loading: plugins.sudo_plugin
2025.03.30 06:47:23 __main__             INFO     ✅ Loaded (sync): plugins.sudo_plugin
2025.03.30 06:47:23 __main__             INFO     🔄 Loading: plugins.youtube_plugin
2025.03.30 06:47:23 __main__             INFO     ✅ Loaded (sync): plugins.youtube_plugin
2025.03.30 06:47:23 __main__             INFO     🔄 Loading: plugins.neofetch_plugin
2025.03.30 06:47:23 __main__             INFO     ✅ Loaded (sync): plugins.neofetch_plugin
2025.03.30 06:47:23 __main__             INFO     🔄 Loading: plugins.report_plugin
2025.03.30 06:47:23 __main__             INFO     ✅ Loaded (async): plugins.report_plugin
2025.03.30 06:47:23 __main__             INFO     🔄 Loading: plugins.del_plugin
2025.03.30 06:47:23 __main__             INFO     ✅ Loaded (sync): plugins.del_plugin
2025.03.30 06:47:23 __main__             INFO     🔄 Loading: plugins.music_plugin
2025.03.30 06:47:23 __main__             INFO     ✅ Loaded (sync): plugins.music_plugin
2025.03.30 06:47:23 __main__             INFO     🔄 Loading: plugins.start_plugin
2025.03.30 06:47:23 __main__             INFO     ✅ Loaded (async): plugins.start_plugin
2025.03.30 06:47:23 __main__             INFO     🔄 Loading: plugins.broadcast_plugin
2025.03.30 06:47:23 __main__             INFO     ✅ Loaded (sync): plugins.broadcast_plugin
2025.03.30 06:47:23 __main__             INFO     🔄 Loading: plugins.speedtest_plugin
2025.03.30 06:47:23 __main__             INFO     ✅ Loaded (sync): plugins.speedtest_plugin
2025.03.30 06:47:23 __main__             INFO     🔄 Loading: plugins.bot_logs
2025.03.30 06:47:23 __main__             ERROR    ❌ Failed to load plugins.bot_logs: cannot import name 'CallbackContext' from 'aiogram.types' (/home/admin/.local/lib/python3.11/site-packages/aiogram/types/__init__.py)
Traceback (most recent call last):
  File "/home/admin/DLMaster/app.py", line 176, in load_plugins
    module = importlib.import_module(module_name)
             ^^^^^^^^^^^^^^^^^^^^^^^^^^^^^^^^^^^^
  File "/usr/lib/python3.11/importlib/__init__.py", line 126, in import_module
    return _bootstrap._gcd_import(name[level:], package, level)
           ^^^^^^^^^^^^^^^^^^^^^^^^^^^^^^^^^^^^^^^^^^^^^^^^^^^^
  File "<frozen importlib._bootstrap>", line 1206, in _gcd_import
  File "<frozen importlib._bootstrap>", line 1178, in _find_and_load
  File "<frozen importlib._bootstrap>", line 1149, in _find_and_load_unlocked
  File "<frozen importlib._bootstrap>", line 690, in _load_unlocked
  File "<frozen importlib._bootstrap_external>", line 940, in exec_module
  File "<frozen importlib._bootstrap>", line 241, in _call_with_frames_removed
  File "/home/admin/DLMaster/plugins/bot_logs.py", line 7, in <module>
    from aiogram.types import CallbackContext
ImportError: cannot import name 'CallbackContext' from 'aiogram.types' (/home/admin/.local/lib/python3.11/site-packages/aiogram/types/__init__.py)
2025.03.30 06:47:23 __main__             INFO     🚀 Starting polling...
2025.03.30 06:47:23 aiogram.dispatcher   INFO     Start polling
2025.03.30 06:47:23 aiogram.dispatcher   INFO     Run polling for bot @dllmasterbot id=8095621527 - 'DLLMaster for Music'
2025.03.30 06:47:23 aiogram.event        INFO     Update id=511587491 is handled. Duration 0 ms by bot id=8095621527
2025.03.30 06:47:41 aiogram.dispatcher   WARNING  Received SIGINT signal
2025.03.30 06:47:41 aiogram.dispatcher   INFO     Polling stopped for bot @dllmasterbot id=8095621527 - 'DLLMaster for Music'
2025.03.30 06:47:41 aiogram.dispatcher   INFO     Polling stopped
2025.03.30 06:47:41 __main__             INFO     🛑 Polling stopped
2025.03.30 06:47:41 __main__             INFO     🔴 Bot stopped
2025.03.30 06:47:48 __main__             INFO     🤖 Starting bot...
2025.03.30 06:47:48 __main__             INFO     🚀 Starting bot initialization...
2025.03.30 06:47:48 __main__             INFO     ✅ Database initialized successfully
2025.03.30 06:47:48 core.spotify_handler INFO     Spotify API ilə əlaqə quruldu.
2025.03.30 06:47:48 __main__             INFO     ✅ Spotify service initialized
2025.03.30 06:47:48 core.youtube_handler INFO     firefox brauzerindən cookies istifadə edilir.
2025.03.30 06:47:48 __main__             INFO     ✅ YouTube services initialized (firefox)
2025.03.30 06:47:48 __main__             INFO     🔌 Loading plugins...
2025.03.30 06:47:48 __main__             INFO     🔍 Scanning plugins in: plugins
2025.03.30 06:47:48 __main__             INFO     🔄 Loading: plugins.spotify_plugin
2025.03.30 06:47:48 __main__             INFO     ✅ Loaded (sync): plugins.spotify_plugin
2025.03.30 06:47:48 __main__             INFO     🔄 Loading: plugins.menu_plugin
2025.03.30 06:47:48 __main__             INFO     ✅ Loaded (sync): plugins.menu_plugin
2025.03.30 06:47:48 __main__             INFO     🔄 Loading: plugins.sudo_plugin
2025.03.30 06:47:48 __main__             INFO     ✅ Loaded (sync): plugins.sudo_plugin
2025.03.30 06:47:48 __main__             INFO     🔄 Loading: plugins.youtube_plugin
2025.03.30 06:47:48 __main__             INFO     ✅ Loaded (sync): plugins.youtube_plugin
2025.03.30 06:47:48 __main__             INFO     🔄 Loading: plugins.neofetch_plugin
2025.03.30 06:47:48 __main__             INFO     ✅ Loaded (sync): plugins.neofetch_plugin
2025.03.30 06:47:48 __main__             INFO     🔄 Loading: plugins.report_plugin
2025.03.30 06:47:48 __main__             INFO     ✅ Loaded (async): plugins.report_plugin
2025.03.30 06:47:48 __main__             INFO     🔄 Loading: plugins.del_plugin
2025.03.30 06:47:48 __main__             INFO     ✅ Loaded (sync): plugins.del_plugin
2025.03.30 06:47:48 __main__             INFO     🔄 Loading: plugins.music_plugin
2025.03.30 06:47:48 __main__             INFO     ✅ Loaded (sync): plugins.music_plugin
2025.03.30 06:47:48 __main__             INFO     🔄 Loading: plugins.start_plugin
2025.03.30 06:47:48 __main__             INFO     ✅ Loaded (async): plugins.start_plugin
2025.03.30 06:47:48 __main__             INFO     🔄 Loading: plugins.broadcast_plugin
2025.03.30 06:47:48 __main__             INFO     ✅ Loaded (sync): plugins.broadcast_plugin
2025.03.30 06:47:48 __main__             INFO     🔄 Loading: plugins.speedtest_plugin
2025.03.30 06:47:48 __main__             INFO     ✅ Loaded (sync): plugins.speedtest_plugin
2025.03.30 06:47:48 __main__             INFO     🔄 Loading: plugins.bot_logs
2025.03.30 06:47:48 __main__             ERROR    ❌ Failed to load plugins.bot_logs: module 'aiogram.types' has no attribute 'CallbackContext'
Traceback (most recent call last):
  File "/home/admin/DLMaster/app.py", line 176, in load_plugins
    module = importlib.import_module(module_name)
             ^^^^^^^^^^^^^^^^^^^^^^^^^^^^^^^^^^^^
  File "/usr/lib/python3.11/importlib/__init__.py", line 126, in import_module
    return _bootstrap._gcd_import(name[level:], package, level)
           ^^^^^^^^^^^^^^^^^^^^^^^^^^^^^^^^^^^^^^^^^^^^^^^^^^^^
  File "<frozen importlib._bootstrap>", line 1206, in _gcd_import
  File "<frozen importlib._bootstrap>", line 1178, in _find_and_load
  File "<frozen importlib._bootstrap>", line 1149, in _find_and_load_unlocked
  File "<frozen importlib._bootstrap>", line 690, in _load_unlocked
  File "<frozen importlib._bootstrap_external>", line 940, in exec_module
  File "<frozen importlib._bootstrap>", line 241, in _call_with_frames_removed
  File "/home/admin/DLMaster/plugins/bot_logs.py", line 15, in <module>
    async def send_log_command(message: types.Message, context: types.CallbackContext):
                                                                ^^^^^^^^^^^^^^^^^^^^^
AttributeError: module 'aiogram.types' has no attribute 'CallbackContext'
2025.03.30 06:47:48 __main__             INFO     🚀 Starting polling...
2025.03.30 06:47:48 aiogram.dispatcher   INFO     Start polling
2025.03.30 06:47:48 aiogram.dispatcher   INFO     Run polling for bot @dllmasterbot id=8095621527 - 'DLLMaster for Music'
2025.03.30 06:47:52 aiogram.event        INFO     Update id=511587492 is handled. Duration 0 ms by bot id=8095621527
2025.03.30 06:48:17 aiogram.event        INFO     Update id=511587493 is handled. Duration 0 ms by bot id=8095621527
2025.03.30 06:48:40 aiogram.event        INFO     Update id=511587494 is not handled. Duration 1 ms by bot id=8095621527
2025.03.30 06:48:55 aiogram.event        INFO     Update id=511587495 is not handled. Duration 1 ms by bot id=8095621527
2025.03.30 06:49:08 aiogram.event        INFO     Update id=511587496 is handled. Duration 0 ms by bot id=8095621527
2025.03.30 06:49:28 aiogram.event        INFO     Update id=511587497 is not handled. Duration 1 ms by bot id=8095621527
2025.03.30 06:49:51 aiogram.event        INFO     Update id=511587498 is not handled. Duration 0 ms by bot id=8095621527
2025.03.30 06:49:53 aiogram.event        INFO     Update id=511587499 is not handled. Duration 1 ms by bot id=8095621527
2025.03.30 06:50:08 aiogram.event        INFO     Update id=511587500 is not handled. Duration 0 ms by bot id=8095621527
2025.03.30 06:50:25 aiogram.event        INFO     Update id=511587501 is not handled. Duration 0 ms by bot id=8095621527
2025.03.30 06:50:25 aiogram.event        INFO     Update id=511587502 is not handled. Duration 1 ms by bot id=8095621527
2025.03.30 06:50:29 aiogram.event        INFO     Update id=511587503 is not handled. Duration 0 ms by bot id=8095621527
2025.03.30 06:50:31 aiogram.event        INFO     Update id=511587504 is not handled. Duration 2 ms by bot id=8095621527
2025.03.30 06:50:39 aiogram.event        INFO     Update id=511587505 is not handled. Duration 0 ms by bot id=8095621527
2025.03.30 06:50:44 aiogram.event        INFO     Update id=511587506 is not handled. Duration 1 ms by bot id=8095621527
2025.03.30 06:50:59 aiogram.event        INFO     Update id=511587507 is not handled. Duration 1 ms by bot id=8095621527
2025.03.30 06:51:02 aiogram.event        INFO     Update id=511587508 is not handled. Duration 3 ms by bot id=8095621527
2025.03.30 06:51:13 aiogram.event        INFO     Update id=511587509 is not handled. Duration 0 ms by bot id=8095621527
2025.03.30 06:51:18 aiogram.event        INFO     Update id=511587510 is not handled. Duration 0 ms by bot id=8095621527
2025.03.30 06:51:19 aiogram.event        INFO     Update id=511587511 is not handled. Duration 0 ms by bot id=8095621527
2025.03.30 06:51:21 aiogram.event        INFO     Update id=511587512 is handled. Duration 0 ms by bot id=8095621527
2025.03.30 06:51:22 aiogram.event        INFO     Update id=511587513 is not handled. Duration 1 ms by bot id=8095621527
2025.03.30 06:51:23 aiogram.event        INFO     Update id=511587514 is handled. Duration 0 ms by bot id=8095621527
2025.03.30 06:51:28 aiogram.event        INFO     Update id=511587515 is not handled. Duration 4 ms by bot id=8095621527
2025.03.30 06:51:32 aiogram.event        INFO     Update id=511587516 is not handled. Duration 3 ms by bot id=8095621527
2025.03.30 06:51:36 aiogram.event        INFO     Update id=511587517 is not handled. Duration 2 ms by bot id=8095621527
2025.03.30 06:51:42 aiogram.event        INFO     Update id=511587518 is not handled. Duration 1 ms by bot id=8095621527
2025.03.30 06:51:48 aiogram.event        INFO     Update id=511587519 is not handled. Duration 1 ms by bot id=8095621527
2025.03.30 06:51:50 aiogram.event        INFO     Update id=511587520 is not handled. Duration 1 ms by bot id=8095621527
2025.03.30 06:51:52 aiogram.event        INFO     Update id=511587521 is not handled. Duration 1 ms by bot id=8095621527
2025.03.30 06:51:58 aiogram.event        INFO     Update id=511587522 is not handled. Duration 0 ms by bot id=8095621527
2025.03.30 06:51:59 aiogram.event        INFO     Update id=511587523 is not handled. Duration 1 ms by bot id=8095621527
2025.03.30 06:52:01 aiogram.event        INFO     Update id=511587524 is not handled. Duration 1 ms by bot id=8095621527
2025.03.30 06:53:05 aiogram.event        INFO     Update id=511587525 is not handled. Duration 4 ms by bot id=8095621527
2025.03.30 06:53:06 aiogram.event        INFO     Update id=511587526 is not handled. Duration 1 ms by bot id=8095621527
2025.03.30 06:54:00 aiogram.event        INFO     Update id=511587527 is handled. Duration 0 ms by bot id=8095621527
2025.03.30 06:54:04 aiogram.event        INFO     Update id=511587528 is handled. Duration 1 ms by bot id=8095621527
2025.03.30 06:54:34 aiogram.event        INFO     Update id=511587529 is handled. Duration 0 ms by bot id=8095621527
2025.03.30 06:54:35 aiogram.event        INFO     Update id=511587530 is handled. Duration 0 ms by bot id=8095621527
2025.03.30 06:54:35 aiogram.event        INFO     Update id=511587531 is handled. Duration 0 ms by bot id=8095621527
2025.03.30 06:54:37 aiogram.event        INFO     Update id=511587532 is not handled. Duration 1 ms by bot id=8095621527
2025.03.30 06:55:16 aiogram.event        INFO     Update id=511587533 is handled. Duration 0 ms by bot id=8095621527
2025.03.30 06:55:19 aiogram.event        INFO     Update id=511587534 is not handled. Duration 3 ms by bot id=8095621527
2025.03.30 06:55:34 aiogram.event        INFO     Update id=511587535 is not handled. Duration 1 ms by bot id=8095621527
2025.03.30 06:55:37 aiogram.event        INFO     Update id=511587536 is not handled. Duration 1 ms by bot id=8095621527
2025.03.30 06:55:51 aiogram.event        INFO     Update id=511587537 is handled. Duration 0 ms by bot id=8095621527
2025.03.30 06:55:58 aiogram.event        INFO     Update id=511587538 is not handled. Duration 1 ms by bot id=8095621527
2025.03.30 06:56:09 aiogram.event        INFO     Update id=511587539 is not handled. Duration 1 ms by bot id=8095621527
2025.03.30 06:56:20 aiogram.event        INFO     Update id=511587540 is handled. Duration 0 ms by bot id=8095621527
2025.03.30 06:56:38 aiogram.event        INFO     Update id=511587541 is not handled. Duration 2 ms by bot id=8095621527
2025.03.30 06:56:42 aiogram.event        INFO     Update id=511587542 is not handled. Duration 0 ms by bot id=8095621527
2025.03.30 06:56:44 aiogram.event        INFO     Update id=511587543 is handled. Duration 0 ms by bot id=8095621527
2025.03.30 06:56:53 aiogram.event        INFO     Update id=511587544 is handled. Duration 0 ms by bot id=8095621527
2025.03.30 06:56:53 aiogram.event        INFO     Update id=511587545 is handled. Duration 0 ms by bot id=8095621527
2025.03.30 06:56:57 aiogram.event        INFO     Update id=511587546 is not handled. Duration 1 ms by bot id=8095621527
2025.03.30 06:57:01 aiogram.event        INFO     Update id=511587547 is not handled. Duration 1 ms by bot id=8095621527
2025.03.30 06:57:05 aiogram.event        INFO     Update id=511587548 is not handled. Duration 8 ms by bot id=8095621527
2025.03.30 06:57:14 aiogram.event        INFO     Update id=511587549 is not handled. Duration 1 ms by bot id=8095621527
2025.03.30 06:57:18 aiogram.event        INFO     Update id=511587550 is not handled. Duration 2 ms by bot id=8095621527
2025.03.30 06:57:21 aiogram.event        INFO     Update id=511587551 is handled. Duration 0 ms by bot id=8095621527
2025.03.30 06:57:21 aiogram.event        INFO     Update id=511587552 is handled. Duration 0 ms by bot id=8095621527
2025.03.30 06:57:25 aiogram.event        INFO     Update id=511587553 is not handled. Duration 1 ms by bot id=8095621527
2025.03.30 06:57:25 aiogram.event        INFO     Update id=511587554 is not handled. Duration 1 ms by bot id=8095621527
2025.03.30 06:57:29 aiogram.event        INFO     Update id=511587555 is not handled. Duration 1 ms by bot id=8095621527
2025.03.30 06:57:33 aiogram.event        INFO     Update id=511587556 is not handled. Duration 0 ms by bot id=8095621527
2025.03.30 06:57:37 aiogram.event        INFO     Update id=511587557 is not handled. Duration 0 ms by bot id=8095621527
2025.03.30 06:57:40 aiogram.event        INFO     Update id=511587558 is not handled. Duration 0 ms by bot id=8095621527
2025.03.30 06:58:46 aiogram.event        INFO     Update id=511587559 is not handled. Duration 1 ms by bot id=8095621527
2025.03.30 06:58:54 aiogram.event        INFO     Update id=511587560 is not handled. Duration 0 ms by bot id=8095621527
2025.03.30 06:58:57 aiogram.event        INFO     Update id=511587561 is handled. Duration 0 ms by bot id=8095621527
2025.03.30 06:59:26 aiogram.event        INFO     Update id=511587562 is not handled. Duration 1 ms by bot id=8095621527
2025.03.30 06:59:44 aiogram.event        INFO     Update id=511587563 is not handled. Duration 1 ms by bot id=8095621527
2025.03.30 06:59:46 aiogram.event        INFO     Update id=511587564 is handled. Duration 0 ms by bot id=8095621527
2025.03.30 07:00:00 aiogram.event        INFO     Update id=511587565 is not handled. Duration 14 ms by bot id=8095621527
2025.03.30 07:00:14 aiogram.event        INFO     Update id=511587566 is not handled. Duration 0 ms by bot id=8095621527
2025.03.30 07:00:16 aiogram.event        INFO     Update id=511587567 is handled. Duration 0 ms by bot id=8095621527
2025.03.30 07:00:28 aiogram.event        INFO     Update id=511587568 is handled. Duration 0 ms by bot id=8095621527
2025.03.30 07:00:29 aiogram.event        INFO     Update id=511587569 is handled. Duration 0 ms by bot id=8095621527
2025.03.30 07:00:32 aiogram.event        INFO     Update id=511587570 is not handled. Duration 1 ms by bot id=8095621527
2025.03.30 07:01:02 aiogram.event        INFO     Update id=511587571 is handled. Duration 0 ms by bot id=8095621527
2025.03.30 07:01:25 aiogram.event        INFO     Update id=511587573 is not handled. Duration 1 ms by bot id=8095621527
2025.03.30 07:01:25 core.cookies_handler INFO     firefox brauzerindən cookies istifadə edilir.
2025.03.30 07:01:28 aiogram.event        INFO     Update id=511587572 is handled. Duration 2980 ms by bot id=8095621527
2025.03.30 07:01:33 aiogram.event        INFO     Update id=511587574 is not handled. Duration 1 ms by bot id=8095621527
2025.03.30 07:01:39 aiogram.event        INFO     Update id=511587575 is not handled. Duration 0 ms by bot id=8095621527
2025.03.30 07:02:55 aiogram.event        INFO     Update id=511587576 is not handled. Duration 1 ms by bot id=8095621527
2025.03.30 07:02:57 aiogram.event        INFO     Update id=511587577 is handled. Duration 0 ms by bot id=8095621527
2025.03.30 07:03:27 aiogram.event        INFO     Update id=511587578 is handled. Duration 0 ms by bot id=8095621527
2025.03.30 07:03:27 aiogram.event        INFO     Update id=511587579 is handled. Duration 0 ms by bot id=8095621527
2025.03.30 07:03:32 aiogram.dispatcher   WARNING  Received SIGINT signal
2025.03.30 07:03:32 aiogram.dispatcher   INFO     Polling stopped for bot @dllmasterbot id=8095621527 - 'DLLMaster for Music'
2025.03.30 07:03:32 aiogram.dispatcher   INFO     Polling stopped
2025.03.30 07:03:32 __main__             INFO     🛑 Polling stopped
2025.03.30 07:03:32 __main__             INFO     🔴 Bot stopped
2025.03.30 07:03:39 __main__             INFO     🤖 Starting bot...
2025.03.30 07:03:39 __main__             INFO     🚀 Starting bot initialization...
2025.03.30 07:03:39 __main__             INFO     ✅ Database initialized successfully
2025.03.30 07:03:39 core.spotify_handler INFO     Spotify API ilə əlaqə quruldu.
2025.03.30 07:03:39 __main__             INFO     ✅ Spotify service initialized
2025.03.30 07:03:39 core.youtube_handler INFO     firefox brauzerindən cookies istifadə edilir.
2025.03.30 07:03:39 __main__             INFO     ✅ YouTube services initialized (firefox)
2025.03.30 07:03:39 __main__             INFO     🔌 Loading plugins...
2025.03.30 07:03:39 __main__             INFO     🔍 Scanning plugins in: plugins
2025.03.30 07:03:39 __main__             INFO     🔄 Loading: plugins.spotify_plugin
2025.03.30 07:03:39 __main__             INFO     ✅ Loaded (sync): plugins.spotify_plugin
2025.03.30 07:03:39 __main__             INFO     🔄 Loading: plugins.menu_plugin
2025.03.30 07:03:39 __main__             INFO     ✅ Loaded (sync): plugins.menu_plugin
2025.03.30 07:03:39 __main__             INFO     🔄 Loading: plugins.sudo_plugin
2025.03.30 07:03:39 __main__             INFO     ✅ Loaded (sync): plugins.sudo_plugin
2025.03.30 07:03:39 __main__             INFO     🔄 Loading: plugins.youtube_plugin
2025.03.30 07:03:39 __main__             INFO     ✅ Loaded (sync): plugins.youtube_plugin
2025.03.30 07:03:39 __main__             INFO     🔄 Loading: plugins.neofetch_plugin
2025.03.30 07:03:39 __main__             INFO     ✅ Loaded (sync): plugins.neofetch_plugin
2025.03.30 07:03:39 __main__             INFO     🔄 Loading: plugins.report_plugin
2025.03.30 07:03:39 __main__             INFO     ✅ Loaded (async): plugins.report_plugin
2025.03.30 07:03:39 __main__             INFO     🔄 Loading: plugins.del_plugin
2025.03.30 07:03:39 __main__             INFO     ✅ Loaded (sync): plugins.del_plugin
2025.03.30 07:03:39 __main__             INFO     🔄 Loading: plugins.music_plugin
2025.03.30 07:03:39 __main__             INFO     ✅ Loaded (sync): plugins.music_plugin
2025.03.30 07:03:39 __main__             INFO     🔄 Loading: plugins.start_plugin
2025.03.30 07:03:39 __main__             INFO     ✅ Loaded (async): plugins.start_plugin
2025.03.30 07:03:39 __main__             INFO     🔄 Loading: plugins.broadcast_plugin
2025.03.30 07:03:39 __main__             INFO     ✅ Loaded (sync): plugins.broadcast_plugin
2025.03.30 07:03:39 __main__             INFO     🔄 Loading: plugins.speedtest_plugin
2025.03.30 07:03:39 __main__             INFO     ✅ Loaded (sync): plugins.speedtest_plugin
2025.03.30 07:03:39 __main__             INFO     🔄 Loading: plugins.bot_logs
2025.03.30 07:03:39 __main__             INFO     ✅ Loaded (async): plugins.bot_logs
2025.03.30 07:03:39 __main__             INFO     🚀 Starting polling...
2025.03.30 07:03:39 aiogram.dispatcher   INFO     Start polling
2025.03.30 07:03:39 aiogram.dispatcher   INFO     Run polling for bot @dllmasterbot id=8095621527 - 'DLLMaster for Music'
2025.03.30 07:03:44 aiogram.event        INFO     Update id=511587580 is handled. Duration 0 ms by bot id=8095621527
2025.03.30 07:03:48 aiogram.event        INFO     Update id=511587581 is handled. Duration 0 ms by bot id=8095621527
2025.03.30 07:03:51 aiogram.event        INFO     Update id=511587582 is not handled. Duration 1 ms by bot id=8095621527
2025.03.30 07:03:54 aiogram.event        INFO     Update id=511587583 is handled. Duration 0 ms by bot id=8095621527
2025.03.30 07:03:56 aiogram.event        INFO     Update id=511587584 is handled. Duration 0 ms by bot id=8095621527
2025.03.30 07:04:40 aiogram.event        INFO     Update id=511587585 is not handled. Duration 1 ms by bot id=8095621527
2025.03.30 07:05:00 aiogram.event        INFO     Update id=511587586 is not handled. Duration 1 ms by bot id=8095621527
2025.03.30 07:05:24 aiogram.event        INFO     Update id=511587587 is not handled. Duration 0 ms by bot id=8095621527
2025.03.30 07:05:31 aiogram.event        INFO     Update id=511587588 is handled. Duration 0 ms by bot id=8095621527
2025.03.30 07:05:51 aiogram.event        INFO     Update id=511587589 is not handled. Duration 1 ms by bot id=8095621527
2025.03.30 07:06:41 aiogram.event        INFO     Update id=511587590 is handled. Duration 0 ms by bot id=8095621527
2025.03.30 07:06:42 aiogram.event        INFO     Update id=511587591 is handled. Duration 0 ms by bot id=8095621527
2025.03.30 07:06:49 aiogram.event        INFO     Update id=511587592 is handled. Duration 0 ms by bot id=8095621527
2025.03.30 07:07:09 aiogram.event        INFO     Update id=511587593 is handled. Duration 0 ms by bot id=8095621527
2025.03.30 07:07:09 aiogram.event        INFO     Update id=511587594 is handled. Duration 0 ms by bot id=8095621527
2025.03.30 07:07:16 aiogram.event        INFO     Update id=511587595 is handled. Duration 3 ms by bot id=8095621527
2025.03.30 07:07:35 aiogram.event        INFO     Update id=511587596 is handled. Duration 0 ms by bot id=8095621527
2025.03.30 07:08:02 aiogram.event        INFO     Update id=511587597 is not handled. Duration 1 ms by bot id=8095621527
2025.03.30 07:09:35 aiogram.event        INFO     Update id=511587598 is not handled. Duration 1 ms by bot id=8095621527
2025.03.30 07:09:53 aiogram.event        INFO     Update id=511587599 is not handled. Duration 1 ms by bot id=8095621527
2025.03.30 07:10:04 aiogram.event        INFO     Update id=511587600 is not handled. Duration 1 ms by bot id=8095621527
2025.03.30 07:10:15 aiogram.event        INFO     Update id=511587601 is not handled. Duration 4 ms by bot id=8095621527
2025.03.30 07:10:22 aiogram.event        INFO     Update id=511587602 is handled. Duration 0 ms by bot id=8095621527
2025.03.30 07:10:23 aiogram.event        INFO     Update id=511587603 is not handled. Duration 0 ms by bot id=8095621527
2025.03.30 07:10:32 aiogram.event        INFO     Update id=511587604 is handled. Duration 0 ms by bot id=8095621527
2025.03.30 07:10:47 aiogram.event        INFO     Update id=511587605 is not handled. Duration 1 ms by bot id=8095621527
2025.03.30 07:11:38 aiogram.event        INFO     Update id=511587606 is not handled. Duration 1 ms by bot id=8095621527
2025.03.30 07:12:29 aiogram.event        INFO     Update id=511587607 is handled. Duration 0 ms by bot id=8095621527
2025.03.30 07:12:32 aiogram.event        INFO     Update id=511587608 is not handled. Duration 1 ms by bot id=8095621527
2025.03.30 07:13:08 plugins.bot_logs     ERROR    Log göndərilmədi: 'Bot' object has no attribute 'app_context'
Traceback (most recent call last):
  File "/home/admin/DLMaster/plugins/bot_logs.py", line 19, in send_log_command
    if message.from_user.id not in [message.bot.app_context.creator_id] + message.bot.app_context.sudo_users:
                                    ^^^^^^^^^^^^^^^^^^^^^^^
AttributeError: 'Bot' object has no attribute 'app_context'
2025.03.30 07:13:08 aiogram.event        INFO     Update id=511587609 is handled. Duration 67 ms by bot id=8095621527
2025.03.30 07:14:01 aiogram.event        INFO     Update id=511587610 is not handled. Duration 0 ms by bot id=8095621527
2025.03.30 07:14:28 aiogram.event        INFO     Update id=511587611 is handled. Duration 0 ms by bot id=8095621527
2025.03.30 07:15:08 aiogram.event        INFO     Update id=511587612 is not handled. Duration 9 ms by bot id=8095621527
2025.03.30 07:15:19 aiogram.event        INFO     Update id=511587613 is not handled. Duration 1 ms by bot id=8095621527
2025.03.30 07:15:22 aiogram.event        INFO     Update id=511587614 is handled. Duration 0 ms by bot id=8095621527
2025.03.30 07:15:26 aiogram.event        INFO     Update id=511587615 is handled. Duration 0 ms by bot id=8095621527
2025.03.30 07:16:05 aiogram.event        INFO     Update id=511587616 is handled. Duration 0 ms by bot id=8095621527
2025.03.30 07:16:47 aiogram.event        INFO     Update id=511587617 is not handled. Duration 1 ms by bot id=8095621527
2025.03.30 07:17:17 aiogram.event        INFO     Update id=511587618 is handled. Duration 0 ms by bot id=8095621527
2025.03.30 07:17:30 aiogram.event        INFO     Update id=511587619 is not handled. Duration 1 ms by bot id=8095621527
2025.03.30 07:18:13 aiogram.event        INFO     Update id=511587620 is handled. Duration 0 ms by bot id=8095621527
2025.03.30 07:19:51 aiogram.event        INFO     Update id=511587621 is handled. Duration 0 ms by bot id=8095621527
2025.03.30 07:21:12 aiogram.event        INFO     Update id=511587622 is handled. Duration 0 ms by bot id=8095621527
2025.03.30 07:21:48 core.cookies_handler INFO     firefox brauzerindən cookies istifadə edilir.
2025.03.30 07:21:51 aiogram.event        INFO     Update id=511587623 is handled. Duration 3146 ms by bot id=8095621527
2025.03.30 07:22:03 aiogram.event        INFO     Update id=511587624 is handled. Duration 0 ms by bot id=8095621527
2025.03.30 07:22:14 aiogram.event        INFO     Update id=511587625 is not handled. Duration 1 ms by bot id=8095621527
2025.03.30 07:22:42 aiogram.event        INFO     Update id=511587626 is not handled. Duration 1 ms by bot id=8095621527
2025.03.30 07:22:45 aiogram.event        INFO     Update id=511587627 is not handled. Duration 1 ms by bot id=8095621527
2025.03.30 07:22:52 aiogram.event        INFO     Update id=511587628 is handled. Duration 0 ms by bot id=8095621527
2025.03.30 07:23:14 aiogram.event        INFO     Update id=511587629 is handled. Duration 0 ms by bot id=8095621527
2025.03.30 07:23:14 aiogram.event        INFO     Update id=511587630 is handled. Duration 0 ms by bot id=8095621527
2025.03.30 07:23:36 aiogram.event        INFO     Update id=511587631 is handled. Duration 0 ms by bot id=8095621527
2025.03.30 07:24:18 aiogram.event        INFO     Update id=511587632 is handled. Duration 0 ms by bot id=8095621527
2025.03.30 07:24:37 aiogram.event        INFO     Update id=511587633 is handled. Duration 0 ms by bot id=8095621527
2025.03.30 07:24:38 aiogram.event        INFO     Update id=511587634 is handled. Duration 0 ms by bot id=8095621527
2025.03.30 07:24:53 core.cookies_handler INFO     firefox brauzerindən cookies istifadə edilir.
2025.03.30 07:24:55 aiogram.event        INFO     Update id=511587635 is handled. Duration 2069 ms by bot id=8095621527
2025.03.30 07:25:01 aiogram.event        INFO     Update id=511587636 is handled. Duration 0 ms by bot id=8095621527
2025.03.30 07:25:06 core.cookies_handler INFO     firefox brauzerindən cookies istifadə edilir.
2025.03.30 07:25:07 aiogram.event        INFO     Update id=511587637 is handled. Duration 1924 ms by bot id=8095621527
2025.03.30 07:25:25 aiogram.event        INFO     Update id=511587638 is handled. Duration 0 ms by bot id=8095621527
2025.03.30 07:25:29 aiogram.event        INFO     Update id=511587639 is not handled. Duration 1 ms by bot id=8095621527
2025.03.30 07:25:31 aiogram.event        INFO     Update id=511587640 is handled. Duration 0 ms by bot id=8095621527
2025.03.30 07:25:37 aiogram.event        INFO     Update id=511587641 is not handled. Duration 1 ms by bot id=8095621527
2025.03.30 07:25:50 aiogram.event        INFO     Update id=511587642 is not handled. Duration 1 ms by bot id=8095621527
2025.03.30 07:26:36 aiogram.event        INFO     Update id=511587643 is not handled. Duration 1 ms by bot id=8095621527
2025.03.30 07:26:45 aiogram.event        INFO     Update id=511587644 is not handled. Duration 2 ms by bot id=8095621527
2025.03.30 07:26:47 aiogram.event        INFO     Update id=511587645 is not handled. Duration 1 ms by bot id=8095621527
2025.03.30 07:26:58 aiogram.event        INFO     Update id=511587646 is not handled. Duration 1 ms by bot id=8095621527
2025.03.30 07:27:18 aiogram.event        INFO     Update id=511587647 is handled. Duration 0 ms by bot id=8095621527
2025.03.30 07:27:25 aiogram.dispatcher   WARNING  Received SIGINT signal
2025.03.30 07:27:25 aiogram.dispatcher   INFO     Polling stopped for bot @dllmasterbot id=8095621527 - 'DLLMaster for Music'
2025.03.30 07:27:25 aiogram.dispatcher   INFO     Polling stopped
2025.03.30 07:27:25 __main__             INFO     🛑 Polling stopped
2025.03.30 07:27:25 __main__             INFO     🔴 Bot stopped
2025.03.30 07:27:31 __main__             INFO     🤖 Starting bot...
2025.03.30 07:27:31 __main__             INFO     🚀 Starting bot initialization...
2025.03.30 07:27:31 __main__             CRITICAL 💥 Fatal error: 'Bot' object has no attribute 'data'
Traceback (most recent call last):
  File "/home/admin/DLMaster/app.py", line 211, in main
    context = AppContext()
              ^^^^^^^^^^^^
  File "/home/admin/DLMaster/app.py", line 101, in __init__
    self.bot.data['app_context'] = self
    ^^^^^^^^^^^^^
AttributeError: 'Bot' object has no attribute 'data'
2025.03.30 07:27:31 __main__             INFO     🔴 Bot stopped
2025.03.30 07:30:20 __main__             INFO     🤖 Starting bot...
2025.03.30 07:30:20 __main__             INFO     🚀 Starting bot initialization...
2025.03.30 07:30:20 __main__             INFO     ✅ Database initialized successfully
2025.03.30 07:30:21 core.spotify_handler INFO     Spotify API ilə əlaqə quruldu.
2025.03.30 07:30:21 __main__             INFO     ✅ Spotify service initialized
2025.03.30 07:30:21 core.youtube_handler INFO     firefox brauzerindən cookies istifadə edilir.
2025.03.30 07:30:21 __main__             INFO     ✅ YouTube services initialized (firefox)
2025.03.30 07:30:21 __main__             INFO     🔌 Loading plugins...
2025.03.30 07:30:21 __main__             INFO     🔍 Scanning plugins in: plugins
2025.03.30 07:30:21 __main__             INFO     🔄 Loading: plugins.spotify_plugin
2025.03.30 07:30:21 __main__             INFO     ✅ Loaded (sync): plugins.spotify_plugin
2025.03.30 07:30:21 __main__             INFO     🔄 Loading: plugins.menu_plugin
2025.03.30 07:30:21 __main__             INFO     ✅ Loaded (sync): plugins.menu_plugin
2025.03.30 07:30:21 __main__             INFO     🔄 Loading: plugins.sudo_plugin
2025.03.30 07:30:21 __main__             INFO     ✅ Loaded (sync): plugins.sudo_plugin
2025.03.30 07:30:21 __main__             INFO     🔄 Loading: plugins.youtube_plugin
2025.03.30 07:30:21 __main__             INFO     ✅ Loaded (sync): plugins.youtube_plugin
2025.03.30 07:30:21 __main__             INFO     🔄 Loading: plugins.neofetch_plugin
2025.03.30 07:30:21 __main__             INFO     ✅ Loaded (sync): plugins.neofetch_plugin
2025.03.30 07:30:21 __main__             INFO     🔄 Loading: plugins.report_plugin
2025.03.30 07:30:21 __main__             INFO     ✅ Loaded (async): plugins.report_plugin
2025.03.30 07:30:21 __main__             INFO     🔄 Loading: plugins.del_plugin
2025.03.30 07:30:21 __main__             INFO     ✅ Loaded (sync): plugins.del_plugin
2025.03.30 07:30:21 __main__             INFO     🔄 Loading: plugins.music_plugin
2025.03.30 07:30:21 __main__             INFO     ✅ Loaded (sync): plugins.music_plugin
2025.03.30 07:30:21 __main__             INFO     🔄 Loading: plugins.start_plugin
2025.03.30 07:30:21 __main__             INFO     ✅ Loaded (async): plugins.start_plugin
2025.03.30 07:30:21 __main__             INFO     🔄 Loading: plugins.broadcast_plugin
2025.03.30 07:30:21 __main__             INFO     ✅ Loaded (sync): plugins.broadcast_plugin
2025.03.30 07:30:21 __main__             INFO     🔄 Loading: plugins.speedtest_plugin
2025.03.30 07:30:21 __main__             INFO     ✅ Loaded (sync): plugins.speedtest_plugin
2025.03.30 07:30:21 __main__             INFO     🔄 Loading: plugins.bot_logs
2025.03.30 07:30:21 __main__             INFO     ✅ Loaded (async): plugins.bot_logs
2025.03.30 07:30:21 __main__             INFO     🚀 Starting polling...
2025.03.30 07:30:21 aiogram.dispatcher   INFO     Start polling
2025.03.30 07:30:21 aiogram.dispatcher   INFO     Run polling for bot @dllmasterbot id=8095621527 - 'DLLMaster for Music'
2025.03.30 07:30:21 aiogram.event        INFO     Update id=511587651 is handled. Duration 0 ms by bot id=8095621527
2025.03.30 07:30:21 aiogram.event        INFO     Update id=511587655 is handled. Duration 0 ms by bot id=8095621527
2025.03.30 07:30:21 aiogram.event        INFO     Update id=511587659 is handled. Duration 0 ms by bot id=8095621527
2025.03.30 07:30:21 aiogram.event        INFO     Update id=511587661 is handled. Duration 0 ms by bot id=8095621527
2025.03.30 07:30:21 aiogram.event        INFO     Update id=511587663 is handled. Duration 0 ms by bot id=8095621527
2025.03.30 07:30:21 aiogram.event        INFO     Update id=511587665 is handled. Duration 0 ms by bot id=8095621527
2025.03.30 07:30:21 aiogram.event        INFO     Update id=511587648 is not handled. Duration 9 ms by bot id=8095621527
2025.03.30 07:30:21 aiogram.event        INFO     Update id=511587649 is not handled. Duration 10 ms by bot id=8095621527
2025.03.30 07:30:21 aiogram.event        INFO     Update id=511587650 is not handled. Duration 9 ms by bot id=8095621527
2025.03.30 07:30:21 aiogram.event        INFO     Update id=511587652 is not handled. Duration 9 ms by bot id=8095621527
2025.03.30 07:30:21 aiogram.event        INFO     Update id=511587653 is not handled. Duration 9 ms by bot id=8095621527
2025.03.30 07:30:21 aiogram.event        INFO     Update id=511587654 is not handled. Duration 9 ms by bot id=8095621527
2025.03.30 07:30:21 aiogram.event        INFO     Update id=511587656 is not handled. Duration 9 ms by bot id=8095621527
2025.03.30 07:30:21 aiogram.event        INFO     Update id=511587657 is not handled. Duration 9 ms by bot id=8095621527
2025.03.30 07:30:21 aiogram.event        INFO     Update id=511587658 is not handled. Duration 9 ms by bot id=8095621527
2025.03.30 07:30:21 aiogram.event        INFO     Update id=511587660 is not handled. Duration 9 ms by bot id=8095621527
2025.03.30 07:30:21 aiogram.event        INFO     Update id=511587662 is not handled. Duration 9 ms by bot id=8095621527
2025.03.30 07:30:21 aiogram.event        INFO     Update id=511587664 is not handled. Duration 9 ms by bot id=8095621527
2025.03.30 07:30:21 aiogram.event        INFO     Update id=511587666 is not handled. Duration 8 ms by bot id=8095621527
2025.03.30 07:30:21 aiogram.event        INFO     Update id=511587667 is not handled. Duration 9 ms by bot id=8095621527
2025.03.30 07:30:28 aiogram.event        INFO     Update id=511587668 is handled. Duration 0 ms by bot id=8095621527
2025.03.30 07:30:35 aiogram.event        INFO     Update id=511587669 is handled. Duration 0 ms by bot id=8095621527
2025.03.30 07:30:45 aiogram.event        INFO     Update id=511587670 is not handled. Duration 1 ms by bot id=8095621527
2025.03.30 07:30:46 aiogram.event        INFO     Update id=511587671 is not handled. Duration 1 ms by bot id=8095621527
2025.03.30 07:30:50 aiogram.event        INFO     Update id=511587672 is not handled. Duration 1 ms by bot id=8095621527
2025.03.30 07:30:56 aiogram.event        INFO     Update id=511587673 is not handled. Duration 1 ms by bot id=8095621527
2025.03.30 07:30:57 core.cookies_handler INFO     firefox brauzerindən cookies istifadə edilir.
2025.03.30 07:31:00 aiogram.event        INFO     Update id=511587674 is handled. Duration 3069 ms by bot id=8095621527
2025.03.30 07:31:03 aiogram.event        INFO     Update id=511587675 is not handled. Duration 4 ms by bot id=8095621527
2025.03.30 07:31:03 aiogram.event        INFO     Update id=511587676 is not handled. Duration 5 ms by bot id=8095621527
2025.03.30 07:31:04 core.cookies_handler INFO     firefox brauzerindən cookies istifadə edilir.
2025.03.30 07:31:08 aiogram.event        INFO     Update id=511587677 is handled. Duration 4029 ms by bot id=8095621527
2025.03.30 07:31:13 aiogram.event        INFO     Update id=511587678 is not handled. Duration 3 ms by bot id=8095621527
2025.03.30 07:31:15 aiogram.event        INFO     Update id=511587679 is not handled. Duration 1 ms by bot id=8095621527
2025.03.30 07:31:27 aiogram.event        INFO     Update id=511587680 is not handled. Duration 1 ms by bot id=8095621527
2025.03.30 07:31:27 aiogram.event        INFO     Update id=511587681 is not handled. Duration 1 ms by bot id=8095621527
2025.03.30 07:31:32 aiogram.event        INFO     Update id=511587682 is not handled. Duration 0 ms by bot id=8095621527
2025.03.30 07:31:34 aiogram.event        INFO     Update id=511587683 is not handled. Duration 1 ms by bot id=8095621527
2025.03.30 07:31:34 aiogram.event        INFO     Update id=511587684 is not handled. Duration 0 ms by bot id=8095621527
2025.03.30 07:31:38 aiogram.event        INFO     Update id=511587685 is not handled. Duration 1 ms by bot id=8095621527
2025.03.30 07:31:46 aiogram.event        INFO     Update id=511587686 is not handled. Duration 1 ms by bot id=8095621527
2025.03.30 07:31:55 aiogram.event        INFO     Update id=511587687 is not handled. Duration 1 ms by bot id=8095621527
2025.03.30 07:31:56 aiogram.event        INFO     Update id=511587688 is handled. Duration 0 ms by bot id=8095621527
2025.03.30 07:31:56 aiogram.event        INFO     Update id=511587689 is handled. Duration 0 ms by bot id=8095621527
2025.03.30 07:32:01 aiogram.event        INFO     Update id=511587690 is not handled. Duration 1 ms by bot id=8095621527
2025.03.30 07:32:01 aiogram.event        INFO     Update id=511587691 is not handled. Duration 3 ms by bot id=8095621527
2025.03.30 07:32:01 aiogram.event        INFO     Update id=511587692 is not handled. Duration 5 ms by bot id=8095621527
2025.03.30 07:32:09 aiogram.event        INFO     Update id=511587693 is not handled. Duration 1 ms by bot id=8095621527
2025.03.30 07:32:14 aiogram.event        INFO     Update id=511587694 is not handled. Duration 0 ms by bot id=8095621527
2025.03.30 07:32:16 aiogram.event        INFO     Update id=511587695 is not handled. Duration 1 ms by bot id=8095621527
2025.03.30 07:32:24 aiogram.event        INFO     Update id=511587696 is handled. Duration 0 ms by bot id=8095621527
2025.03.30 07:32:42 aiogram.event        INFO     Update id=511587697 is not handled. Duration 1 ms by bot id=8095621527
2025.03.30 07:32:45 aiogram.event        INFO     Update id=511587698 is handled. Duration 0 ms by bot id=8095621527
2025.03.30 07:32:51 aiogram.event        INFO     Update id=511587699 is handled. Duration 0 ms by bot id=8095621527
2025.03.30 07:32:59 aiogram.event        INFO     Update id=511587700 is handled. Duration 0 ms by bot id=8095621527
2025.03.30 07:33:04 aiogram.event        INFO     Update id=511587701 is handled. Duration 92 ms by bot id=8095621527
2025.03.30 07:33:05 aiogram.event        INFO     Update id=511587702 is not handled. Duration 0 ms by bot id=8095621527
2025.03.30 07:33:06 aiogram.event        INFO     Update id=511587703 is not handled. Duration 1 ms by bot id=8095621527
2025.03.30 07:33:07 plugins.speedtest_plugin ERROR    Speedtest xətası: HTTP Error 403: Forbidden
2025.03.30 07:33:07 aiogram.event        INFO     Update id=511587704 is handled. Duration 422 ms by bot id=8095621527
2025.03.30 07:33:28 aiogram.event        INFO     Update id=511587705 is not handled. Duration 1 ms by bot id=8095621527
2025.03.30 07:33:33 aiogram.event        INFO     Update id=511587706 is not handled. Duration 1 ms by bot id=8095621527
2025.03.30 07:33:45 aiogram.event        INFO     Update id=511587707 is handled. Duration 176 ms by bot id=8095621527
2025.03.30 07:33:47 aiogram.event        INFO     Update id=511587708 is handled. Duration 128 ms by bot id=8095621527
2025.03.30 07:33:52 aiogram.event        INFO     Update id=511587709 is handled. Duration 137 ms by bot id=8095621527
2025.03.30 07:34:04 aiogram.event        INFO     Update id=511587710 is handled. Duration 0 ms by bot id=8095621527
2025.03.30 07:34:20 aiogram.event        INFO     Update id=511587711 is handled. Duration 0 ms by bot id=8095621527
2025.03.30 07:34:21 aiogram.event        INFO     Update id=511587712 is handled. Duration 0 ms by bot id=8095621527
2025.03.30 07:34:21 aiogram.event        INFO     Update id=511587713 is handled. Duration 0 ms by bot id=8095621527
2025.03.30 07:34:21 aiogram.event        INFO     Update id=511587714 is handled. Duration 0 ms by bot id=8095621527
2025.03.30 07:34:22 aiogram.event        INFO     Update id=511587715 is handled. Duration 4 ms by bot id=8095621527
2025.03.30 07:34:27 aiogram.event        INFO     Update id=511587716 is handled. Duration 0 ms by bot id=8095621527
2025.03.30 07:34:34 aiogram.event        INFO     Update id=511587717 is not handled. Duration 1 ms by bot id=8095621527
2025.03.30 07:34:38 aiogram.event        INFO     Update id=511587718 is not handled. Duration 1 ms by bot id=8095621527
2025.03.30 07:34:43 aiogram.event        INFO     Update id=511587719 is not handled. Duration 1 ms by bot id=8095621527
2025.03.30 07:34:56 aiogram.event        INFO     Update id=511587720 is not handled. Duration 1 ms by bot id=8095621527
2025.03.30 07:34:57 aiogram.event        INFO     Update id=511587721 is handled. Duration 0 ms by bot id=8095621527
2025.03.30 07:34:59 aiogram.event        INFO     Update id=511587722 is handled. Duration 0 ms by bot id=8095621527
2025.03.30 07:35:27 aiogram.event        INFO     Update id=511587723 is handled. Duration 0 ms by bot id=8095621527
2025.03.30 07:35:29 aiogram.event        INFO     Update id=511587724 is not handled. Duration 1 ms by bot id=8095621527
2025.03.30 07:35:29 aiogram.event        INFO     Update id=511587725 is not handled. Duration 2 ms by bot id=8095621527
2025.03.30 07:35:29 aiogram.event        INFO     Update id=511587726 is not handled. Duration 1 ms by bot id=8095621527
2025.03.30 07:35:33 aiogram.event        INFO     Update id=511587727 is not handled. Duration 1 ms by bot id=8095621527
2025.03.30 07:36:27 aiogram.event        INFO     Update id=511587728 is handled. Duration 0 ms by bot id=8095621527
2025.03.30 07:36:27 aiogram.event        INFO     Update id=511587729 is handled. Duration 0 ms by bot id=8095621527
2025.03.30 07:36:29 aiogram.event        INFO     Update id=511587730 is handled. Duration 0 ms by bot id=8095621527
2025.03.30 07:36:45 aiogram.event        INFO     Update id=511587731 is not handled. Duration 1 ms by bot id=8095621527
2025.03.30 07:36:55 aiogram.event        INFO     Update id=511587732 is not handled. Duration 3 ms by bot id=8095621527
2025.03.30 07:37:14 aiogram.event        INFO     Update id=511587733 is not handled. Duration 2 ms by bot id=8095621527
2025.03.30 07:37:29 core.cookies_handler INFO     firefox brauzerindən cookies istifadə edilir.
2025.03.30 07:37:31 aiogram.event        INFO     Update id=511587734 is handled. Duration 2136 ms by bot id=8095621527
2025.03.30 07:38:09 aiogram.event        INFO     Update id=511587735 is not handled. Duration 2 ms by bot id=8095621527
2025.03.30 07:38:09 aiogram.event        INFO     Update id=511587736 is not handled. Duration 2 ms by bot id=8095621527
2025.03.30 07:38:09 aiogram.event        INFO     Update id=511587737 is not handled. Duration 3 ms by bot id=8095621527
2025.03.30 07:38:10 aiogram.event        INFO     Update id=511587738 is handled. Duration 0 ms by bot id=8095621527
2025.03.30 07:38:12 aiogram.event        INFO     Update id=511587739 is handled. Duration 0 ms by bot id=8095621527
2025.03.30 07:38:24 aiogram.event        INFO     Update id=511587740 is not handled. Duration 1 ms by bot id=8095621527
2025.03.30 07:38:27 aiogram.event        INFO     Update id=511587741 is not handled. Duration 4 ms by bot id=8095621527
2025.03.30 07:38:27 aiogram.event        INFO     Update id=511587742 is handled. Duration 93 ms by bot id=8095621527
2025.03.30 07:38:31 aiogram.event        INFO     Update id=511587743 is handled. Duration 1102 ms by bot id=8095621527
2025.03.30 07:38:35 aiogram.event        INFO     Update id=511587744 is handled. Duration 55 ms by bot id=8095621527
2025.03.30 07:38:35 aiogram.event        INFO     Update id=511587745 is handled. Duration 0 ms by bot id=8095621527
2025.03.30 07:38:42 aiogram.event        INFO     Update id=511587746 is not handled. Duration 1 ms by bot id=8095621527
2025.03.30 07:38:47 aiogram.event        INFO     Update id=511587747 is not handled. Duration 0 ms by bot id=8095621527
2025.03.30 07:38:47 aiogram.event        ERROR    Cause exception while process update id=511587747 by bot id=8095621527
TypeError: AppContext._save_sudo_users() missing 1 required positional argument: 'user_ids'
Traceback (most recent call last):
  File "/home/admin/.local/lib/python3.11/site-packages/aiogram/dispatcher/dispatcher.py", line 309, in _process_update
    response = await self.feed_update(bot, update, **kwargs)
               ^^^^^^^^^^^^^^^^^^^^^^^^^^^^^^^^^^^^^^^^^^^^^
  File "/home/admin/.local/lib/python3.11/site-packages/aiogram/dispatcher/dispatcher.py", line 158, in feed_update
    response = await self.update.wrap_outer_middleware(
               ^^^^^^^^^^^^^^^^^^^^^^^^^^^^^^^^^^^^^^^^
  File "/home/admin/.local/lib/python3.11/site-packages/aiogram/dispatcher/middlewares/error.py", line 25, in __call__
    return await handler(event, data)
           ^^^^^^^^^^^^^^^^^^^^^^^^^^
  File "/home/admin/.local/lib/python3.11/site-packages/aiogram/dispatcher/middlewares/user_context.py", line 56, in __call__
    return await handler(event, data)
           ^^^^^^^^^^^^^^^^^^^^^^^^^^
  File "/home/admin/.local/lib/python3.11/site-packages/aiogram/fsm/middleware.py", line 42, in __call__
    return await handler(event, data)
           ^^^^^^^^^^^^^^^^^^^^^^^^^^
  File "/home/admin/.local/lib/python3.11/site-packages/aiogram/dispatcher/event/telegram.py", line 121, in trigger
    return await wrapped_inner(event, kwargs)
           ^^^^^^^^^^^^^^^^^^^^^^^^^^^^^^^^^^
  File "/home/admin/.local/lib/python3.11/site-packages/aiogram/dispatcher/event/handler.py", line 43, in call
    return await wrapped()
           ^^^^^^^^^^^^^^^
  File "/home/admin/.local/lib/python3.11/site-packages/aiogram/dispatcher/dispatcher.py", line 276, in _listen_update
    return await self.propagate_event(update_type=update_type, event=event, **kwargs)
           ^^^^^^^^^^^^^^^^^^^^^^^^^^^^^^^^^^^^^^^^^^^^^^^^^^^^^^^^^^^^^^^^^^^^^^^^^^
  File "/home/admin/.local/lib/python3.11/site-packages/aiogram/dispatcher/router.py", line 146, in propagate_event
    return await observer.wrap_outer_middleware(_wrapped, event=event, data=kwargs)
           ^^^^^^^^^^^^^^^^^^^^^^^^^^^^^^^^^^^^^^^^^^^^^^^^^^^^^^^^^^^^^^^^^^^^^^^^
  File "/home/admin/.local/lib/python3.11/site-packages/aiogram/dispatcher/router.py", line 141, in _wrapped
    return await self._propagate_event(
           ^^^^^^^^^^^^^^^^^^^^^^^^^^^^
  File "/home/admin/.local/lib/python3.11/site-packages/aiogram/dispatcher/router.py", line 166, in _propagate_event
    response = await observer.trigger(event, **kwargs)
               ^^^^^^^^^^^^^^^^^^^^^^^^^^^^^^^^^^^^^^^
  File "/home/admin/.local/lib/python3.11/site-packages/aiogram/dispatcher/event/telegram.py", line 121, in trigger
    return await wrapped_inner(event, kwargs)
           ^^^^^^^^^^^^^^^^^^^^^^^^^^^^^^^^^^
  File "/home/admin/.local/lib/python3.11/site-packages/aiogram/dispatcher/event/handler.py", line 43, in call
    return await wrapped()
           ^^^^^^^^^^^^^^^
  File "/home/admin/DLMaster/plugins/sudo_plugin.py", line 42, in grant_sudo
    save_sudo()
TypeError: AppContext._save_sudo_users() missing 1 required positional argument: 'user_ids'
2025.03.30 07:38:54 aiogram.event        INFO     Update id=511587748 is not handled. Duration 1 ms by bot id=8095621527
2025.03.30 07:39:09 aiogram.event        INFO     Update id=511587749 is not handled. Duration 1 ms by bot id=8095621527
2025.03.30 07:39:21 aiogram.event        INFO     Update id=511587750 is not handled. Duration 1 ms by bot id=8095621527
2025.03.30 07:39:21 aiogram.event        INFO     Update id=511587751 is not handled. Duration 1 ms by bot id=8095621527
2025.03.30 07:39:28 aiogram.event        INFO     Update id=511587752 is not handled. Duration 2 ms by bot id=8095621527
2025.03.30 07:39:32 aiogram.event        INFO     Update id=511587753 is handled. Duration 134 ms by bot id=8095621527
2025.03.30 07:39:36 aiogram.event        INFO     Update id=511587754 is handled. Duration 2722 ms by bot id=8095621527
2025.03.30 07:39:52 aiogram.event        INFO     Update id=511587755 is not handled. Duration 1 ms by bot id=8095621527
2025.03.30 07:40:12 aiogram.event        INFO     Update id=511587756 is not handled. Duration 3 ms by bot id=8095621527
2025.03.30 07:40:23 aiogram.event        INFO     Update id=511587757 is not handled. Duration 1 ms by bot id=8095621527
2025.03.30 07:40:25 aiogram.event        INFO     Update id=511587758 is handled. Duration 60 ms by bot id=8095621527
2025.03.30 07:40:31 aiogram.event        INFO     Update id=511587759 is handled. Duration 151 ms by bot id=8095621527
2025.03.30 07:40:32 aiogram.event        INFO     Update id=511587760 is not handled. Duration 1 ms by bot id=8095621527
2025.03.30 07:40:34 aiogram.event        INFO     Update id=511587761 is not handled. Duration 1 ms by bot id=8095621527
2025.03.30 07:40:36 plugins.del_plugin   ERROR    Message deletion failed: Telegram server says - Bad Request: message can't be deleted
2025.03.30 07:40:36 aiogram.event        INFO     Update id=511587762 is handled. Duration 91 ms by bot id=8095621527
2025.03.30 07:40:44 aiogram.event        INFO     Update id=511587763 is not handled. Duration 1 ms by bot id=8095621527
2025.03.30 07:40:46 aiogram.event        INFO     Update id=511587764 is not handled. Duration 1 ms by bot id=8095621527
2025.03.30 07:40:58 aiogram.event        INFO     Update id=511587765 is not handled. Duration 3 ms by bot id=8095621527
2025.03.30 07:41:07 aiogram.event        INFO     Update id=511587766 is not handled. Duration 1 ms by bot id=8095621527
2025.03.30 07:41:09 aiogram.event        INFO     Update id=511587767 is not handled. Duration 5 ms by bot id=8095621527
2025.03.30 07:41:20 aiogram.event        INFO     Update id=511587768 is not handled. Duration 1 ms by bot id=8095621527
2025.03.30 07:41:28 aiogram.event        INFO     Update id=511587769 is not handled. Duration 1 ms by bot id=8095621527
2025.03.30 07:41:34 aiogram.event        INFO     Update id=511587770 is not handled. Duration 1 ms by bot id=8095621527
2025.03.30 07:41:46 aiogram.event        INFO     Update id=511587771 is not handled. Duration 1 ms by bot id=8095621527
2025.03.30 07:41:55 aiogram.event        INFO     Update id=511587772 is not handled. Duration 2 ms by bot id=8095621527
2025.03.30 07:42:33 aiogram.event        INFO     Update id=511587773 is not handled. Duration 1 ms by bot id=8095621527
2025.03.30 07:42:57 aiogram.event        INFO     Update id=511587774 is not handled. Duration 1 ms by bot id=8095621527
2025.03.30 07:43:28 aiogram.event        INFO     Update id=511587775 is not handled. Duration 4 ms by bot id=8095621527
2025.03.30 07:44:13 aiogram.event        INFO     Update id=511587776 is handled. Duration 0 ms by bot id=8095621527
2025.03.30 07:44:15 aiogram.event        INFO     Update id=511587777 is handled. Duration 0 ms by bot id=8095621527
2025.03.30 07:44:16 aiogram.event        INFO     Update id=511587778 is handled. Duration 0 ms by bot id=8095621527
2025.03.30 07:44:32 aiogram.event        INFO     Update id=511587779 is handled. Duration 0 ms by bot id=8095621527
2025.03.30 07:44:45 aiogram.event        INFO     Update id=511587780 is handled. Duration 0 ms by bot id=8095621527
2025.03.30 07:44:55 aiogram.event        INFO     Update id=511587781 is handled. Duration 0 ms by bot id=8095621527
2025.03.30 07:44:56 aiogram.event        INFO     Update id=511587782 is handled. Duration 0 ms by bot id=8095621527
2025.03.30 07:46:09 aiogram.event        INFO     Update id=511587783 is handled. Duration 0 ms by bot id=8095621527
2025.03.30 07:46:10 aiogram.event        INFO     Update id=511587784 is not handled. Duration 1 ms by bot id=8095621527
2025.03.30 07:46:15 aiogram.event        INFO     Update id=511587785 is handled. Duration 0 ms by bot id=8095621527
2025.03.30 07:47:12 aiogram.event        INFO     Update id=511587786 is handled. Duration 1 ms by bot id=8095621527
2025.03.30 07:47:33 aiogram.event        INFO     Update id=511587787 is not handled. Duration 1 ms by bot id=8095621527
2025.03.30 07:47:49 aiogram.event        INFO     Update id=511587788 is not handled. Duration 1 ms by bot id=8095621527
2025.03.30 07:47:58 aiogram.dispatcher   WARNING  Received SIGINT signal
2025.03.30 07:47:58 aiogram.dispatcher   INFO     Polling stopped for bot @dllmasterbot id=8095621527 - 'DLLMaster for Music'
2025.03.30 07:47:58 aiogram.dispatcher   INFO     Polling stopped
2025.03.30 07:47:58 __main__             INFO     🛑 Polling stopped
2025.03.30 07:47:58 __main__             INFO     🔴 Bot stopped
2025.03.30 07:48:06 __main__             INFO     🤖 Starting bot...
2025.03.30 07:48:06 __main__             INFO     🚀 Starting bot initialization...
2025.03.30 07:48:06 __main__             INFO     ✅ Database initialized successfully
2025.03.30 07:48:06 core.spotify_handler INFO     Spotify API ilə əlaqə quruldu.
2025.03.30 07:48:06 __main__             INFO     ✅ Spotify service initialized
2025.03.30 07:48:06 core.youtube_handler INFO     firefox brauzerindən cookies istifadə edilir.
2025.03.30 07:48:06 __main__             INFO     ✅ YouTube services initialized (firefox)
2025.03.30 07:48:06 __main__             INFO     🔌 Loading plugins...
2025.03.30 07:48:06 __main__             INFO     🔍 Scanning plugins in: plugins
2025.03.30 07:48:06 __main__             INFO     🔄 Loading: plugins.spotify_plugin
2025.03.30 07:48:06 __main__             INFO     ✅ Loaded (sync): plugins.spotify_plugin
2025.03.30 07:48:06 __main__             INFO     🔄 Loading: plugins.menu_plugin
2025.03.30 07:48:06 __main__             INFO     ✅ Loaded (sync): plugins.menu_plugin
2025.03.30 07:48:06 __main__             INFO     🔄 Loading: plugins.sudo_plugin
2025.03.30 07:48:06 __main__             INFO     ✅ Loaded (sync): plugins.sudo_plugin
2025.03.30 07:48:06 __main__             INFO     🔄 Loading: plugins.youtube_plugin
2025.03.30 07:48:06 __main__             INFO     ✅ Loaded (sync): plugins.youtube_plugin
2025.03.30 07:48:06 __main__             INFO     🔄 Loading: plugins.neofetch_plugin
2025.03.30 07:48:06 __main__             INFO     ✅ Loaded (sync): plugins.neofetch_plugin
2025.03.30 07:48:06 __main__             INFO     🔄 Loading: plugins.report_plugin
2025.03.30 07:48:06 __main__             INFO     ✅ Loaded (async): plugins.report_plugin
2025.03.30 07:48:06 __main__             INFO     🔄 Loading: plugins.del_plugin
2025.03.30 07:48:06 __main__             INFO     ✅ Loaded (sync): plugins.del_plugin
2025.03.30 07:48:06 __main__             INFO     🔄 Loading: plugins.music_plugin
2025.03.30 07:48:06 __main__             INFO     ✅ Loaded (sync): plugins.music_plugin
2025.03.30 07:48:06 __main__             INFO     🔄 Loading: plugins.start_plugin
2025.03.30 07:48:06 __main__             INFO     ✅ Loaded (async): plugins.start_plugin
2025.03.30 07:48:06 __main__             INFO     🔄 Loading: plugins.broadcast_plugin
2025.03.30 07:48:06 __main__             INFO     ✅ Loaded (sync): plugins.broadcast_plugin
2025.03.30 07:48:06 __main__             INFO     🔄 Loading: plugins.speedtest_plugin
2025.03.30 07:48:06 __main__             INFO     ✅ Loaded (sync): plugins.speedtest_plugin
2025.03.30 07:48:06 __main__             INFO     🔄 Loading: plugins.bot_logs
2025.03.30 07:48:06 __main__             INFO     ✅ Loaded (async): plugins.bot_logs
2025.03.30 07:48:06 __main__             INFO     🚀 Starting polling...
2025.03.30 07:48:06 aiogram.dispatcher   INFO     Start polling
2025.03.30 07:48:06 aiogram.dispatcher   INFO     Run polling for bot @dllmasterbot id=8095621527 - 'DLLMaster for Music'
2025.03.30 07:48:06 aiogram.event        INFO     Update id=511587789 is handled. Duration 0 ms by bot id=8095621527
2025.03.30 07:48:06 aiogram.event        INFO     Update id=511587790 is handled. Duration 0 ms by bot id=8095621527
2025.03.30 07:48:13 plugins.bot_logs     ERROR    Log göndərilmədi: 'Bot' object has no attribute 'app_context'
Traceback (most recent call last):
  File "/home/admin/DLMaster/plugins/bot_logs.py", line 20, in send_log_command
    if message.from_user.id not in [message.bot.app_context.creator_id] + message.bot.app_context.sudo_users:
                                    ^^^^^^^^^^^^^^^^^^^^^^^
AttributeError: 'Bot' object has no attribute 'app_context'
2025.03.30 07:48:13 aiogram.event        INFO     Update id=511587791 is handled. Duration 102 ms by bot id=8095621527
2025.03.30 07:48:27 aiogram.event        INFO     Update id=511587792 is handled. Duration 0 ms by bot id=8095621527
2025.03.30 07:48:36 aiogram.event        INFO     Update id=511587793 is handled. Duration 37 ms by bot id=8095621527
2025.03.30 07:49:03 aiogram.event        INFO     Update id=511587794 is not handled. Duration 1 ms by bot id=8095621527
2025.03.30 07:49:09 aiogram.event        INFO     Update id=511587795 is handled. Duration 0 ms by bot id=8095621527
2025.03.30 07:49:12 aiogram.event        INFO     Update id=511587796 is not handled. Duration 0 ms by bot id=8095621527
2025.03.30 07:49:12 aiogram.event        INFO     Update id=511587797 is handled. Duration 0 ms by bot id=8095621527
2025.03.30 07:49:19 aiogram.event        INFO     Update id=511587798 is not handled. Duration 0 ms by bot id=8095621527
2025.03.30 07:49:19 aiogram.event        ERROR    Cause exception while process update id=511587798 by bot id=8095621527
TypeError: AppContext._save_sudo_users() missing 1 required positional argument: 'user_ids'
Traceback (most recent call last):
  File "/home/admin/.local/lib/python3.11/site-packages/aiogram/dispatcher/dispatcher.py", line 309, in _process_update
    response = await self.feed_update(bot, update, **kwargs)
               ^^^^^^^^^^^^^^^^^^^^^^^^^^^^^^^^^^^^^^^^^^^^^
  File "/home/admin/.local/lib/python3.11/site-packages/aiogram/dispatcher/dispatcher.py", line 158, in feed_update
    response = await self.update.wrap_outer_middleware(
               ^^^^^^^^^^^^^^^^^^^^^^^^^^^^^^^^^^^^^^^^
  File "/home/admin/.local/lib/python3.11/site-packages/aiogram/dispatcher/middlewares/error.py", line 25, in __call__
    return await handler(event, data)
           ^^^^^^^^^^^^^^^^^^^^^^^^^^
  File "/home/admin/.local/lib/python3.11/site-packages/aiogram/dispatcher/middlewares/user_context.py", line 56, in __call__
    return await handler(event, data)
           ^^^^^^^^^^^^^^^^^^^^^^^^^^
  File "/home/admin/.local/lib/python3.11/site-packages/aiogram/fsm/middleware.py", line 42, in __call__
    return await handler(event, data)
           ^^^^^^^^^^^^^^^^^^^^^^^^^^
  File "/home/admin/.local/lib/python3.11/site-packages/aiogram/dispatcher/event/telegram.py", line 121, in trigger
    return await wrapped_inner(event, kwargs)
           ^^^^^^^^^^^^^^^^^^^^^^^^^^^^^^^^^^
  File "/home/admin/.local/lib/python3.11/site-packages/aiogram/dispatcher/event/handler.py", line 43, in call
    return await wrapped()
           ^^^^^^^^^^^^^^^
  File "/home/admin/.local/lib/python3.11/site-packages/aiogram/dispatcher/dispatcher.py", line 276, in _listen_update
    return await self.propagate_event(update_type=update_type, event=event, **kwargs)
           ^^^^^^^^^^^^^^^^^^^^^^^^^^^^^^^^^^^^^^^^^^^^^^^^^^^^^^^^^^^^^^^^^^^^^^^^^^
  File "/home/admin/.local/lib/python3.11/site-packages/aiogram/dispatcher/router.py", line 146, in propagate_event
    return await observer.wrap_outer_middleware(_wrapped, event=event, data=kwargs)
           ^^^^^^^^^^^^^^^^^^^^^^^^^^^^^^^^^^^^^^^^^^^^^^^^^^^^^^^^^^^^^^^^^^^^^^^^
  File "/home/admin/.local/lib/python3.11/site-packages/aiogram/dispatcher/router.py", line 141, in _wrapped
    return await self._propagate_event(
           ^^^^^^^^^^^^^^^^^^^^^^^^^^^^
  File "/home/admin/.local/lib/python3.11/site-packages/aiogram/dispatcher/router.py", line 166, in _propagate_event
    response = await observer.trigger(event, **kwargs)
               ^^^^^^^^^^^^^^^^^^^^^^^^^^^^^^^^^^^^^^^
  File "/home/admin/.local/lib/python3.11/site-packages/aiogram/dispatcher/event/telegram.py", line 121, in trigger
    return await wrapped_inner(event, kwargs)
           ^^^^^^^^^^^^^^^^^^^^^^^^^^^^^^^^^^
  File "/home/admin/.local/lib/python3.11/site-packages/aiogram/dispatcher/event/handler.py", line 43, in call
    return await wrapped()
           ^^^^^^^^^^^^^^^
  File "/home/admin/DLMaster/plugins/sudo_plugin.py", line 42, in grant_sudo
    save_sudo()
TypeError: AppContext._save_sudo_users() missing 1 required positional argument: 'user_ids'
2025.03.30 07:49:27 aiogram.event        INFO     Update id=511587799 is handled. Duration 67 ms by bot id=8095621527
2025.03.30 07:49:35 aiogram.event        INFO     Update id=511587800 is handled. Duration 0 ms by bot id=8095621527
2025.03.30 07:49:41 aiogram.event        INFO     Update id=511587801 is handled. Duration 47 ms by bot id=8095621527
2025.03.30 07:49:48 aiogram.event        INFO     Update id=511587802 is not handled. Duration 1 ms by bot id=8095621527
2025.03.30 07:49:48 aiogram.event        ERROR    Cause exception while process update id=511587802 by bot id=8095621527
TypeError: AppContext._save_sudo_users() missing 1 required positional argument: 'user_ids'
Traceback (most recent call last):
  File "/home/admin/.local/lib/python3.11/site-packages/aiogram/dispatcher/dispatcher.py", line 309, in _process_update
    response = await self.feed_update(bot, update, **kwargs)
               ^^^^^^^^^^^^^^^^^^^^^^^^^^^^^^^^^^^^^^^^^^^^^
  File "/home/admin/.local/lib/python3.11/site-packages/aiogram/dispatcher/dispatcher.py", line 158, in feed_update
    response = await self.update.wrap_outer_middleware(
               ^^^^^^^^^^^^^^^^^^^^^^^^^^^^^^^^^^^^^^^^
  File "/home/admin/.local/lib/python3.11/site-packages/aiogram/dispatcher/middlewares/error.py", line 25, in __call__
    return await handler(event, data)
           ^^^^^^^^^^^^^^^^^^^^^^^^^^
  File "/home/admin/.local/lib/python3.11/site-packages/aiogram/dispatcher/middlewares/user_context.py", line 56, in __call__
    return await handler(event, data)
           ^^^^^^^^^^^^^^^^^^^^^^^^^^
  File "/home/admin/.local/lib/python3.11/site-packages/aiogram/fsm/middleware.py", line 42, in __call__
    return await handler(event, data)
           ^^^^^^^^^^^^^^^^^^^^^^^^^^
  File "/home/admin/.local/lib/python3.11/site-packages/aiogram/dispatcher/event/telegram.py", line 121, in trigger
    return await wrapped_inner(event, kwargs)
           ^^^^^^^^^^^^^^^^^^^^^^^^^^^^^^^^^^
  File "/home/admin/.local/lib/python3.11/site-packages/aiogram/dispatcher/event/handler.py", line 43, in call
    return await wrapped()
           ^^^^^^^^^^^^^^^
  File "/home/admin/.local/lib/python3.11/site-packages/aiogram/dispatcher/dispatcher.py", line 276, in _listen_update
    return await self.propagate_event(update_type=update_type, event=event, **kwargs)
           ^^^^^^^^^^^^^^^^^^^^^^^^^^^^^^^^^^^^^^^^^^^^^^^^^^^^^^^^^^^^^^^^^^^^^^^^^^
  File "/home/admin/.local/lib/python3.11/site-packages/aiogram/dispatcher/router.py", line 146, in propagate_event
    return await observer.wrap_outer_middleware(_wrapped, event=event, data=kwargs)
           ^^^^^^^^^^^^^^^^^^^^^^^^^^^^^^^^^^^^^^^^^^^^^^^^^^^^^^^^^^^^^^^^^^^^^^^^
  File "/home/admin/.local/lib/python3.11/site-packages/aiogram/dispatcher/router.py", line 141, in _wrapped
    return await self._propagate_event(
           ^^^^^^^^^^^^^^^^^^^^^^^^^^^^
  File "/home/admin/.local/lib/python3.11/site-packages/aiogram/dispatcher/router.py", line 166, in _propagate_event
    response = await observer.trigger(event, **kwargs)
               ^^^^^^^^^^^^^^^^^^^^^^^^^^^^^^^^^^^^^^^
  File "/home/admin/.local/lib/python3.11/site-packages/aiogram/dispatcher/event/telegram.py", line 121, in trigger
    return await wrapped_inner(event, kwargs)
           ^^^^^^^^^^^^^^^^^^^^^^^^^^^^^^^^^^
  File "/home/admin/.local/lib/python3.11/site-packages/aiogram/dispatcher/event/handler.py", line 43, in call
    return await wrapped()
           ^^^^^^^^^^^^^^^
  File "/home/admin/DLMaster/plugins/sudo_plugin.py", line 62, in revoke_sudo
    save_sudo()
TypeError: AppContext._save_sudo_users() missing 1 required positional argument: 'user_ids'
2025.03.30 07:49:58 aiogram.event        INFO     Update id=511587803 is handled. Duration 50 ms by bot id=8095621527
2025.03.30 07:50:09 aiogram.event        INFO     Update id=511587804 is not handled. Duration 1 ms by bot id=8095621527
2025.03.30 07:50:17 aiogram.event        INFO     Update id=511587805 is not handled. Duration 0 ms by bot id=8095621527
2025.03.30 07:50:17 aiogram.dispatcher   WARNING  Received SIGINT signal
2025.03.30 07:50:17 aiogram.dispatcher   INFO     Polling stopped for bot @dllmasterbot id=8095621527 - 'DLLMaster for Music'
2025.03.30 07:50:17 aiogram.dispatcher   INFO     Polling stopped
2025.03.30 07:50:18 __main__             INFO     🛑 Polling stopped
2025.03.30 07:50:18 __main__             INFO     🔴 Bot stopped
2025.03.30 07:50:40 __main__             INFO     🤖 Starting bot...
2025.03.30 07:50:40 __main__             INFO     🚀 Starting bot initialization...
2025.03.30 07:50:40 __main__             INFO     ✅ Database initialized successfully
2025.03.30 07:50:40 core.spotify_handler INFO     Spotify API ilə əlaqə quruldu.
2025.03.30 07:50:40 __main__             INFO     ✅ Spotify service initialized
2025.03.30 07:50:40 core.youtube_handler INFO     firefox brauzerindən cookies istifadə edilir.
2025.03.30 07:50:40 __main__             INFO     ✅ YouTube services initialized (firefox)
2025.03.30 07:50:40 __main__             INFO     🔌 Loading plugins...
2025.03.30 07:50:40 __main__             INFO     🔍 Scanning plugins in: plugins
2025.03.30 07:50:40 __main__             INFO     🔄 Loading: plugins.spotify_plugin
2025.03.30 07:50:40 __main__             INFO     ✅ Loaded (sync): plugins.spotify_plugin
2025.03.30 07:50:40 __main__             INFO     🔄 Loading: plugins.menu_plugin
2025.03.30 07:50:40 __main__             INFO     ✅ Loaded (sync): plugins.menu_plugin
2025.03.30 07:50:40 __main__             INFO     🔄 Loading: plugins.sudo_plugin
2025.03.30 07:50:40 __main__             INFO     ✅ Loaded (sync): plugins.sudo_plugin
2025.03.30 07:50:40 __main__             INFO     🔄 Loading: plugins.youtube_plugin
2025.03.30 07:50:40 __main__             INFO     ✅ Loaded (sync): plugins.youtube_plugin
2025.03.30 07:50:40 __main__             INFO     🔄 Loading: plugins.neofetch_plugin
2025.03.30 07:50:40 __main__             INFO     ✅ Loaded (sync): plugins.neofetch_plugin
2025.03.30 07:50:40 __main__             INFO     🔄 Loading: plugins.report_plugin
2025.03.30 07:50:40 __main__             INFO     ✅ Loaded (async): plugins.report_plugin
2025.03.30 07:50:40 __main__             INFO     🔄 Loading: plugins.del_plugin
2025.03.30 07:50:40 __main__             INFO     ✅ Loaded (sync): plugins.del_plugin
2025.03.30 07:50:40 __main__             INFO     🔄 Loading: plugins.music_plugin
2025.03.30 07:50:40 __main__             INFO     ✅ Loaded (sync): plugins.music_plugin
2025.03.30 07:50:40 __main__             INFO     🔄 Loading: plugins.start_plugin
2025.03.30 07:50:40 __main__             INFO     ✅ Loaded (async): plugins.start_plugin
2025.03.30 07:50:40 __main__             INFO     🔄 Loading: plugins.broadcast_plugin
2025.03.30 07:50:40 __main__             INFO     ✅ Loaded (sync): plugins.broadcast_plugin
2025.03.30 07:50:40 __main__             INFO     🔄 Loading: plugins.speedtest_plugin
2025.03.30 07:50:40 __main__             INFO     ✅ Loaded (sync): plugins.speedtest_plugin
2025.03.30 07:50:40 __main__             INFO     🔄 Loading: plugins.bot_logs
2025.03.30 07:50:40 __main__             INFO     ✅ Loaded (async): plugins.bot_logs
2025.03.30 07:50:40 __main__             INFO     🚀 Starting polling...
2025.03.30 07:50:40 aiogram.dispatcher   INFO     Start polling
2025.03.30 07:50:40 aiogram.dispatcher   INFO     Run polling for bot @dllmasterbot id=8095621527 - 'DLLMaster for Music'
2025.03.30 07:50:44 aiogram.event        INFO     Update id=511587806 is handled. Duration 75 ms by bot id=8095621527
2025.03.30 07:50:53 aiogram.event        INFO     Update id=511587807 is not handled. Duration 1 ms by bot id=8095621527
2025.03.30 07:50:53 aiogram.event        ERROR    Cause exception while process update id=511587807 by bot id=8095621527
TypeError: AppContext._save_sudo_users() missing 1 required positional argument: 'user_ids'
Traceback (most recent call last):
  File "/home/admin/.local/lib/python3.11/site-packages/aiogram/dispatcher/dispatcher.py", line 309, in _process_update
    response = await self.feed_update(bot, update, **kwargs)
               ^^^^^^^^^^^^^^^^^^^^^^^^^^^^^^^^^^^^^^^^^^^^^
  File "/home/admin/.local/lib/python3.11/site-packages/aiogram/dispatcher/dispatcher.py", line 158, in feed_update
    response = await self.update.wrap_outer_middleware(
               ^^^^^^^^^^^^^^^^^^^^^^^^^^^^^^^^^^^^^^^^
  File "/home/admin/.local/lib/python3.11/site-packages/aiogram/dispatcher/middlewares/error.py", line 25, in __call__
    return await handler(event, data)
           ^^^^^^^^^^^^^^^^^^^^^^^^^^
  File "/home/admin/.local/lib/python3.11/site-packages/aiogram/dispatcher/middlewares/user_context.py", line 56, in __call__
    return await handler(event, data)
           ^^^^^^^^^^^^^^^^^^^^^^^^^^
  File "/home/admin/.local/lib/python3.11/site-packages/aiogram/fsm/middleware.py", line 42, in __call__
    return await handler(event, data)
           ^^^^^^^^^^^^^^^^^^^^^^^^^^
  File "/home/admin/.local/lib/python3.11/site-packages/aiogram/dispatcher/event/telegram.py", line 121, in trigger
    return await wrapped_inner(event, kwargs)
           ^^^^^^^^^^^^^^^^^^^^^^^^^^^^^^^^^^
  File "/home/admin/.local/lib/python3.11/site-packages/aiogram/dispatcher/event/handler.py", line 43, in call
    return await wrapped()
           ^^^^^^^^^^^^^^^
  File "/home/admin/.local/lib/python3.11/site-packages/aiogram/dispatcher/dispatcher.py", line 276, in _listen_update
    return await self.propagate_event(update_type=update_type, event=event, **kwargs)
           ^^^^^^^^^^^^^^^^^^^^^^^^^^^^^^^^^^^^^^^^^^^^^^^^^^^^^^^^^^^^^^^^^^^^^^^^^^
  File "/home/admin/.local/lib/python3.11/site-packages/aiogram/dispatcher/router.py", line 146, in propagate_event
    return await observer.wrap_outer_middleware(_wrapped, event=event, data=kwargs)
           ^^^^^^^^^^^^^^^^^^^^^^^^^^^^^^^^^^^^^^^^^^^^^^^^^^^^^^^^^^^^^^^^^^^^^^^^
  File "/home/admin/.local/lib/python3.11/site-packages/aiogram/dispatcher/router.py", line 141, in _wrapped
    return await self._propagate_event(
           ^^^^^^^^^^^^^^^^^^^^^^^^^^^^
  File "/home/admin/.local/lib/python3.11/site-packages/aiogram/dispatcher/router.py", line 166, in _propagate_event
    response = await observer.trigger(event, **kwargs)
               ^^^^^^^^^^^^^^^^^^^^^^^^^^^^^^^^^^^^^^^
  File "/home/admin/.local/lib/python3.11/site-packages/aiogram/dispatcher/event/telegram.py", line 121, in trigger
    return await wrapped_inner(event, kwargs)
           ^^^^^^^^^^^^^^^^^^^^^^^^^^^^^^^^^^
  File "/home/admin/.local/lib/python3.11/site-packages/aiogram/dispatcher/event/handler.py", line 43, in call
    return await wrapped()
           ^^^^^^^^^^^^^^^
  File "/home/admin/DLMaster/plugins/sudo_plugin.py", line 62, in revoke_sudo
    save_sudo()
TypeError: AppContext._save_sudo_users() missing 1 required positional argument: 'user_ids'
2025.03.30 07:51:32 aiogram.event        INFO     Update id=511587808 is handled. Duration 0 ms by bot id=8095621527
2025.03.30 07:51:35 aiogram.event        INFO     Update id=511587809 is handled. Duration 0 ms by bot id=8095621527
2025.03.30 07:51:43 aiogram.event        INFO     Update id=511587810 is handled. Duration 0 ms by bot id=8095621527
2025.03.30 07:52:02 plugins.bot_logs     ERROR    Log göndərilmədi: 'Bot' object has no attribute 'app_context'
Traceback (most recent call last):
  File "/home/admin/DLMaster/plugins/bot_logs.py", line 20, in send_log_command
    if message.from_user.id not in [message.bot.app_context.creator_id] + message.bot.app_context.sudo_users:
                                    ^^^^^^^^^^^^^^^^^^^^^^^
AttributeError: 'Bot' object has no attribute 'app_context'
2025.03.30 07:52:03 aiogram.event        INFO     Update id=511587811 is handled. Duration 46 ms by bot id=8095621527
2025.03.30 07:52:51 aiogram.event        INFO     Update id=511587812 is not handled. Duration 1 ms by bot id=8095621527
2025.03.30 07:52:57 aiogram.event        INFO     Update id=511587813 is not handled. Duration 1 ms by bot id=8095621527
2025.03.30 07:52:59 aiogram.event        INFO     Update id=511587814 is not handled. Duration 8 ms by bot id=8095621527
2025.03.30 07:53:39 aiogram.event        INFO     Update id=511587815 is handled. Duration 0 ms by bot id=8095621527
2025.03.30 07:53:47 aiogram.event        INFO     Update id=511587816 is handled. Duration 0 ms by bot id=8095621527
2025.03.30 07:53:49 aiogram.event        INFO     Update id=511587817 is handled. Duration 0 ms by bot id=8095621527
2025.03.30 07:54:03 aiogram.event        INFO     Update id=511587818 is handled. Duration 0 ms by bot id=8095621527
2025.03.30 07:54:21 aiogram.event        INFO     Update id=511587819 is handled. Duration 0 ms by bot id=8095621527
2025.03.30 07:54:53 aiogram.event        INFO     Update id=511587820 is not handled. Duration 1 ms by bot id=8095621527
2025.03.30 07:54:55 aiogram.event        INFO     Update id=511587821 is handled. Duration 0 ms by bot id=8095621527
2025.03.30 07:55:05 aiogram.event        INFO     Update id=511587822 is not handled. Duration 1 ms by bot id=8095621527
2025.03.30 07:55:55 aiogram.dispatcher   WARNING  Received SIGINT signal
2025.03.30 07:55:55 aiogram.dispatcher   INFO     Polling stopped for bot @dllmasterbot id=8095621527 - 'DLLMaster for Music'
2025.03.30 07:55:55 aiogram.dispatcher   INFO     Polling stopped
2025.03.30 07:55:55 __main__             INFO     🛑 Polling stopped
2025.03.30 07:55:55 __main__             INFO     🔴 Bot stopped
2025.03.30 07:56:01 __main__             INFO     🤖 Starting bot...
2025.03.30 07:56:01 __main__             INFO     🚀 Starting bot initialization...
2025.03.30 07:56:01 __main__             INFO     ✅ Database initialized successfully
2025.03.30 07:56:01 core.spotify_handler INFO     Spotify API ilə əlaqə quruldu.
2025.03.30 07:56:01 __main__             INFO     ✅ Spotify service initialized
2025.03.30 07:56:01 core.youtube_handler INFO     firefox brauzerindən cookies istifadə edilir.
2025.03.30 07:56:01 __main__             INFO     ✅ YouTube services initialized (firefox)
2025.03.30 07:56:01 __main__             INFO     🔌 Loading plugins...
2025.03.30 07:56:01 __main__             INFO     🔍 Scanning plugins in: plugins
2025.03.30 07:56:01 __main__             INFO     🔄 Loading: plugins.spotify_plugin
2025.03.30 07:56:01 __main__             INFO     ✅ Loaded (sync): plugins.spotify_plugin
2025.03.30 07:56:01 __main__             INFO     🔄 Loading: plugins.menu_plugin
2025.03.30 07:56:01 __main__             INFO     ✅ Loaded (sync): plugins.menu_plugin
2025.03.30 07:56:01 __main__             INFO     🔄 Loading: plugins.sudo_plugin
2025.03.30 07:56:01 __main__             INFO     ✅ Loaded (sync): plugins.sudo_plugin
2025.03.30 07:56:01 __main__             INFO     🔄 Loading: plugins.youtube_plugin
2025.03.30 07:56:01 __main__             INFO     ✅ Loaded (sync): plugins.youtube_plugin
2025.03.30 07:56:01 __main__             INFO     🔄 Loading: plugins.neofetch_plugin
2025.03.30 07:56:01 __main__             INFO     ✅ Loaded (sync): plugins.neofetch_plugin
2025.03.30 07:56:01 __main__             INFO     🔄 Loading: plugins.report_plugin
2025.03.30 07:56:01 __main__             INFO     ✅ Loaded (async): plugins.report_plugin
2025.03.30 07:56:01 __main__             INFO     🔄 Loading: plugins.del_plugin
2025.03.30 07:56:01 __main__             INFO     ✅ Loaded (sync): plugins.del_plugin
2025.03.30 07:56:01 __main__             INFO     🔄 Loading: plugins.music_plugin
2025.03.30 07:56:01 __main__             INFO     ✅ Loaded (sync): plugins.music_plugin
2025.03.30 07:56:01 __main__             INFO     🔄 Loading: plugins.start_plugin
2025.03.30 07:56:01 __main__             INFO     ✅ Loaded (async): plugins.start_plugin
2025.03.30 07:56:01 __main__             INFO     🔄 Loading: plugins.broadcast_plugin
2025.03.30 07:56:01 __main__             INFO     ✅ Loaded (sync): plugins.broadcast_plugin
2025.03.30 07:56:01 __main__             INFO     🔄 Loading: plugins.speedtest_plugin
2025.03.30 07:56:01 __main__             INFO     ✅ Loaded (sync): plugins.speedtest_plugin
2025.03.30 07:56:01 __main__             INFO     🔄 Loading: plugins.bot_logs
2025.03.30 07:56:01 __main__             INFO     ✅ Loaded (async): plugins.bot_logs
2025.03.30 07:56:01 __main__             INFO     🚀 Starting polling...
2025.03.30 07:56:01 aiogram.dispatcher   INFO     Start polling
2025.03.30 07:56:01 aiogram.dispatcher   INFO     Run polling for bot @dllmasterbot id=8095621527 - 'DLLMaster for Music'
2025.03.30 07:56:13 aiogram.event        INFO     Update id=511587823 is not handled. Duration 1 ms by bot id=8095621527
2025.03.30 07:56:20 aiogram.event        INFO     Update id=511587824 is not handled. Duration 2 ms by bot id=8095621527
2025.03.30 07:56:49 aiogram.event        INFO     Update id=511587825 is handled. Duration 0 ms by bot id=8095621527
2025.03.30 07:57:20 aiogram.event        INFO     Update id=511587826 is handled. Duration 0 ms by bot id=8095621527
2025.03.30 07:57:38 aiogram.event        INFO     Update id=511587827 is not handled. Duration 1 ms by bot id=8095621527
2025.03.30 07:57:40 aiogram.event        INFO     Update id=511587828 is handled. Duration 0 ms by bot id=8095621527
2025.03.30 07:57:43 aiogram.event        INFO     Update id=511587829 is handled. Duration 0 ms by bot id=8095621527
2025.03.30 07:57:43 root                 INFO     Granted sudo to user ID: 7713569824
2025.03.30 07:57:43 aiogram.event        INFO     Update id=511587830 is handled. Duration 125 ms by bot id=8095621527
2025.03.30 07:57:46 aiogram.event        INFO     Update id=511587831 is handled. Duration 0 ms by bot id=8095621527
2025.03.30 07:57:48 root                 INFO     Revoked sudo from user ID: 7713569824
2025.03.30 07:57:48 aiogram.event        INFO     Update id=511587832 is handled. Duration 93 ms by bot id=8095621527
2025.03.30 07:58:06 plugins.bot_logs     ERROR    Log göndərilmədi: 'Bot' object has no attribute 'app_context'
Traceback (most recent call last):
  File "/home/admin/DLMaster/plugins/bot_logs.py", line 20, in send_log_command
    if message.from_user.id not in [message.bot.app_context.creator_id] + message.bot.app_context.sudo_users:
                                    ^^^^^^^^^^^^^^^^^^^^^^^
AttributeError: 'Bot' object has no attribute 'app_context'
2025.03.30 07:58:06 aiogram.event        INFO     Update id=511587833 is handled. Duration 36 ms by bot id=8095621527
2025.03.30 07:58:16 aiogram.event        INFO     Update id=511587834 is handled. Duration 0 ms by bot id=8095621527
2025.03.30 07:58:20 aiogram.event        INFO     Update id=511587835 is handled. Duration 0 ms by bot id=8095621527
2025.03.30 07:58:26 aiogram.event        INFO     Update id=511587836 is handled. Duration 0 ms by bot id=8095621527
2025.03.30 07:58:31 aiogram.event        INFO     Update id=511587837 is not handled. Duration 0 ms by bot id=8095621527
2025.03.30 07:58:45 aiogram.event        INFO     Update id=511587838 is handled. Duration 0 ms by bot id=8095621527
2025.03.30 07:58:48 aiogram.event        INFO     Update id=511587839 is handled. Duration 0 ms by bot id=8095621527
2025.03.30 07:58:51 aiogram.event        INFO     Update id=511587840 is handled. Duration 0 ms by bot id=8095621527
2025.03.30 07:59:40 aiogram.event        INFO     Update id=511587841 is handled. Duration 0 ms by bot id=8095621527
2025.03.30 08:00:16 aiogram.event        INFO     Update id=511587842 is not handled. Duration 1 ms by bot id=8095621527
2025.03.30 08:00:32 aiogram.event        INFO     Update id=511587843 is not handled. Duration 0 ms by bot id=8095621527
2025.03.30 08:00:41 aiogram.event        INFO     Update id=511587844 is not handled. Duration 1 ms by bot id=8095621527
2025.03.30 08:00:48 aiogram.event        INFO     Update id=511587845 is handled. Duration 0 ms by bot id=8095621527
2025.03.30 08:00:59 aiogram.event        INFO     Update id=511587846 is not handled. Duration 1 ms by bot id=8095621527
2025.03.30 08:01:07 aiogram.event        INFO     Update id=511587847 is not handled. Duration 1 ms by bot id=8095621527
2025.03.30 08:01:18 aiogram.event        INFO     Update id=511587848 is handled. Duration 0 ms by bot id=8095621527
2025.03.30 08:01:19 aiogram.event        INFO     Update id=511587849 is handled. Duration 0 ms by bot id=8095621527
2025.03.30 08:01:59 aiogram.event        INFO     Update id=511587850 is handled. Duration 0 ms by bot id=8095621527
2025.03.30 08:02:25 aiogram.event        INFO     Update id=511587851 is handled. Duration 0 ms by bot id=8095621527
2025.03.30 08:02:26 aiogram.event        INFO     Update id=511587852 is handled. Duration 0 ms by bot id=8095621527
2025.03.30 08:04:04 aiogram.event        INFO     Update id=511587853 is not handled. Duration 1 ms by bot id=8095621527
2025.03.30 08:04:11 aiogram.event        INFO     Update id=511587854 is not handled. Duration 1 ms by bot id=8095621527
2025.03.30 08:04:13 aiogram.dispatcher   WARNING  Received SIGINT signal
2025.03.30 08:04:13 aiogram.dispatcher   INFO     Polling stopped for bot @dllmasterbot id=8095621527 - 'DLLMaster for Music'
2025.03.30 08:04:13 aiogram.dispatcher   INFO     Polling stopped
2025.03.30 08:04:13 __main__             INFO     🛑 Polling stopped
2025.03.30 08:04:13 __main__             INFO     🔴 Bot stopped
2025.03.30 08:04:18 __main__             INFO     🤖 Starting bot...
2025.03.30 08:04:18 __main__             INFO     🚀 Starting bot initialization...
2025.03.30 08:04:19 __main__             INFO     ✅ Database initialized successfully
2025.03.30 08:04:19 core.spotify_handler INFO     Spotify API ilə əlaqə quruldu.
2025.03.30 08:04:19 __main__             INFO     ✅ Spotify service initialized
2025.03.30 08:04:19 core.youtube_handler INFO     firefox brauzerindən cookies istifadə edilir.
2025.03.30 08:04:19 __main__             INFO     ✅ YouTube services initialized (firefox)
2025.03.30 08:04:19 __main__             INFO     🔌 Loading plugins...
2025.03.30 08:04:19 __main__             INFO     🔍 Scanning plugins in: plugins
2025.03.30 08:04:19 __main__             INFO     🔄 Loading: plugins.spotify_plugin
2025.03.30 08:04:19 __main__             INFO     ✅ Loaded (sync): plugins.spotify_plugin
2025.03.30 08:04:19 __main__             INFO     🔄 Loading: plugins.menu_plugin
2025.03.30 08:04:19 __main__             INFO     ✅ Loaded (sync): plugins.menu_plugin
2025.03.30 08:04:19 __main__             INFO     🔄 Loading: plugins.sudo_plugin
2025.03.30 08:04:19 __main__             INFO     ✅ Loaded (sync): plugins.sudo_plugin
2025.03.30 08:04:19 __main__             INFO     🔄 Loading: plugins.youtube_plugin
2025.03.30 08:04:19 __main__             INFO     ✅ Loaded (sync): plugins.youtube_plugin
2025.03.30 08:04:19 __main__             INFO     🔄 Loading: plugins.neofetch_plugin
2025.03.30 08:04:19 __main__             INFO     ✅ Loaded (sync): plugins.neofetch_plugin
2025.03.30 08:04:19 __main__             INFO     🔄 Loading: plugins.report_plugin
2025.03.30 08:04:19 __main__             INFO     ✅ Loaded (async): plugins.report_plugin
2025.03.30 08:04:19 __main__             INFO     🔄 Loading: plugins.del_plugin
2025.03.30 08:04:19 __main__             INFO     ✅ Loaded (sync): plugins.del_plugin
2025.03.30 08:04:19 __main__             INFO     🔄 Loading: plugins.music_plugin
2025.03.30 08:04:19 plugins.music_plugin INFO     'downloads' qovluğu yaradıldı.
2025.03.30 08:04:19 __main__             INFO     ✅ Loaded (sync): plugins.music_plugin
2025.03.30 08:04:19 __main__             INFO     🔄 Loading: plugins.start_plugin
2025.03.30 08:04:19 __main__             INFO     ✅ Loaded (async): plugins.start_plugin
2025.03.30 08:04:19 __main__             INFO     🔄 Loading: plugins.broadcast_plugin
2025.03.30 08:04:19 __main__             INFO     ✅ Loaded (sync): plugins.broadcast_plugin
2025.03.30 08:04:19 __main__             INFO     🔄 Loading: plugins.speedtest_plugin
2025.03.30 08:04:19 __main__             INFO     ✅ Loaded (sync): plugins.speedtest_plugin
2025.03.30 08:04:19 __main__             INFO     🔄 Loading: plugins.bot_logs
2025.03.30 08:04:19 __main__             INFO     ✅ Loaded (async): plugins.bot_logs
2025.03.30 08:04:19 __main__             INFO     🚀 Starting polling...
2025.03.30 08:04:19 aiogram.dispatcher   INFO     Start polling
2025.03.30 08:04:19 aiogram.dispatcher   INFO     Run polling for bot @dllmasterbot id=8095621527 - 'DLLMaster for Music'
2025.03.30 08:04:27 plugins.bot_logs     ERROR    Log göndərilmədi: 'Bot' object has no attribute 'app_context'
Traceback (most recent call last):
  File "/home/admin/DLMaster/plugins/bot_logs.py", line 42, in send_log_command
    if message.bot.app_context.db:
       ^^^^^^^^^^^^^^^^^^^^^^^
AttributeError: 'Bot' object has no attribute 'app_context'
2025.03.30 08:04:27 aiogram.event        INFO     Update id=511587855 is handled. Duration 2563 ms by bot id=8095621527
2025.03.30 08:04:37 aiogram.event        INFO     Update id=511587856 is handled. Duration 0 ms by bot id=8095621527
2025.03.30 08:04:44 aiogram.event        INFO     Update id=511587857 is not handled. Duration 1 ms by bot id=8095621527
2025.03.30 08:04:50 aiogram.event        INFO     Update id=511587858 is handled. Duration 0 ms by bot id=8095621527
2025.03.30 08:04:53 aiogram.event        INFO     Update id=511587859 is not handled. Duration 1 ms by bot id=8095621527
2025.03.30 08:04:59 aiogram.event        INFO     Update id=511587861 is handled. Duration 0 ms by bot id=8095621527
2025.03.30 08:04:59 plugins.bot_logs     ERROR    Log göndərilmədi: 'Bot' object has no attribute 'app_context'
Traceback (most recent call last):
  File "/home/admin/DLMaster/plugins/bot_logs.py", line 42, in send_log_command
    if message.bot.app_context.db:
       ^^^^^^^^^^^^^^^^^^^^^^^
AttributeError: 'Bot' object has no attribute 'app_context'
2025.03.30 08:04:59 aiogram.event        INFO     Update id=511587860 is handled. Duration 116 ms by bot id=8095621527
2025.03.30 08:05:03 aiogram.event        INFO     Update id=511587862 is handled. Duration 0 ms by bot id=8095621527
2025.03.30 08:05:03 aiogram.event        INFO     Update id=511587863 is handled. Duration 0 ms by bot id=8095621527
2025.03.30 08:05:43 aiogram.event        INFO     Update id=511587864 is handled. Duration 0 ms by bot id=8095621527
2025.03.30 08:06:06 aiogram.event        INFO     Update id=511587865 is handled. Duration 0 ms by bot id=8095621527
2025.03.30 08:06:44 aiogram.event        INFO     Update id=511587866 is not handled. Duration 2 ms by bot id=8095621527
2025.03.30 08:06:52 aiogram.event        INFO     Update id=511587867 is not handled. Duration 0 ms by bot id=8095621527
2025.03.30 08:07:01 aiogram.event        INFO     Update id=511587868 is not handled. Duration 1 ms by bot id=8095621527
2025.03.30 08:07:16 aiogram.event        INFO     Update id=511587869 is not handled. Duration 2 ms by bot id=8095621527
2025.03.30 08:07:35 aiogram.dispatcher   WARNING  Received SIGINT signal
2025.03.30 08:07:35 aiogram.dispatcher   INFO     Polling stopped for bot @dllmasterbot id=8095621527 - 'DLLMaster for Music'
2025.03.30 08:07:35 aiogram.dispatcher   INFO     Polling stopped
2025.03.30 08:07:36 __main__             INFO     🛑 Polling stopped
2025.03.30 08:07:36 __main__             INFO     🔴 Bot stopped
2025.03.30 08:07:42 __main__             INFO     🤖 Starting bot...
2025.03.30 08:07:42 __main__             INFO     🚀 Starting bot initialization...
2025.03.30 08:07:43 __main__             INFO     ✅ Database initialized successfully
2025.03.30 08:07:43 core.spotify_handler INFO     Spotify API ilə əlaqə quruldu.
2025.03.30 08:07:43 __main__             INFO     ✅ Spotify service initialized
2025.03.30 08:07:43 core.youtube_handler INFO     firefox brauzerindən cookies istifadə edilir.
2025.03.30 08:07:43 __main__             INFO     ✅ YouTube services initialized (firefox)
2025.03.30 08:07:43 __main__             INFO     🔌 Loading plugins...
2025.03.30 08:07:43 __main__             INFO     🔍 Scanning plugins in: plugins
2025.03.30 08:07:43 __main__             INFO     🔄 Loading: plugins.spotify_plugin
2025.03.30 08:07:43 __main__             INFO     ✅ Loaded (sync): plugins.spotify_plugin
2025.03.30 08:07:43 __main__             INFO     🔄 Loading: plugins.menu_plugin
2025.03.30 08:07:43 __main__             INFO     ✅ Loaded (sync): plugins.menu_plugin
2025.03.30 08:07:43 __main__             INFO     🔄 Loading: plugins.sudo_plugin
2025.03.30 08:07:43 __main__             INFO     ✅ Loaded (sync): plugins.sudo_plugin
2025.03.30 08:07:43 __main__             INFO     🔄 Loading: plugins.youtube_plugin
2025.03.30 08:07:43 __main__             INFO     ✅ Loaded (sync): plugins.youtube_plugin
2025.03.30 08:07:43 __main__             INFO     🔄 Loading: plugins.neofetch_plugin
2025.03.30 08:07:43 __main__             INFO     ✅ Loaded (sync): plugins.neofetch_plugin
2025.03.30 08:07:43 __main__             INFO     🔄 Loading: plugins.report_plugin
2025.03.30 08:07:43 __main__             INFO     ✅ Loaded (async): plugins.report_plugin
2025.03.30 08:07:43 __main__             INFO     🔄 Loading: plugins.del_plugin
2025.03.30 08:07:43 __main__             INFO     ✅ Loaded (sync): plugins.del_plugin
2025.03.30 08:07:43 __main__             INFO     🔄 Loading: plugins.music_plugin
2025.03.30 08:07:43 __main__             INFO     ✅ Loaded (sync): plugins.music_plugin
2025.03.30 08:07:43 __main__             INFO     🔄 Loading: plugins.start_plugin
2025.03.30 08:07:43 __main__             INFO     ✅ Loaded (async): plugins.start_plugin
2025.03.30 08:07:43 __main__             INFO     🔄 Loading: plugins.broadcast_plugin
2025.03.30 08:07:43 __main__             INFO     ✅ Loaded (sync): plugins.broadcast_plugin
2025.03.30 08:07:43 __main__             INFO     🔄 Loading: plugins.speedtest_plugin
2025.03.30 08:07:43 __main__             INFO     ✅ Loaded (sync): plugins.speedtest_plugin
2025.03.30 08:07:43 __main__             INFO     🔄 Loading: plugins.bot_logs
2025.03.30 08:07:43 __main__             INFO     ✅ Loaded (async): plugins.bot_logs
2025.03.30 08:07:43 __main__             INFO     🚀 Starting polling...
2025.03.30 08:07:43 aiogram.dispatcher   INFO     Start polling
2025.03.30 08:07:43 aiogram.dispatcher   INFO     Run polling for bot @dllmasterbot id=8095621527 - 'DLLMaster for Music'
2025.03.30 08:07:46 plugins.bot_logs     ERROR    Log göndərilmədi: Database.add_log() missing 1 required positional argument: 'level'
Traceback (most recent call last):
  File "/home/admin/DLMaster/plugins/bot_logs.py", line 43, in send_log_command
    context.db.add_log(
TypeError: Database.add_log() missing 1 required positional argument: 'level'
2025.03.30 08:07:46 aiogram.event        INFO     Update id=511587870 is handled. Duration 159 ms by bot id=8095621527
2025.03.30 08:08:33 aiogram.event        INFO     Update id=511587871 is not handled. Duration 2 ms by bot id=8095621527
2025.03.30 08:08:35 aiogram.event        INFO     Update id=511587872 is handled. Duration 0 ms by bot id=8095621527
2025.03.30 08:08:54 aiogram.event        INFO     Update id=511587873 is not handled. Duration 1 ms by bot id=8095621527
2025.03.30 08:08:58 aiogram.event        INFO     Update id=511587874 is handled. Duration 0 ms by bot id=8095621527
2025.03.30 08:10:06 aiogram.event        INFO     Update id=511587875 is handled. Duration 0 ms by bot id=8095621527
2025.03.30 08:10:07 aiogram.event        INFO     Update id=511587876 is handled. Duration 0 ms by bot id=8095621527
2025.03.30 08:10:16 aiogram.dispatcher   WARNING  Received SIGINT signal
2025.03.30 08:10:16 aiogram.dispatcher   INFO     Polling stopped for bot @dllmasterbot id=8095621527 - 'DLLMaster for Music'
2025.03.30 08:10:16 aiogram.dispatcher   INFO     Polling stopped
2025.03.30 08:10:16 __main__             INFO     🛑 Polling stopped
2025.03.30 08:10:16 __main__             INFO     🔴 Bot stopped
2025.03.30 08:10:22 __main__             INFO     🤖 Starting bot...
2025.03.30 08:10:22 __main__             INFO     🚀 Starting bot initialization...
2025.03.30 08:10:22 __main__             INFO     ✅ Database initialized successfully
2025.03.30 08:10:22 core.spotify_handler INFO     Spotify API ilə əlaqə quruldu.
2025.03.30 08:10:22 __main__             INFO     ✅ Spotify service initialized
2025.03.30 08:10:22 core.youtube_handler INFO     firefox brauzerindən cookies istifadə edilir.
2025.03.30 08:10:22 __main__             INFO     ✅ YouTube services initialized (firefox)
2025.03.30 08:10:22 __main__             INFO     🔌 Loading plugins...
2025.03.30 08:10:22 __main__             INFO     🔍 Scanning plugins in: plugins
2025.03.30 08:10:22 __main__             INFO     🔄 Loading: plugins.spotify_plugin
2025.03.30 08:10:22 __main__             INFO     ✅ Loaded (sync): plugins.spotify_plugin
2025.03.30 08:10:22 __main__             INFO     🔄 Loading: plugins.menu_plugin
2025.03.30 08:10:22 __main__             INFO     ✅ Loaded (sync): plugins.menu_plugin
2025.03.30 08:10:22 __main__             INFO     🔄 Loading: plugins.sudo_plugin
2025.03.30 08:10:22 __main__             INFO     ✅ Loaded (sync): plugins.sudo_plugin
2025.03.30 08:10:22 __main__             INFO     🔄 Loading: plugins.youtube_plugin
2025.03.30 08:10:22 __main__             INFO     ✅ Loaded (sync): plugins.youtube_plugin
2025.03.30 08:10:22 __main__             INFO     🔄 Loading: plugins.neofetch_plugin
2025.03.30 08:10:22 __main__             INFO     ✅ Loaded (sync): plugins.neofetch_plugin
2025.03.30 08:10:22 __main__             INFO     🔄 Loading: plugins.report_plugin
2025.03.30 08:10:22 __main__             INFO     ✅ Loaded (async): plugins.report_plugin
2025.03.30 08:10:22 __main__             INFO     🔄 Loading: plugins.del_plugin
2025.03.30 08:10:22 __main__             INFO     ✅ Loaded (sync): plugins.del_plugin
2025.03.30 08:10:22 __main__             INFO     🔄 Loading: plugins.music_plugin
2025.03.30 08:10:22 __main__             INFO     ✅ Loaded (sync): plugins.music_plugin
2025.03.30 08:10:22 __main__             INFO     🔄 Loading: plugins.start_plugin
2025.03.30 08:10:22 __main__             INFO     ✅ Loaded (async): plugins.start_plugin
2025.03.30 08:10:22 __main__             INFO     🔄 Loading: plugins.broadcast_plugin
2025.03.30 08:10:22 __main__             INFO     ✅ Loaded (sync): plugins.broadcast_plugin
2025.03.30 08:10:22 __main__             INFO     🔄 Loading: plugins.speedtest_plugin
2025.03.30 08:10:22 __main__             INFO     ✅ Loaded (sync): plugins.speedtest_plugin
2025.03.30 08:10:22 __main__             INFO     🔄 Loading: plugins.bot_logs
2025.03.30 08:10:22 __main__             INFO     ✅ Loaded (async): plugins.bot_logs
2025.03.30 08:10:22 __main__             INFO     🚀 Starting polling...
2025.03.30 08:10:22 aiogram.dispatcher   INFO     Start polling
2025.03.30 08:10:22 aiogram.dispatcher   INFO     Run polling for bot @dllmasterbot id=8095621527 - 'DLLMaster for Music'
2025.03.30 08:10:28 aiogram.event        INFO     Update id=511587877 is handled. Duration 242 ms by bot id=8095621527
2025.03.30 08:10:55 aiogram.event        INFO     Update id=511587878 is handled. Duration 0 ms by bot id=8095621527
2025.03.30 08:11:09 aiogram.event        INFO     Update id=511587879 is handled. Duration 0 ms by bot id=8095621527
2025.03.30 08:11:29 aiogram.event        INFO     Update id=511587880 is handled. Duration 1 ms by bot id=8095621527
2025.03.30 08:11:29 core.spotify_handler INFO     Playlist məlumatları əldə edilir: 58pOpgCic0nlGPpCOfNkl7
2025.03.30 08:11:31 core.cookies_handler INFO     firefox brauzerindən cookies istifadə edilir.
2025.03.30 08:11:31 aiogram.event        INFO     Update id=511587881 is not handled. Duration 80 ms by bot id=8095621527
2025.03.30 08:11:37 core.spotify_handler INFO     Metadata uğurla əlavə edildi: download/download/Lotular.m4a
2025.03.30 08:11:37 plugins.spotify_plugin INFO     ilgarrx tərəfindən spotify_playlist mahnısı uğurla qeyd edildi
2025.03.30 08:11:37 core.cookies_handler INFO     firefox brauzerindən cookies istifadə edilir.
2025.03.30 08:11:38 aiogram.event        INFO     Update id=511587882 is handled. Duration 0 ms by bot id=8095621527
2025.03.30 08:11:43 core.spotify_handler INFO     Metadata uğurla əlavə edildi: download/download/Ay Brat.m4a
2025.03.30 08:11:43 plugins.spotify_plugin INFO     ilgarrx tərəfindən spotify_playlist mahnısı uğurla qeyd edildi
2025.03.30 08:11:43 core.cookies_handler INFO     firefox brauzerindən cookies istifadə edilir.
2025.03.30 08:11:49 core.spotify_handler INFO     Metadata uğurla əlavə edildi: download/download/Sovetski.m4a
2025.03.30 08:11:49 plugins.spotify_plugin INFO     ilgarrx tərəfindən spotify_playlist mahnısı uğurla qeyd edildi
2025.03.30 08:11:50 core.cookies_handler INFO     firefox brauzerindən cookies istifadə edilir.
2025.03.30 08:11:55 core.spotify_handler INFO     Metadata uğurla əlavə edildi: download/download/Sende Derin.m4a
2025.03.30 08:11:55 plugins.spotify_plugin INFO     ilgarrx tərəfindən spotify_playlist mahnısı uğurla qeyd edildi
2025.03.30 08:11:55 core.cookies_handler INFO     firefox brauzerindən cookies istifadə edilir.
2025.03.30 08:11:58 aiogram.event        INFO     Update id=511587883 is not handled. Duration 1 ms by bot id=8095621527
2025.03.30 08:12:01 core.spotify_handler INFO     Metadata uğurla əlavə edildi: download/download/Popuri.m4a
2025.03.30 08:12:02 plugins.spotify_plugin INFO     ilgarrx tərəfindən spotify_playlist mahnısı uğurla qeyd edildi
2025.03.30 08:12:02 core.cookies_handler INFO     firefox brauzerindən cookies istifadə edilir.
2025.03.30 08:12:08 core.spotify_handler INFO     Metadata uğurla əlavə edildi: download/download/Unuda Bilmirem.m4a
2025.03.30 08:12:08 plugins.spotify_plugin INFO     ilgarrx tərəfindən spotify_playlist mahnısı uğurla qeyd edildi
2025.03.30 08:12:08 core.cookies_handler INFO     firefox brauzerindən cookies istifadə edilir.
2025.03.30 08:12:10 aiogram.event        INFO     Update id=511587884 is not handled. Duration 2 ms by bot id=8095621527
2025.03.30 08:12:14 core.spotify_handler INFO     Metadata uğurla əlavə edildi: download/download/Sahindi Bratva.m4a
2025.03.30 08:12:14 plugins.spotify_plugin INFO     ilgarrx tərəfindən spotify_playlist mahnısı uğurla qeyd edildi
2025.03.30 08:12:14 core.cookies_handler INFO     firefox brauzerindən cookies istifadə edilir.
2025.03.30 08:12:19 aiogram.event        INFO     Update id=511587885 is not handled. Duration 84 ms by bot id=8095621527
2025.03.30 08:12:20 core.spotify_handler INFO     Metadata uğurla əlavə edildi: download/download/Çağırdı Ellər Gedərəm Davaya.m4a
2025.03.30 08:12:20 plugins.spotify_plugin INFO     ilgarrx tərəfindən spotify_playlist mahnısı uğurla qeyd edildi
2025.03.30 08:12:20 core.cookies_handler INFO     firefox brauzerindən cookies istifadə edilir.
2025.03.30 08:12:23 aiogram.event        INFO     Update id=511587886 is not handled. Duration 68 ms by bot id=8095621527
2025.03.30 08:12:25 core.spotify_handler INFO     Metadata uğurla əlavə edildi: download/download/Məsti Xumar.m4a
2025.03.30 08:12:26 plugins.spotify_plugin INFO     ilgarrx tərəfindən spotify_playlist mahnısı uğurla qeyd edildi
2025.03.30 08:12:26 core.cookies_handler INFO     firefox brauzerindən cookies istifadə edilir.
2025.03.30 08:12:31 core.spotify_handler INFO     Metadata uğurla əlavə edildi: download/download/Dağları Duman Alanda.m4a
2025.03.30 08:12:31 plugins.spotify_plugin INFO     ilgarrx tərəfindən spotify_playlist mahnısı uğurla qeyd edildi
2025.03.30 08:12:31 core.cookies_handler INFO     firefox brauzerindən cookies istifadə edilir.
2025.03.30 08:12:34 aiogram.event        INFO     Update id=511587887 is not handled. Duration 58 ms by bot id=8095621527
2025.03.30 08:12:37 core.spotify_handler INFO     Metadata uğurla əlavə edildi: download/download/Cavanligim Getdi Elimden.m4a
2025.03.30 08:12:37 aiogram.event        INFO     Update id=511587888 is not handled. Duration 1 ms by bot id=8095621527
2025.03.30 08:12:38 plugins.spotify_plugin INFO     ilgarrx tərəfindən spotify_playlist mahnısı uğurla qeyd edildi
2025.03.30 08:12:38 core.cookies_handler INFO     firefox brauzerindən cookies istifadə edilir.
2025.03.30 08:12:39 aiogram.event        INFO     Update id=511587889 is handled. Duration 104 ms by bot id=8095621527
2025.03.30 08:12:43 aiogram.event        INFO     Update id=511587891 is not handled. Duration 3 ms by bot id=8095621527
2025.03.30 08:12:43 core.spotify_handler INFO     Metadata uğurla əlavə edildi: download/download/Dolya.m4a
2025.03.30 08:12:43 aiogram.event        INFO     Update id=511587890 is handled. Duration 976 ms by bot id=8095621527
2025.03.30 08:12:43 plugins.spotify_plugin INFO     ilgarrx tərəfindən spotify_playlist mahnısı uğurla qeyd edildi
2025.03.30 08:12:43 core.cookies_handler INFO     firefox brauzerindən cookies istifadə edilir.
2025.03.30 08:12:45 aiogram.event        INFO     Update id=511587892 is handled. Duration 99 ms by bot id=8095621527
2025.03.30 08:12:46 aiogram.event        INFO     Update id=511587893 is not handled. Duration 2 ms by bot id=8095621527
2025.03.30 08:12:47 aiogram.event        INFO     Update id=511587894 is not handled. Duration 63 ms by bot id=8095621527
2025.03.30 08:12:49 core.spotify_handler INFO     Metadata uğurla əlavə edildi: download/download/Noldu Sənə Noldu 2.m4a
2025.03.30 08:12:49 plugins.spotify_plugin INFO     ilgarrx tərəfindən spotify_playlist mahnısı uğurla qeyd edildi
2025.03.30 08:12:49 core.cookies_handler INFO     firefox brauzerindən cookies istifadə edilir.
2025.03.30 08:12:50 aiogram.event        INFO     Update id=511587895 is not handled. Duration 1 ms by bot id=8095621527
2025.03.30 08:12:55 core.spotify_handler INFO     Metadata uğurla əlavə edildi: download/download/Təcili Yardım.m4a
2025.03.30 08:12:55 plugins.spotify_plugin INFO     ilgarrx tərəfindən spotify_playlist mahnısı uğurla qeyd edildi
2025.03.30 08:12:55 core.cookies_handler INFO     firefox brauzerindən cookies istifadə edilir.
2025.03.30 08:13:00 aiogram.event        INFO     Update id=511587896 is not handled. Duration 49 ms by bot id=8095621527
2025.03.30 08:13:01 core.spotify_handler INFO     Metadata uğurla əlavə edildi: download/download/O Mene Lazim Deyi.m4a
2025.03.30 08:13:01 aiogram.event        INFO     Update id=511587897 is not handled. Duration 1 ms by bot id=8095621527
2025.03.30 08:13:01 plugins.spotify_plugin INFO     ilgarrx tərəfindən spotify_playlist mahnısı uğurla qeyd edildi
2025.03.30 08:13:01 core.cookies_handler INFO     firefox brauzerindən cookies istifadə edilir.
2025.03.30 08:13:08 core.spotify_handler INFO     Metadata uğurla əlavə edildi: download/download/Gece Lezet Eliyir.m4a
2025.03.30 08:13:08 plugins.spotify_plugin INFO     ilgarrx tərəfindən spotify_playlist mahnısı uğurla qeyd edildi
2025.03.30 08:13:08 core.cookies_handler INFO     firefox brauzerindən cookies istifadə edilir.
2025.03.30 08:13:10 aiogram.event        INFO     Update id=511587898 is not handled. Duration 0 ms by bot id=8095621527
2025.03.30 08:13:14 core.spotify_handler INFO     Metadata uğurla əlavə edildi: download/download/Bir Xatirə.m4a
2025.03.30 08:13:14 plugins.spotify_plugin INFO     ilgarrx tərəfindən spotify_playlist mahnısı uğurla qeyd edildi
2025.03.30 08:13:15 core.cookies_handler INFO     firefox brauzerindən cookies istifadə edilir.
2025.03.30 08:13:16 aiogram.event        INFO     Update id=511587899 is not handled. Duration 1 ms by bot id=8095621527
2025.03.30 08:13:19 core.spotify_handler INFO     Metadata uğurla əlavə edildi: download/download/Herden Birden.m4a
2025.03.30 08:13:20 aiogram.event        INFO     Update id=511587900 is handled. Duration 1208 ms by bot id=8095621527
2025.03.30 08:13:20 plugins.spotify_plugin INFO     ilgarrx tərəfindən spotify_playlist mahnısı uğurla qeyd edildi
2025.03.30 08:13:20 core.cookies_handler INFO     firefox brauzerindən cookies istifadə edilir.
2025.03.30 08:13:21 aiogram.event        INFO     Update id=511587901 is handled. Duration 840 ms by bot id=8095621527
2025.03.30 08:13:24 aiogram.event        INFO     Update id=511587902 is not handled. Duration 59 ms by bot id=8095621527
2025.03.30 08:13:25 core.spotify_handler INFO     Metadata uğurla əlavə edildi: download/download/Heyat Bir Gundur.m4a
2025.03.30 08:13:26 plugins.spotify_plugin INFO     ilgarrx tərəfindən spotify_playlist mahnısı uğurla qeyd edildi
2025.03.30 08:13:26 core.cookies_handler INFO     firefox brauzerindən cookies istifadə edilir.
2025.03.30 08:13:30 aiogram.event        INFO     Update id=511587903 is not handled. Duration 52 ms by bot id=8095621527
2025.03.30 08:13:31 core.spotify_handler INFO     Metadata uğurla əlavə edildi: download/download/Noldu Pashinyan 2020.m4a
2025.03.30 08:13:31 plugins.spotify_plugin INFO     ilgarrx tərəfindən spotify_playlist mahnısı uğurla qeyd edildi
2025.03.30 08:13:31 core.cookies_handler INFO     firefox brauzerindən cookies istifadə edilir.
2025.03.30 08:13:37 core.spotify_handler INFO     Metadata uğurla əlavə edildi: download/download/Qadınlar.m4a
2025.03.30 08:13:37 plugins.spotify_plugin INFO     ilgarrx tərəfindən spotify_playlist mahnısı uğurla qeyd edildi
2025.03.30 08:13:37 core.cookies_handler INFO     firefox brauzerindən cookies istifadə edilir.
2025.03.30 08:13:42 aiogram.event        INFO     Update id=511587904 is not handled. Duration 60 ms by bot id=8095621527
2025.03.30 08:13:42 aiogram.event        INFO     Update id=511587905 is not handled. Duration 47 ms by bot id=8095621527
2025.03.30 08:13:42 aiogram.event        INFO     Update id=511587906 is handled. Duration 0 ms by bot id=8095621527
2025.03.30 08:13:42 core.spotify_handler INFO     Metadata uğurla əlavə edildi: download/download/Düşün Meni.m4a
2025.03.30 08:13:43 aiogram.event        INFO     Update id=511587907 is handled. Duration 0 ms by bot id=8095621527
2025.03.30 08:13:43 plugins.spotify_plugin INFO     ilgarrx tərəfindən spotify_playlist mahnısı uğurla qeyd edildi
2025.03.30 08:13:43 core.cookies_handler INFO     firefox brauzerindən cookies istifadə edilir.
2025.03.30 08:13:48 core.spotify_handler INFO     Metadata uğurla əlavə edildi: download/download/Noldu Sənə Noldu.m4a
2025.03.30 08:13:48 plugins.spotify_plugin INFO     ilgarrx tərəfindən spotify_playlist mahnısı uğurla qeyd edildi
2025.03.30 08:13:48 core.cookies_handler INFO     firefox brauzerindən cookies istifadə edilir.
2025.03.30 08:13:49 aiogram.event        INFO     Update id=511587908 is not handled. Duration 1 ms by bot id=8095621527
2025.03.30 08:13:51 core.cookies_handler INFO     firefox brauzerindən cookies istifadə edilir.
2025.03.30 08:13:54 core.spotify_handler INFO     Metadata uğurla əlavə edildi: download/download/Dari Dari Dari.m4a
2025.03.30 08:13:55 plugins.spotify_plugin INFO     ilgarrx tərəfindən spotify_playlist mahnısı uğurla qeyd edildi
2025.03.30 08:13:55 core.cookies_handler INFO     firefox brauzerindən cookies istifadə edilir.
2025.03.30 08:13:55 aiogram.event        INFO     Update id=511587909 is handled. Duration 3636 ms by bot id=8095621527
2025.03.30 08:14:00 core.spotify_handler INFO     Metadata uğurla əlavə edildi: download/download/Akulalar Oyaqdilar Yatmiyib.m4a
2025.03.30 08:14:00 plugins.spotify_plugin INFO     ilgarrx tərəfindən spotify_playlist mahnısı uğurla qeyd edildi
2025.03.30 08:14:00 core.cookies_handler INFO     firefox brauzerindən cookies istifadə edilir.
2025.03.30 08:14:02 aiogram.event        INFO     Update id=511587910 is not handled. Duration 1 ms by bot id=8095621527
2025.03.30 08:14:03 core.cookies_handler INFO     firefox brauzerindən cookies istifadə edilir.
2025.03.30 08:14:06 core.spotify_handler INFO     Metadata uğurla əlavə edildi: download/download/Cavanlığım Getdi Əlimdən.m4a
2025.03.30 08:14:08 aiogram.event        INFO     Update id=511587912 is handled. Duration 0 ms by bot id=8095621527
2025.03.30 08:14:09 plugins.spotify_plugin INFO     ilgarrx tərəfindən spotify_playlist mahnısı uğurla qeyd edildi
2025.03.30 08:14:09 aiogram.event        INFO     Update id=511587911 is handled. Duration 6044 ms by bot id=8095621527
2025.03.30 08:14:09 core.cookies_handler INFO     firefox brauzerindən cookies istifadə edilir.
2025.03.30 08:14:14 core.spotify_handler INFO     Metadata uğurla əlavə edildi: download/download/Onnan Ona - Remix.m4a
2025.03.30 08:14:14 plugins.spotify_plugin INFO     ilgarrx tərəfindən spotify_playlist mahnısı uğurla qeyd edildi
2025.03.30 08:14:14 core.cookies_handler INFO     firefox brauzerindən cookies istifadə edilir.
2025.03.30 08:14:20 core.spotify_handler INFO     Metadata uğurla əlavə edildi: download/download/Göturrəm Səni.m4a
2025.03.30 08:14:20 plugins.spotify_plugin INFO     ilgarrx tərəfindən spotify_playlist mahnısı uğurla qeyd edildi
2025.03.30 08:14:20 core.cookies_handler INFO     firefox brauzerindən cookies istifadə edilir.
2025.03.30 08:14:23 aiogram.event        INFO     Update id=511587913 is not handled. Duration 1 ms by bot id=8095621527
2025.03.30 08:14:26 core.spotify_handler INFO     Metadata uğurla əlavə edildi: download/download/Siqnal İtalianski - Remix.m4a
2025.03.30 08:14:27 plugins.spotify_plugin INFO     ilgarrx tərəfindən spotify_playlist mahnısı uğurla qeyd edildi
2025.03.30 08:14:27 core.cookies_handler INFO     firefox brauzerindən cookies istifadə edilir.
2025.03.30 08:14:32 core.spotify_handler INFO     Metadata uğurla əlavə edildi: download/download/Ag Qara Qirmizi.m4a
2025.03.30 08:14:32 plugins.spotify_plugin INFO     ilgarrx tərəfindən spotify_playlist mahnısı uğurla qeyd edildi
2025.03.30 08:14:32 core.cookies_handler INFO     firefox brauzerindən cookies istifadə edilir.
2025.03.30 08:14:38 core.spotify_handler INFO     Metadata uğurla əlavə edildi: download/download/Veziyyet Var.m4a
2025.03.30 08:14:38 plugins.spotify_plugin INFO     ilgarrx tərəfindən spotify_playlist mahnısı uğurla qeyd edildi
2025.03.30 08:14:38 core.cookies_handler INFO     firefox brauzerindən cookies istifadə edilir.
2025.03.30 08:14:43 core.spotify_handler INFO     Metadata uğurla əlavə edildi: download/download/Dostum Bilər - Remix.m4a
2025.03.30 08:14:44 plugins.spotify_plugin INFO     ilgarrx tərəfindən spotify_playlist mahnısı uğurla qeyd edildi
2025.03.30 08:14:44 core.cookies_handler INFO     firefox brauzerindən cookies istifadə edilir.
2025.03.30 08:14:46 aiogram.event        INFO     Update id=511587914 is not handled. Duration 2 ms by bot id=8095621527
2025.03.30 08:14:50 core.spotify_handler INFO     Metadata uğurla əlavə edildi: download/download/Oyana Gedir.m4a
2025.03.30 08:14:50 plugins.spotify_plugin INFO     ilgarrx tərəfindən spotify_playlist mahnısı uğurla qeyd edildi
2025.03.30 08:14:50 core.cookies_handler INFO     firefox brauzerindən cookies istifadə edilir.
2025.03.30 08:14:55 core.spotify_handler INFO     Metadata uğurla əlavə edildi: download/download/Gedirik Hara Biz.m4a
2025.03.30 08:14:55 plugins.spotify_plugin INFO     ilgarrx tərəfindən spotify_playlist mahnısı uğurla qeyd edildi
2025.03.30 08:14:55 core.cookies_handler INFO     firefox brauzerindən cookies istifadə edilir.
2025.03.30 08:14:56 aiogram.event        INFO     Update id=511587915 is not handled. Duration 1 ms by bot id=8095621527
2025.03.30 08:14:59 aiogram.event        INFO     Update id=511587916 is not handled. Duration 13 ms by bot id=8095621527
2025.03.30 08:14:59 aiogram.event        INFO     Update id=511587917 is not handled. Duration 78 ms by bot id=8095621527
2025.03.30 08:15:00 aiogram.event        INFO     Update id=511587918 is not handled. Duration 74 ms by bot id=8095621527
2025.03.30 08:15:00 aiogram.event        INFO     Update id=511587919 is not handled. Duration 33 ms by bot id=8095621527
2025.03.30 08:15:01 core.spotify_handler INFO     Metadata uğurla əlavə edildi: download/download/Yatmağa Get Yatmağa (DJ Kamran MM).m4a
2025.03.30 08:15:01 plugins.spotify_plugin INFO     ilgarrx tərəfindən spotify_playlist mahnısı uğurla qeyd edildi
2025.03.30 08:15:01 core.cookies_handler INFO     firefox brauzerindən cookies istifadə edilir.
2025.03.30 08:15:07 core.spotify_handler INFO     Metadata uğurla əlavə edildi: download/download/Tanıya Bilmedim Seni.m4a
2025.03.30 08:15:07 plugins.spotify_plugin INFO     ilgarrx tərəfindən spotify_playlist mahnısı uğurla qeyd edildi
2025.03.30 08:15:07 core.cookies_handler INFO     firefox brauzerindən cookies istifadə edilir.
2025.03.30 08:15:10 aiogram.event        INFO     Update id=511587920 is not handled. Duration 2 ms by bot id=8095621527
2025.03.30 08:15:11 aiogram.event        INFO     Update id=511587921 is not handled. Duration 43 ms by bot id=8095621527
2025.03.30 08:15:13 core.spotify_handler INFO     Metadata uğurla əlavə edildi: download/download/Axtarma Perverdigarı Qiraqda.m4a
2025.03.30 08:15:13 plugins.spotify_plugin INFO     ilgarrx tərəfindən spotify_playlist mahnısı uğurla qeyd edildi
2025.03.30 08:15:13 core.cookies_handler INFO     firefox brauzerindən cookies istifadə edilir.
2025.03.30 08:15:18 aiogram.event        INFO     Update id=511587922 is handled. Duration 0 ms by bot id=8095621527
2025.03.30 08:15:19 core.spotify_handler INFO     Metadata uğurla əlavə edildi: download/download/Qız Qaçıb Oğlanı Salıb Çöllərə - Remix.m4a
2025.03.30 08:15:19 aiogram.event        INFO     Update id=511587923 is handled. Duration 0 ms by bot id=8095621527
2025.03.30 08:15:19 plugins.spotify_plugin INFO     ilgarrx tərəfindən spotify_playlist mahnısı uğurla qeyd edildi
2025.03.30 08:15:19 core.cookies_handler INFO     firefox brauzerindən cookies istifadə edilir.
2025.03.30 08:15:20 aiogram.event        INFO     Update id=511587924 is not handled. Duration 1 ms by bot id=8095621527
2025.03.30 08:15:21 aiogram.event        INFO     Update id=511587925 is not handled. Duration 1 ms by bot id=8095621527
2025.03.30 08:15:23 aiogram.event        INFO     Update id=511587926 is not handled. Duration 37 ms by bot id=8095621527
2025.03.30 08:15:25 core.spotify_handler INFO     Metadata uğurla əlavə edildi: download/download/Hardadir Yarim.m4a
2025.03.30 08:15:25 plugins.spotify_plugin INFO     ilgarrx tərəfindən spotify_playlist mahnısı uğurla qeyd edildi
2025.03.30 08:15:25 core.cookies_handler INFO     firefox brauzerindən cookies istifadə edilir.
2025.03.30 08:15:29 aiogram.event        INFO     Update id=511587927 is not handled. Duration 68 ms by bot id=8095621527
2025.03.30 08:15:31 core.spotify_handler INFO     Metadata uğurla əlavə edildi: download/download/Yay Gelsin.m4a
2025.03.30 08:15:33 aiogram.event        INFO     Update id=511587928 is not handled. Duration 1 ms by bot id=8095621527
2025.03.30 08:15:34 plugins.spotify_plugin INFO     ilgarrx tərəfindən spotify_playlist mahnısı uğurla qeyd edildi
2025.03.30 08:15:34 core.cookies_handler INFO     firefox brauzerindən cookies istifadə edilir.
2025.03.30 08:15:36 aiogram.event        INFO     Update id=511587929 is handled. Duration 163 ms by bot id=8095621527
2025.03.30 08:15:40 core.spotify_handler INFO     Metadata uğurla əlavə edildi: download/download/Sen Ogrusan.m4a
2025.03.30 08:15:40 plugins.spotify_plugin INFO     ilgarrx tərəfindən spotify_playlist mahnısı uğurla qeyd edildi
2025.03.30 08:15:40 core.cookies_handler INFO     firefox brauzerindən cookies istifadə edilir.
2025.03.30 08:15:42 aiogram.event        INFO     Update id=511587930 is handled. Duration 65 ms by bot id=8095621527
2025.03.30 08:15:46 core.spotify_handler INFO     Metadata uğurla əlavə edildi: download/download/Qedrimi Bilmedi 2.m4a
2025.03.30 08:15:46 plugins.spotify_plugin INFO     ilgarrx tərəfindən spotify_playlist mahnısı uğurla qeyd edildi
2025.03.30 08:15:46 core.cookies_handler INFO     firefox brauzerindən cookies istifadə edilir.
2025.03.30 08:15:50 aiogram.event        INFO     Update id=511587931 is not handled. Duration 54 ms by bot id=8095621527
2025.03.30 08:15:51 aiogram.event        INFO     Update id=511587932 is not handled. Duration 12 ms by bot id=8095621527
2025.03.30 08:15:51 core.spotify_handler INFO     Metadata uğurla əlavə edildi: download/download/Pastoy Paravoz.m4a
2025.03.30 08:15:51 plugins.spotify_plugin INFO     ilgarrx tərəfindən spotify_playlist mahnısı uğurla qeyd edildi
2025.03.30 08:15:51 core.cookies_handler INFO     firefox brauzerindən cookies istifadə edilir.
2025.03.30 08:15:56 aiogram.event        INFO     Update id=511587933 is not handled. Duration 41 ms by bot id=8095621527
2025.03.30 08:15:57 core.spotify_handler INFO     Metadata uğurla əlavə edildi: download/download/Ley Pey.m4a
2025.03.30 08:15:57 plugins.spotify_plugin INFO     ilgarrx tərəfindən spotify_playlist mahnısı uğurla qeyd edildi
2025.03.30 08:15:57 core.cookies_handler INFO     firefox brauzerindən cookies istifadə edilir.
2025.03.30 08:16:02 aiogram.event        INFO     Update id=511587934 is not handled. Duration 51 ms by bot id=8095621527
2025.03.30 08:16:04 core.spotify_handler INFO     Metadata uğurla əlavə edildi: download/download/Bos Ver.m4a
2025.03.30 08:16:04 plugins.spotify_plugin INFO     ilgarrx tərəfindən spotify_playlist mahnısı uğurla qeyd edildi
2025.03.30 08:16:04 core.cookies_handler INFO     firefox brauzerindən cookies istifadə edilir.
2025.03.30 08:16:07 aiogram.event        INFO     Update id=511587935 is not handled. Duration 1 ms by bot id=8095621527
2025.03.30 08:16:08 aiogram.event        INFO     Update id=511587936 is not handled. Duration 45 ms by bot id=8095621527
2025.03.30 08:16:10 core.spotify_handler INFO     Metadata uğurla əlavə edildi: download/download/Hər Şeyə Verdim Ara - Remix.m4a
2025.03.30 08:16:10 plugins.spotify_plugin INFO     ilgarrx tərəfindən spotify_playlist mahnısı uğurla qeyd edildi
2025.03.30 08:16:10 core.cookies_handler INFO     firefox brauzerindən cookies istifadə edilir.
2025.03.30 08:16:11 aiogram.event        INFO     Update id=511587937 is not handled. Duration 2 ms by bot id=8095621527
2025.03.30 08:16:16 core.spotify_handler INFO     Metadata uğurla əlavə edildi: download/download/Vurularam Hərdən.m4a
2025.03.30 08:16:16 plugins.spotify_plugin INFO     ilgarrx tərəfindən spotify_playlist mahnısı uğurla qeyd edildi
2025.03.30 08:16:16 core.cookies_handler INFO     firefox brauzerindən cookies istifadə edilir.
2025.03.30 08:16:16 aiogram.event        INFO     Update id=511587938 is not handled. Duration 1 ms by bot id=8095621527
2025.03.30 08:16:21 core.spotify_handler INFO     Metadata uğurla əlavə edildi: download/download/Tekce Menim Olaydin.m4a
2025.03.30 08:16:21 plugins.spotify_plugin INFO     ilgarrx tərəfindən spotify_playlist mahnısı uğurla qeyd edildi
2025.03.30 08:16:21 core.cookies_handler INFO     firefox brauzerindən cookies istifadə edilir.
2025.03.30 08:16:25 aiogram.event        INFO     Update id=511587939 is handled. Duration 0 ms by bot id=8095621527
2025.03.30 08:16:28 core.spotify_handler INFO     Metadata uğurla əlavə edildi: download/download/Darixiram.m4a
2025.03.30 08:16:28 plugins.spotify_plugin INFO     ilgarrx tərəfindən spotify_playlist mahnısı uğurla qeyd edildi
2025.03.30 08:16:28 core.cookies_handler INFO     firefox brauzerindən cookies istifadə edilir.
2025.03.30 08:16:34 core.spotify_handler INFO     Metadata uğurla əlavə edildi: download/download/Yeyib İçən Oğlan - Remix.m4a
2025.03.30 08:16:35 plugins.spotify_plugin INFO     ilgarrx tərəfindən spotify_playlist mahnısı uğurla qeyd edildi
2025.03.30 08:16:35 core.cookies_handler INFO     firefox brauzerindən cookies istifadə edilir.
2025.03.30 08:16:40 core.spotify_handler INFO     Metadata uğurla əlavə edildi: download/download/Darıxmışam Sənin Üçün - Remix.m4a
2025.03.30 08:16:40 plugins.spotify_plugin INFO     ilgarrx tərəfindən spotify_playlist mahnısı uğurla qeyd edildi
2025.03.30 08:16:40 core.cookies_handler INFO     firefox brauzerindən cookies istifadə edilir.
2025.03.30 08:16:46 core.spotify_handler INFO     Metadata uğurla əlavə edildi: download/download/Ağla Gözəl.m4a
2025.03.30 08:16:46 plugins.spotify_plugin INFO     ilgarrx tərəfindən spotify_playlist mahnısı uğurla qeyd edildi
2025.03.30 08:16:47 core.cookies_handler INFO     firefox brauzerindən cookies istifadə edilir.
2025.03.30 08:16:50 aiogram.event        INFO     Update id=511587940 is not handled. Duration 27 ms by bot id=8095621527
2025.03.30 08:16:50 aiogram.event        INFO     Update id=511587941 is handled. Duration 0 ms by bot id=8095621527
2025.03.30 08:16:53 core.spotify_handler INFO     Metadata uğurla əlavə edildi: download/download/Cavanlığım Getdi Əlimdən - Remix.m4a
2025.03.30 08:16:53 plugins.spotify_plugin INFO     ilgarrx tərəfindən spotify_playlist mahnısı uğurla qeyd edildi
2025.03.30 08:16:53 core.cookies_handler INFO     firefox brauzerindən cookies istifadə edilir.
2025.03.30 08:16:58 core.spotify_handler INFO     Metadata uğurla əlavə edildi: download/download/Nese Var Sende Nese.m4a
2025.03.30 08:16:59 plugins.spotify_plugin INFO     ilgarrx tərəfindən spotify_playlist mahnısı uğurla qeyd edildi
2025.03.30 08:16:59 core.cookies_handler INFO     firefox brauzerindən cookies istifadə edilir.
2025.03.30 08:17:05 core.spotify_handler INFO     Metadata uğurla əlavə edildi: download/download/G-Old Baku.m4a
2025.03.30 08:17:05 plugins.spotify_plugin INFO     ilgarrx tərəfindən spotify_playlist mahnısı uğurla qeyd edildi
2025.03.30 08:17:05 core.cookies_handler INFO     firefox brauzerindən cookies istifadə edilir.
2025.03.30 08:17:05 aiogram.event        INFO     Update id=511587942 is not handled. Duration 1 ms by bot id=8095621527
2025.03.30 08:17:11 core.spotify_handler INFO     Metadata uğurla əlavə edildi: download/download/Divanə kimi.m4a
2025.03.30 08:17:11 plugins.spotify_plugin INFO     ilgarrx tərəfindən spotify_playlist mahnısı uğurla qeyd edildi
2025.03.30 08:17:11 core.cookies_handler INFO     firefox brauzerindən cookies istifadə edilir.
2025.03.30 08:17:14 aiogram.event        INFO     Update id=511587943 is not handled. Duration 1 ms by bot id=8095621527
2025.03.30 08:17:18 core.spotify_handler INFO     Metadata uğurla əlavə edildi: download/download/Heyif.m4a
2025.03.30 08:17:18 aiogram.event        INFO     Update id=511587944 is not handled. Duration 1 ms by bot id=8095621527
2025.03.30 08:17:18 plugins.spotify_plugin INFO     ilgarrx tərəfindən spotify_playlist mahnısı uğurla qeyd edildi
2025.03.30 08:17:18 core.cookies_handler INFO     firefox brauzerindən cookies istifadə edilir.
2025.03.30 08:17:18 aiogram.event        INFO     Update id=511587945 is handled. Duration 0 ms by bot id=8095621527
2025.03.30 08:17:18 aiogram.event        INFO     Update id=511587946 is handled. Duration 0 ms by bot id=8095621527
2025.03.30 08:17:20 aiogram.event        INFO     Update id=511587947 is not handled. Duration 1 ms by bot id=8095621527
2025.03.30 08:17:20 aiogram.event        INFO     Update id=511587948 is handled. Duration 0 ms by bot id=8095621527
2025.03.30 08:17:21 aiogram.event        INFO     Update id=511587949 is not handled. Duration 66 ms by bot id=8095621527
2025.03.30 08:17:24 aiogram.event        INFO     Update id=511587950 is handled. Duration 3 ms by bot id=8095621527
2025.03.30 08:17:24 core.spotify_handler INFO     Metadata uğurla əlavə edildi: download/download/Canan Dile Gelsin - Remix.m4a
2025.03.30 08:17:24 plugins.spotify_plugin INFO     ilgarrx tərəfindən spotify_playlist mahnısı uğurla qeyd edildi
2025.03.30 08:17:24 core.cookies_handler INFO     firefox brauzerindən cookies istifadə edilir.
2025.03.30 08:17:24 aiogram.event        INFO     Update id=511587951 is handled. Duration 0 ms by bot id=8095621527
2025.03.30 08:17:26 aiogram.event        INFO     Update id=511587952 is handled. Duration 0 ms by bot id=8095621527
2025.03.30 08:17:27 aiogram.event        INFO     Update id=511587953 is not handled. Duration 1 ms by bot id=8095621527
2025.03.30 08:17:27 aiogram.event        INFO     Update id=511587954 is not handled. Duration 69 ms by bot id=8095621527
2025.03.30 08:17:30 core.spotify_handler INFO     Metadata uğurla əlavə edildi: download/download/Hardadı Yarım.m4a
2025.03.30 08:17:30 plugins.spotify_plugin INFO     ilgarrx tərəfindən spotify_playlist mahnısı uğurla qeyd edildi
2025.03.30 08:17:30 core.cookies_handler INFO     firefox brauzerindən cookies istifadə edilir.
2025.03.30 08:17:31 aiogram.event        INFO     Update id=511587955 is handled. Duration 0 ms by bot id=8095621527
2025.03.30 08:17:31 aiogram.event        INFO     Update id=511587956 is handled. Duration 0 ms by bot id=8095621527
2025.03.30 08:17:32 aiogram.event        INFO     Update id=511587957 is handled. Duration 0 ms by bot id=8095621527
2025.03.30 08:17:33 aiogram.event        INFO     Update id=511587958 is handled. Duration 0 ms by bot id=8095621527
2025.03.30 08:17:33 aiogram.event        INFO     Update id=511587959 is not handled. Duration 32 ms by bot id=8095621527
2025.03.30 08:17:36 core.spotify_handler INFO     Metadata uğurla əlavə edildi: download/download/Daha Meyxanada Bahar Olmuyacaq.m4a
2025.03.30 08:17:37 plugins.spotify_plugin INFO     ilgarrx tərəfindən spotify_playlist mahnısı uğurla qeyd edildi
2025.03.30 08:17:37 core.cookies_handler INFO     firefox brauzerindən cookies istifadə edilir.
2025.03.30 08:17:42 core.spotify_handler INFO     Metadata uğurla əlavə edildi: download/download/Küçelernen.m4a
2025.03.30 08:17:43 plugins.spotify_plugin INFO     ilgarrx tərəfindən spotify_playlist mahnısı uğurla qeyd edildi
2025.03.30 08:17:43 core.cookies_handler INFO     firefox brauzerindən cookies istifadə edilir.
2025.03.30 08:17:47 aiogram.event        INFO     Update id=511587960 is not handled. Duration 48 ms by bot id=8095621527
2025.03.30 08:17:48 core.spotify_handler INFO     Metadata uğurla əlavə edildi: download/download/Wakanda.m4a
2025.03.30 08:17:49 plugins.spotify_plugin INFO     ilgarrx tərəfindən spotify_playlist mahnısı uğurla qeyd edildi
2025.03.30 08:17:49 core.cookies_handler INFO     firefox brauzerindən cookies istifadə edilir.
2025.03.30 08:17:55 core.spotify_handler INFO     Metadata uğurla əlavə edildi: download/download/Revayet.m4a
2025.03.30 08:17:55 plugins.spotify_plugin INFO     ilgarrx tərəfindən spotify_playlist mahnısı uğurla qeyd edildi
2025.03.30 08:17:56 core.cookies_handler INFO     firefox brauzerindən cookies istifadə edilir.
2025.03.30 08:17:59 aiogram.event        INFO     Update id=511587961 is not handled. Duration 3 ms by bot id=8095621527
2025.03.30 08:18:03 core.spotify_handler INFO     Metadata uğurla əlavə edildi: download/download/Əvvəlki Kimi - Remix.m4a
2025.03.30 08:18:03 plugins.spotify_plugin INFO     ilgarrx tərəfindən spotify_playlist mahnısı uğurla qeyd edildi
2025.03.30 08:18:03 core.cookies_handler INFO     firefox brauzerindən cookies istifadə edilir.
2025.03.30 08:18:08 core.spotify_handler INFO     Metadata uğurla əlavə edildi: download/download/Aram Aram.m4a
2025.03.30 08:18:08 plugins.spotify_plugin INFO     ilgarrx tərəfindən spotify_playlist mahnısı uğurla qeyd edildi
2025.03.30 08:18:08 core.cookies_handler INFO     firefox brauzerindən cookies istifadə edilir.
2025.03.30 08:18:12 aiogram.event        INFO     Update id=511587962 is not handled. Duration 63 ms by bot id=8095621527
2025.03.30 08:18:13 core.spotify_handler INFO     Metadata uğurla əlavə edildi: download/download/Yasat Meni.m4a
2025.03.30 08:18:14 plugins.spotify_plugin INFO     ilgarrx tərəfindən spotify_playlist mahnısı uğurla qeyd edildi
2025.03.30 08:18:14 core.cookies_handler INFO     firefox brauzerindən cookies istifadə edilir.
2025.03.30 08:18:19 aiogram.event        INFO     Update id=511587963 is not handled. Duration 32 ms by bot id=8095621527
2025.03.30 08:18:20 core.spotify_handler INFO     Metadata uğurla əlavə edildi: download/download/Daha Nə Baxırsan - Remix.m4a
2025.03.30 08:18:20 plugins.spotify_plugin INFO     ilgarrx tərəfindən spotify_playlist mahnısı uğurla qeyd edildi
2025.03.30 08:18:20 core.cookies_handler INFO     firefox brauzerindən cookies istifadə edilir.
2025.03.30 08:18:25 core.spotify_handler INFO     Metadata uğurla əlavə edildi: download/download/Hər Əvvəlin Bir Sonu Var - Remix.m4a
2025.03.30 08:18:26 plugins.spotify_plugin INFO     ilgarrx tərəfindən spotify_playlist mahnısı uğurla qeyd edildi
2025.03.30 08:18:26 core.cookies_handler INFO     firefox brauzerindən cookies istifadə edilir.
2025.03.30 08:18:28 aiogram.event        INFO     Update id=511587964 is not handled. Duration 1 ms by bot id=8095621527
2025.03.30 08:18:31 core.spotify_handler INFO     Metadata uğurla əlavə edildi: download/download/Getsin Oz Evine Satsin - Sami İsmayıllı Remix.m4a
2025.03.30 08:18:32 plugins.spotify_plugin INFO     ilgarrx tərəfindən spotify_playlist mahnısı uğurla qeyd edildi
2025.03.30 08:18:32 core.cookies_handler INFO     firefox brauzerindən cookies istifadə edilir.
2025.03.30 08:18:34 aiogram.event        INFO     Update id=511587965 is not handled. Duration 1 ms by bot id=8095621527
2025.03.30 08:18:37 core.spotify_handler INFO     Metadata uğurla əlavə edildi: download/download/Evlənmə.m4a
2025.03.30 08:18:37 plugins.spotify_plugin INFO     ilgarrx tərəfindən spotify_playlist mahnısı uğurla qeyd edildi
2025.03.30 08:18:37 core.cookies_handler INFO     firefox brauzerindən cookies istifadə edilir.
2025.03.30 08:18:41 aiogram.event        INFO     Update id=511587966 is not handled. Duration 56 ms by bot id=8095621527
2025.03.30 08:18:43 core.spotify_handler INFO     Metadata uğurla əlavə edildi: download/download/Axtarma Pərvərdigari Qırağda - Remix.m4a
2025.03.30 08:18:43 plugins.spotify_plugin INFO     ilgarrx tərəfindən spotify_playlist mahnısı uğurla qeyd edildi
2025.03.30 08:18:43 core.cookies_handler INFO     firefox brauzerindən cookies istifadə edilir.
2025.03.30 08:18:49 core.spotify_handler INFO     Metadata uğurla əlavə edildi: download/download/Qoyublar Sənin Üçün - Remix.m4a
2025.03.30 08:18:49 plugins.spotify_plugin INFO     ilgarrx tərəfindən spotify_playlist mahnısı uğurla qeyd edildi
2025.03.30 08:18:49 core.cookies_handler INFO     firefox brauzerindən cookies istifadə edilir.
2025.03.30 08:18:49 aiogram.event        INFO     Update id=511587967 is not handled. Duration 2 ms by bot id=8095621527
2025.03.30 08:18:55 core.spotify_handler INFO     Metadata uğurla əlavə edildi: download/download/Mənə Eliyirlər Balet - Remix.m4a
2025.03.30 08:18:55 plugins.spotify_plugin INFO     ilgarrx tərəfindən spotify_playlist mahnısı uğurla qeyd edildi
2025.03.30 08:18:55 core.cookies_handler INFO     firefox brauzerindən cookies istifadə edilir.
2025.03.30 08:19:02 core.spotify_handler INFO     Metadata uğurla əlavə edildi: download/download/Bu Məhəbbət Qumar Oldu.m4a
2025.03.30 08:19:02 plugins.spotify_plugin INFO     ilgarrx tərəfindən spotify_playlist mahnısı uğurla qeyd edildi
2025.03.30 08:19:02 core.cookies_handler INFO     firefox brauzerindən cookies istifadə edilir.
2025.03.30 08:19:08 core.spotify_handler INFO     Metadata uğurla əlavə edildi: download/download/Rahat Oluram.m4a
2025.03.30 08:19:09 plugins.spotify_plugin INFO     ilgarrx tərəfindən spotify_playlist mahnısı uğurla qeyd edildi
2025.03.30 08:19:09 core.cookies_handler INFO     firefox brauzerindən cookies istifadə edilir.
2025.03.30 08:19:13 aiogram.event        INFO     Update id=511587968 is handled. Duration 0 ms by bot id=8095621527
2025.03.30 08:19:14 core.spotify_handler INFO     Metadata uğurla əlavə edildi: download/download/Vuruluram Herden - Remix.m4a
2025.03.30 08:19:15 plugins.spotify_plugin INFO     ilgarrx tərəfindən spotify_playlist mahnısı uğurla qeyd edildi
2025.03.30 08:19:15 core.cookies_handler INFO     firefox brauzerindən cookies istifadə edilir.
2025.03.30 08:19:20 core.spotify_handler INFO     Metadata uğurla əlavə edildi: download/download/Cananə Gore - Sami İsmayıllı Remix.m4a
2025.03.30 08:19:21 plugins.spotify_plugin INFO     ilgarrx tərəfindən spotify_playlist mahnısı uğurla qeyd edildi
2025.03.30 08:19:21 core.cookies_handler INFO     firefox brauzerindən cookies istifadə edilir.
2025.03.30 08:19:26 core.spotify_handler INFO     Metadata uğurla əlavə edildi: download/download/Citraxuda - Remix.m4a
2025.03.30 08:19:27 plugins.spotify_plugin INFO     ilgarrx tərəfindən spotify_playlist mahnısı uğurla qeyd edildi
2025.03.30 08:19:27 core.cookies_handler INFO     firefox brauzerindən cookies istifadə edilir.
2025.03.30 08:19:32 core.spotify_handler INFO     Metadata uğurla əlavə edildi: download/download/Sürüşünnən Bilirəm.m4a
2025.03.30 08:19:32 plugins.spotify_plugin INFO     ilgarrx tərəfindən spotify_playlist mahnısı uğurla qeyd edildi
2025.03.30 08:19:32 core.cookies_handler INFO     firefox brauzerindən cookies istifadə edilir.
2025.03.30 08:19:38 core.spotify_handler INFO     Metadata uğurla əlavə edildi: download/download/Papanin Gul Balasi.m4a
2025.03.30 08:19:38 plugins.spotify_plugin INFO     ilgarrx tərəfindən spotify_playlist mahnısı uğurla qeyd edildi
2025.03.30 08:19:38 core.cookies_handler INFO     firefox brauzerindən cookies istifadə edilir.
2025.03.30 08:19:41 aiogram.event        INFO     Update id=511587969 is handled. Duration 0 ms by bot id=8095621527
2025.03.30 08:19:43 core.spotify_handler INFO     Metadata uğurla əlavə edildi: download/download/Cenub Terefdi Bura.m4a
2025.03.30 08:19:44 plugins.spotify_plugin INFO     ilgarrx tərəfindən spotify_playlist mahnısı uğurla qeyd edildi
2025.03.30 08:19:44 core.cookies_handler INFO     firefox brauzerindən cookies istifadə edilir.
2025.03.30 08:19:49 core.spotify_handler INFO     Metadata uğurla əlavə edildi: download/download/Siz Oliqarxsiz.m4a
2025.03.30 08:19:50 plugins.spotify_plugin INFO     ilgarrx tərəfindən spotify_playlist mahnısı uğurla qeyd edildi
2025.03.30 08:19:50 core.cookies_handler INFO     firefox brauzerindən cookies istifadə edilir.
2025.03.30 08:19:55 aiogram.event        INFO     Update id=511587970 is handled. Duration 0 ms by bot id=8095621527
2025.03.30 08:19:56 core.spotify_handler INFO     Metadata uğurla əlavə edildi: download/download/Cavan Olmamısanmı.m4a
2025.03.30 08:19:56 plugins.spotify_plugin INFO     ilgarrx tərəfindən spotify_playlist mahnısı uğurla qeyd edildi
2025.03.30 08:19:57 core.cookies_handler INFO     firefox brauzerindən cookies istifadə edilir.
2025.03.30 08:20:04 core.spotify_handler INFO     Metadata uğurla əlavə edildi: download/download/Desəm İnanmayacaqsan - Remix.m4a
2025.03.30 08:20:04 plugins.spotify_plugin INFO     ilgarrx tərəfindən spotify_playlist mahnısı uğurla qeyd edildi
2025.03.30 08:20:04 core.cookies_handler INFO     firefox brauzerindən cookies istifadə edilir.
2025.03.30 08:20:10 core.spotify_handler INFO     Metadata uğurla əlavə edildi: download/download/Məsti Xumar.m4a
2025.03.30 08:20:10 plugins.spotify_plugin INFO     ilgarrx tərəfindən spotify_playlist mahnısı uğurla qeyd edildi
2025.03.30 08:20:11 core.cookies_handler INFO     firefox brauzerindən cookies istifadə edilir.
2025.03.30 08:20:16 core.spotify_handler INFO     Metadata uğurla əlavə edildi: download/download/Bariqa Mal Satanlar - Sami İsmayıllı Remix.m4a
2025.03.30 08:20:16 plugins.spotify_plugin INFO     ilgarrx tərəfindən spotify_playlist mahnısı uğurla qeyd edildi
2025.03.30 08:20:16 core.cookies_handler INFO     firefox brauzerindən cookies istifadə edilir.
2025.03.30 08:20:23 core.spotify_handler INFO     Metadata uğurla əlavə edildi: download/download/Revayet.m4a
2025.03.30 08:20:23 plugins.spotify_plugin INFO     ilgarrx tərəfindən spotify_playlist mahnısı uğurla qeyd edildi
2025.03.30 08:20:23 core.cookies_handler INFO     firefox brauzerindən cookies istifadə edilir.
2025.03.30 08:20:29 core.spotify_handler INFO     Metadata uğurla əlavə edildi: download/download/Resad Deyir Vuqar Deyir - Remix.m4a
2025.03.30 08:20:29 plugins.spotify_plugin INFO     ilgarrx tərəfindən spotify_playlist mahnısı uğurla qeyd edildi
2025.03.30 08:20:29 core.cookies_handler INFO     firefox brauzerindən cookies istifadə edilir.
2025.03.30 08:20:35 core.spotify_handler INFO     Metadata uğurla əlavə edildi: download/download/Sensiz Geceler.m4a
2025.03.30 08:20:35 plugins.spotify_plugin INFO     ilgarrx tərəfindən spotify_playlist mahnısı uğurla qeyd edildi
2025.03.30 08:20:35 core.cookies_handler INFO     firefox brauzerindən cookies istifadə edilir.
2025.03.30 08:20:38 aiogram.event        INFO     Update id=511587971 is handled. Duration 0 ms by bot id=8095621527
2025.03.30 08:20:41 core.spotify_handler INFO     Metadata uğurla əlavə edildi: download/download/2000x.m4a
2025.03.30 08:20:41 plugins.spotify_plugin INFO     ilgarrx tərəfindən spotify_playlist mahnısı uğurla qeyd edildi
2025.03.30 08:20:41 core.cookies_handler INFO     firefox brauzerindən cookies istifadə edilir.
2025.03.30 08:20:47 core.spotify_handler INFO     Metadata uğurla əlavə edildi: download/download/Şair Öləsən Şair - Remix.m4a
2025.03.30 08:20:47 plugins.spotify_plugin INFO     ilgarrx tərəfindən spotify_playlist mahnısı uğurla qeyd edildi
2025.03.30 08:20:47 core.cookies_handler INFO     firefox brauzerindən cookies istifadə edilir.
2025.03.30 08:20:53 core.spotify_handler INFO     Metadata uğurla əlavə edildi: download/download/Toyudur Qardaşımın.m4a
2025.03.30 08:20:53 plugins.spotify_plugin INFO     ilgarrx tərəfindən spotify_playlist mahnısı uğurla qeyd edildi
2025.03.30 08:20:53 core.cookies_handler INFO     firefox brauzerindən cookies istifadə edilir.
2025.03.30 08:20:58 aiogram.event        INFO     Update id=511587972 is handled. Duration 0 ms by bot id=8095621527
2025.03.30 08:20:59 core.spotify_handler INFO     Metadata uğurla əlavə edildi: download/download/Qatarimiz İlan Kimi Süründü.m4a
2025.03.30 08:20:59 plugins.spotify_plugin INFO     ilgarrx tərəfindən spotify_playlist mahnısı uğurla qeyd edildi
2025.03.30 08:20:59 core.cookies_handler INFO     firefox brauzerindən cookies istifadə edilir.
2025.03.30 08:21:05 core.spotify_handler INFO     Metadata uğurla əlavə edildi: download/download/Eşqinden Serxoş.m4a
2025.03.30 08:21:05 plugins.spotify_plugin INFO     ilgarrx tərəfindən spotify_playlist mahnısı uğurla qeyd edildi
2025.03.30 08:21:06 core.cookies_handler INFO     firefox brauzerindən cookies istifadə edilir.
2025.03.30 08:21:12 core.spotify_handler INFO     Metadata uğurla əlavə edildi: download/download/Dolya Vorovskaya.m4a
2025.03.30 08:21:12 plugins.spotify_plugin INFO     ilgarrx tərəfindən spotify_playlist mahnısı uğurla qeyd edildi
2025.03.30 08:21:12 core.cookies_handler INFO     firefox brauzerindən cookies istifadə edilir.
2025.03.30 08:21:18 core.spotify_handler INFO     Metadata uğurla əlavə edildi: download/download/Papanın gül balası.m4a
2025.03.30 08:21:18 plugins.spotify_plugin INFO     ilgarrx tərəfindən spotify_playlist mahnısı uğurla qeyd edildi
2025.03.30 08:21:18 core.cookies_handler INFO     firefox brauzerindən cookies istifadə edilir.
2025.03.30 08:21:24 core.spotify_handler INFO     Metadata uğurla əlavə edildi: download/download/Dolya (Доля).m4a
2025.03.30 08:21:24 plugins.spotify_plugin INFO     ilgarrx tərəfindən spotify_playlist mahnısı uğurla qeyd edildi
2025.03.30 08:21:25 core.cookies_handler INFO     firefox brauzerindən cookies istifadə edilir.
2025.03.30 08:21:30 core.spotify_handler INFO     Metadata uğurla əlavə edildi: download/download/Şair Ayrılıqdan Denən.m4a
2025.03.30 08:21:31 plugins.spotify_plugin INFO     ilgarrx tərəfindən spotify_playlist mahnısı uğurla qeyd edildi
2025.03.30 08:21:31 core.cookies_handler INFO     firefox brauzerindən cookies istifadə edilir.
2025.03.30 08:21:36 core.spotify_handler INFO     Metadata uğurla əlavə edildi: download/download/Şair Olublar Bular - Remix.m4a
2025.03.30 08:21:36 plugins.spotify_plugin INFO     ilgarrx tərəfindən spotify_playlist mahnısı uğurla qeyd edildi
2025.03.30 08:21:36 core.cookies_handler INFO     firefox brauzerindən cookies istifadə edilir.
2025.03.30 08:21:42 core.spotify_handler INFO     Metadata uğurla əlavə edildi: download/download/Gence ve Gencelilere.m4a
2025.03.30 08:21:42 plugins.spotify_plugin INFO     ilgarrx tərəfindən spotify_playlist mahnısı uğurla qeyd edildi
2025.03.30 08:21:42 core.cookies_handler INFO     firefox brauzerindən cookies istifadə edilir.
2025.03.30 08:21:47 core.spotify_handler INFO     Metadata uğurla əlavə edildi: download/download/Gormusem - Remix.m4a
2025.03.30 08:21:47 plugins.spotify_plugin INFO     ilgarrx tərəfindən spotify_playlist mahnısı uğurla qeyd edildi
2025.03.30 08:21:47 core.cookies_handler INFO     firefox brauzerindən cookies istifadə edilir.
2025.03.30 08:21:53 core.spotify_handler INFO     Metadata uğurla əlavə edildi: download/download/Yandırdı Məni.m4a
2025.03.30 08:21:53 plugins.spotify_plugin INFO     ilgarrx tərəfindən spotify_playlist mahnısı uğurla qeyd edildi
2025.03.30 08:21:53 core.cookies_handler INFO     firefox brauzerindən cookies istifadə edilir.
2025.03.30 08:21:58 core.spotify_handler INFO     Metadata uğurla əlavə edildi: download/download/Bir Addim Yaxinlash.m4a
2025.03.30 08:21:58 plugins.spotify_plugin INFO     ilgarrx tərəfindən spotify_playlist mahnısı uğurla qeyd edildi
2025.03.30 08:21:58 core.cookies_handler INFO     firefox brauzerindən cookies istifadə edilir.
2025.03.30 08:22:05 core.spotify_handler INFO     Metadata uğurla əlavə edildi: download/download/Dağları Duman Alanda.m4a
2025.03.30 08:22:05 plugins.spotify_plugin INFO     ilgarrx tərəfindən spotify_playlist mahnısı uğurla qeyd edildi
2025.03.30 08:22:05 core.cookies_handler INFO     firefox brauzerindən cookies istifadə edilir.
2025.03.30 08:22:11 core.spotify_handler INFO     Metadata uğurla əlavə edildi: download/download/Aşiq Olmusan.m4a
2025.03.30 08:22:11 plugins.spotify_plugin INFO     ilgarrx tərəfindən spotify_playlist mahnısı uğurla qeyd edildi
2025.03.30 08:22:11 core.cookies_handler INFO     firefox brauzerindən cookies istifadə edilir.
2025.03.30 08:22:17 core.spotify_handler INFO     Metadata uğurla əlavə edildi: download/download/Mene Gel.m4a
2025.03.30 08:22:18 plugins.spotify_plugin INFO     ilgarrx tərəfindən spotify_playlist mahnısı uğurla qeyd edildi
2025.03.30 08:22:18 core.cookies_handler INFO     firefox brauzerindən cookies istifadə edilir.
2025.03.30 08:22:23 core.spotify_handler INFO     Metadata uğurla əlavə edildi: download/download/Onda Röyada İdim.m4a
2025.03.30 08:22:24 plugins.spotify_plugin INFO     ilgarrx tərəfindən spotify_playlist mahnısı uğurla qeyd edildi
2025.03.30 08:22:24 core.cookies_handler INFO     firefox brauzerindən cookies istifadə edilir.
2025.03.30 08:22:30 core.spotify_handler INFO     Metadata uğurla əlavə edildi: download/download/Zaman Aldı Məndən - Remix.m4a
2025.03.30 08:22:30 plugins.spotify_plugin INFO     ilgarrx tərəfindən spotify_playlist mahnısı uğurla qeyd edildi
2025.03.30 08:22:30 core.cookies_handler INFO     firefox brauzerindən cookies istifadə edilir.
2025.03.30 08:22:35 core.spotify_handler INFO     Metadata uğurla əlavə edildi: download/download/Yaram Oldurmez 2022.m4a
2025.03.30 08:22:36 plugins.spotify_plugin INFO     ilgarrx tərəfindən spotify_playlist mahnısı uğurla qeyd edildi
2025.03.30 08:22:36 core.cookies_handler INFO     firefox brauzerindən cookies istifadə edilir.
2025.03.30 08:22:42 core.spotify_handler INFO     Metadata uğurla əlavə edildi: download/download/Cix Yashil Duze.m4a
2025.03.30 08:22:45 plugins.spotify_plugin INFO     ilgarrx tərəfindən spotify_playlist mahnısı uğurla qeyd edildi
2025.03.30 08:22:45 core.cookies_handler INFO     firefox brauzerindən cookies istifadə edilir.
2025.03.30 08:22:50 core.spotify_handler INFO     Metadata uğurla əlavə edildi: download/download/Qoy Butun Alem Bizden Danissin.m4a
2025.03.30 08:22:50 plugins.spotify_plugin INFO     ilgarrx tərəfindən spotify_playlist mahnısı uğurla qeyd edildi
2025.03.30 08:22:50 core.cookies_handler INFO     firefox brauzerindən cookies istifadə edilir.
2025.03.30 08:22:55 core.spotify_handler INFO     Metadata uğurla əlavə edildi: download/download/Yuxu Getmir Gözümə - Remix.m4a
2025.03.30 08:22:56 plugins.spotify_plugin INFO     ilgarrx tərəfindən spotify_playlist mahnısı uğurla qeyd edildi
2025.03.30 08:22:56 core.cookies_handler INFO     firefox brauzerindən cookies istifadə edilir.
2025.03.30 08:23:02 core.spotify_handler INFO     Metadata uğurla əlavə edildi: download/download/Mən Gedirəm Xidmətə Əsgər - Remix.m4a
2025.03.30 08:23:02 plugins.spotify_plugin INFO     ilgarrx tərəfindən spotify_playlist mahnısı uğurla qeyd edildi
2025.03.30 08:23:02 core.cookies_handler INFO     firefox brauzerindən cookies istifadə edilir.
2025.03.30 08:23:08 core.spotify_handler INFO     Metadata uğurla əlavə edildi: download/download/Mənə Lazımda Deyil.m4a
2025.03.30 08:23:08 plugins.spotify_plugin INFO     ilgarrx tərəfindən spotify_playlist mahnısı uğurla qeyd edildi
2025.03.30 08:23:08 core.cookies_handler INFO     firefox brauzerindən cookies istifadə edilir.
2025.03.30 08:23:13 core.spotify_handler INFO     Metadata uğurla əlavə edildi: download/download/Hələ İndi Başlayıb Bax Filimin Sonuna Kimi - Remix.m4a
2025.03.30 08:23:14 plugins.spotify_plugin INFO     ilgarrx tərəfindən spotify_playlist mahnısı uğurla qeyd edildi
2025.03.30 08:23:14 core.cookies_handler INFO     firefox brauzerindən cookies istifadə edilir.
2025.03.30 08:23:19 core.spotify_handler INFO     Metadata uğurla əlavə edildi: download/download/Şair Uje Dillənir A Deyesen - Remix.m4a
2025.03.30 08:23:19 plugins.spotify_plugin INFO     ilgarrx tərəfindən spotify_playlist mahnısı uğurla qeyd edildi
2025.03.30 08:23:19 core.cookies_handler INFO     firefox brauzerindən cookies istifadə edilir.
2025.03.30 08:23:25 core.spotify_handler INFO     Metadata uğurla əlavə edildi: download/download/Halim Bombadi.m4a
2025.03.30 08:23:25 plugins.spotify_plugin INFO     ilgarrx tərəfindən spotify_playlist mahnısı uğurla qeyd edildi
2025.03.30 08:23:25 core.cookies_handler INFO     firefox brauzerindən cookies istifadə edilir.
2025.03.30 08:23:30 core.spotify_handler INFO     Metadata uğurla əlavə edildi: download/download/Gozleyirem.m4a
2025.03.30 08:23:31 plugins.spotify_plugin INFO     ilgarrx tərəfindən spotify_playlist mahnısı uğurla qeyd edildi
2025.03.30 08:23:31 core.cookies_handler INFO     firefox brauzerindən cookies istifadə edilir.
2025.03.30 08:23:37 core.spotify_handler INFO     Metadata uğurla əlavə edildi: download/download/Kolge.m4a
2025.03.30 08:23:37 plugins.spotify_plugin INFO     ilgarrx tərəfindən spotify_playlist mahnısı uğurla qeyd edildi
2025.03.30 08:23:37 core.cookies_handler INFO     firefox brauzerindən cookies istifadə edilir.
2025.03.30 08:23:43 core.spotify_handler INFO     Metadata uğurla əlavə edildi: download/download/Bilmirem Men.m4a
2025.03.30 08:23:46 plugins.spotify_plugin INFO     ilgarrx tərəfindən spotify_playlist mahnısı uğurla qeyd edildi
2025.03.30 08:23:46 core.cookies_handler INFO     firefox brauzerindən cookies istifadə edilir.
2025.03.30 08:23:52 core.spotify_handler INFO     Metadata uğurla əlavə edildi: download/download/Badəm Şərabla Dolu.m4a
2025.03.30 08:23:52 plugins.spotify_plugin INFO     ilgarrx tərəfindən spotify_playlist mahnısı uğurla qeyd edildi
2025.03.30 08:23:53 core.cookies_handler INFO     firefox brauzerindən cookies istifadə edilir.
2025.03.30 08:23:58 core.spotify_handler INFO     Metadata uğurla əlavə edildi: download/download/Şeytan olum.m4a
2025.03.30 08:23:59 plugins.spotify_plugin INFO     ilgarrx tərəfindən spotify_playlist mahnısı uğurla qeyd edildi
2025.03.30 08:23:59 core.cookies_handler INFO     firefox brauzerindən cookies istifadə edilir.
2025.03.30 08:24:05 core.spotify_handler INFO     Metadata uğurla əlavə edildi: download/download/Sən Oldun.m4a
2025.03.30 08:24:05 plugins.spotify_plugin INFO     ilgarrx tərəfindən spotify_playlist mahnısı uğurla qeyd edildi
2025.03.30 08:24:05 core.cookies_handler INFO     firefox brauzerindən cookies istifadə edilir.
2025.03.30 08:24:11 core.spotify_handler INFO     Metadata uğurla əlavə edildi: download/download/Sevgi Muellimemsen.m4a
2025.03.30 08:24:11 plugins.spotify_plugin INFO     ilgarrx tərəfindən spotify_playlist mahnısı uğurla qeyd edildi
2025.03.30 08:24:11 core.cookies_handler INFO     firefox brauzerindən cookies istifadə edilir.
2025.03.30 08:24:17 core.spotify_handler INFO     Metadata uğurla əlavə edildi: download/download/Qonaq.m4a
2025.03.30 08:24:17 plugins.spotify_plugin INFO     ilgarrx tərəfindən spotify_playlist mahnısı uğurla qeyd edildi
2025.03.30 08:24:17 core.cookies_handler INFO     firefox brauzerindən cookies istifadə edilir.
2025.03.30 08:24:23 core.spotify_handler INFO     Metadata uğurla əlavə edildi: download/download/Кайфуем Вечно Брат.m4a
2025.03.30 08:24:23 plugins.spotify_plugin INFO     ilgarrx tərəfindən spotify_playlist mahnısı uğurla qeyd edildi
2025.03.30 08:24:23 core.cookies_handler INFO     firefox brauzerindən cookies istifadə edilir.
2025.03.30 08:24:29 core.spotify_handler INFO     Metadata uğurla əlavə edildi: download/download/Ağla Gözəl.m4a
2025.03.30 08:24:29 plugins.spotify_plugin INFO     ilgarrx tərəfindən spotify_playlist mahnısı uğurla qeyd edildi
2025.03.30 08:24:29 core.cookies_handler INFO     firefox brauzerindən cookies istifadə edilir.
2025.03.30 08:24:35 core.spotify_handler INFO     Metadata uğurla əlavə edildi: download/download/Yollarda.m4a
2025.03.30 08:24:35 plugins.spotify_plugin INFO     ilgarrx tərəfindən spotify_playlist mahnısı uğurla qeyd edildi
2025.03.30 08:24:35 core.cookies_handler INFO     firefox brauzerindən cookies istifadə edilir.
2025.03.30 08:24:35 aiogram.event        INFO     Update id=511587973 is handled. Duration 0 ms by bot id=8095621527
2025.03.30 08:24:40 core.spotify_handler INFO     Metadata uğurla əlavə edildi: download/download/Bağlı Qapı - Meyxana.m4a
2025.03.30 08:24:41 plugins.spotify_plugin INFO     ilgarrx tərəfindən spotify_playlist mahnısı uğurla qeyd edildi
2025.03.30 08:24:41 core.cookies_handler INFO     firefox brauzerindən cookies istifadə edilir.
2025.03.30 08:24:47 core.spotify_handler INFO     Metadata uğurla əlavə edildi: download/download/Olsun.m4a
2025.03.30 08:24:48 plugins.spotify_plugin INFO     ilgarrx tərəfindən spotify_playlist mahnısı uğurla qeyd edildi
2025.03.30 08:24:48 core.cookies_handler INFO     firefox brauzerindən cookies istifadə edilir.
2025.03.30 08:24:53 core.spotify_handler INFO     Metadata uğurla əlavə edildi: download/download/Həsrət.m4a
2025.03.30 08:24:54 plugins.spotify_plugin INFO     ilgarrx tərəfindən spotify_playlist mahnısı uğurla qeyd edildi
2025.03.30 08:24:54 core.cookies_handler INFO     firefox brauzerindən cookies istifadə edilir.
2025.03.30 08:24:59 core.spotify_handler INFO     Metadata uğurla əlavə edildi: download/download/Qaqash.m4a
2025.03.30 08:24:59 plugins.spotify_plugin INFO     ilgarrx tərəfindən spotify_playlist mahnısı uğurla qeyd edildi
2025.03.30 08:24:59 core.cookies_handler INFO     firefox brauzerindən cookies istifadə edilir.
2025.03.30 08:25:02 aiogram.event        INFO     Update id=511587974 is handled. Duration 0 ms by bot id=8095621527
2025.03.30 08:25:06 core.spotify_handler INFO     Metadata uğurla əlavə edildi: download/download/Hoppa.m4a
2025.03.30 08:25:06 plugins.spotify_plugin INFO     ilgarrx tərəfindən spotify_playlist mahnısı uğurla qeyd edildi
2025.03.30 08:25:06 core.cookies_handler INFO     firefox brauzerindən cookies istifadə edilir.
2025.03.30 08:25:09 aiogram.event        INFO     Update id=511587975 is handled. Duration 0 ms by bot id=8095621527
2025.03.30 08:25:12 core.spotify_handler INFO     Metadata uğurla əlavə edildi: download/download/Unutma Sevgilim.m4a
2025.03.30 08:25:12 plugins.spotify_plugin INFO     ilgarrx tərəfindən spotify_playlist mahnısı uğurla qeyd edildi
2025.03.30 08:25:13 core.cookies_handler INFO     firefox brauzerindən cookies istifadə edilir.
2025.03.30 08:25:18 core.spotify_handler INFO     Metadata uğurla əlavə edildi: download/download/Cavanliq Ela Seydi.m4a
2025.03.30 08:25:19 plugins.spotify_plugin INFO     ilgarrx tərəfindən spotify_playlist mahnısı uğurla qeyd edildi
2025.03.30 08:25:19 core.cookies_handler INFO     firefox brauzerindən cookies istifadə edilir.
2025.03.30 08:25:24 core.spotify_handler INFO     Metadata uğurla əlavə edildi: download/download/Düyməni Düz Qoymamısan - Remix.m4a
2025.03.30 08:25:25 plugins.spotify_plugin INFO     ilgarrx tərəfindən spotify_playlist mahnısı uğurla qeyd edildi
2025.03.30 08:25:25 core.cookies_handler INFO     firefox brauzerindən cookies istifadə edilir.
2025.03.30 08:25:30 core.spotify_handler INFO     Metadata uğurla əlavə edildi: download/download/Zərgərə Zərdən Danışanlardanam - Remix.m4a
2025.03.30 08:25:31 plugins.spotify_plugin INFO     ilgarrx tərəfindən spotify_playlist mahnısı uğurla qeyd edildi
2025.03.30 08:25:31 core.cookies_handler INFO     firefox brauzerindən cookies istifadə edilir.
2025.03.30 08:25:36 core.spotify_handler INFO     Metadata uğurla əlavə edildi: download/download/Sərsəri Aşiq.m4a
2025.03.30 08:25:37 plugins.spotify_plugin INFO     ilgarrx tərəfindən spotify_playlist mahnısı uğurla qeyd edildi
2025.03.30 08:25:37 core.cookies_handler INFO     firefox brauzerindən cookies istifadə edilir.
2025.03.30 08:25:42 core.spotify_handler INFO     Metadata uğurla əlavə edildi: download/download/İnsan Ölmək Üçündü - Remix.m4a
2025.03.30 08:25:42 plugins.spotify_plugin INFO     ilgarrx tərəfindən spotify_playlist mahnısı uğurla qeyd edildi
2025.03.30 08:25:42 core.cookies_handler INFO     firefox brauzerindən cookies istifadə edilir.
2025.03.30 08:25:48 core.spotify_handler INFO     Metadata uğurla əlavə edildi: download/download/Möcüze - Remix.m4a
2025.03.30 08:25:48 plugins.spotify_plugin INFO     ilgarrx tərəfindən spotify_playlist mahnısı uğurla qeyd edildi
2025.03.30 08:25:48 core.cookies_handler INFO     firefox brauzerindən cookies istifadə edilir.
2025.03.30 08:25:54 core.spotify_handler INFO     Metadata uğurla əlavə edildi: download/download/Bağışla.m4a
2025.03.30 08:25:54 plugins.spotify_plugin INFO     ilgarrx tərəfindən spotify_playlist mahnısı uğurla qeyd edildi
2025.03.30 08:25:54 core.cookies_handler INFO     firefox brauzerindən cookies istifadə edilir.
2025.03.30 08:25:55 aiogram.event        INFO     Update id=511587976 is not handled. Duration 1 ms by bot id=8095621527
2025.03.30 08:26:00 core.spotify_handler INFO     Metadata uğurla əlavə edildi: download/download/Onuda Apar.m4a
2025.03.30 08:26:01 plugins.spotify_plugin INFO     ilgarrx tərəfindən spotify_playlist mahnısı uğurla qeyd edildi
2025.03.30 08:26:01 core.cookies_handler INFO     firefox brauzerindən cookies istifadə edilir.
2025.03.30 08:26:07 core.spotify_handler INFO     Metadata uğurla əlavə edildi: download/download/Bax O Men İdim - Remix.m4a
2025.03.30 08:26:07 plugins.spotify_plugin INFO     ilgarrx tərəfindən spotify_playlist mahnısı uğurla qeyd edildi
2025.03.30 08:26:07 core.cookies_handler INFO     firefox brauzerindən cookies istifadə edilir.
2025.03.30 08:26:13 core.spotify_handler INFO     Metadata uğurla əlavə edildi: download/download/Avara Avara.m4a
2025.03.30 08:26:13 plugins.spotify_plugin INFO     ilgarrx tərəfindən spotify_playlist mahnısı uğurla qeyd edildi
2025.03.30 08:26:13 core.cookies_handler INFO     firefox brauzerindən cookies istifadə edilir.
2025.03.30 08:26:17 aiogram.event        INFO     Update id=511587977 is not handled. Duration 48 ms by bot id=8095621527
2025.03.30 08:26:19 core.spotify_handler INFO     Metadata uğurla əlavə edildi: download/download/Aduşi Ley Pey Bomba Kayifda.m4a
2025.03.30 08:26:20 plugins.spotify_plugin INFO     ilgarrx tərəfindən spotify_playlist mahnısı uğurla qeyd edildi
2025.03.30 08:26:20 core.cookies_handler INFO     firefox brauzerindən cookies istifadə edilir.
2025.03.30 08:26:24 aiogram.event        INFO     Update id=511587978 is handled. Duration 0 ms by bot id=8095621527
2025.03.30 08:26:26 core.spotify_handler INFO     Metadata uğurla əlavə edildi: download/download/Gecələr.m4a
2025.03.30 08:26:26 plugins.spotify_plugin INFO     ilgarrx tərəfindən spotify_playlist mahnısı uğurla qeyd edildi
2025.03.30 08:26:26 core.cookies_handler INFO     firefox brauzerindən cookies istifadə edilir.
2025.03.30 08:26:31 core.spotify_handler INFO     Metadata uğurla əlavə edildi: download/download/Maşın Bir Bəhanədir.m4a
2025.03.30 08:26:32 plugins.spotify_plugin INFO     ilgarrx tərəfindən spotify_playlist mahnısı uğurla qeyd edildi
2025.03.30 08:26:32 core.cookies_handler INFO     firefox brauzerindən cookies istifadə edilir.
2025.03.30 08:26:38 core.spotify_handler INFO     Metadata uğurla əlavə edildi: download/download/O Menim Olmalidir.m4a
2025.03.30 08:26:38 plugins.spotify_plugin INFO     ilgarrx tərəfindən spotify_playlist mahnısı uğurla qeyd edildi
2025.03.30 08:26:38 core.cookies_handler INFO     firefox brauzerindən cookies istifadə edilir.
2025.03.30 08:26:44 core.spotify_handler INFO     Metadata uğurla əlavə edildi: download/download/Yadimdadir - Remix.m4a
2025.03.30 08:26:44 plugins.spotify_plugin INFO     ilgarrx tərəfindən spotify_playlist mahnısı uğurla qeyd edildi
2025.03.30 08:26:44 core.cookies_handler INFO     firefox brauzerindən cookies istifadə edilir.
2025.03.30 08:26:50 core.spotify_handler INFO     Metadata uğurla əlavə edildi: download/download/Simpaticni Oglanam.m4a
2025.03.30 08:26:50 plugins.spotify_plugin INFO     ilgarrx tərəfindən spotify_playlist mahnısı uğurla qeyd edildi
2025.03.30 08:26:50 core.cookies_handler INFO     firefox brauzerindən cookies istifadə edilir.
2025.03.30 08:26:52 aiogram.event        INFO     Update id=511587979 is not handled. Duration 1 ms by bot id=8095621527
2025.03.30 08:26:55 core.spotify_handler INFO     Metadata uğurla əlavə edildi: download/download/Мечта.m4a
2025.03.30 08:26:56 plugins.spotify_plugin INFO     ilgarrx tərəfindən spotify_playlist mahnısı uğurla qeyd edildi
2025.03.30 08:26:56 core.cookies_handler INFO     firefox brauzerindən cookies istifadə edilir.
2025.03.30 08:27:03 core.spotify_handler INFO     Metadata uğurla əlavə edildi: download/download/Ağ ölüm - Dolya.m4a
2025.03.30 08:27:03 plugins.spotify_plugin INFO     ilgarrx tərəfindən spotify_playlist mahnısı uğurla qeyd edildi
2025.03.30 08:27:03 core.cookies_handler INFO     firefox brauzerindən cookies istifadə edilir.
2025.03.30 08:27:04 aiogram.event        INFO     Update id=511587980 is not handled. Duration 2 ms by bot id=8095621527
2025.03.30 08:27:05 aiogram.event        INFO     Update id=511587981 is not handled. Duration 1 ms by bot id=8095621527
2025.03.30 08:27:09 core.spotify_handler INFO     Metadata uğurla əlavə edildi: download/download/Qardasim var.m4a
2025.03.30 08:27:09 plugins.spotify_plugin INFO     ilgarrx tərəfindən spotify_playlist mahnısı uğurla qeyd edildi
2025.03.30 08:27:09 core.cookies_handler INFO     firefox brauzerindən cookies istifadə edilir.
2025.03.30 08:27:14 core.spotify_handler INFO     Metadata uğurla əlavə edildi: download/download/Taksi.m4a
2025.03.30 08:27:15 plugins.spotify_plugin INFO     ilgarrx tərəfindən spotify_playlist mahnısı uğurla qeyd edildi
2025.03.30 08:27:15 core.cookies_handler INFO     firefox brauzerindən cookies istifadə edilir.
2025.03.30 08:27:22 core.spotify_handler INFO     Metadata uğurla əlavə edildi: download/download/Olub Eliyersen.m4a
2025.03.30 08:27:22 plugins.spotify_plugin INFO     ilgarrx tərəfindən spotify_playlist mahnısı uğurla qeyd edildi
2025.03.30 08:27:22 core.cookies_handler INFO     firefox brauzerindən cookies istifadə edilir.
2025.03.30 08:27:28 core.spotify_handler INFO     Metadata uğurla əlavə edildi: download/download/Qadınlar.m4a
2025.03.30 08:27:28 plugins.spotify_plugin INFO     ilgarrx tərəfindən spotify_playlist mahnısı uğurla qeyd edildi
2025.03.30 08:27:28 core.cookies_handler INFO     firefox brauzerindən cookies istifadə edilir.
2025.03.30 08:27:33 core.spotify_handler INFO     Metadata uğurla əlavə edildi: download/download/Yay Gəlsin.m4a
2025.03.30 08:27:34 plugins.spotify_plugin INFO     ilgarrx tərəfindən spotify_playlist mahnısı uğurla qeyd edildi
2025.03.30 08:27:34 core.cookies_handler INFO     firefox brauzerindən cookies istifadə edilir.
2025.03.30 08:27:39 core.spotify_handler INFO     Metadata uğurla əlavə edildi: download/download/Can Gedirik Almağa.m4a
2025.03.30 08:27:40 plugins.spotify_plugin INFO     ilgarrx tərəfindən spotify_playlist mahnısı uğurla qeyd edildi
2025.03.30 08:27:40 core.cookies_handler INFO     firefox brauzerindən cookies istifadə edilir.
2025.03.30 08:27:46 core.spotify_handler INFO     Metadata uğurla əlavə edildi: download/download/Kavkaz.m4a
2025.03.30 08:27:46 plugins.spotify_plugin INFO     ilgarrx tərəfindən spotify_playlist mahnısı uğurla qeyd edildi
2025.03.30 08:27:46 core.cookies_handler INFO     firefox brauzerindən cookies istifadə edilir.
2025.03.30 08:27:51 core.spotify_handler INFO     Metadata uğurla əlavə edildi: download/download/Burulğan.m4a
2025.03.30 08:27:51 plugins.spotify_plugin INFO     ilgarrx tərəfindən spotify_playlist mahnısı uğurla qeyd edildi
2025.03.30 08:27:52 core.cookies_handler INFO     firefox brauzerindən cookies istifadə edilir.
2025.03.30 08:27:57 core.spotify_handler INFO     Metadata uğurla əlavə edildi: download/download/Siz Qızlar.m4a
2025.03.30 08:27:57 plugins.spotify_plugin INFO     ilgarrx tərəfindən spotify_playlist mahnısı uğurla qeyd edildi
2025.03.30 08:27:57 core.cookies_handler INFO     firefox brauzerindən cookies istifadə edilir.
2025.03.30 08:28:04 core.spotify_handler INFO     Metadata uğurla əlavə edildi: download/download/Hisslerdi.m4a
2025.03.30 08:28:04 plugins.spotify_plugin INFO     ilgarrx tərəfindən spotify_playlist mahnısı uğurla qeyd edildi
2025.03.30 08:28:04 core.cookies_handler INFO     firefox brauzerindən cookies istifadə edilir.
2025.03.30 08:28:10 core.spotify_handler INFO     Metadata uğurla əlavə edildi: download/download/Bilmirem Men.m4a
2025.03.30 08:28:10 plugins.spotify_plugin INFO     ilgarrx tərəfindən spotify_playlist mahnısı uğurla qeyd edildi
2025.03.30 08:28:10 core.cookies_handler INFO     firefox brauzerindən cookies istifadə edilir.
2025.03.30 08:28:16 core.spotify_handler INFO     Metadata uğurla əlavə edildi: download/download/Küçelernen.m4a
2025.03.30 08:28:16 plugins.spotify_plugin INFO     ilgarrx tərəfindən spotify_playlist mahnısı uğurla qeyd edildi
2025.03.30 08:28:16 core.cookies_handler INFO     firefox brauzerindən cookies istifadə edilir.
2025.03.30 08:28:21 core.spotify_handler INFO     Metadata uğurla əlavə edildi: download/download/O Gozel Xanimdi.m4a
2025.03.30 08:28:22 plugins.spotify_plugin INFO     ilgarrx tərəfindən spotify_playlist mahnısı uğurla qeyd edildi
2025.03.30 08:28:22 core.cookies_handler INFO     firefox brauzerindən cookies istifadə edilir.
2025.03.30 08:28:27 core.spotify_handler INFO     Metadata uğurla əlavə edildi: download/download/Prestijni Heyat.m4a
2025.03.30 08:28:27 plugins.spotify_plugin INFO     ilgarrx tərəfindən spotify_playlist mahnısı uğurla qeyd edildi
2025.03.30 08:30:22 aiogram.event        INFO     Update id=511587982 is handled. Duration 0 ms by bot id=8095621527
2025.03.30 08:30:22 aiogram.event        INFO     Update id=511587983 is handled. Duration 0 ms by bot id=8095621527
2025.03.30 08:30:36 aiogram.dispatcher   WARNING  Received SIGINT signal
2025.03.30 08:30:36 aiogram.dispatcher   INFO     Polling stopped for bot @dllmasterbot id=8095621527 - 'DLLMaster for Music'
2025.03.30 08:30:36 aiogram.dispatcher   INFO     Polling stopped
2025.03.30 08:30:36 __main__             INFO     🛑 Polling stopped
2025.03.30 08:30:36 __main__             INFO     🔴 Bot stopped
2025.03.30 08:31:01 __main__             INFO     🤖 Starting bot...
2025.03.30 08:31:01 __main__             INFO     🚀 Starting bot initialization...
2025.03.30 08:31:02 __main__             INFO     ✅ Database initialized successfully
2025.03.30 08:31:02 core.spotify_handler INFO     Spotify API ilə əlaqə quruldu.
2025.03.30 08:31:02 __main__             INFO     ✅ Spotify service initialized
2025.03.30 08:31:02 core.youtube_handler INFO     firefox brauzerindən cookies istifadə edilir.
2025.03.30 08:31:02 __main__             INFO     ✅ YouTube services initialized (firefox)
2025.03.30 08:31:02 __main__             INFO     🔌 Loading plugins...
2025.03.30 08:31:02 __main__             INFO     🔍 Scanning plugins in: plugins
2025.03.30 08:31:02 __main__             INFO     🔄 Loading: plugins.spotify_plugin
2025.03.30 08:31:02 __main__             INFO     ✅ Loaded (sync): plugins.spotify_plugin
2025.03.30 08:31:02 __main__             INFO     🔄 Loading: plugins.menu_plugin
2025.03.30 08:31:02 __main__             INFO     ✅ Loaded (sync): plugins.menu_plugin
2025.03.30 08:31:02 __main__             INFO     🔄 Loading: plugins.sudo_plugin
2025.03.30 08:31:02 __main__             INFO     ✅ Loaded (sync): plugins.sudo_plugin
2025.03.30 08:31:02 __main__             INFO     🔄 Loading: plugins.youtube_plugin
2025.03.30 08:31:02 __main__             INFO     ✅ Loaded (sync): plugins.youtube_plugin
2025.03.30 08:31:02 __main__             INFO     🔄 Loading: plugins.neofetch_plugin
2025.03.30 08:31:02 __main__             INFO     ✅ Loaded (sync): plugins.neofetch_plugin
2025.03.30 08:31:02 __main__             INFO     🔄 Loading: plugins.report_plugin
2025.03.30 08:31:02 __main__             INFO     ✅ Loaded (async): plugins.report_plugin
2025.03.30 08:31:02 __main__             INFO     🔄 Loading: plugins.del_plugin
2025.03.30 08:31:02 __main__             INFO     ✅ Loaded (sync): plugins.del_plugin
2025.03.30 08:31:02 __main__             INFO     🔄 Loading: plugins.music_plugin
2025.03.30 08:31:02 __main__             INFO     ✅ Loaded (sync): plugins.music_plugin
2025.03.30 08:31:02 __main__             INFO     🔄 Loading: plugins.start_plugin
2025.03.30 08:31:02 __main__             INFO     ✅ Loaded (async): plugins.start_plugin
2025.03.30 08:31:02 __main__             INFO     🔄 Loading: plugins.broadcast_plugin
2025.03.30 08:31:02 __main__             INFO     ✅ Loaded (sync): plugins.broadcast_plugin
2025.03.30 08:31:02 __main__             INFO     🔄 Loading: plugins.speedtest_plugin
2025.03.30 08:31:02 __main__             INFO     ✅ Loaded (sync): plugins.speedtest_plugin
2025.03.30 08:31:02 __main__             INFO     🔄 Loading: plugins.bot_logs
2025.03.30 08:31:02 __main__             INFO     ✅ Loaded (async): plugins.bot_logs
2025.03.30 08:31:02 __main__             INFO     🚀 Starting polling...
2025.03.30 08:31:02 aiogram.dispatcher   INFO     Start polling
2025.03.30 08:31:02 aiogram.dispatcher   INFO     Run polling for bot @dllmasterbot id=8095621527 - 'DLLMaster for Music'
2025.03.30 08:31:13 aiogram.event        INFO     Update id=511587984 is handled. Duration 0 ms by bot id=8095621527
2025.03.30 08:31:38 aiogram.event        INFO     Update id=511587985 is handled. Duration 0 ms by bot id=8095621527
2025.03.30 08:32:04 aiogram.event        INFO     Update id=511587986 is handled. Duration 0 ms by bot id=8095621527
2025.03.30 08:33:07 aiogram.event        INFO     Update id=511587987 is handled. Duration 0 ms by bot id=8095621527
2025.03.30 08:33:08 aiogram.event        INFO     Update id=511587988 is handled. Duration 0 ms by bot id=8095621527
2025.03.30 08:33:08 aiogram.event        INFO     Update id=511587989 is handled. Duration 0 ms by bot id=8095621527
2025.03.30 08:33:10 aiogram.event        INFO     Update id=511587990 is handled. Duration 0 ms by bot id=8095621527
2025.03.30 08:33:11 aiogram.event        INFO     Update id=511587991 is handled. Duration 0 ms by bot id=8095621527
2025.03.30 08:33:56 aiogram.event        INFO     Update id=511587992 is not handled. Duration 1 ms by bot id=8095621527
2025.03.30 08:34:42 aiogram.event        INFO     Update id=511587993 is handled. Duration 0 ms by bot id=8095621527
2025.03.30 08:35:34 aiogram.event        INFO     Update id=511587994 is handled. Duration 0 ms by bot id=8095621527
2025.03.30 08:35:35 aiogram.event        INFO     Update id=511587995 is handled. Duration 0 ms by bot id=8095621527
2025.03.30 08:36:43 aiogram.event        INFO     Update id=511587996 is not handled. Duration 6 ms by bot id=8095621527
2025.03.30 08:36:58 aiogram.event        INFO     Update id=511587997 is not handled. Duration 1 ms by bot id=8095621527
2025.03.30 08:37:06 aiogram.event        INFO     Update id=511587998 is handled. Duration 881 ms by bot id=8095621527
2025.03.30 08:38:48 aiogram.event        INFO     Update id=511587999 is handled. Duration 0 ms by bot id=8095621527
2025.03.30 08:40:35 aiogram.event        INFO     Update id=511588000 is handled. Duration 0 ms by bot id=8095621527
2025.03.30 08:40:47 aiogram.event        INFO     Update id=511588001 is handled. Duration 0 ms by bot id=8095621527
2025.03.30 08:40:54 aiogram.event        INFO     Update id=511588002 is not handled. Duration 1 ms by bot id=8095621527
2025.03.30 08:42:14 aiogram.event        INFO     Update id=511588003 is not handled. Duration 1 ms by bot id=8095621527
2025.03.30 08:42:37 aiogram.event        INFO     Update id=511588004 is handled. Duration 0 ms by bot id=8095621527
2025.03.30 08:42:55 aiogram.event        INFO     Update id=511588005 is handled. Duration 0 ms by bot id=8095621527
2025.03.30 08:45:18 aiogram.event        INFO     Update id=511588006 is handled. Duration 0 ms by bot id=8095621527
2025.03.30 08:45:52 aiogram.event        INFO     Update id=511588007 is not handled. Duration 1 ms by bot id=8095621527
2025.03.30 08:45:53 aiogram.event        INFO     Update id=511588008 is not handled. Duration 0 ms by bot id=8095621527
2025.03.30 08:45:59 aiogram.event        INFO     Update id=511588009 is handled. Duration 0 ms by bot id=8095621527
2025.03.30 08:46:37 aiogram.event        INFO     Update id=511588010 is handled. Duration 936 ms by bot id=8095621527
2025.03.30 08:48:03 aiogram.event        INFO     Update id=511588011 is handled. Duration 0 ms by bot id=8095621527
2025.03.30 08:49:18 aiogram.event        INFO     Update id=511588012 is handled. Duration 0 ms by bot id=8095621527
2025.03.30 08:49:20 aiogram.event        INFO     Update id=511588013 is handled. Duration 0 ms by bot id=8095621527
2025.03.30 08:49:21 aiogram.event        INFO     Update id=511588014 is handled. Duration 31 ms by bot id=8095621527
2025.03.30 08:49:26 aiogram.event        INFO     Update id=511588015 is handled. Duration 0 ms by bot id=8095621527
2025.03.30 08:49:26 plugins.broadcast_plugin ERROR    Error sending message to target 5521172568: Telegram server says - Forbidden: bot was blocked by the user
2025.03.30 08:49:26 plugins.broadcast_plugin ERROR    Error sending message to target 571698989: Telegram server says - Forbidden: bot was blocked by the user
2025.03.30 08:49:26 plugins.broadcast_plugin ERROR    Error sending message to target 6232384148: Telegram server says - Forbidden: bot was blocked by the user
2025.03.30 08:49:26 plugins.broadcast_plugin ERROR    Error sending message to target 6439814403: Telegram server says - Forbidden: bot was blocked by the user
2025.03.30 08:49:27 plugins.broadcast_plugin ERROR    Error sending message to target 6335798082: Telegram server says - Forbidden: bot was blocked by the user
2025.03.30 08:49:27 plugins.broadcast_plugin ERROR    Error sending message to target 1808796665: Telegram server says - Forbidden: bot was blocked by the user
2025.03.30 08:49:27 plugins.broadcast_plugin ERROR    Error sending message to target 7709703747: Telegram server says - Forbidden: bot was blocked by the user
2025.03.30 08:49:27 plugins.broadcast_plugin ERROR    Error sending message to target 2129368688: Telegram server says - Forbidden: bot can't initiate conversation with a user
2025.03.30 08:49:27 plugins.broadcast_plugin ERROR    Error sending message to target 6438664530: Telegram server says - Forbidden: bot can't initiate conversation with a user
2025.03.30 08:49:27 plugins.broadcast_plugin ERROR    Error sending message to target 7784990881: Telegram server says - Forbidden: bot can't initiate conversation with a user
2025.03.30 08:49:27 plugins.broadcast_plugin ERROR    Error sending message to target 5456739132: Telegram server says - Forbidden: bot can't initiate conversation with a user
2025.03.30 08:49:27 plugins.broadcast_plugin ERROR    Error sending message to target 6612407828: Telegram server says - Forbidden: bot can't initiate conversation with a user
2025.03.30 08:49:27 plugins.broadcast_plugin ERROR    Error sending message to target 5420773841: Telegram server says - Forbidden: bot can't initiate conversation with a user
2025.03.30 08:49:27 plugins.broadcast_plugin ERROR    Error sending message to target 8073545296: Telegram server says - Forbidden: bot can't initiate conversation with a user
2025.03.30 08:49:27 plugins.broadcast_plugin ERROR    Error sending message to target 1699751293: Telegram server says - Forbidden: bot can't initiate conversation with a user
2025.03.30 08:49:27 plugins.broadcast_plugin ERROR    Error sending message to target 5416068661: Telegram server says - Forbidden: bot can't initiate conversation with a user
2025.03.30 08:49:27 plugins.broadcast_plugin ERROR    Error sending message to target 7171250172: Telegram server says - Forbidden: bot can't initiate conversation with a user
2025.03.30 08:49:27 plugins.broadcast_plugin ERROR    Error sending message to target 1087968824: Telegram server says - Forbidden: bots can't send messages to bots
2025.03.30 08:49:27 plugins.broadcast_plugin ERROR    Error sending message to target 6104996252: Telegram server says - Forbidden: bot can't initiate conversation with a user
2025.03.30 08:49:27 plugins.broadcast_plugin ERROR    Error sending message to target 7602805707: Telegram server says - Forbidden: bot can't initiate conversation with a user
2025.03.30 08:49:27 plugins.broadcast_plugin ERROR    Error sending message to target 1229064409: Telegram server says - Forbidden: bot was blocked by the user
2025.03.30 08:49:27 plugins.broadcast_plugin ERROR    Error sending message to target 5754170636: Telegram server says - Forbidden: bot can't initiate conversation with a user
2025.03.30 08:49:27 plugins.broadcast_plugin ERROR    Error sending message to target 8028850482: Telegram server says - Forbidden: bot can't initiate conversation with a user
2025.03.30 08:49:27 plugins.broadcast_plugin ERROR    Error sending message to target 7779672707: Telegram server says - Forbidden: bot can't initiate conversation with a user
2025.03.30 08:49:27 plugins.broadcast_plugin ERROR    Error sending message to target 7372288258: Telegram server says - Forbidden: bot can't initiate conversation with a user
2025.03.30 08:49:27 plugins.broadcast_plugin ERROR    Error sending message to target 7236137804: Telegram server says - Forbidden: bot can't initiate conversation with a user
2025.03.30 08:49:27 plugins.broadcast_plugin ERROR    Error sending message to target 7373866051: Telegram server says - Forbidden: bot can't initiate conversation with a user
2025.03.30 08:49:27 plugins.broadcast_plugin ERROR    Error sending message to target 6157231227: Telegram server says - Forbidden: bot can't initiate conversation with a user
2025.03.30 08:49:27 plugins.broadcast_plugin ERROR    Error sending message to target 7628238319: Telegram server says - Forbidden: bot can't initiate conversation with a user
2025.03.30 08:49:28 plugins.broadcast_plugin ERROR    Error sending message to target -4646130561: Telegram server says - Bad Request: group chat was upgraded to a supergroup chat
(background on this error at: https://core.telegram.org/bots/api#responseparameters)
2025.03.30 08:49:28 aiogram.event        INFO     Update id=511588016 is handled. Duration 2090 ms by bot id=8095621527
2025.03.30 08:49:41 aiogram.event        INFO     Update id=511588017 is not handled. Duration 1 ms by bot id=8095621527
2025.03.30 08:49:48 aiogram.event        INFO     Update id=511588018 is not handled. Duration 1 ms by bot id=8095621527
2025.03.30 08:50:34 aiogram.event        INFO     Update id=511588019 is handled. Duration 0 ms by bot id=8095621527
2025.03.30 08:50:38 aiogram.event        INFO     Update id=511588020 is handled. Duration 0 ms by bot id=8095621527
2025.03.30 08:50:41 aiogram.event        INFO     Update id=511588021 is not handled. Duration 1 ms by bot id=8095621527
2025.03.30 08:50:52 aiogram.event        INFO     Update id=511588022 is not handled. Duration 1 ms by bot id=8095621527
2025.03.30 08:52:34 aiogram.event        INFO     Update id=511588023 is handled. Duration 0 ms by bot id=8095621527
2025.03.30 08:52:35 aiogram.event        INFO     Update id=511588024 is handled. Duration 0 ms by bot id=8095621527
2025.03.30 08:53:34 aiogram.event        INFO     Update id=511588025 is handled. Duration 0 ms by bot id=8095621527
2025.03.30 08:53:57 aiogram.event        INFO     Update id=511588026 is handled. Duration 0 ms by bot id=8095621527
2025.03.30 08:53:58 aiogram.event        INFO     Update id=511588027 is handled. Duration 0 ms by bot id=8095621527
2025.03.30 08:53:58 aiogram.event        INFO     Update id=511588028 is handled. Duration 0 ms by bot id=8095621527
2025.03.30 08:53:58 aiogram.event        INFO     Update id=511588029 is handled. Duration 1 ms by bot id=8095621527
2025.03.30 08:53:59 aiogram.event        INFO     Update id=511588030 is handled. Duration 0 ms by bot id=8095621527
2025.03.30 08:54:00 aiogram.event        INFO     Update id=511588031 is handled. Duration 0 ms by bot id=8095621527
2025.03.30 08:54:25 aiogram.event        INFO     Update id=511588032 is handled. Duration 0 ms by bot id=8095621527
2025.03.30 08:54:26 aiogram.event        INFO     Update id=511588033 is handled. Duration 0 ms by bot id=8095621527
2025.03.30 08:54:52 aiogram.event        INFO     Update id=511588034 is handled. Duration 0 ms by bot id=8095621527
2025.03.30 08:57:28 aiogram.event        INFO     Update id=511588035 is not handled. Duration 1 ms by bot id=8095621527
2025.03.30 08:59:14 aiogram.event        INFO     Update id=511588036 is handled. Duration 0 ms by bot id=8095621527
2025.03.30 08:59:25 aiogram.event        INFO     Update id=511588037 is handled. Duration 0 ms by bot id=8095621527
2025.03.30 08:59:29 aiogram.event        INFO     Update id=511588038 is handled. Duration 0 ms by bot id=8095621527
2025.03.30 08:59:30 aiogram.event        INFO     Update id=511588039 is handled. Duration 0 ms by bot id=8095621527
2025.03.30 08:59:42 aiogram.event        INFO     Update id=511588040 is not handled. Duration 1 ms by bot id=8095621527
2025.03.30 08:59:50 aiogram.event        INFO     Update id=511588041 is handled. Duration 0 ms by bot id=8095621527
2025.03.30 09:00:09 aiogram.event        INFO     Update id=511588042 is not handled. Duration 1 ms by bot id=8095621527
2025.03.30 09:02:07 aiogram.event        INFO     Update id=511588043 is handled. Duration 0 ms by bot id=8095621527
2025.03.30 09:03:38 aiogram.event        INFO     Update id=511588044 is not handled. Duration 1 ms by bot id=8095621527
2025.03.30 09:04:46 aiogram.event        INFO     Update id=511588045 is handled. Duration 0 ms by bot id=8095621527
2025.03.30 09:04:52 aiogram.event        INFO     Update id=511588046 is handled. Duration 0 ms by bot id=8095621527
2025.03.30 09:05:52 aiogram.event        INFO     Update id=511588047 is handled. Duration 0 ms by bot id=8095621527
2025.03.30 09:05:53 aiogram.event        INFO     Update id=511588048 is handled. Duration 0 ms by bot id=8095621527
2025.03.30 09:06:22 aiogram.event        INFO     Update id=511588049 is handled. Duration 0 ms by bot id=8095621527
2025.03.30 09:06:55 aiogram.event        INFO     Update id=511588050 is handled. Duration 0 ms by bot id=8095621527
2025.03.30 09:07:24 aiogram.event        INFO     Update id=511588051 is not handled. Duration 1 ms by bot id=8095621527
2025.03.30 09:07:35 aiogram.event        INFO     Update id=511588052 is not handled. Duration 0 ms by bot id=8095621527
2025.03.30 09:07:40 aiogram.event        INFO     Update id=511588053 is handled. Duration 0 ms by bot id=8095621527
2025.03.30 09:07:57 aiogram.event        INFO     Update id=511588054 is not handled. Duration 1 ms by bot id=8095621527
2025.03.30 09:08:58 aiogram.event        INFO     Update id=511588055 is not handled. Duration 1 ms by bot id=8095621527
2025.03.30 09:09:10 aiogram.event        INFO     Update id=511588056 is not handled. Duration 1 ms by bot id=8095621527
2025.03.30 09:09:10 aiogram.event        INFO     Update id=511588057 is not handled. Duration 2 ms by bot id=8095621527
2025.03.30 09:09:10 aiogram.event        INFO     Update id=511588058 is not handled. Duration 2 ms by bot id=8095621527
2025.03.30 09:09:34 aiogram.event        INFO     Update id=511588059 is not handled. Duration 1 ms by bot id=8095621527
2025.03.30 09:10:12 aiogram.event        INFO     Update id=511588060 is not handled. Duration 1 ms by bot id=8095621527
2025.03.30 09:10:18 aiogram.event        INFO     Update id=511588061 is not handled. Duration 6 ms by bot id=8095621527
2025.03.30 09:10:18 aiogram.event        INFO     Update id=511588062 is not handled. Duration 2 ms by bot id=8095621527
2025.03.30 09:10:58 aiogram.event        INFO     Update id=511588063 is not handled. Duration 1 ms by bot id=8095621527
2025.03.30 09:11:09 aiogram.event        INFO     Update id=511588064 is not handled. Duration 1 ms by bot id=8095621527
2025.03.30 09:11:10 aiogram.event        INFO     Update id=511588065 is not handled. Duration 1 ms by bot id=8095621527
2025.03.30 09:11:12 aiogram.event        INFO     Update id=511588066 is not handled. Duration 0 ms by bot id=8095621527
2025.03.30 09:11:15 aiogram.event        INFO     Update id=511588067 is not handled. Duration 1 ms by bot id=8095621527
2025.03.30 09:11:17 aiogram.event        INFO     Update id=511588068 is not handled. Duration 2 ms by bot id=8095621527
2025.03.30 09:11:21 aiogram.event        INFO     Update id=511588069 is handled. Duration 0 ms by bot id=8095621527
2025.03.30 09:11:22 aiogram.event        INFO     Update id=511588070 is handled. Duration 0 ms by bot id=8095621527
2025.03.30 09:11:25 aiogram.event        INFO     Update id=511588071 is not handled. Duration 1 ms by bot id=8095621527
2025.03.30 09:11:33 aiogram.event        INFO     Update id=511588072 is not handled. Duration 10 ms by bot id=8095621527
2025.03.30 09:11:44 aiogram.event        INFO     Update id=511588073 is not handled. Duration 5 ms by bot id=8095621527
2025.03.30 09:11:55 aiogram.event        INFO     Update id=511588074 is not handled. Duration 0 ms by bot id=8095621527
2025.03.30 09:12:05 aiogram.event        INFO     Update id=511588075 is not handled. Duration 1 ms by bot id=8095621527
2025.03.30 09:12:08 aiogram.event        INFO     Update id=511588076 is not handled. Duration 1 ms by bot id=8095621527
2025.03.30 09:12:27 aiogram.event        INFO     Update id=511588077 is not handled. Duration 1 ms by bot id=8095621527
2025.03.30 09:12:34 aiogram.event        INFO     Update id=511588078 is not handled. Duration 1 ms by bot id=8095621527
2025.03.30 09:12:35 aiogram.event        INFO     Update id=511588079 is handled. Duration 0 ms by bot id=8095621527
2025.03.30 09:12:42 aiogram.event        INFO     Update id=511588080 is handled. Duration 0 ms by bot id=8095621527
2025.03.30 09:12:47 aiogram.event        INFO     Update id=511588081 is not handled. Duration 1 ms by bot id=8095621527
2025.03.30 09:13:01 aiogram.event        INFO     Update id=511588082 is not handled. Duration 1 ms by bot id=8095621527
2025.03.30 09:13:02 aiogram.event        INFO     Update id=511588083 is not handled. Duration 1 ms by bot id=8095621527
2025.03.30 09:13:09 aiogram.event        INFO     Update id=511588084 is not handled. Duration 1 ms by bot id=8095621527
2025.03.30 09:13:28 aiogram.event        INFO     Update id=511588085 is handled. Duration 0 ms by bot id=8095621527
2025.03.30 09:13:35 aiogram.event        INFO     Update id=511588086 is not handled. Duration 1 ms by bot id=8095621527
2025.03.30 09:13:39 aiogram.event        INFO     Update id=511588087 is not handled. Duration 1 ms by bot id=8095621527
2025.03.30 09:14:08 aiogram.event        INFO     Update id=511588088 is not handled. Duration 1 ms by bot id=8095621527
2025.03.30 09:14:20 aiogram.event        INFO     Update id=511588089 is handled. Duration 0 ms by bot id=8095621527
2025.03.30 09:14:20 aiogram.event        INFO     Update id=511588090 is handled. Duration 0 ms by bot id=8095621527
2025.03.30 09:14:24 aiogram.event        INFO     Update id=511588091 is handled. Duration 0 ms by bot id=8095621527
2025.03.30 09:14:25 aiogram.event        INFO     Update id=511588092 is handled. Duration 0 ms by bot id=8095621527
2025.03.30 09:15:01 aiogram.event        INFO     Update id=511588093 is handled. Duration 0 ms by bot id=8095621527
2025.03.30 09:15:02 aiogram.event        INFO     Update id=511588094 is handled. Duration 119 ms by bot id=8095621527
2025.03.30 09:15:08 aiogram.event        INFO     Update id=511588095 is handled. Duration 4810 ms by bot id=8095621527
2025.03.30 09:15:11 aiogram.event        INFO     Update id=511588096 is handled. Duration 57 ms by bot id=8095621527
2025.03.30 09:15:38 aiogram.event        INFO     Update id=511588097 is handled. Duration 0 ms by bot id=8095621527
2025.03.30 09:15:40 aiogram.event        INFO     Update id=511588098 is handled. Duration 0 ms by bot id=8095621527
2025.03.30 09:15:48 aiogram.event        INFO     Update id=511588099 is not handled. Duration 1 ms by bot id=8095621527
2025.03.30 09:15:55 aiogram.event        INFO     Update id=511588100 is not handled. Duration 1 ms by bot id=8095621527
2025.03.30 09:15:56 aiogram.event        INFO     Update id=511588101 is handled. Duration 0 ms by bot id=8095621527
2025.03.30 09:16:02 aiogram.event        INFO     Update id=511588102 is handled. Duration 0 ms by bot id=8095621527
2025.03.30 09:16:03 aiogram.event        INFO     Update id=511588103 is handled. Duration 0 ms by bot id=8095621527
2025.03.30 09:16:03 core.cookies_handler INFO     firefox brauzerindən cookies istifadə edilir.
2025.03.30 09:16:04 aiogram.event        INFO     Update id=511588105 is handled. Duration 0 ms by bot id=8095621527
2025.03.30 09:16:04 aiogram.event        INFO     Update id=511588106 is handled. Duration 1 ms by bot id=8095621527
2025.03.30 09:16:06 aiogram.event        INFO     Update id=511588107 is not handled. Duration 1 ms by bot id=8095621527
2025.03.30 09:16:07 aiogram.event        INFO     Update id=511588104 is handled. Duration 3340 ms by bot id=8095621527
2025.03.30 09:16:08 core.cookies_handler INFO     firefox brauzerindən cookies istifadə edilir.
2025.03.30 09:16:12 aiogram.event        INFO     Update id=511588108 is handled. Duration 4366 ms by bot id=8095621527
2025.03.30 09:16:14 aiogram.event        INFO     Update id=511588109 is not handled. Duration 1 ms by bot id=8095621527
2025.03.30 09:16:27 aiogram.event        INFO     Update id=511588110 is not handled. Duration 1 ms by bot id=8095621527
2025.03.30 09:16:30 aiogram.event        INFO     Update id=511588111 is not handled. Duration 1 ms by bot id=8095621527
2025.03.30 09:16:33 aiogram.event        INFO     Update id=511588112 is handled. Duration 0 ms by bot id=8095621527
2025.03.30 09:16:34 aiogram.event        INFO     Update id=511588113 is handled. Duration 0 ms by bot id=8095621527
2025.03.30 09:16:36 aiogram.event        INFO     Update id=511588114 is not handled. Duration 1 ms by bot id=8095621527
2025.03.30 09:16:37 core.cookies_handler INFO     firefox brauzerindən cookies istifadə edilir.
2025.03.30 09:16:37 aiogram.event        INFO     Update id=511588116 is handled. Duration 0 ms by bot id=8095621527
2025.03.30 09:16:38 aiogram.event        INFO     Update id=511588117 is handled. Duration 0 ms by bot id=8095621527
2025.03.30 09:16:39 aiogram.event        INFO     Update id=511588115 is handled. Duration 2106 ms by bot id=8095621527
2025.03.30 09:16:46 aiogram.event        INFO     Update id=511588118 is not handled. Duration 1 ms by bot id=8095621527
2025.03.30 09:16:50 aiogram.event        INFO     Update id=511588119 is not handled. Duration 2 ms by bot id=8095621527
2025.03.30 09:16:50 aiogram.event        INFO     Update id=511588120 is not handled. Duration 3 ms by bot id=8095621527
2025.03.30 09:16:51 aiogram.event        INFO     Update id=511588121 is not handled. Duration 1 ms by bot id=8095621527
2025.03.30 09:17:06 aiogram.event        INFO     Update id=511588122 is not handled. Duration 2 ms by bot id=8095621527
2025.03.30 09:17:09 aiogram.event        INFO     Update id=511588123 is not handled. Duration 1 ms by bot id=8095621527
2025.03.30 09:17:12 aiogram.event        INFO     Update id=511588124 is handled. Duration 0 ms by bot id=8095621527
2025.03.30 09:17:12 aiogram.event        INFO     Update id=511588125 is handled. Duration 0 ms by bot id=8095621527
2025.03.30 09:17:17 aiogram.event        INFO     Update id=511588126 is not handled. Duration 1 ms by bot id=8095621527
2025.03.30 09:17:34 aiogram.event        INFO     Update id=511588127 is not handled. Duration 1 ms by bot id=8095621527
2025.03.30 09:17:39 aiogram.event        INFO     Update id=511588128 is not handled. Duration 1 ms by bot id=8095621527
2025.03.30 09:17:45 aiogram.event        INFO     Update id=511588129 is not handled. Duration 1 ms by bot id=8095621527
2025.03.30 09:17:54 aiogram.event        INFO     Update id=511588130 is not handled. Duration 0 ms by bot id=8095621527
2025.03.30 09:18:05 aiogram.event        INFO     Update id=511588131 is handled. Duration 0 ms by bot id=8095621527
2025.03.30 09:18:12 aiogram.event        INFO     Update id=511588132 is not handled. Duration 1 ms by bot id=8095621527
2025.03.30 09:18:17 aiogram.event        INFO     Update id=511588133 is not handled. Duration 1 ms by bot id=8095621527
2025.03.30 09:18:25 aiogram.event        INFO     Update id=511588134 is not handled. Duration 1 ms by bot id=8095621527
2025.03.30 09:18:26 aiogram.event        INFO     Update id=511588135 is not handled. Duration 1 ms by bot id=8095621527
2025.03.30 09:18:32 aiogram.event        INFO     Update id=511588136 is not handled. Duration 1 ms by bot id=8095621527
2025.03.30 09:18:44 aiogram.event        INFO     Update id=511588137 is not handled. Duration 0 ms by bot id=8095621527
2025.03.30 09:18:48 aiogram.event        INFO     Update id=511588138 is not handled. Duration 2 ms by bot id=8095621527
2025.03.30 09:18:52 aiogram.event        INFO     Update id=511588139 is not handled. Duration 1 ms by bot id=8095621527
2025.03.30 09:18:59 aiogram.event        INFO     Update id=511588140 is not handled. Duration 5 ms by bot id=8095621527
2025.03.30 09:19:01 aiogram.event        INFO     Update id=511588141 is not handled. Duration 1 ms by bot id=8095621527
2025.03.30 09:19:04 aiogram.event        INFO     Update id=511588142 is handled. Duration 0 ms by bot id=8095621527
2025.03.30 09:19:22 aiogram.event        INFO     Update id=511588143 is not handled. Duration 1 ms by bot id=8095621527
2025.03.30 09:19:32 aiogram.event        INFO     Update id=511588144 is not handled. Duration 1 ms by bot id=8095621527
2025.03.30 09:19:34 aiogram.event        INFO     Update id=511588145 is not handled. Duration 1 ms by bot id=8095621527
2025.03.30 09:19:36 aiogram.event        INFO     Update id=511588146 is not handled. Duration 1 ms by bot id=8095621527
2025.03.30 09:19:45 aiogram.event        INFO     Update id=511588147 is handled. Duration 0 ms by bot id=8095621527
2025.03.30 09:19:46 aiogram.event        INFO     Update id=511588148 is handled. Duration 266 ms by bot id=8095621527
2025.03.30 09:19:51 aiogram.event        INFO     Update id=511588149 is not handled. Duration 0 ms by bot id=8095621527
2025.03.30 09:19:57 aiogram.event        INFO     Update id=511588150 is not handled. Duration 2 ms by bot id=8095621527
2025.03.30 09:19:58 aiogram.event        INFO     Update id=511588151 is not handled. Duration 1 ms by bot id=8095621527
2025.03.30 09:20:01 aiogram.event        INFO     Update id=511588152 is handled. Duration 111 ms by bot id=8095621527
2025.03.30 09:20:06 aiogram.event        INFO     Update id=511588153 is not handled. Duration 1 ms by bot id=8095621527
2025.03.30 09:20:06 aiogram.event        INFO     Update id=511588154 is handled. Duration 0 ms by bot id=8095621527
2025.03.30 09:20:06 aiogram.event        INFO     Update id=511588155 is handled. Duration 0 ms by bot id=8095621527
2025.03.30 09:20:07 aiogram.event        INFO     Update id=511588156 is handled. Duration 0 ms by bot id=8095621527
2025.03.30 09:20:09 aiogram.event        INFO     Update id=511588157 is not handled. Duration 1 ms by bot id=8095621527
2025.03.30 09:20:18 aiogram.event        INFO     Update id=511588158 is not handled. Duration 2 ms by bot id=8095621527
2025.03.30 09:20:19 aiogram.event        INFO     Update id=511588159 is not handled. Duration 1 ms by bot id=8095621527
2025.03.30 09:20:22 aiogram.event        INFO     Update id=511588160 is not handled. Duration 1 ms by bot id=8095621527
2025.03.30 09:20:26 aiogram.event        INFO     Update id=511588161 is not handled. Duration 1 ms by bot id=8095621527
2025.03.30 09:20:27 aiogram.event        INFO     Update id=511588162 is not handled. Duration 0 ms by bot id=8095621527
2025.03.30 09:20:38 aiogram.event        INFO     Update id=511588163 is not handled. Duration 1 ms by bot id=8095621527
2025.03.30 09:20:38 core.cookies_handler INFO     firefox brauzerindən cookies istifadə edilir.
2025.03.30 09:20:39 aiogram.event        INFO     Update id=511588165 is not handled. Duration 1 ms by bot id=8095621527
2025.03.30 09:20:41 aiogram.event        INFO     Update id=511588164 is handled. Duration 2434 ms by bot id=8095621527
2025.03.30 09:20:41 aiogram.event        INFO     Update id=511588166 is not handled. Duration 1 ms by bot id=8095621527
2025.03.30 09:20:44 aiogram.event        INFO     Update id=511588167 is not handled. Duration 0 ms by bot id=8095621527
2025.03.30 09:20:50 aiogram.event        INFO     Update id=511588168 is not handled. Duration 1 ms by bot id=8095621527
2025.03.30 09:20:55 aiogram.event        INFO     Update id=511588169 is not handled. Duration 1 ms by bot id=8095621527
2025.03.30 09:20:56 aiogram.event        INFO     Update id=511588170 is not handled. Duration 1 ms by bot id=8095621527
2025.03.30 09:20:58 aiogram.event        INFO     Update id=511588171 is not handled. Duration 1 ms by bot id=8095621527
2025.03.30 09:20:59 aiogram.event        INFO     Update id=511588172 is not handled. Duration 0 ms by bot id=8095621527
2025.03.30 09:21:03 aiogram.event        INFO     Update id=511588173 is not handled. Duration 1 ms by bot id=8095621527
2025.03.30 09:21:03 aiogram.event        INFO     Update id=511588174 is not handled. Duration 3 ms by bot id=8095621527
2025.03.30 09:21:08 aiogram.event        INFO     Update id=511588175 is not handled. Duration 1 ms by bot id=8095621527
2025.03.30 09:21:14 aiogram.event        INFO     Update id=511588176 is not handled. Duration 1 ms by bot id=8095621527
2025.03.30 09:21:16 aiogram.event        INFO     Update id=511588177 is not handled. Duration 1 ms by bot id=8095621527
2025.03.30 09:21:19 aiogram.event        INFO     Update id=511588178 is not handled. Duration 1 ms by bot id=8095621527
2025.03.30 09:21:21 aiogram.event        INFO     Update id=511588179 is not handled. Duration 1 ms by bot id=8095621527
2025.03.30 09:21:28 aiogram.event        INFO     Update id=511588180 is not handled. Duration 1 ms by bot id=8095621527
2025.03.30 09:21:31 aiogram.event        INFO     Update id=511588181 is not handled. Duration 1 ms by bot id=8095621527
2025.03.30 09:21:32 aiogram.event        INFO     Update id=511588182 is not handled. Duration 1 ms by bot id=8095621527
2025.03.30 09:21:32 aiogram.event        INFO     Update id=511588183 is not handled. Duration 1 ms by bot id=8095621527
2025.03.30 09:21:35 aiogram.event        INFO     Update id=511588184 is not handled. Duration 1 ms by bot id=8095621527
2025.03.30 09:21:36 aiogram.event        INFO     Update id=511588185 is not handled. Duration 1 ms by bot id=8095621527
2025.03.30 09:21:42 aiogram.event        INFO     Update id=511588186 is not handled. Duration 1 ms by bot id=8095621527
2025.03.30 09:21:43 aiogram.event        INFO     Update id=511588187 is not handled. Duration 5 ms by bot id=8095621527
2025.03.30 09:21:50 aiogram.event        INFO     Update id=511588188 is not handled. Duration 1 ms by bot id=8095621527
2025.03.30 09:21:56 aiogram.event        INFO     Update id=511588189 is not handled. Duration 1 ms by bot id=8095621527
2025.03.30 09:21:59 aiogram.event        INFO     Update id=511588190 is handled. Duration 0 ms by bot id=8095621527
2025.03.30 09:21:59 aiogram.event        INFO     Update id=511588191 is not handled. Duration 1 ms by bot id=8095621527
2025.03.30 09:22:00 aiogram.event        INFO     Update id=511588192 is not handled. Duration 1 ms by bot id=8095621527
2025.03.30 09:22:01 aiogram.event        INFO     Update id=511588193 is handled. Duration 0 ms by bot id=8095621527
2025.03.30 09:22:08 aiogram.event        INFO     Update id=511588194 is not handled. Duration 1 ms by bot id=8095621527
2025.03.30 09:22:14 aiogram.event        INFO     Update id=511588195 is not handled. Duration 1 ms by bot id=8095621527
2025.03.30 09:22:17 aiogram.event        INFO     Update id=511588196 is not handled. Duration 1 ms by bot id=8095621527
2025.03.30 09:22:18 aiogram.event        INFO     Update id=511588197 is not handled. Duration 1 ms by bot id=8095621527
2025.03.30 09:22:18 aiogram.event        INFO     Update id=511588198 is not handled. Duration 1 ms by bot id=8095621527
2025.03.30 09:22:22 aiogram.event        INFO     Update id=511588199 is not handled. Duration 1 ms by bot id=8095621527
2025.03.30 09:22:24 aiogram.event        INFO     Update id=511588200 is not handled. Duration 3 ms by bot id=8095621527
2025.03.30 09:22:26 aiogram.event        INFO     Update id=511588201 is not handled. Duration 1 ms by bot id=8095621527
2025.03.30 09:22:28 aiogram.event        INFO     Update id=511588202 is not handled. Duration 1 ms by bot id=8095621527
2025.03.30 09:22:34 aiogram.event        INFO     Update id=511588203 is not handled. Duration 1 ms by bot id=8095621527
2025.03.30 09:22:36 aiogram.event        INFO     Update id=511588204 is not handled. Duration 1 ms by bot id=8095621527
2025.03.30 09:22:43 aiogram.event        INFO     Update id=511588205 is not handled. Duration 1 ms by bot id=8095621527
2025.03.30 09:22:47 aiogram.event        INFO     Update id=511588206 is not handled. Duration 1 ms by bot id=8095621527
2025.03.30 09:23:00 aiogram.event        INFO     Update id=511588207 is not handled. Duration 0 ms by bot id=8095621527
2025.03.30 09:23:02 aiogram.event        INFO     Update id=511588208 is not handled. Duration 3 ms by bot id=8095621527
2025.03.30 09:23:14 aiogram.event        INFO     Update id=511588209 is not handled. Duration 2 ms by bot id=8095621527
2025.03.30 09:23:14 aiogram.event        INFO     Update id=511588210 is not handled. Duration 3 ms by bot id=8095621527
2025.03.30 09:23:19 aiogram.event        INFO     Update id=511588211 is not handled. Duration 1 ms by bot id=8095621527
2025.03.30 09:23:19 aiogram.event        INFO     Update id=511588212 is not handled. Duration 1 ms by bot id=8095621527
2025.03.30 09:23:38 aiogram.event        INFO     Update id=511588213 is handled. Duration 0 ms by bot id=8095621527
2025.03.30 09:23:38 core.spotify_handler INFO     Playlist məlumatları əldə edilir: 3f7VOwV6PqKBoxLnG8OP91
2025.03.30 09:23:39 core.cookies_handler INFO     firefox brauzerindən cookies istifadə edilir.
2025.03.30 09:23:39 aiogram.event        INFO     Update id=511588214 is not handled. Duration 10 ms by bot id=8095621527
2025.03.30 09:23:44 core.spotify_handler INFO     Metadata uğurla əlavə edildi: download/download/Move.m4a
2025.03.30 09:23:44 plugins.spotify_plugin INFO     ilgarrx tərəfindən spotify_playlist mahnısı uğurla qeyd edildi
2025.03.30 09:23:44 core.cookies_handler INFO     firefox brauzerindən cookies istifadə edilir.
2025.03.30 09:23:51 core.spotify_handler INFO     Metadata uğurla əlavə edildi: download/download/Diva.m4a
2025.03.30 09:23:51 plugins.spotify_plugin INFO     ilgarrx tərəfindən spotify_playlist mahnısı uğurla qeyd edildi
2025.03.30 09:23:51 core.cookies_handler INFO     firefox brauzerindən cookies istifadə edilir.
2025.03.30 09:23:52 core.cookies_handler INFO     firefox brauzerindən cookies istifadə edilir.
2025.03.30 09:23:54 aiogram.event        INFO     Update id=511588215 is handled. Duration 2008 ms by bot id=8095621527
2025.03.30 09:23:56 core.spotify_handler INFO     Metadata uğurla əlavə edildi: download/download/sugar.m4a
2025.03.30 09:23:57 plugins.spotify_plugin INFO     ilgarrx tərəfindən spotify_playlist mahnısı uğurla qeyd edildi
2025.03.30 09:23:57 core.cookies_handler INFO     firefox brauzerindən cookies istifadə edilir.
2025.03.30 09:24:04 core.spotify_handler INFO     Metadata uğurla əlavə edildi: download/download/I Got Love.m4a
2025.03.30 09:24:05 plugins.spotify_plugin INFO     ilgarrx tərəfindən spotify_playlist mahnısı uğurla qeyd edildi
2025.03.30 09:24:05 core.cookies_handler INFO     firefox brauzerindən cookies istifadə edilir.
2025.03.30 09:24:08 aiogram.event        INFO     Update id=511588216 is not handled. Duration 1 ms by bot id=8095621527
2025.03.30 09:24:11 core.spotify_handler INFO     Metadata uğurla əlavə edildi: download/download/Si Ai.m4a
2025.03.30 09:24:11 plugins.spotify_plugin INFO     ilgarrx tərəfindən spotify_playlist mahnısı uğurla qeyd edildi
2025.03.30 09:24:11 core.cookies_handler INFO     firefox brauzerindən cookies istifadə edilir.
2025.03.30 09:24:17 core.spotify_handler INFO     Metadata uğurla əlavə edildi: download/download/Famax.m4a
2025.03.30 09:24:17 plugins.spotify_plugin INFO     ilgarrx tərəfindən spotify_playlist mahnısı uğurla qeyd edildi
2025.03.30 09:24:17 core.cookies_handler INFO     firefox brauzerindən cookies istifadə edilir.
2025.03.30 09:24:20 aiogram.event        INFO     Update id=511588217 is not handled. Duration 1 ms by bot id=8095621527
2025.03.30 09:24:23 aiogram.event        INFO     Update id=511588218 is not handled. Duration 1 ms by bot id=8095621527
2025.03.30 09:24:24 core.spotify_handler INFO     Metadata uğurla əlavə edildi: download/download/В экстазе.m4a
2025.03.30 09:24:25 plugins.spotify_plugin INFO     ilgarrx tərəfindən spotify_playlist mahnısı uğurla qeyd edildi
2025.03.30 09:24:25 core.cookies_handler INFO     firefox brauzerindən cookies istifadə edilir.
2025.03.30 09:24:31 core.spotify_handler INFO     Metadata uğurla əlavə edildi: download/download/Deja vu.m4a
2025.03.30 09:24:32 plugins.spotify_plugin INFO     ilgarrx tərəfindən spotify_playlist mahnısı uğurla qeyd edildi
2025.03.30 09:24:32 core.cookies_handler INFO     firefox brauzerindən cookies istifadə edilir.
2025.03.30 09:24:36 aiogram.event        INFO     Update id=511588219 is not handled. Duration 65 ms by bot id=8095621527
2025.03.30 09:24:37 core.spotify_handler INFO     Metadata uğurla əlavə edildi: download/download/Guaya.m4a
2025.03.30 09:24:38 plugins.spotify_plugin INFO     ilgarrx tərəfindən spotify_playlist mahnısı uğurla qeyd edildi
2025.03.30 09:24:38 core.cookies_handler INFO     firefox brauzerindən cookies istifadə edilir.
2025.03.30 09:24:43 core.spotify_handler INFO     Metadata uğurla əlavə edildi: download/download/Opr.m4a
2025.03.30 09:24:44 plugins.spotify_plugin INFO     ilgarrx tərəfindən spotify_playlist mahnısı uğurla qeyd edildi
2025.03.30 09:24:44 core.cookies_handler INFO     firefox brauzerindən cookies istifadə edilir.
2025.03.30 09:24:50 core.spotify_handler INFO     Metadata uğurla əlavə edildi: download/download/Si Ai - Marshmello & UKAY Remix.m4a
2025.03.30 09:24:50 plugins.spotify_plugin INFO     ilgarrx tərəfindən spotify_playlist mahnısı uğurla qeyd edildi
2025.03.30 09:24:50 core.cookies_handler INFO     firefox brauzerindən cookies istifadə edilir.
2025.03.30 09:24:56 core.spotify_handler INFO     Metadata uğurla əlavə edildi: download/download/jjuusstt oonnee.m4a
2025.03.30 09:24:56 plugins.spotify_plugin INFO     ilgarrx tərəfindən spotify_playlist mahnısı uğurla qeyd edildi
2025.03.30 09:24:56 core.cookies_handler INFO     firefox brauzerindən cookies istifadə edilir.
2025.03.30 09:24:58 aiogram.event        INFO     Update id=511588220 is not handled. Duration 1 ms by bot id=8095621527
2025.03.30 09:25:01 aiogram.event        INFO     Update id=511588221 is not handled. Duration 58 ms by bot id=8095621527
2025.03.30 09:25:03 core.spotify_handler INFO     Metadata uğurla əlavə edildi: download/download/lliinnee.m4a
2025.03.30 09:25:03 plugins.spotify_plugin INFO     ilgarrx tərəfindən spotify_playlist mahnısı uğurla qeyd edildi
2025.03.30 09:25:04 core.cookies_handler INFO     firefox brauzerindən cookies istifadə edilir.
2025.03.30 09:25:10 core.spotify_handler INFO     Metadata uğurla əlavə edildi: download/download/line.m4a
2025.03.30 09:25:11 plugins.spotify_plugin INFO     ilgarrx tərəfindən spotify_playlist mahnısı uğurla qeyd edildi
2025.03.30 09:25:11 core.cookies_handler INFO     firefox brauzerindən cookies istifadə edilir.
2025.03.30 09:25:17 core.spotify_handler INFO     Metadata uğurla əlavə edildi: download/download/Back To the Basics.m4a
2025.03.30 09:25:17 plugins.spotify_plugin INFO     ilgarrx tərəfindən spotify_playlist mahnısı uğurla qeyd edildi
2025.03.30 09:25:17 core.cookies_handler INFO     firefox brauzerindən cookies istifadə edilir.
2025.03.30 09:25:20 aiogram.event        INFO     Update id=511588222 is not handled. Duration 1 ms by bot id=8095621527
2025.03.30 09:25:23 core.spotify_handler INFO     Metadata uğurla əlavə edildi: download/download/She Will.m4a
2025.03.30 09:25:24 aiogram.event        INFO     Update id=511588223 is not handled. Duration 1 ms by bot id=8095621527
2025.03.30 09:25:24 plugins.spotify_plugin INFO     ilgarrx tərəfindən spotify_playlist mahnısı uğurla qeyd edildi
2025.03.30 09:25:24 core.cookies_handler INFO     firefox brauzerindən cookies istifadə edilir.
2025.03.30 09:25:30 core.spotify_handler INFO     Metadata uğurla əlavə edildi: download/download/Gotta Lotta.m4a
2025.03.30 09:25:30 plugins.spotify_plugin INFO     ilgarrx tərəfindən spotify_playlist mahnısı uğurla qeyd edildi
2025.03.30 09:25:30 core.cookies_handler INFO     firefox brauzerindən cookies istifadə edilir.
2025.03.30 09:25:31 aiogram.event        INFO     Update id=511588224 is not handled. Duration 1 ms by bot id=8095621527
2025.03.30 09:25:31 aiogram.event        INFO     Update id=511588225 is not handled. Duration 1 ms by bot id=8095621527
2025.03.30 09:25:31 aiogram.event        INFO     Update id=511588226 is not handled. Duration 1 ms by bot id=8095621527
2025.03.30 09:25:32 aiogram.event        INFO     Update id=511588227 is not handled. Duration 2 ms by bot id=8095621527
2025.03.30 09:25:36 core.spotify_handler INFO     Metadata uğurla əlavə edildi: download/download/Sing It Back (feat. Naila).m4a
2025.03.30 09:25:36 plugins.spotify_plugin INFO     ilgarrx tərəfindən spotify_playlist mahnısı uğurla qeyd edildi
2025.03.30 09:25:36 core.cookies_handler INFO     firefox brauzerindən cookies istifadə edilir.
2025.03.30 09:25:42 core.spotify_handler INFO     Metadata uğurla əlavə edildi: download/download/Lollipop.m4a
2025.03.30 09:25:42 plugins.spotify_plugin INFO     ilgarrx tərəfindən spotify_playlist mahnısı uğurla qeyd edildi
2025.03.30 09:25:42 core.cookies_handler INFO     firefox brauzerindən cookies istifadə edilir.
2025.03.30 09:25:45 aiogram.event        INFO     Update id=511588228 is not handled. Duration 2 ms by bot id=8095621527
2025.03.30 09:25:49 core.spotify_handler INFO     Metadata uğurla əlavə edildi: download/download/A Milli.m4a
2025.03.30 09:25:50 plugins.spotify_plugin INFO     ilgarrx tərəfindən spotify_playlist mahnısı uğurla qeyd edildi
2025.03.30 09:25:50 core.cookies_handler INFO     firefox brauzerindən cookies istifadə edilir.
2025.03.30 09:25:55 core.spotify_handler INFO     Metadata uğurla əlavə edildi: download/download/WEKE - Afro Mix 2024.m4a
2025.03.30 09:25:56 plugins.spotify_plugin INFO     ilgarrx tərəfindən spotify_playlist mahnısı uğurla qeyd edildi
2025.03.30 09:25:56 core.cookies_handler INFO     firefox brauzerindən cookies istifadə edilir.
2025.03.30 09:25:58 aiogram.event        INFO     Update id=511588229 is not handled. Duration 1 ms by bot id=8095621527
2025.03.30 09:26:00 aiogram.event        INFO     Update id=511588230 is not handled. Duration 48 ms by bot id=8095621527
2025.03.30 09:26:03 core.spotify_handler INFO     Metadata uğurla əlavə edildi: download/download/Starboy.m4a
2025.03.30 09:26:03 plugins.spotify_plugin INFO     ilgarrx tərəfindən spotify_playlist mahnısı uğurla qeyd edildi
2025.03.30 09:26:03 core.cookies_handler INFO     firefox brauzerindən cookies istifadə edilir.
2025.03.30 09:26:09 core.spotify_handler INFO     Metadata uğurla əlavə edildi: download/download/Give It To Me - slowed to perfection.m4a
2025.03.30 09:26:09 plugins.spotify_plugin INFO     ilgarrx tərəfindən spotify_playlist mahnısı uğurla qeyd edildi
2025.03.30 09:26:09 core.cookies_handler INFO     firefox brauzerindən cookies istifadə edilir.
2025.03.30 09:26:15 core.spotify_handler INFO     Metadata uğurla əlavə edildi: download/download/PRBLMS.m4a
2025.03.30 09:26:15 plugins.spotify_plugin INFO     ilgarrx tərəfindən spotify_playlist mahnısı uğurla qeyd edildi
2025.03.30 09:26:15 core.cookies_handler INFO     firefox brauzerindən cookies istifadə edilir.
2025.03.30 09:26:20 core.spotify_handler INFO     Metadata uğurla əlavə edildi: download/download/Thrift Shop (feat. Wanz).m4a
2025.03.30 09:26:21 plugins.spotify_plugin INFO     ilgarrx tərəfindən spotify_playlist mahnısı uğurla qeyd edildi
2025.03.30 09:26:21 core.cookies_handler INFO     firefox brauzerindən cookies istifadə edilir.
2025.03.30 09:26:25 aiogram.event        INFO     Update id=511588231 is not handled. Duration 57 ms by bot id=8095621527
2025.03.30 09:26:26 core.spotify_handler INFO     Metadata uğurla əlavə edildi: download/download/My Baby (Slow + Riverb).m4a
2025.03.30 09:26:26 plugins.spotify_plugin INFO     ilgarrx tərəfindən spotify_playlist mahnısı uğurla qeyd edildi
2025.03.30 09:26:26 core.cookies_handler INFO     firefox brauzerindən cookies istifadə edilir.
2025.03.30 09:26:31 core.spotify_handler INFO     Metadata uğurla əlavə edildi: download/download/Важные улики.m4a
2025.03.30 09:26:32 plugins.spotify_plugin INFO     ilgarrx tərəfindən spotify_playlist mahnısı uğurla qeyd edildi
2025.03.30 09:26:32 core.cookies_handler INFO     firefox brauzerindən cookies istifadə edilir.
2025.03.30 09:26:37 core.spotify_handler INFO     Metadata uğurla əlavə edildi: download/download/Follow You.m4a
2025.03.30 09:26:37 plugins.spotify_plugin INFO     ilgarrx tərəfindən spotify_playlist mahnısı uğurla qeyd edildi
2025.03.30 09:26:37 core.cookies_handler INFO     firefox brauzerindən cookies istifadə edilir.
2025.03.30 09:26:42 aiogram.event        INFO     Update id=511588232 is not handled. Duration 65 ms by bot id=8095621527
2025.03.30 09:26:42 core.spotify_handler INFO     Metadata uğurla əlavə edildi: download/download/Soul.m4a
2025.03.30 09:26:43 aiogram.event        INFO     Update id=511588233 is not handled. Duration 1 ms by bot id=8095621527
2025.03.30 09:26:43 plugins.spotify_plugin INFO     ilgarrx tərəfindən spotify_playlist mahnısı uğurla qeyd edildi
2025.03.30 09:26:43 core.cookies_handler INFO     firefox brauzerindən cookies istifadə edilir.
2025.03.30 09:26:49 core.spotify_handler INFO     Metadata uğurla əlavə edildi: download/download/MIND ON MY $$$.m4a
2025.03.30 09:26:49 plugins.spotify_plugin INFO     ilgarrx tərəfindən spotify_playlist mahnısı uğurla qeyd edildi
2025.03.30 09:26:49 core.cookies_handler INFO     firefox brauzerindən cookies istifadə edilir.
2025.03.30 09:26:55 core.spotify_handler INFO     Metadata uğurla əlavə edildi: download/download/Fireflies (Sped Up).m4a
2025.03.30 09:26:55 plugins.spotify_plugin INFO     ilgarrx tərəfindən spotify_playlist mahnısı uğurla qeyd edildi
2025.03.30 09:26:55 core.cookies_handler INFO     firefox brauzerindən cookies istifadə edilir.
2025.03.30 09:27:00 aiogram.event        INFO     Update id=511588234 is not handled. Duration 15 ms by bot id=8095621527
2025.03.30 09:27:02 aiogram.event        INFO     Update id=511588235 is not handled. Duration 1 ms by bot id=8095621527
2025.03.30 09:27:02 core.spotify_handler INFO     Metadata uğurla əlavə edildi: download/download/Space Cadet (feat. Gunna).m4a
2025.03.30 09:27:02 plugins.spotify_plugin INFO     ilgarrx tərəfindən spotify_playlist mahnısı uğurla qeyd edildi
2025.03.30 09:27:02 core.cookies_handler INFO     firefox brauzerindən cookies istifadə edilir.
2025.03.30 09:27:08 core.spotify_handler INFO     Metadata uğurla əlavə edildi: download/download/Plantando Habas.m4a
2025.03.30 09:27:09 plugins.spotify_plugin INFO     ilgarrx tərəfindən spotify_playlist mahnısı uğurla qeyd edildi
2025.03.30 09:27:09 core.cookies_handler INFO     firefox brauzerindən cookies istifadə edilir.
2025.03.30 09:27:15 core.spotify_handler INFO     Metadata uğurla əlavə edildi: download/download/Until I Found You.m4a
2025.03.30 09:27:15 plugins.spotify_plugin INFO     ilgarrx tərəfindən spotify_playlist mahnısı uğurla qeyd edildi
2025.03.30 09:27:16 core.cookies_handler INFO     firefox brauzerindən cookies istifadə edilir.
2025.03.30 09:27:21 core.spotify_handler INFO     Metadata uğurla əlavə edildi: download/download/You Lost Me.m4a
2025.03.30 09:27:22 plugins.spotify_plugin INFO     ilgarrx tərəfindən spotify_playlist mahnısı uğurla qeyd edildi
2025.03.30 09:27:27 aiogram.event        INFO     Update id=511588236 is not handled. Duration 1 ms by bot id=8095621527
2025.03.30 09:27:39 aiogram.event        INFO     Update id=511588237 is not handled. Duration 1 ms by bot id=8095621527
2025.03.30 09:27:51 aiogram.event        INFO     Update id=511588238 is not handled. Duration 1 ms by bot id=8095621527
2025.03.30 09:27:54 aiogram.event        INFO     Update id=511588239 is not handled. Duration 1 ms by bot id=8095621527
2025.03.30 09:27:56 aiogram.event        INFO     Update id=511588240 is not handled. Duration 1 ms by bot id=8095621527
2025.03.30 09:28:04 aiogram.event        INFO     Update id=511588241 is not handled. Duration 1 ms by bot id=8095621527
2025.03.30 09:28:06 aiogram.event        INFO     Update id=511588242 is handled. Duration 0 ms by bot id=8095621527
2025.03.30 09:28:06 core.spotify_handler INFO     Playlist məlumatları əldə edilir: 50Jl6tHeDrlDblFqFWKjxJ
2025.03.30 09:28:08 core.cookies_handler INFO     firefox brauzerindən cookies istifadə edilir.
2025.03.30 09:28:08 aiogram.event        INFO     Update id=511588243 is not handled. Duration 3 ms by bot id=8095621527
2025.03.30 09:28:14 core.spotify_handler INFO     Metadata uğurla əlavə edildi: download/download/Black Night.m4a
2025.03.30 09:28:14 plugins.spotify_plugin INFO     ilgarrx tərəfindən spotify_playlist mahnısı uğurla qeyd edildi
2025.03.30 09:28:14 core.cookies_handler INFO     firefox brauzerindən cookies istifadə edilir.
2025.03.30 09:28:16 aiogram.event        INFO     Update id=511588244 is not handled. Duration 0 ms by bot id=8095621527
2025.03.30 09:28:19 aiogram.event        INFO     Update id=511588245 is not handled. Duration 47 ms by bot id=8095621527
2025.03.30 09:28:20 core.spotify_handler INFO     Metadata uğurla əlavə edildi: download/download/Pump It.m4a
2025.03.30 09:28:20 plugins.spotify_plugin INFO     ilgarrx tərəfindən spotify_playlist mahnısı uğurla qeyd edildi
2025.03.30 09:28:20 core.cookies_handler INFO     firefox brauzerindən cookies istifadə edilir.
2025.03.30 09:28:26 core.spotify_handler INFO     Metadata uğurla əlavə edildi: download/download/Misirlou.m4a
2025.03.30 09:28:26 plugins.spotify_plugin INFO     ilgarrx tərəfindən spotify_playlist mahnısı uğurla qeyd edildi
2025.03.30 09:28:26 core.cookies_handler INFO     firefox brauzerindən cookies istifadə edilir.
2025.03.30 09:28:28 aiogram.event        INFO     Update id=511588246 is handled. Duration 60 ms by bot id=8095621527
2025.03.30 09:28:32 core.spotify_handler INFO     Metadata uğurla əlavə edildi: download/download/Dale Don Dale - Version 1.m4a
2025.03.30 09:28:32 plugins.spotify_plugin INFO     ilgarrx tərəfindən spotify_playlist mahnısı uğurla qeyd edildi
2025.03.30 09:28:32 core.cookies_handler INFO     firefox brauzerindən cookies istifadə edilir.
2025.03.30 09:28:34 aiogram.event        INFO     Update id=511588247 is handled. Duration 132 ms by bot id=8095621527
2025.03.30 09:28:37 aiogram.event        INFO     Update id=511588248 is handled. Duration 227 ms by bot id=8095621527
2025.03.30 09:28:38 core.spotify_handler INFO     Metadata uğurla əlavə edildi: download/download/Jugni Ji (feat. Mister You, Dr Zeus & Sophia Akkara).m4a
2025.03.30 09:28:39 plugins.spotify_plugin INFO     ilgarrx tərəfindən spotify_playlist mahnısı uğurla qeyd edildi
2025.03.30 09:28:39 core.cookies_handler INFO     firefox brauzerindən cookies istifadə edilir.
2025.03.30 09:28:45 core.spotify_handler INFO     Metadata uğurla əlavə edildi: download/download/Bum Bum Tam Tam.m4a
2025.03.30 09:28:45 plugins.spotify_plugin INFO     ilgarrx tərəfindən spotify_playlist mahnısı uğurla qeyd edildi
2025.03.30 09:28:45 core.cookies_handler INFO     firefox brauzerindən cookies istifadə edilir.
2025.03.30 09:28:45 aiogram.event        INFO     Update id=511588249 is not handled. Duration 4 ms by bot id=8095621527
2025.03.30 09:28:51 core.spotify_handler INFO     Metadata uğurla əlavə edildi: download/download/Outro Lex.m4a
2025.03.30 09:28:51 plugins.spotify_plugin INFO     ilgarrx tərəfindən spotify_playlist mahnısı uğurla qeyd edildi
2025.03.30 09:28:52 core.cookies_handler INFO     firefox brauzerindən cookies istifadə edilir.
2025.03.30 09:28:55 aiogram.event        INFO     Update id=511588250 is not handled. Duration 44 ms by bot id=8095621527
2025.03.30 09:28:57 core.spotify_handler INFO     Metadata uğurla əlavə edildi: download/download/Never - Original Mix.m4a
2025.03.30 09:28:57 plugins.spotify_plugin INFO     ilgarrx tərəfindən spotify_playlist mahnısı uğurla qeyd edildi
2025.03.30 09:28:57 core.cookies_handler INFO     firefox brauzerindən cookies istifadə edilir.
2025.03.30 09:28:58 aiogram.event        INFO     Update id=511588251 is handled. Duration 63 ms by bot id=8095621527
2025.03.30 09:28:59 aiogram.event        INFO     Update id=511588252 is not handled. Duration 1 ms by bot id=8095621527
2025.03.30 09:29:04 core.spotify_handler INFO     Metadata uğurla əlavə edildi: download/download/Hot.m4a
2025.03.30 09:29:04 plugins.spotify_plugin INFO     ilgarrx tərəfindən spotify_playlist mahnısı uğurla qeyd edildi
2025.03.30 09:29:04 core.cookies_handler INFO     firefox brauzerindən cookies istifadə edilir.
2025.03.30 09:29:09 aiogram.event        INFO     Update id=511588253 is not handled. Duration 47 ms by bot id=8095621527
2025.03.30 09:29:10 core.spotify_handler INFO     Metadata uğurla əlavə edildi: download/download/Ponme a Bailar (Guaracha).m4a
2025.03.30 09:29:10 plugins.spotify_plugin INFO     ilgarrx tərəfindən spotify_playlist mahnısı uğurla qeyd edildi
2025.03.30 09:29:10 core.cookies_handler INFO     firefox brauzerindən cookies istifadə edilir.
2025.03.30 09:29:16 core.spotify_handler INFO     Metadata uğurla əlavə edildi: download/download/Muevelo.m4a
2025.03.30 09:29:17 plugins.spotify_plugin INFO     ilgarrx tərəfindən spotify_playlist mahnısı uğurla qeyd edildi
2025.03.30 09:29:17 core.cookies_handler INFO     firefox brauzerindən cookies istifadə edilir.
2025.03.30 09:29:23 aiogram.event        INFO     Update id=511588254 is handled. Duration 2018 ms by bot id=8095621527
2025.03.30 09:29:23 core.spotify_handler INFO     Metadata uğurla əlavə edildi: download/download/line.m4a
2025.03.30 09:29:23 plugins.spotify_plugin INFO     ilgarrx tərəfindən spotify_playlist mahnısı uğurla qeyd edildi
2025.03.30 09:29:23 core.cookies_handler INFO     firefox brauzerindən cookies istifadə edilir.
2025.03.30 09:29:28 aiogram.event        INFO     Update id=511588255 is handled. Duration 337 ms by bot id=8095621527
2025.03.30 09:29:28 aiogram.event        INFO     Update id=511588256 is not handled. Duration 70 ms by bot id=8095621527
2025.03.30 09:29:29 core.spotify_handler INFO     Metadata uğurla əlavə edildi: download/download/Ventulaté.m4a
2025.03.30 09:29:30 plugins.spotify_plugin INFO     ilgarrx tərəfindən spotify_playlist mahnısı uğurla qeyd edildi
2025.03.30 09:29:30 core.cookies_handler INFO     firefox brauzerindən cookies istifadə edilir.
2025.03.30 09:29:32 aiogram.event        INFO     Update id=511588257 is handled. Duration 77 ms by bot id=8095621527
2025.03.30 09:29:35 aiogram.event        INFO     Update id=511588258 is handled. Duration 1165 ms by bot id=8095621527
2025.03.30 09:29:37 core.spotify_handler INFO     Metadata uğurla əlavə edildi: download/download/Di Cocodrilo - Version Dembow.m4a
2025.03.30 09:29:37 plugins.spotify_plugin INFO     ilgarrx tərəfindən spotify_playlist mahnısı uğurla qeyd edildi
2025.03.30 09:29:37 core.cookies_handler INFO     firefox brauzerindən cookies istifadə edilir.
2025.03.30 09:29:38 aiogram.event        INFO     Update id=511588259 is handled. Duration 85 ms by bot id=8095621527
2025.03.30 09:29:40 aiogram.event        INFO     Update id=511588260 is handled. Duration 197 ms by bot id=8095621527
2025.03.30 09:29:43 core.spotify_handler INFO     Metadata uğurla əlavə edildi: download/download/AH TXE TXE.m4a
2025.03.30 09:29:44 plugins.spotify_plugin INFO     ilgarrx tərəfindən spotify_playlist mahnısı uğurla qeyd edildi
2025.03.30 09:29:44 core.cookies_handler INFO     firefox brauzerindən cookies istifadə edilir.
2025.03.30 09:29:47 aiogram.event        INFO     Update id=511588261 is not handled. Duration 48 ms by bot id=8095621527
2025.03.30 09:29:48 aiogram.event        INFO     Update id=511588262 is not handled. Duration 26 ms by bot id=8095621527
2025.03.30 09:29:49 core.spotify_handler INFO     Metadata uğurla əlavə edildi: download/download/Tach It.m4a
2025.03.30 09:29:49 plugins.spotify_plugin INFO     ilgarrx tərəfindən spotify_playlist mahnısı uğurla qeyd edildi
2025.03.30 09:29:49 core.cookies_handler INFO     firefox brauzerindən cookies istifadə edilir.
2025.03.30 09:29:57 aiogram.event        INFO     Update id=511588263 is handled. Duration 5347 ms by bot id=8095621527
2025.03.30 09:30:03 aiogram.event        INFO     Update id=511588264 is handled. Duration 48 ms by bot id=8095621527
2025.03.30 09:30:17 aiogram.event        INFO     Update id=511588265 is not handled. Duration 1 ms by bot id=8095621527
2025.03.30 09:30:25 aiogram.event        INFO     Update id=511588266 is not handled. Duration 1 ms by bot id=8095621527
2025.03.30 09:30:29 aiogram.event        INFO     Update id=511588267 is not handled. Duration 1 ms by bot id=8095621527
2025.03.30 09:30:33 aiogram.event        INFO     Update id=511588268 is not handled. Duration 1 ms by bot id=8095621527
2025.03.30 09:30:43 aiogram.event        INFO     Update id=511588269 is not handled. Duration 1 ms by bot id=8095621527
2025.03.30 09:30:43 aiogram.event        INFO     Update id=511588270 is not handled. Duration 1 ms by bot id=8095621527
2025.03.30 09:30:53 aiogram.event        INFO     Update id=511588271 is not handled. Duration 0 ms by bot id=8095621527
2025.03.30 09:30:54 aiogram.event        INFO     Update id=511588272 is not handled. Duration 1 ms by bot id=8095621527
2025.03.30 09:30:57 aiogram.event        INFO     Update id=511588273 is not handled. Duration 1 ms by bot id=8095621527
2025.03.30 09:31:05 aiogram.event        INFO     Update id=511588274 is not handled. Duration 1 ms by bot id=8095621527
2025.03.30 09:31:07 aiogram.event        INFO     Update id=511588275 is not handled. Duration 1 ms by bot id=8095621527
2025.03.30 09:31:19 aiogram.event        INFO     Update id=511588276 is not handled. Duration 1 ms by bot id=8095621527
2025.03.30 09:31:26 aiogram.event        INFO     Update id=511588277 is not handled. Duration 1 ms by bot id=8095621527
2025.03.30 09:31:31 aiogram.event        INFO     Update id=511588278 is not handled. Duration 1 ms by bot id=8095621527
2025.03.30 09:31:44 aiogram.event        INFO     Update id=511588279 is not handled. Duration 1 ms by bot id=8095621527
2025.03.30 09:32:29 aiogram.event        INFO     Update id=511588280 is handled. Duration 0 ms by bot id=8095621527
2025.03.30 09:32:36 aiogram.event        INFO     Update id=511588281 is not handled. Duration 1 ms by bot id=8095621527
2025.03.30 09:32:56 aiogram.event        INFO     Update id=511588282 is not handled. Duration 1 ms by bot id=8095621527
2025.03.30 09:32:56 aiogram.event        INFO     Update id=511588283 is not handled. Duration 2 ms by bot id=8095621527
2025.03.30 09:33:34 aiogram.event        INFO     Update id=511588284 is not handled. Duration 1 ms by bot id=8095621527
2025.03.30 09:33:40 core.cookies_handler INFO     firefox brauzerindən cookies istifadə edilir.
2025.03.30 09:33:42 aiogram.event        INFO     Update id=511588285 is handled. Duration 1965 ms by bot id=8095621527
2025.03.30 09:33:44 core.cookies_handler INFO     firefox brauzerindən cookies istifadə edilir.
2025.03.30 09:33:49 plugins.music_plugin ERROR    Orijinal mesaj silinərkən xəta (seçim): Telegram server says - Bad Request: message can't be deleted
2025.03.30 09:33:49 aiogram.event        INFO     Update id=511588286 is handled. Duration 4894 ms by bot id=8095621527
2025.03.30 09:34:13 aiogram.event        INFO     Update id=511588287 is not handled. Duration 0 ms by bot id=8095621527
2025.03.30 09:34:33 aiogram.event        INFO     Update id=511588288 is not handled. Duration 1 ms by bot id=8095621527
2025.03.30 09:34:41 plugins.del_plugin   ERROR    Message deletion failed: Telegram server says - Bad Request: message can't be deleted
2025.03.30 09:34:41 aiogram.event        INFO     Update id=511588289 is handled. Duration 65 ms by bot id=8095621527
2025.03.30 09:34:45 aiogram.event        INFO     Update id=511588290 is handled. Duration 0 ms by bot id=8095621527
2025.03.30 09:34:45 aiogram.event        INFO     Update id=511588291 is handled. Duration 0 ms by bot id=8095621527
2025.03.30 09:34:49 aiogram.event        INFO     Update id=511588292 is handled. Duration 0 ms by bot id=8095621527
2025.03.30 09:35:14 aiogram.event        INFO     Update id=511588293 is not handled. Duration 1 ms by bot id=8095621527
2025.03.30 09:36:53 aiogram.event        INFO     Update id=511588294 is handled. Duration 0 ms by bot id=8095621527
2025.03.30 09:37:30 aiogram.event        INFO     Update id=511588295 is handled. Duration 5 ms by bot id=8095621527
2025.03.30 09:37:38 aiogram.event        INFO     Update id=511588296 is not handled. Duration 16 ms by bot id=8095621527
2025.03.30 09:37:38 aiogram.event        INFO     Update id=511588297 is not handled. Duration 17 ms by bot id=8095621527
2025.03.30 09:37:38 aiogram.event        INFO     Update id=511588298 is not handled. Duration 18 ms by bot id=8095621527
2025.03.30 09:37:38 aiogram.event        INFO     Update id=511588299 is not handled. Duration 18 ms by bot id=8095621527
2025.03.30 09:37:38 aiogram.event        INFO     Update id=511588300 is not handled. Duration 16 ms by bot id=8095621527
2025.03.30 09:37:45 aiogram.event        INFO     Update id=511588301 is not handled. Duration 2 ms by bot id=8095621527
2025.03.30 09:38:39 aiogram.event        INFO     Update id=511588302 is handled. Duration 0 ms by bot id=8095621527
2025.03.30 09:38:39 aiogram.event        INFO     Update id=511588303 is handled. Duration 0 ms by bot id=8095621527
2025.03.30 09:38:52 aiogram.event        INFO     Update id=511588304 is not handled. Duration 1 ms by bot id=8095621527
2025.03.30 09:39:06 aiogram.event        INFO     Update id=511588305 is handled. Duration 0 ms by bot id=8095621527
2025.03.30 09:39:14 aiogram.event        INFO     Update id=511588306 is not handled. Duration 1 ms by bot id=8095621527
2025.03.30 09:39:25 aiogram.event        INFO     Update id=511588307 is not handled. Duration 2 ms by bot id=8095621527
2025.03.30 09:40:11 aiogram.event        INFO     Update id=511588308 is not handled. Duration 3 ms by bot id=8095621527
2025.03.30 09:40:19 aiogram.event        INFO     Update id=511588309 is handled. Duration 1 ms by bot id=8095621527
2025.03.30 09:40:29 aiogram.event        INFO     Update id=511588310 is not handled. Duration 5 ms by bot id=8095621527
2025.03.30 09:40:31 aiogram.event        INFO     Update id=511588311 is not handled. Duration 1 ms by bot id=8095621527
2025.03.30 09:40:41 aiogram.event        INFO     Update id=511588312 is not handled. Duration 1 ms by bot id=8095621527
2025.03.30 09:40:44 aiogram.event        INFO     Update id=511588313 is not handled. Duration 2 ms by bot id=8095621527
2025.03.30 09:40:55 aiogram.event        INFO     Update id=511588314 is not handled. Duration 1 ms by bot id=8095621527
2025.03.30 09:43:54 aiogram.event        INFO     Update id=511588315 is handled. Duration 0 ms by bot id=8095621527
2025.03.30 09:43:55 aiogram.event        INFO     Update id=511588316 is handled. Duration 0 ms by bot id=8095621527
2025.03.30 09:43:56 aiogram.event        INFO     Update id=511588317 is handled. Duration 0 ms by bot id=8095621527
2025.03.30 09:44:07 aiogram.event        INFO     Update id=511588318 is handled. Duration 0 ms by bot id=8095621527
2025.03.30 09:44:08 aiogram.event        INFO     Update id=511588319 is handled. Duration 0 ms by bot id=8095621527
2025.03.30 09:44:08 aiogram.event        INFO     Update id=511588320 is handled. Duration 0 ms by bot id=8095621527
2025.03.30 09:45:07 aiogram.event        INFO     Update id=511588321 is handled. Duration 0 ms by bot id=8095621527
2025.03.30 09:45:27 aiogram.event        INFO     Update id=511588322 is handled. Duration 0 ms by bot id=8095621527
2025.03.30 09:45:53 aiogram.event        INFO     Update id=511588323 is handled. Duration 0 ms by bot id=8095621527
2025.03.30 09:45:57 aiogram.event        INFO     Update id=511588324 is handled. Duration 0 ms by bot id=8095621527
2025.03.30 09:46:04 aiogram.dispatcher   WARNING  Received SIGINT signal
2025.03.30 09:46:04 aiogram.dispatcher   INFO     Polling stopped for bot @dllmasterbot id=8095621527 - 'DLLMaster for Music'
2025.03.30 09:46:04 aiogram.dispatcher   INFO     Polling stopped
2025.03.30 09:46:04 __main__             INFO     🛑 Polling stopped
2025.03.30 09:46:04 __main__             INFO     🔴 Bot stopped
2025.03.30 09:46:10 __main__             INFO     🤖 Starting bot...
2025.03.30 09:46:10 __main__             INFO     🚀 Starting bot initialization...
2025.03.30 09:46:10 __main__             INFO     ✅ Database initialized successfully
2025.03.30 09:46:10 core.spotify_handler INFO     Spotify API ilə əlaqə quruldu.
2025.03.30 09:46:10 __main__             INFO     ✅ Spotify service initialized
2025.03.30 09:46:10 core.youtube_handler INFO     firefox brauzerindən cookies istifadə edilir.
2025.03.30 09:46:10 __main__             INFO     ✅ YouTube services initialized (firefox)
2025.03.30 09:46:10 __main__             INFO     🔌 Loading plugins...
2025.03.30 09:46:10 __main__             INFO     🔍 Scanning plugins in: plugins
2025.03.30 09:46:10 __main__             INFO     🔄 Loading: plugins.spotify_plugin
2025.03.30 09:46:10 __main__             INFO     ✅ Loaded (sync): plugins.spotify_plugin
2025.03.30 09:46:10 __main__             INFO     🔄 Loading: plugins.menu_plugin
2025.03.30 09:46:10 __main__             INFO     ✅ Loaded (sync): plugins.menu_plugin
2025.03.30 09:46:10 __main__             INFO     🔄 Loading: plugins.sudo_plugin
2025.03.30 09:46:10 __main__             INFO     ✅ Loaded (sync): plugins.sudo_plugin
2025.03.30 09:46:10 __main__             INFO     🔄 Loading: plugins.youtube_plugin
2025.03.30 09:46:10 __main__             INFO     ✅ Loaded (sync): plugins.youtube_plugin
2025.03.30 09:46:10 __main__             INFO     🔄 Loading: plugins.neofetch_plugin
2025.03.30 09:46:10 __main__             INFO     ✅ Loaded (sync): plugins.neofetch_plugin
2025.03.30 09:46:10 __main__             INFO     🔄 Loading: plugins.report_plugin
2025.03.30 09:46:10 __main__             INFO     ✅ Loaded (async): plugins.report_plugin
2025.03.30 09:46:10 __main__             INFO     🔄 Loading: plugins.del_plugin
2025.03.30 09:46:10 __main__             INFO     ✅ Loaded (sync): plugins.del_plugin
2025.03.30 09:46:10 __main__             INFO     🔄 Loading: plugins.music_plugin
2025.03.30 09:46:10 __main__             INFO     ✅ Loaded (sync): plugins.music_plugin
2025.03.30 09:46:10 __main__             INFO     🔄 Loading: plugins.start_plugin
2025.03.30 09:46:10 __main__             INFO     ✅ Loaded (async): plugins.start_plugin
2025.03.30 09:46:10 __main__             INFO     🔄 Loading: plugins.broadcast_plugin
2025.03.30 09:46:10 __main__             INFO     ✅ Loaded (sync): plugins.broadcast_plugin
2025.03.30 09:46:10 __main__             INFO     🔄 Loading: plugins.speedtest_plugin
2025.03.30 09:46:10 __main__             INFO     ✅ Loaded (sync): plugins.speedtest_plugin
2025.03.30 09:46:10 __main__             INFO     🔄 Loading: plugins.bot_logs
2025.03.30 09:46:10 __main__             INFO     ✅ Loaded (async): plugins.bot_logs
2025.03.30 09:46:10 __main__             INFO     🔄 Loading: plugins.bass
2025.03.30 09:46:10 __main__             INFO     ✅ Loaded (async): plugins.bass
2025.03.30 09:46:10 __main__             INFO     🚀 Starting polling...
2025.03.30 09:46:10 aiogram.dispatcher   INFO     Start polling
2025.03.30 09:46:10 aiogram.dispatcher   INFO     Run polling for bot @dllmasterbot id=8095621527 - 'DLLMaster for Music'
2025.03.30 09:46:13 aiogram.event        INFO     Update id=511588325 is not handled. Duration 1 ms by bot id=8095621527
2025.03.30 09:46:22 aiogram.event        INFO     Update id=511588326 is not handled. Duration 1 ms by bot id=8095621527
2025.03.30 09:46:22 aiogram.event        ERROR    Cause exception while process update id=511588326 by bot id=8095621527
AttributeError: 'Bot' object has no attribute 'app_context'
Traceback (most recent call last):
  File "/home/admin/.local/lib/python3.11/site-packages/aiogram/dispatcher/dispatcher.py", line 309, in _process_update
    response = await self.feed_update(bot, update, **kwargs)
               ^^^^^^^^^^^^^^^^^^^^^^^^^^^^^^^^^^^^^^^^^^^^^
  File "/home/admin/.local/lib/python3.11/site-packages/aiogram/dispatcher/dispatcher.py", line 158, in feed_update
    response = await self.update.wrap_outer_middleware(
               ^^^^^^^^^^^^^^^^^^^^^^^^^^^^^^^^^^^^^^^^
  File "/home/admin/.local/lib/python3.11/site-packages/aiogram/dispatcher/middlewares/error.py", line 25, in __call__
    return await handler(event, data)
           ^^^^^^^^^^^^^^^^^^^^^^^^^^
  File "/home/admin/.local/lib/python3.11/site-packages/aiogram/dispatcher/middlewares/user_context.py", line 56, in __call__
    return await handler(event, data)
           ^^^^^^^^^^^^^^^^^^^^^^^^^^
  File "/home/admin/.local/lib/python3.11/site-packages/aiogram/fsm/middleware.py", line 42, in __call__
    return await handler(event, data)
           ^^^^^^^^^^^^^^^^^^^^^^^^^^
  File "/home/admin/.local/lib/python3.11/site-packages/aiogram/dispatcher/event/telegram.py", line 121, in trigger
    return await wrapped_inner(event, kwargs)
           ^^^^^^^^^^^^^^^^^^^^^^^^^^^^^^^^^^
  File "/home/admin/.local/lib/python3.11/site-packages/aiogram/dispatcher/event/handler.py", line 43, in call
    return await wrapped()
           ^^^^^^^^^^^^^^^
  File "/home/admin/.local/lib/python3.11/site-packages/aiogram/dispatcher/dispatcher.py", line 276, in _listen_update
    return await self.propagate_event(update_type=update_type, event=event, **kwargs)
           ^^^^^^^^^^^^^^^^^^^^^^^^^^^^^^^^^^^^^^^^^^^^^^^^^^^^^^^^^^^^^^^^^^^^^^^^^^
  File "/home/admin/.local/lib/python3.11/site-packages/aiogram/dispatcher/router.py", line 146, in propagate_event
    return await observer.wrap_outer_middleware(_wrapped, event=event, data=kwargs)
           ^^^^^^^^^^^^^^^^^^^^^^^^^^^^^^^^^^^^^^^^^^^^^^^^^^^^^^^^^^^^^^^^^^^^^^^^
  File "/home/admin/.local/lib/python3.11/site-packages/aiogram/dispatcher/router.py", line 141, in _wrapped
    return await self._propagate_event(
           ^^^^^^^^^^^^^^^^^^^^^^^^^^^^
  File "/home/admin/.local/lib/python3.11/site-packages/aiogram/dispatcher/router.py", line 166, in _propagate_event
    response = await observer.trigger(event, **kwargs)
               ^^^^^^^^^^^^^^^^^^^^^^^^^^^^^^^^^^^^^^^
  File "/home/admin/.local/lib/python3.11/site-packages/aiogram/dispatcher/event/telegram.py", line 121, in trigger
    return await wrapped_inner(event, kwargs)
           ^^^^^^^^^^^^^^^^^^^^^^^^^^^^^^^^^^
  File "/home/admin/.local/lib/python3.11/site-packages/aiogram/dispatcher/event/handler.py", line 43, in call
    return await wrapped()
           ^^^^^^^^^^^^^^^
  File "/home/admin/DLMaster/plugins/bass.py", line 18, in bass_command
    context = message.bot.app_context
              ^^^^^^^^^^^^^^^^^^^^^^^
AttributeError: 'Bot' object has no attribute 'app_context'
2025.03.30 09:46:25 aiogram.event        INFO     Update id=511588327 is handled. Duration 0 ms by bot id=8095621527
2025.03.30 09:46:26 aiogram.event        INFO     Update id=511588328 is handled. Duration 0 ms by bot id=8095621527
2025.03.30 09:46:26 aiogram.event        INFO     Update id=511588329 is handled. Duration 0 ms by bot id=8095621527
2025.03.30 09:46:40 aiogram.event        INFO     Update id=511588330 is handled. Duration 2304 ms by bot id=8095621527
2025.03.30 09:47:01 aiogram.event        INFO     Update id=511588331 is handled. Duration 0 ms by bot id=8095621527
2025.03.30 09:49:03 aiogram.dispatcher   WARNING  Received SIGINT signal
2025.03.30 09:49:03 aiogram.dispatcher   INFO     Polling stopped for bot @dllmasterbot id=8095621527 - 'DLLMaster for Music'
2025.03.30 09:49:03 aiogram.dispatcher   INFO     Polling stopped
2025.03.30 09:49:03 __main__             INFO     🛑 Polling stopped
2025.03.30 09:49:03 __main__             INFO     🔴 Bot stopped
2025.03.30 09:49:10 __main__             INFO     🤖 Starting bot...
2025.03.30 09:49:10 __main__             INFO     🚀 Starting bot initialization...
2025.03.30 09:49:10 __main__             INFO     ✅ Database initialized successfully
2025.03.30 09:49:10 core.spotify_handler INFO     Spotify API ilə əlaqə quruldu.
2025.03.30 09:49:10 __main__             INFO     ✅ Spotify service initialized
2025.03.30 09:49:10 core.youtube_handler INFO     firefox brauzerindən cookies istifadə edilir.
2025.03.30 09:49:10 __main__             INFO     ✅ YouTube services initialized (firefox)
2025.03.30 09:49:10 __main__             INFO     🔌 Loading plugins...
2025.03.30 09:49:10 __main__             INFO     🔍 Scanning plugins in: plugins
2025.03.30 09:49:10 __main__             INFO     🔄 Loading: plugins.spotify_plugin
2025.03.30 09:49:10 __main__             INFO     ✅ Loaded (sync): plugins.spotify_plugin
2025.03.30 09:49:10 __main__             INFO     🔄 Loading: plugins.menu_plugin
2025.03.30 09:49:10 __main__             INFO     ✅ Loaded (sync): plugins.menu_plugin
2025.03.30 09:49:10 __main__             INFO     🔄 Loading: plugins.sudo_plugin
2025.03.30 09:49:10 __main__             INFO     ✅ Loaded (sync): plugins.sudo_plugin
2025.03.30 09:49:10 __main__             INFO     🔄 Loading: plugins.youtube_plugin
2025.03.30 09:49:10 __main__             INFO     ✅ Loaded (sync): plugins.youtube_plugin
2025.03.30 09:49:10 __main__             INFO     🔄 Loading: plugins.neofetch_plugin
2025.03.30 09:49:10 __main__             INFO     ✅ Loaded (sync): plugins.neofetch_plugin
2025.03.30 09:49:10 __main__             INFO     🔄 Loading: plugins.report_plugin
2025.03.30 09:49:10 __main__             INFO     ✅ Loaded (async): plugins.report_plugin
2025.03.30 09:49:10 __main__             INFO     🔄 Loading: plugins.del_plugin
2025.03.30 09:49:10 __main__             INFO     ✅ Loaded (sync): plugins.del_plugin
2025.03.30 09:49:10 __main__             INFO     🔄 Loading: plugins.music_plugin
2025.03.30 09:49:10 __main__             INFO     ✅ Loaded (sync): plugins.music_plugin
2025.03.30 09:49:10 __main__             INFO     🔄 Loading: plugins.start_plugin
2025.03.30 09:49:10 __main__             INFO     ✅ Loaded (async): plugins.start_plugin
2025.03.30 09:49:10 __main__             INFO     🔄 Loading: plugins.broadcast_plugin
2025.03.30 09:49:10 __main__             INFO     ✅ Loaded (sync): plugins.broadcast_plugin
2025.03.30 09:49:10 __main__             INFO     🔄 Loading: plugins.speedtest_plugin
2025.03.30 09:49:10 __main__             INFO     ✅ Loaded (sync): plugins.speedtest_plugin
2025.03.30 09:49:10 __main__             INFO     🔄 Loading: plugins.bot_logs
2025.03.30 09:49:10 __main__             INFO     ✅ Loaded (async): plugins.bot_logs
2025.03.30 09:49:10 __main__             INFO     🔄 Loading: plugins.bass
2025.03.30 09:49:10 __main__             INFO     ✅ Loaded (async): plugins.bass
2025.03.30 09:49:10 __main__             INFO     🚀 Starting polling...
2025.03.30 09:49:10 aiogram.dispatcher   INFO     Start polling
2025.03.30 09:49:10 aiogram.dispatcher   INFO     Run polling for bot @dllmasterbot id=8095621527 - 'DLLMaster for Music'
2025.03.30 09:49:18 core.cookies_handler INFO     firefox brauzerindən cookies istifadə edilir.
2025.03.30 09:49:21 aiogram.event        INFO     Update id=511588332 is handled. Duration 3075 ms by bot id=8095621527
2025.03.30 09:49:29 aiogram.event        INFO     Update id=511588333 is not handled. Duration 128 ms by bot id=8095621527
2025.03.30 09:49:29 aiogram.event        ERROR    Cause exception while process update id=511588333 by bot id=8095621527
ValueError: invalid literal for int() with base 10: '//www.youtube.com/watch?v=Vh_3zdmaHbk'
Traceback (most recent call last):
  File "/home/admin/.local/lib/python3.11/site-packages/aiogram/dispatcher/dispatcher.py", line 309, in _process_update
    response = await self.feed_update(bot, update, **kwargs)
               ^^^^^^^^^^^^^^^^^^^^^^^^^^^^^^^^^^^^^^^^^^^^^
  File "/home/admin/.local/lib/python3.11/site-packages/aiogram/dispatcher/dispatcher.py", line 158, in feed_update
    response = await self.update.wrap_outer_middleware(
               ^^^^^^^^^^^^^^^^^^^^^^^^^^^^^^^^^^^^^^^^
  File "/home/admin/.local/lib/python3.11/site-packages/aiogram/dispatcher/middlewares/error.py", line 25, in __call__
    return await handler(event, data)
           ^^^^^^^^^^^^^^^^^^^^^^^^^^
  File "/home/admin/.local/lib/python3.11/site-packages/aiogram/dispatcher/middlewares/user_context.py", line 56, in __call__
    return await handler(event, data)
           ^^^^^^^^^^^^^^^^^^^^^^^^^^
  File "/home/admin/.local/lib/python3.11/site-packages/aiogram/fsm/middleware.py", line 42, in __call__
    return await handler(event, data)
           ^^^^^^^^^^^^^^^^^^^^^^^^^^
  File "/home/admin/.local/lib/python3.11/site-packages/aiogram/dispatcher/event/telegram.py", line 121, in trigger
    return await wrapped_inner(event, kwargs)
           ^^^^^^^^^^^^^^^^^^^^^^^^^^^^^^^^^^
  File "/home/admin/.local/lib/python3.11/site-packages/aiogram/dispatcher/event/handler.py", line 43, in call
    return await wrapped()
           ^^^^^^^^^^^^^^^
  File "/home/admin/.local/lib/python3.11/site-packages/aiogram/dispatcher/dispatcher.py", line 276, in _listen_update
    return await self.propagate_event(update_type=update_type, event=event, **kwargs)
           ^^^^^^^^^^^^^^^^^^^^^^^^^^^^^^^^^^^^^^^^^^^^^^^^^^^^^^^^^^^^^^^^^^^^^^^^^^
  File "/home/admin/.local/lib/python3.11/site-packages/aiogram/dispatcher/router.py", line 146, in propagate_event
    return await observer.wrap_outer_middleware(_wrapped, event=event, data=kwargs)
           ^^^^^^^^^^^^^^^^^^^^^^^^^^^^^^^^^^^^^^^^^^^^^^^^^^^^^^^^^^^^^^^^^^^^^^^^
  File "/home/admin/.local/lib/python3.11/site-packages/aiogram/dispatcher/router.py", line 141, in _wrapped
    return await self._propagate_event(
           ^^^^^^^^^^^^^^^^^^^^^^^^^^^^
  File "/home/admin/.local/lib/python3.11/site-packages/aiogram/dispatcher/router.py", line 166, in _propagate_event
    response = await observer.trigger(event, **kwargs)
               ^^^^^^^^^^^^^^^^^^^^^^^^^^^^^^^^^^^^^^^
  File "/home/admin/.local/lib/python3.11/site-packages/aiogram/dispatcher/event/telegram.py", line 121, in trigger
    return await wrapped_inner(event, kwargs)
           ^^^^^^^^^^^^^^^^^^^^^^^^^^^^^^^^^^
  File "/home/admin/.local/lib/python3.11/site-packages/aiogram/dispatcher/event/handler.py", line 43, in call
    return await wrapped()
           ^^^^^^^^^^^^^^^
  File "/home/admin/DLMaster/plugins/bass.py", line 42, in bass_callback
    url, duration = data[1], int(data[2])
                             ^^^^^^^^^^^^
ValueError: invalid literal for int() with base 10: '//www.youtube.com/watch?v=Vh_3zdmaHbk'
2025.03.30 09:49:45 aiogram.event        INFO     Update id=511588334 is handled. Duration 177 ms by bot id=8095621527
2025.03.30 09:49:49 aiogram.event        INFO     Update id=511588335 is not handled. Duration 1 ms by bot id=8095621527
2025.03.30 09:50:03 aiogram.event        INFO     Update id=511588336 is not handled. Duration 1 ms by bot id=8095621527
2025.03.30 09:51:20 aiogram.event        INFO     Update id=511588337 is handled. Duration 0 ms by bot id=8095621527
2025.03.30 09:51:20 aiogram.event        INFO     Update id=511588338 is handled. Duration 0 ms by bot id=8095621527
2025.03.30 09:51:20 aiogram.event        INFO     Update id=511588339 is handled. Duration 0 ms by bot id=8095621527
2025.03.30 09:51:20 aiogram.event        INFO     Update id=511588340 is handled. Duration 0 ms by bot id=8095621527
2025.03.30 09:51:21 aiogram.event        INFO     Update id=511588341 is handled. Duration 0 ms by bot id=8095621527
2025.03.30 09:51:53 core.cookies_handler INFO     firefox brauzerindən cookies istifadə edilir.
2025.03.30 09:51:55 aiogram.event        INFO     Update id=511588342 is handled. Duration 2264 ms by bot id=8095621527
2025.03.30 09:53:21 aiogram.dispatcher   WARNING  Received SIGINT signal
2025.03.30 09:53:21 aiogram.dispatcher   INFO     Polling stopped for bot @dllmasterbot id=8095621527 - 'DLLMaster for Music'
2025.03.30 09:53:21 aiogram.dispatcher   INFO     Polling stopped
2025.03.30 09:53:21 __main__             INFO     🛑 Polling stopped
2025.03.30 09:53:21 __main__             INFO     🔴 Bot stopped
2025.03.30 09:53:28 __main__             INFO     🤖 Starting bot...
2025.03.30 09:53:28 __main__             INFO     🚀 Starting bot initialization...
2025.03.30 09:53:28 __main__             INFO     ✅ Database initialized successfully
2025.03.30 09:53:28 core.spotify_handler INFO     Spotify API ilə əlaqə quruldu.
2025.03.30 09:53:28 __main__             INFO     ✅ Spotify service initialized
2025.03.30 09:53:28 core.youtube_handler INFO     firefox brauzerindən cookies istifadə edilir.
2025.03.30 09:53:28 __main__             INFO     ✅ YouTube services initialized (firefox)
2025.03.30 09:53:28 __main__             INFO     🔌 Loading plugins...
2025.03.30 09:53:28 __main__             INFO     🔍 Scanning plugins in: plugins
2025.03.30 09:53:28 __main__             INFO     🔄 Loading: plugins.spotify_plugin
2025.03.30 09:53:28 __main__             INFO     ✅ Loaded (sync): plugins.spotify_plugin
2025.03.30 09:53:28 __main__             INFO     🔄 Loading: plugins.menu_plugin
2025.03.30 09:53:28 __main__             INFO     ✅ Loaded (sync): plugins.menu_plugin
2025.03.30 09:53:28 __main__             INFO     🔄 Loading: plugins.sudo_plugin
2025.03.30 09:53:28 __main__             INFO     ✅ Loaded (sync): plugins.sudo_plugin
2025.03.30 09:53:28 __main__             INFO     🔄 Loading: plugins.youtube_plugin
2025.03.30 09:53:28 __main__             INFO     ✅ Loaded (sync): plugins.youtube_plugin
2025.03.30 09:53:28 __main__             INFO     🔄 Loading: plugins.neofetch_plugin
2025.03.30 09:53:28 __main__             INFO     ✅ Loaded (sync): plugins.neofetch_plugin
2025.03.30 09:53:28 __main__             INFO     🔄 Loading: plugins.report_plugin
2025.03.30 09:53:28 __main__             INFO     ✅ Loaded (async): plugins.report_plugin
2025.03.30 09:53:28 __main__             INFO     🔄 Loading: plugins.del_plugin
2025.03.30 09:53:28 __main__             INFO     ✅ Loaded (sync): plugins.del_plugin
2025.03.30 09:53:28 __main__             INFO     🔄 Loading: plugins.music_plugin
2025.03.30 09:53:28 __main__             INFO     ✅ Loaded (sync): plugins.music_plugin
2025.03.30 09:53:28 __main__             INFO     🔄 Loading: plugins.start_plugin
2025.03.30 09:53:28 __main__             INFO     ✅ Loaded (async): plugins.start_plugin
2025.03.30 09:53:28 __main__             INFO     🔄 Loading: plugins.broadcast_plugin
2025.03.30 09:53:28 __main__             INFO     ✅ Loaded (sync): plugins.broadcast_plugin
2025.03.30 09:53:28 __main__             INFO     🔄 Loading: plugins.speedtest_plugin
2025.03.30 09:53:28 __main__             INFO     ✅ Loaded (sync): plugins.speedtest_plugin
2025.03.30 09:53:28 __main__             INFO     🔄 Loading: plugins.bot_logs
2025.03.30 09:53:28 __main__             INFO     ✅ Loaded (async): plugins.bot_logs
2025.03.30 09:53:28 __main__             INFO     🔄 Loading: plugins.bass
2025.03.30 09:53:28 __main__             INFO     ✅ Loaded (async): plugins.bass
2025.03.30 09:53:28 __main__             INFO     🚀 Starting polling...
2025.03.30 09:53:28 aiogram.dispatcher   INFO     Start polling
2025.03.30 09:53:28 aiogram.dispatcher   INFO     Run polling for bot @dllmasterbot id=8095621527 - 'DLLMaster for Music'
2025.03.30 09:53:40 core.cookies_handler INFO     firefox brauzerindən cookies istifadə edilir.
2025.03.30 09:53:43 aiogram.event        INFO     Update id=511588343 is handled. Duration 3158 ms by bot id=8095621527
2025.03.30 09:53:47 aiogram.event        INFO     Update id=511588344 is handled. Duration 197 ms by bot id=8095621527
2025.03.30 09:55:07 aiogram.event        INFO     Update id=511588345 is handled. Duration 0 ms by bot id=8095621527
2025.03.30 09:56:12 aiogram.event        INFO     Update id=511588346 is handled. Duration 0 ms by bot id=8095621527
2025.03.30 09:56:13 aiogram.event        INFO     Update id=511588347 is handled. Duration 0 ms by bot id=8095621527
2025.03.30 09:56:13 aiogram.dispatcher   WARNING  Received SIGINT signal
2025.03.30 09:56:13 aiogram.dispatcher   INFO     Polling stopped for bot @dllmasterbot id=8095621527 - 'DLLMaster for Music'
2025.03.30 09:56:13 aiogram.dispatcher   INFO     Polling stopped
2025.03.30 09:56:13 __main__             INFO     🛑 Polling stopped
2025.03.30 09:56:13 __main__             INFO     🔴 Bot stopped
2025.03.30 09:56:19 __main__             INFO     🤖 Starting bot...
2025.03.30 09:56:19 __main__             INFO     🚀 Starting bot initialization...
2025.03.30 09:56:20 __main__             INFO     ✅ Database initialized successfully
2025.03.30 09:56:20 core.spotify_handler INFO     Spotify API ilə əlaqə quruldu.
2025.03.30 09:56:20 __main__             INFO     ✅ Spotify service initialized
2025.03.30 09:56:20 core.youtube_handler INFO     firefox brauzerindən cookies istifadə edilir.
2025.03.30 09:56:20 __main__             INFO     ✅ YouTube services initialized (firefox)
2025.03.30 09:56:20 __main__             INFO     🔌 Loading plugins...
2025.03.30 09:56:20 __main__             INFO     🔍 Scanning plugins in: plugins
2025.03.30 09:56:20 __main__             INFO     🔄 Loading: plugins.spotify_plugin
2025.03.30 09:56:20 __main__             INFO     ✅ Loaded (sync): plugins.spotify_plugin
2025.03.30 09:56:20 __main__             INFO     🔄 Loading: plugins.menu_plugin
2025.03.30 09:56:20 __main__             INFO     ✅ Loaded (sync): plugins.menu_plugin
2025.03.30 09:56:20 __main__             INFO     🔄 Loading: plugins.sudo_plugin
2025.03.30 09:56:20 __main__             INFO     ✅ Loaded (sync): plugins.sudo_plugin
2025.03.30 09:56:20 __main__             INFO     🔄 Loading: plugins.youtube_plugin
2025.03.30 09:56:20 __main__             INFO     ✅ Loaded (sync): plugins.youtube_plugin
2025.03.30 09:56:20 __main__             INFO     🔄 Loading: plugins.neofetch_plugin
2025.03.30 09:56:20 __main__             INFO     ✅ Loaded (sync): plugins.neofetch_plugin
2025.03.30 09:56:20 __main__             INFO     🔄 Loading: plugins.report_plugin
2025.03.30 09:56:20 __main__             INFO     ✅ Loaded (async): plugins.report_plugin
2025.03.30 09:56:20 __main__             INFO     🔄 Loading: plugins.del_plugin
2025.03.30 09:56:20 __main__             INFO     ✅ Loaded (sync): plugins.del_plugin
2025.03.30 09:56:20 __main__             INFO     🔄 Loading: plugins.music_plugin
2025.03.30 09:56:20 __main__             INFO     ✅ Loaded (sync): plugins.music_plugin
2025.03.30 09:56:20 __main__             INFO     🔄 Loading: plugins.start_plugin
2025.03.30 09:56:20 __main__             INFO     ✅ Loaded (async): plugins.start_plugin
2025.03.30 09:56:20 __main__             INFO     🔄 Loading: plugins.broadcast_plugin
2025.03.30 09:56:20 __main__             INFO     ✅ Loaded (sync): plugins.broadcast_plugin
2025.03.30 09:56:20 __main__             INFO     🔄 Loading: plugins.speedtest_plugin
2025.03.30 09:56:20 __main__             INFO     ✅ Loaded (sync): plugins.speedtest_plugin
2025.03.30 09:56:20 __main__             INFO     🔄 Loading: plugins.bot_logs
2025.03.30 09:56:20 __main__             INFO     ✅ Loaded (async): plugins.bot_logs
2025.03.30 09:56:20 __main__             INFO     🔄 Loading: plugins.bass
2025.03.30 09:56:20 __main__             INFO     ✅ Loaded (async): plugins.bass
2025.03.30 09:56:20 __main__             INFO     🚀 Starting polling...
2025.03.30 09:56:20 aiogram.dispatcher   INFO     Start polling
2025.03.30 09:56:20 aiogram.dispatcher   INFO     Run polling for bot @dllmasterbot id=8095621527 - 'DLLMaster for Music'
2025.03.30 09:56:20 aiogram.event        INFO     Update id=511588348 is handled. Duration 0 ms by bot id=8095621527
2025.03.30 09:56:28 core.cookies_handler INFO     firefox brauzerindən cookies istifadə edilir.
2025.03.30 09:56:31 aiogram.event        INFO     Update id=511588349 is handled. Duration 2709 ms by bot id=8095621527
2025.03.30 09:56:34 aiogram.event        INFO     Update id=511588350 is handled. Duration 72 ms by bot id=8095621527
2025.03.30 09:57:50 aiogram.event        INFO     Update id=511588351 is not handled. Duration 1 ms by bot id=8095621527
2025.03.30 09:57:59 aiogram.event        INFO     Update id=511588352 is not handled. Duration 1 ms by bot id=8095621527
2025.03.30 09:58:13 aiogram.event        INFO     Update id=511588353 is not handled. Duration 1 ms by bot id=8095621527
2025.03.30 09:58:15 aiogram.event        INFO     Update id=511588354 is not handled. Duration 1 ms by bot id=8095621527
2025.03.30 09:59:04 aiogram.event        INFO     Update id=511588355 is not handled. Duration 1 ms by bot id=8095621527
2025.03.30 09:59:04 aiogram.event        INFO     Update id=511588356 is not handled. Duration 1 ms by bot id=8095621527
2025.03.30 09:59:26 aiogram.dispatcher   WARNING  Received SIGINT signal
2025.03.30 09:59:26 aiogram.dispatcher   INFO     Polling stopped for bot @dllmasterbot id=8095621527 - 'DLLMaster for Music'
2025.03.30 09:59:26 aiogram.dispatcher   INFO     Polling stopped
2025.03.30 09:59:26 __main__             INFO     🛑 Polling stopped
2025.03.30 09:59:26 __main__             INFO     🔴 Bot stopped
2025.03.30 09:59:31 __main__             INFO     🤖 Starting bot...
2025.03.30 09:59:31 __main__             INFO     🚀 Starting bot initialization...
2025.03.30 09:59:31 __main__             INFO     ✅ Database initialized successfully
2025.03.30 09:59:31 core.spotify_handler INFO     Spotify API ilə əlaqə quruldu.
2025.03.30 09:59:31 __main__             INFO     ✅ Spotify service initialized
2025.03.30 09:59:31 core.youtube_handler INFO     firefox brauzerindən cookies istifadə edilir.
2025.03.30 09:59:31 __main__             INFO     ✅ YouTube services initialized (firefox)
2025.03.30 09:59:31 __main__             INFO     🔌 Loading plugins...
2025.03.30 09:59:31 __main__             INFO     🔍 Scanning plugins in: plugins
2025.03.30 09:59:31 __main__             INFO     🔄 Loading: plugins.spotify_plugin
2025.03.30 09:59:31 __main__             INFO     ✅ Loaded (sync): plugins.spotify_plugin
2025.03.30 09:59:31 __main__             INFO     🔄 Loading: plugins.menu_plugin
2025.03.30 09:59:31 __main__             INFO     ✅ Loaded (sync): plugins.menu_plugin
2025.03.30 09:59:31 __main__             INFO     🔄 Loading: plugins.sudo_plugin
2025.03.30 09:59:31 __main__             INFO     ✅ Loaded (sync): plugins.sudo_plugin
2025.03.30 09:59:31 __main__             INFO     🔄 Loading: plugins.youtube_plugin
2025.03.30 09:59:31 __main__             INFO     ✅ Loaded (sync): plugins.youtube_plugin
2025.03.30 09:59:31 __main__             INFO     🔄 Loading: plugins.neofetch_plugin
2025.03.30 09:59:31 __main__             INFO     ✅ Loaded (sync): plugins.neofetch_plugin
2025.03.30 09:59:31 __main__             INFO     🔄 Loading: plugins.report_plugin
2025.03.30 09:59:31 __main__             INFO     ✅ Loaded (async): plugins.report_plugin
2025.03.30 09:59:31 __main__             INFO     🔄 Loading: plugins.del_plugin
2025.03.30 09:59:31 __main__             INFO     ✅ Loaded (sync): plugins.del_plugin
2025.03.30 09:59:31 __main__             INFO     🔄 Loading: plugins.music_plugin
2025.03.30 09:59:31 __main__             INFO     ✅ Loaded (sync): plugins.music_plugin
2025.03.30 09:59:31 __main__             INFO     🔄 Loading: plugins.start_plugin
2025.03.30 09:59:31 __main__             INFO     ✅ Loaded (async): plugins.start_plugin
2025.03.30 09:59:31 __main__             INFO     🔄 Loading: plugins.broadcast_plugin
2025.03.30 09:59:31 __main__             INFO     ✅ Loaded (sync): plugins.broadcast_plugin
2025.03.30 09:59:31 __main__             INFO     🔄 Loading: plugins.speedtest_plugin
2025.03.30 09:59:31 __main__             INFO     ✅ Loaded (sync): plugins.speedtest_plugin
2025.03.30 09:59:31 __main__             INFO     🔄 Loading: plugins.bot_logs
2025.03.30 09:59:31 __main__             INFO     ✅ Loaded (async): plugins.bot_logs
2025.03.30 09:59:31 __main__             INFO     🔄 Loading: plugins.bass
2025.03.30 09:59:31 __main__             INFO     ✅ Loaded (async): plugins.bass
2025.03.30 09:59:31 __main__             INFO     🚀 Starting polling...
2025.03.30 09:59:31 aiogram.dispatcher   INFO     Start polling
2025.03.30 09:59:31 aiogram.dispatcher   INFO     Run polling for bot @dllmasterbot id=8095621527 - 'DLLMaster for Music'
2025.03.30 09:59:38 core.cookies_handler INFO     firefox brauzerindən cookies istifadə edilir.
2025.03.30 09:59:41 aiogram.event        INFO     Update id=511588357 is handled. Duration 2913 ms by bot id=8095621527
2025.03.30 10:00:05 aiogram.event        INFO     Update id=511588358 is handled. Duration 0 ms by bot id=8095621527
2025.03.30 10:00:06 aiogram.event        INFO     Update id=511588359 is handled. Duration 0 ms by bot id=8095621527
2025.03.30 10:00:06 aiogram.event        INFO     Update id=511588360 is handled. Duration 0 ms by bot id=8095621527
2025.03.30 10:00:07 aiogram.event        INFO     Update id=511588361 is handled. Duration 0 ms by bot id=8095621527
2025.03.30 10:00:20 core.cookies_handler INFO     firefox brauzerindən cookies istifadə edilir.
2025.03.30 10:00:27 aiogram.event        INFO     Update id=511588363 is not handled. Duration 1 ms by bot id=8095621527
2025.03.30 10:00:27 aiogram.event        INFO     Update id=511588362 is handled. Duration 7418 ms by bot id=8095621527
2025.03.30 10:01:19 core.cookies_handler INFO     firefox brauzerindən cookies istifadə edilir.
2025.03.30 10:01:20 aiogram.event        INFO     Update id=511588365 is handled. Duration 0 ms by bot id=8095621527
2025.03.30 10:01:26 aiogram.event        INFO     Update id=511588364 is handled. Duration 7296 ms by bot id=8095621527
2025.03.30 10:02:04 aiogram.dispatcher   WARNING  Received SIGINT signal
2025.03.30 10:02:04 aiogram.dispatcher   INFO     Polling stopped for bot @dllmasterbot id=8095621527 - 'DLLMaster for Music'
2025.03.30 10:02:04 aiogram.dispatcher   INFO     Polling stopped
2025.03.30 10:02:04 __main__             INFO     🛑 Polling stopped
2025.03.30 10:02:04 __main__             INFO     🔴 Bot stopped
2025.03.30 10:02:11 __main__             INFO     🤖 Starting bot...
2025.03.30 10:02:11 __main__             INFO     🚀 Starting bot initialization...
2025.03.30 10:02:11 __main__             INFO     ✅ Database initialized successfully
2025.03.30 10:02:11 core.spotify_handler INFO     Spotify API ilə əlaqə quruldu.
2025.03.30 10:02:11 __main__             INFO     ✅ Spotify service initialized
2025.03.30 10:02:11 core.youtube_handler INFO     firefox brauzerindən cookies istifadə edilir.
2025.03.30 10:02:11 __main__             INFO     ✅ YouTube services initialized (firefox)
2025.03.30 10:02:11 __main__             INFO     🔌 Loading plugins...
2025.03.30 10:02:11 __main__             INFO     🔍 Scanning plugins in: plugins
2025.03.30 10:02:11 __main__             INFO     🔄 Loading: plugins.spotify_plugin
2025.03.30 10:02:11 __main__             INFO     ✅ Loaded (sync): plugins.spotify_plugin
2025.03.30 10:02:11 __main__             INFO     🔄 Loading: plugins.menu_plugin
2025.03.30 10:02:11 __main__             INFO     ✅ Loaded (sync): plugins.menu_plugin
2025.03.30 10:02:11 __main__             INFO     🔄 Loading: plugins.sudo_plugin
2025.03.30 10:02:11 __main__             INFO     ✅ Loaded (sync): plugins.sudo_plugin
2025.03.30 10:02:11 __main__             INFO     🔄 Loading: plugins.youtube_plugin
2025.03.30 10:02:11 __main__             INFO     ✅ Loaded (sync): plugins.youtube_plugin
2025.03.30 10:02:11 __main__             INFO     🔄 Loading: plugins.neofetch_plugin
2025.03.30 10:02:11 __main__             INFO     ✅ Loaded (sync): plugins.neofetch_plugin
2025.03.30 10:02:11 __main__             INFO     🔄 Loading: plugins.report_plugin
2025.03.30 10:02:11 __main__             INFO     ✅ Loaded (async): plugins.report_plugin
2025.03.30 10:02:11 __main__             INFO     🔄 Loading: plugins.del_plugin
2025.03.30 10:02:11 __main__             INFO     ✅ Loaded (sync): plugins.del_plugin
2025.03.30 10:02:11 __main__             INFO     🔄 Loading: plugins.music_plugin
2025.03.30 10:02:11 __main__             INFO     ✅ Loaded (sync): plugins.music_plugin
2025.03.30 10:02:11 __main__             INFO     🔄 Loading: plugins.start_plugin
2025.03.30 10:02:11 __main__             INFO     ✅ Loaded (async): plugins.start_plugin
2025.03.30 10:02:11 __main__             INFO     🔄 Loading: plugins.broadcast_plugin
2025.03.30 10:02:11 __main__             INFO     ✅ Loaded (sync): plugins.broadcast_plugin
2025.03.30 10:02:11 __main__             INFO     🔄 Loading: plugins.speedtest_plugin
2025.03.30 10:02:11 __main__             INFO     ✅ Loaded (sync): plugins.speedtest_plugin
2025.03.30 10:02:11 __main__             INFO     🔄 Loading: plugins.bot_logs
2025.03.30 10:02:11 __main__             INFO     ✅ Loaded (async): plugins.bot_logs
2025.03.30 10:02:11 __main__             INFO     🔄 Loading: plugins.bass
2025.03.30 10:02:11 __main__             INFO     ✅ Loaded (async): plugins.bass
2025.03.30 10:02:11 __main__             INFO     🚀 Starting polling...
2025.03.30 10:02:11 aiogram.dispatcher   INFO     Start polling
2025.03.30 10:02:11 aiogram.dispatcher   INFO     Run polling for bot @dllmasterbot id=8095621527 - 'DLLMaster for Music'
2025.03.30 10:02:17 core.cookies_handler INFO     firefox brauzerindən cookies istifadə edilir.
2025.03.30 10:02:18 aiogram.event        INFO     Update id=511588367 is handled. Duration 0 ms by bot id=8095621527
2025.03.30 10:02:18 aiogram.event        INFO     Update id=511588368 is handled. Duration 0 ms by bot id=8095621527
2025.03.30 10:02:19 aiogram.event        INFO     Update id=511588366 is handled. Duration 2571 ms by bot id=8095621527
2025.03.30 10:02:20 aiogram.event        INFO     Update id=511588369 is handled. Duration 0 ms by bot id=8095621527
2025.03.30 10:02:20 core.cookies_handler INFO     firefox brauzerindən cookies istifadə edilir.
2025.03.30 10:02:21 aiogram.event        INFO     Update id=511588371 is handled. Duration 0 ms by bot id=8095621527
2025.03.30 10:02:22 aiogram.event        INFO     Update id=511588370 is handled. Duration 2077 ms by bot id=8095621527
2025.03.30 10:02:24 aiogram.event        INFO     Update id=511588372 is handled. Duration 0 ms by bot id=8095621527
2025.03.30 10:02:24 aiogram.event        INFO     Update id=511588373 is handled. Duration 79 ms by bot id=8095621527
2025.03.30 10:03:53 aiogram.event        INFO     Update id=511588374 is not handled. Duration 3 ms by bot id=8095621527
2025.03.30 10:03:53 aiogram.event        INFO     Update id=511588375 is not handled. Duration 3 ms by bot id=8095621527
2025.03.30 10:03:53 aiogram.event        INFO     Update id=511588376 is not handled. Duration 4 ms by bot id=8095621527
2025.03.30 10:03:53 aiogram.event        INFO     Update id=511588377 is not handled. Duration 1 ms by bot id=8095621527
2025.03.30 10:03:53 aiogram.event        INFO     Update id=511588378 is not handled. Duration 2 ms by bot id=8095621527
2025.03.30 10:03:53 aiogram.event        INFO     Update id=511588379 is not handled. Duration 2 ms by bot id=8095621527
2025.03.30 10:04:29 aiogram.event        INFO     Update id=511588380 is not handled. Duration 1 ms by bot id=8095621527
2025.03.30 10:04:41 aiogram.dispatcher   WARNING  Received SIGINT signal
2025.03.30 10:04:41 aiogram.dispatcher   INFO     Polling stopped for bot @dllmasterbot id=8095621527 - 'DLLMaster for Music'
2025.03.30 10:04:41 aiogram.dispatcher   INFO     Polling stopped
2025.03.30 10:04:41 __main__             INFO     🛑 Polling stopped
2025.03.30 10:04:41 __main__             INFO     🔴 Bot stopped
2025.03.30 10:04:47 __main__             INFO     🤖 Starting bot...
2025.03.30 10:04:47 __main__             INFO     🚀 Starting bot initialization...
2025.03.30 10:04:47 __main__             INFO     ✅ Database initialized successfully
2025.03.30 10:04:48 core.spotify_handler INFO     Spotify API ilə əlaqə quruldu.
2025.03.30 10:04:48 __main__             INFO     ✅ Spotify service initialized
2025.03.30 10:04:48 core.youtube_handler INFO     firefox brauzerindən cookies istifadə edilir.
2025.03.30 10:04:48 __main__             INFO     ✅ YouTube services initialized (firefox)
2025.03.30 10:04:48 __main__             INFO     🔌 Loading plugins...
2025.03.30 10:04:48 __main__             INFO     🔍 Scanning plugins in: plugins
2025.03.30 10:04:48 __main__             INFO     🔄 Loading: plugins.spotify_plugin
2025.03.30 10:04:48 __main__             INFO     ✅ Loaded (sync): plugins.spotify_plugin
2025.03.30 10:04:48 __main__             INFO     🔄 Loading: plugins.menu_plugin
2025.03.30 10:04:48 __main__             INFO     ✅ Loaded (sync): plugins.menu_plugin
2025.03.30 10:04:48 __main__             INFO     🔄 Loading: plugins.sudo_plugin
2025.03.30 10:04:48 __main__             INFO     ✅ Loaded (sync): plugins.sudo_plugin
2025.03.30 10:04:48 __main__             INFO     🔄 Loading: plugins.youtube_plugin
2025.03.30 10:04:48 __main__             INFO     ✅ Loaded (sync): plugins.youtube_plugin
2025.03.30 10:04:48 __main__             INFO     🔄 Loading: plugins.neofetch_plugin
2025.03.30 10:04:48 __main__             INFO     ✅ Loaded (sync): plugins.neofetch_plugin
2025.03.30 10:04:48 __main__             INFO     🔄 Loading: plugins.report_plugin
2025.03.30 10:04:48 __main__             INFO     ✅ Loaded (async): plugins.report_plugin
2025.03.30 10:04:48 __main__             INFO     🔄 Loading: plugins.del_plugin
2025.03.30 10:04:48 __main__             INFO     ✅ Loaded (sync): plugins.del_plugin
2025.03.30 10:04:48 __main__             INFO     🔄 Loading: plugins.music_plugin
2025.03.30 10:04:48 __main__             INFO     ✅ Loaded (sync): plugins.music_plugin
2025.03.30 10:04:48 __main__             INFO     🔄 Loading: plugins.start_plugin
2025.03.30 10:04:48 __main__             INFO     ✅ Loaded (async): plugins.start_plugin
2025.03.30 10:04:48 __main__             INFO     🔄 Loading: plugins.broadcast_plugin
2025.03.30 10:04:48 __main__             INFO     ✅ Loaded (sync): plugins.broadcast_plugin
2025.03.30 10:04:48 __main__             INFO     🔄 Loading: plugins.speedtest_plugin
2025.03.30 10:04:48 __main__             INFO     ✅ Loaded (sync): plugins.speedtest_plugin
2025.03.30 10:04:48 __main__             INFO     🔄 Loading: plugins.bot_logs
2025.03.30 10:04:48 __main__             INFO     ✅ Loaded (async): plugins.bot_logs
2025.03.30 10:04:48 __main__             INFO     🔄 Loading: plugins.bass
2025.03.30 10:04:48 __main__             INFO     ✅ Loaded (async): plugins.bass
2025.03.30 10:04:48 __main__             INFO     🚀 Starting polling...
2025.03.30 10:04:48 aiogram.dispatcher   INFO     Start polling
2025.03.30 10:04:48 aiogram.dispatcher   INFO     Run polling for bot @dllmasterbot id=8095621527 - 'DLLMaster for Music'
2025.03.30 10:04:55 plugins.bass         INFO     Searching YouTube for: inna hot
2025.03.30 10:04:55 core.cookies_handler INFO     firefox brauzerindən cookies istifadə edilir.
2025.03.30 10:04:58 plugins.bass         INFO     Showing 5 results for: inna hot
2025.03.30 10:04:59 aiogram.event        INFO     Update id=511588381 is handled. Duration 3292 ms by bot id=8095621527
2025.03.30 10:05:00 plugins.bass         INFO     Processing callback: bass:VmhfM3pkbWFIYms=:MjIyLjA=
2025.03.30 10:05:00 plugins.bass         ERROR    Decoding failed: invalid literal for int() with base 10: '222.0'
2025.03.30 10:05:00 plugins.bass         ERROR    Validation error: Invalid data format
2025.03.30 10:05:00 aiogram.event        INFO     Update id=511588382 is handled. Duration 90 ms by bot id=8095621527
2025.03.30 10:05:12 aiogram.event        INFO     Update id=511588383 is not handled. Duration 1 ms by bot id=8095621527
2025.03.30 10:05:28 aiogram.event        INFO     Update id=511588384 is not handled. Duration 6 ms by bot id=8095621527
2025.03.30 10:05:34 aiogram.event        INFO     Update id=511588385 is handled. Duration 0 ms by bot id=8095621527
2025.03.30 10:05:50 aiogram.event        INFO     Update id=511588386 is handled. Duration 0 ms by bot id=8095621527
2025.03.30 10:06:17 core.cookies_handler INFO     firefox brauzerindən cookies istifadə edilir.
2025.03.30 10:06:19 aiogram.event        INFO     Update id=511588387 is handled. Duration 2195 ms by bot id=8095621527
2025.03.30 10:06:53 aiogram.event        INFO     Update id=511588388 is not handled. Duration 1 ms by bot id=8095621527
2025.03.30 10:07:03 aiogram.event        INFO     Update id=511588389 is not handled. Duration 1 ms by bot id=8095621527
2025.03.30 10:08:09 aiogram.event        INFO     Update id=511588390 is not handled. Duration 1 ms by bot id=8095621527
2025.03.30 10:08:13 core.cookies_handler INFO     firefox brauzerindən cookies istifadə edilir.
2025.03.30 10:08:16 aiogram.event        INFO     Update id=511588391 is handled. Duration 2569 ms by bot id=8095621527
2025.03.30 10:09:13 aiogram.event        INFO     Update id=511588392 is handled. Duration 0 ms by bot id=8095621527
2025.03.30 10:09:14 aiogram.event        INFO     Update id=511588393 is handled. Duration 0 ms by bot id=8095621527
2025.03.30 10:09:15 core.cookies_handler INFO     firefox brauzerindən cookies istifadə edilir.
2025.03.30 10:09:17 aiogram.event        INFO     Update id=511588395 is handled. Duration 0 ms by bot id=8095621527
2025.03.30 10:09:22 aiogram.event        INFO     Update id=511588394 is handled. Duration 7078 ms by bot id=8095621527
2025.03.30 10:10:09 aiogram.event        INFO     Update id=511588396 is not handled. Duration 1 ms by bot id=8095621527
2025.03.30 10:10:33 aiogram.event        INFO     Update id=511588397 is handled. Duration 0 ms by bot id=8095621527
2025.03.30 10:10:34 aiogram.event        INFO     Update id=511588398 is handled. Duration 0 ms by bot id=8095621527
2025.03.30 10:10:34 aiogram.event        INFO     Update id=511588399 is handled. Duration 0 ms by bot id=8095621527
2025.03.30 10:11:47 core.cookies_handler INFO     firefox brauzerindən cookies istifadə edilir.
2025.03.30 10:11:49 aiogram.event        INFO     Update id=511588401 is not handled. Duration 1 ms by bot id=8095621527
2025.03.30 10:11:49 aiogram.event        INFO     Update id=511588400 is handled. Duration 2384 ms by bot id=8095621527
2025.03.30 10:11:54 aiogram.event        INFO     Update id=511588402 is not handled. Duration 1 ms by bot id=8095621527
2025.03.30 10:12:10 aiogram.event        INFO     Update id=511588403 is not handled. Duration 1 ms by bot id=8095621527
2025.03.30 10:12:15 aiogram.event        INFO     Update id=511588404 is not handled. Duration 1 ms by bot id=8095621527
2025.03.30 10:12:16 aiogram.event        INFO     Update id=511588405 is not handled. Duration 1 ms by bot id=8095621527
2025.03.30 10:12:28 aiogram.event        INFO     Update id=511588406 is not handled. Duration 2 ms by bot id=8095621527
2025.03.30 10:12:33 aiogram.event        INFO     Update id=511588407 is not handled. Duration 1 ms by bot id=8095621527
2025.03.30 10:12:34 aiogram.event        INFO     Update id=511588408 is not handled. Duration 1 ms by bot id=8095621527
2025.03.30 10:12:38 aiogram.event        INFO     Update id=511588409 is not handled. Duration 1 ms by bot id=8095621527
2025.03.30 10:12:58 aiogram.event        INFO     Update id=511588410 is not handled. Duration 1 ms by bot id=8095621527
2025.03.30 10:13:03 aiogram.event        INFO     Update id=511588411 is not handled. Duration 1 ms by bot id=8095621527
2025.03.30 10:13:09 aiogram.event        INFO     Update id=511588412 is not handled. Duration 1 ms by bot id=8095621527
2025.03.30 10:13:14 aiogram.event        INFO     Update id=511588413 is handled. Duration 0 ms by bot id=8095621527
2025.03.30 10:13:15 aiogram.event        INFO     Update id=511588414 is handled. Duration 0 ms by bot id=8095621527
2025.03.30 10:13:21 aiogram.event        INFO     Update id=511588415 is not handled. Duration 1 ms by bot id=8095621527
2025.03.30 10:13:22 aiogram.event        INFO     Update id=511588416 is handled. Duration 0 ms by bot id=8095621527
2025.03.30 10:13:33 aiogram.event        INFO     Update id=511588417 is not handled. Duration 2 ms by bot id=8095621527
2025.03.30 10:13:39 aiogram.event        INFO     Update id=511588418 is handled. Duration 0 ms by bot id=8095621527
2025.03.30 10:13:53 aiogram.event        INFO     Update id=511588419 is not handled. Duration 1 ms by bot id=8095621527
2025.03.30 10:14:12 aiogram.event        INFO     Update id=511588420 is not handled. Duration 1 ms by bot id=8095621527
2025.03.30 10:14:54 aiogram.event        INFO     Update id=511588421 is not handled. Duration 1 ms by bot id=8095621527
2025.03.30 10:15:00 core.cookies_handler INFO     firefox brauzerindən cookies istifadə edilir.
2025.03.30 10:15:02 aiogram.event        INFO     Update id=511588422 is handled. Duration 2150 ms by bot id=8095621527
2025.03.30 10:15:18 __main__             INFO     🤖 Starting bot...
2025.03.30 10:15:18 __main__             INFO     🚀 Starting bot initialization...
2025.03.30 10:15:18 __main__             INFO     ✅ Database initialized successfully
2025.03.30 10:15:18 core.spotify_handler INFO     Spotify API ilə əlaqə quruldu.
2025.03.30 10:15:18 __main__             INFO     ✅ Spotify service initialized
2025.03.30 10:15:18 core.youtube_handler INFO     firefox brauzerindən cookies istifadə edilir.
2025.03.30 10:15:18 __main__             INFO     ✅ YouTube services initialized (firefox)
2025.03.30 10:15:18 __main__             INFO     🔌 Loading plugins...
2025.03.30 10:15:18 __main__             INFO     🔍 Scanning plugins in: plugins
2025.03.30 10:15:18 __main__             INFO     🔄 Loading: plugins.spotify_plugin
2025.03.30 10:15:18 __main__             INFO     ✅ Loaded (sync): plugins.spotify_plugin
2025.03.30 10:15:18 __main__             INFO     🔄 Loading: plugins.menu_plugin
2025.03.30 10:15:18 __main__             INFO     ✅ Loaded (sync): plugins.menu_plugin
2025.03.30 10:15:18 __main__             INFO     🔄 Loading: plugins.sudo_plugin
2025.03.30 10:15:18 __main__             INFO     ✅ Loaded (sync): plugins.sudo_plugin
2025.03.30 10:15:18 __main__             INFO     🔄 Loading: plugins.youtube_plugin
2025.03.30 10:15:18 __main__             INFO     ✅ Loaded (sync): plugins.youtube_plugin
2025.03.30 10:15:18 __main__             INFO     🔄 Loading: plugins.neofetch_plugin
2025.03.30 10:15:18 __main__             INFO     ✅ Loaded (sync): plugins.neofetch_plugin
2025.03.30 10:15:18 __main__             INFO     🔄 Loading: plugins.report_plugin
2025.03.30 10:15:18 __main__             INFO     ✅ Loaded (async): plugins.report_plugin
2025.03.30 10:15:18 __main__             INFO     🔄 Loading: plugins.del_plugin
2025.03.30 10:15:18 __main__             INFO     ✅ Loaded (sync): plugins.del_plugin
2025.03.30 10:15:18 __main__             INFO     🔄 Loading: plugins.music_plugin
2025.03.30 10:15:18 __main__             INFO     ✅ Loaded (sync): plugins.music_plugin
2025.03.30 10:15:18 __main__             INFO     🔄 Loading: plugins.start_plugin
2025.03.30 10:15:18 __main__             INFO     ✅ Loaded (async): plugins.start_plugin
2025.03.30 10:15:18 __main__             INFO     🔄 Loading: plugins.broadcast_plugin
2025.03.30 10:15:18 __main__             INFO     ✅ Loaded (sync): plugins.broadcast_plugin
2025.03.30 10:15:18 __main__             INFO     🔄 Loading: plugins.speedtest_plugin
2025.03.30 10:15:18 __main__             INFO     ✅ Loaded (sync): plugins.speedtest_plugin
2025.03.30 10:15:18 __main__             INFO     🔄 Loading: plugins.bot_logs
2025.03.30 10:15:18 __main__             INFO     ✅ Loaded (async): plugins.bot_logs
2025.03.30 10:15:18 __main__             INFO     🔄 Loading: plugins.bass
2025.03.30 10:15:18 __main__             INFO     ✅ Loaded (async): plugins.bass
2025.03.30 10:15:18 __main__             INFO     🚀 Starting polling...
2025.03.30 10:15:18 aiogram.dispatcher   INFO     Start polling
2025.03.30 10:15:18 aiogram.dispatcher   INFO     Run polling for bot @dllmasterbot id=8095621527 - 'DLLMaster for Music'
2025.03.30 10:15:19 aiogram.event        INFO     Update id=511588423 is not handled. Duration 6 ms by bot id=8095621527
2025.03.30 10:15:19 aiogram.event        INFO     Update id=511588424 is not handled. Duration 6 ms by bot id=8095621527
2025.03.30 10:15:19 aiogram.event        INFO     Update id=511588425 is not handled. Duration 6 ms by bot id=8095621527
2025.03.30 10:15:19 aiogram.event        INFO     Update id=511588426 is not handled. Duration 6 ms by bot id=8095621527
2025.03.30 10:15:19 aiogram.event        INFO     Update id=511588427 is not handled. Duration 6 ms by bot id=8095621527
2025.03.30 10:15:19 aiogram.event        INFO     Update id=511588428 is not handled. Duration 4 ms by bot id=8095621527
2025.03.30 10:15:23 aiogram.event        INFO     Update id=511588429 is not handled. Duration 5 ms by bot id=8095621527
2025.03.30 10:15:33 core.cookies_handler INFO     firefox brauzerindən cookies istifadə edilir.
2025.03.30 10:15:34 aiogram.event        INFO     Update id=511588431 is handled. Duration 0 ms by bot id=8095621527
2025.03.30 10:15:36 aiogram.event        INFO     Update id=511588432 is handled. Duration 0 ms by bot id=8095621527
2025.03.30 10:15:36 aiogram.event        INFO     Update id=511588430 is handled. Duration 2966 ms by bot id=8095621527
2025.03.30 10:15:49 core.cookies_handler INFO     firefox brauzerindən cookies istifadə edilir.
2025.03.30 10:15:53 aiogram.event        INFO     Update id=511588433 is handled. Duration 4222 ms by bot id=8095621527
2025.03.30 10:15:56 aiogram.event        INFO     Update id=511588434 is handled. Duration 2 ms by bot id=8095621527
2025.03.30 10:16:09 core.cookies_handler INFO     firefox brauzerindən cookies istifadə edilir.
2025.03.30 10:16:11 aiogram.event        INFO     Update id=511588435 is handled. Duration 2287 ms by bot id=8095621527
2025.03.30 10:16:35 core.cookies_handler INFO     firefox brauzerindən cookies istifadə edilir.
2025.03.30 10:16:37 aiogram.event        INFO     Update id=511588436 is handled. Duration 2164 ms by bot id=8095621527
2025.03.30 10:16:46 aiogram.event        INFO     Update id=511588437 is handled. Duration 5207 ms by bot id=8095621527
2025.03.30 10:16:51 aiogram.event        INFO     Update id=511588438 is not handled. Duration 1 ms by bot id=8095621527
2025.03.30 10:16:58 aiogram.event        INFO     Update id=511588439 is handled. Duration 5 ms by bot id=8095621527
2025.03.30 10:17:06 aiogram.event        INFO     Update id=511588440 is handled. Duration 3 ms by bot id=8095621527
2025.03.30 10:17:07 aiogram.event        INFO     Update id=511588441 is handled. Duration 3 ms by bot id=8095621527
2025.03.30 10:17:08 aiogram.event        INFO     Update id=511588442 is handled. Duration 3 ms by bot id=8095621527
2025.03.30 10:17:09 aiogram.event        INFO     Update id=511588443 is handled. Duration 2 ms by bot id=8095621527
2025.03.30 10:17:14 aiogram.event        INFO     Update id=511588444 is not handled. Duration 1 ms by bot id=8095621527
2025.03.30 10:17:16 core.cookies_handler INFO     firefox brauzerindən cookies istifadə edilir.
2025.03.30 10:17:17 aiogram.event        INFO     Update id=511588445 is handled. Duration 1782 ms by bot id=8095621527
2025.03.30 10:17:19 plugins.music_plugin ERROR    Axtarış mesajı silinərkən xəta (ləğv): Telegram server says - Bad Request: message to delete not found
2025.03.30 10:17:19 plugins.music_plugin ERROR    Orijinal mesaj silinərkən xəta (ləğv): Telegram server says - Bad Request: message to delete not found
2025.03.30 10:17:20 aiogram.event        INFO     Update id=511588448 is handled. Duration 0 ms by bot id=8095621527
2025.03.30 10:17:23 aiogram.event        INFO     Update id=511588446 is handled. Duration 5209 ms by bot id=8095621527
2025.03.30 10:17:24 aiogram.event        INFO     Update id=511588447 is handled. Duration 5192 ms by bot id=8095621527
2025.03.30 10:17:26 aiogram.event        INFO     Update id=511588449 is handled. Duration 3 ms by bot id=8095621527
2025.03.30 10:17:43 core.cookies_handler INFO     firefox brauzerindən cookies istifadə edilir.
2025.03.30 10:17:45 aiogram.event        INFO     Update id=511588451 is not handled. Duration 3 ms by bot id=8095621527
2025.03.30 10:17:45 aiogram.event        INFO     Update id=511588450 is handled. Duration 1917 ms by bot id=8095621527
2025.03.30 10:17:52 aiogram.event        INFO     Update id=511588452 is handled. Duration 5409 ms by bot id=8095621527
2025.03.30 10:18:15 aiogram.event        INFO     Update id=511588453 is not handled. Duration 1 ms by bot id=8095621527
2025.03.30 10:18:17 aiogram.event        INFO     Update id=511588454 is not handled. Duration 0 ms by bot id=8095621527
2025.03.30 10:18:17 aiogram.event        INFO     Update id=511588455 is handled. Duration 0 ms by bot id=8095621527
2025.03.30 10:18:21 aiogram.event        INFO     Update id=511588456 is not handled. Duration 1 ms by bot id=8095621527
2025.03.30 10:18:30 aiogram.event        INFO     Update id=511588457 is not handled. Duration 1 ms by bot id=8095621527
2025.03.30 10:18:41 aiogram.event        INFO     Update id=511588458 is handled. Duration 0 ms by bot id=8095621527
2025.03.30 10:18:41 aiogram.event        INFO     Update id=511588459 is handled. Duration 0 ms by bot id=8095621527
2025.03.30 10:18:42 aiogram.event        INFO     Update id=511588460 is handled. Duration 0 ms by bot id=8095621527
2025.03.30 10:19:08 aiogram.event        INFO     Update id=511588461 is not handled. Duration 1 ms by bot id=8095621527
2025.03.30 10:20:00 aiogram.event        INFO     Update id=511588462 is handled. Duration 0 ms by bot id=8095621527
2025.03.30 10:20:10 aiogram.dispatcher   ERROR    Failed to fetch updates - TelegramNetworkError: HTTP Client says - ClientOSError: [Errno 104] Connection reset by peer
2025.03.30 10:20:10 aiogram.dispatcher   WARNING  Sleep for 1.000000 seconds and try again... (tryings = 0, bot id = 8095621527)
2025.03.30 10:20:16 aiogram.dispatcher   INFO     Connection established (tryings = 1, bot id = 8095621527)
2025.03.30 10:20:16 aiogram.event        INFO     Update id=511588463 is not handled. Duration 1 ms by bot id=8095621527
2025.03.30 10:20:49 aiogram.event        INFO     Update id=511588464 is not handled. Duration 2 ms by bot id=8095621527
2025.03.30 10:21:11 aiogram.dispatcher   WARNING  Received SIGINT signal
2025.03.30 10:21:11 aiogram.dispatcher   INFO     Polling stopped for bot @dllmasterbot id=8095621527 - 'DLLMaster for Music'
2025.03.30 10:21:11 aiogram.dispatcher   INFO     Polling stopped
2025.03.30 10:21:11 __main__             INFO     🛑 Polling stopped
2025.03.30 10:21:11 __main__             INFO     🔴 Bot stopped
2025.03.30 10:21:17 __main__             INFO     🤖 Starting bot...
2025.03.30 10:21:17 __main__             INFO     🚀 Starting bot initialization...
2025.03.30 10:21:17 __main__             INFO     ✅ Database initialized successfully
2025.03.30 10:21:17 core.spotify_handler INFO     Spotify API ilə əlaqə quruldu.
2025.03.30 10:21:17 __main__             INFO     ✅ Spotify service initialized
2025.03.30 10:21:17 core.youtube_handler INFO     firefox brauzerindən cookies istifadə edilir.
2025.03.30 10:21:17 __main__             INFO     ✅ YouTube services initialized (firefox)
2025.03.30 10:21:17 __main__             INFO     🔌 Loading plugins...
2025.03.30 10:21:17 __main__             INFO     🔍 Scanning plugins in: plugins
2025.03.30 10:21:17 __main__             INFO     🔄 Loading: plugins.spotify_plugin
2025.03.30 10:21:17 __main__             INFO     ✅ Loaded (sync): plugins.spotify_plugin
2025.03.30 10:21:17 __main__             INFO     🔄 Loading: plugins.menu_plugin
2025.03.30 10:21:17 __main__             INFO     ✅ Loaded (sync): plugins.menu_plugin
2025.03.30 10:21:17 __main__             INFO     🔄 Loading: plugins.sudo_plugin
2025.03.30 10:21:17 __main__             INFO     ✅ Loaded (sync): plugins.sudo_plugin
2025.03.30 10:21:17 __main__             INFO     🔄 Loading: plugins.youtube_plugin
2025.03.30 10:21:17 __main__             INFO     ✅ Loaded (sync): plugins.youtube_plugin
2025.03.30 10:21:17 __main__             INFO     🔄 Loading: plugins.neofetch_plugin
2025.03.30 10:21:17 __main__             INFO     ✅ Loaded (sync): plugins.neofetch_plugin
2025.03.30 10:21:17 __main__             INFO     🔄 Loading: plugins.report_plugin
2025.03.30 10:21:17 __main__             INFO     ✅ Loaded (async): plugins.report_plugin
2025.03.30 10:21:17 __main__             INFO     🔄 Loading: plugins.del_plugin
2025.03.30 10:21:17 __main__             INFO     ✅ Loaded (sync): plugins.del_plugin
2025.03.30 10:21:17 __main__             INFO     🔄 Loading: plugins.music_plugin
2025.03.30 10:21:17 __main__             INFO     ✅ Loaded (sync): plugins.music_plugin
2025.03.30 10:21:17 __main__             INFO     🔄 Loading: plugins.start_plugin
2025.03.30 10:21:17 __main__             INFO     ✅ Loaded (async): plugins.start_plugin
2025.03.30 10:21:17 __main__             INFO     🔄 Loading: plugins.broadcast_plugin
2025.03.30 10:21:17 __main__             INFO     ✅ Loaded (sync): plugins.broadcast_plugin
2025.03.30 10:21:17 __main__             INFO     🔄 Loading: plugins.speedtest_plugin
2025.03.30 10:21:17 __main__             INFO     ✅ Loaded (sync): plugins.speedtest_plugin
2025.03.30 10:21:17 __main__             INFO     🔄 Loading: plugins.bot_logs
2025.03.30 10:21:17 __main__             INFO     ✅ Loaded (async): plugins.bot_logs
2025.03.30 10:21:17 __main__             INFO     🔄 Loading: plugins.bass
2025.03.30 10:21:17 __main__             INFO     ✅ Loaded (async): plugins.bass
2025.03.30 10:21:17 __main__             INFO     🚀 Starting polling...
2025.03.30 10:21:17 aiogram.dispatcher   INFO     Start polling
2025.03.30 10:21:17 aiogram.dispatcher   INFO     Run polling for bot @dllmasterbot id=8095621527 - 'DLLMaster for Music'
2025.03.30 10:21:17 aiogram.event        INFO     Update id=511588465 is not handled. Duration 2 ms by bot id=8095621527
2025.03.30 10:21:27 core.cookies_handler INFO     firefox brauzerindən cookies istifadə edilir.
2025.03.30 10:21:27 aiogram.event        INFO     Update id=511588467 is not handled. Duration 82 ms by bot id=8095621527
2025.03.30 10:21:30 aiogram.event        INFO     Update id=511588466 is handled. Duration 4015 ms by bot id=8095621527
2025.03.30 10:21:33 aiogram.event        INFO     Update id=511588468 is handled. Duration 164 ms by bot id=8095621527
2025.03.30 10:21:37 aiogram.event        INFO     Update id=511588469 is handled. Duration 514 ms by bot id=8095621527
2025.03.30 10:21:37 aiogram.event        INFO     Update id=511588470 is handled. Duration 97 ms by bot id=8095621527
2025.03.30 10:21:38 aiogram.event        INFO     Update id=511588471 is handled. Duration 159 ms by bot id=8095621527
2025.03.30 10:21:40 aiogram.event        INFO     Update id=511588472 is handled. Duration 112 ms by bot id=8095621527
2025.03.30 10:21:41 aiogram.event        INFO     Update id=511588473 is handled. Duration 197 ms by bot id=8095621527
2025.03.30 10:21:41 aiogram.event        INFO     Update id=511588474 is handled. Duration 220 ms by bot id=8095621527
2025.03.30 10:21:42 aiogram.event        INFO     Update id=511588475 is handled. Duration 113 ms by bot id=8095621527
2025.03.30 10:21:44 aiogram.event        INFO     Update id=511588476 is handled. Duration 91 ms by bot id=8095621527
2025.03.30 10:21:45 aiogram.event        INFO     Update id=511588477 is handled. Duration 182 ms by bot id=8095621527
2025.03.30 10:21:55 aiogram.event        INFO     Update id=511588478 is handled. Duration 5260 ms by bot id=8095621527
2025.03.30 10:21:59 core.cookies_handler INFO     firefox brauzerindən cookies istifadə edilir.
2025.03.30 10:22:00 core.cookies_handler INFO     firefox brauzerindən cookies istifadə edilir.
2025.03.30 10:22:02 aiogram.event        INFO     Update id=511588479 is handled. Duration 2623 ms by bot id=8095621527
2025.03.30 10:22:03 aiogram.event        INFO     Update id=511588480 is handled. Duration 2636 ms by bot id=8095621527
2025.03.30 10:22:10 aiogram.event        INFO     Update id=511588481 is handled. Duration 5250 ms by bot id=8095621527
2025.03.30 10:22:12 aiogram.event        INFO     Update id=511588482 is not handled. Duration 1 ms by bot id=8095621527
2025.03.30 10:22:13 aiogram.event        INFO     Update id=511588483 is not handled. Duration 1 ms by bot id=8095621527
2025.03.30 10:22:18 aiogram.event        INFO     Update id=511588484 is not handled. Duration 2 ms by bot id=8095621527
2025.03.30 10:22:42 aiogram.event        INFO     Update id=511588485 is not handled. Duration 1 ms by bot id=8095621527
2025.03.30 10:23:09 aiogram.event        INFO     Update id=511588486 is not handled. Duration 1 ms by bot id=8095621527
2025.03.30 10:23:21 aiogram.dispatcher   WARNING  Received SIGINT signal
2025.03.30 10:23:21 aiogram.dispatcher   INFO     Polling stopped for bot @dllmasterbot id=8095621527 - 'DLLMaster for Music'
2025.03.30 10:23:21 aiogram.dispatcher   INFO     Polling stopped
2025.03.30 10:23:21 __main__             INFO     🛑 Polling stopped
2025.03.30 10:23:21 __main__             INFO     🔴 Bot stopped
2025.03.30 10:23:27 __main__             INFO     🤖 Starting bot...
2025.03.30 10:23:27 __main__             INFO     🚀 Starting bot initialization...
2025.03.30 10:23:27 __main__             INFO     ✅ Database initialized successfully
2025.03.30 10:23:27 core.spotify_handler INFO     Spotify API ilə əlaqə quruldu.
2025.03.30 10:23:27 __main__             INFO     ✅ Spotify service initialized
2025.03.30 10:23:27 core.youtube_handler INFO     firefox brauzerindən cookies istifadə edilir.
2025.03.30 10:23:27 __main__             INFO     ✅ YouTube services initialized (firefox)
2025.03.30 10:23:27 __main__             INFO     🔌 Loading plugins...
2025.03.30 10:23:27 __main__             INFO     🔍 Scanning plugins in: plugins
2025.03.30 10:23:27 __main__             INFO     🔄 Loading: plugins.spotify_plugin
2025.03.30 10:23:27 __main__             INFO     ✅ Loaded (sync): plugins.spotify_plugin
2025.03.30 10:23:27 __main__             INFO     🔄 Loading: plugins.menu_plugin
2025.03.30 10:23:27 __main__             INFO     ✅ Loaded (sync): plugins.menu_plugin
2025.03.30 10:23:27 __main__             INFO     🔄 Loading: plugins.sudo_plugin
2025.03.30 10:23:27 __main__             INFO     ✅ Loaded (sync): plugins.sudo_plugin
2025.03.30 10:23:27 __main__             INFO     🔄 Loading: plugins.youtube_plugin
2025.03.30 10:23:27 __main__             INFO     ✅ Loaded (sync): plugins.youtube_plugin
2025.03.30 10:23:27 __main__             INFO     🔄 Loading: plugins.neofetch_plugin
2025.03.30 10:23:27 __main__             INFO     ✅ Loaded (sync): plugins.neofetch_plugin
2025.03.30 10:23:27 __main__             INFO     🔄 Loading: plugins.report_plugin
2025.03.30 10:23:27 __main__             INFO     ✅ Loaded (async): plugins.report_plugin
2025.03.30 10:23:27 __main__             INFO     🔄 Loading: plugins.del_plugin
2025.03.30 10:23:27 __main__             INFO     ✅ Loaded (sync): plugins.del_plugin
2025.03.30 10:23:27 __main__             INFO     🔄 Loading: plugins.music_plugin
2025.03.30 10:23:27 __main__             INFO     ✅ Loaded (sync): plugins.music_plugin
2025.03.30 10:23:27 __main__             INFO     🔄 Loading: plugins.start_plugin
2025.03.30 10:23:27 __main__             INFO     ✅ Loaded (async): plugins.start_plugin
2025.03.30 10:23:27 __main__             INFO     🔄 Loading: plugins.broadcast_plugin
2025.03.30 10:23:27 __main__             INFO     ✅ Loaded (sync): plugins.broadcast_plugin
2025.03.30 10:23:27 __main__             INFO     🔄 Loading: plugins.speedtest_plugin
2025.03.30 10:23:27 __main__             INFO     ✅ Loaded (sync): plugins.speedtest_plugin
2025.03.30 10:23:27 __main__             INFO     🔄 Loading: plugins.bot_logs
2025.03.30 10:23:27 __main__             INFO     ✅ Loaded (async): plugins.bot_logs
2025.03.30 10:23:27 __main__             INFO     🔄 Loading: plugins.bass
2025.03.30 10:23:27 __main__             INFO     ✅ Loaded (async): plugins.bass
2025.03.30 10:23:27 __main__             INFO     🚀 Starting polling...
2025.03.30 10:23:27 aiogram.dispatcher   INFO     Start polling
2025.03.30 10:23:27 aiogram.dispatcher   INFO     Run polling for bot @dllmasterbot id=8095621527 - 'DLLMaster for Music'
2025.03.30 10:23:27 aiogram.event        INFO     Update id=511588487 is not handled. Duration 2 ms by bot id=8095621527
2025.03.30 10:23:27 aiogram.event        INFO     Update id=511588488 is not handled. Duration 2 ms by bot id=8095621527
2025.03.30 10:23:34 core.cookies_handler INFO     firefox brauzerindən cookies istifadə edilir.
2025.03.30 10:23:35 aiogram.event        INFO     Update id=511588490 is not handled. Duration 57 ms by bot id=8095621527
2025.03.30 10:23:37 aiogram.event        INFO     Update id=511588489 is handled. Duration 3251 ms by bot id=8095621527
2025.03.30 10:23:48 aiogram.event        INFO     Update id=511588491 is handled. Duration 5219 ms by bot id=8095621527
2025.03.30 10:23:51 aiogram.event        INFO     Update id=511588492 is not handled. Duration 2 ms by bot id=8095621527
2025.03.30 10:24:04 aiogram.event        INFO     Update id=511588493 is not handled. Duration 1 ms by bot id=8095621527
2025.03.30 10:24:04 aiogram.dispatcher   ERROR    Failed to fetch updates - TelegramNetworkError: HTTP Client says - ClientOSError: [Errno 104] Connection reset by peer
2025.03.30 10:24:04 aiogram.dispatcher   WARNING  Sleep for 1.000000 seconds and try again... (tryings = 0, bot id = 8095621527)
2025.03.30 10:24:05 aiogram.dispatcher   INFO     Connection established (tryings = 1, bot id = 8095621527)
2025.03.30 10:24:05 aiogram.event        INFO     Update id=511588494 is not handled. Duration 1 ms by bot id=8095621527
2025.03.30 10:24:48 aiogram.event        INFO     Update id=511588495 is not handled. Duration 1 ms by bot id=8095621527
2025.03.30 10:25:23 core.cookies_handler INFO     firefox brauzerindən cookies istifadə edilir.
2025.03.30 10:25:26 aiogram.event        INFO     Update id=511588496 is handled. Duration 2709 ms by bot id=8095621527
2025.03.30 10:25:28 aiogram.event        INFO     Update id=511588497 is not handled. Duration 1 ms by bot id=8095621527
2025.03.30 10:25:33 aiogram.event        INFO     Update id=511588498 is not handled. Duration 3 ms by bot id=8095621527
2025.03.30 10:25:36 aiogram.event        INFO     Update id=511588499 is not handled. Duration 4 ms by bot id=8095621527
2025.03.30 10:25:36 aiogram.event        INFO     Update id=511588500 is not handled. Duration 5 ms by bot id=8095621527
2025.03.30 10:25:36 aiogram.event        INFO     Update id=511588501 is not handled. Duration 5 ms by bot id=8095621527
2025.03.30 10:25:36 aiogram.event        INFO     Update id=511588502 is not handled. Duration 5 ms by bot id=8095621527
2025.03.30 10:25:36 aiogram.event        INFO     Update id=511588503 is not handled. Duration 5 ms by bot id=8095621527
2025.03.30 10:25:36 aiogram.event        INFO     Update id=511588504 is not handled. Duration 5 ms by bot id=8095621527
2025.03.30 10:25:39 aiogram.event        INFO     Update id=511588505 is not handled. Duration 5 ms by bot id=8095621527
2025.03.30 10:25:39 aiogram.event        INFO     Update id=511588506 is not handled. Duration 5 ms by bot id=8095621527
2025.03.30 10:25:39 aiogram.event        INFO     Update id=511588507 is not handled. Duration 6 ms by bot id=8095621527
2025.03.30 10:25:39 aiogram.event        INFO     Update id=511588508 is not handled. Duration 6 ms by bot id=8095621527
2025.03.30 10:25:39 aiogram.event        INFO     Update id=511588509 is not handled. Duration 6 ms by bot id=8095621527
2025.03.30 10:25:39 aiogram.event        INFO     Update id=511588510 is not handled. Duration 4 ms by bot id=8095621527
2025.03.30 10:25:49 aiogram.event        INFO     Update id=511588511 is not handled. Duration 1 ms by bot id=8095621527
2025.03.30 10:25:52 aiogram.event        INFO     Update id=511588512 is not handled. Duration 0 ms by bot id=8095621527
2025.03.30 10:25:56 aiogram.event        INFO     Update id=511588513 is not handled. Duration 0 ms by bot id=8095621527
2025.03.30 10:26:17 aiogram.event        INFO     Update id=511588514 is not handled. Duration 1 ms by bot id=8095621527
2025.03.30 10:26:28 aiogram.event        INFO     Update id=511588515 is not handled. Duration 1 ms by bot id=8095621527
2025.03.30 10:26:36 aiogram.event        INFO     Update id=511588516 is not handled. Duration 1 ms by bot id=8095621527
2025.03.30 10:26:43 aiogram.event        INFO     Update id=511588517 is not handled. Duration 1 ms by bot id=8095621527
2025.03.30 10:27:24 aiogram.event        INFO     Update id=511588518 is not handled. Duration 1 ms by bot id=8095621527
2025.03.30 10:27:48 aiogram.event        INFO     Update id=511588519 is not handled. Duration 0 ms by bot id=8095621527
2025.03.30 10:28:20 core.cookies_handler INFO     firefox brauzerindən cookies istifadə edilir.
2025.03.30 10:28:22 aiogram.event        INFO     Update id=511588520 is handled. Duration 2546 ms by bot id=8095621527
2025.03.30 10:28:32 aiogram.event        INFO     Update id=511588521 is not handled. Duration 1 ms by bot id=8095621527
2025.03.30 10:28:59 core.cookies_handler INFO     firefox brauzerindən cookies istifadə edilir.
2025.03.30 10:29:02 aiogram.event        INFO     Update id=511588522 is handled. Duration 2568 ms by bot id=8095621527
2025.03.30 10:29:07 aiogram.event        INFO     Update id=511588523 is not handled. Duration 1 ms by bot id=8095621527
2025.03.30 10:29:15 aiogram.event        INFO     Update id=511588524 is not handled. Duration 1 ms by bot id=8095621527
2025.03.30 10:29:21 aiogram.event        INFO     Update id=511588525 is not handled. Duration 2 ms by bot id=8095621527
2025.03.30 10:29:21 aiogram.event        INFO     Update id=511588526 is not handled. Duration 3 ms by bot id=8095621527
2025.03.30 10:29:21 aiogram.event        INFO     Update id=511588527 is not handled. Duration 4 ms by bot id=8095621527
2025.03.30 10:29:21 aiogram.event        INFO     Update id=511588528 is not handled. Duration 4 ms by bot id=8095621527
2025.03.30 10:29:21 aiogram.event        INFO     Update id=511588529 is not handled. Duration 4 ms by bot id=8095621527
2025.03.30 10:29:28 aiogram.event        INFO     Update id=511588530 is not handled. Duration 4 ms by bot id=8095621527
2025.03.30 10:29:55 core.cookies_handler INFO     firefox brauzerindən cookies istifadə edilir.
2025.03.30 10:29:57 aiogram.event        INFO     Update id=511588531 is handled. Duration 2779 ms by bot id=8095621527
2025.03.30 10:30:11 aiogram.event        INFO     Update id=511588532 is not handled. Duration 2 ms by bot id=8095621527
2025.03.30 10:30:11 aiogram.event        INFO     Update id=511588533 is not handled. Duration 2 ms by bot id=8095621527
2025.03.30 10:30:36 aiogram.event        INFO     Update id=511588534 is not handled. Duration 1 ms by bot id=8095621527
2025.03.30 10:30:45 aiogram.event        INFO     Update id=511588535 is not handled. Duration 1 ms by bot id=8095621527
2025.03.30 10:30:48 aiogram.event        INFO     Update id=511588536 is not handled. Duration 1 ms by bot id=8095621527
2025.03.30 10:31:06 aiogram.event        INFO     Update id=511588537 is not handled. Duration 3 ms by bot id=8095621527
2025.03.30 10:31:19 aiogram.event        INFO     Update id=511588538 is not handled. Duration 1 ms by bot id=8095621527
2025.03.30 10:31:30 aiogram.event        INFO     Update id=511588539 is not handled. Duration 1 ms by bot id=8095621527
2025.03.30 10:33:13 aiogram.event        INFO     Update id=511588540 is not handled. Duration 1 ms by bot id=8095621527
2025.03.30 10:33:13 aiogram.event        INFO     Update id=511588541 is not handled. Duration 1 ms by bot id=8095621527
2025.03.30 10:34:44 aiogram.event        INFO     Update id=511588542 is not handled. Duration 2 ms by bot id=8095621527
2025.03.30 10:34:47 aiogram.event        INFO     Update id=511588543 is not handled. Duration 1 ms by bot id=8095621527
2025.03.30 10:34:54 aiogram.event        INFO     Update id=511588544 is not handled. Duration 1 ms by bot id=8095621527
2025.03.30 10:38:40 aiogram.event        INFO     Update id=511588545 is not handled. Duration 1 ms by bot id=8095621527
2025.03.30 10:38:56 aiogram.event        INFO     Update id=511588546 is not handled. Duration 1 ms by bot id=8095621527
2025.03.30 10:40:24 aiogram.dispatcher   WARNING  Received SIGINT signal
2025.03.30 10:40:24 aiogram.dispatcher   INFO     Polling stopped for bot @dllmasterbot id=8095621527 - 'DLLMaster for Music'
2025.03.30 10:40:24 aiogram.dispatcher   INFO     Polling stopped
2025.03.30 10:40:24 __main__             INFO     🛑 Polling stopped
2025.03.30 10:40:24 __main__             INFO     🔴 Bot stopped
2025.03.30 10:40:43 __main__             INFO     🤖 Starting bot...
2025.03.30 10:40:43 __main__             INFO     🚀 Starting bot initialization...
2025.03.30 10:40:43 __main__             INFO     ✅ Database initialized successfully
2025.03.30 10:40:43 core.spotify_handler INFO     Spotify API ilə əlaqə quruldu.
2025.03.30 10:40:43 __main__             INFO     ✅ Spotify service initialized
2025.03.30 10:40:43 core.youtube_handler INFO     firefox brauzerindən cookies istifadə edilir.
2025.03.30 10:40:43 __main__             INFO     ✅ YouTube services initialized (firefox)
2025.03.30 10:40:43 __main__             INFO     🔌 Loading plugins...
2025.03.30 10:40:43 __main__             INFO     🔍 Scanning plugins in: plugins
2025.03.30 10:40:43 __main__             INFO     🔄 Loading: plugins.spotify_plugin
2025.03.30 10:40:43 __main__             INFO     ✅ Loaded (sync): plugins.spotify_plugin
2025.03.30 10:40:43 __main__             INFO     🔄 Loading: plugins.menu_plugin
2025.03.30 10:40:43 __main__             INFO     ✅ Loaded (sync): plugins.menu_plugin
2025.03.30 10:40:43 __main__             INFO     🔄 Loading: plugins.sudo_plugin
2025.03.30 10:40:43 __main__             INFO     ✅ Loaded (sync): plugins.sudo_plugin
2025.03.30 10:40:43 __main__             INFO     🔄 Loading: plugins.youtube_plugin
2025.03.30 10:40:43 __main__             INFO     ✅ Loaded (sync): plugins.youtube_plugin
2025.03.30 10:40:43 __main__             INFO     🔄 Loading: plugins.neofetch_plugin
2025.03.30 10:40:43 __main__             INFO     ✅ Loaded (sync): plugins.neofetch_plugin
2025.03.30 10:40:43 __main__             INFO     🔄 Loading: plugins.report_plugin
2025.03.30 10:40:43 __main__             INFO     ✅ Loaded (async): plugins.report_plugin
2025.03.30 10:40:43 __main__             INFO     🔄 Loading: plugins.del_plugin
2025.03.30 10:40:43 __main__             INFO     ✅ Loaded (sync): plugins.del_plugin
2025.03.30 10:40:43 __main__             INFO     🔄 Loading: plugins.music_plugin
2025.03.30 10:40:43 __main__             INFO     ✅ Loaded (sync): plugins.music_plugin
2025.03.30 10:40:43 __main__             INFO     🔄 Loading: plugins.start_plugin
2025.03.30 10:40:43 __main__             INFO     ✅ Loaded (async): plugins.start_plugin
2025.03.30 10:40:43 __main__             INFO     🔄 Loading: plugins.broadcast_plugin
2025.03.30 10:40:43 __main__             INFO     ✅ Loaded (sync): plugins.broadcast_plugin
2025.03.30 10:40:43 __main__             INFO     🔄 Loading: plugins.speedtest_plugin
2025.03.30 10:40:43 __main__             INFO     ✅ Loaded (sync): plugins.speedtest_plugin
2025.03.30 10:40:43 __main__             INFO     🔄 Loading: plugins.bot_logs
2025.03.30 10:40:43 __main__             INFO     ✅ Loaded (async): plugins.bot_logs
2025.03.30 10:40:43 __main__             INFO     🔄 Loading: plugins.bass
2025.03.30 10:40:43 __main__             ERROR    ❌ Failed to load plugins.bass: name 'CommandObject' is not defined
Traceback (most recent call last):
  File "/home/admin/DLMaster/app.py", line 185, in load_plugins
    module.setup(context)
  File "/home/admin/DLMaster/plugins/bass.py", line 59, in setup
    async def bass_command(message: types.Message, command: CommandObject):
                                                            ^^^^^^^^^^^^^
NameError: name 'CommandObject' is not defined
2025.03.30 10:40:43 __main__             INFO     🚀 Starting polling...
2025.03.30 10:40:43 aiogram.dispatcher   INFO     Start polling
2025.03.30 10:40:43 aiogram.dispatcher   INFO     Run polling for bot @dllmasterbot id=8095621527 - 'DLLMaster for Music'
2025.03.30 10:40:43 aiogram.event        INFO     Update id=511588547 is not handled. Duration 7 ms by bot id=8095621527
2025.03.30 10:40:43 aiogram.event        INFO     Update id=511588548 is not handled. Duration 7 ms by bot id=8095621527
2025.03.30 10:40:43 aiogram.event        INFO     Update id=511588549 is not handled. Duration 7 ms by bot id=8095621527
2025.03.30 10:40:43 aiogram.event        INFO     Update id=511588550 is not handled. Duration 5 ms by bot id=8095621527
2025.03.30 10:40:43 aiogram.event        INFO     Update id=511588551 is not handled. Duration 5 ms by bot id=8095621527
2025.03.30 10:40:43 aiogram.event        INFO     Update id=511588552 is not handled. Duration 5 ms by bot id=8095621527
2025.03.30 10:40:43 aiogram.event        INFO     Update id=511588553 is not handled. Duration 5 ms by bot id=8095621527
2025.03.30 10:40:43 aiogram.event        INFO     Update id=511588554 is not handled. Duration 5 ms by bot id=8095621527
2025.03.30 10:40:43 aiogram.event        INFO     Update id=511588555 is not handled. Duration 5 ms by bot id=8095621527
2025.03.30 10:41:50 aiogram.event        INFO     Update id=511588556 is not handled. Duration 1 ms by bot id=8095621527
2025.03.30 10:41:54 aiogram.event        INFO     Update id=511588557 is not handled. Duration 1 ms by bot id=8095621527
2025.03.30 10:42:24 aiogram.dispatcher   WARNING  Received SIGINT signal
2025.03.30 10:42:24 aiogram.dispatcher   INFO     Polling stopped for bot @dllmasterbot id=8095621527 - 'DLLMaster for Music'
2025.03.30 10:42:24 aiogram.dispatcher   INFO     Polling stopped
2025.03.30 10:42:25 __main__             INFO     🛑 Polling stopped
2025.03.30 10:42:25 __main__             INFO     🔴 Bot stopped
2025.03.30 10:42:31 __main__             INFO     🤖 Starting bot...
2025.03.30 10:42:31 __main__             INFO     🚀 Starting bot initialization...
2025.03.30 10:42:31 __main__             INFO     ✅ Database initialized successfully
2025.03.30 10:42:31 core.spotify_handler INFO     Spotify API ilə əlaqə quruldu.
2025.03.30 10:42:31 __main__             INFO     ✅ Spotify service initialized
2025.03.30 10:42:31 core.youtube_handler INFO     firefox brauzerindən cookies istifadə edilir.
2025.03.30 10:42:31 __main__             INFO     ✅ YouTube services initialized (firefox)
2025.03.30 10:42:31 __main__             INFO     🔌 Loading plugins...
2025.03.30 10:42:31 __main__             INFO     🔍 Scanning plugins in: plugins
2025.03.30 10:42:31 __main__             INFO     🔄 Loading: plugins.spotify_plugin
2025.03.30 10:42:31 __main__             INFO     ✅ Loaded (sync): plugins.spotify_plugin
2025.03.30 10:42:31 __main__             INFO     🔄 Loading: plugins.menu_plugin
2025.03.30 10:42:31 __main__             INFO     ✅ Loaded (sync): plugins.menu_plugin
2025.03.30 10:42:31 __main__             INFO     🔄 Loading: plugins.sudo_plugin
2025.03.30 10:42:31 __main__             INFO     ✅ Loaded (sync): plugins.sudo_plugin
2025.03.30 10:42:31 __main__             INFO     🔄 Loading: plugins.youtube_plugin
2025.03.30 10:42:31 __main__             INFO     ✅ Loaded (sync): plugins.youtube_plugin
2025.03.30 10:42:31 __main__             INFO     🔄 Loading: plugins.neofetch_plugin
2025.03.30 10:42:31 __main__             INFO     ✅ Loaded (sync): plugins.neofetch_plugin
2025.03.30 10:42:31 __main__             INFO     🔄 Loading: plugins.report_plugin
2025.03.30 10:42:31 __main__             INFO     ✅ Loaded (async): plugins.report_plugin
2025.03.30 10:42:31 __main__             INFO     🔄 Loading: plugins.del_plugin
2025.03.30 10:42:31 __main__             INFO     ✅ Loaded (sync): plugins.del_plugin
2025.03.30 10:42:31 __main__             INFO     🔄 Loading: plugins.music_plugin
2025.03.30 10:42:31 __main__             INFO     ✅ Loaded (sync): plugins.music_plugin
2025.03.30 10:42:31 __main__             INFO     🔄 Loading: plugins.start_plugin
2025.03.30 10:42:31 __main__             INFO     ✅ Loaded (async): plugins.start_plugin
2025.03.30 10:42:31 __main__             INFO     🔄 Loading: plugins.broadcast_plugin
2025.03.30 10:42:31 __main__             INFO     ✅ Loaded (sync): plugins.broadcast_plugin
2025.03.30 10:42:31 __main__             INFO     🔄 Loading: plugins.speedtest_plugin
2025.03.30 10:42:31 __main__             INFO     ✅ Loaded (sync): plugins.speedtest_plugin
2025.03.30 10:42:31 __main__             INFO     🔄 Loading: plugins.bot_logs
2025.03.30 10:42:31 __main__             INFO     ✅ Loaded (async): plugins.bot_logs
2025.03.30 10:42:31 __main__             INFO     🔄 Loading: plugins.bass
2025.03.30 10:42:31 __main__             INFO     ✅ Loaded (sync): plugins.bass
2025.03.30 10:42:31 __main__             INFO     🚀 Starting polling...
2025.03.30 10:42:31 aiogram.dispatcher   INFO     Start polling
2025.03.30 10:42:31 aiogram.dispatcher   INFO     Run polling for bot @dllmasterbot id=8095621527 - 'DLLMaster for Music'
2025.03.30 10:42:43 aiogram.event        INFO     Update id=511588558 is handled. Duration 0 ms by bot id=8095621527
2025.03.30 10:42:45 aiogram.event        INFO     Update id=511588559 is handled. Duration 0 ms by bot id=8095621527
2025.03.30 10:42:56 aiogram.event        INFO     Update id=511588560 is not handled. Duration 107 ms by bot id=8095621527
2025.03.30 10:42:56 aiogram.event        ERROR    Cause exception while process update id=511588560 by bot id=8095621527
AttributeError: 'Dispatcher' object has no attribute 'dispatch'
Traceback (most recent call last):
  File "/home/admin/.local/lib/python3.11/site-packages/aiogram/dispatcher/dispatcher.py", line 309, in _process_update
    response = await self.feed_update(bot, update, **kwargs)
               ^^^^^^^^^^^^^^^^^^^^^^^^^^^^^^^^^^^^^^^^^^^^^
  File "/home/admin/.local/lib/python3.11/site-packages/aiogram/dispatcher/dispatcher.py", line 158, in feed_update
    response = await self.update.wrap_outer_middleware(
               ^^^^^^^^^^^^^^^^^^^^^^^^^^^^^^^^^^^^^^^^
  File "/home/admin/.local/lib/python3.11/site-packages/aiogram/dispatcher/middlewares/error.py", line 25, in __call__
    return await handler(event, data)
           ^^^^^^^^^^^^^^^^^^^^^^^^^^
  File "/home/admin/.local/lib/python3.11/site-packages/aiogram/dispatcher/middlewares/user_context.py", line 56, in __call__
    return await handler(event, data)
           ^^^^^^^^^^^^^^^^^^^^^^^^^^
  File "/home/admin/.local/lib/python3.11/site-packages/aiogram/fsm/middleware.py", line 42, in __call__
    return await handler(event, data)
           ^^^^^^^^^^^^^^^^^^^^^^^^^^
  File "/home/admin/.local/lib/python3.11/site-packages/aiogram/dispatcher/event/telegram.py", line 121, in trigger
    return await wrapped_inner(event, kwargs)
           ^^^^^^^^^^^^^^^^^^^^^^^^^^^^^^^^^^
  File "/home/admin/.local/lib/python3.11/site-packages/aiogram/dispatcher/event/handler.py", line 43, in call
    return await wrapped()
           ^^^^^^^^^^^^^^^
  File "/home/admin/.local/lib/python3.11/site-packages/aiogram/dispatcher/dispatcher.py", line 276, in _listen_update
    return await self.propagate_event(update_type=update_type, event=event, **kwargs)
           ^^^^^^^^^^^^^^^^^^^^^^^^^^^^^^^^^^^^^^^^^^^^^^^^^^^^^^^^^^^^^^^^^^^^^^^^^^
  File "/home/admin/.local/lib/python3.11/site-packages/aiogram/dispatcher/router.py", line 146, in propagate_event
    return await observer.wrap_outer_middleware(_wrapped, event=event, data=kwargs)
           ^^^^^^^^^^^^^^^^^^^^^^^^^^^^^^^^^^^^^^^^^^^^^^^^^^^^^^^^^^^^^^^^^^^^^^^^
  File "/home/admin/.local/lib/python3.11/site-packages/aiogram/dispatcher/router.py", line 141, in _wrapped
    return await self._propagate_event(
           ^^^^^^^^^^^^^^^^^^^^^^^^^^^^
  File "/home/admin/.local/lib/python3.11/site-packages/aiogram/dispatcher/router.py", line 166, in _propagate_event
    response = await observer.trigger(event, **kwargs)
               ^^^^^^^^^^^^^^^^^^^^^^^^^^^^^^^^^^^^^^^
  File "/home/admin/.local/lib/python3.11/site-packages/aiogram/dispatcher/event/telegram.py", line 121, in trigger
    return await wrapped_inner(event, kwargs)
           ^^^^^^^^^^^^^^^^^^^^^^^^^^^^^^^^^^
  File "/home/admin/.local/lib/python3.11/site-packages/aiogram/dispatcher/event/handler.py", line 43, in call
    return await wrapped()
           ^^^^^^^^^^^^^^^
  File "/home/admin/DLMaster/plugins/bass.py", line 65, in bass_command
    context.dp.dispatch('message', message)
    ^^^^^^^^^^^^^^^^^^^
AttributeError: 'Dispatcher' object has no attribute 'dispatch'
2025.03.30 10:43:10 aiogram.event        INFO     Update id=511588561 is handled. Duration 1 ms by bot id=8095621527
2025.03.30 10:43:29 aiogram.event        INFO     Update id=511588562 is handled. Duration 119 ms by bot id=8095621527
2025.03.30 10:43:31 aiogram.event        INFO     Update id=511588563 is handled. Duration 211 ms by bot id=8095621527
2025.03.30 10:43:32 aiogram.event        INFO     Update id=511588564 is handled. Duration 275 ms by bot id=8095621527
2025.03.30 10:43:32 aiogram.event        INFO     Update id=511588565 is handled. Duration 208 ms by bot id=8095621527
2025.03.30 10:43:32 aiogram.event        INFO     Update id=511588566 is handled. Duration 133 ms by bot id=8095621527
2025.03.30 10:43:33 aiogram.event        INFO     Update id=511588567 is handled. Duration 191 ms by bot id=8095621527
2025.03.30 10:43:36 aiogram.event        INFO     Update id=511588568 is handled. Duration 100 ms by bot id=8095621527
2025.03.30 10:43:37 aiogram.event        INFO     Update id=511588569 is handled. Duration 91 ms by bot id=8095621527
2025.03.30 10:43:38 aiogram.event        INFO     Update id=511588570 is handled. Duration 121 ms by bot id=8095621527
2025.03.30 10:43:39 aiogram.event        INFO     Update id=511588571 is handled. Duration 273 ms by bot id=8095621527
2025.03.30 10:43:40 aiogram.event        INFO     Update id=511588572 is handled. Duration 109 ms by bot id=8095621527
2025.03.30 10:43:41 aiogram.event        INFO     Update id=511588573 is handled. Duration 91 ms by bot id=8095621527
2025.03.30 10:43:42 aiogram.event        INFO     Update id=511588574 is handled. Duration 104 ms by bot id=8095621527
2025.03.30 10:43:43 aiogram.event        INFO     Update id=511588575 is handled. Duration 78 ms by bot id=8095621527
2025.03.30 10:43:44 aiogram.event        INFO     Update id=511588576 is handled. Duration 82 ms by bot id=8095621527
2025.03.30 10:43:45 aiogram.event        INFO     Update id=511588577 is handled. Duration 248 ms by bot id=8095621527
2025.03.30 10:43:45 aiogram.event        INFO     Update id=511588578 is handled. Duration 9 ms by bot id=8095621527
2025.03.30 10:43:45 aiogram.event        INFO     Update id=511588579 is not handled. Duration 10 ms by bot id=8095621527
2025.03.30 10:43:45 aiogram.event        INFO     Update id=511588580 is not handled. Duration 10 ms by bot id=8095621527
2025.03.30 10:43:45 aiogram.event        INFO     Update id=511588581 is not handled. Duration 9 ms by bot id=8095621527
2025.03.30 10:43:45 aiogram.event        INFO     Update id=511588582 is not handled. Duration 9 ms by bot id=8095621527
2025.03.30 10:43:45 aiogram.event        INFO     Update id=511588583 is not handled. Duration 9 ms by bot id=8095621527
2025.03.30 10:43:45 aiogram.event        INFO     Update id=511588584 is not handled. Duration 9 ms by bot id=8095621527
2025.03.30 10:43:45 aiogram.event        INFO     Update id=511588585 is not handled. Duration 8 ms by bot id=8095621527
2025.03.30 10:43:45 aiogram.event        INFO     Update id=511588586 is not handled. Duration 8 ms by bot id=8095621527
2025.03.30 10:43:47 aiogram.event        INFO     Update id=511588587 is handled. Duration 125 ms by bot id=8095621527
2025.03.30 10:43:49 aiogram.event        INFO     Update id=511588588 is handled. Duration 119 ms by bot id=8095621527
2025.03.30 10:43:50 aiogram.event        INFO     Update id=511588589 is handled. Duration 103 ms by bot id=8095621527
2025.03.30 10:43:52 aiogram.event        INFO     Update id=511588590 is handled. Duration 114 ms by bot id=8095621527
2025.03.30 10:43:53 aiogram.event        INFO     Update id=511588591 is handled. Duration 108 ms by bot id=8095621527
2025.03.30 10:43:54 aiogram.event        INFO     Update id=511588592 is handled. Duration 90 ms by bot id=8095621527
2025.03.30 10:43:57 aiogram.event        INFO     Update id=511588593 is not handled. Duration 155 ms by bot id=8095621527
2025.03.30 10:43:57 aiogram.event        ERROR    Cause exception while process update id=511588593 by bot id=8095621527
AttributeError: 'Dispatcher' object has no attribute 'dispatch'
Traceback (most recent call last):
  File "/home/admin/.local/lib/python3.11/site-packages/aiogram/dispatcher/dispatcher.py", line 309, in _process_update
    response = await self.feed_update(bot, update, **kwargs)
               ^^^^^^^^^^^^^^^^^^^^^^^^^^^^^^^^^^^^^^^^^^^^^
  File "/home/admin/.local/lib/python3.11/site-packages/aiogram/dispatcher/dispatcher.py", line 158, in feed_update
    response = await self.update.wrap_outer_middleware(
               ^^^^^^^^^^^^^^^^^^^^^^^^^^^^^^^^^^^^^^^^
  File "/home/admin/.local/lib/python3.11/site-packages/aiogram/dispatcher/middlewares/error.py", line 25, in __call__
    return await handler(event, data)
           ^^^^^^^^^^^^^^^^^^^^^^^^^^
  File "/home/admin/.local/lib/python3.11/site-packages/aiogram/dispatcher/middlewares/user_context.py", line 56, in __call__
    return await handler(event, data)
           ^^^^^^^^^^^^^^^^^^^^^^^^^^
  File "/home/admin/.local/lib/python3.11/site-packages/aiogram/fsm/middleware.py", line 42, in __call__
    return await handler(event, data)
           ^^^^^^^^^^^^^^^^^^^^^^^^^^
  File "/home/admin/.local/lib/python3.11/site-packages/aiogram/dispatcher/event/telegram.py", line 121, in trigger
    return await wrapped_inner(event, kwargs)
           ^^^^^^^^^^^^^^^^^^^^^^^^^^^^^^^^^^
  File "/home/admin/.local/lib/python3.11/site-packages/aiogram/dispatcher/event/handler.py", line 43, in call
    return await wrapped()
           ^^^^^^^^^^^^^^^
  File "/home/admin/.local/lib/python3.11/site-packages/aiogram/dispatcher/dispatcher.py", line 276, in _listen_update
    return await self.propagate_event(update_type=update_type, event=event, **kwargs)
           ^^^^^^^^^^^^^^^^^^^^^^^^^^^^^^^^^^^^^^^^^^^^^^^^^^^^^^^^^^^^^^^^^^^^^^^^^^
  File "/home/admin/.local/lib/python3.11/site-packages/aiogram/dispatcher/router.py", line 146, in propagate_event
    return await observer.wrap_outer_middleware(_wrapped, event=event, data=kwargs)
           ^^^^^^^^^^^^^^^^^^^^^^^^^^^^^^^^^^^^^^^^^^^^^^^^^^^^^^^^^^^^^^^^^^^^^^^^
  File "/home/admin/.local/lib/python3.11/site-packages/aiogram/dispatcher/router.py", line 141, in _wrapped
    return await self._propagate_event(
           ^^^^^^^^^^^^^^^^^^^^^^^^^^^^
  File "/home/admin/.local/lib/python3.11/site-packages/aiogram/dispatcher/router.py", line 166, in _propagate_event
    response = await observer.trigger(event, **kwargs)
               ^^^^^^^^^^^^^^^^^^^^^^^^^^^^^^^^^^^^^^^
  File "/home/admin/.local/lib/python3.11/site-packages/aiogram/dispatcher/event/telegram.py", line 121, in trigger
    return await wrapped_inner(event, kwargs)
           ^^^^^^^^^^^^^^^^^^^^^^^^^^^^^^^^^^
  File "/home/admin/.local/lib/python3.11/site-packages/aiogram/dispatcher/event/handler.py", line 43, in call
    return await wrapped()
           ^^^^^^^^^^^^^^^
  File "/home/admin/DLMaster/plugins/bass.py", line 107, in handle_bass_download
    context.dp.dispatch('message', message)  # Əsas music plugin işləsin
    ^^^^^^^^^^^^^^^^^^^
AttributeError: 'Dispatcher' object has no attribute 'dispatch'
2025.03.30 10:44:03 core.cookies_handler INFO     firefox brauzerindən cookies istifadə edilir.
2025.03.30 10:44:07 aiogram.event        INFO     Update id=511588594 is not handled. Duration 3743 ms by bot id=8095621527
2025.03.30 10:44:07 aiogram.event        ERROR    Cause exception while process update id=511588594 by bot id=8095621527
TelegramRetryAfter: Telegram server says - Flood control exceeded on method 'SendMessage' in chat -1002527509114. Retry in 24 seconds.
Original description: Too Many Requests: retry after 24
(background on this error at: https://core.telegram.org/bots/faq#my-bot-is-hitting-limits-how-do-i-avoid-this)
Traceback (most recent call last):
  File "/home/admin/DLMaster/plugins/music_plugin.py", line 88, in handle_music_search
    await search_msg.edit_text(
  File "/home/admin/.local/lib/python3.11/site-packages/aiogram/methods/base.py", line 84, in emit
    return await bot(self)
           ^^^^^^^^^^^^^^^
  File "/home/admin/.local/lib/python3.11/site-packages/aiogram/client/bot.py", line 453, in __call__
    return await self.session(self, method, timeout=request_timeout)
           ^^^^^^^^^^^^^^^^^^^^^^^^^^^^^^^^^^^^^^^^^^^^^^^^^^^^^^^^^
  File "/home/admin/.local/lib/python3.11/site-packages/aiogram/client/session/base.py", line 254, in __call__
    return cast(TelegramType, await middleware(bot, method))
                              ^^^^^^^^^^^^^^^^^^^^^^^^^^^^^
  File "/home/admin/.local/lib/python3.11/site-packages/aiogram/client/session/aiohttp.py", line 185, in make_request
    response = self.check_response(
               ^^^^^^^^^^^^^^^^^^^^
  File "/home/admin/.local/lib/python3.11/site-packages/aiogram/client/session/base.py", line 110, in check_response
    raise TelegramRetryAfter(
aiogram.exceptions.TelegramRetryAfter: Telegram server says - Flood control exceeded on method 'EditMessageText' in chat -1002527509114. Retry in 24 seconds.
Original description: Too Many Requests: retry after 24
(background on this error at: https://core.telegram.org/bots/faq#my-bot-is-hitting-limits-how-do-i-avoid-this)

During handling of the above exception, another exception occurred:

Traceback (most recent call last):
  File "/home/admin/.local/lib/python3.11/site-packages/aiogram/dispatcher/dispatcher.py", line 309, in _process_update
    response = await self.feed_update(bot, update, **kwargs)
               ^^^^^^^^^^^^^^^^^^^^^^^^^^^^^^^^^^^^^^^^^^^^^
  File "/home/admin/.local/lib/python3.11/site-packages/aiogram/dispatcher/dispatcher.py", line 158, in feed_update
    response = await self.update.wrap_outer_middleware(
               ^^^^^^^^^^^^^^^^^^^^^^^^^^^^^^^^^^^^^^^^
  File "/home/admin/.local/lib/python3.11/site-packages/aiogram/dispatcher/middlewares/error.py", line 25, in __call__
    return await handler(event, data)
           ^^^^^^^^^^^^^^^^^^^^^^^^^^
  File "/home/admin/.local/lib/python3.11/site-packages/aiogram/dispatcher/middlewares/user_context.py", line 56, in __call__
    return await handler(event, data)
           ^^^^^^^^^^^^^^^^^^^^^^^^^^
  File "/home/admin/.local/lib/python3.11/site-packages/aiogram/fsm/middleware.py", line 42, in __call__
    return await handler(event, data)
           ^^^^^^^^^^^^^^^^^^^^^^^^^^
  File "/home/admin/.local/lib/python3.11/site-packages/aiogram/dispatcher/event/telegram.py", line 121, in trigger
    return await wrapped_inner(event, kwargs)
           ^^^^^^^^^^^^^^^^^^^^^^^^^^^^^^^^^^
  File "/home/admin/.local/lib/python3.11/site-packages/aiogram/dispatcher/event/handler.py", line 43, in call
    return await wrapped()
           ^^^^^^^^^^^^^^^
  File "/home/admin/.local/lib/python3.11/site-packages/aiogram/dispatcher/dispatcher.py", line 276, in _listen_update
    return await self.propagate_event(update_type=update_type, event=event, **kwargs)
           ^^^^^^^^^^^^^^^^^^^^^^^^^^^^^^^^^^^^^^^^^^^^^^^^^^^^^^^^^^^^^^^^^^^^^^^^^^
  File "/home/admin/.local/lib/python3.11/site-packages/aiogram/dispatcher/router.py", line 146, in propagate_event
    return await observer.wrap_outer_middleware(_wrapped, event=event, data=kwargs)
           ^^^^^^^^^^^^^^^^^^^^^^^^^^^^^^^^^^^^^^^^^^^^^^^^^^^^^^^^^^^^^^^^^^^^^^^^
  File "/home/admin/.local/lib/python3.11/site-packages/aiogram/dispatcher/router.py", line 141, in _wrapped
    return await self._propagate_event(
           ^^^^^^^^^^^^^^^^^^^^^^^^^^^^
  File "/home/admin/.local/lib/python3.11/site-packages/aiogram/dispatcher/router.py", line 166, in _propagate_event
    response = await observer.trigger(event, **kwargs)
               ^^^^^^^^^^^^^^^^^^^^^^^^^^^^^^^^^^^^^^^
  File "/home/admin/.local/lib/python3.11/site-packages/aiogram/dispatcher/event/telegram.py", line 121, in trigger
    return await wrapped_inner(event, kwargs)
           ^^^^^^^^^^^^^^^^^^^^^^^^^^^^^^^^^^
  File "/home/admin/.local/lib/python3.11/site-packages/aiogram/dispatcher/event/handler.py", line 43, in call
    return await wrapped()
           ^^^^^^^^^^^^^^^
  File "/home/admin/DLMaster/plugins/music_plugin.py", line 175, in music_cmd
    await handle_music_search(message, command.args, command_used)
  File "/home/admin/DLMaster/plugins/music_plugin.py", line 104, in handle_music_search
    error_msg = await message.answer(
                ^^^^^^^^^^^^^^^^^^^^^
  File "/home/admin/.local/lib/python3.11/site-packages/aiogram/methods/base.py", line 84, in emit
    return await bot(self)
           ^^^^^^^^^^^^^^^
  File "/home/admin/.local/lib/python3.11/site-packages/aiogram/client/bot.py", line 453, in __call__
    return await self.session(self, method, timeout=request_timeout)
           ^^^^^^^^^^^^^^^^^^^^^^^^^^^^^^^^^^^^^^^^^^^^^^^^^^^^^^^^^
  File "/home/admin/.local/lib/python3.11/site-packages/aiogram/client/session/base.py", line 254, in __call__
    return cast(TelegramType, await middleware(bot, method))
                              ^^^^^^^^^^^^^^^^^^^^^^^^^^^^^
  File "/home/admin/.local/lib/python3.11/site-packages/aiogram/client/session/aiohttp.py", line 185, in make_request
    response = self.check_response(
               ^^^^^^^^^^^^^^^^^^^^
  File "/home/admin/.local/lib/python3.11/site-packages/aiogram/client/session/base.py", line 110, in check_response
    raise TelegramRetryAfter(
aiogram.exceptions.TelegramRetryAfter: Telegram server says - Flood control exceeded on method 'SendMessage' in chat -1002527509114. Retry in 24 seconds.
Original description: Too Many Requests: retry after 24
(background on this error at: https://core.telegram.org/bots/faq#my-bot-is-hitting-limits-how-do-i-avoid-this)
2025.03.30 10:44:41 core.cookies_handler INFO     firefox brauzerindən cookies istifadə edilir.
2025.03.30 10:44:43 aiogram.event        INFO     Update id=511588596 is handled. Duration 3 ms by bot id=8095621527
2025.03.30 10:44:44 aiogram.event        INFO     Update id=511588595 is handled. Duration 2892 ms by bot id=8095621527
2025.03.30 10:44:46 core.cookies_handler INFO     firefox brauzerindən cookies istifadə edilir.
2025.03.30 10:44:51 aiogram.event        INFO     Update id=511588597 is handled. Duration 4906 ms by bot id=8095621527
2025.03.30 10:44:58 aiogram.event        INFO     Update id=511588598 is not handled. Duration 1 ms by bot id=8095621527
2025.03.30 10:45:05 aiogram.event        INFO     Update id=511588600 is handled. Duration 1 ms by bot id=8095621527
2025.03.30 10:45:05 aiogram.event        INFO     Update id=511588599 is handled. Duration 209 ms by bot id=8095621527
2025.03.30 10:45:10 aiogram.event        INFO     Update id=511588601 is handled. Duration 159 ms by bot id=8095621527
2025.03.30 10:45:14 aiogram.event        INFO     Update id=511588602 is not handled. Duration 82 ms by bot id=8095621527
2025.03.30 10:45:14 aiogram.event        ERROR    Cause exception while process update id=511588602 by bot id=8095621527
AttributeError: 'Dispatcher' object has no attribute 'dispatch'
Traceback (most recent call last):
  File "/home/admin/.local/lib/python3.11/site-packages/aiogram/dispatcher/dispatcher.py", line 309, in _process_update
    response = await self.feed_update(bot, update, **kwargs)
               ^^^^^^^^^^^^^^^^^^^^^^^^^^^^^^^^^^^^^^^^^^^^^
  File "/home/admin/.local/lib/python3.11/site-packages/aiogram/dispatcher/dispatcher.py", line 158, in feed_update
    response = await self.update.wrap_outer_middleware(
               ^^^^^^^^^^^^^^^^^^^^^^^^^^^^^^^^^^^^^^^^
  File "/home/admin/.local/lib/python3.11/site-packages/aiogram/dispatcher/middlewares/error.py", line 25, in __call__
    return await handler(event, data)
           ^^^^^^^^^^^^^^^^^^^^^^^^^^
  File "/home/admin/.local/lib/python3.11/site-packages/aiogram/dispatcher/middlewares/user_context.py", line 56, in __call__
    return await handler(event, data)
           ^^^^^^^^^^^^^^^^^^^^^^^^^^
  File "/home/admin/.local/lib/python3.11/site-packages/aiogram/fsm/middleware.py", line 42, in __call__
    return await handler(event, data)
           ^^^^^^^^^^^^^^^^^^^^^^^^^^
  File "/home/admin/.local/lib/python3.11/site-packages/aiogram/dispatcher/event/telegram.py", line 121, in trigger
    return await wrapped_inner(event, kwargs)
           ^^^^^^^^^^^^^^^^^^^^^^^^^^^^^^^^^^
  File "/home/admin/.local/lib/python3.11/site-packages/aiogram/dispatcher/event/handler.py", line 43, in call
    return await wrapped()
           ^^^^^^^^^^^^^^^
  File "/home/admin/.local/lib/python3.11/site-packages/aiogram/dispatcher/dispatcher.py", line 276, in _listen_update
    return await self.propagate_event(update_type=update_type, event=event, **kwargs)
           ^^^^^^^^^^^^^^^^^^^^^^^^^^^^^^^^^^^^^^^^^^^^^^^^^^^^^^^^^^^^^^^^^^^^^^^^^^
  File "/home/admin/.local/lib/python3.11/site-packages/aiogram/dispatcher/router.py", line 146, in propagate_event
    return await observer.wrap_outer_middleware(_wrapped, event=event, data=kwargs)
           ^^^^^^^^^^^^^^^^^^^^^^^^^^^^^^^^^^^^^^^^^^^^^^^^^^^^^^^^^^^^^^^^^^^^^^^^
  File "/home/admin/.local/lib/python3.11/site-packages/aiogram/dispatcher/router.py", line 141, in _wrapped
    return await self._propagate_event(
           ^^^^^^^^^^^^^^^^^^^^^^^^^^^^
  File "/home/admin/.local/lib/python3.11/site-packages/aiogram/dispatcher/router.py", line 166, in _propagate_event
    response = await observer.trigger(event, **kwargs)
               ^^^^^^^^^^^^^^^^^^^^^^^^^^^^^^^^^^^^^^^
  File "/home/admin/.local/lib/python3.11/site-packages/aiogram/dispatcher/event/telegram.py", line 121, in trigger
    return await wrapped_inner(event, kwargs)
           ^^^^^^^^^^^^^^^^^^^^^^^^^^^^^^^^^^
  File "/home/admin/.local/lib/python3.11/site-packages/aiogram/dispatcher/event/handler.py", line 43, in call
    return await wrapped()
           ^^^^^^^^^^^^^^^
  File "/home/admin/DLMaster/plugins/bass.py", line 107, in handle_bass_download
    context.dp.dispatch('message', message)  # Əsas music plugin işləsin
    ^^^^^^^^^^^^^^^^^^^
AttributeError: 'Dispatcher' object has no attribute 'dispatch'
2025.03.30 10:45:20 core.cookies_handler INFO     firefox brauzerindən cookies istifadə edilir.
2025.03.30 10:45:23 aiogram.event        INFO     Update id=511588603 is handled. Duration 2807 ms by bot id=8095621527
2025.03.30 10:45:26 core.cookies_handler INFO     firefox brauzerindən cookies istifadə edilir.
2025.03.30 10:45:32 aiogram.event        INFO     Update id=511588604 is handled. Duration 5549 ms by bot id=8095621527
2025.03.30 10:45:49 aiogram.event        INFO     Update id=511588605 is not handled. Duration 108 ms by bot id=8095621527
2025.03.30 10:45:49 aiogram.event        ERROR    Cause exception while process update id=511588605 by bot id=8095621527
AttributeError: 'Dispatcher' object has no attribute 'dispatch'
Traceback (most recent call last):
  File "/home/admin/.local/lib/python3.11/site-packages/aiogram/dispatcher/dispatcher.py", line 309, in _process_update
    response = await self.feed_update(bot, update, **kwargs)
               ^^^^^^^^^^^^^^^^^^^^^^^^^^^^^^^^^^^^^^^^^^^^^
  File "/home/admin/.local/lib/python3.11/site-packages/aiogram/dispatcher/dispatcher.py", line 158, in feed_update
    response = await self.update.wrap_outer_middleware(
               ^^^^^^^^^^^^^^^^^^^^^^^^^^^^^^^^^^^^^^^^
  File "/home/admin/.local/lib/python3.11/site-packages/aiogram/dispatcher/middlewares/error.py", line 25, in __call__
    return await handler(event, data)
           ^^^^^^^^^^^^^^^^^^^^^^^^^^
  File "/home/admin/.local/lib/python3.11/site-packages/aiogram/dispatcher/middlewares/user_context.py", line 56, in __call__
    return await handler(event, data)
           ^^^^^^^^^^^^^^^^^^^^^^^^^^
  File "/home/admin/.local/lib/python3.11/site-packages/aiogram/fsm/middleware.py", line 42, in __call__
    return await handler(event, data)
           ^^^^^^^^^^^^^^^^^^^^^^^^^^
  File "/home/admin/.local/lib/python3.11/site-packages/aiogram/dispatcher/event/telegram.py", line 121, in trigger
    return await wrapped_inner(event, kwargs)
           ^^^^^^^^^^^^^^^^^^^^^^^^^^^^^^^^^^
  File "/home/admin/.local/lib/python3.11/site-packages/aiogram/dispatcher/event/handler.py", line 43, in call
    return await wrapped()
           ^^^^^^^^^^^^^^^
  File "/home/admin/.local/lib/python3.11/site-packages/aiogram/dispatcher/dispatcher.py", line 276, in _listen_update
    return await self.propagate_event(update_type=update_type, event=event, **kwargs)
           ^^^^^^^^^^^^^^^^^^^^^^^^^^^^^^^^^^^^^^^^^^^^^^^^^^^^^^^^^^^^^^^^^^^^^^^^^^
  File "/home/admin/.local/lib/python3.11/site-packages/aiogram/dispatcher/router.py", line 146, in propagate_event
    return await observer.wrap_outer_middleware(_wrapped, event=event, data=kwargs)
           ^^^^^^^^^^^^^^^^^^^^^^^^^^^^^^^^^^^^^^^^^^^^^^^^^^^^^^^^^^^^^^^^^^^^^^^^
  File "/home/admin/.local/lib/python3.11/site-packages/aiogram/dispatcher/router.py", line 141, in _wrapped
    return await self._propagate_event(
           ^^^^^^^^^^^^^^^^^^^^^^^^^^^^
  File "/home/admin/.local/lib/python3.11/site-packages/aiogram/dispatcher/router.py", line 166, in _propagate_event
    response = await observer.trigger(event, **kwargs)
               ^^^^^^^^^^^^^^^^^^^^^^^^^^^^^^^^^^^^^^^
  File "/home/admin/.local/lib/python3.11/site-packages/aiogram/dispatcher/event/telegram.py", line 121, in trigger
    return await wrapped_inner(event, kwargs)
           ^^^^^^^^^^^^^^^^^^^^^^^^^^^^^^^^^^
  File "/home/admin/.local/lib/python3.11/site-packages/aiogram/dispatcher/event/handler.py", line 43, in call
    return await wrapped()
           ^^^^^^^^^^^^^^^
  File "/home/admin/DLMaster/plugins/bass.py", line 65, in bass_command
    context.dp.dispatch('message', message)
    ^^^^^^^^^^^^^^^^^^^
AttributeError: 'Dispatcher' object has no attribute 'dispatch'
2025.03.30 10:46:09 aiogram.dispatcher   ERROR    Failed to fetch updates - TelegramNetworkError: HTTP Client says - ClientOSError: [Errno 104] Connection reset by peer
2025.03.30 10:46:09 aiogram.dispatcher   WARNING  Sleep for 1.000000 seconds and try again... (tryings = 0, bot id = 8095621527)
2025.03.30 10:46:20 aiogram.dispatcher   INFO     Connection established (tryings = 1, bot id = 8095621527)
2025.03.30 10:48:40 aiogram.event        INFO     Update id=511588606 is handled. Duration 0 ms by bot id=8095621527
2025.03.30 10:48:40 aiogram.event        INFO     Update id=511588607 is handled. Duration 0 ms by bot id=8095621527
2025.03.30 10:49:27 aiogram.event        INFO     Update id=511588608 is handled. Duration 3 ms by bot id=8095621527
2025.03.30 10:49:27 aiogram.event        INFO     Update id=511588609 is handled. Duration 4 ms by bot id=8095621527
2025.03.30 10:49:27 aiogram.event        INFO     Update id=511588610 is handled. Duration 4 ms by bot id=8095621527
2025.03.30 10:49:27 aiogram.event        INFO     Update id=511588611 is handled. Duration 4 ms by bot id=8095621527
2025.03.30 10:49:27 aiogram.event        INFO     Update id=511588612 is handled. Duration 4 ms by bot id=8095621527
2025.03.30 10:49:43 aiogram.event        INFO     Update id=511588613 is handled. Duration 12 ms by bot id=8095621527
2025.03.30 10:49:43 aiogram.event        INFO     Update id=511588614 is handled. Duration 10 ms by bot id=8095621527
2025.03.30 10:49:43 aiogram.event        INFO     Update id=511588615 is handled. Duration 10 ms by bot id=8095621527
2025.03.30 10:49:43 aiogram.event        INFO     Update id=511588616 is handled. Duration 10 ms by bot id=8095621527
2025.03.30 10:49:43 aiogram.event        INFO     Update id=511588617 is handled. Duration 10 ms by bot id=8095621527
2025.03.30 10:50:07 aiogram.event        INFO     Update id=511588618 is handled. Duration 1 ms by bot id=8095621527
2025.03.30 10:50:25 aiogram.event        INFO     Update id=511588619 is handled. Duration 1 ms by bot id=8095621527
2025.03.30 10:50:27 aiogram.event        INFO     Update id=511588620 is handled. Duration 1 ms by bot id=8095621527
2025.03.30 10:50:43 aiogram.event        INFO     Update id=511588621 is handled. Duration 1 ms by bot id=8095621527
2025.03.30 10:50:43 aiogram.dispatcher   WARNING  Received SIGINT signal
2025.03.30 10:50:43 aiogram.dispatcher   INFO     Polling stopped for bot @dllmasterbot id=8095621527 - 'DLLMaster for Music'
2025.03.30 10:50:43 aiogram.dispatcher   INFO     Polling stopped
2025.03.30 10:50:43 __main__             INFO     🛑 Polling stopped
2025.03.30 10:50:43 __main__             INFO     🔴 Bot stopped
2025.03.30 10:50:48 __main__             INFO     🤖 Starting bot...
2025.03.30 10:50:48 __main__             INFO     🚀 Starting bot initialization...
2025.03.30 10:50:48 __main__             INFO     ✅ Database initialized successfully
2025.03.30 10:50:48 core.spotify_handler INFO     Spotify API ilə əlaqə quruldu.
2025.03.30 10:50:48 __main__             INFO     ✅ Spotify service initialized
2025.03.30 10:50:48 core.youtube_handler INFO     firefox brauzerindən cookies istifadə edilir.
2025.03.30 10:50:48 __main__             INFO     ✅ YouTube services initialized (firefox)
2025.03.30 10:50:48 __main__             INFO     🔌 Loading plugins...
2025.03.30 10:50:48 __main__             INFO     🔍 Scanning plugins in: plugins
2025.03.30 10:50:48 __main__             INFO     🔄 Loading: plugins.spotify_plugin
2025.03.30 10:50:48 __main__             INFO     ✅ Loaded (sync): plugins.spotify_plugin
2025.03.30 10:50:48 __main__             INFO     🔄 Loading: plugins.menu_plugin
2025.03.30 10:50:48 __main__             INFO     ✅ Loaded (sync): plugins.menu_plugin
2025.03.30 10:50:48 __main__             INFO     🔄 Loading: plugins.sudo_plugin
2025.03.30 10:50:48 __main__             INFO     ✅ Loaded (sync): plugins.sudo_plugin
2025.03.30 10:50:48 __main__             INFO     🔄 Loading: plugins.youtube_plugin
2025.03.30 10:50:48 __main__             INFO     ✅ Loaded (sync): plugins.youtube_plugin
2025.03.30 10:50:48 __main__             INFO     🔄 Loading: plugins.neofetch_plugin
2025.03.30 10:50:48 __main__             INFO     ✅ Loaded (sync): plugins.neofetch_plugin
2025.03.30 10:50:48 __main__             INFO     🔄 Loading: plugins.report_plugin
2025.03.30 10:50:48 __main__             INFO     ✅ Loaded (async): plugins.report_plugin
2025.03.30 10:50:48 __main__             INFO     🔄 Loading: plugins.del_plugin
2025.03.30 10:50:48 __main__             INFO     ✅ Loaded (sync): plugins.del_plugin
2025.03.30 10:50:48 __main__             INFO     🔄 Loading: plugins.music_plugin
2025.03.30 10:50:48 __main__             INFO     ✅ Loaded (sync): plugins.music_plugin
2025.03.30 10:50:48 __main__             INFO     🔄 Loading: plugins.start_plugin
2025.03.30 10:50:48 __main__             INFO     ✅ Loaded (async): plugins.start_plugin
2025.03.30 10:50:48 __main__             INFO     🔄 Loading: plugins.broadcast_plugin
2025.03.30 10:50:48 __main__             INFO     ✅ Loaded (sync): plugins.broadcast_plugin
2025.03.30 10:50:48 __main__             INFO     🔄 Loading: plugins.speedtest_plugin
2025.03.30 10:50:48 __main__             INFO     ✅ Loaded (sync): plugins.speedtest_plugin
2025.03.30 10:50:48 __main__             INFO     🔄 Loading: plugins.bot_logs
2025.03.30 10:50:48 __main__             INFO     ✅ Loaded (async): plugins.bot_logs
2025.03.30 10:50:48 __main__             INFO     🔄 Loading: plugins.bass
2025.03.30 10:50:48 __main__             INFO     ✅ Loaded (sync): plugins.bass
2025.03.30 10:50:48 __main__             INFO     🚀 Starting polling...
2025.03.30 10:50:48 aiogram.dispatcher   INFO     Start polling
2025.03.30 10:50:48 aiogram.dispatcher   INFO     Run polling for bot @dllmasterbot id=8095621527 - 'DLLMaster for Music'
2025.03.30 10:50:55 aiogram.event        INFO     Update id=511588622 is handled. Duration 1 ms by bot id=8095621527
2025.03.30 10:50:59 aiogram.event        INFO     Update id=511588623 is not handled. Duration 2 ms by bot id=8095621527
2025.03.30 10:50:59 aiogram.event        ERROR    Cause exception while process update id=511588623 by bot id=8095621527
AttributeError: 'AppContext' object has no attribute 'handle_music_search'
Traceback (most recent call last):
  File "/home/admin/.local/lib/python3.11/site-packages/aiogram/dispatcher/dispatcher.py", line 309, in _process_update
    response = await self.feed_update(bot, update, **kwargs)
               ^^^^^^^^^^^^^^^^^^^^^^^^^^^^^^^^^^^^^^^^^^^^^
  File "/home/admin/.local/lib/python3.11/site-packages/aiogram/dispatcher/dispatcher.py", line 158, in feed_update
    response = await self.update.wrap_outer_middleware(
               ^^^^^^^^^^^^^^^^^^^^^^^^^^^^^^^^^^^^^^^^
  File "/home/admin/.local/lib/python3.11/site-packages/aiogram/dispatcher/middlewares/error.py", line 25, in __call__
    return await handler(event, data)
           ^^^^^^^^^^^^^^^^^^^^^^^^^^
  File "/home/admin/.local/lib/python3.11/site-packages/aiogram/dispatcher/middlewares/user_context.py", line 56, in __call__
    return await handler(event, data)
           ^^^^^^^^^^^^^^^^^^^^^^^^^^
  File "/home/admin/.local/lib/python3.11/site-packages/aiogram/fsm/middleware.py", line 42, in __call__
    return await handler(event, data)
           ^^^^^^^^^^^^^^^^^^^^^^^^^^
  File "/home/admin/.local/lib/python3.11/site-packages/aiogram/dispatcher/event/telegram.py", line 121, in trigger
    return await wrapped_inner(event, kwargs)
           ^^^^^^^^^^^^^^^^^^^^^^^^^^^^^^^^^^
  File "/home/admin/.local/lib/python3.11/site-packages/aiogram/dispatcher/event/handler.py", line 43, in call
    return await wrapped()
           ^^^^^^^^^^^^^^^
  File "/home/admin/.local/lib/python3.11/site-packages/aiogram/dispatcher/dispatcher.py", line 276, in _listen_update
    return await self.propagate_event(update_type=update_type, event=event, **kwargs)
           ^^^^^^^^^^^^^^^^^^^^^^^^^^^^^^^^^^^^^^^^^^^^^^^^^^^^^^^^^^^^^^^^^^^^^^^^^^
  File "/home/admin/.local/lib/python3.11/site-packages/aiogram/dispatcher/router.py", line 146, in propagate_event
    return await observer.wrap_outer_middleware(_wrapped, event=event, data=kwargs)
           ^^^^^^^^^^^^^^^^^^^^^^^^^^^^^^^^^^^^^^^^^^^^^^^^^^^^^^^^^^^^^^^^^^^^^^^^
  File "/home/admin/.local/lib/python3.11/site-packages/aiogram/dispatcher/router.py", line 141, in _wrapped
    return await self._propagate_event(
           ^^^^^^^^^^^^^^^^^^^^^^^^^^^^
  File "/home/admin/.local/lib/python3.11/site-packages/aiogram/dispatcher/router.py", line 166, in _propagate_event
    response = await observer.trigger(event, **kwargs)
               ^^^^^^^^^^^^^^^^^^^^^^^^^^^^^^^^^^^^^^^
  File "/home/admin/.local/lib/python3.11/site-packages/aiogram/dispatcher/event/telegram.py", line 121, in trigger
    return await wrapped_inner(event, kwargs)
           ^^^^^^^^^^^^^^^^^^^^^^^^^^^^^^^^^^
  File "/home/admin/.local/lib/python3.11/site-packages/aiogram/dispatcher/event/handler.py", line 43, in call
    return await wrapped()
           ^^^^^^^^^^^^^^^
  File "/home/admin/DLMaster/plugins/bass.py", line 68, in cmd_bass
    await context.handle_music_search(message, command.args, "bass")
          ^^^^^^^^^^^^^^^^^^^^^^^^^^^
AttributeError: 'AppContext' object has no attribute 'handle_music_search'
2025.03.30 10:51:09 aiogram.event        INFO     Update id=511588624 is handled. Duration 2 ms by bot id=8095621527
2025.03.30 10:51:51 aiogram.event        INFO     Update id=511588625 is handled. Duration 1 ms by bot id=8095621527
2025.03.30 10:51:53 aiogram.event        INFO     Update id=511588626 is handled. Duration 1 ms by bot id=8095621527
2025.03.30 10:52:06 aiogram.dispatcher   WARNING  Received SIGINT signal
2025.03.30 10:52:06 aiogram.dispatcher   INFO     Polling stopped for bot @dllmasterbot id=8095621527 - 'DLLMaster for Music'
2025.03.30 10:52:06 aiogram.dispatcher   INFO     Polling stopped
2025.03.30 10:52:07 __main__             INFO     🛑 Polling stopped
2025.03.30 10:52:07 __main__             INFO     🔴 Bot stopped
2025.03.30 10:52:12 __main__             INFO     🤖 Starting bot...
2025.03.30 10:52:12 __main__             INFO     🚀 Starting bot initialization...
2025.03.30 10:52:12 __main__             INFO     ✅ Database initialized successfully
2025.03.30 10:52:12 core.spotify_handler INFO     Spotify API ilə əlaqə quruldu.
2025.03.30 10:52:12 __main__             INFO     ✅ Spotify service initialized
2025.03.30 10:52:12 core.youtube_handler INFO     firefox brauzerindən cookies istifadə edilir.
2025.03.30 10:52:12 __main__             INFO     ✅ YouTube services initialized (firefox)
2025.03.30 10:52:12 __main__             INFO     🔌 Loading plugins...
2025.03.30 10:52:12 __main__             INFO     🔍 Scanning plugins in: plugins
2025.03.30 10:52:12 __main__             INFO     🔄 Loading: plugins.spotify_plugin
2025.03.30 10:52:12 __main__             INFO     ✅ Loaded (sync): plugins.spotify_plugin
2025.03.30 10:52:12 __main__             INFO     🔄 Loading: plugins.menu_plugin
2025.03.30 10:52:12 __main__             INFO     ✅ Loaded (sync): plugins.menu_plugin
2025.03.30 10:52:12 __main__             INFO     🔄 Loading: plugins.sudo_plugin
2025.03.30 10:52:12 __main__             INFO     ✅ Loaded (sync): plugins.sudo_plugin
2025.03.30 10:52:12 __main__             INFO     🔄 Loading: plugins.youtube_plugin
2025.03.30 10:52:12 __main__             INFO     ✅ Loaded (sync): plugins.youtube_plugin
2025.03.30 10:52:12 __main__             INFO     🔄 Loading: plugins.neofetch_plugin
2025.03.30 10:52:12 __main__             INFO     ✅ Loaded (sync): plugins.neofetch_plugin
2025.03.30 10:52:12 __main__             INFO     🔄 Loading: plugins.report_plugin
2025.03.30 10:52:12 __main__             INFO     ✅ Loaded (async): plugins.report_plugin
2025.03.30 10:52:12 __main__             INFO     🔄 Loading: plugins.del_plugin
2025.03.30 10:52:12 __main__             INFO     ✅ Loaded (sync): plugins.del_plugin
2025.03.30 10:52:12 __main__             INFO     🔄 Loading: plugins.music_plugin
2025.03.30 10:52:12 __main__             ERROR    ❌ Failed to load plugins.music_plugin: cannot access local variable 'handle_music_search' where it is not associated with a value
Traceback (most recent call last):
  File "/home/admin/DLMaster/app.py", line 185, in load_plugins
    module.setup(context)
  File "/home/admin/DLMaster/plugins/music_plugin.py", line 14, in setup
    context.handle_music_search = handle_music_search
                                  ^^^^^^^^^^^^^^^^^^^
UnboundLocalError: cannot access local variable 'handle_music_search' where it is not associated with a value
2025.03.30 10:52:12 __main__             INFO     🔄 Loading: plugins.start_plugin
2025.03.30 10:52:12 __main__             INFO     ✅ Loaded (async): plugins.start_plugin
2025.03.30 10:52:12 __main__             INFO     🔄 Loading: plugins.broadcast_plugin
2025.03.30 10:52:12 __main__             INFO     ✅ Loaded (sync): plugins.broadcast_plugin
2025.03.30 10:52:12 __main__             INFO     🔄 Loading: plugins.speedtest_plugin
2025.03.30 10:52:12 __main__             INFO     ✅ Loaded (sync): plugins.speedtest_plugin
2025.03.30 10:52:12 __main__             INFO     🔄 Loading: plugins.bot_logs
2025.03.30 10:52:12 __main__             INFO     ✅ Loaded (async): plugins.bot_logs
2025.03.30 10:52:12 __main__             INFO     🔄 Loading: plugins.bass
2025.03.30 10:52:12 __main__             INFO     ✅ Loaded (sync): plugins.bass
2025.03.30 10:52:12 __main__             INFO     🚀 Starting polling...
2025.03.30 10:52:12 aiogram.dispatcher   INFO     Start polling
2025.03.30 10:52:12 aiogram.dispatcher   INFO     Run polling for bot @dllmasterbot id=8095621527 - 'DLLMaster for Music'
2025.03.30 10:52:38 aiogram.event        INFO     Update id=511588627 is not handled. Duration 1 ms by bot id=8095621527
2025.03.30 10:52:54 aiogram.event        INFO     Update id=511588628 is handled. Duration 1 ms by bot id=8095621527
2025.03.30 10:52:56 aiogram.event        INFO     Update id=511588629 is not handled. Duration 1 ms by bot id=8095621527
2025.03.30 10:54:07 aiogram.event        INFO     Update id=511588630 is handled. Duration 2 ms by bot id=8095621527
2025.03.30 10:54:12 aiogram.event        INFO     Update id=511588631 is handled. Duration 1 ms by bot id=8095621527
2025.03.30 10:54:29 aiogram.event        INFO     Update id=511588632 is handled. Duration 1 ms by bot id=8095621527
2025.03.30 10:54:50 aiogram.dispatcher   WARNING  Received SIGINT signal
2025.03.30 10:54:50 aiogram.dispatcher   INFO     Polling stopped for bot @dllmasterbot id=8095621527 - 'DLLMaster for Music'
2025.03.30 10:54:50 aiogram.dispatcher   INFO     Polling stopped
2025.03.30 10:54:50 __main__             INFO     🛑 Polling stopped
2025.03.30 10:54:50 __main__             INFO     🔴 Bot stopped
2025.03.30 10:54:56 __main__             INFO     🤖 Starting bot...
2025.03.30 10:54:56 __main__             INFO     🚀 Starting bot initialization...
2025.03.30 10:54:56 __main__             INFO     ✅ Database initialized successfully
2025.03.30 10:54:56 core.spotify_handler INFO     Spotify API ilə əlaqə quruldu.
2025.03.30 10:54:56 __main__             INFO     ✅ Spotify service initialized
2025.03.30 10:54:56 core.youtube_handler INFO     firefox brauzerindən cookies istifadə edilir.
2025.03.30 10:54:56 __main__             INFO     ✅ YouTube services initialized (firefox)
2025.03.30 10:54:56 __main__             INFO     🔌 Loading plugins...
2025.03.30 10:54:56 __main__             INFO     🔍 Scanning plugins in: plugins
2025.03.30 10:54:56 __main__             INFO     🔄 Loading: plugins.spotify_plugin
2025.03.30 10:54:56 __main__             INFO     ✅ Loaded (sync): plugins.spotify_plugin
2025.03.30 10:54:56 __main__             INFO     🔄 Loading: plugins.menu_plugin
2025.03.30 10:54:56 __main__             INFO     ✅ Loaded (sync): plugins.menu_plugin
2025.03.30 10:54:56 __main__             INFO     🔄 Loading: plugins.sudo_plugin
2025.03.30 10:54:56 __main__             INFO     ✅ Loaded (sync): plugins.sudo_plugin
2025.03.30 10:54:56 __main__             INFO     🔄 Loading: plugins.youtube_plugin
2025.03.30 10:54:56 __main__             INFO     ✅ Loaded (sync): plugins.youtube_plugin
2025.03.30 10:54:56 __main__             INFO     🔄 Loading: plugins.neofetch_plugin
2025.03.30 10:54:56 __main__             INFO     ✅ Loaded (sync): plugins.neofetch_plugin
2025.03.30 10:54:56 __main__             INFO     🔄 Loading: plugins.report_plugin
2025.03.30 10:54:56 __main__             INFO     ✅ Loaded (async): plugins.report_plugin
2025.03.30 10:54:56 __main__             INFO     🔄 Loading: plugins.del_plugin
2025.03.30 10:54:56 __main__             INFO     ✅ Loaded (sync): plugins.del_plugin
2025.03.30 10:54:56 __main__             INFO     🔄 Loading: plugins.music_plugin
2025.03.30 10:54:56 __main__             ERROR    ❌ Failed to load plugins.music_plugin: expected an indented block after 'try' statement on line 14 (music_plugin.py, line 16)
Traceback (most recent call last):
  File "/home/admin/DLMaster/app.py", line 179, in load_plugins
    module = importlib.import_module(module_name)
             ^^^^^^^^^^^^^^^^^^^^^^^^^^^^^^^^^^^^
  File "/usr/lib/python3.11/importlib/__init__.py", line 126, in import_module
    return _bootstrap._gcd_import(name[level:], package, level)
           ^^^^^^^^^^^^^^^^^^^^^^^^^^^^^^^^^^^^^^^^^^^^^^^^^^^^
  File "<frozen importlib._bootstrap>", line 1206, in _gcd_import
  File "<frozen importlib._bootstrap>", line 1178, in _find_and_load
  File "<frozen importlib._bootstrap>", line 1149, in _find_and_load_unlocked
  File "<frozen importlib._bootstrap>", line 690, in _load_unlocked
  File "<frozen importlib._bootstrap_external>", line 936, in exec_module
  File "<frozen importlib._bootstrap_external>", line 1074, in get_code
  File "<frozen importlib._bootstrap_external>", line 1004, in source_to_code
  File "<frozen importlib._bootstrap>", line 241, in _call_with_frames_removed
  File "/home/admin/DLMaster/plugins/music_plugin.py", line 16
    except Exception as e:
    ^^^^^^
IndentationError: expected an indented block after 'try' statement on line 14
2025.03.30 10:54:56 __main__             INFO     🔄 Loading: plugins.start_plugin
2025.03.30 10:54:56 __main__             INFO     ✅ Loaded (async): plugins.start_plugin
2025.03.30 10:54:56 __main__             INFO     🔄 Loading: plugins.broadcast_plugin
2025.03.30 10:54:56 __main__             INFO     ✅ Loaded (sync): plugins.broadcast_plugin
2025.03.30 10:54:56 __main__             INFO     🔄 Loading: plugins.speedtest_plugin
2025.03.30 10:54:56 __main__             INFO     ✅ Loaded (sync): plugins.speedtest_plugin
2025.03.30 10:54:56 __main__             INFO     🔄 Loading: plugins.bot_logs
2025.03.30 10:54:56 __main__             INFO     ✅ Loaded (async): plugins.bot_logs
2025.03.30 10:54:56 __main__             INFO     🔄 Loading: plugins.bass
2025.03.30 10:54:56 __main__             INFO     ✅ Loaded (sync): plugins.bass
2025.03.30 10:54:56 __main__             INFO     🚀 Starting polling...
2025.03.30 10:54:56 aiogram.dispatcher   INFO     Start polling
2025.03.30 10:54:56 aiogram.dispatcher   INFO     Run polling for bot @dllmasterbot id=8095621527 - 'DLLMaster for Music'
2025.03.30 10:54:56 aiogram.event        INFO     Update id=511588633 is handled. Duration 1 ms by bot id=8095621527
2025.03.30 10:55:00 aiogram.event        INFO     Update id=511588634 is handled. Duration 1 ms by bot id=8095621527
2025.03.30 10:55:06 aiogram.event        INFO     Update id=511588635 is handled. Duration 3 ms by bot id=8095621527
2025.03.30 10:55:06 aiogram.event        INFO     Update id=511588636 is handled. Duration 3 ms by bot id=8095621527
2025.03.30 10:55:07 aiogram.event        INFO     Update id=511588637 is handled. Duration 1 ms by bot id=8095621527
2025.03.30 10:55:13 aiogram.event        INFO     Update id=511588638 is handled. Duration 1 ms by bot id=8095621527
2025.03.30 10:55:14 aiogram.event        INFO     Update id=511588639 is handled. Duration 2 ms by bot id=8095621527
2025.03.30 10:55:20 aiogram.event        INFO     Update id=511588640 is handled. Duration 1 ms by bot id=8095621527
2025.03.30 10:55:20 aiogram.event        INFO     Update id=511588641 is handled. Duration 1 ms by bot id=8095621527
2025.03.30 10:55:20 aiogram.event        INFO     Update id=511588642 is handled. Duration 1 ms by bot id=8095621527
2025.03.30 10:55:24 aiogram.event        INFO     Update id=511588643 is handled. Duration 1 ms by bot id=8095621527
2025.03.30 10:55:27 aiogram.event        INFO     Update id=511588644 is handled. Duration 3 ms by bot id=8095621527
2025.03.30 10:55:34 aiogram.event        INFO     Update id=511588645 is handled. Duration 1 ms by bot id=8095621527
2025.03.30 10:55:36 aiogram.event        INFO     Update id=511588646 is handled. Duration 1 ms by bot id=8095621527
2025.03.30 10:55:37 aiogram.event        INFO     Update id=511588647 is handled. Duration 2 ms by bot id=8095621527
2025.03.30 10:55:45 aiogram.event        INFO     Update id=511588648 is handled. Duration 1 ms by bot id=8095621527
2025.03.30 10:55:46 aiogram.event        INFO     Update id=511588649 is handled. Duration 1 ms by bot id=8095621527
2025.03.30 10:55:50 aiogram.event        INFO     Update id=511588650 is handled. Duration 1 ms by bot id=8095621527
2025.03.30 10:55:56 aiogram.event        INFO     Update id=511588651 is handled. Duration 4 ms by bot id=8095621527
2025.03.30 10:55:57 aiogram.event        INFO     Update id=511588652 is handled. Duration 2 ms by bot id=8095621527
2025.03.30 10:55:58 aiogram.event        INFO     Update id=511588653 is handled. Duration 2 ms by bot id=8095621527
2025.03.30 10:56:00 aiogram.event        INFO     Update id=511588654 is handled. Duration 1 ms by bot id=8095621527
2025.03.30 10:56:07 aiogram.event        INFO     Update id=511588655 is handled. Duration 1 ms by bot id=8095621527
2025.03.30 10:56:08 aiogram.event        INFO     Update id=511588656 is handled. Duration 1 ms by bot id=8095621527
2025.03.30 10:56:08 aiogram.event        INFO     Update id=511588657 is handled. Duration 0 ms by bot id=8095621527
2025.03.30 10:56:13 aiogram.event        INFO     Update id=511588658 is handled. Duration 1 ms by bot id=8095621527
2025.03.30 10:56:16 aiogram.event        INFO     Update id=511588659 is handled. Duration 1 ms by bot id=8095621527
2025.03.30 10:56:17 aiogram.event        INFO     Update id=511588660 is handled. Duration 1 ms by bot id=8095621527
2025.03.30 10:56:19 aiogram.event        INFO     Update id=511588661 is handled. Duration 2 ms by bot id=8095621527
2025.03.30 10:56:24 aiogram.event        INFO     Update id=511588662 is handled. Duration 1 ms by bot id=8095621527
2025.03.30 10:56:24 aiogram.event        INFO     Update id=511588663 is handled. Duration 0 ms by bot id=8095621527
2025.03.30 10:56:27 aiogram.event        INFO     Update id=511588664 is handled. Duration 2 ms by bot id=8095621527
2025.03.30 10:56:29 aiogram.event        INFO     Update id=511588665 is handled. Duration 1 ms by bot id=8095621527
2025.03.30 10:56:35 aiogram.event        INFO     Update id=511588666 is handled. Duration 1 ms by bot id=8095621527
2025.03.30 10:56:39 aiogram.event        INFO     Update id=511588667 is handled. Duration 0 ms by bot id=8095621527
2025.03.30 10:56:39 aiogram.event        INFO     Update id=511588668 is not handled. Duration 1 ms by bot id=8095621527
2025.03.30 10:56:41 aiogram.event        INFO     Update id=511588669 is handled. Duration 1 ms by bot id=8095621527
2025.03.30 10:56:46 aiogram.event        INFO     Update id=511588670 is handled. Duration 1 ms by bot id=8095621527
2025.03.30 10:56:50 aiogram.event        INFO     Update id=511588671 is handled. Duration 5 ms by bot id=8095621527
2025.03.30 10:56:56 aiogram.event        INFO     Update id=511588672 is not handled. Duration 2 ms by bot id=8095621527
2025.03.30 10:56:56 aiogram.event        INFO     Update id=511588673 is handled. Duration 1 ms by bot id=8095621527
2025.03.30 10:57:00 aiogram.event        INFO     Update id=511588674 is handled. Duration 1 ms by bot id=8095621527
2025.03.30 10:57:01 aiogram.event        INFO     Update id=511588675 is handled. Duration 2 ms by bot id=8095621527
2025.03.30 10:57:03 aiogram.event        INFO     Update id=511588676 is handled. Duration 1 ms by bot id=8095621527
2025.03.30 10:57:05 aiogram.event        INFO     Update id=511588677 is handled. Duration 1 ms by bot id=8095621527
2025.03.30 10:57:08 aiogram.event        INFO     Update id=511588678 is handled. Duration 1 ms by bot id=8095621527
2025.03.30 10:57:10 aiogram.event        INFO     Update id=511588679 is handled. Duration 2 ms by bot id=8095621527
2025.03.30 10:57:12 aiogram.event        INFO     Update id=511588680 is handled. Duration 2 ms by bot id=8095621527
2025.03.30 10:57:20 aiogram.event        INFO     Update id=511588681 is handled. Duration 1 ms by bot id=8095621527
2025.03.30 10:57:35 aiogram.event        INFO     Update id=511588682 is not handled. Duration 2 ms by bot id=8095621527
2025.03.30 10:57:43 aiogram.event        INFO     Update id=511588683 is handled. Duration 4 ms by bot id=8095621527
2025.03.30 10:57:45 aiogram.event        INFO     Update id=511588684 is handled. Duration 1 ms by bot id=8095621527
2025.03.30 10:57:49 aiogram.event        INFO     Update id=511588685 is handled. Duration 1 ms by bot id=8095621527
2025.03.30 10:57:50 aiogram.event        INFO     Update id=511588686 is handled. Duration 1 ms by bot id=8095621527
2025.03.30 10:57:50 aiogram.event        INFO     Update id=511588687 is handled. Duration 1 ms by bot id=8095621527
2025.03.30 10:57:54 aiogram.event        INFO     Update id=511588688 is handled. Duration 2 ms by bot id=8095621527
2025.03.30 10:58:04 aiogram.event        INFO     Update id=511588689 is handled. Duration 1 ms by bot id=8095621527
2025.03.30 10:58:09 aiogram.event        INFO     Update id=511588690 is handled. Duration 1 ms by bot id=8095621527
2025.03.30 10:58:16 aiogram.event        INFO     Update id=511588691 is handled. Duration 0 ms by bot id=8095621527
2025.03.30 10:58:19 aiogram.event        INFO     Update id=511588692 is handled. Duration 2 ms by bot id=8095621527
2025.03.30 10:58:26 aiogram.event        INFO     Update id=511588693 is handled. Duration 1 ms by bot id=8095621527
2025.03.30 10:58:33 aiogram.event        INFO     Update id=511588694 is handled. Duration 1 ms by bot id=8095621527
2025.03.30 10:58:43 aiogram.event        INFO     Update id=511588695 is handled. Duration 2 ms by bot id=8095621527
2025.03.30 10:58:53 aiogram.event        INFO     Update id=511588696 is handled. Duration 2 ms by bot id=8095621527
2025.03.30 10:59:07 aiogram.event        INFO     Update id=511588697 is handled. Duration 1 ms by bot id=8095621527
2025.03.30 10:59:09 aiogram.event        INFO     Update id=511588698 is handled. Duration 4 ms by bot id=8095621527
2025.03.30 10:59:16 aiogram.event        INFO     Update id=511588699 is handled. Duration 1 ms by bot id=8095621527
2025.03.30 10:59:16 aiogram.event        INFO     Update id=511588700 is handled. Duration 1 ms by bot id=8095621527
2025.03.30 10:59:19 aiogram.event        INFO     Update id=511588701 is handled. Duration 1 ms by bot id=8095621527
2025.03.30 10:59:20 aiogram.event        INFO     Update id=511588702 is handled. Duration 1 ms by bot id=8095621527
2025.03.30 10:59:24 aiogram.dispatcher   WARNING  Received SIGINT signal
2025.03.30 10:59:24 aiogram.dispatcher   INFO     Polling stopped for bot @dllmasterbot id=8095621527 - 'DLLMaster for Music'
2025.03.30 10:59:24 aiogram.dispatcher   INFO     Polling stopped
2025.03.30 10:59:25 __main__             INFO     🛑 Polling stopped
2025.03.30 10:59:25 __main__             INFO     🔴 Bot stopped
2025.03.30 10:59:31 __main__             INFO     🤖 Starting bot...
2025.03.30 10:59:31 __main__             INFO     🚀 Starting bot initialization...
2025.03.30 10:59:31 __main__             INFO     ✅ Database initialized successfully
2025.03.30 10:59:32 core.spotify_handler INFO     Spotify API ilə əlaqə quruldu.
2025.03.30 10:59:32 __main__             INFO     ✅ Spotify service initialized
2025.03.30 10:59:32 core.youtube_handler INFO     firefox brauzerindən cookies istifadə edilir.
2025.03.30 10:59:32 __main__             INFO     ✅ YouTube services initialized (firefox)
2025.03.30 10:59:32 __main__             INFO     🔌 Loading plugins...
2025.03.30 10:59:32 __main__             INFO     🔍 Scanning plugins in: plugins
2025.03.30 10:59:32 __main__             INFO     🔄 Loading: plugins.spotify_plugin
2025.03.30 10:59:32 __main__             INFO     ✅ Loaded (sync): plugins.spotify_plugin
2025.03.30 10:59:32 __main__             INFO     🔄 Loading: plugins.menu_plugin
2025.03.30 10:59:32 __main__             INFO     ✅ Loaded (sync): plugins.menu_plugin
2025.03.30 10:59:32 __main__             INFO     🔄 Loading: plugins.sudo_plugin
2025.03.30 10:59:32 __main__             INFO     ✅ Loaded (sync): plugins.sudo_plugin
2025.03.30 10:59:32 __main__             INFO     🔄 Loading: plugins.youtube_plugin
2025.03.30 10:59:32 __main__             INFO     ✅ Loaded (sync): plugins.youtube_plugin
2025.03.30 10:59:32 __main__             INFO     🔄 Loading: plugins.neofetch_plugin
2025.03.30 10:59:32 __main__             INFO     ✅ Loaded (sync): plugins.neofetch_plugin
2025.03.30 10:59:32 __main__             INFO     🔄 Loading: plugins.report_plugin
2025.03.30 10:59:32 __main__             INFO     ✅ Loaded (async): plugins.report_plugin
2025.03.30 10:59:32 __main__             INFO     🔄 Loading: plugins.del_plugin
2025.03.30 10:59:32 __main__             INFO     ✅ Loaded (sync): plugins.del_plugin
2025.03.30 10:59:32 __main__             INFO     🔄 Loading: plugins.music_plugin
2025.03.30 10:59:32 __main__             INFO     ✅ Loaded (sync): plugins.music_plugin
2025.03.30 10:59:32 __main__             INFO     🔄 Loading: plugins.start_plugin
2025.03.30 10:59:32 __main__             INFO     ✅ Loaded (async): plugins.start_plugin
2025.03.30 10:59:32 __main__             INFO     🔄 Loading: plugins.broadcast_plugin
2025.03.30 10:59:32 __main__             INFO     ✅ Loaded (sync): plugins.broadcast_plugin
2025.03.30 10:59:32 __main__             INFO     🔄 Loading: plugins.speedtest_plugin
2025.03.30 10:59:32 __main__             INFO     ✅ Loaded (sync): plugins.speedtest_plugin
2025.03.30 10:59:32 __main__             INFO     🔄 Loading: plugins.bot_logs
2025.03.30 10:59:32 __main__             INFO     ✅ Loaded (async): plugins.bot_logs
2025.03.30 10:59:32 __main__             INFO     🔄 Loading: plugins.bass
2025.03.30 10:59:32 __main__             INFO     ✅ Loaded (sync): plugins.bass
2025.03.30 10:59:32 __main__             INFO     🚀 Starting polling...
2025.03.30 10:59:32 aiogram.dispatcher   INFO     Start polling
2025.03.30 10:59:32 aiogram.dispatcher   INFO     Run polling for bot @dllmasterbot id=8095621527 - 'DLLMaster for Music'
2025.03.30 10:59:32 aiogram.event        INFO     Update id=511588703 is handled. Duration 1 ms by bot id=8095621527
2025.03.30 10:59:32 aiogram.event        INFO     Update id=511588704 is not handled. Duration 1 ms by bot id=8095621527
2025.03.30 10:59:33 aiogram.event        INFO     Update id=511588705 is not handled. Duration 1 ms by bot id=8095621527
2025.03.30 10:59:33 aiogram.event        INFO     Update id=511588706 is handled. Duration 1 ms by bot id=8095621527
2025.03.30 10:59:40 aiogram.event        INFO     Update id=511588707 is handled. Duration 114 ms by bot id=8095621527
2025.03.30 10:59:42 aiogram.event        INFO     Update id=511588708 is not handled. Duration 6 ms by bot id=8095621527
2025.03.30 10:59:42 aiogram.event        ERROR    Cause exception while process update id=511588708 by bot id=8095621527
IndexError: list index out of range
Traceback (most recent call last):
  File "/home/admin/.local/lib/python3.11/site-packages/aiogram/dispatcher/dispatcher.py", line 309, in _process_update
    response = await self.feed_update(bot, update, **kwargs)
               ^^^^^^^^^^^^^^^^^^^^^^^^^^^^^^^^^^^^^^^^^^^^^
  File "/home/admin/.local/lib/python3.11/site-packages/aiogram/dispatcher/dispatcher.py", line 158, in feed_update
    response = await self.update.wrap_outer_middleware(
               ^^^^^^^^^^^^^^^^^^^^^^^^^^^^^^^^^^^^^^^^
  File "/home/admin/.local/lib/python3.11/site-packages/aiogram/dispatcher/middlewares/error.py", line 25, in __call__
    return await handler(event, data)
           ^^^^^^^^^^^^^^^^^^^^^^^^^^
  File "/home/admin/.local/lib/python3.11/site-packages/aiogram/dispatcher/middlewares/user_context.py", line 56, in __call__
    return await handler(event, data)
           ^^^^^^^^^^^^^^^^^^^^^^^^^^
  File "/home/admin/.local/lib/python3.11/site-packages/aiogram/fsm/middleware.py", line 42, in __call__
    return await handler(event, data)
           ^^^^^^^^^^^^^^^^^^^^^^^^^^
  File "/home/admin/.local/lib/python3.11/site-packages/aiogram/dispatcher/event/telegram.py", line 121, in trigger
    return await wrapped_inner(event, kwargs)
           ^^^^^^^^^^^^^^^^^^^^^^^^^^^^^^^^^^
  File "/home/admin/.local/lib/python3.11/site-packages/aiogram/dispatcher/event/handler.py", line 43, in call
    return await wrapped()
           ^^^^^^^^^^^^^^^
  File "/home/admin/.local/lib/python3.11/site-packages/aiogram/dispatcher/dispatcher.py", line 276, in _listen_update
    return await self.propagate_event(update_type=update_type, event=event, **kwargs)
           ^^^^^^^^^^^^^^^^^^^^^^^^^^^^^^^^^^^^^^^^^^^^^^^^^^^^^^^^^^^^^^^^^^^^^^^^^^
  File "/home/admin/.local/lib/python3.11/site-packages/aiogram/dispatcher/router.py", line 146, in propagate_event
    return await observer.wrap_outer_middleware(_wrapped, event=event, data=kwargs)
           ^^^^^^^^^^^^^^^^^^^^^^^^^^^^^^^^^^^^^^^^^^^^^^^^^^^^^^^^^^^^^^^^^^^^^^^^
  File "/home/admin/.local/lib/python3.11/site-packages/aiogram/dispatcher/router.py", line 141, in _wrapped
    return await self._propagate_event(
           ^^^^^^^^^^^^^^^^^^^^^^^^^^^^
  File "/home/admin/.local/lib/python3.11/site-packages/aiogram/dispatcher/router.py", line 166, in _propagate_event
    response = await observer.trigger(event, **kwargs)
               ^^^^^^^^^^^^^^^^^^^^^^^^^^^^^^^^^^^^^^^
  File "/home/admin/.local/lib/python3.11/site-packages/aiogram/dispatcher/event/telegram.py", line 121, in trigger
    return await wrapped_inner(event, kwargs)
           ^^^^^^^^^^^^^^^^^^^^^^^^^^^^^^^^^^
  File "/home/admin/.local/lib/python3.11/site-packages/aiogram/dispatcher/event/handler.py", line 43, in call
    return await wrapped()
           ^^^^^^^^^^^^^^^
  File "/home/admin/DLMaster/plugins/bass.py", line 81, in process_bass
    freq = parts[1]
           ~~~~~^^^
IndexError: list index out of range
2025.03.30 10:59:43 aiogram.event        INFO     Update id=511588709 is handled. Duration 2 ms by bot id=8095621527
2025.03.30 10:59:52 aiogram.event        INFO     Update id=511588710 is handled. Duration 1 ms by bot id=8095621527
2025.03.30 11:00:00 aiogram.event        INFO     Update id=511588711 is handled. Duration 1 ms by bot id=8095621527
2025.03.30 11:00:08 aiogram.event        INFO     Update id=511588712 is handled. Duration 1 ms by bot id=8095621527
2025.03.30 11:00:10 core.cookies_handler INFO     firefox brauzerindən cookies istifadə edilir.
2025.03.30 11:00:14 aiogram.event        INFO     Update id=511588714 is handled. Duration 1 ms by bot id=8095621527
2025.03.30 11:00:14 aiogram.event        INFO     Update id=511588713 is handled. Duration 4124 ms by bot id=8095621527
2025.03.30 11:00:15 aiogram.event        INFO     Update id=511588715 is handled. Duration 1 ms by bot id=8095621527
2025.03.30 11:00:17 aiogram.event        INFO     Update id=511588716 is handled. Duration 1 ms by bot id=8095621527
2025.03.30 11:00:18 aiogram.event        INFO     Update id=511588717 is not handled. Duration 3 ms by bot id=8095621527
2025.03.30 11:00:18 aiogram.event        ERROR    Cause exception while process update id=511588717 by bot id=8095621527
NameError: name 'user_searches' is not defined
Traceback (most recent call last):
  File "/home/admin/.local/lib/python3.11/site-packages/aiogram/dispatcher/dispatcher.py", line 309, in _process_update
    response = await self.feed_update(bot, update, **kwargs)
               ^^^^^^^^^^^^^^^^^^^^^^^^^^^^^^^^^^^^^^^^^^^^^
  File "/home/admin/.local/lib/python3.11/site-packages/aiogram/dispatcher/dispatcher.py", line 158, in feed_update
    response = await self.update.wrap_outer_middleware(
               ^^^^^^^^^^^^^^^^^^^^^^^^^^^^^^^^^^^^^^^^
  File "/home/admin/.local/lib/python3.11/site-packages/aiogram/dispatcher/middlewares/error.py", line 25, in __call__
    return await handler(event, data)
           ^^^^^^^^^^^^^^^^^^^^^^^^^^
  File "/home/admin/.local/lib/python3.11/site-packages/aiogram/dispatcher/middlewares/user_context.py", line 56, in __call__
    return await handler(event, data)
           ^^^^^^^^^^^^^^^^^^^^^^^^^^
  File "/home/admin/.local/lib/python3.11/site-packages/aiogram/fsm/middleware.py", line 42, in __call__
    return await handler(event, data)
           ^^^^^^^^^^^^^^^^^^^^^^^^^^
  File "/home/admin/.local/lib/python3.11/site-packages/aiogram/dispatcher/event/telegram.py", line 121, in trigger
    return await wrapped_inner(event, kwargs)
           ^^^^^^^^^^^^^^^^^^^^^^^^^^^^^^^^^^
  File "/home/admin/.local/lib/python3.11/site-packages/aiogram/dispatcher/event/handler.py", line 43, in call
    return await wrapped()
           ^^^^^^^^^^^^^^^
  File "/home/admin/.local/lib/python3.11/site-packages/aiogram/dispatcher/dispatcher.py", line 276, in _listen_update
    return await self.propagate_event(update_type=update_type, event=event, **kwargs)
           ^^^^^^^^^^^^^^^^^^^^^^^^^^^^^^^^^^^^^^^^^^^^^^^^^^^^^^^^^^^^^^^^^^^^^^^^^^
  File "/home/admin/.local/lib/python3.11/site-packages/aiogram/dispatcher/router.py", line 146, in propagate_event
    return await observer.wrap_outer_middleware(_wrapped, event=event, data=kwargs)
           ^^^^^^^^^^^^^^^^^^^^^^^^^^^^^^^^^^^^^^^^^^^^^^^^^^^^^^^^^^^^^^^^^^^^^^^^
  File "/home/admin/.local/lib/python3.11/site-packages/aiogram/dispatcher/router.py", line 141, in _wrapped
    return await self._propagate_event(
           ^^^^^^^^^^^^^^^^^^^^^^^^^^^^
  File "/home/admin/.local/lib/python3.11/site-packages/aiogram/dispatcher/router.py", line 166, in _propagate_event
    response = await observer.trigger(event, **kwargs)
               ^^^^^^^^^^^^^^^^^^^^^^^^^^^^^^^^^^^^^^^
  File "/home/admin/.local/lib/python3.11/site-packages/aiogram/dispatcher/event/telegram.py", line 121, in trigger
    return await wrapped_inner(event, kwargs)
           ^^^^^^^^^^^^^^^^^^^^^^^^^^^^^^^^^^
  File "/home/admin/.local/lib/python3.11/site-packages/aiogram/dispatcher/event/handler.py", line 43, in call
    return await wrapped()
           ^^^^^^^^^^^^^^^
  File "/home/admin/DLMaster/plugins/music_plugin.py", line 200, in handle_choice
    if user_id not in user_searches:
                      ^^^^^^^^^^^^^
NameError: name 'user_searches' is not defined
2025.03.30 11:00:21 aiogram.event        INFO     Update id=511588718 is handled. Duration 1 ms by bot id=8095621527
2025.03.30 11:00:29 aiogram.event        INFO     Update id=511588719 is handled. Duration 1 ms by bot id=8095621527
2025.03.30 11:00:49 aiogram.event        INFO     Update id=511588720 is handled. Duration 1 ms by bot id=8095621527
2025.03.30 11:00:50 aiogram.event        INFO     Update id=511588721 is not handled. Duration 1 ms by bot id=8095621527
2025.03.30 11:00:59 aiogram.event        INFO     Update id=511588722 is handled. Duration 1 ms by bot id=8095621527
2025.03.30 11:01:03 aiogram.event        INFO     Update id=511588723 is handled. Duration 2 ms by bot id=8095621527
2025.03.30 11:01:05 aiogram.event        INFO     Update id=511588724 is handled. Duration 1 ms by bot id=8095621527
2025.03.30 11:01:15 aiogram.event        INFO     Update id=511588725 is handled. Duration 2 ms by bot id=8095621527
2025.03.30 11:01:15 aiogram.event        INFO     Update id=511588726 is handled. Duration 1 ms by bot id=8095621527
2025.03.30 11:01:19 aiogram.event        INFO     Update id=511588727 is handled. Duration 1 ms by bot id=8095621527
2025.03.30 11:01:21 aiogram.event        INFO     Update id=511588728 is handled. Duration 1 ms by bot id=8095621527
2025.03.30 11:01:23 aiogram.event        INFO     Update id=511588729 is handled. Duration 1 ms by bot id=8095621527
2025.03.30 11:01:26 aiogram.dispatcher   WARNING  Received SIGINT signal
2025.03.30 11:01:26 aiogram.dispatcher   INFO     Polling stopped for bot @dllmasterbot id=8095621527 - 'DLLMaster for Music'
2025.03.30 11:01:26 aiogram.dispatcher   INFO     Polling stopped
2025.03.30 11:01:26 __main__             INFO     🛑 Polling stopped
2025.03.30 11:01:26 __main__             INFO     🔴 Bot stopped
2025.03.30 11:01:33 __main__             INFO     🤖 Starting bot...
2025.03.30 11:01:33 __main__             INFO     🚀 Starting bot initialization...
2025.03.30 11:01:33 __main__             INFO     ✅ Database initialized successfully
2025.03.30 11:01:33 core.spotify_handler INFO     Spotify API ilə əlaqə quruldu.
2025.03.30 11:01:33 __main__             INFO     ✅ Spotify service initialized
2025.03.30 11:01:33 core.youtube_handler INFO     firefox brauzerindən cookies istifadə edilir.
2025.03.30 11:01:33 __main__             INFO     ✅ YouTube services initialized (firefox)
2025.03.30 11:01:33 __main__             INFO     🔌 Loading plugins...
2025.03.30 11:01:33 __main__             INFO     🔍 Scanning plugins in: plugins
2025.03.30 11:01:33 __main__             INFO     🔄 Loading: plugins.spotify_plugin
2025.03.30 11:01:33 __main__             INFO     ✅ Loaded (sync): plugins.spotify_plugin
2025.03.30 11:01:33 __main__             INFO     🔄 Loading: plugins.menu_plugin
2025.03.30 11:01:33 __main__             INFO     ✅ Loaded (sync): plugins.menu_plugin
2025.03.30 11:01:33 __main__             INFO     🔄 Loading: plugins.sudo_plugin
2025.03.30 11:01:33 __main__             INFO     ✅ Loaded (sync): plugins.sudo_plugin
2025.03.30 11:01:33 __main__             INFO     🔄 Loading: plugins.youtube_plugin
2025.03.30 11:01:33 __main__             INFO     ✅ Loaded (sync): plugins.youtube_plugin
2025.03.30 11:01:33 __main__             INFO     🔄 Loading: plugins.neofetch_plugin
2025.03.30 11:01:33 __main__             INFO     ✅ Loaded (sync): plugins.neofetch_plugin
2025.03.30 11:01:33 __main__             INFO     🔄 Loading: plugins.report_plugin
2025.03.30 11:01:33 __main__             INFO     ✅ Loaded (async): plugins.report_plugin
2025.03.30 11:01:33 __main__             INFO     🔄 Loading: plugins.del_plugin
2025.03.30 11:01:33 __main__             INFO     ✅ Loaded (sync): plugins.del_plugin
2025.03.30 11:01:33 __main__             INFO     🔄 Loading: plugins.music_plugin
2025.03.30 11:01:33 __main__             INFO     ✅ Loaded (sync): plugins.music_plugin
2025.03.30 11:01:33 __main__             INFO     🔄 Loading: plugins.start_plugin
2025.03.30 11:01:33 __main__             INFO     ✅ Loaded (async): plugins.start_plugin
2025.03.30 11:01:33 __main__             INFO     🔄 Loading: plugins.broadcast_plugin
2025.03.30 11:01:33 __main__             INFO     ✅ Loaded (sync): plugins.broadcast_plugin
2025.03.30 11:01:33 __main__             INFO     🔄 Loading: plugins.speedtest_plugin
2025.03.30 11:01:33 __main__             INFO     ✅ Loaded (sync): plugins.speedtest_plugin
2025.03.30 11:01:33 __main__             INFO     🔄 Loading: plugins.bot_logs
2025.03.30 11:01:33 __main__             INFO     ✅ Loaded (async): plugins.bot_logs
2025.03.30 11:01:33 __main__             INFO     🔄 Loading: plugins.bass
2025.03.30 11:01:33 __main__             INFO     ✅ Loaded (sync): plugins.bass
2025.03.30 11:01:33 __main__             INFO     🚀 Starting polling...
2025.03.30 11:01:33 aiogram.dispatcher   INFO     Start polling
2025.03.30 11:01:33 aiogram.dispatcher   INFO     Run polling for bot @dllmasterbot id=8095621527 - 'DLLMaster for Music'
2025.03.30 11:01:36 aiogram.event        INFO     Update id=511588730 is handled. Duration 1 ms by bot id=8095621527
2025.03.30 11:01:38 aiogram.event        INFO     Update id=511588731 is handled. Duration 1 ms by bot id=8095621527
2025.03.30 11:01:39 aiogram.event        INFO     Update id=511588732 is handled. Duration 82 ms by bot id=8095621527
2025.03.30 11:01:40 aiogram.event        INFO     Update id=511588733 is handled. Duration 1 ms by bot id=8095621527
2025.03.30 11:01:41 aiogram.event        INFO     Update id=511588734 is not handled. Duration 3 ms by bot id=8095621527
2025.03.30 11:01:41 aiogram.event        ERROR    Cause exception while process update id=511588734 by bot id=8095621527
IndexError: list index out of range
Traceback (most recent call last):
  File "/home/admin/.local/lib/python3.11/site-packages/aiogram/dispatcher/dispatcher.py", line 309, in _process_update
    response = await self.feed_update(bot, update, **kwargs)
               ^^^^^^^^^^^^^^^^^^^^^^^^^^^^^^^^^^^^^^^^^^^^^
  File "/home/admin/.local/lib/python3.11/site-packages/aiogram/dispatcher/dispatcher.py", line 158, in feed_update
    response = await self.update.wrap_outer_middleware(
               ^^^^^^^^^^^^^^^^^^^^^^^^^^^^^^^^^^^^^^^^
  File "/home/admin/.local/lib/python3.11/site-packages/aiogram/dispatcher/middlewares/error.py", line 25, in __call__
    return await handler(event, data)
           ^^^^^^^^^^^^^^^^^^^^^^^^^^
  File "/home/admin/.local/lib/python3.11/site-packages/aiogram/dispatcher/middlewares/user_context.py", line 56, in __call__
    return await handler(event, data)
           ^^^^^^^^^^^^^^^^^^^^^^^^^^
  File "/home/admin/.local/lib/python3.11/site-packages/aiogram/fsm/middleware.py", line 42, in __call__
    return await handler(event, data)
           ^^^^^^^^^^^^^^^^^^^^^^^^^^
  File "/home/admin/.local/lib/python3.11/site-packages/aiogram/dispatcher/event/telegram.py", line 121, in trigger
    return await wrapped_inner(event, kwargs)
           ^^^^^^^^^^^^^^^^^^^^^^^^^^^^^^^^^^
  File "/home/admin/.local/lib/python3.11/site-packages/aiogram/dispatcher/event/handler.py", line 43, in call
    return await wrapped()
           ^^^^^^^^^^^^^^^
  File "/home/admin/.local/lib/python3.11/site-packages/aiogram/dispatcher/dispatcher.py", line 276, in _listen_update
    return await self.propagate_event(update_type=update_type, event=event, **kwargs)
           ^^^^^^^^^^^^^^^^^^^^^^^^^^^^^^^^^^^^^^^^^^^^^^^^^^^^^^^^^^^^^^^^^^^^^^^^^^
  File "/home/admin/.local/lib/python3.11/site-packages/aiogram/dispatcher/router.py", line 146, in propagate_event
    return await observer.wrap_outer_middleware(_wrapped, event=event, data=kwargs)
           ^^^^^^^^^^^^^^^^^^^^^^^^^^^^^^^^^^^^^^^^^^^^^^^^^^^^^^^^^^^^^^^^^^^^^^^^
  File "/home/admin/.local/lib/python3.11/site-packages/aiogram/dispatcher/router.py", line 141, in _wrapped
    return await self._propagate_event(
           ^^^^^^^^^^^^^^^^^^^^^^^^^^^^
  File "/home/admin/.local/lib/python3.11/site-packages/aiogram/dispatcher/router.py", line 166, in _propagate_event
    response = await observer.trigger(event, **kwargs)
               ^^^^^^^^^^^^^^^^^^^^^^^^^^^^^^^^^^^^^^^
  File "/home/admin/.local/lib/python3.11/site-packages/aiogram/dispatcher/event/telegram.py", line 121, in trigger
    return await wrapped_inner(event, kwargs)
           ^^^^^^^^^^^^^^^^^^^^^^^^^^^^^^^^^^
  File "/home/admin/.local/lib/python3.11/site-packages/aiogram/dispatcher/event/handler.py", line 43, in call
    return await wrapped()
           ^^^^^^^^^^^^^^^
  File "/home/admin/DLMaster/plugins/bass.py", line 81, in process_bass
    freq = parts[1]
           ~~~~~^^^
IndexError: list index out of range
2025.03.30 11:01:45 aiogram.event        INFO     Update id=511588735 is handled. Duration 1 ms by bot id=8095621527
2025.03.30 11:01:53 aiogram.event        INFO     Update id=511588736 is handled. Duration 115 ms by bot id=8095621527
2025.03.30 11:01:56 aiogram.event        INFO     Update id=511588737 is handled. Duration 1 ms by bot id=8095621527
2025.03.30 11:02:00 aiogram.event        INFO     Update id=511588738 is handled. Duration 0 ms by bot id=8095621527
2025.03.30 11:02:02 core.cookies_handler INFO     firefox brauzerindən cookies istifadə edilir.
2025.03.30 11:02:06 aiogram.event        INFO     Update id=511588739 is handled. Duration 4016 ms by bot id=8095621527
2025.03.30 11:02:08 aiogram.event        INFO     Update id=511588740 is not handled. Duration 15 ms by bot id=8095621527
2025.03.30 11:02:08 aiogram.event        ERROR    Cause exception while process update id=511588740 by bot id=8095621527
NameError: name 'user_searches' is not defined
Traceback (most recent call last):
  File "/home/admin/.local/lib/python3.11/site-packages/aiogram/dispatcher/dispatcher.py", line 309, in _process_update
    response = await self.feed_update(bot, update, **kwargs)
               ^^^^^^^^^^^^^^^^^^^^^^^^^^^^^^^^^^^^^^^^^^^^^
  File "/home/admin/.local/lib/python3.11/site-packages/aiogram/dispatcher/dispatcher.py", line 158, in feed_update
    response = await self.update.wrap_outer_middleware(
               ^^^^^^^^^^^^^^^^^^^^^^^^^^^^^^^^^^^^^^^^
  File "/home/admin/.local/lib/python3.11/site-packages/aiogram/dispatcher/middlewares/error.py", line 25, in __call__
    return await handler(event, data)
           ^^^^^^^^^^^^^^^^^^^^^^^^^^
  File "/home/admin/.local/lib/python3.11/site-packages/aiogram/dispatcher/middlewares/user_context.py", line 56, in __call__
    return await handler(event, data)
           ^^^^^^^^^^^^^^^^^^^^^^^^^^
  File "/home/admin/.local/lib/python3.11/site-packages/aiogram/fsm/middleware.py", line 42, in __call__
    return await handler(event, data)
           ^^^^^^^^^^^^^^^^^^^^^^^^^^
  File "/home/admin/.local/lib/python3.11/site-packages/aiogram/dispatcher/event/telegram.py", line 121, in trigger
    return await wrapped_inner(event, kwargs)
           ^^^^^^^^^^^^^^^^^^^^^^^^^^^^^^^^^^
  File "/home/admin/.local/lib/python3.11/site-packages/aiogram/dispatcher/event/handler.py", line 43, in call
    return await wrapped()
           ^^^^^^^^^^^^^^^
  File "/home/admin/.local/lib/python3.11/site-packages/aiogram/dispatcher/dispatcher.py", line 276, in _listen_update
    return await self.propagate_event(update_type=update_type, event=event, **kwargs)
           ^^^^^^^^^^^^^^^^^^^^^^^^^^^^^^^^^^^^^^^^^^^^^^^^^^^^^^^^^^^^^^^^^^^^^^^^^^
  File "/home/admin/.local/lib/python3.11/site-packages/aiogram/dispatcher/router.py", line 146, in propagate_event
    return await observer.wrap_outer_middleware(_wrapped, event=event, data=kwargs)
           ^^^^^^^^^^^^^^^^^^^^^^^^^^^^^^^^^^^^^^^^^^^^^^^^^^^^^^^^^^^^^^^^^^^^^^^^
  File "/home/admin/.local/lib/python3.11/site-packages/aiogram/dispatcher/router.py", line 141, in _wrapped
    return await self._propagate_event(
           ^^^^^^^^^^^^^^^^^^^^^^^^^^^^
  File "/home/admin/.local/lib/python3.11/site-packages/aiogram/dispatcher/router.py", line 166, in _propagate_event
    response = await observer.trigger(event, **kwargs)
               ^^^^^^^^^^^^^^^^^^^^^^^^^^^^^^^^^^^^^^^
  File "/home/admin/.local/lib/python3.11/site-packages/aiogram/dispatcher/event/telegram.py", line 121, in trigger
    return await wrapped_inner(event, kwargs)
           ^^^^^^^^^^^^^^^^^^^^^^^^^^^^^^^^^^
  File "/home/admin/.local/lib/python3.11/site-packages/aiogram/dispatcher/event/handler.py", line 43, in call
    return await wrapped()
           ^^^^^^^^^^^^^^^
  File "/home/admin/DLMaster/plugins/music_plugin.py", line 200, in handle_choice
    if user_id not in user_searches:
                      ^^^^^^^^^^^^^
NameError: name 'user_searches' is not defined
2025.03.30 11:02:10 aiogram.event        INFO     Update id=511588741 is handled. Duration 1 ms by bot id=8095621527
2025.03.30 11:02:12 aiogram.event        INFO     Update id=511588742 is handled. Duration 2 ms by bot id=8095621527
2025.03.30 11:02:31 aiogram.event        INFO     Update id=511588743 is handled. Duration 0 ms by bot id=8095621527
2025.03.30 11:02:45 aiogram.event        INFO     Update id=511588744 is handled. Duration 1 ms by bot id=8095621527
2025.03.30 11:02:53 aiogram.event        INFO     Update id=511588745 is handled. Duration 1 ms by bot id=8095621527
2025.03.30 11:02:53 aiogram.event        INFO     Update id=511588746 is handled. Duration 2 ms by bot id=8095621527
2025.03.30 11:02:58 aiogram.event        INFO     Update id=511588747 is handled. Duration 0 ms by bot id=8095621527
2025.03.30 11:02:59 aiogram.event        INFO     Update id=511588748 is handled. Duration 2 ms by bot id=8095621527
2025.03.30 11:03:03 aiogram.event        INFO     Update id=511588749 is handled. Duration 0 ms by bot id=8095621527
2025.03.30 11:03:04 aiogram.event        INFO     Update id=511588750 is handled. Duration 0 ms by bot id=8095621527
2025.03.30 11:03:04 aiogram.event        INFO     Update id=511588751 is handled. Duration 0 ms by bot id=8095621527
2025.03.30 11:03:04 aiogram.event        INFO     Update id=511588752 is handled. Duration 0 ms by bot id=8095621527
2025.03.30 11:03:18 aiogram.event        INFO     Update id=511588753 is handled. Duration 1 ms by bot id=8095621527
2025.03.30 11:03:35 aiogram.event        INFO     Update id=511588754 is handled. Duration 1 ms by bot id=8095621527
2025.03.30 11:04:44 aiogram.event        INFO     Update id=511588755 is handled. Duration 0 ms by bot id=8095621527
2025.03.30 11:05:04 aiogram.event        INFO     Update id=511588756 is handled. Duration 1 ms by bot id=8095621527
2025.03.30 11:05:24 aiogram.event        INFO     Update id=511588757 is handled. Duration 0 ms by bot id=8095621527
2025.03.30 11:05:32 aiogram.event        INFO     Update id=511588758 is handled. Duration 1 ms by bot id=8095621527
2025.03.30 11:06:30 aiogram.event        INFO     Update id=511588759 is handled. Duration 1 ms by bot id=8095621527
2025.03.30 11:06:36 aiogram.event        INFO     Update id=511588760 is handled. Duration 0 ms by bot id=8095621527
2025.03.30 11:06:41 aiogram.event        INFO     Update id=511588761 is handled. Duration 1 ms by bot id=8095621527
2025.03.30 11:06:42 aiogram.event        INFO     Update id=511588762 is handled. Duration 1 ms by bot id=8095621527
2025.03.30 11:07:15 aiogram.event        INFO     Update id=511588763 is handled. Duration 1 ms by bot id=8095621527
2025.03.30 11:07:27 aiogram.event        INFO     Update id=511588764 is handled. Duration 1 ms by bot id=8095621527
2025.03.30 11:07:40 aiogram.event        INFO     Update id=511588765 is handled. Duration 1 ms by bot id=8095621527
2025.03.30 11:07:40 aiogram.event        INFO     Update id=511588766 is not handled. Duration 5 ms by bot id=8095621527
2025.03.30 11:07:40 aiogram.event        INFO     Update id=511588767 is not handled. Duration 5 ms by bot id=8095621527
2025.03.30 11:07:40 aiogram.event        INFO     Update id=511588768 is not handled. Duration 5 ms by bot id=8095621527
2025.03.30 11:07:40 aiogram.event        INFO     Update id=511588769 is not handled. Duration 5 ms by bot id=8095621527
2025.03.30 11:07:40 aiogram.event        INFO     Update id=511588770 is not handled. Duration 5 ms by bot id=8095621527
2025.03.30 11:07:42 aiogram.event        INFO     Update id=511588771 is handled. Duration 1 ms by bot id=8095621527
2025.03.30 11:07:49 aiogram.event        INFO     Update id=511588772 is handled. Duration 1 ms by bot id=8095621527
2025.03.30 11:08:08 aiogram.event        INFO     Update id=511588773 is handled. Duration 1 ms by bot id=8095621527
2025.03.30 11:08:11 aiogram.event        INFO     Update id=511588774 is handled. Duration 1 ms by bot id=8095621527
2025.03.30 11:08:20 aiogram.event        INFO     Update id=511588775 is handled. Duration 1 ms by bot id=8095621527
2025.03.30 11:08:31 aiogram.event        INFO     Update id=511588776 is handled. Duration 1 ms by bot id=8095621527
2025.03.30 11:08:39 aiogram.event        INFO     Update id=511588777 is handled. Duration 1 ms by bot id=8095621527
2025.03.30 11:08:42 aiogram.event        INFO     Update id=511588778 is handled. Duration 1 ms by bot id=8095621527
2025.03.30 11:08:54 aiogram.event        INFO     Update id=511588779 is handled. Duration 1 ms by bot id=8095621527
2025.03.30 11:09:01 aiogram.event        INFO     Update id=511588780 is handled. Duration 1 ms by bot id=8095621527
2025.03.30 11:09:07 aiogram.event        INFO     Update id=511588781 is handled. Duration 1 ms by bot id=8095621527
2025.03.30 11:09:14 aiogram.event        INFO     Update id=511588782 is handled. Duration 1 ms by bot id=8095621527
2025.03.30 11:09:21 aiogram.event        INFO     Update id=511588783 is handled. Duration 1 ms by bot id=8095621527
2025.03.30 11:09:43 aiogram.event        INFO     Update id=511588784 is not handled. Duration 1 ms by bot id=8095621527
2025.03.30 11:10:05 aiogram.event        INFO     Update id=511588785 is handled. Duration 1 ms by bot id=8095621527
2025.03.30 11:10:32 aiogram.dispatcher   WARNING  Received SIGINT signal
2025.03.30 11:10:32 aiogram.dispatcher   INFO     Polling stopped for bot @dllmasterbot id=8095621527 - 'DLLMaster for Music'
2025.03.30 11:10:32 aiogram.dispatcher   INFO     Polling stopped
2025.03.30 11:10:32 __main__             INFO     🛑 Polling stopped
2025.03.30 11:10:32 __main__             INFO     🔴 Bot stopped
2025.03.30 11:10:38 __main__             INFO     🤖 Starting bot...
2025.03.30 11:10:38 __main__             INFO     🚀 Starting bot initialization...
2025.03.30 11:10:38 __main__             INFO     ✅ Database initialized successfully
2025.03.30 11:10:38 core.spotify_handler INFO     Spotify API ilə əlaqə quruldu.
2025.03.30 11:10:38 __main__             INFO     ✅ Spotify service initialized
2025.03.30 11:10:38 core.youtube_handler INFO     firefox brauzerindən cookies istifadə edilir.
2025.03.30 11:10:38 __main__             INFO     ✅ YouTube services initialized (firefox)
2025.03.30 11:10:38 __main__             INFO     🔌 Loading plugins...
2025.03.30 11:10:38 __main__             INFO     🔍 Scanning plugins in: plugins
2025.03.30 11:10:38 __main__             INFO     🔄 Loading: plugins.spotify_plugin
2025.03.30 11:10:38 __main__             INFO     ✅ Loaded (sync): plugins.spotify_plugin
2025.03.30 11:10:38 __main__             INFO     🔄 Loading: plugins.menu_plugin
2025.03.30 11:10:38 __main__             INFO     ✅ Loaded (sync): plugins.menu_plugin
2025.03.30 11:10:38 __main__             INFO     🔄 Loading: plugins.sudo_plugin
2025.03.30 11:10:38 __main__             INFO     ✅ Loaded (sync): plugins.sudo_plugin
2025.03.30 11:10:38 __main__             INFO     🔄 Loading: plugins.youtube_plugin
2025.03.30 11:10:38 __main__             INFO     ✅ Loaded (sync): plugins.youtube_plugin
2025.03.30 11:10:38 __main__             INFO     🔄 Loading: plugins.neofetch_plugin
2025.03.30 11:10:38 __main__             INFO     ✅ Loaded (sync): plugins.neofetch_plugin
2025.03.30 11:10:38 __main__             INFO     🔄 Loading: plugins.report_plugin
2025.03.30 11:10:38 __main__             INFO     ✅ Loaded (async): plugins.report_plugin
2025.03.30 11:10:38 __main__             INFO     🔄 Loading: plugins.del_plugin
2025.03.30 11:10:38 __main__             INFO     ✅ Loaded (sync): plugins.del_plugin
2025.03.30 11:10:38 __main__             INFO     🔄 Loading: plugins.music_plugin
2025.03.30 11:10:38 __main__             ERROR    ❌ Failed to load plugins.music_plugin: closing parenthesis ')' does not match opening parenthesis '[' on line 326 (music_plugin.py, line 328)
Traceback (most recent call last):
  File "/home/admin/DLMaster/app.py", line 179, in load_plugins
    module = importlib.import_module(module_name)
             ^^^^^^^^^^^^^^^^^^^^^^^^^^^^^^^^^^^^
  File "/usr/lib/python3.11/importlib/__init__.py", line 126, in import_module
    return _bootstrap._gcd_import(name[level:], package, level)
           ^^^^^^^^^^^^^^^^^^^^^^^^^^^^^^^^^^^^^^^^^^^^^^^^^^^^
  File "<frozen importlib._bootstrap>", line 1206, in _gcd_import
  File "<frozen importlib._bootstrap>", line 1178, in _find_and_load
  File "<frozen importlib._bootstrap>", line 1149, in _find_and_load_unlocked
  File "<frozen importlib._bootstrap>", line 690, in _load_unlocked
  File "<frozen importlib._bootstrap_external>", line 936, in exec_module
  File "<frozen importlib._bootstrap_external>", line 1074, in get_code
  File "<frozen importlib._bootstrap_external>", line 1004, in source_to_code
  File "<frozen importlib._bootstrap>", line 241, in _call_with_frames_removed
  File "/home/admin/DLMaster/plugins/music_plugin.py", line 328
    )
    ^
SyntaxError: closing parenthesis ')' does not match opening parenthesis '[' on line 326
2025.03.30 11:10:38 __main__             INFO     🔄 Loading: plugins.start_plugin
2025.03.30 11:10:38 __main__             INFO     ✅ Loaded (async): plugins.start_plugin
2025.03.30 11:10:38 __main__             INFO     🔄 Loading: plugins.broadcast_plugin
2025.03.30 11:10:38 __main__             INFO     ✅ Loaded (sync): plugins.broadcast_plugin
2025.03.30 11:10:38 __main__             INFO     🔄 Loading: plugins.speedtest_plugin
2025.03.30 11:10:38 __main__             INFO     ✅ Loaded (sync): plugins.speedtest_plugin
2025.03.30 11:10:38 __main__             INFO     🔄 Loading: plugins.bot_logs
2025.03.30 11:10:38 __main__             INFO     ✅ Loaded (async): plugins.bot_logs
2025.03.30 11:10:38 __main__             INFO     🔄 Loading: plugins.bass
2025.03.30 11:10:38 __main__             INFO     ✅ Loaded (sync): plugins.bass
2025.03.30 11:10:38 __main__             INFO     🚀 Starting polling...
2025.03.30 11:10:38 aiogram.dispatcher   INFO     Start polling
2025.03.30 11:10:38 aiogram.dispatcher   INFO     Run polling for bot @dllmasterbot id=8095621527 - 'DLLMaster for Music'
2025.03.30 11:10:42 aiogram.event        INFO     Update id=511588786 is not handled. Duration 1 ms by bot id=8095621527
2025.03.30 11:11:20 aiogram.event        INFO     Update id=511588787 is handled. Duration 1 ms by bot id=8095621527
2025.03.30 11:11:26 aiogram.event        INFO     Update id=511588788 is not handled. Duration 1 ms by bot id=8095621527
2025.03.30 11:11:43 aiogram.dispatcher   WARNING  Received SIGINT signal
2025.03.30 11:11:43 aiogram.dispatcher   INFO     Polling stopped for bot @dllmasterbot id=8095621527 - 'DLLMaster for Music'
2025.03.30 11:11:43 aiogram.dispatcher   INFO     Polling stopped
2025.03.30 11:11:43 __main__             INFO     🛑 Polling stopped
2025.03.30 11:11:43 __main__             INFO     🔴 Bot stopped
2025.03.30 11:11:50 __main__             INFO     🤖 Starting bot...
2025.03.30 11:11:50 __main__             INFO     🚀 Starting bot initialization...
2025.03.30 11:11:50 __main__             INFO     ✅ Database initialized successfully
2025.03.30 11:11:50 core.spotify_handler INFO     Spotify API ilə əlaqə quruldu.
2025.03.30 11:11:50 __main__             INFO     ✅ Spotify service initialized
2025.03.30 11:11:50 core.youtube_handler INFO     firefox brauzerindən cookies istifadə edilir.
2025.03.30 11:11:50 __main__             INFO     ✅ YouTube services initialized (firefox)
2025.03.30 11:11:50 __main__             INFO     🔌 Loading plugins...
2025.03.30 11:11:50 __main__             INFO     🔍 Scanning plugins in: plugins
2025.03.30 11:11:50 __main__             INFO     🔄 Loading: plugins.spotify_plugin
2025.03.30 11:11:50 __main__             INFO     ✅ Loaded (sync): plugins.spotify_plugin
2025.03.30 11:11:50 __main__             INFO     🔄 Loading: plugins.menu_plugin
2025.03.30 11:11:50 __main__             INFO     ✅ Loaded (sync): plugins.menu_plugin
2025.03.30 11:11:50 __main__             INFO     🔄 Loading: plugins.sudo_plugin
2025.03.30 11:11:50 __main__             INFO     ✅ Loaded (sync): plugins.sudo_plugin
2025.03.30 11:11:50 __main__             INFO     🔄 Loading: plugins.youtube_plugin
2025.03.30 11:11:50 __main__             INFO     ✅ Loaded (sync): plugins.youtube_plugin
2025.03.30 11:11:50 __main__             INFO     🔄 Loading: plugins.neofetch_plugin
2025.03.30 11:11:50 __main__             INFO     ✅ Loaded (sync): plugins.neofetch_plugin
2025.03.30 11:11:50 __main__             INFO     🔄 Loading: plugins.report_plugin
2025.03.30 11:11:50 __main__             INFO     ✅ Loaded (async): plugins.report_plugin
2025.03.30 11:11:50 __main__             INFO     🔄 Loading: plugins.del_plugin
2025.03.30 11:11:50 __main__             INFO     ✅ Loaded (sync): plugins.del_plugin
2025.03.30 11:11:50 __main__             INFO     🔄 Loading: plugins.music_plugin
2025.03.30 11:11:50 __main__             ERROR    ❌ Failed to load plugins.music_plugin: closing parenthesis ')' does not match opening parenthesis '[' on line 348 (music_plugin.py, line 350)
Traceback (most recent call last):
  File "/home/admin/DLMaster/app.py", line 179, in load_plugins
    module = importlib.import_module(module_name)
             ^^^^^^^^^^^^^^^^^^^^^^^^^^^^^^^^^^^^
  File "/usr/lib/python3.11/importlib/__init__.py", line 126, in import_module
    return _bootstrap._gcd_import(name[level:], package, level)
           ^^^^^^^^^^^^^^^^^^^^^^^^^^^^^^^^^^^^^^^^^^^^^^^^^^^^
  File "<frozen importlib._bootstrap>", line 1206, in _gcd_import
  File "<frozen importlib._bootstrap>", line 1178, in _find_and_load
  File "<frozen importlib._bootstrap>", line 1149, in _find_and_load_unlocked
  File "<frozen importlib._bootstrap>", line 690, in _load_unlocked
  File "<frozen importlib._bootstrap_external>", line 936, in exec_module
  File "<frozen importlib._bootstrap_external>", line 1074, in get_code
  File "<frozen importlib._bootstrap_external>", line 1004, in source_to_code
  File "<frozen importlib._bootstrap>", line 241, in _call_with_frames_removed
  File "/home/admin/DLMaster/plugins/music_plugin.py", line 350
    )
    ^
SyntaxError: closing parenthesis ')' does not match opening parenthesis '[' on line 348
2025.03.30 11:11:50 __main__             INFO     🔄 Loading: plugins.start_plugin
2025.03.30 11:11:50 __main__             INFO     ✅ Loaded (async): plugins.start_plugin
2025.03.30 11:11:50 __main__             INFO     🔄 Loading: plugins.broadcast_plugin
2025.03.30 11:11:50 __main__             INFO     ✅ Loaded (sync): plugins.broadcast_plugin
2025.03.30 11:11:50 __main__             INFO     🔄 Loading: plugins.speedtest_plugin
2025.03.30 11:11:50 __main__             INFO     ✅ Loaded (sync): plugins.speedtest_plugin
2025.03.30 11:11:50 __main__             INFO     🔄 Loading: plugins.bot_logs
2025.03.30 11:11:50 __main__             INFO     ✅ Loaded (async): plugins.bot_logs
2025.03.30 11:11:50 __main__             INFO     🔄 Loading: plugins.bass
2025.03.30 11:11:50 __main__             INFO     ✅ Loaded (sync): plugins.bass
2025.03.30 11:11:50 __main__             INFO     🚀 Starting polling...
2025.03.30 11:11:50 aiogram.dispatcher   INFO     Start polling
2025.03.30 11:11:50 aiogram.dispatcher   INFO     Run polling for bot @dllmasterbot id=8095621527 - 'DLLMaster for Music'
2025.03.30 11:12:10 aiogram.dispatcher   WARNING  Received SIGINT signal
2025.03.30 11:12:10 aiogram.dispatcher   INFO     Polling stopped for bot @dllmasterbot id=8095621527 - 'DLLMaster for Music'
2025.03.30 11:12:10 aiogram.dispatcher   INFO     Polling stopped
2025.03.30 11:12:10 __main__             INFO     🛑 Polling stopped
2025.03.30 11:12:10 __main__             INFO     🔴 Bot stopped
2025.03.30 11:12:16 __main__             INFO     🤖 Starting bot...
2025.03.30 11:12:16 __main__             INFO     🚀 Starting bot initialization...
2025.03.30 11:12:16 __main__             INFO     ✅ Database initialized successfully
2025.03.30 11:12:17 core.spotify_handler INFO     Spotify API ilə əlaqə quruldu.
2025.03.30 11:12:17 __main__             INFO     ✅ Spotify service initialized
2025.03.30 11:12:17 core.youtube_handler INFO     firefox brauzerindən cookies istifadə edilir.
2025.03.30 11:12:17 __main__             INFO     ✅ YouTube services initialized (firefox)
2025.03.30 11:12:17 __main__             INFO     🔌 Loading plugins...
2025.03.30 11:12:17 __main__             INFO     🔍 Scanning plugins in: plugins
2025.03.30 11:12:17 __main__             INFO     🔄 Loading: plugins.spotify_plugin
2025.03.30 11:12:17 __main__             INFO     ✅ Loaded (sync): plugins.spotify_plugin
2025.03.30 11:12:17 __main__             INFO     🔄 Loading: plugins.menu_plugin
2025.03.30 11:12:17 __main__             INFO     ✅ Loaded (sync): plugins.menu_plugin
2025.03.30 11:12:17 __main__             INFO     🔄 Loading: plugins.sudo_plugin
2025.03.30 11:12:17 __main__             INFO     ✅ Loaded (sync): plugins.sudo_plugin
2025.03.30 11:12:17 __main__             INFO     🔄 Loading: plugins.youtube_plugin
2025.03.30 11:12:17 __main__             INFO     ✅ Loaded (sync): plugins.youtube_plugin
2025.03.30 11:12:17 __main__             INFO     🔄 Loading: plugins.neofetch_plugin
2025.03.30 11:12:17 __main__             INFO     ✅ Loaded (sync): plugins.neofetch_plugin
2025.03.30 11:12:17 __main__             INFO     🔄 Loading: plugins.report_plugin
2025.03.30 11:12:17 __main__             INFO     ✅ Loaded (async): plugins.report_plugin
2025.03.30 11:12:17 __main__             INFO     🔄 Loading: plugins.del_plugin
2025.03.30 11:12:17 __main__             INFO     ✅ Loaded (sync): plugins.del_plugin
2025.03.30 11:12:17 __main__             INFO     🔄 Loading: plugins.music_plugin
2025.03.30 11:12:17 __main__             INFO     ✅ Loaded (sync): plugins.music_plugin
2025.03.30 11:12:17 __main__             INFO     🔄 Loading: plugins.start_plugin
2025.03.30 11:12:17 __main__             INFO     ✅ Loaded (async): plugins.start_plugin
2025.03.30 11:12:17 __main__             INFO     🔄 Loading: plugins.broadcast_plugin
2025.03.30 11:12:17 __main__             INFO     ✅ Loaded (sync): plugins.broadcast_plugin
2025.03.30 11:12:17 __main__             INFO     🔄 Loading: plugins.speedtest_plugin
2025.03.30 11:12:17 __main__             INFO     ✅ Loaded (sync): plugins.speedtest_plugin
2025.03.30 11:12:17 __main__             INFO     🔄 Loading: plugins.bot_logs
2025.03.30 11:12:17 __main__             INFO     ✅ Loaded (async): plugins.bot_logs
2025.03.30 11:12:17 __main__             INFO     🔄 Loading: plugins.bass
2025.03.30 11:12:17 __main__             INFO     ✅ Loaded (sync): plugins.bass
2025.03.30 11:12:17 __main__             INFO     🚀 Starting polling...
2025.03.30 11:12:17 aiogram.dispatcher   INFO     Start polling
2025.03.30 11:12:17 aiogram.dispatcher   INFO     Run polling for bot @dllmasterbot id=8095621527 - 'DLLMaster for Music'
2025.03.30 11:12:18 aiogram.event        INFO     Update id=511588789 is handled. Duration 1 ms by bot id=8095621527
2025.03.30 11:12:21 core.cookies_handler INFO     firefox brauzerindən cookies istifadə edilir.
2025.03.30 11:12:25 aiogram.event        INFO     Update id=511588790 is handled. Duration 4945 ms by bot id=8095621527
2025.03.30 11:12:34 aiogram.event        INFO     Update id=511588791 is handled. Duration 120 ms by bot id=8095621527
2025.03.30 11:12:40 core.cookies_handler INFO     firefox brauzerindən cookies istifadə edilir.
2025.03.30 11:12:43 aiogram.event        INFO     Update id=511588792 is handled. Duration 3280 ms by bot id=8095621527
2025.03.30 11:12:46 aiogram.event        INFO     Update id=511588793 is handled. Duration 1 ms by bot id=8095621527
2025.03.30 11:12:50 aiogram.event        INFO     Update id=511588795 is handled. Duration 196 ms by bot id=8095621527
2025.03.30 11:12:53 aiogram.event        INFO     Update id=511588794 is handled. Duration 5222 ms by bot id=8095621527
2025.03.30 11:12:55 core.cookies_handler INFO     firefox brauzerindən cookies istifadə edilir.
2025.03.30 11:12:57 aiogram.event        INFO     Update id=511588796 is handled. Duration 2925 ms by bot id=8095621527
2025.03.30 11:13:00 core.cookies_handler INFO     firefox brauzerindən cookies istifadə edilir.
2025.03.30 11:13:06 aiogram.event        INFO     Update id=511588797 is handled. Duration 6190 ms by bot id=8095621527
2025.03.30 11:13:30 aiogram.event        INFO     Update id=511588798 is handled. Duration 323 ms by bot id=8095621527
2025.03.30 11:13:31 aiogram.event        INFO     Update id=511588799 is handled. Duration 174 ms by bot id=8095621527
2025.03.30 11:13:31 aiogram.event        INFO     Update id=511588800 is handled. Duration 79 ms by bot id=8095621527
2025.03.30 11:13:31 aiogram.event        INFO     Update id=511588801 is handled. Duration 102 ms by bot id=8095621527
2025.03.30 11:13:32 aiogram.event        INFO     Update id=511588802 is handled. Duration 108 ms by bot id=8095621527
2025.03.30 11:13:34 aiogram.event        INFO     Update id=511588803 is not handled. Duration 5 ms by bot id=8095621527
2025.03.30 11:13:34 aiogram.event        INFO     Update id=511588804 is not handled. Duration 5 ms by bot id=8095621527
2025.03.30 11:13:36 aiogram.event        INFO     Update id=511588805 is handled. Duration 195 ms by bot id=8095621527
2025.03.30 11:13:42 core.cookies_handler INFO     firefox brauzerindən cookies istifadə edilir.
2025.03.30 11:13:44 aiogram.event        INFO     Update id=511588806 is handled. Duration 2841 ms by bot id=8095621527
2025.03.30 11:13:46 core.cookies_handler INFO     firefox brauzerindən cookies istifadə edilir.
2025.03.30 11:13:50 aiogram.event        INFO     Update id=511588807 is handled. Duration 4020 ms by bot id=8095621527
2025.03.30 11:14:02 aiogram.event        INFO     Update id=511588808 is not handled. Duration 1 ms by bot id=8095621527
2025.03.30 11:14:08 core.cookies_handler INFO     firefox brauzerindən cookies istifadə edilir.
2025.03.30 11:14:11 aiogram.event        INFO     Update id=511588809 is handled. Duration 2958 ms by bot id=8095621527
2025.03.30 11:14:18 aiogram.event        INFO     Update id=511588810 is handled. Duration 5284 ms by bot id=8095621527
2025.03.30 11:14:29 aiogram.event        INFO     Update id=511588811 is handled. Duration 1 ms by bot id=8095621527
2025.03.30 11:14:45 aiogram.event        INFO     Update id=511588812 is handled. Duration 1 ms by bot id=8095621527
2025.03.30 11:18:28 aiogram.event        INFO     Update id=511588813 is handled. Duration 1 ms by bot id=8095621527
2025.03.30 11:22:21 aiogram.dispatcher   WARNING  Received SIGINT signal
2025.03.30 11:22:21 aiogram.dispatcher   INFO     Polling stopped for bot @dllmasterbot id=8095621527 - 'DLLMaster for Music'
2025.03.30 11:22:21 aiogram.dispatcher   INFO     Polling stopped
2025.03.30 11:22:21 __main__             INFO     🛑 Polling stopped
2025.03.30 11:22:21 __main__             INFO     🔴 Bot stopped
2025.03.30 11:22:27 __main__             INFO     🤖 Starting bot...
2025.03.30 11:22:27 __main__             INFO     🚀 Starting bot initialization...
2025.03.30 11:22:27 __main__             INFO     ✅ Database initialized successfully
2025.03.30 11:22:28 core.spotify_handler INFO     Spotify API ilə əlaqə quruldu.
2025.03.30 11:22:28 __main__             INFO     ✅ Spotify service initialized
2025.03.30 11:22:28 core.youtube_handler INFO     firefox brauzerindən cookies istifadə edilir.
2025.03.30 11:22:28 __main__             INFO     ✅ YouTube services initialized (firefox)
2025.03.30 11:22:28 __main__             INFO     🔌 Loading plugins...
2025.03.30 11:22:28 __main__             INFO     🔍 Scanning plugins in: plugins
2025.03.30 11:22:28 __main__             INFO     🔄 Loading: plugins.spotify_plugin
2025.03.30 11:22:28 __main__             INFO     ✅ Loaded (sync): plugins.spotify_plugin
2025.03.30 11:22:28 __main__             INFO     🔄 Loading: plugins.menu_plugin
2025.03.30 11:22:28 __main__             INFO     ✅ Loaded (sync): plugins.menu_plugin
2025.03.30 11:22:28 __main__             INFO     🔄 Loading: plugins.sudo_plugin
2025.03.30 11:22:28 __main__             INFO     ✅ Loaded (sync): plugins.sudo_plugin
2025.03.30 11:22:28 __main__             INFO     🔄 Loading: plugins.youtube_plugin
2025.03.30 11:22:28 __main__             INFO     ✅ Loaded (sync): plugins.youtube_plugin
2025.03.30 11:22:28 __main__             INFO     🔄 Loading: plugins.neofetch_plugin
2025.03.30 11:22:28 __main__             INFO     ✅ Loaded (sync): plugins.neofetch_plugin
2025.03.30 11:22:28 __main__             INFO     🔄 Loading: plugins.report_plugin
2025.03.30 11:22:28 __main__             INFO     ✅ Loaded (async): plugins.report_plugin
2025.03.30 11:22:28 __main__             INFO     🔄 Loading: plugins.del_plugin
2025.03.30 11:22:28 __main__             INFO     ✅ Loaded (sync): plugins.del_plugin
2025.03.30 11:22:28 __main__             INFO     🔄 Loading: plugins.music_plugin
2025.03.30 11:22:28 __main__             ERROR    ❌ Failed to load plugins.music_plugin: No module named 'plugins.bass_plugin'
Traceback (most recent call last):
  File "/home/admin/DLMaster/app.py", line 179, in load_plugins
    module = importlib.import_module(module_name)
             ^^^^^^^^^^^^^^^^^^^^^^^^^^^^^^^^^^^^
  File "/usr/lib/python3.11/importlib/__init__.py", line 126, in import_module
    return _bootstrap._gcd_import(name[level:], package, level)
           ^^^^^^^^^^^^^^^^^^^^^^^^^^^^^^^^^^^^^^^^^^^^^^^^^^^^
  File "<frozen importlib._bootstrap>", line 1206, in _gcd_import
  File "<frozen importlib._bootstrap>", line 1178, in _find_and_load
  File "<frozen importlib._bootstrap>", line 1149, in _find_and_load_unlocked
  File "<frozen importlib._bootstrap>", line 690, in _load_unlocked
  File "<frozen importlib._bootstrap_external>", line 940, in exec_module
  File "<frozen importlib._bootstrap>", line 241, in _call_with_frames_removed
  File "/home/admin/DLMaster/plugins/music_plugin.py", line 6, in <module>
    from plugins.bass_plugin import BassConfig
ModuleNotFoundError: No module named 'plugins.bass_plugin'
2025.03.30 11:22:28 __main__             INFO     🔄 Loading: plugins.start_plugin
2025.03.30 11:22:28 __main__             INFO     ✅ Loaded (async): plugins.start_plugin
2025.03.30 11:22:28 __main__             INFO     🔄 Loading: plugins.broadcast_plugin
2025.03.30 11:22:28 __main__             INFO     ✅ Loaded (sync): plugins.broadcast_plugin
2025.03.30 11:22:28 __main__             INFO     🔄 Loading: plugins.speedtest_plugin
2025.03.30 11:22:28 __main__             INFO     ✅ Loaded (sync): plugins.speedtest_plugin
2025.03.30 11:22:28 __main__             INFO     🔄 Loading: plugins.bot_logs
2025.03.30 11:22:28 __main__             INFO     ✅ Loaded (async): plugins.bot_logs
2025.03.30 11:22:28 __main__             INFO     🔄 Loading: plugins.bass
2025.03.30 11:22:28 __main__             INFO     ✅ Loaded (sync): plugins.bass
2025.03.30 11:22:28 __main__             INFO     🚀 Starting polling...
2025.03.30 11:22:28 aiogram.dispatcher   INFO     Start polling
2025.03.30 11:22:28 aiogram.dispatcher   INFO     Run polling for bot @dllmasterbot id=8095621527 - 'DLLMaster for Music'
2025.03.30 11:22:42 aiogram.event        INFO     Update id=511588814 is handled. Duration 1 ms by bot id=8095621527
2025.03.30 11:22:54 aiogram.dispatcher   WARNING  Received SIGINT signal
2025.03.30 11:22:54 aiogram.dispatcher   INFO     Polling stopped for bot @dllmasterbot id=8095621527 - 'DLLMaster for Music'
2025.03.30 11:22:54 aiogram.dispatcher   INFO     Polling stopped
2025.03.30 11:22:55 __main__             INFO     🛑 Polling stopped
2025.03.30 11:22:55 __main__             INFO     🔴 Bot stopped
2025.03.30 11:23:03 __main__             INFO     🤖 Starting bot...
2025.03.30 11:23:03 __main__             INFO     🚀 Starting bot initialization...
2025.03.30 11:23:03 __main__             INFO     ✅ Database initialized successfully
2025.03.30 11:23:03 core.spotify_handler INFO     Spotify API ilə əlaqə quruldu.
2025.03.30 11:23:03 __main__             INFO     ✅ Spotify service initialized
2025.03.30 11:23:03 core.youtube_handler INFO     firefox brauzerindən cookies istifadə edilir.
2025.03.30 11:23:03 __main__             INFO     ✅ YouTube services initialized (firefox)
2025.03.30 11:23:03 __main__             INFO     🔌 Loading plugins...
2025.03.30 11:23:03 __main__             INFO     🔍 Scanning plugins in: plugins
2025.03.30 11:23:03 __main__             INFO     🔄 Loading: plugins.spotify_plugin
2025.03.30 11:23:03 __main__             INFO     ✅ Loaded (sync): plugins.spotify_plugin
2025.03.30 11:23:03 __main__             INFO     🔄 Loading: plugins.bass_plugin
2025.03.30 11:23:03 __main__             INFO     ✅ Loaded (sync): plugins.bass_plugin
2025.03.30 11:23:03 __main__             INFO     🔄 Loading: plugins.menu_plugin
2025.03.30 11:23:03 __main__             INFO     ✅ Loaded (sync): plugins.menu_plugin
2025.03.30 11:23:03 __main__             INFO     🔄 Loading: plugins.sudo_plugin
2025.03.30 11:23:03 __main__             INFO     ✅ Loaded (sync): plugins.sudo_plugin
2025.03.30 11:23:03 __main__             INFO     🔄 Loading: plugins.youtube_plugin
2025.03.30 11:23:03 __main__             INFO     ✅ Loaded (sync): plugins.youtube_plugin
2025.03.30 11:23:03 __main__             INFO     🔄 Loading: plugins.neofetch_plugin
2025.03.30 11:23:03 __main__             INFO     ✅ Loaded (sync): plugins.neofetch_plugin
2025.03.30 11:23:03 __main__             INFO     🔄 Loading: plugins.report_plugin
2025.03.30 11:23:03 __main__             INFO     ✅ Loaded (async): plugins.report_plugin
2025.03.30 11:23:03 __main__             INFO     🔄 Loading: plugins.del_plugin
2025.03.30 11:23:03 __main__             INFO     ✅ Loaded (sync): plugins.del_plugin
2025.03.30 11:23:03 __main__             INFO     🔄 Loading: plugins.music_plugin
2025.03.30 11:23:03 __main__             ERROR    ❌ Failed to load plugins.music_plugin: No module named 'numpy'
Traceback (most recent call last):
  File "/home/admin/DLMaster/app.py", line 179, in load_plugins
    module = importlib.import_module(module_name)
             ^^^^^^^^^^^^^^^^^^^^^^^^^^^^^^^^^^^^
  File "/usr/lib/python3.11/importlib/__init__.py", line 126, in import_module
    return _bootstrap._gcd_import(name[level:], package, level)
           ^^^^^^^^^^^^^^^^^^^^^^^^^^^^^^^^^^^^^^^^^^^^^^^^^^^^
  File "<frozen importlib._bootstrap>", line 1206, in _gcd_import
  File "<frozen importlib._bootstrap>", line 1178, in _find_and_load
  File "<frozen importlib._bootstrap>", line 1149, in _find_and_load_unlocked
  File "<frozen importlib._bootstrap>", line 690, in _load_unlocked
  File "<frozen importlib._bootstrap_external>", line 940, in exec_module
  File "<frozen importlib._bootstrap>", line 241, in _call_with_frames_removed
  File "/home/admin/DLMaster/plugins/music_plugin.py", line 8, in <module>
    import numpy as np
ModuleNotFoundError: No module named 'numpy'
2025.03.30 11:23:03 __main__             INFO     🔄 Loading: plugins.start_plugin
2025.03.30 11:23:03 __main__             INFO     ✅ Loaded (async): plugins.start_plugin
2025.03.30 11:23:03 __main__             INFO     🔄 Loading: plugins.broadcast_plugin
2025.03.30 11:23:03 __main__             INFO     ✅ Loaded (sync): plugins.broadcast_plugin
2025.03.30 11:23:03 __main__             INFO     🔄 Loading: plugins.speedtest_plugin
2025.03.30 11:23:03 __main__             INFO     ✅ Loaded (sync): plugins.speedtest_plugin
2025.03.30 11:23:03 __main__             INFO     🔄 Loading: plugins.bot_logs
2025.03.30 11:23:03 __main__             INFO     ✅ Loaded (async): plugins.bot_logs
2025.03.30 11:23:03 __main__             INFO     🚀 Starting polling...
2025.03.30 11:23:03 aiogram.dispatcher   INFO     Start polling
2025.03.30 11:23:03 aiogram.dispatcher   INFO     Run polling for bot @dllmasterbot id=8095621527 - 'DLLMaster for Music'
2025.03.30 11:23:06 aiogram.event        INFO     Update id=511588815 is handled. Duration 1 ms by bot id=8095621527
2025.03.30 11:23:25 aiogram.dispatcher   WARNING  Received SIGINT signal
2025.03.30 11:23:25 aiogram.dispatcher   INFO     Polling stopped for bot @dllmasterbot id=8095621527 - 'DLLMaster for Music'
2025.03.30 11:23:25 aiogram.dispatcher   INFO     Polling stopped
2025.03.30 11:23:25 __main__             INFO     🛑 Polling stopped
2025.03.30 11:23:25 __main__             INFO     🔴 Bot stopped
2025.03.30 11:24:04 __main__             INFO     🤖 Starting bot...
2025.03.30 11:24:04 __main__             INFO     🚀 Starting bot initialization...
2025.03.30 11:24:04 __main__             INFO     ✅ Database initialized successfully
2025.03.30 11:24:04 core.spotify_handler INFO     Spotify API ilə əlaqə quruldu.
2025.03.30 11:24:04 __main__             INFO     ✅ Spotify service initialized
2025.03.30 11:24:04 core.youtube_handler INFO     firefox brauzerindən cookies istifadə edilir.
2025.03.30 11:24:04 __main__             INFO     ✅ YouTube services initialized (firefox)
2025.03.30 11:24:04 __main__             INFO     🔌 Loading plugins...
2025.03.30 11:24:04 __main__             INFO     🔍 Scanning plugins in: plugins
2025.03.30 11:24:04 __main__             INFO     🔄 Loading: plugins.spotify_plugin
2025.03.30 11:24:04 __main__             INFO     ✅ Loaded (sync): plugins.spotify_plugin
2025.03.30 11:24:04 __main__             INFO     🔄 Loading: plugins.bass_plugin
2025.03.30 11:24:04 __main__             INFO     ✅ Loaded (sync): plugins.bass_plugin
2025.03.30 11:24:04 __main__             INFO     🔄 Loading: plugins.menu_plugin
2025.03.30 11:24:04 __main__             INFO     ✅ Loaded (sync): plugins.menu_plugin
2025.03.30 11:24:04 __main__             INFO     🔄 Loading: plugins.sudo_plugin
2025.03.30 11:24:04 __main__             INFO     ✅ Loaded (sync): plugins.sudo_plugin
2025.03.30 11:24:04 __main__             INFO     🔄 Loading: plugins.youtube_plugin
2025.03.30 11:24:04 __main__             INFO     ✅ Loaded (sync): plugins.youtube_plugin
2025.03.30 11:24:04 __main__             INFO     🔄 Loading: plugins.neofetch_plugin
2025.03.30 11:24:04 __main__             INFO     ✅ Loaded (sync): plugins.neofetch_plugin
2025.03.30 11:24:04 __main__             INFO     🔄 Loading: plugins.report_plugin
2025.03.30 11:24:04 __main__             INFO     ✅ Loaded (async): plugins.report_plugin
2025.03.30 11:24:04 __main__             INFO     🔄 Loading: plugins.del_plugin
2025.03.30 11:24:04 __main__             INFO     ✅ Loaded (sync): plugins.del_plugin
2025.03.30 11:24:04 __main__             INFO     🔄 Loading: plugins.music_plugin
2025.03.30 11:24:04 __main__             INFO     ✅ Loaded (sync): plugins.music_plugin
2025.03.30 11:24:04 __main__             INFO     🔄 Loading: plugins.start_plugin
2025.03.30 11:24:04 __main__             INFO     ✅ Loaded (async): plugins.start_plugin
2025.03.30 11:24:04 __main__             INFO     🔄 Loading: plugins.broadcast_plugin
2025.03.30 11:24:04 __main__             INFO     ✅ Loaded (sync): plugins.broadcast_plugin
2025.03.30 11:24:04 __main__             INFO     🔄 Loading: plugins.speedtest_plugin
2025.03.30 11:24:04 __main__             INFO     ✅ Loaded (sync): plugins.speedtest_plugin
2025.03.30 11:24:04 __main__             INFO     🔄 Loading: plugins.bot_logs
2025.03.30 11:24:04 __main__             INFO     ✅ Loaded (async): plugins.bot_logs
2025.03.30 11:24:04 __main__             INFO     🚀 Starting polling...
2025.03.30 11:24:04 aiogram.dispatcher   INFO     Start polling
2025.03.30 11:24:04 aiogram.dispatcher   INFO     Run polling for bot @dllmasterbot id=8095621527 - 'DLLMaster for Music'
2025.03.30 11:24:04 aiogram.event        INFO     Update id=511588816 is handled. Duration 1 ms by bot id=8095621527
2025.03.30 11:24:04 aiogram.event        INFO     Update id=511588817 is handled. Duration 1 ms by bot id=8095621527
2025.03.30 11:24:09 aiogram.event        INFO     Update id=511588818 is handled. Duration 181 ms by bot id=8095621527
2025.03.30 11:24:12 aiogram.event        INFO     Update id=511588819 is handled. Duration 114 ms by bot id=8095621527
2025.03.30 11:24:18 core.cookies_handler INFO     firefox brauzerindən cookies istifadə edilir.
2025.03.30 11:24:19 aiogram.event        INFO     Update id=511588821 is handled. Duration 1 ms by bot id=8095621527
2025.03.30 11:24:21 aiogram.event        INFO     Update id=511588820 is handled. Duration 3388 ms by bot id=8095621527
2025.03.30 11:24:23 core.cookies_handler INFO     firefox brauzerindən cookies istifadə edilir.
2025.03.30 11:25:19 aiogram.event        INFO     Update id=511588824 is handled. Duration 0 ms by bot id=8095621527
2025.03.30 11:25:19 aiogram.event        INFO     Update id=511588825 is handled. Duration 0 ms by bot id=8095621527
2025.03.30 11:25:19 aiogram.event        INFO     Update id=511588823 is not handled. Duration 7 ms by bot id=8095621527
2025.03.30 11:25:20 aiogram.event        INFO     Update id=511588822 is handled. Duration 56722 ms by bot id=8095621527
2025.03.30 11:25:33 aiogram.event        INFO     Update id=511588826 is handled. Duration 0 ms by bot id=8095621527
2025.03.30 11:25:54 aiogram.event        INFO     Update id=511588827 is handled. Duration 242 ms by bot id=8095621527
2025.03.30 11:25:55 aiogram.event        INFO     Update id=511588828 is handled. Duration 173 ms by bot id=8095621527
2025.03.30 11:25:55 aiogram.event        INFO     Update id=511588829 is handled. Duration 109 ms by bot id=8095621527
2025.03.30 11:25:55 aiogram.event        INFO     Update id=511588830 is handled. Duration 86 ms by bot id=8095621527
2025.03.30 11:25:56 aiogram.event        INFO     Update id=511588831 is handled. Duration 164 ms by bot id=8095621527
2025.03.30 11:26:02 aiogram.event        INFO     Update id=511588832 is handled. Duration 97 ms by bot id=8095621527
2025.03.30 11:26:04 aiogram.event        INFO     Update id=511588833 is handled. Duration 84 ms by bot id=8095621527
2025.03.30 11:26:05 aiogram.event        INFO     Update id=511588834 is handled. Duration 83 ms by bot id=8095621527
2025.03.30 11:26:07 aiogram.event        INFO     Update id=511588835 is not handled. Duration 1 ms by bot id=8095621527
2025.03.30 11:26:08 aiogram.event        INFO     Update id=511588836 is handled. Duration 77 ms by bot id=8095621527
2025.03.30 11:26:11 aiogram.event        INFO     Update id=511588837 is handled. Duration 96 ms by bot id=8095621527
2025.03.30 11:26:11 aiogram.event        INFO     Update id=511588838 is handled. Duration 94 ms by bot id=8095621527
2025.03.30 11:26:12 aiogram.event        INFO     Update id=511588839 is handled. Duration 95 ms by bot id=8095621527
2025.03.30 11:26:12 aiogram.event        INFO     Update id=511588840 is handled. Duration 90 ms by bot id=8095621527
2025.03.30 11:26:14 aiogram.event        INFO     Update id=511588841 is handled. Duration 92 ms by bot id=8095621527
2025.03.30 11:26:14 aiogram.event        INFO     Update id=511588842 is handled. Duration 81 ms by bot id=8095621527
2025.03.30 11:26:15 aiogram.event        INFO     Update id=511588843 is handled. Duration 90 ms by bot id=8095621527
2025.03.30 11:26:16 aiogram.event        INFO     Update id=511588844 is handled. Duration 280 ms by bot id=8095621527
2025.03.30 11:26:17 aiogram.event        INFO     Update id=511588845 is handled. Duration 113 ms by bot id=8095621527
2025.03.30 11:26:19 aiogram.event        INFO     Update id=511588846 is handled. Duration 93 ms by bot id=8095621527
2025.03.30 11:26:20 aiogram.event        INFO     Update id=511588847 is handled. Duration 121 ms by bot id=8095621527
2025.03.30 11:26:21 aiogram.event        INFO     Update id=511588848 is not handled. Duration 22 ms by bot id=8095621527
2025.03.30 11:26:21 aiogram.event        ERROR    Cause exception while process update id=511588848 by bot id=8095621527
TelegramRetryAfter: Telegram server says - Flood control exceeded on method 'EditMessageReplyMarkup' in chat -1002527509114. Retry in 33 seconds.
Original description: Too Many Requests: retry after 33
(background on this error at: https://core.telegram.org/bots/faq#my-bot-is-hitting-limits-how-do-i-avoid-this)
Traceback (most recent call last):
  File "/home/admin/.local/lib/python3.11/site-packages/aiogram/dispatcher/dispatcher.py", line 309, in _process_update
    response = await self.feed_update(bot, update, **kwargs)
               ^^^^^^^^^^^^^^^^^^^^^^^^^^^^^^^^^^^^^^^^^^^^^
  File "/home/admin/.local/lib/python3.11/site-packages/aiogram/dispatcher/dispatcher.py", line 158, in feed_update
    response = await self.update.wrap_outer_middleware(
               ^^^^^^^^^^^^^^^^^^^^^^^^^^^^^^^^^^^^^^^^
  File "/home/admin/.local/lib/python3.11/site-packages/aiogram/dispatcher/middlewares/error.py", line 25, in __call__
    return await handler(event, data)
           ^^^^^^^^^^^^^^^^^^^^^^^^^^
  File "/home/admin/.local/lib/python3.11/site-packages/aiogram/dispatcher/middlewares/user_context.py", line 56, in __call__
    return await handler(event, data)
           ^^^^^^^^^^^^^^^^^^^^^^^^^^
  File "/home/admin/.local/lib/python3.11/site-packages/aiogram/fsm/middleware.py", line 42, in __call__
    return await handler(event, data)
           ^^^^^^^^^^^^^^^^^^^^^^^^^^
  File "/home/admin/.local/lib/python3.11/site-packages/aiogram/dispatcher/event/telegram.py", line 121, in trigger
    return await wrapped_inner(event, kwargs)
           ^^^^^^^^^^^^^^^^^^^^^^^^^^^^^^^^^^
  File "/home/admin/.local/lib/python3.11/site-packages/aiogram/dispatcher/event/handler.py", line 43, in call
    return await wrapped()
           ^^^^^^^^^^^^^^^
  File "/home/admin/.local/lib/python3.11/site-packages/aiogram/dispatcher/dispatcher.py", line 276, in _listen_update
    return await self.propagate_event(update_type=update_type, event=event, **kwargs)
           ^^^^^^^^^^^^^^^^^^^^^^^^^^^^^^^^^^^^^^^^^^^^^^^^^^^^^^^^^^^^^^^^^^^^^^^^^^
  File "/home/admin/.local/lib/python3.11/site-packages/aiogram/dispatcher/router.py", line 146, in propagate_event
    return await observer.wrap_outer_middleware(_wrapped, event=event, data=kwargs)
           ^^^^^^^^^^^^^^^^^^^^^^^^^^^^^^^^^^^^^^^^^^^^^^^^^^^^^^^^^^^^^^^^^^^^^^^^
  File "/home/admin/.local/lib/python3.11/site-packages/aiogram/dispatcher/router.py", line 141, in _wrapped
    return await self._propagate_event(
           ^^^^^^^^^^^^^^^^^^^^^^^^^^^^
  File "/home/admin/.local/lib/python3.11/site-packages/aiogram/dispatcher/router.py", line 166, in _propagate_event
    response = await observer.trigger(event, **kwargs)
               ^^^^^^^^^^^^^^^^^^^^^^^^^^^^^^^^^^^^^^^
  File "/home/admin/.local/lib/python3.11/site-packages/aiogram/dispatcher/event/telegram.py", line 121, in trigger
    return await wrapped_inner(event, kwargs)
           ^^^^^^^^^^^^^^^^^^^^^^^^^^^^^^^^^^
  File "/home/admin/.local/lib/python3.11/site-packages/aiogram/dispatcher/event/handler.py", line 43, in call
    return await wrapped()
           ^^^^^^^^^^^^^^^
  File "/home/admin/DLMaster/plugins/bass_plugin.py", line 83, in process_bass
    await callback.message.edit_reply_markup(reply_markup=await bass_keyboard())
  File "/home/admin/.local/lib/python3.11/site-packages/aiogram/methods/base.py", line 84, in emit
    return await bot(self)
           ^^^^^^^^^^^^^^^
  File "/home/admin/.local/lib/python3.11/site-packages/aiogram/client/bot.py", line 453, in __call__
    return await self.session(self, method, timeout=request_timeout)
           ^^^^^^^^^^^^^^^^^^^^^^^^^^^^^^^^^^^^^^^^^^^^^^^^^^^^^^^^^
  File "/home/admin/.local/lib/python3.11/site-packages/aiogram/client/session/base.py", line 254, in __call__
    return cast(TelegramType, await middleware(bot, method))
                              ^^^^^^^^^^^^^^^^^^^^^^^^^^^^^
  File "/home/admin/.local/lib/python3.11/site-packages/aiogram/client/session/aiohttp.py", line 185, in make_request
    response = self.check_response(
               ^^^^^^^^^^^^^^^^^^^^
  File "/home/admin/.local/lib/python3.11/site-packages/aiogram/client/session/base.py", line 110, in check_response
    raise TelegramRetryAfter(
aiogram.exceptions.TelegramRetryAfter: Telegram server says - Flood control exceeded on method 'EditMessageReplyMarkup' in chat -1002527509114. Retry in 33 seconds.
Original description: Too Many Requests: retry after 33
(background on this error at: https://core.telegram.org/bots/faq#my-bot-is-hitting-limits-how-do-i-avoid-this)
2025.03.30 11:26:21 aiogram.event        INFO     Update id=511588849 is handled. Duration 2 ms by bot id=8095621527
2025.03.30 11:26:21 aiogram.event        INFO     Update id=511588850 is not handled. Duration 24 ms by bot id=8095621527
2025.03.30 11:26:21 aiogram.event        ERROR    Cause exception while process update id=511588850 by bot id=8095621527
TelegramRetryAfter: Telegram server says - Flood control exceeded on method 'EditMessageReplyMarkup' in chat -1002527509114. Retry in 33 seconds.
Original description: Too Many Requests: retry after 33
(background on this error at: https://core.telegram.org/bots/faq#my-bot-is-hitting-limits-how-do-i-avoid-this)
Traceback (most recent call last):
  File "/home/admin/.local/lib/python3.11/site-packages/aiogram/dispatcher/dispatcher.py", line 309, in _process_update
    response = await self.feed_update(bot, update, **kwargs)
               ^^^^^^^^^^^^^^^^^^^^^^^^^^^^^^^^^^^^^^^^^^^^^
  File "/home/admin/.local/lib/python3.11/site-packages/aiogram/dispatcher/dispatcher.py", line 158, in feed_update
    response = await self.update.wrap_outer_middleware(
               ^^^^^^^^^^^^^^^^^^^^^^^^^^^^^^^^^^^^^^^^
  File "/home/admin/.local/lib/python3.11/site-packages/aiogram/dispatcher/middlewares/error.py", line 25, in __call__
    return await handler(event, data)
           ^^^^^^^^^^^^^^^^^^^^^^^^^^
  File "/home/admin/.local/lib/python3.11/site-packages/aiogram/dispatcher/middlewares/user_context.py", line 56, in __call__
    return await handler(event, data)
           ^^^^^^^^^^^^^^^^^^^^^^^^^^
  File "/home/admin/.local/lib/python3.11/site-packages/aiogram/fsm/middleware.py", line 42, in __call__
    return await handler(event, data)
           ^^^^^^^^^^^^^^^^^^^^^^^^^^
  File "/home/admin/.local/lib/python3.11/site-packages/aiogram/dispatcher/event/telegram.py", line 121, in trigger
    return await wrapped_inner(event, kwargs)
           ^^^^^^^^^^^^^^^^^^^^^^^^^^^^^^^^^^
  File "/home/admin/.local/lib/python3.11/site-packages/aiogram/dispatcher/event/handler.py", line 43, in call
    return await wrapped()
           ^^^^^^^^^^^^^^^
  File "/home/admin/.local/lib/python3.11/site-packages/aiogram/dispatcher/dispatcher.py", line 276, in _listen_update
    return await self.propagate_event(update_type=update_type, event=event, **kwargs)
           ^^^^^^^^^^^^^^^^^^^^^^^^^^^^^^^^^^^^^^^^^^^^^^^^^^^^^^^^^^^^^^^^^^^^^^^^^^
  File "/home/admin/.local/lib/python3.11/site-packages/aiogram/dispatcher/router.py", line 146, in propagate_event
    return await observer.wrap_outer_middleware(_wrapped, event=event, data=kwargs)
           ^^^^^^^^^^^^^^^^^^^^^^^^^^^^^^^^^^^^^^^^^^^^^^^^^^^^^^^^^^^^^^^^^^^^^^^^
  File "/home/admin/.local/lib/python3.11/site-packages/aiogram/dispatcher/router.py", line 141, in _wrapped
    return await self._propagate_event(
           ^^^^^^^^^^^^^^^^^^^^^^^^^^^^
  File "/home/admin/.local/lib/python3.11/site-packages/aiogram/dispatcher/router.py", line 166, in _propagate_event
    response = await observer.trigger(event, **kwargs)
               ^^^^^^^^^^^^^^^^^^^^^^^^^^^^^^^^^^^^^^^
  File "/home/admin/.local/lib/python3.11/site-packages/aiogram/dispatcher/event/telegram.py", line 121, in trigger
    return await wrapped_inner(event, kwargs)
           ^^^^^^^^^^^^^^^^^^^^^^^^^^^^^^^^^^
  File "/home/admin/.local/lib/python3.11/site-packages/aiogram/dispatcher/event/handler.py", line 43, in call
    return await wrapped()
           ^^^^^^^^^^^^^^^
  File "/home/admin/DLMaster/plugins/bass_plugin.py", line 83, in process_bass
    await callback.message.edit_reply_markup(reply_markup=await bass_keyboard())
  File "/home/admin/.local/lib/python3.11/site-packages/aiogram/methods/base.py", line 84, in emit
    return await bot(self)
           ^^^^^^^^^^^^^^^
  File "/home/admin/.local/lib/python3.11/site-packages/aiogram/client/bot.py", line 453, in __call__
    return await self.session(self, method, timeout=request_timeout)
           ^^^^^^^^^^^^^^^^^^^^^^^^^^^^^^^^^^^^^^^^^^^^^^^^^^^^^^^^^
  File "/home/admin/.local/lib/python3.11/site-packages/aiogram/client/session/base.py", line 254, in __call__
    return cast(TelegramType, await middleware(bot, method))
                              ^^^^^^^^^^^^^^^^^^^^^^^^^^^^^
  File "/home/admin/.local/lib/python3.11/site-packages/aiogram/client/session/aiohttp.py", line 185, in make_request
    response = self.check_response(
               ^^^^^^^^^^^^^^^^^^^^
  File "/home/admin/.local/lib/python3.11/site-packages/aiogram/client/session/base.py", line 110, in check_response
    raise TelegramRetryAfter(
aiogram.exceptions.TelegramRetryAfter: Telegram server says - Flood control exceeded on method 'EditMessageReplyMarkup' in chat -1002527509114. Retry in 33 seconds.
Original description: Too Many Requests: retry after 33
(background on this error at: https://core.telegram.org/bots/faq#my-bot-is-hitting-limits-how-do-i-avoid-this)
2025.03.30 11:26:22 aiogram.event        INFO     Update id=511588851 is not handled. Duration 32 ms by bot id=8095621527
2025.03.30 11:26:22 aiogram.event        ERROR    Cause exception while process update id=511588851 by bot id=8095621527
TelegramRetryAfter: Telegram server says - Flood control exceeded on method 'EditMessageReplyMarkup' in chat -1002527509114. Retry in 32 seconds.
Original description: Too Many Requests: retry after 32
(background on this error at: https://core.telegram.org/bots/faq#my-bot-is-hitting-limits-how-do-i-avoid-this)
Traceback (most recent call last):
  File "/home/admin/.local/lib/python3.11/site-packages/aiogram/dispatcher/dispatcher.py", line 309, in _process_update
    response = await self.feed_update(bot, update, **kwargs)
               ^^^^^^^^^^^^^^^^^^^^^^^^^^^^^^^^^^^^^^^^^^^^^
  File "/home/admin/.local/lib/python3.11/site-packages/aiogram/dispatcher/dispatcher.py", line 158, in feed_update
    response = await self.update.wrap_outer_middleware(
               ^^^^^^^^^^^^^^^^^^^^^^^^^^^^^^^^^^^^^^^^
  File "/home/admin/.local/lib/python3.11/site-packages/aiogram/dispatcher/middlewares/error.py", line 25, in __call__
    return await handler(event, data)
           ^^^^^^^^^^^^^^^^^^^^^^^^^^
  File "/home/admin/.local/lib/python3.11/site-packages/aiogram/dispatcher/middlewares/user_context.py", line 56, in __call__
    return await handler(event, data)
           ^^^^^^^^^^^^^^^^^^^^^^^^^^
  File "/home/admin/.local/lib/python3.11/site-packages/aiogram/fsm/middleware.py", line 42, in __call__
    return await handler(event, data)
           ^^^^^^^^^^^^^^^^^^^^^^^^^^
  File "/home/admin/.local/lib/python3.11/site-packages/aiogram/dispatcher/event/telegram.py", line 121, in trigger
    return await wrapped_inner(event, kwargs)
           ^^^^^^^^^^^^^^^^^^^^^^^^^^^^^^^^^^
  File "/home/admin/.local/lib/python3.11/site-packages/aiogram/dispatcher/event/handler.py", line 43, in call
    return await wrapped()
           ^^^^^^^^^^^^^^^
  File "/home/admin/.local/lib/python3.11/site-packages/aiogram/dispatcher/dispatcher.py", line 276, in _listen_update
    return await self.propagate_event(update_type=update_type, event=event, **kwargs)
           ^^^^^^^^^^^^^^^^^^^^^^^^^^^^^^^^^^^^^^^^^^^^^^^^^^^^^^^^^^^^^^^^^^^^^^^^^^
  File "/home/admin/.local/lib/python3.11/site-packages/aiogram/dispatcher/router.py", line 146, in propagate_event
    return await observer.wrap_outer_middleware(_wrapped, event=event, data=kwargs)
           ^^^^^^^^^^^^^^^^^^^^^^^^^^^^^^^^^^^^^^^^^^^^^^^^^^^^^^^^^^^^^^^^^^^^^^^^
  File "/home/admin/.local/lib/python3.11/site-packages/aiogram/dispatcher/router.py", line 141, in _wrapped
    return await self._propagate_event(
           ^^^^^^^^^^^^^^^^^^^^^^^^^^^^
  File "/home/admin/.local/lib/python3.11/site-packages/aiogram/dispatcher/router.py", line 166, in _propagate_event
    response = await observer.trigger(event, **kwargs)
               ^^^^^^^^^^^^^^^^^^^^^^^^^^^^^^^^^^^^^^^
  File "/home/admin/.local/lib/python3.11/site-packages/aiogram/dispatcher/event/telegram.py", line 121, in trigger
    return await wrapped_inner(event, kwargs)
           ^^^^^^^^^^^^^^^^^^^^^^^^^^^^^^^^^^
  File "/home/admin/.local/lib/python3.11/site-packages/aiogram/dispatcher/event/handler.py", line 43, in call
    return await wrapped()
           ^^^^^^^^^^^^^^^
  File "/home/admin/DLMaster/plugins/bass_plugin.py", line 83, in process_bass
    await callback.message.edit_reply_markup(reply_markup=await bass_keyboard())
  File "/home/admin/.local/lib/python3.11/site-packages/aiogram/methods/base.py", line 84, in emit
    return await bot(self)
           ^^^^^^^^^^^^^^^
  File "/home/admin/.local/lib/python3.11/site-packages/aiogram/client/bot.py", line 453, in __call__
    return await self.session(self, method, timeout=request_timeout)
           ^^^^^^^^^^^^^^^^^^^^^^^^^^^^^^^^^^^^^^^^^^^^^^^^^^^^^^^^^
  File "/home/admin/.local/lib/python3.11/site-packages/aiogram/client/session/base.py", line 254, in __call__
    return cast(TelegramType, await middleware(bot, method))
                              ^^^^^^^^^^^^^^^^^^^^^^^^^^^^^
  File "/home/admin/.local/lib/python3.11/site-packages/aiogram/client/session/aiohttp.py", line 185, in make_request
    response = self.check_response(
               ^^^^^^^^^^^^^^^^^^^^
  File "/home/admin/.local/lib/python3.11/site-packages/aiogram/client/session/base.py", line 110, in check_response
    raise TelegramRetryAfter(
aiogram.exceptions.TelegramRetryAfter: Telegram server says - Flood control exceeded on method 'EditMessageReplyMarkup' in chat -1002527509114. Retry in 32 seconds.
Original description: Too Many Requests: retry after 32
(background on this error at: https://core.telegram.org/bots/faq#my-bot-is-hitting-limits-how-do-i-avoid-this)
2025.03.30 11:26:24 aiogram.event        INFO     Update id=511588852 is not handled. Duration 111 ms by bot id=8095621527
2025.03.30 11:26:24 aiogram.event        ERROR    Cause exception while process update id=511588852 by bot id=8095621527
TelegramRetryAfter: Telegram server says - Flood control exceeded on method 'EditMessageReplyMarkup' in chat -1002527509114. Retry in 30 seconds.
Original description: Too Many Requests: retry after 30
(background on this error at: https://core.telegram.org/bots/faq#my-bot-is-hitting-limits-how-do-i-avoid-this)
Traceback (most recent call last):
  File "/home/admin/.local/lib/python3.11/site-packages/aiogram/dispatcher/dispatcher.py", line 309, in _process_update
    response = await self.feed_update(bot, update, **kwargs)
               ^^^^^^^^^^^^^^^^^^^^^^^^^^^^^^^^^^^^^^^^^^^^^
  File "/home/admin/.local/lib/python3.11/site-packages/aiogram/dispatcher/dispatcher.py", line 158, in feed_update
    response = await self.update.wrap_outer_middleware(
               ^^^^^^^^^^^^^^^^^^^^^^^^^^^^^^^^^^^^^^^^
  File "/home/admin/.local/lib/python3.11/site-packages/aiogram/dispatcher/middlewares/error.py", line 25, in __call__
    return await handler(event, data)
           ^^^^^^^^^^^^^^^^^^^^^^^^^^
  File "/home/admin/.local/lib/python3.11/site-packages/aiogram/dispatcher/middlewares/user_context.py", line 56, in __call__
    return await handler(event, data)
           ^^^^^^^^^^^^^^^^^^^^^^^^^^
  File "/home/admin/.local/lib/python3.11/site-packages/aiogram/fsm/middleware.py", line 42, in __call__
    return await handler(event, data)
           ^^^^^^^^^^^^^^^^^^^^^^^^^^
  File "/home/admin/.local/lib/python3.11/site-packages/aiogram/dispatcher/event/telegram.py", line 121, in trigger
    return await wrapped_inner(event, kwargs)
           ^^^^^^^^^^^^^^^^^^^^^^^^^^^^^^^^^^
  File "/home/admin/.local/lib/python3.11/site-packages/aiogram/dispatcher/event/handler.py", line 43, in call
    return await wrapped()
           ^^^^^^^^^^^^^^^
  File "/home/admin/.local/lib/python3.11/site-packages/aiogram/dispatcher/dispatcher.py", line 276, in _listen_update
    return await self.propagate_event(update_type=update_type, event=event, **kwargs)
           ^^^^^^^^^^^^^^^^^^^^^^^^^^^^^^^^^^^^^^^^^^^^^^^^^^^^^^^^^^^^^^^^^^^^^^^^^^
  File "/home/admin/.local/lib/python3.11/site-packages/aiogram/dispatcher/router.py", line 146, in propagate_event
    return await observer.wrap_outer_middleware(_wrapped, event=event, data=kwargs)
           ^^^^^^^^^^^^^^^^^^^^^^^^^^^^^^^^^^^^^^^^^^^^^^^^^^^^^^^^^^^^^^^^^^^^^^^^
  File "/home/admin/.local/lib/python3.11/site-packages/aiogram/dispatcher/router.py", line 141, in _wrapped
    return await self._propagate_event(
           ^^^^^^^^^^^^^^^^^^^^^^^^^^^^
  File "/home/admin/.local/lib/python3.11/site-packages/aiogram/dispatcher/router.py", line 166, in _propagate_event
    response = await observer.trigger(event, **kwargs)
               ^^^^^^^^^^^^^^^^^^^^^^^^^^^^^^^^^^^^^^^
  File "/home/admin/.local/lib/python3.11/site-packages/aiogram/dispatcher/event/telegram.py", line 121, in trigger
    return await wrapped_inner(event, kwargs)
           ^^^^^^^^^^^^^^^^^^^^^^^^^^^^^^^^^^
  File "/home/admin/.local/lib/python3.11/site-packages/aiogram/dispatcher/event/handler.py", line 43, in call
    return await wrapped()
           ^^^^^^^^^^^^^^^
  File "/home/admin/DLMaster/plugins/bass_plugin.py", line 83, in process_bass
    await callback.message.edit_reply_markup(reply_markup=await bass_keyboard())
  File "/home/admin/.local/lib/python3.11/site-packages/aiogram/methods/base.py", line 84, in emit
    return await bot(self)
           ^^^^^^^^^^^^^^^
  File "/home/admin/.local/lib/python3.11/site-packages/aiogram/client/bot.py", line 453, in __call__
    return await self.session(self, method, timeout=request_timeout)
           ^^^^^^^^^^^^^^^^^^^^^^^^^^^^^^^^^^^^^^^^^^^^^^^^^^^^^^^^^
  File "/home/admin/.local/lib/python3.11/site-packages/aiogram/client/session/base.py", line 254, in __call__
    return cast(TelegramType, await middleware(bot, method))
                              ^^^^^^^^^^^^^^^^^^^^^^^^^^^^^
  File "/home/admin/.local/lib/python3.11/site-packages/aiogram/client/session/aiohttp.py", line 185, in make_request
    response = self.check_response(
               ^^^^^^^^^^^^^^^^^^^^
  File "/home/admin/.local/lib/python3.11/site-packages/aiogram/client/session/base.py", line 110, in check_response
    raise TelegramRetryAfter(
aiogram.exceptions.TelegramRetryAfter: Telegram server says - Flood control exceeded on method 'EditMessageReplyMarkup' in chat -1002527509114. Retry in 30 seconds.
Original description: Too Many Requests: retry after 30
(background on this error at: https://core.telegram.org/bots/faq#my-bot-is-hitting-limits-how-do-i-avoid-this)
2025.03.30 11:26:26 aiogram.event        INFO     Update id=511588853 is not handled. Duration 66 ms by bot id=8095621527
2025.03.30 11:26:26 aiogram.event        ERROR    Cause exception while process update id=511588853 by bot id=8095621527
TelegramRetryAfter: Telegram server says - Flood control exceeded on method 'EditMessageReplyMarkup' in chat -1002527509114. Retry in 28 seconds.
Original description: Too Many Requests: retry after 28
(background on this error at: https://core.telegram.org/bots/faq#my-bot-is-hitting-limits-how-do-i-avoid-this)
Traceback (most recent call last):
  File "/home/admin/.local/lib/python3.11/site-packages/aiogram/dispatcher/dispatcher.py", line 309, in _process_update
    response = await self.feed_update(bot, update, **kwargs)
               ^^^^^^^^^^^^^^^^^^^^^^^^^^^^^^^^^^^^^^^^^^^^^
  File "/home/admin/.local/lib/python3.11/site-packages/aiogram/dispatcher/dispatcher.py", line 158, in feed_update
    response = await self.update.wrap_outer_middleware(
               ^^^^^^^^^^^^^^^^^^^^^^^^^^^^^^^^^^^^^^^^
  File "/home/admin/.local/lib/python3.11/site-packages/aiogram/dispatcher/middlewares/error.py", line 25, in __call__
    return await handler(event, data)
           ^^^^^^^^^^^^^^^^^^^^^^^^^^
  File "/home/admin/.local/lib/python3.11/site-packages/aiogram/dispatcher/middlewares/user_context.py", line 56, in __call__
    return await handler(event, data)
           ^^^^^^^^^^^^^^^^^^^^^^^^^^
  File "/home/admin/.local/lib/python3.11/site-packages/aiogram/fsm/middleware.py", line 42, in __call__
    return await handler(event, data)
           ^^^^^^^^^^^^^^^^^^^^^^^^^^
  File "/home/admin/.local/lib/python3.11/site-packages/aiogram/dispatcher/event/telegram.py", line 121, in trigger
    return await wrapped_inner(event, kwargs)
           ^^^^^^^^^^^^^^^^^^^^^^^^^^^^^^^^^^
  File "/home/admin/.local/lib/python3.11/site-packages/aiogram/dispatcher/event/handler.py", line 43, in call
    return await wrapped()
           ^^^^^^^^^^^^^^^
  File "/home/admin/.local/lib/python3.11/site-packages/aiogram/dispatcher/dispatcher.py", line 276, in _listen_update
    return await self.propagate_event(update_type=update_type, event=event, **kwargs)
           ^^^^^^^^^^^^^^^^^^^^^^^^^^^^^^^^^^^^^^^^^^^^^^^^^^^^^^^^^^^^^^^^^^^^^^^^^^
  File "/home/admin/.local/lib/python3.11/site-packages/aiogram/dispatcher/router.py", line 146, in propagate_event
    return await observer.wrap_outer_middleware(_wrapped, event=event, data=kwargs)
           ^^^^^^^^^^^^^^^^^^^^^^^^^^^^^^^^^^^^^^^^^^^^^^^^^^^^^^^^^^^^^^^^^^^^^^^^
  File "/home/admin/.local/lib/python3.11/site-packages/aiogram/dispatcher/router.py", line 141, in _wrapped
    return await self._propagate_event(
           ^^^^^^^^^^^^^^^^^^^^^^^^^^^^
  File "/home/admin/.local/lib/python3.11/site-packages/aiogram/dispatcher/router.py", line 166, in _propagate_event
    response = await observer.trigger(event, **kwargs)
               ^^^^^^^^^^^^^^^^^^^^^^^^^^^^^^^^^^^^^^^
  File "/home/admin/.local/lib/python3.11/site-packages/aiogram/dispatcher/event/telegram.py", line 121, in trigger
    return await wrapped_inner(event, kwargs)
           ^^^^^^^^^^^^^^^^^^^^^^^^^^^^^^^^^^
  File "/home/admin/.local/lib/python3.11/site-packages/aiogram/dispatcher/event/handler.py", line 43, in call
    return await wrapped()
           ^^^^^^^^^^^^^^^
  File "/home/admin/DLMaster/plugins/bass_plugin.py", line 83, in process_bass
    await callback.message.edit_reply_markup(reply_markup=await bass_keyboard())
  File "/home/admin/.local/lib/python3.11/site-packages/aiogram/methods/base.py", line 84, in emit
    return await bot(self)
           ^^^^^^^^^^^^^^^
  File "/home/admin/.local/lib/python3.11/site-packages/aiogram/client/bot.py", line 453, in __call__
    return await self.session(self, method, timeout=request_timeout)
           ^^^^^^^^^^^^^^^^^^^^^^^^^^^^^^^^^^^^^^^^^^^^^^^^^^^^^^^^^
  File "/home/admin/.local/lib/python3.11/site-packages/aiogram/client/session/base.py", line 254, in __call__
    return cast(TelegramType, await middleware(bot, method))
                              ^^^^^^^^^^^^^^^^^^^^^^^^^^^^^
  File "/home/admin/.local/lib/python3.11/site-packages/aiogram/client/session/aiohttp.py", line 185, in make_request
    response = self.check_response(
               ^^^^^^^^^^^^^^^^^^^^
  File "/home/admin/.local/lib/python3.11/site-packages/aiogram/client/session/base.py", line 110, in check_response
    raise TelegramRetryAfter(
aiogram.exceptions.TelegramRetryAfter: Telegram server says - Flood control exceeded on method 'EditMessageReplyMarkup' in chat -1002527509114. Retry in 28 seconds.
Original description: Too Many Requests: retry after 28
(background on this error at: https://core.telegram.org/bots/faq#my-bot-is-hitting-limits-how-do-i-avoid-this)
2025.03.30 11:26:28 aiogram.event        INFO     Update id=511588854 is handled. Duration 103 ms by bot id=8095621527
2025.03.30 11:26:31 aiogram.event        INFO     Update id=511588855 is handled. Duration 131 ms by bot id=8095621527
2025.03.30 11:26:36 core.cookies_handler INFO     firefox brauzerindən cookies istifadə edilir.
2025.03.30 11:26:39 aiogram.event        INFO     Update id=511588856 is not handled. Duration 3521 ms by bot id=8095621527
2025.03.30 11:26:39 aiogram.event        ERROR    Cause exception while process update id=511588856 by bot id=8095621527
TelegramRetryAfter: Telegram server says - Flood control exceeded on method 'SendMessage' in chat -1002527509114. Retry in 15 seconds.
Original description: Too Many Requests: retry after 15
(background on this error at: https://core.telegram.org/bots/faq#my-bot-is-hitting-limits-how-do-i-avoid-this)
Traceback (most recent call last):
  File "/home/admin/DLMaster/plugins/music_plugin.py", line 116, in handle_music_search
    await search_msg.edit_text(
  File "/home/admin/.local/lib/python3.11/site-packages/aiogram/methods/base.py", line 84, in emit
    return await bot(self)
           ^^^^^^^^^^^^^^^
  File "/home/admin/.local/lib/python3.11/site-packages/aiogram/client/bot.py", line 453, in __call__
    return await self.session(self, method, timeout=request_timeout)
           ^^^^^^^^^^^^^^^^^^^^^^^^^^^^^^^^^^^^^^^^^^^^^^^^^^^^^^^^^
  File "/home/admin/.local/lib/python3.11/site-packages/aiogram/client/session/base.py", line 254, in __call__
    return cast(TelegramType, await middleware(bot, method))
                              ^^^^^^^^^^^^^^^^^^^^^^^^^^^^^
  File "/home/admin/.local/lib/python3.11/site-packages/aiogram/client/session/aiohttp.py", line 185, in make_request
    response = self.check_response(
               ^^^^^^^^^^^^^^^^^^^^
  File "/home/admin/.local/lib/python3.11/site-packages/aiogram/client/session/base.py", line 110, in check_response
    raise TelegramRetryAfter(
aiogram.exceptions.TelegramRetryAfter: Telegram server says - Flood control exceeded on method 'EditMessageText' in chat -1002527509114. Retry in 15 seconds.
Original description: Too Many Requests: retry after 15
(background on this error at: https://core.telegram.org/bots/faq#my-bot-is-hitting-limits-how-do-i-avoid-this)

During handling of the above exception, another exception occurred:

Traceback (most recent call last):
  File "/home/admin/.local/lib/python3.11/site-packages/aiogram/dispatcher/dispatcher.py", line 309, in _process_update
    response = await self.feed_update(bot, update, **kwargs)
               ^^^^^^^^^^^^^^^^^^^^^^^^^^^^^^^^^^^^^^^^^^^^^
  File "/home/admin/.local/lib/python3.11/site-packages/aiogram/dispatcher/dispatcher.py", line 158, in feed_update
    response = await self.update.wrap_outer_middleware(
               ^^^^^^^^^^^^^^^^^^^^^^^^^^^^^^^^^^^^^^^^
  File "/home/admin/.local/lib/python3.11/site-packages/aiogram/dispatcher/middlewares/error.py", line 25, in __call__
    return await handler(event, data)
           ^^^^^^^^^^^^^^^^^^^^^^^^^^
  File "/home/admin/.local/lib/python3.11/site-packages/aiogram/dispatcher/middlewares/user_context.py", line 56, in __call__
    return await handler(event, data)
           ^^^^^^^^^^^^^^^^^^^^^^^^^^
  File "/home/admin/.local/lib/python3.11/site-packages/aiogram/fsm/middleware.py", line 42, in __call__
    return await handler(event, data)
           ^^^^^^^^^^^^^^^^^^^^^^^^^^
  File "/home/admin/.local/lib/python3.11/site-packages/aiogram/dispatcher/event/telegram.py", line 121, in trigger
    return await wrapped_inner(event, kwargs)
           ^^^^^^^^^^^^^^^^^^^^^^^^^^^^^^^^^^
  File "/home/admin/.local/lib/python3.11/site-packages/aiogram/dispatcher/event/handler.py", line 43, in call
    return await wrapped()
           ^^^^^^^^^^^^^^^
  File "/home/admin/.local/lib/python3.11/site-packages/aiogram/dispatcher/dispatcher.py", line 276, in _listen_update
    return await self.propagate_event(update_type=update_type, event=event, **kwargs)
           ^^^^^^^^^^^^^^^^^^^^^^^^^^^^^^^^^^^^^^^^^^^^^^^^^^^^^^^^^^^^^^^^^^^^^^^^^^
  File "/home/admin/.local/lib/python3.11/site-packages/aiogram/dispatcher/router.py", line 146, in propagate_event
    return await observer.wrap_outer_middleware(_wrapped, event=event, data=kwargs)
           ^^^^^^^^^^^^^^^^^^^^^^^^^^^^^^^^^^^^^^^^^^^^^^^^^^^^^^^^^^^^^^^^^^^^^^^^
  File "/home/admin/.local/lib/python3.11/site-packages/aiogram/dispatcher/router.py", line 141, in _wrapped
    return await self._propagate_event(
           ^^^^^^^^^^^^^^^^^^^^^^^^^^^^
  File "/home/admin/.local/lib/python3.11/site-packages/aiogram/dispatcher/router.py", line 166, in _propagate_event
    response = await observer.trigger(event, **kwargs)
               ^^^^^^^^^^^^^^^^^^^^^^^^^^^^^^^^^^^^^^^
  File "/home/admin/.local/lib/python3.11/site-packages/aiogram/dispatcher/event/telegram.py", line 121, in trigger
    return await wrapped_inner(event, kwargs)
           ^^^^^^^^^^^^^^^^^^^^^^^^^^^^^^^^^^
  File "/home/admin/.local/lib/python3.11/site-packages/aiogram/dispatcher/event/handler.py", line 43, in call
    return await wrapped()
           ^^^^^^^^^^^^^^^
  File "/home/admin/DLMaster/plugins/bass_plugin.py", line 95, in process_download
    await context.handle_music_search(message, message.text, "bass", context)
  File "/home/admin/DLMaster/plugins/music_plugin.py", line 132, in handle_music_search
    error_msg = await message.answer(
                ^^^^^^^^^^^^^^^^^^^^^
  File "/home/admin/.local/lib/python3.11/site-packages/aiogram/methods/base.py", line 84, in emit
    return await bot(self)
           ^^^^^^^^^^^^^^^
  File "/home/admin/.local/lib/python3.11/site-packages/aiogram/client/bot.py", line 453, in __call__
    return await self.session(self, method, timeout=request_timeout)
           ^^^^^^^^^^^^^^^^^^^^^^^^^^^^^^^^^^^^^^^^^^^^^^^^^^^^^^^^^
  File "/home/admin/.local/lib/python3.11/site-packages/aiogram/client/session/base.py", line 254, in __call__
    return cast(TelegramType, await middleware(bot, method))
                              ^^^^^^^^^^^^^^^^^^^^^^^^^^^^^
  File "/home/admin/.local/lib/python3.11/site-packages/aiogram/client/session/aiohttp.py", line 185, in make_request
    response = self.check_response(
               ^^^^^^^^^^^^^^^^^^^^
  File "/home/admin/.local/lib/python3.11/site-packages/aiogram/client/session/base.py", line 110, in check_response
    raise TelegramRetryAfter(
aiogram.exceptions.TelegramRetryAfter: Telegram server says - Flood control exceeded on method 'SendMessage' in chat -1002527509114. Retry in 15 seconds.
Original description: Too Many Requests: retry after 15
(background on this error at: https://core.telegram.org/bots/faq#my-bot-is-hitting-limits-how-do-i-avoid-this)
2025.03.30 11:26:41 aiogram.event        INFO     Update id=511588857 is handled. Duration 1 ms by bot id=8095621527
2025.03.30 11:26:55 aiogram.event        INFO     Update id=511588858 is not handled. Duration 1 ms by bot id=8095621527
2025.03.30 11:27:00 aiogram.event        INFO     Update id=511588859 is handled. Duration 75 ms by bot id=8095621527
2025.03.30 11:27:05 core.cookies_handler INFO     firefox brauzerindən cookies istifadə edilir.
2025.03.30 11:27:08 aiogram.event        INFO     Update id=511588860 is handled. Duration 3023 ms by bot id=8095621527
2025.03.30 11:27:10 core.cookies_handler INFO     firefox brauzerindən cookies istifadə edilir.
2025.03.30 11:27:11 aiogram.event        INFO     Update id=511588862 is handled. Duration 1 ms by bot id=8095621527
2025.03.30 11:28:07 aiogram.event        INFO     Update id=511588864 is handled. Duration 0 ms by bot id=8095621527
2025.03.30 11:28:07 aiogram.event        INFO     Update id=511588865 is handled. Duration 0 ms by bot id=8095621527
2025.03.30 11:28:07 aiogram.event        INFO     Update id=511588866 is handled. Duration 0 ms by bot id=8095621527
2025.03.30 11:28:07 aiogram.event        INFO     Update id=511588867 is handled. Duration 4 ms by bot id=8095621527
2025.03.30 11:28:07 aiogram.event        INFO     Update id=511588863 is not handled. Duration 8 ms by bot id=8095621527
2025.03.30 11:28:07 aiogram.event        INFO     Update id=511588868 is not handled. Duration 6 ms by bot id=8095621527
2025.03.30 11:28:07 aiogram.event        INFO     Update id=511588861 is handled. Duration 57361 ms by bot id=8095621527
2025.03.30 11:28:15 aiogram.event        INFO     Update id=511588869 is handled. Duration 1 ms by bot id=8095621527
2025.03.30 11:28:41 aiogram.event        INFO     Update id=511588870 is not handled. Duration 1 ms by bot id=8095621527
2025.03.30 11:28:42 aiogram.event        INFO     Update id=511588871 is not handled. Duration 1 ms by bot id=8095621527
2025.03.30 11:29:13 aiogram.event        INFO     Update id=511588872 is handled. Duration 1 ms by bot id=8095621527
2025.03.30 11:29:25 aiogram.event        INFO     Update id=511588873 is handled. Duration 83 ms by bot id=8095621527
2025.03.30 11:29:27 core.cookies_handler INFO     firefox brauzerindən cookies istifadə edilir.
2025.03.30 11:29:28 aiogram.event        INFO     Update id=511588875 is not handled. Duration 1 ms by bot id=8095621527
2025.03.30 11:29:29 core.utilities       ERROR    Vaxt formatlama xətası: int() argument must be a string, a bytes-like object or a real number, not 'NoneType'
2025.03.30 11:29:29 aiogram.event        INFO     Update id=511588874 is handled. Duration 2839 ms by bot id=8095621527
2025.03.30 11:29:31 aiogram.event        INFO     Update id=511588876 is handled. Duration 0 ms by bot id=8095621527
2025.03.30 11:29:31 aiogram.event        INFO     Update id=511588877 is handled. Duration 0 ms by bot id=8095621527
2025.03.30 11:29:31 aiogram.event        INFO     Update id=511588878 is handled. Duration 0 ms by bot id=8095621527
2025.03.30 11:29:38 aiogram.event        INFO     Update id=511588879 is handled. Duration 5190 ms by bot id=8095621527
2025.03.30 11:29:38 aiogram.event        INFO     Update id=511588880 is handled. Duration 0 ms by bot id=8095621527
2025.03.30 11:29:44 aiogram.event        INFO     Update id=511588881 is handled. Duration 1 ms by bot id=8095621527
2025.03.30 11:29:56 aiogram.event        INFO     Update id=511588882 is not handled. Duration 1 ms by bot id=8095621527
2025.03.30 11:30:18 aiogram.event        INFO     Update id=511588883 is not handled. Duration 3 ms by bot id=8095621527
2025.03.30 11:30:38 aiogram.event        INFO     Update id=511588884 is handled. Duration 1 ms by bot id=8095621527
2025.03.30 11:30:58 aiogram.dispatcher   WARNING  Received SIGINT signal
2025.03.30 11:30:58 aiogram.dispatcher   INFO     Polling stopped for bot @dllmasterbot id=8095621527 - 'DLLMaster for Music'
2025.03.30 11:30:58 aiogram.dispatcher   INFO     Polling stopped
2025.03.30 11:30:58 __main__             INFO     🛑 Polling stopped
2025.03.30 11:30:58 __main__             INFO     🔴 Bot stopped
2025.03.30 11:31:05 __main__             INFO     🤖 Starting bot...
2025.03.30 11:31:05 __main__             INFO     🚀 Starting bot initialization...
2025.03.30 11:31:05 __main__             INFO     ✅ Database initialized successfully
2025.03.30 11:31:05 core.spotify_handler INFO     Spotify API ilə əlaqə quruldu.
2025.03.30 11:31:05 __main__             INFO     ✅ Spotify service initialized
2025.03.30 11:31:05 core.youtube_handler INFO     firefox brauzerindən cookies istifadə edilir.
2025.03.30 11:31:05 __main__             INFO     ✅ YouTube services initialized (firefox)
2025.03.30 11:31:05 __main__             INFO     🔌 Loading plugins...
2025.03.30 11:31:05 __main__             INFO     🔍 Scanning plugins in: plugins
2025.03.30 11:31:05 __main__             INFO     🔄 Loading: plugins.spotify_plugin
2025.03.30 11:31:05 __main__             INFO     ✅ Loaded (sync): plugins.spotify_plugin
2025.03.30 11:31:05 __main__             INFO     🔄 Loading: plugins.menu_plugin
2025.03.30 11:31:05 __main__             INFO     ✅ Loaded (sync): plugins.menu_plugin
2025.03.30 11:31:05 __main__             INFO     🔄 Loading: plugins.sudo_plugin
2025.03.30 11:31:05 __main__             INFO     ✅ Loaded (sync): plugins.sudo_plugin
2025.03.30 11:31:05 __main__             INFO     🔄 Loading: plugins.youtube_plugin
2025.03.30 11:31:05 __main__             INFO     ✅ Loaded (sync): plugins.youtube_plugin
2025.03.30 11:31:05 __main__             INFO     🔄 Loading: plugins.neofetch_plugin
2025.03.30 11:31:05 __main__             INFO     ✅ Loaded (sync): plugins.neofetch_plugin
2025.03.30 11:31:05 __main__             INFO     🔄 Loading: plugins.report_plugin
2025.03.30 11:31:05 __main__             INFO     ✅ Loaded (async): plugins.report_plugin
2025.03.30 11:31:05 __main__             INFO     🔄 Loading: plugins.del_plugin
2025.03.30 11:31:05 __main__             INFO     ✅ Loaded (sync): plugins.del_plugin
2025.03.30 11:31:05 __main__             INFO     🔄 Loading: plugins.music_plugin
2025.03.30 11:31:05 __main__             ERROR    ❌ Failed to load plugins.music_plugin: expected an indented block after 'try' statement on line 14 (music_plugin.py, line 16)
Traceback (most recent call last):
  File "/home/admin/DLMaster/app.py", line 179, in load_plugins
    module = importlib.import_module(module_name)
             ^^^^^^^^^^^^^^^^^^^^^^^^^^^^^^^^^^^^
  File "/usr/lib/python3.11/importlib/__init__.py", line 126, in import_module
    return _bootstrap._gcd_import(name[level:], package, level)
           ^^^^^^^^^^^^^^^^^^^^^^^^^^^^^^^^^^^^^^^^^^^^^^^^^^^^
  File "<frozen importlib._bootstrap>", line 1206, in _gcd_import
  File "<frozen importlib._bootstrap>", line 1178, in _find_and_load
  File "<frozen importlib._bootstrap>", line 1149, in _find_and_load_unlocked
  File "<frozen importlib._bootstrap>", line 690, in _load_unlocked
  File "<frozen importlib._bootstrap_external>", line 936, in exec_module
  File "<frozen importlib._bootstrap_external>", line 1074, in get_code
  File "<frozen importlib._bootstrap_external>", line 1004, in source_to_code
  File "<frozen importlib._bootstrap>", line 241, in _call_with_frames_removed
  File "/home/admin/DLMaster/plugins/music_plugin.py", line 16
    except Exception as e:
    ^^^^^^
IndentationError: expected an indented block after 'try' statement on line 14
2025.03.30 11:31:05 __main__             INFO     🔄 Loading: plugins.start_plugin
2025.03.30 11:31:05 __main__             INFO     ✅ Loaded (async): plugins.start_plugin
2025.03.30 11:31:05 __main__             INFO     🔄 Loading: plugins.broadcast_plugin
2025.03.30 11:31:05 __main__             INFO     ✅ Loaded (sync): plugins.broadcast_plugin
2025.03.30 11:31:05 __main__             INFO     🔄 Loading: plugins.speedtest_plugin
2025.03.30 11:31:05 __main__             INFO     ✅ Loaded (sync): plugins.speedtest_plugin
2025.03.30 11:31:05 __main__             INFO     🔄 Loading: plugins.bot_logs
2025.03.30 11:31:05 __main__             INFO     ✅ Loaded (async): plugins.bot_logs
2025.03.30 11:31:05 __main__             INFO     🚀 Starting polling...
2025.03.30 11:31:05 aiogram.dispatcher   INFO     Start polling
2025.03.30 11:31:06 aiogram.dispatcher   INFO     Run polling for bot @dllmasterbot id=8095621527 - 'DLLMaster for Music'
2025.03.30 11:31:51 aiogram.dispatcher   WARNING  Received SIGINT signal
2025.03.30 11:31:51 aiogram.dispatcher   INFO     Polling stopped for bot @dllmasterbot id=8095621527 - 'DLLMaster for Music'
2025.03.30 11:31:51 aiogram.dispatcher   INFO     Polling stopped
2025.03.30 11:31:51 __main__             INFO     🛑 Polling stopped
2025.03.30 11:31:51 __main__             INFO     🔴 Bot stopped
2025.03.30 11:31:57 __main__             INFO     🤖 Starting bot...
2025.03.30 11:31:57 __main__             INFO     🚀 Starting bot initialization...
2025.03.30 11:31:57 __main__             INFO     ✅ Database initialized successfully
2025.03.30 11:31:57 core.spotify_handler INFO     Spotify API ilə əlaqə quruldu.
2025.03.30 11:31:57 __main__             INFO     ✅ Spotify service initialized
2025.03.30 11:31:57 core.youtube_handler INFO     firefox brauzerindən cookies istifadə edilir.
2025.03.30 11:31:57 __main__             INFO     ✅ YouTube services initialized (firefox)
2025.03.30 11:31:57 __main__             INFO     🔌 Loading plugins...
2025.03.30 11:31:57 __main__             INFO     🔍 Scanning plugins in: plugins
2025.03.30 11:31:57 __main__             INFO     🔄 Loading: plugins.spotify_plugin
2025.03.30 11:31:57 __main__             INFO     ✅ Loaded (sync): plugins.spotify_plugin
2025.03.30 11:31:57 __main__             INFO     🔄 Loading: plugins.menu_plugin
2025.03.30 11:31:57 __main__             INFO     ✅ Loaded (sync): plugins.menu_plugin
2025.03.30 11:31:57 __main__             INFO     🔄 Loading: plugins.sudo_plugin
2025.03.30 11:31:57 __main__             INFO     ✅ Loaded (sync): plugins.sudo_plugin
2025.03.30 11:31:57 __main__             INFO     🔄 Loading: plugins.youtube_plugin
2025.03.30 11:31:57 __main__             INFO     ✅ Loaded (sync): plugins.youtube_plugin
2025.03.30 11:31:57 __main__             INFO     🔄 Loading: plugins.neofetch_plugin
2025.03.30 11:31:57 __main__             INFO     ✅ Loaded (sync): plugins.neofetch_plugin
2025.03.30 11:31:57 __main__             INFO     🔄 Loading: plugins.report_plugin
2025.03.30 11:31:57 __main__             INFO     ✅ Loaded (async): plugins.report_plugin
2025.03.30 11:31:57 __main__             INFO     🔄 Loading: plugins.del_plugin
2025.03.30 11:31:57 __main__             INFO     ✅ Loaded (sync): plugins.del_plugin
2025.03.30 11:31:57 __main__             INFO     🔄 Loading: plugins.music_plugin
2025.03.30 11:31:57 __main__             ERROR    ❌ Failed to load plugins.music_plugin: expected an indented block after 'try' statement on line 14 (music_plugin.py, line 16)
Traceback (most recent call last):
  File "/home/admin/DLMaster/app.py", line 179, in load_plugins
    module = importlib.import_module(module_name)
             ^^^^^^^^^^^^^^^^^^^^^^^^^^^^^^^^^^^^
  File "/usr/lib/python3.11/importlib/__init__.py", line 126, in import_module
    return _bootstrap._gcd_import(name[level:], package, level)
           ^^^^^^^^^^^^^^^^^^^^^^^^^^^^^^^^^^^^^^^^^^^^^^^^^^^^
  File "<frozen importlib._bootstrap>", line 1206, in _gcd_import
  File "<frozen importlib._bootstrap>", line 1178, in _find_and_load
  File "<frozen importlib._bootstrap>", line 1149, in _find_and_load_unlocked
  File "<frozen importlib._bootstrap>", line 690, in _load_unlocked
  File "<frozen importlib._bootstrap_external>", line 936, in exec_module
  File "<frozen importlib._bootstrap_external>", line 1074, in get_code
  File "<frozen importlib._bootstrap_external>", line 1004, in source_to_code
  File "<frozen importlib._bootstrap>", line 241, in _call_with_frames_removed
  File "/home/admin/DLMaster/plugins/music_plugin.py", line 16
    except Exception as e:
    ^^^^^^
IndentationError: expected an indented block after 'try' statement on line 14
2025.03.30 11:31:57 __main__             INFO     🔄 Loading: plugins.start_plugin
2025.03.30 11:31:57 __main__             INFO     ✅ Loaded (async): plugins.start_plugin
2025.03.30 11:31:57 __main__             INFO     🔄 Loading: plugins.broadcast_plugin
2025.03.30 11:31:57 __main__             INFO     ✅ Loaded (sync): plugins.broadcast_plugin
2025.03.30 11:31:57 __main__             INFO     🔄 Loading: plugins.speedtest_plugin
2025.03.30 11:31:57 __main__             INFO     ✅ Loaded (sync): plugins.speedtest_plugin
2025.03.30 11:31:57 __main__             INFO     🔄 Loading: plugins.bot_logs
2025.03.30 11:31:57 __main__             INFO     ✅ Loaded (async): plugins.bot_logs
2025.03.30 11:31:57 __main__             INFO     🚀 Starting polling...
2025.03.30 11:31:57 aiogram.dispatcher   INFO     Start polling
2025.03.30 11:31:57 aiogram.dispatcher   INFO     Run polling for bot @dllmasterbot id=8095621527 - 'DLLMaster for Music'
2025.03.30 11:32:39 aiogram.dispatcher   WARNING  Received SIGINT signal
2025.03.30 11:32:39 aiogram.dispatcher   INFO     Polling stopped for bot @dllmasterbot id=8095621527 - 'DLLMaster for Music'
2025.03.30 11:32:39 aiogram.dispatcher   INFO     Polling stopped
2025.03.30 11:32:39 __main__             INFO     🛑 Polling stopped
2025.03.30 11:32:39 __main__             INFO     🔴 Bot stopped
2025.03.30 11:32:47 __main__             INFO     🤖 Starting bot...
2025.03.30 11:32:47 __main__             INFO     🚀 Starting bot initialization...
2025.03.30 11:32:47 __main__             INFO     ✅ Database initialized successfully
2025.03.30 11:32:47 core.spotify_handler INFO     Spotify API ilə əlaqə quruldu.
2025.03.30 11:32:47 __main__             INFO     ✅ Spotify service initialized
2025.03.30 11:32:47 core.youtube_handler INFO     firefox brauzerindən cookies istifadə edilir.
2025.03.30 11:32:47 __main__             INFO     ✅ YouTube services initialized (firefox)
2025.03.30 11:32:47 __main__             INFO     🔌 Loading plugins...
2025.03.30 11:32:47 __main__             INFO     🔍 Scanning plugins in: plugins
2025.03.30 11:32:47 __main__             INFO     🔄 Loading: plugins.spotify_plugin
2025.03.30 11:32:47 __main__             INFO     ✅ Loaded (sync): plugins.spotify_plugin
2025.03.30 11:32:47 __main__             INFO     🔄 Loading: plugins.menu_plugin
2025.03.30 11:32:47 __main__             INFO     ✅ Loaded (sync): plugins.menu_plugin
2025.03.30 11:32:47 __main__             INFO     🔄 Loading: plugins.sudo_plugin
2025.03.30 11:32:47 __main__             INFO     ✅ Loaded (sync): plugins.sudo_plugin
2025.03.30 11:32:47 __main__             INFO     🔄 Loading: plugins.youtube_plugin
2025.03.30 11:32:47 __main__             INFO     ✅ Loaded (sync): plugins.youtube_plugin
2025.03.30 11:32:47 __main__             INFO     🔄 Loading: plugins.neofetch_plugin
2025.03.30 11:32:47 __main__             INFO     ✅ Loaded (sync): plugins.neofetch_plugin
2025.03.30 11:32:47 __main__             INFO     🔄 Loading: plugins.report_plugin
2025.03.30 11:32:47 __main__             INFO     ✅ Loaded (async): plugins.report_plugin
2025.03.30 11:32:47 __main__             INFO     🔄 Loading: plugins.del_plugin
2025.03.30 11:32:47 __main__             INFO     ✅ Loaded (sync): plugins.del_plugin
2025.03.30 11:32:47 __main__             INFO     🔄 Loading: plugins.music_plugin
2025.03.30 11:32:47 __main__             INFO     ✅ Loaded (sync): plugins.music_plugin
2025.03.30 11:32:47 __main__             INFO     🔄 Loading: plugins.start_plugin
2025.03.30 11:32:47 __main__             INFO     ✅ Loaded (async): plugins.start_plugin
2025.03.30 11:32:47 __main__             INFO     🔄 Loading: plugins.broadcast_plugin
2025.03.30 11:32:47 __main__             INFO     ✅ Loaded (sync): plugins.broadcast_plugin
2025.03.30 11:32:47 __main__             INFO     🔄 Loading: plugins.speedtest_plugin
2025.03.30 11:32:47 __main__             INFO     ✅ Loaded (sync): plugins.speedtest_plugin
2025.03.30 11:32:47 __main__             INFO     🔄 Loading: plugins.bot_logs
2025.03.30 11:32:47 __main__             INFO     ✅ Loaded (async): plugins.bot_logs
2025.03.30 11:32:47 __main__             INFO     🚀 Starting polling...
2025.03.30 11:32:47 aiogram.dispatcher   INFO     Start polling
2025.03.30 11:32:47 aiogram.dispatcher   INFO     Run polling for bot @dllmasterbot id=8095621527 - 'DLLMaster for Music'
2025.03.30 11:33:02 core.cookies_handler INFO     firefox brauzerindən cookies istifadə edilir.
2025.03.30 11:33:06 aiogram.event        INFO     Update id=511588885 is handled. Duration 4405 ms by bot id=8095621527
2025.03.30 11:33:07 core.cookies_handler INFO     firefox brauzerindən cookies istifadə edilir.
2025.03.30 11:33:12 aiogram.event        INFO     Update id=511588886 is handled. Duration 4797 ms by bot id=8095621527
2025.03.30 11:33:33 aiogram.event        INFO     Update id=511588887 is not handled. Duration 4 ms by bot id=8095621527
2025.03.30 11:33:35 aiogram.event        INFO     Update id=511588888 is handled. Duration 0 ms by bot id=8095621527
2025.03.30 11:33:52 core.cookies_handler INFO     firefox brauzerindən cookies istifadə edilir.
2025.03.30 11:33:54 aiogram.event        INFO     Update id=511588890 is not handled. Duration 1 ms by bot id=8095621527
2025.03.30 11:33:55 aiogram.event        INFO     Update id=511588889 is handled. Duration 2590 ms by bot id=8095621527
2025.03.30 11:35:04 core.cookies_handler INFO     firefox brauzerindən cookies istifadə edilir.
2025.03.30 11:35:06 aiogram.event        INFO     Update id=511588891 is handled. Duration 2582 ms by bot id=8095621527
2025.03.30 11:35:29 aiogram.event        INFO     Update id=511588892 is handled. Duration 12 ms by bot id=8095621527
2025.03.30 11:35:38 aiogram.dispatcher   WARNING  Received SIGINT signal
2025.03.30 11:35:38 aiogram.dispatcher   INFO     Polling stopped for bot @dllmasterbot id=8095621527 - 'DLLMaster for Music'
2025.03.30 11:35:38 aiogram.dispatcher   INFO     Polling stopped
2025.03.30 11:35:38 __main__             INFO     🛑 Polling stopped
2025.03.30 11:35:38 __main__             INFO     🔴 Bot stopped
2025.03.30 11:36:05 __main__             INFO     🤖 Starting bot...
2025.03.30 11:36:05 __main__             INFO     🚀 Starting bot initialization...
2025.03.30 11:36:05 __main__             INFO     ✅ Database initialized successfully
2025.03.30 11:36:05 core.spotify_handler INFO     Spotify API ilə əlaqə quruldu.
2025.03.30 11:36:05 __main__             INFO     ✅ Spotify service initialized
2025.03.30 11:36:05 core.youtube_handler INFO     firefox brauzerindən cookies istifadə edilir.
2025.03.30 11:36:05 __main__             INFO     ✅ YouTube services initialized (firefox)
2025.03.30 11:36:05 __main__             INFO     🔌 Loading plugins...
2025.03.30 11:36:05 __main__             INFO     🔍 Scanning plugins in: plugins
2025.03.30 11:36:05 __main__             INFO     🔄 Loading: plugins.spotify_plugin
2025.03.30 11:36:05 __main__             INFO     ✅ Loaded (sync): plugins.spotify_plugin
2025.03.30 11:36:05 __main__             INFO     🔄 Loading: plugins.menu_plugin
2025.03.30 11:36:05 __main__             INFO     ✅ Loaded (sync): plugins.menu_plugin
2025.03.30 11:36:05 __main__             INFO     🔄 Loading: plugins.sudo_plugin
2025.03.30 11:36:05 __main__             INFO     ✅ Loaded (sync): plugins.sudo_plugin
2025.03.30 11:36:05 __main__             INFO     🔄 Loading: plugins.youtube_plugin
2025.03.30 11:36:05 __main__             INFO     ✅ Loaded (sync): plugins.youtube_plugin
2025.03.30 11:36:05 __main__             INFO     🔄 Loading: plugins.neofetch_plugin
2025.03.30 11:36:05 __main__             INFO     ✅ Loaded (sync): plugins.neofetch_plugin
2025.03.30 11:36:05 __main__             INFO     🔄 Loading: plugins.report_plugin
2025.03.30 11:36:05 __main__             INFO     ✅ Loaded (async): plugins.report_plugin
2025.03.30 11:36:05 __main__             INFO     🔄 Loading: plugins.del_plugin
2025.03.30 11:36:05 __main__             INFO     ✅ Loaded (sync): plugins.del_plugin
2025.03.30 11:36:05 __main__             INFO     🔄 Loading: plugins.music_plugin
2025.03.30 11:36:05 __main__             INFO     ✅ Loaded (sync): plugins.music_plugin
2025.03.30 11:36:05 __main__             INFO     🔄 Loading: plugins.start_plugin
2025.03.30 11:36:05 __main__             INFO     ✅ Loaded (async): plugins.start_plugin
2025.03.30 11:36:05 __main__             INFO     🔄 Loading: plugins.broadcast_plugin
2025.03.30 11:36:05 __main__             INFO     ✅ Loaded (sync): plugins.broadcast_plugin
2025.03.30 11:36:05 __main__             INFO     🔄 Loading: plugins.speedtest_plugin
2025.03.30 11:36:05 __main__             INFO     ✅ Loaded (sync): plugins.speedtest_plugin
2025.03.30 11:36:05 __main__             INFO     🔄 Loading: plugins.bot_logs
2025.03.30 11:36:05 __main__             INFO     ✅ Loaded (async): plugins.bot_logs
2025.03.30 11:36:05 __main__             INFO     🚀 Starting polling...
2025.03.30 11:36:05 aiogram.dispatcher   INFO     Start polling
2025.03.30 11:36:05 aiogram.dispatcher   INFO     Run polling for bot @dllmasterbot id=8095621527 - 'DLLMaster for Music'
2025.03.30 11:36:44 aiogram.event        INFO     Update id=511588893 is not handled. Duration 1 ms by bot id=8095621527
2025.03.30 11:36:55 aiogram.event        INFO     Update id=511588894 is not handled. Duration 2 ms by bot id=8095621527
2025.03.30 11:36:55 aiogram.event        INFO     Update id=511588895 is not handled. Duration 2 ms by bot id=8095621527
2025.03.30 11:37:10 core.cookies_handler INFO     firefox brauzerindən cookies istifadə edilir.
2025.03.30 11:37:14 aiogram.event        INFO     Update id=511588896 is handled. Duration 3860 ms by bot id=8095621527
2025.03.30 11:37:17 core.cookies_handler INFO     firefox brauzerindən cookies istifadə edilir.
2025.03.30 11:37:21 aiogram.event        INFO     Update id=511588897 is handled. Duration 4921 ms by bot id=8095621527
2025.03.30 11:37:22 core.cookies_handler INFO     firefox brauzerindən cookies istifadə edilir.
2025.03.30 11:37:24 aiogram.event        INFO     Update id=511588899 is not handled. Duration 3 ms by bot id=8095621527
2025.03.30 11:37:24 aiogram.event        INFO     Update id=511588898 is handled. Duration 2375 ms by bot id=8095621527
2025.03.30 11:37:45 aiogram.event        INFO     Update id=511588900 is not handled. Duration 1 ms by bot id=8095621527
2025.03.30 11:37:49 aiogram.event        INFO     Update id=511588901 is not handled. Duration 0 ms by bot id=8095621527
2025.03.30 11:38:06 aiogram.event        INFO     Update id=511588902 is not handled. Duration 0 ms by bot id=8095621527
2025.03.30 11:38:41 aiogram.event        INFO     Update id=511588903 is not handled. Duration 1 ms by bot id=8095621527
2025.03.30 11:38:47 aiogram.dispatcher   WARNING  Received SIGINT signal
2025.03.30 11:38:47 aiogram.dispatcher   INFO     Polling stopped for bot @dllmasterbot id=8095621527 - 'DLLMaster for Music'
2025.03.30 11:38:47 aiogram.dispatcher   INFO     Polling stopped
2025.03.30 11:38:47 __main__             INFO     🛑 Polling stopped
2025.03.30 11:38:47 __main__             INFO     🔴 Bot stopped
2025.03.30 11:38:53 __main__             INFO     🤖 Starting bot...
2025.03.30 11:38:53 __main__             INFO     🚀 Starting bot initialization...
2025.03.30 11:38:53 __main__             INFO     ✅ Database initialized successfully
2025.03.30 11:38:53 core.spotify_handler INFO     Spotify API ilə əlaqə quruldu.
2025.03.30 11:38:53 __main__             INFO     ✅ Spotify service initialized
2025.03.30 11:38:53 core.youtube_handler INFO     firefox brauzerindən cookies istifadə edilir.
2025.03.30 11:38:53 __main__             INFO     ✅ YouTube services initialized (firefox)
2025.03.30 11:38:53 __main__             INFO     🔌 Loading plugins...
2025.03.30 11:38:53 __main__             INFO     🔍 Scanning plugins in: plugins
2025.03.30 11:38:53 __main__             INFO     🔄 Loading: plugins.spotify_plugin
2025.03.30 11:38:53 __main__             INFO     ✅ Loaded (sync): plugins.spotify_plugin
2025.03.30 11:38:53 __main__             INFO     🔄 Loading: plugins.menu_plugin
2025.03.30 11:38:53 __main__             INFO     ✅ Loaded (sync): plugins.menu_plugin
2025.03.30 11:38:53 __main__             INFO     🔄 Loading: plugins.sudo_plugin
2025.03.30 11:38:53 __main__             INFO     ✅ Loaded (sync): plugins.sudo_plugin
2025.03.30 11:38:53 __main__             INFO     🔄 Loading: plugins.youtube_plugin
2025.03.30 11:38:53 __main__             INFO     ✅ Loaded (sync): plugins.youtube_plugin
2025.03.30 11:38:53 __main__             INFO     🔄 Loading: plugins.neofetch_plugin
2025.03.30 11:38:53 __main__             INFO     ✅ Loaded (sync): plugins.neofetch_plugin
2025.03.30 11:38:53 __main__             INFO     🔄 Loading: plugins.report_plugin
2025.03.30 11:38:53 __main__             INFO     ✅ Loaded (async): plugins.report_plugin
2025.03.30 11:38:53 __main__             INFO     🔄 Loading: plugins.del_plugin
2025.03.30 11:38:53 __main__             INFO     ✅ Loaded (sync): plugins.del_plugin
2025.03.30 11:38:53 __main__             INFO     🔄 Loading: plugins.music_plugin
2025.03.30 11:38:53 __main__             INFO     ✅ Loaded (sync): plugins.music_plugin
2025.03.30 11:38:53 __main__             INFO     🔄 Loading: plugins.start_plugin
2025.03.30 11:38:53 __main__             INFO     ✅ Loaded (async): plugins.start_plugin
2025.03.30 11:38:53 __main__             INFO     🔄 Loading: plugins.broadcast_plugin
2025.03.30 11:38:53 __main__             INFO     ✅ Loaded (sync): plugins.broadcast_plugin
2025.03.30 11:38:53 __main__             INFO     🔄 Loading: plugins.speedtest_plugin
2025.03.30 11:38:53 __main__             INFO     ✅ Loaded (sync): plugins.speedtest_plugin
2025.03.30 11:38:53 __main__             INFO     🔄 Loading: plugins.bot_logs
2025.03.30 11:38:53 __main__             INFO     ✅ Loaded (async): plugins.bot_logs
2025.03.30 11:38:53 __main__             INFO     🚀 Starting polling...
2025.03.30 11:38:53 aiogram.dispatcher   INFO     Start polling
2025.03.30 11:38:53 aiogram.dispatcher   INFO     Run polling for bot @dllmasterbot id=8095621527 - 'DLLMaster for Music'
2025.03.30 11:39:08 core.cookies_handler INFO     firefox brauzerindən cookies istifadə edilir.
2025.03.30 11:39:11 aiogram.event        INFO     Update id=511588904 is handled. Duration 3809 ms by bot id=8095621527
2025.03.30 11:39:14 aiogram.event        INFO     Update id=511588905 is handled. Duration 98 ms by bot id=8095621527
2025.03.30 11:39:15 core.cookies_handler INFO     firefox brauzerindən cookies istifadə edilir.
2025.03.30 11:39:20 aiogram.event        INFO     Update id=511588906 is handled. Duration 4651 ms by bot id=8095621527
2025.03.30 11:40:14 aiogram.event        INFO     Update id=511588907 is not handled. Duration 1 ms by bot id=8095621527
2025.03.30 11:40:24 aiogram.event        INFO     Update id=511588908 is not handled. Duration 0 ms by bot id=8095621527
2025.03.30 11:40:50 aiogram.event        INFO     Update id=511588909 is not handled. Duration 1 ms by bot id=8095621527
2025.03.30 11:41:24 aiogram.event        INFO     Update id=511588910 is not handled. Duration 3 ms by bot id=8095621527
2025.03.30 11:41:26 core.cookies_handler INFO     firefox brauzerindən cookies istifadə edilir.
2025.03.30 11:41:29 aiogram.event        INFO     Update id=511588911 is handled. Duration 2965 ms by bot id=8095621527
2025.03.30 11:41:30 aiogram.event        INFO     Update id=511588912 is not handled. Duration 1 ms by bot id=8095621527
2025.03.30 11:42:07 aiogram.event        INFO     Update id=511588913 is handled. Duration 110 ms by bot id=8095621527
2025.03.30 11:42:09 aiogram.event        INFO     Update id=511588914 is not handled. Duration 1 ms by bot id=8095621527
2025.03.30 11:42:10 aiogram.event        INFO     Update id=511588915 is handled. Duration 126 ms by bot id=8095621527
2025.03.30 11:42:12 aiogram.event        INFO     Update id=511588916 is handled. Duration 82 ms by bot id=8095621527
2025.03.30 11:42:15 aiogram.event        INFO     Update id=511588917 is handled. Duration 105 ms by bot id=8095621527
2025.03.30 11:42:16 aiogram.event        INFO     Update id=511588918 is handled. Duration 73 ms by bot id=8095621527
2025.03.30 11:42:16 aiogram.event        INFO     Update id=511588919 is handled. Duration 85 ms by bot id=8095621527
2025.03.30 11:42:17 aiogram.event        INFO     Update id=511588920 is handled. Duration 63 ms by bot id=8095621527
2025.03.30 11:42:18 aiogram.event        INFO     Update id=511588921 is handled. Duration 82 ms by bot id=8095621527
2025.03.30 11:42:18 aiogram.event        INFO     Update id=511588922 is handled. Duration 0 ms by bot id=8095621527
2025.03.30 11:42:21 aiogram.event        INFO     Update id=511588923 is handled. Duration 92 ms by bot id=8095621527
2025.03.30 11:42:22 aiogram.event        INFO     Update id=511588924 is handled. Duration 0 ms by bot id=8095621527
2025.03.30 11:42:36 core.cookies_handler INFO     firefox brauzerindən cookies istifadə edilir.
2025.03.30 11:42:37 aiogram.event        INFO     Update id=511588926 is not handled. Duration 1 ms by bot id=8095621527
2025.03.30 11:42:39 aiogram.event        INFO     Update id=511588925 is handled. Duration 2966 ms by bot id=8095621527
2025.03.30 11:42:44 aiogram.event        INFO     Update id=511588927 is handled. Duration 76 ms by bot id=8095621527
2025.03.30 11:43:22 aiogram.event        INFO     Update id=511588928 is handled. Duration 149 ms by bot id=8095621527
2025.03.30 11:45:46 aiogram.event        INFO     Update id=511588929 is not handled. Duration 1 ms by bot id=8095621527
2025.03.30 11:45:59 aiogram.event        INFO     Update id=511588930 is not handled. Duration 1 ms by bot id=8095621527
2025.03.30 11:46:05 aiogram.event        INFO     Update id=511588931 is not handled. Duration 2 ms by bot id=8095621527
2025.03.30 11:46:24 aiogram.event        INFO     Update id=511588932 is not handled. Duration 0 ms by bot id=8095621527
2025.03.30 11:46:33 aiogram.event        INFO     Update id=511588933 is not handled. Duration 1 ms by bot id=8095621527
2025.03.30 11:47:12 aiogram.event        INFO     Update id=511588934 is not handled. Duration 3 ms by bot id=8095621527
2025.03.30 11:48:08 aiogram.event        INFO     Update id=511588935 is not handled. Duration 1 ms by bot id=8095621527
2025.03.30 11:50:13 aiogram.event        INFO     Update id=511588936 is not handled. Duration 1 ms by bot id=8095621527
2025.03.30 11:50:32 aiogram.event        INFO     Update id=511588937 is not handled. Duration 1 ms by bot id=8095621527
2025.03.30 11:50:36 aiogram.event        INFO     Update id=511588938 is not handled. Duration 2 ms by bot id=8095621527
2025.03.30 11:52:32 aiogram.event        INFO     Update id=511588939 is not handled. Duration 3 ms by bot id=8095621527
2025.03.30 11:52:32 aiogram.event        INFO     Update id=511588940 is not handled. Duration 3 ms by bot id=8095621527
2025.03.30 11:52:32 aiogram.event        INFO     Update id=511588941 is not handled. Duration 3 ms by bot id=8095621527
2025.03.30 11:52:32 aiogram.event        INFO     Update id=511588942 is not handled. Duration 3 ms by bot id=8095621527
2025.03.30 11:52:32 aiogram.event        INFO     Update id=511588943 is not handled. Duration 3 ms by bot id=8095621527
2025.03.30 11:53:28 aiogram.event        INFO     Update id=511588944 is not handled. Duration 1 ms by bot id=8095621527
2025.03.30 11:53:33 aiogram.event        INFO     Update id=511588945 is not handled. Duration 1 ms by bot id=8095621527
2025.03.30 11:54:18 aiogram.event        INFO     Update id=511588946 is not handled. Duration 3 ms by bot id=8095621527
2025.03.30 11:54:43 aiogram.event        INFO     Update id=511588947 is not handled. Duration 3 ms by bot id=8095621527
2025.03.30 11:54:43 aiogram.event        INFO     Update id=511588948 is not handled. Duration 3 ms by bot id=8095621527
2025.03.30 11:55:18 aiogram.event        INFO     Update id=511588949 is not handled. Duration 2 ms by bot id=8095621527
2025.03.30 11:55:37 aiogram.event        INFO     Update id=511588950 is not handled. Duration 1 ms by bot id=8095621527
2025.03.30 11:55:56 aiogram.event        INFO     Update id=511588951 is not handled. Duration 1 ms by bot id=8095621527
2025.03.30 11:56:01 aiogram.event        INFO     Update id=511588952 is not handled. Duration 1 ms by bot id=8095621527
2025.03.30 11:56:06 aiogram.event        INFO     Update id=511588953 is not handled. Duration 1 ms by bot id=8095621527
2025.03.30 11:56:13 aiogram.event        INFO     Update id=511588954 is not handled. Duration 1 ms by bot id=8095621527
2025.03.30 11:56:16 aiogram.event        INFO     Update id=511588955 is not handled. Duration 1 ms by bot id=8095621527
2025.03.30 11:56:19 aiogram.event        INFO     Update id=511588956 is not handled. Duration 1 ms by bot id=8095621527
2025.03.30 11:56:24 aiogram.event        INFO     Update id=511588957 is not handled. Duration 1 ms by bot id=8095621527
2025.03.30 11:56:26 aiogram.event        INFO     Update id=511588958 is not handled. Duration 1 ms by bot id=8095621527
2025.03.30 11:56:34 aiogram.event        INFO     Update id=511588959 is not handled. Duration 1 ms by bot id=8095621527
2025.03.30 11:56:35 aiogram.event        INFO     Update id=511588960 is not handled. Duration 1 ms by bot id=8095621527
2025.03.30 11:56:37 aiogram.event        INFO     Update id=511588961 is not handled. Duration 1 ms by bot id=8095621527
2025.03.30 11:56:41 aiogram.event        INFO     Update id=511588962 is not handled. Duration 1 ms by bot id=8095621527
2025.03.30 11:57:23 aiogram.event        INFO     Update id=511588963 is not handled. Duration 1 ms by bot id=8095621527
2025.03.30 11:59:52 aiogram.event        INFO     Update id=511588964 is not handled. Duration 1 ms by bot id=8095621527
2025.03.30 12:00:57 aiogram.event        INFO     Update id=511588965 is not handled. Duration 1 ms by bot id=8095621527
2025.03.30 12:00:57 aiogram.event        INFO     Update id=511588966 is not handled. Duration 2 ms by bot id=8095621527
2025.03.30 12:01:12 aiogram.event        INFO     Update id=511588967 is not handled. Duration 2 ms by bot id=8095621527
2025.03.30 12:01:12 aiogram.event        INFO     Update id=511588968 is not handled. Duration 2 ms by bot id=8095621527
2025.03.30 12:04:10 aiogram.event        INFO     Update id=511588969 is not handled. Duration 8 ms by bot id=8095621527
2025.03.30 12:04:10 aiogram.event        INFO     Update id=511588970 is not handled. Duration 8 ms by bot id=8095621527
2025.03.30 12:04:10 aiogram.event        INFO     Update id=511588971 is not handled. Duration 8 ms by bot id=8095621527
2025.03.30 12:04:10 aiogram.event        INFO     Update id=511588972 is not handled. Duration 9 ms by bot id=8095621527
2025.03.30 12:04:10 aiogram.event        INFO     Update id=511588973 is not handled. Duration 9 ms by bot id=8095621527
2025.03.30 12:04:10 aiogram.event        INFO     Update id=511588974 is not handled. Duration 9 ms by bot id=8095621527
2025.03.30 12:04:10 aiogram.event        INFO     Update id=511588975 is not handled. Duration 7 ms by bot id=8095621527
2025.03.30 12:04:26 aiogram.event        INFO     Update id=511588976 is not handled. Duration 6 ms by bot id=8095621527
2025.03.30 12:04:26 aiogram.event        INFO     Update id=511588977 is not handled. Duration 8 ms by bot id=8095621527
2025.03.30 12:04:26 aiogram.event        INFO     Update id=511588978 is not handled. Duration 8 ms by bot id=8095621527
2025.03.30 12:04:26 aiogram.event        INFO     Update id=511588979 is not handled. Duration 9 ms by bot id=8095621527
2025.03.30 12:04:26 aiogram.event        INFO     Update id=511588980 is not handled. Duration 10 ms by bot id=8095621527
2025.03.30 12:04:26 aiogram.event        INFO     Update id=511588981 is not handled. Duration 10 ms by bot id=8095621527
2025.03.30 12:04:26 aiogram.event        INFO     Update id=511588982 is not handled. Duration 11 ms by bot id=8095621527
2025.03.30 12:07:41 aiogram.event        INFO     Update id=511588983 is not handled. Duration 1 ms by bot id=8095621527
2025.03.30 12:07:45 aiogram.event        INFO     Update id=511588984 is not handled. Duration 0 ms by bot id=8095621527
2025.03.30 12:08:43 aiogram.event        INFO     Update id=511588985 is not handled. Duration 0 ms by bot id=8095621527
2025.03.30 12:10:07 aiogram.event        INFO     Update id=511588986 is not handled. Duration 1 ms by bot id=8095621527
2025.03.30 12:10:24 aiogram.event        INFO     Update id=511588987 is not handled. Duration 1 ms by bot id=8095621527
2025.03.30 12:10:25 aiogram.event        INFO     Update id=511588988 is not handled. Duration 1 ms by bot id=8095621527
2025.03.30 12:10:44 aiogram.event        INFO     Update id=511588989 is not handled. Duration 1 ms by bot id=8095621527
2025.03.30 12:11:01 aiogram.dispatcher   WARNING  Received SIGINT signal
2025.03.30 12:11:01 aiogram.dispatcher   INFO     Polling stopped for bot @dllmasterbot id=8095621527 - 'DLLMaster for Music'
2025.03.30 12:11:01 aiogram.dispatcher   INFO     Polling stopped
2025.03.30 12:11:01 __main__             INFO     🛑 Polling stopped
2025.03.30 12:11:01 __main__             INFO     🔴 Bot stopped
2025.03.30 12:12:49 __main__             INFO     🤖 Starting bot...
2025.03.30 12:12:49 __main__             INFO     🚀 Starting bot initialization...
2025.03.30 12:12:49 __main__             INFO     ✅ Database initialized successfully
2025.03.30 12:12:49 core.spotify_handler INFO     Spotify API ilə əlaqə quruldu.
2025.03.30 12:12:49 __main__             INFO     ✅ Spotify service initialized
2025.03.30 12:12:49 core.webprofile      INFO     ['Mozilla/5.0 (Windows NT 10.0; Win64; x64; rv:120.0) Gecko/20100101 Firefox/120.0', 'Mozilla/5.0 (Windows NT 10.0; Win64; x64) AppleWebKit/537.36 (KHTML, like Gecko) Chrome/122.0.0.0 Safari/537.36', 'Mozilla/5.0 (Macintosh; Intel Mac OS X 10_15_7) AppleWebKit/537.36 (KHTML, like Gecko) Chrome/122.0.0.0 Safari/537.36', 'Mozilla/5.0 (X11; Linux x86_64) AppleWebKit/537.36 (KHTML, like Gecko) Chrome/122.0.0.0 Safari/537.36', 'Mozilla/5.0 (Windows NT 10.0; Win64; x64) AppleWebKit/537.36 (KHTML, like Gecko) Edge/120.0.0.0 Safari/537.36', 'Mozilla/5.0 (iPhone; CPU iPhone OS 17_2 like Mac OS X) AppleWebKit/605.1.15 (KHTML, like Gecko) Version/17.2 Mobile/15E148 Safari/604.1', 'Mozilla/5.0 (iPad; CPU OS 17_2 like Mac OS X) AppleWebKit/605.1.15 (KHTML, like Gecko) Version/17.2 Mobile/15E148 Safari/604.1', 'Mozilla/5.0 (Linux; Android 14; SM-G998B) AppleWebKit/537.36 (KHTML, like Gecko) Chrome/122.0.0.0 Mobile Safari/537.36', 'Mozilla/5.0 (Linux; Android 14; Pixel 8 Pro) AppleWebKit/537.36 (KHTML, like Gecko) Chrome/122.0.0.0 Mobile Safari/537.36', 'Mozilla/5.0 (X11; Ubuntu; Linux x86_64; rv:120.0) Gecko/20100101 Firefox/120.0'] yüklənilən useragentlər.
2025.03.30 12:12:49 core.webprofile      ERROR    Useragentlər alınarkən xəta baş verdi: name 'random' is not defined
2025.03.30 12:12:49 __main__             ERROR    ❌ Service initialization failed: Useragentlər alınarkən xəta: name 'random' is not defined
Traceback (most recent call last):
  File "/home/admin/DLMaster/core/webprofile.py", line 34, in get_random_user_agent
    return random.choice(USER_AGENTS)
           ^^^^^^
NameError: name 'random' is not defined

During handling of the above exception, another exception occurred:

Traceback (most recent call last):
  File "/home/admin/DLMaster/app.py", line 147, in initialize_services
    self.youtube_playlist = YoutubeManagerPlaylist(browser=browser)
                            ^^^^^^^^^^^^^^^^^^^^^^^^^^^^^^^^^^^^^^^
  File "/home/admin/DLMaster/core/youtube_handler.py", line 25, in __init__
    'User-Agent': get_random_user_agent()
                  ^^^^^^^^^^^^^^^^^^^^^^^
  File "/home/admin/DLMaster/core/webprofile.py", line 37, in get_random_user_agent
    raise RuntimeError(f"Useragentlər alınarkən xəta: {str(e)}")
RuntimeError: Useragentlər alınarkən xəta: name 'random' is not defined
2025.03.30 12:12:49 __main__             CRITICAL 💥 Fatal error: Useragentlər alınarkən xəta: name 'random' is not defined
Traceback (most recent call last):
  File "/home/admin/DLMaster/core/webprofile.py", line 34, in get_random_user_agent
    return random.choice(USER_AGENTS)
           ^^^^^^
NameError: name 'random' is not defined

During handling of the above exception, another exception occurred:

Traceback (most recent call last):
  File "/home/admin/DLMaster/app.py", line 215, in main
    await context.initialize_services()
  File "/home/admin/DLMaster/app.py", line 147, in initialize_services
    self.youtube_playlist = YoutubeManagerPlaylist(browser=browser)
                            ^^^^^^^^^^^^^^^^^^^^^^^^^^^^^^^^^^^^^^^
  File "/home/admin/DLMaster/core/youtube_handler.py", line 25, in __init__
    'User-Agent': get_random_user_agent()
                  ^^^^^^^^^^^^^^^^^^^^^^^
  File "/home/admin/DLMaster/core/webprofile.py", line 37, in get_random_user_agent
    raise RuntimeError(f"Useragentlər alınarkən xəta: {str(e)}")
RuntimeError: Useragentlər alınarkən xəta: name 'random' is not defined
2025.03.30 12:12:49 __main__             INFO     🔴 Bot stopped
2025.03.30 12:12:49 __main__             CRITICAL 💥 Unhandled exception: Database.log_error() got an unexpected keyword argument 'level'
Traceback (most recent call last):
  File "/home/admin/DLMaster/core/webprofile.py", line 34, in get_random_user_agent
    return random.choice(USER_AGENTS)
           ^^^^^^
NameError: name 'random' is not defined

During handling of the above exception, another exception occurred:

Traceback (most recent call last):
  File "/home/admin/DLMaster/app.py", line 215, in main
    await context.initialize_services()
  File "/home/admin/DLMaster/app.py", line 147, in initialize_services
    self.youtube_playlist = YoutubeManagerPlaylist(browser=browser)
                            ^^^^^^^^^^^^^^^^^^^^^^^^^^^^^^^^^^^^^^^
  File "/home/admin/DLMaster/core/youtube_handler.py", line 25, in __init__
    'User-Agent': get_random_user_agent()
                  ^^^^^^^^^^^^^^^^^^^^^^^
  File "/home/admin/DLMaster/core/webprofile.py", line 37, in get_random_user_agent
    raise RuntimeError(f"Useragentlər alınarkən xəta: {str(e)}")
RuntimeError: Useragentlər alınarkən xəta: name 'random' is not defined

During handling of the above exception, another exception occurred:

Traceback (most recent call last):
  File "/home/admin/DLMaster/app.py", line 240, in <module>
    asyncio.run(main())
  File "/usr/lib/python3.11/asyncio/runners.py", line 190, in run
    return runner.run(main)
           ^^^^^^^^^^^^^^^^
  File "/usr/lib/python3.11/asyncio/runners.py", line 118, in run
    return self._loop.run_until_complete(task)
           ^^^^^^^^^^^^^^^^^^^^^^^^^^^^^^^^^^^
  File "/usr/lib/python3.11/asyncio/base_events.py", line 653, in run_until_complete
    return future.result()
           ^^^^^^^^^^^^^^^
  File "/home/admin/DLMaster/app.py", line 227, in main
    context.db.log_error(f"Fatal error in main: {str(e)}", level="CRITICAL")
TypeError: Database.log_error() got an unexpected keyword argument 'level'
2025.03.30 12:13:54 __main__             INFO     🤖 Starting bot...
2025.03.30 12:13:54 __main__             INFO     🚀 Starting bot initialization...
2025.03.30 12:13:54 __main__             INFO     ✅ Database initialized successfully
2025.03.30 12:13:54 core.spotify_handler INFO     Spotify API ilə əlaqə quruldu.
2025.03.30 12:13:54 __main__             INFO     ✅ Spotify service initialized
2025.03.30 12:13:54 core.webprofile      INFO     ['Mozilla/5.0 (Windows NT 10.0; Win64; x64; rv:120.0) Gecko/20100101 Firefox/120.0', 'Mozilla/5.0 (Windows NT 10.0; Win64; x64) AppleWebKit/537.36 (KHTML, like Gecko) Chrome/122.0.0.0 Safari/537.36', 'Mozilla/5.0 (Macintosh; Intel Mac OS X 10_15_7) AppleWebKit/537.36 (KHTML, like Gecko) Chrome/122.0.0.0 Safari/537.36', 'Mozilla/5.0 (X11; Linux x86_64) AppleWebKit/537.36 (KHTML, like Gecko) Chrome/122.0.0.0 Safari/537.36', 'Mozilla/5.0 (Windows NT 10.0; Win64; x64) AppleWebKit/537.36 (KHTML, like Gecko) Edge/120.0.0.0 Safari/537.36', 'Mozilla/5.0 (iPhone; CPU iPhone OS 17_2 like Mac OS X) AppleWebKit/605.1.15 (KHTML, like Gecko) Version/17.2 Mobile/15E148 Safari/604.1', 'Mozilla/5.0 (iPad; CPU OS 17_2 like Mac OS X) AppleWebKit/605.1.15 (KHTML, like Gecko) Version/17.2 Mobile/15E148 Safari/604.1', 'Mozilla/5.0 (Linux; Android 14; SM-G998B) AppleWebKit/537.36 (KHTML, like Gecko) Chrome/122.0.0.0 Mobile Safari/537.36', 'Mozilla/5.0 (Linux; Android 14; Pixel 8 Pro) AppleWebKit/537.36 (KHTML, like Gecko) Chrome/122.0.0.0 Mobile Safari/537.36', 'Mozilla/5.0 (X11; Ubuntu; Linux x86_64; rv:120.0) Gecko/20100101 Firefox/120.0'] yüklənilən useragentlər.
2025.03.30 12:13:54 core.youtube_handler INFO     firefox brauzerindən cookies istifadə edilir.
2025.03.30 12:13:54 __main__             INFO     ✅ YouTube services initialized (firefox)
2025.03.30 12:13:54 __main__             INFO     🔌 Loading plugins...
2025.03.30 12:13:54 __main__             INFO     🔍 Scanning plugins in: plugins
2025.03.30 12:13:54 __main__             INFO     🔄 Loading: plugins.spotify_plugin
2025.03.30 12:13:54 __main__             INFO     ✅ Loaded (sync): plugins.spotify_plugin
2025.03.30 12:13:54 __main__             INFO     🔄 Loading: plugins.menu_plugin
2025.03.30 12:13:54 __main__             INFO     ✅ Loaded (sync): plugins.menu_plugin
2025.03.30 12:13:54 __main__             INFO     🔄 Loading: plugins.sudo_plugin
2025.03.30 12:13:54 __main__             INFO     ✅ Loaded (sync): plugins.sudo_plugin
2025.03.30 12:13:54 __main__             INFO     🔄 Loading: plugins.youtube_plugin
2025.03.30 12:13:54 __main__             INFO     ✅ Loaded (sync): plugins.youtube_plugin
2025.03.30 12:13:54 __main__             INFO     🔄 Loading: plugins.neofetch_plugin
2025.03.30 12:13:54 __main__             INFO     ✅ Loaded (sync): plugins.neofetch_plugin
2025.03.30 12:13:54 __main__             INFO     🔄 Loading: plugins.report_plugin
2025.03.30 12:13:54 __main__             INFO     ✅ Loaded (async): plugins.report_plugin
2025.03.30 12:13:54 __main__             INFO     🔄 Loading: plugins.del_plugin
2025.03.30 12:13:54 __main__             INFO     ✅ Loaded (sync): plugins.del_plugin
2025.03.30 12:13:54 __main__             INFO     🔄 Loading: plugins.music_plugin
2025.03.30 12:13:55 __main__             INFO     ✅ Loaded (sync): plugins.music_plugin
2025.03.30 12:13:55 __main__             INFO     🔄 Loading: plugins.start_plugin
2025.03.30 12:13:55 __main__             INFO     ✅ Loaded (async): plugins.start_plugin
2025.03.30 12:13:55 __main__             INFO     🔄 Loading: plugins.broadcast_plugin
2025.03.30 12:13:55 __main__             INFO     ✅ Loaded (sync): plugins.broadcast_plugin
2025.03.30 12:13:55 __main__             INFO     🔄 Loading: plugins.speedtest_plugin
2025.03.30 12:13:55 __main__             INFO     ✅ Loaded (sync): plugins.speedtest_plugin
2025.03.30 12:13:55 __main__             INFO     🔄 Loading: plugins.bot_logs
2025.03.30 12:13:55 __main__             INFO     ✅ Loaded (async): plugins.bot_logs
2025.03.30 12:13:55 __main__             INFO     🚀 Starting polling...
2025.03.30 12:13:55 aiogram.dispatcher   INFO     Start polling
2025.03.30 12:13:55 aiogram.dispatcher   INFO     Run polling for bot @dllmasterbot id=8095621527 - 'DLLMaster for Music'
2025.03.30 12:13:55 aiogram.event        INFO     Update id=511588990 is not handled. Duration 3 ms by bot id=8095621527
2025.03.30 12:13:55 aiogram.event        INFO     Update id=511588991 is not handled. Duration 3 ms by bot id=8095621527
2025.03.30 12:14:25 aiogram.event        INFO     Update id=511588992 is handled. Duration 1 ms by bot id=8095621527
2025.03.30 12:14:25 core.spotify_handler INFO     Playlist məlumatları əldə edilir: 5VD28AniCeC0sg29Y1XJex
2025.03.30 12:14:29 core.webprofile      INFO     firefox brauzerindən cookies istifadə edilir.
2025.03.30 12:14:29 core.webprofile      INFO     ['Mozilla/5.0 (Windows NT 10.0; Win64; x64; rv:120.0) Gecko/20100101 Firefox/120.0', 'Mozilla/5.0 (Windows NT 10.0; Win64; x64) AppleWebKit/537.36 (KHTML, like Gecko) Chrome/122.0.0.0 Safari/537.36', 'Mozilla/5.0 (Macintosh; Intel Mac OS X 10_15_7) AppleWebKit/537.36 (KHTML, like Gecko) Chrome/122.0.0.0 Safari/537.36', 'Mozilla/5.0 (X11; Linux x86_64) AppleWebKit/537.36 (KHTML, like Gecko) Chrome/122.0.0.0 Safari/537.36', 'Mozilla/5.0 (Windows NT 10.0; Win64; x64) AppleWebKit/537.36 (KHTML, like Gecko) Edge/120.0.0.0 Safari/537.36', 'Mozilla/5.0 (iPhone; CPU iPhone OS 17_2 like Mac OS X) AppleWebKit/605.1.15 (KHTML, like Gecko) Version/17.2 Mobile/15E148 Safari/604.1', 'Mozilla/5.0 (iPad; CPU OS 17_2 like Mac OS X) AppleWebKit/605.1.15 (KHTML, like Gecko) Version/17.2 Mobile/15E148 Safari/604.1', 'Mozilla/5.0 (Linux; Android 14; SM-G998B) AppleWebKit/537.36 (KHTML, like Gecko) Chrome/122.0.0.0 Mobile Safari/537.36', 'Mozilla/5.0 (Linux; Android 14; Pixel 8 Pro) AppleWebKit/537.36 (KHTML, like Gecko) Chrome/122.0.0.0 Mobile Safari/537.36', 'Mozilla/5.0 (X11; Ubuntu; Linux x86_64; rv:120.0) Gecko/20100101 Firefox/120.0'] yüklənilən useragentlər.
2025.03.30 12:14:29 aiogram.event        INFO     Update id=511588993 is not handled. Duration 343 ms by bot id=8095621527
2025.03.30 12:14:36 core.spotify_handler INFO     Metadata uğurla əlavə edildi: download/download/Flow Benassi.m4a
2025.03.30 12:14:37 plugins.spotify_plugin INFO     ilgarrx tərəfindən spotify_playlist mahnısı uğurla qeyd edildi
2025.03.30 12:14:37 core.webprofile      INFO     firefox brauzerindən cookies istifadə edilir.
2025.03.30 12:14:37 core.webprofile      INFO     ['Mozilla/5.0 (Windows NT 10.0; Win64; x64; rv:120.0) Gecko/20100101 Firefox/120.0', 'Mozilla/5.0 (Windows NT 10.0; Win64; x64) AppleWebKit/537.36 (KHTML, like Gecko) Chrome/122.0.0.0 Safari/537.36', 'Mozilla/5.0 (Macintosh; Intel Mac OS X 10_15_7) AppleWebKit/537.36 (KHTML, like Gecko) Chrome/122.0.0.0 Safari/537.36', 'Mozilla/5.0 (X11; Linux x86_64) AppleWebKit/537.36 (KHTML, like Gecko) Chrome/122.0.0.0 Safari/537.36', 'Mozilla/5.0 (Windows NT 10.0; Win64; x64) AppleWebKit/537.36 (KHTML, like Gecko) Edge/120.0.0.0 Safari/537.36', 'Mozilla/5.0 (iPhone; CPU iPhone OS 17_2 like Mac OS X) AppleWebKit/605.1.15 (KHTML, like Gecko) Version/17.2 Mobile/15E148 Safari/604.1', 'Mozilla/5.0 (iPad; CPU OS 17_2 like Mac OS X) AppleWebKit/605.1.15 (KHTML, like Gecko) Version/17.2 Mobile/15E148 Safari/604.1', 'Mozilla/5.0 (Linux; Android 14; SM-G998B) AppleWebKit/537.36 (KHTML, like Gecko) Chrome/122.0.0.0 Mobile Safari/537.36', 'Mozilla/5.0 (Linux; Android 14; Pixel 8 Pro) AppleWebKit/537.36 (KHTML, like Gecko) Chrome/122.0.0.0 Mobile Safari/537.36', 'Mozilla/5.0 (X11; Ubuntu; Linux x86_64; rv:120.0) Gecko/20100101 Firefox/120.0'] yüklənilən useragentlər.
2025.03.30 12:14:43 core.spotify_handler INFO     Metadata uğurla əlavə edildi: download/download/Ela Joga na Hora.m4a
2025.03.30 12:14:43 plugins.spotify_plugin INFO     ilgarrx tərəfindən spotify_playlist mahnısı uğurla qeyd edildi
2025.03.30 12:14:43 core.webprofile      INFO     firefox brauzerindən cookies istifadə edilir.
2025.03.30 12:14:43 core.webprofile      INFO     ['Mozilla/5.0 (Windows NT 10.0; Win64; x64; rv:120.0) Gecko/20100101 Firefox/120.0', 'Mozilla/5.0 (Windows NT 10.0; Win64; x64) AppleWebKit/537.36 (KHTML, like Gecko) Chrome/122.0.0.0 Safari/537.36', 'Mozilla/5.0 (Macintosh; Intel Mac OS X 10_15_7) AppleWebKit/537.36 (KHTML, like Gecko) Chrome/122.0.0.0 Safari/537.36', 'Mozilla/5.0 (X11; Linux x86_64) AppleWebKit/537.36 (KHTML, like Gecko) Chrome/122.0.0.0 Safari/537.36', 'Mozilla/5.0 (Windows NT 10.0; Win64; x64) AppleWebKit/537.36 (KHTML, like Gecko) Edge/120.0.0.0 Safari/537.36', 'Mozilla/5.0 (iPhone; CPU iPhone OS 17_2 like Mac OS X) AppleWebKit/605.1.15 (KHTML, like Gecko) Version/17.2 Mobile/15E148 Safari/604.1', 'Mozilla/5.0 (iPad; CPU OS 17_2 like Mac OS X) AppleWebKit/605.1.15 (KHTML, like Gecko) Version/17.2 Mobile/15E148 Safari/604.1', 'Mozilla/5.0 (Linux; Android 14; SM-G998B) AppleWebKit/537.36 (KHTML, like Gecko) Chrome/122.0.0.0 Mobile Safari/537.36', 'Mozilla/5.0 (Linux; Android 14; Pixel 8 Pro) AppleWebKit/537.36 (KHTML, like Gecko) Chrome/122.0.0.0 Mobile Safari/537.36', 'Mozilla/5.0 (X11; Ubuntu; Linux x86_64; rv:120.0) Gecko/20100101 Firefox/120.0'] yüklənilən useragentlər.
2025.03.30 12:14:48 core.spotify_handler INFO     Metadata uğurla əlavə edildi: download/download/Afrodisiak - Furilla Mix.m4a
2025.03.30 12:14:49 plugins.spotify_plugin INFO     ilgarrx tərəfindən spotify_playlist mahnısı uğurla qeyd edildi
2025.03.30 12:14:49 core.webprofile      INFO     firefox brauzerindən cookies istifadə edilir.
2025.03.30 12:14:49 core.webprofile      INFO     ['Mozilla/5.0 (Windows NT 10.0; Win64; x64; rv:120.0) Gecko/20100101 Firefox/120.0', 'Mozilla/5.0 (Windows NT 10.0; Win64; x64) AppleWebKit/537.36 (KHTML, like Gecko) Chrome/122.0.0.0 Safari/537.36', 'Mozilla/5.0 (Macintosh; Intel Mac OS X 10_15_7) AppleWebKit/537.36 (KHTML, like Gecko) Chrome/122.0.0.0 Safari/537.36', 'Mozilla/5.0 (X11; Linux x86_64) AppleWebKit/537.36 (KHTML, like Gecko) Chrome/122.0.0.0 Safari/537.36', 'Mozilla/5.0 (Windows NT 10.0; Win64; x64) AppleWebKit/537.36 (KHTML, like Gecko) Edge/120.0.0.0 Safari/537.36', 'Mozilla/5.0 (iPhone; CPU iPhone OS 17_2 like Mac OS X) AppleWebKit/605.1.15 (KHTML, like Gecko) Version/17.2 Mobile/15E148 Safari/604.1', 'Mozilla/5.0 (iPad; CPU OS 17_2 like Mac OS X) AppleWebKit/605.1.15 (KHTML, like Gecko) Version/17.2 Mobile/15E148 Safari/604.1', 'Mozilla/5.0 (Linux; Android 14; SM-G998B) AppleWebKit/537.36 (KHTML, like Gecko) Chrome/122.0.0.0 Mobile Safari/537.36', 'Mozilla/5.0 (Linux; Android 14; Pixel 8 Pro) AppleWebKit/537.36 (KHTML, like Gecko) Chrome/122.0.0.0 Mobile Safari/537.36', 'Mozilla/5.0 (X11; Ubuntu; Linux x86_64; rv:120.0) Gecko/20100101 Firefox/120.0'] yüklənilən useragentlər.
2025.03.30 12:14:55 core.spotify_handler INFO     Metadata uğurla əlavə edildi: download/download/Black Night.m4a
2025.03.30 12:14:55 plugins.spotify_plugin INFO     ilgarrx tərəfindən spotify_playlist mahnısı uğurla qeyd edildi
2025.03.30 12:14:55 core.webprofile      INFO     firefox brauzerindən cookies istifadə edilir.
2025.03.30 12:14:55 core.webprofile      INFO     ['Mozilla/5.0 (Windows NT 10.0; Win64; x64; rv:120.0) Gecko/20100101 Firefox/120.0', 'Mozilla/5.0 (Windows NT 10.0; Win64; x64) AppleWebKit/537.36 (KHTML, like Gecko) Chrome/122.0.0.0 Safari/537.36', 'Mozilla/5.0 (Macintosh; Intel Mac OS X 10_15_7) AppleWebKit/537.36 (KHTML, like Gecko) Chrome/122.0.0.0 Safari/537.36', 'Mozilla/5.0 (X11; Linux x86_64) AppleWebKit/537.36 (KHTML, like Gecko) Chrome/122.0.0.0 Safari/537.36', 'Mozilla/5.0 (Windows NT 10.0; Win64; x64) AppleWebKit/537.36 (KHTML, like Gecko) Edge/120.0.0.0 Safari/537.36', 'Mozilla/5.0 (iPhone; CPU iPhone OS 17_2 like Mac OS X) AppleWebKit/605.1.15 (KHTML, like Gecko) Version/17.2 Mobile/15E148 Safari/604.1', 'Mozilla/5.0 (iPad; CPU OS 17_2 like Mac OS X) AppleWebKit/605.1.15 (KHTML, like Gecko) Version/17.2 Mobile/15E148 Safari/604.1', 'Mozilla/5.0 (Linux; Android 14; SM-G998B) AppleWebKit/537.36 (KHTML, like Gecko) Chrome/122.0.0.0 Mobile Safari/537.36', 'Mozilla/5.0 (Linux; Android 14; Pixel 8 Pro) AppleWebKit/537.36 (KHTML, like Gecko) Chrome/122.0.0.0 Mobile Safari/537.36', 'Mozilla/5.0 (X11; Ubuntu; Linux x86_64; rv:120.0) Gecko/20100101 Firefox/120.0'] yüklənilən useragentlər.
2025.03.30 12:15:05 aiogram.event        INFO     Update id=511588994 is handled. Duration 5673 ms by bot id=8095621527
2025.03.30 12:16:01 aiogram.event        INFO     Update id=511588995 is handled. Duration 0 ms by bot id=8095621527
2025.03.30 12:16:27 aiogram.event        INFO     Update id=511588996 is handled. Duration 0 ms by bot id=8095621527
2025.03.30 12:18:52 aiogram.event        INFO     Update id=511588997 is not handled. Duration 1 ms by bot id=8095621527
2025.03.30 12:19:03 aiogram.dispatcher   WARNING  Received SIGINT signal
2025.03.30 12:19:03 aiogram.dispatcher   INFO     Polling stopped for bot @dllmasterbot id=8095621527 - 'DLLMaster for Music'
2025.03.30 12:19:03 aiogram.dispatcher   INFO     Polling stopped
2025.03.30 12:19:03 __main__             INFO     🛑 Polling stopped
2025.03.30 12:19:03 __main__             INFO     🔴 Bot stopped
2025.03.30 12:19:44 __main__             INFO     🤖 Starting bot...
2025.03.30 12:19:44 __main__             INFO     🚀 Starting bot initialization...
2025.03.30 12:19:44 __main__             INFO     ✅ Database initialized successfully
2025.03.30 12:19:44 core.spotify_handler INFO     Spotify API ilə əlaqə quruldu.
2025.03.30 12:19:44 __main__             INFO     ✅ Spotify service initialized
2025.03.30 12:19:44 core.webprofile      ERROR    Useragentlər alınarkən xəta baş verdi: cannot access local variable 'selected_user_agent' where it is not associated with a value
2025.03.30 12:19:44 __main__             ERROR    ❌ Service initialization failed: Useragentlər alınarkən xəta: cannot access local variable 'selected_user_agent' where it is not associated with a value
Traceback (most recent call last):
  File "/home/admin/DLMaster/core/webprofile.py", line 34, in get_random_user_agent
    logger.info(f"{selected_user_agent} yüklənilən useragentlər.")
                   ^^^^^^^^^^^^^^^^^^^
UnboundLocalError: cannot access local variable 'selected_user_agent' where it is not associated with a value

During handling of the above exception, another exception occurred:

Traceback (most recent call last):
  File "/home/admin/DLMaster/app.py", line 147, in initialize_services
    self.youtube_playlist = YoutubeManagerPlaylist(browser=browser)
                            ^^^^^^^^^^^^^^^^^^^^^^^^^^^^^^^^^^^^^^^
  File "/home/admin/DLMaster/core/youtube_handler.py", line 25, in __init__
    'User-Agent': get_random_user_agent()
                  ^^^^^^^^^^^^^^^^^^^^^^^
  File "/home/admin/DLMaster/core/webprofile.py", line 38, in get_random_user_agent
    raise RuntimeError(f"Useragentlər alınarkən xəta: {str(e)}")
RuntimeError: Useragentlər alınarkən xəta: cannot access local variable 'selected_user_agent' where it is not associated with a value
2025.03.30 12:19:44 __main__             CRITICAL 💥 Fatal error: Useragentlər alınarkən xəta: cannot access local variable 'selected_user_agent' where it is not associated with a value
Traceback (most recent call last):
  File "/home/admin/DLMaster/core/webprofile.py", line 34, in get_random_user_agent
    logger.info(f"{selected_user_agent} yüklənilən useragentlər.")
                   ^^^^^^^^^^^^^^^^^^^
UnboundLocalError: cannot access local variable 'selected_user_agent' where it is not associated with a value

During handling of the above exception, another exception occurred:

Traceback (most recent call last):
  File "/home/admin/DLMaster/app.py", line 215, in main
    await context.initialize_services()
  File "/home/admin/DLMaster/app.py", line 147, in initialize_services
    self.youtube_playlist = YoutubeManagerPlaylist(browser=browser)
                            ^^^^^^^^^^^^^^^^^^^^^^^^^^^^^^^^^^^^^^^
  File "/home/admin/DLMaster/core/youtube_handler.py", line 25, in __init__
    'User-Agent': get_random_user_agent()
                  ^^^^^^^^^^^^^^^^^^^^^^^
  File "/home/admin/DLMaster/core/webprofile.py", line 38, in get_random_user_agent
    raise RuntimeError(f"Useragentlər alınarkən xəta: {str(e)}")
RuntimeError: Useragentlər alınarkən xəta: cannot access local variable 'selected_user_agent' where it is not associated with a value
2025.03.30 12:19:44 __main__             INFO     🔴 Bot stopped
2025.03.30 12:19:44 __main__             CRITICAL 💥 Unhandled exception: Database.log_error() got an unexpected keyword argument 'level'
Traceback (most recent call last):
  File "/home/admin/DLMaster/core/webprofile.py", line 34, in get_random_user_agent
    logger.info(f"{selected_user_agent} yüklənilən useragentlər.")
                   ^^^^^^^^^^^^^^^^^^^
UnboundLocalError: cannot access local variable 'selected_user_agent' where it is not associated with a value

During handling of the above exception, another exception occurred:

Traceback (most recent call last):
  File "/home/admin/DLMaster/app.py", line 215, in main
    await context.initialize_services()
  File "/home/admin/DLMaster/app.py", line 147, in initialize_services
    self.youtube_playlist = YoutubeManagerPlaylist(browser=browser)
                            ^^^^^^^^^^^^^^^^^^^^^^^^^^^^^^^^^^^^^^^
  File "/home/admin/DLMaster/core/youtube_handler.py", line 25, in __init__
    'User-Agent': get_random_user_agent()
                  ^^^^^^^^^^^^^^^^^^^^^^^
  File "/home/admin/DLMaster/core/webprofile.py", line 38, in get_random_user_agent
    raise RuntimeError(f"Useragentlər alınarkən xəta: {str(e)}")
RuntimeError: Useragentlər alınarkən xəta: cannot access local variable 'selected_user_agent' where it is not associated with a value

During handling of the above exception, another exception occurred:

Traceback (most recent call last):
  File "/home/admin/DLMaster/app.py", line 240, in <module>
    asyncio.run(main())
  File "/usr/lib/python3.11/asyncio/runners.py", line 190, in run
    return runner.run(main)
           ^^^^^^^^^^^^^^^^
  File "/usr/lib/python3.11/asyncio/runners.py", line 118, in run
    return self._loop.run_until_complete(task)
           ^^^^^^^^^^^^^^^^^^^^^^^^^^^^^^^^^^^
  File "/usr/lib/python3.11/asyncio/base_events.py", line 653, in run_until_complete
    return future.result()
           ^^^^^^^^^^^^^^^
  File "/home/admin/DLMaster/app.py", line 227, in main
    context.db.log_error(f"Fatal error in main: {str(e)}", level="CRITICAL")
TypeError: Database.log_error() got an unexpected keyword argument 'level'
2025.03.30 12:21:27 __main__             INFO     🤖 Starting bot...
2025.03.30 12:21:27 __main__             INFO     🚀 Starting bot initialization...
2025.03.30 12:21:27 __main__             INFO     ✅ Database initialized successfully
2025.03.30 12:21:27 core.spotify_handler INFO     Spotify API ilə əlaqə quruldu.
2025.03.30 12:21:27 __main__             INFO     ✅ Spotify service initialized
2025.03.30 12:21:27 core.webprofile      ERROR    Useragentlər alınarkən xəta baş verdi: name 'user_agent' is not defined
2025.03.30 12:21:27 __main__             ERROR    ❌ Service initialization failed: Useragentlər alınarkən xəta: name 'user_agent' is not defined
Traceback (most recent call last):
  File "/home/admin/DLMaster/core/webprofile.py", line 34, in get_random_user_agent
    logger.info(f"Seçilmiş User-Agent: {user_agent}")
                                        ^^^^^^^^^^
NameError: name 'user_agent' is not defined

During handling of the above exception, another exception occurred:

Traceback (most recent call last):
  File "/home/admin/DLMaster/app.py", line 147, in initialize_services
    self.youtube_playlist = YoutubeManagerPlaylist(browser=browser)
                            ^^^^^^^^^^^^^^^^^^^^^^^^^^^^^^^^^^^^^^^
  File "/home/admin/DLMaster/core/youtube_handler.py", line 25, in __init__
    'User-Agent': get_random_user_agent()
                  ^^^^^^^^^^^^^^^^^^^^^^^
  File "/home/admin/DLMaster/core/webprofile.py", line 38, in get_random_user_agent
    raise RuntimeError(f"Useragentlər alınarkən xəta: {str(e)}")
RuntimeError: Useragentlər alınarkən xəta: name 'user_agent' is not defined
2025.03.30 12:21:27 __main__             CRITICAL 💥 Fatal error: Useragentlər alınarkən xəta: name 'user_agent' is not defined
Traceback (most recent call last):
  File "/home/admin/DLMaster/core/webprofile.py", line 34, in get_random_user_agent
    logger.info(f"Seçilmiş User-Agent: {user_agent}")
                                        ^^^^^^^^^^
NameError: name 'user_agent' is not defined

During handling of the above exception, another exception occurred:

Traceback (most recent call last):
  File "/home/admin/DLMaster/app.py", line 215, in main
    await context.initialize_services()
  File "/home/admin/DLMaster/app.py", line 147, in initialize_services
    self.youtube_playlist = YoutubeManagerPlaylist(browser=browser)
                            ^^^^^^^^^^^^^^^^^^^^^^^^^^^^^^^^^^^^^^^
  File "/home/admin/DLMaster/core/youtube_handler.py", line 25, in __init__
    'User-Agent': get_random_user_agent()
                  ^^^^^^^^^^^^^^^^^^^^^^^
  File "/home/admin/DLMaster/core/webprofile.py", line 38, in get_random_user_agent
    raise RuntimeError(f"Useragentlər alınarkən xəta: {str(e)}")
RuntimeError: Useragentlər alınarkən xəta: name 'user_agent' is not defined
2025.03.30 12:21:27 __main__             INFO     🔴 Bot stopped
2025.03.30 12:21:27 __main__             CRITICAL 💥 Unhandled exception: Database.log_error() got an unexpected keyword argument 'level'
Traceback (most recent call last):
  File "/home/admin/DLMaster/core/webprofile.py", line 34, in get_random_user_agent
    logger.info(f"Seçilmiş User-Agent: {user_agent}")
                                        ^^^^^^^^^^
NameError: name 'user_agent' is not defined

During handling of the above exception, another exception occurred:

Traceback (most recent call last):
  File "/home/admin/DLMaster/app.py", line 215, in main
    await context.initialize_services()
  File "/home/admin/DLMaster/app.py", line 147, in initialize_services
    self.youtube_playlist = YoutubeManagerPlaylist(browser=browser)
                            ^^^^^^^^^^^^^^^^^^^^^^^^^^^^^^^^^^^^^^^
  File "/home/admin/DLMaster/core/youtube_handler.py", line 25, in __init__
    'User-Agent': get_random_user_agent()
                  ^^^^^^^^^^^^^^^^^^^^^^^
  File "/home/admin/DLMaster/core/webprofile.py", line 38, in get_random_user_agent
    raise RuntimeError(f"Useragentlər alınarkən xəta: {str(e)}")
RuntimeError: Useragentlər alınarkən xəta: name 'user_agent' is not defined

During handling of the above exception, another exception occurred:

Traceback (most recent call last):
  File "/home/admin/DLMaster/app.py", line 240, in <module>
    asyncio.run(main())
  File "/usr/lib/python3.11/asyncio/runners.py", line 190, in run
    return runner.run(main)
           ^^^^^^^^^^^^^^^^
  File "/usr/lib/python3.11/asyncio/runners.py", line 118, in run
    return self._loop.run_until_complete(task)
           ^^^^^^^^^^^^^^^^^^^^^^^^^^^^^^^^^^^
  File "/usr/lib/python3.11/asyncio/base_events.py", line 653, in run_until_complete
    return future.result()
           ^^^^^^^^^^^^^^^
  File "/home/admin/DLMaster/app.py", line 227, in main
    context.db.log_error(f"Fatal error in main: {str(e)}", level="CRITICAL")
TypeError: Database.log_error() got an unexpected keyword argument 'level'
2025.03.30 12:22:38 __main__             INFO     🤖 Starting bot...
2025.03.30 12:22:38 __main__             INFO     🚀 Starting bot initialization...
2025.03.30 12:22:38 __main__             INFO     ✅ Database initialized successfully
2025.03.30 12:22:38 core.spotify_handler INFO     Spotify API ilə əlaqə quruldu.
2025.03.30 12:22:38 __main__             INFO     ✅ Spotify service initialized
2025.03.30 12:22:38 core.webprofile      INFO     Seçilmiş User-Agent: Mozilla/5.0 (Linux; Android 14; Pixel 8 Pro) AppleWebKit/537.36 (KHTML, like Gecko) Chrome/122.0.0.0 Mobile Safari/537.36
2025.03.30 12:22:38 core.youtube_handler INFO     firefox brauzerindən cookies istifadə edilir.
2025.03.30 12:22:38 __main__             INFO     ✅ YouTube services initialized (firefox)
2025.03.30 12:22:38 __main__             INFO     🔌 Loading plugins...
2025.03.30 12:22:38 __main__             INFO     🔍 Scanning plugins in: plugins
2025.03.30 12:22:38 __main__             INFO     🔄 Loading: plugins.spotify_plugin
2025.03.30 12:22:38 __main__             INFO     ✅ Loaded (sync): plugins.spotify_plugin
2025.03.30 12:22:38 __main__             INFO     🔄 Loading: plugins.menu_plugin
2025.03.30 12:22:38 __main__             INFO     ✅ Loaded (sync): plugins.menu_plugin
2025.03.30 12:22:38 __main__             INFO     🔄 Loading: plugins.sudo_plugin
2025.03.30 12:22:38 __main__             INFO     ✅ Loaded (sync): plugins.sudo_plugin
2025.03.30 12:22:38 __main__             INFO     🔄 Loading: plugins.youtube_plugin
2025.03.30 12:22:38 __main__             INFO     ✅ Loaded (sync): plugins.youtube_plugin
2025.03.30 12:22:38 __main__             INFO     🔄 Loading: plugins.neofetch_plugin
2025.03.30 12:22:38 __main__             INFO     ✅ Loaded (sync): plugins.neofetch_plugin
2025.03.30 12:22:38 __main__             INFO     🔄 Loading: plugins.report_plugin
2025.03.30 12:22:38 __main__             INFO     ✅ Loaded (async): plugins.report_plugin
2025.03.30 12:22:38 __main__             INFO     🔄 Loading: plugins.del_plugin
2025.03.30 12:22:38 __main__             INFO     ✅ Loaded (sync): plugins.del_plugin
2025.03.30 12:22:38 __main__             INFO     🔄 Loading: plugins.music_plugin
2025.03.30 12:22:38 __main__             INFO     ✅ Loaded (sync): plugins.music_plugin
2025.03.30 12:22:38 __main__             INFO     🔄 Loading: plugins.start_plugin
2025.03.30 12:22:38 __main__             INFO     ✅ Loaded (async): plugins.start_plugin
2025.03.30 12:22:38 __main__             INFO     🔄 Loading: plugins.broadcast_plugin
2025.03.30 12:22:38 __main__             INFO     ✅ Loaded (sync): plugins.broadcast_plugin
2025.03.30 12:22:38 __main__             INFO     🔄 Loading: plugins.speedtest_plugin
2025.03.30 12:22:38 __main__             INFO     ✅ Loaded (sync): plugins.speedtest_plugin
2025.03.30 12:22:38 __main__             INFO     🔄 Loading: plugins.bot_logs
2025.03.30 12:22:38 __main__             INFO     ✅ Loaded (async): plugins.bot_logs
2025.03.30 12:22:38 __main__             INFO     🚀 Starting polling...
2025.03.30 12:22:38 aiogram.dispatcher   INFO     Start polling
2025.03.30 12:22:38 aiogram.dispatcher   INFO     Run polling for bot @dllmasterbot id=8095621527 - 'DLLMaster for Music'
2025.03.30 12:22:38 aiogram.event        INFO     Update id=511588998 is not handled. Duration 8 ms by bot id=8095621527
2025.03.30 12:22:38 aiogram.event        INFO     Update id=511588999 is not handled. Duration 9 ms by bot id=8095621527
2025.03.30 12:22:38 aiogram.event        INFO     Update id=511589000 is not handled. Duration 9 ms by bot id=8095621527
2025.03.30 12:22:38 aiogram.event        INFO     Update id=511589001 is not handled. Duration 9 ms by bot id=8095621527
2025.03.30 12:22:38 aiogram.event        INFO     Update id=511589002 is not handled. Duration 10 ms by bot id=8095621527
2025.03.30 12:22:38 aiogram.event        INFO     Update id=511589003 is not handled. Duration 6 ms by bot id=8095621527
2025.03.30 12:22:38 aiogram.event        INFO     Update id=511589004 is not handled. Duration 6 ms by bot id=8095621527
2025.03.30 12:22:46 aiogram.event        INFO     Update id=511589005 is not handled. Duration 1 ms by bot id=8095621527
2025.03.30 12:22:46 aiogram.event        INFO     Update id=511589006 is handled. Duration 0 ms by bot id=8095621527
2025.03.30 12:22:46 core.spotify_handler INFO     Playlist məlumatları əldə edilir: 5VD28AniCeC0sg29Y1XJex
2025.03.30 12:22:50 core.webprofile      INFO     firefox brauzerindən cookies istifadə edilir.
2025.03.30 12:22:50 core.webprofile      INFO     Seçilmiş User-Agent: Mozilla/5.0 (X11; Ubuntu; Linux x86_64; rv:120.0) Gecko/20100101 Firefox/120.0
2025.03.30 12:22:50 aiogram.event        INFO     Update id=511589007 is not handled. Duration 16 ms by bot id=8095621527
2025.03.30 12:22:56 core.spotify_handler INFO     Metadata uğurla əlavə edildi: download/download/Flow Benassi.m4a
2025.03.30 12:22:57 plugins.spotify_plugin INFO     ilgarrx tərəfindən spotify_playlist mahnısı uğurla qeyd edildi
2025.03.30 12:22:57 core.webprofile      INFO     firefox brauzerindən cookies istifadə edilir.
2025.03.30 12:22:57 core.webprofile      INFO     Seçilmiş User-Agent: Mozilla/5.0 (iPad; CPU OS 17_2 like Mac OS X) AppleWebKit/605.1.15 (KHTML, like Gecko) Version/17.2 Mobile/15E148 Safari/604.1
2025.03.30 12:22:58 aiogram.event        INFO     Update id=511589008 is not handled. Duration 1 ms by bot id=8095621527
2025.03.30 12:23:03 core.spotify_handler INFO     Metadata uğurla əlavə edildi: download/download/Ela Joga na Hora.m4a
2025.03.30 12:23:03 plugins.spotify_plugin ERROR    Mahnı yüklənərkən xəta: Ela Joga na Hora - HTTP Client says - ClientOSError: [Errno 104] Connection reset by peer
2025.03.30 12:23:04 core.webprofile      INFO     firefox brauzerindən cookies istifadə edilir.
2025.03.30 12:23:04 core.webprofile      INFO     Seçilmiş User-Agent: Mozilla/5.0 (Windows NT 10.0; Win64; x64; rv:120.0) Gecko/20100101 Firefox/120.0
2025.03.30 12:23:04 aiogram.event        INFO     Update id=511589009 is not handled. Duration 1 ms by bot id=8095621527
2025.03.30 12:23:06 aiogram.event        INFO     Update id=511589010 is not handled. Duration 4 ms by bot id=8095621527
2025.03.30 12:23:09 core.spotify_handler INFO     Metadata uğurla əlavə edildi: download/download/Afrodisiak - Furilla Mix.m4a
2025.03.30 12:23:09 aiogram.event        INFO     Update id=511589011 is not handled. Duration 2 ms by bot id=8095621527
2025.03.30 12:23:10 plugins.spotify_plugin INFO     ilgarrx tərəfindən spotify_playlist mahnısı uğurla qeyd edildi
2025.03.30 12:23:10 core.webprofile      INFO     firefox brauzerindən cookies istifadə edilir.
2025.03.30 12:23:10 core.webprofile      INFO     Seçilmiş User-Agent: Mozilla/5.0 (X11; Linux x86_64) AppleWebKit/537.36 (KHTML, like Gecko) Chrome/122.0.0.0 Safari/537.36
2025.03.30 12:23:12 aiogram.event        INFO     Update id=511589012 is not handled. Duration 1 ms by bot id=8095621527
2025.03.30 12:23:14 aiogram.event        INFO     Update id=511589013 is not handled. Duration 58 ms by bot id=8095621527
2025.03.30 12:23:15 core.spotify_handler INFO     Metadata uğurla əlavə edildi: download/download/Black Night.m4a
2025.03.30 12:23:16 plugins.spotify_plugin INFO     ilgarrx tərəfindən spotify_playlist mahnısı uğurla qeyd edildi
2025.03.30 12:23:16 core.webprofile      INFO     firefox brauzerindən cookies istifadə edilir.
2025.03.30 12:23:16 core.webprofile      INFO     Seçilmiş User-Agent: Mozilla/5.0 (iPhone; CPU iPhone OS 17_2 like Mac OS X) AppleWebKit/605.1.15 (KHTML, like Gecko) Version/17.2 Mobile/15E148 Safari/604.1
2025.03.30 12:23:21 core.spotify_handler INFO     Metadata uğurla əlavə edildi: download/download/Agachate.m4a
2025.03.30 12:23:22 plugins.spotify_plugin INFO     ilgarrx tərəfindən spotify_playlist mahnısı uğurla qeyd edildi
2025.03.30 12:23:22 core.webprofile      INFO     firefox brauzerindən cookies istifadə edilir.
2025.03.30 12:23:22 core.webprofile      INFO     Seçilmiş User-Agent: Mozilla/5.0 (Windows NT 10.0; Win64; x64) AppleWebKit/537.36 (KHTML, like Gecko) Edge/120.0.0.0 Safari/537.36
2025.03.30 12:23:28 aiogram.event        INFO     Update id=511589014 is handled. Duration 5265 ms by bot id=8095621527
2025.03.30 12:23:45 aiogram.event        INFO     Update id=511589015 is handled. Duration 282 ms by bot id=8095621527
2025.03.30 12:23:47 aiogram.event        INFO     Update id=511589016 is not handled. Duration 1 ms by bot id=8095621527
2025.03.30 12:24:02 aiogram.event        INFO     Update id=511589017 is not handled. Duration 2 ms by bot id=8095621527
2025.03.30 12:24:25 aiogram.event        INFO     Update id=511589018 is not handled. Duration 1 ms by bot id=8095621527
2025.03.30 12:24:50 aiogram.event        INFO     Update id=511589019 is not handled. Duration 1 ms by bot id=8095621527
2025.03.30 12:24:59 aiogram.event        INFO     Update id=511589020 is not handled. Duration 1 ms by bot id=8095621527
2025.03.30 12:25:09 aiogram.event        INFO     Update id=511589021 is not handled. Duration 12 ms by bot id=8095621527
2025.03.30 12:25:12 core.webprofile      INFO     firefox brauzerindən cookies istifadə edilir.
2025.03.30 12:25:12 core.webprofile      INFO     Seçilmiş User-Agent: Mozilla/5.0 (X11; Ubuntu; Linux x86_64; rv:120.0) Gecko/20100101 Firefox/120.0
2025.03.30 12:25:15 aiogram.event        INFO     Update id=511589022 is handled. Duration 2675 ms by bot id=8095621527
2025.03.30 12:25:17 aiogram.event        INFO     Update id=511589023 is not handled. Duration 1 ms by bot id=8095621527
2025.03.30 12:25:17 core.webprofile      INFO     firefox brauzerindən cookies istifadə edilir.
2025.03.30 12:25:17 core.webprofile      INFO     Seçilmiş User-Agent: Mozilla/5.0 (Macintosh; Intel Mac OS X 10_15_7) AppleWebKit/537.36 (KHTML, like Gecko) Chrome/122.0.0.0 Safari/537.36
2025.03.30 12:25:23 aiogram.event        INFO     Update id=511589024 is handled. Duration 5489 ms by bot id=8095621527
2025.03.30 12:25:26 aiogram.event        INFO     Update id=511589026 is not handled. Duration 1 ms by bot id=8095621527
2025.03.30 12:25:37 aiogram.event        INFO     Update id=511589027 is not handled. Duration 1 ms by bot id=8095621527
2025.03.30 12:25:38 aiogram.event        INFO     Update id=511589025 is handled. Duration 20104 ms by bot id=8095621527
2025.03.30 12:25:47 aiogram.event        INFO     Update id=511589028 is not handled. Duration 1 ms by bot id=8095621527
2025.03.30 12:26:30 aiogram.event        INFO     Update id=511589029 is not handled. Duration 1 ms by bot id=8095621527
2025.03.30 12:26:32 aiogram.event        INFO     Update id=511589030 is not handled. Duration 1 ms by bot id=8095621527
2025.03.30 12:26:48 aiogram.event        INFO     Update id=511589031 is not handled. Duration 2 ms by bot id=8095621527
2025.03.30 12:27:01 aiogram.event        INFO     Update id=511589032 is not handled. Duration 2 ms by bot id=8095621527
2025.03.30 12:27:21 aiogram.event        INFO     Update id=511589033 is not handled. Duration 0 ms by bot id=8095621527
2025.03.30 12:28:17 aiogram.event        INFO     Update id=511589034 is not handled. Duration 1 ms by bot id=8095621527
2025.03.30 12:28:27 aiogram.event        INFO     Update id=511589035 is not handled. Duration 1 ms by bot id=8095621527
2025.03.30 12:28:49 aiogram.event        INFO     Update id=511589036 is not handled. Duration 1 ms by bot id=8095621527
2025.03.30 12:28:50 aiogram.event        INFO     Update id=511589037 is not handled. Duration 1 ms by bot id=8095621527
2025.03.30 12:28:52 aiogram.event        INFO     Update id=511589038 is handled. Duration 0 ms by bot id=8095621527
2025.03.30 12:28:52 aiogram.event        INFO     Update id=511589039 is not handled. Duration 1 ms by bot id=8095621527
2025.03.30 12:29:01 aiogram.event        INFO     Update id=511589040 is not handled. Duration 3 ms by bot id=8095621527
2025.03.30 12:29:09 aiogram.event        INFO     Update id=511589041 is handled. Duration 0 ms by bot id=8095621527
2025.03.30 12:29:10 aiogram.event        INFO     Update id=511589042 is not handled. Duration 1 ms by bot id=8095621527
2025.03.30 12:29:13 aiogram.event        INFO     Update id=511589043 is not handled. Duration 1 ms by bot id=8095621527
2025.03.30 12:29:24 aiogram.event        INFO     Update id=511589045 is not handled. Duration 2 ms by bot id=8095621527
2025.03.30 12:29:29 aiogram.event        INFO     Update id=511589046 is not handled. Duration 1 ms by bot id=8095621527
2025.03.30 12:29:36 aiogram.event        INFO     Update id=511589044 is handled. Duration 20357 ms by bot id=8095621527
2025.03.30 12:29:39 core.webprofile      INFO     firefox brauzerindən cookies istifadə edilir.
2025.03.30 12:29:39 core.webprofile      INFO     Seçilmiş User-Agent: Mozilla/5.0 (X11; Ubuntu; Linux x86_64; rv:120.0) Gecko/20100101 Firefox/120.0
2025.03.30 12:29:40 aiogram.event        INFO     Update id=511589048 is not handled. Duration 1 ms by bot id=8095621527
2025.03.30 12:29:41 aiogram.event        INFO     Update id=511589049 is handled. Duration 0 ms by bot id=8095621527
2025.03.30 12:29:43 aiogram.event        INFO     Update id=511589047 is handled. Duration 3333 ms by bot id=8095621527
2025.03.30 12:29:48 aiogram.event        INFO     Update id=511589050 is not handled. Duration 3 ms by bot id=8095621527
2025.03.30 12:29:48 aiogram.event        INFO     Update id=511589051 is not handled. Duration 3 ms by bot id=8095621527
2025.03.30 12:29:48 aiogram.event        INFO     Update id=511589052 is not handled. Duration 3 ms by bot id=8095621527
2025.03.30 12:29:48 aiogram.event        INFO     Update id=511589053 is not handled. Duration 4 ms by bot id=8095621527
2025.03.30 12:29:48 aiogram.event        INFO     Update id=511589054 is not handled. Duration 4 ms by bot id=8095621527
2025.03.30 12:29:57 aiogram.event        INFO     Update id=511589055 is not handled. Duration 1 ms by bot id=8095621527
2025.03.30 12:30:23 aiogram.event        INFO     Update id=511589056 is handled. Duration 0 ms by bot id=8095621527
2025.03.30 12:30:24 aiogram.event        INFO     Update id=511589057 is not handled. Duration 0 ms by bot id=8095621527
2025.03.30 12:30:30 aiogram.event        INFO     Update id=511589058 is handled. Duration 0 ms by bot id=8095621527
2025.03.30 12:30:30 aiogram.event        INFO     Update id=511589059 is not handled. Duration 4 ms by bot id=8095621527
2025.03.30 12:31:08 aiogram.event        INFO     Update id=511589060 is handled. Duration 0 ms by bot id=8095621527
2025.03.30 12:31:35 aiogram.event        INFO     Update id=511589061 is handled. Duration 0 ms by bot id=8095621527
2025.03.30 12:31:35 aiogram.event        INFO     Update id=511589062 is handled. Duration 0 ms by bot id=8095621527
2025.03.30 12:31:35 aiogram.event        INFO     Update id=511589063 is handled. Duration 0 ms by bot id=8095621527
2025.03.30 12:33:18 aiogram.event        INFO     Update id=511589064 is not handled. Duration 1 ms by bot id=8095621527
2025.03.30 12:36:18 aiogram.event        INFO     Update id=511589065 is not handled. Duration 1 ms by bot id=8095621527
2025.03.30 12:38:43 aiogram.event        INFO     Update id=511589066 is not handled. Duration 1 ms by bot id=8095621527
2025.03.30 12:39:02 aiogram.event        INFO     Update id=511589067 is not handled. Duration 1 ms by bot id=8095621527
2025.03.30 12:39:24 aiogram.event        INFO     Update id=511589068 is not handled. Duration 1 ms by bot id=8095621527
2025.03.30 12:41:39 aiogram.dispatcher   WARNING  Received SIGINT signal
2025.03.30 12:41:39 aiogram.dispatcher   INFO     Polling stopped for bot @dllmasterbot id=8095621527 - 'DLLMaster for Music'
2025.03.30 12:41:39 aiogram.dispatcher   INFO     Polling stopped
2025.03.30 12:41:39 __main__             INFO     🛑 Polling stopped
2025.03.30 12:41:39 __main__             INFO     🔴 Bot stopped
2025.03.30 12:41:45 __main__             INFO     🤖 Starting bot...
2025.03.30 12:41:45 __main__             INFO     🚀 Starting bot initialization...
2025.03.30 12:41:45 __main__             INFO     ✅ Database initialized successfully
2025.03.30 12:41:45 core.spotify_handler INFO     Spotify API ilə əlaqə quruldu.
2025.03.30 12:41:45 __main__             INFO     ✅ Spotify service initialized
2025.03.30 12:41:45 core.webprofile      INFO     Seçilmiş User-Agent: Mozilla/5.0 (Linux; Android 14; Pixel 8 Pro) AppleWebKit/537.36 (KHTML, like Gecko) Chrome/122.0.0.0 Mobile Safari/537.36
2025.03.30 12:41:45 core.youtube_handler INFO     firefox brauzerindən cookies istifadə edilir.
2025.03.30 12:41:45 __main__             INFO     ✅ YouTube services initialized (firefox)
2025.03.30 12:41:45 __main__             INFO     🔌 Loading plugins...
2025.03.30 12:41:45 __main__             INFO     🔍 Scanning plugins in: plugins
2025.03.30 12:41:45 __main__             INFO     🔄 Loading: plugins.spotify_plugin
2025.03.30 12:41:45 __main__             INFO     ✅ Loaded (sync): plugins.spotify_plugin
2025.03.30 12:41:45 __main__             INFO     🔄 Loading: plugins.menu_plugin
2025.03.30 12:41:45 __main__             INFO     ✅ Loaded (sync): plugins.menu_plugin
2025.03.30 12:41:45 __main__             INFO     🔄 Loading: plugins.sudo_plugin
2025.03.30 12:41:45 __main__             INFO     ✅ Loaded (sync): plugins.sudo_plugin
2025.03.30 12:41:45 __main__             INFO     🔄 Loading: plugins.youtube_plugin
2025.03.30 12:41:45 __main__             INFO     ✅ Loaded (sync): plugins.youtube_plugin
2025.03.30 12:41:45 __main__             INFO     🔄 Loading: plugins.neofetch_plugin
2025.03.30 12:41:45 __main__             INFO     ✅ Loaded (sync): plugins.neofetch_plugin
2025.03.30 12:41:45 __main__             INFO     🔄 Loading: plugins.report_plugin
2025.03.30 12:41:45 __main__             INFO     ✅ Loaded (async): plugins.report_plugin
2025.03.30 12:41:45 __main__             INFO     🔄 Loading: plugins.del_plugin
2025.03.30 12:41:45 __main__             INFO     ✅ Loaded (sync): plugins.del_plugin
2025.03.30 12:41:45 __main__             INFO     🔄 Loading: plugins.music_plugin
2025.03.30 12:41:45 __main__             INFO     ✅ Loaded (sync): plugins.music_plugin
2025.03.30 12:41:45 __main__             INFO     🔄 Loading: plugins.start_plugin
2025.03.30 12:41:45 __main__             INFO     ✅ Loaded (async): plugins.start_plugin
2025.03.30 12:41:45 __main__             INFO     🔄 Loading: plugins.broadcast_plugin
2025.03.30 12:41:45 __main__             INFO     ✅ Loaded (sync): plugins.broadcast_plugin
2025.03.30 12:41:45 __main__             INFO     🔄 Loading: plugins.speedtest_plugin
2025.03.30 12:41:45 __main__             INFO     ✅ Loaded (sync): plugins.speedtest_plugin
2025.03.30 12:41:45 __main__             INFO     🔄 Loading: plugins.bot_logs
2025.03.30 12:41:45 __main__             INFO     ✅ Loaded (async): plugins.bot_logs
2025.03.30 12:41:45 __main__             INFO     🚀 Starting polling...
2025.03.30 12:41:45 aiogram.dispatcher   INFO     Start polling
2025.03.30 12:41:45 aiogram.dispatcher   INFO     Run polling for bot @dllmasterbot id=8095621527 - 'DLLMaster for Music'
2025.03.30 12:41:54 aiogram.event        INFO     Update id=511589069 is handled. Duration 144 ms by bot id=8095621527
2025.03.30 12:42:04 aiogram.event        INFO     Update id=511589070 is handled. Duration 4369 ms by bot id=8095621527
2025.03.30 12:44:47 aiogram.dispatcher   WARNING  Received SIGINT signal
2025.03.30 12:44:47 aiogram.dispatcher   INFO     Polling stopped for bot @dllmasterbot id=8095621527 - 'DLLMaster for Music'
2025.03.30 12:44:47 aiogram.dispatcher   INFO     Polling stopped
2025.03.30 12:44:48 __main__             INFO     🛑 Polling stopped
2025.03.30 12:44:48 __main__             INFO     🔴 Bot stopped
2025.03.30 12:44:55 __main__             INFO     🤖 Starting bot...
2025.03.30 12:44:55 __main__             INFO     🚀 Starting bot initialization...
2025.03.30 12:44:55 __main__             INFO     ✅ Database initialized successfully
2025.03.30 12:44:55 core.spotify_handler INFO     Spotify API ilə əlaqə quruldu.
2025.03.30 12:44:55 __main__             INFO     ✅ Spotify service initialized
2025.03.30 12:44:55 core.webprofile      INFO     Seçilmiş User-Agent: Mozilla/5.0 (Macintosh; Intel Mac OS X 10_15_7) AppleWebKit/537.36 (KHTML, like Gecko) Chrome/122.0.0.0 Safari/537.36
2025.03.30 12:44:55 core.youtube_handler INFO     firefox brauzerindən cookies istifadə edilir.
2025.03.30 12:44:55 __main__             INFO     ✅ YouTube services initialized (firefox)
2025.03.30 12:44:55 __main__             INFO     🔌 Loading plugins...
2025.03.30 12:44:55 __main__             INFO     🔍 Scanning plugins in: plugins
2025.03.30 12:44:55 __main__             INFO     🔄 Loading: plugins.spotify_plugin
2025.03.30 12:44:55 __main__             INFO     ✅ Loaded (sync): plugins.spotify_plugin
2025.03.30 12:44:55 __main__             INFO     🔄 Loading: plugins.menu_plugin
2025.03.30 12:44:55 __main__             INFO     ✅ Loaded (sync): plugins.menu_plugin
2025.03.30 12:44:55 __main__             INFO     🔄 Loading: plugins.sudo_plugin
2025.03.30 12:44:55 __main__             INFO     ✅ Loaded (sync): plugins.sudo_plugin
2025.03.30 12:44:55 __main__             INFO     🔄 Loading: plugins.youtube_plugin
2025.03.30 12:44:55 __main__             INFO     ✅ Loaded (sync): plugins.youtube_plugin
2025.03.30 12:44:55 __main__             INFO     🔄 Loading: plugins.neofetch_plugin
2025.03.30 12:44:55 __main__             INFO     ✅ Loaded (sync): plugins.neofetch_plugin
2025.03.30 12:44:55 __main__             INFO     🔄 Loading: plugins.report_plugin
2025.03.30 12:44:55 __main__             INFO     ✅ Loaded (async): plugins.report_plugin
2025.03.30 12:44:55 __main__             INFO     🔄 Loading: plugins.del_plugin
2025.03.30 12:44:55 __main__             INFO     ✅ Loaded (sync): plugins.del_plugin
2025.03.30 12:44:55 __main__             INFO     🔄 Loading: plugins.music_plugin
2025.03.30 12:44:55 __main__             INFO     ✅ Loaded (sync): plugins.music_plugin
2025.03.30 12:44:55 __main__             INFO     🔄 Loading: plugins.start_plugin
2025.03.30 12:44:55 __main__             INFO     ✅ Loaded (async): plugins.start_plugin
2025.03.30 12:44:55 __main__             INFO     🔄 Loading: plugins.broadcast_plugin
2025.03.30 12:44:55 __main__             INFO     ✅ Loaded (sync): plugins.broadcast_plugin
2025.03.30 12:44:55 __main__             INFO     🔄 Loading: plugins.speedtest_plugin
2025.03.30 12:44:55 __main__             INFO     ✅ Loaded (sync): plugins.speedtest_plugin
2025.03.30 12:44:55 __main__             INFO     🔄 Loading: plugins.bot_logs
2025.03.30 12:44:55 __main__             INFO     ✅ Loaded (async): plugins.bot_logs
2025.03.30 12:44:55 __main__             INFO     🚀 Starting polling...
2025.03.30 12:44:55 aiogram.dispatcher   INFO     Start polling
2025.03.30 12:44:55 aiogram.dispatcher   INFO     Run polling for bot @dllmasterbot id=8095621527 - 'DLLMaster for Music'
2025.03.30 12:44:59 aiogram.event        INFO     Update id=511589071 is handled. Duration 185 ms by bot id=8095621527
2025.03.30 12:45:05 aiogram.event        INFO     Update id=511589072 is handled. Duration 4838 ms by bot id=8095621527
2025.03.30 12:45:37 aiogram.event        INFO     Update id=511589073 is handled. Duration 71 ms by bot id=8095621527
2025.03.30 12:45:43 aiogram.dispatcher   WARNING  Received SIGINT signal
2025.03.30 12:45:43 aiogram.dispatcher   INFO     Polling stopped for bot @dllmasterbot id=8095621527 - 'DLLMaster for Music'
2025.03.30 12:45:43 aiogram.dispatcher   INFO     Polling stopped
2025.03.30 12:45:44 __main__             INFO     🛑 Polling stopped
2025.03.30 12:45:44 __main__             INFO     🔴 Bot stopped
2025.03.30 12:45:51 __main__             INFO     🤖 Starting bot...
2025.03.30 12:45:51 __main__             INFO     🚀 Starting bot initialization...
2025.03.30 12:45:51 __main__             INFO     ✅ Database initialized successfully
2025.03.30 12:45:51 core.spotify_handler INFO     Spotify API ilə əlaqə quruldu.
2025.03.30 12:45:51 __main__             INFO     ✅ Spotify service initialized
2025.03.30 12:45:51 core.webprofile      INFO     Seçilmiş User-Agent: Mozilla/5.0 (Windows NT 10.0; Win64; x64; rv:120.0) Gecko/20100101 Firefox/120.0
2025.03.30 12:45:51 core.youtube_handler INFO     firefox brauzerindən cookies istifadə edilir.
2025.03.30 12:45:51 __main__             INFO     ✅ YouTube services initialized (firefox)
2025.03.30 12:45:51 __main__             INFO     🔌 Loading plugins...
2025.03.30 12:45:51 __main__             INFO     🔍 Scanning plugins in: plugins
2025.03.30 12:45:51 __main__             INFO     🔄 Loading: plugins.spotify_plugin
2025.03.30 12:45:51 __main__             INFO     ✅ Loaded (sync): plugins.spotify_plugin
2025.03.30 12:45:51 __main__             INFO     🔄 Loading: plugins.menu_plugin
2025.03.30 12:45:51 __main__             INFO     ✅ Loaded (sync): plugins.menu_plugin
2025.03.30 12:45:51 __main__             INFO     🔄 Loading: plugins.sudo_plugin
2025.03.30 12:45:51 __main__             INFO     ✅ Loaded (sync): plugins.sudo_plugin
2025.03.30 12:45:51 __main__             INFO     🔄 Loading: plugins.youtube_plugin
2025.03.30 12:45:51 __main__             INFO     ✅ Loaded (sync): plugins.youtube_plugin
2025.03.30 12:45:51 __main__             INFO     🔄 Loading: plugins.neofetch_plugin
2025.03.30 12:45:51 __main__             INFO     ✅ Loaded (sync): plugins.neofetch_plugin
2025.03.30 12:45:51 __main__             INFO     🔄 Loading: plugins.report_plugin
2025.03.30 12:45:51 __main__             INFO     ✅ Loaded (async): plugins.report_plugin
2025.03.30 12:45:51 __main__             INFO     🔄 Loading: plugins.del_plugin
2025.03.30 12:45:51 __main__             INFO     ✅ Loaded (sync): plugins.del_plugin
2025.03.30 12:45:51 __main__             INFO     🔄 Loading: plugins.music_plugin
2025.03.30 12:45:51 __main__             INFO     ✅ Loaded (sync): plugins.music_plugin
2025.03.30 12:45:51 __main__             INFO     🔄 Loading: plugins.start_plugin
2025.03.30 12:45:51 __main__             INFO     ✅ Loaded (async): plugins.start_plugin
2025.03.30 12:45:51 __main__             INFO     🔄 Loading: plugins.broadcast_plugin
2025.03.30 12:45:51 __main__             INFO     ✅ Loaded (sync): plugins.broadcast_plugin
2025.03.30 12:45:51 __main__             INFO     🔄 Loading: plugins.speedtest_plugin
2025.03.30 12:45:51 __main__             INFO     ✅ Loaded (sync): plugins.speedtest_plugin
2025.03.30 12:45:51 __main__             INFO     🔄 Loading: plugins.bot_logs
2025.03.30 12:45:51 __main__             INFO     ✅ Loaded (async): plugins.bot_logs
2025.03.30 12:45:51 __main__             INFO     🚀 Starting polling...
2025.03.30 12:45:51 aiogram.dispatcher   INFO     Start polling
2025.03.30 12:45:51 aiogram.dispatcher   INFO     Run polling for bot @dllmasterbot id=8095621527 - 'DLLMaster for Music'
2025.03.30 12:46:05 aiogram.event        INFO     Update id=511589074 is not handled. Duration 5 ms by bot id=8095621527
2025.03.30 12:46:05 aiogram.event        INFO     Update id=511589075 is not handled. Duration 5 ms by bot id=8095621527
2025.03.30 12:46:08 aiogram.event        INFO     Update id=511589076 is handled. Duration 2732 ms by bot id=8095621527
2025.03.30 12:46:10 aiogram.event        INFO     Update id=511589077 is handled. Duration 254 ms by bot id=8095621527
2025.03.30 12:46:13 aiogram.event        INFO     Update id=511589078 is handled. Duration 83 ms by bot id=8095621527
2025.03.30 12:46:14 aiogram.event        INFO     Update id=511589079 is handled. Duration 166 ms by bot id=8095621527
2025.03.30 12:47:12 aiogram.event        INFO     Update id=511589080 is handled. Duration 0 ms by bot id=8095621527
2025.03.30 12:48:18 aiogram.event        INFO     Update id=511589081 is not handled. Duration 1 ms by bot id=8095621527
2025.03.30 12:53:10 aiogram.event        INFO     Update id=511589082 is not handled. Duration 2 ms by bot id=8095621527
2025.03.30 12:54:13 aiogram.dispatcher   WARNING  Received SIGINT signal
2025.03.30 12:54:13 aiogram.dispatcher   INFO     Polling stopped for bot @dllmasterbot id=8095621527 - 'DLLMaster for Music'
2025.03.30 12:54:13 aiogram.dispatcher   INFO     Polling stopped
2025.03.30 12:54:13 __main__             INFO     🛑 Polling stopped
2025.03.30 12:54:13 __main__             INFO     🔴 Bot stopped
2025.03.30 12:54:22 __main__             INFO     🤖 Starting bot...
2025.03.30 12:54:22 __main__             INFO     🚀 Starting bot initialization...
2025.03.30 12:54:22 __main__             INFO     ✅ Database initialized successfully
2025.03.30 12:54:22 core.spotify_handler INFO     Spotify API ilə əlaqə quruldu.
2025.03.30 12:54:22 __main__             INFO     ✅ Spotify service initialized
2025.03.30 12:54:22 core.webprofile      INFO     Seçilmiş User-Agent: Mozilla/5.0 (Windows NT 10.0; Win64; x64) AppleWebKit/537.36 (KHTML, like Gecko) Chrome/122.0.0.0 Safari/537.36
2025.03.30 12:54:22 core.youtube_handler INFO     firefox brauzerindən cookies istifadə edilir.
2025.03.30 12:54:22 __main__             INFO     ✅ YouTube services initialized (firefox)
2025.03.30 12:54:22 __main__             INFO     🔌 Loading plugins...
2025.03.30 12:54:22 __main__             INFO     🔍 Scanning plugins in: plugins
2025.03.30 12:54:22 __main__             INFO     🔄 Loading: plugins.spotify_plugin
2025.03.30 12:54:22 __main__             INFO     ✅ Loaded (sync): plugins.spotify_plugin
2025.03.30 12:54:22 __main__             INFO     🔄 Loading: plugins.menu_plugin
2025.03.30 12:54:22 __main__             INFO     ✅ Loaded (sync): plugins.menu_plugin
2025.03.30 12:54:22 __main__             INFO     🔄 Loading: plugins.sudo_plugin
2025.03.30 12:54:22 __main__             INFO     ✅ Loaded (sync): plugins.sudo_plugin
2025.03.30 12:54:22 __main__             INFO     🔄 Loading: plugins.youtube_plugin
2025.03.30 12:54:22 __main__             INFO     ✅ Loaded (sync): plugins.youtube_plugin
2025.03.30 12:54:22 __main__             INFO     🔄 Loading: plugins.neofetch_plugin
2025.03.30 12:54:22 __main__             INFO     ✅ Loaded (sync): plugins.neofetch_plugin
2025.03.30 12:54:22 __main__             INFO     🔄 Loading: plugins.report_plugin
2025.03.30 12:54:22 __main__             INFO     ✅ Loaded (async): plugins.report_plugin
2025.03.30 12:54:22 __main__             INFO     🔄 Loading: plugins.del_plugin
2025.03.30 12:54:22 __main__             INFO     ✅ Loaded (sync): plugins.del_plugin
2025.03.30 12:54:22 __main__             INFO     🔄 Loading: plugins.music_plugin
2025.03.30 12:54:22 __main__             INFO     ✅ Loaded (sync): plugins.music_plugin
2025.03.30 12:54:22 __main__             INFO     🔄 Loading: plugins.start_plugin
2025.03.30 12:54:22 __main__             INFO     ✅ Loaded (async): plugins.start_plugin
2025.03.30 12:54:22 __main__             INFO     🔄 Loading: plugins.dir_plugin
2025.03.30 12:54:22 __main__             INFO     ✅ Loaded (sync): plugins.dir_plugin
2025.03.30 12:54:22 __main__             INFO     🔄 Loading: plugins.broadcast_plugin
2025.03.30 12:54:22 __main__             INFO     ✅ Loaded (sync): plugins.broadcast_plugin
2025.03.30 12:54:22 __main__             INFO     🔄 Loading: plugins.speedtest_plugin
2025.03.30 12:54:22 __main__             INFO     ✅ Loaded (sync): plugins.speedtest_plugin
2025.03.30 12:54:22 __main__             INFO     🔄 Loading: plugins.bot_logs
2025.03.30 12:54:22 __main__             INFO     ✅ Loaded (async): plugins.bot_logs
2025.03.30 12:54:22 __main__             INFO     🚀 Starting polling...
2025.03.30 12:54:22 aiogram.dispatcher   INFO     Start polling
2025.03.30 12:54:22 aiogram.dispatcher   INFO     Run polling for bot @dllmasterbot id=8095621527 - 'DLLMaster for Music'
2025.03.30 12:54:29 aiogram.event        INFO     Update id=511589083 is handled. Duration 355 ms by bot id=8095621527
2025.03.30 12:54:36 aiogram.event        INFO     Update id=511589084 is handled. Duration 3 ms by bot id=8095621527
2025.03.30 12:54:43 aiogram.event        INFO     Update id=511589085 is handled. Duration 6 ms by bot id=8095621527
2025.03.30 12:54:44 aiogram.event        INFO     Update id=511589086 is handled. Duration 5 ms by bot id=8095621527
2025.03.30 12:54:46 aiogram.event        INFO     Update id=511589087 is handled. Duration 3 ms by bot id=8095621527
2025.03.30 12:54:50 aiogram.event        INFO     Update id=511589088 is handled. Duration 3 ms by bot id=8095621527
2025.03.30 12:54:53 aiogram.event        INFO     Update id=511589089 is handled. Duration 2 ms by bot id=8095621527
2025.03.30 12:54:54 aiogram.event        INFO     Update id=511589090 is handled. Duration 52 ms by bot id=8095621527
2025.03.30 12:54:56 aiogram.event        INFO     Update id=511589091 is handled. Duration 141 ms by bot id=8095621527
2025.03.30 12:54:59 aiogram.event        INFO     Update id=511589092 is handled. Duration 124 ms by bot id=8095621527
2025.03.30 12:55:00 aiogram.event        INFO     Update id=511589093 is handled. Duration 12 ms by bot id=8095621527
2025.03.30 12:55:00 aiogram.event        INFO     Update id=511589094 is handled. Duration 2 ms by bot id=8095621527
2025.03.30 12:55:00 aiogram.event        INFO     Update id=511589095 is handled. Duration 2 ms by bot id=8095621527
2025.03.30 12:55:11 aiogram.event        INFO     Update id=511589096 is handled. Duration 0 ms by bot id=8095621527
2025.03.30 12:55:11 aiogram.event        INFO     Update id=511589097 is handled. Duration 0 ms by bot id=8095621527
2025.03.30 12:55:30 aiogram.event        INFO     Update id=511589098 is handled. Duration 119 ms by bot id=8095621527
2025.03.30 12:55:32 aiogram.event        INFO     Update id=511589099 is handled. Duration 269 ms by bot id=8095621527
2025.03.30 12:55:34 aiogram.event        INFO     Update id=511589100 is handled. Duration 1110 ms by bot id=8095621527
2025.03.30 12:55:36 aiogram.event        INFO     Update id=511589101 is handled. Duration 5 ms by bot id=8095621527
2025.03.30 12:55:38 aiogram.event        INFO     Update id=511589102 is handled. Duration 2 ms by bot id=8095621527
2025.03.30 12:55:38 aiogram.event        INFO     Update id=511589103 is handled. Duration 3 ms by bot id=8095621527
2025.03.30 12:55:39 aiogram.event        INFO     Update id=511589104 is handled. Duration 2 ms by bot id=8095621527
2025.03.30 12:55:40 aiogram.event        INFO     Update id=511589105 is handled. Duration 13 ms by bot id=8095621527
2025.03.30 12:55:41 aiogram.event        INFO     Update id=511589106 is handled. Duration 2 ms by bot id=8095621527
2025.03.30 12:55:46 aiogram.event        INFO     Update id=511589107 is handled. Duration 36 ms by bot id=8095621527
2025.03.30 12:55:47 aiogram.event        INFO     Update id=511589108 is handled. Duration 140 ms by bot id=8095621527
2025.03.30 12:56:15 aiogram.event        INFO     Update id=511589109 is not handled. Duration 1 ms by bot id=8095621527
2025.03.30 12:57:25 aiogram.dispatcher   WARNING  Received SIGINT signal
2025.03.30 12:57:25 aiogram.dispatcher   INFO     Polling stopped for bot @dllmasterbot id=8095621527 - 'DLLMaster for Music'
2025.03.30 12:57:25 aiogram.dispatcher   INFO     Polling stopped
2025.03.30 12:57:26 __main__             INFO     🛑 Polling stopped
2025.03.30 12:57:26 __main__             INFO     🔴 Bot stopped
2025.03.30 12:57:32 __main__             INFO     🤖 Starting bot...
2025.03.30 12:57:32 __main__             INFO     🚀 Starting bot initialization...
2025.03.30 12:57:32 __main__             INFO     ✅ Database initialized successfully
2025.03.30 12:57:32 core.spotify_handler INFO     Spotify API ilə əlaqə quruldu.
2025.03.30 12:57:32 __main__             INFO     ✅ Spotify service initialized
2025.03.30 12:57:32 core.webprofile      INFO     Seçilmiş User-Agent: Mozilla/5.0 (Linux; Android 14; SM-G998B) AppleWebKit/537.36 (KHTML, like Gecko) Chrome/122.0.0.0 Mobile Safari/537.36
2025.03.30 12:57:32 core.youtube_handler INFO     firefox brauzerindən cookies istifadə edilir.
2025.03.30 12:57:32 __main__             INFO     ✅ YouTube services initialized (firefox)
2025.03.30 12:57:32 __main__             INFO     🔌 Loading plugins...
2025.03.30 12:57:32 __main__             INFO     🔍 Scanning plugins in: plugins
2025.03.30 12:57:32 __main__             INFO     🔄 Loading: plugins.spotify_plugin
2025.03.30 12:57:33 __main__             INFO     ✅ Loaded (sync): plugins.spotify_plugin
2025.03.30 12:57:33 __main__             INFO     🔄 Loading: plugins.menu_plugin
2025.03.30 12:57:33 __main__             ERROR    ❌ Failed to load plugins.menu_plugin: unindent does not match any outer indentation level (menu_plugin.py, line 78)
Traceback (most recent call last):
  File "/home/admin/DLMaster/app.py", line 179, in load_plugins
    module = importlib.import_module(module_name)
             ^^^^^^^^^^^^^^^^^^^^^^^^^^^^^^^^^^^^
  File "/usr/lib/python3.11/importlib/__init__.py", line 126, in import_module
    return _bootstrap._gcd_import(name[level:], package, level)
           ^^^^^^^^^^^^^^^^^^^^^^^^^^^^^^^^^^^^^^^^^^^^^^^^^^^^
  File "<frozen importlib._bootstrap>", line 1206, in _gcd_import
  File "<frozen importlib._bootstrap>", line 1178, in _find_and_load
  File "<frozen importlib._bootstrap>", line 1149, in _find_and_load_unlocked
  File "<frozen importlib._bootstrap>", line 690, in _load_unlocked
  File "<frozen importlib._bootstrap_external>", line 936, in exec_module
  File "<frozen importlib._bootstrap_external>", line 1074, in get_code
  File "<frozen importlib._bootstrap_external>", line 1004, in source_to_code
  File "<frozen importlib._bootstrap>", line 241, in _call_with_frames_removed
  File "/home/admin/DLMaster/plugins/menu_plugin.py", line 78
    @dp.callback_query(F.data == "back_to_command")
                                                   ^
IndentationError: unindent does not match any outer indentation level
2025.03.30 12:57:33 __main__             INFO     🔄 Loading: plugins.sudo_plugin
2025.03.30 12:57:33 __main__             INFO     ✅ Loaded (sync): plugins.sudo_plugin
2025.03.30 12:57:33 __main__             INFO     🔄 Loading: plugins.youtube_plugin
2025.03.30 12:57:33 __main__             INFO     ✅ Loaded (sync): plugins.youtube_plugin
2025.03.30 12:57:33 __main__             INFO     🔄 Loading: plugins.neofetch_plugin
2025.03.30 12:57:33 __main__             INFO     ✅ Loaded (sync): plugins.neofetch_plugin
2025.03.30 12:57:33 __main__             INFO     🔄 Loading: plugins.report_plugin
2025.03.30 12:57:33 __main__             INFO     ✅ Loaded (async): plugins.report_plugin
2025.03.30 12:57:33 __main__             INFO     🔄 Loading: plugins.del_plugin
2025.03.30 12:57:33 __main__             INFO     ✅ Loaded (sync): plugins.del_plugin
2025.03.30 12:57:33 __main__             INFO     🔄 Loading: plugins.music_plugin
2025.03.30 12:57:33 __main__             INFO     ✅ Loaded (sync): plugins.music_plugin
2025.03.30 12:57:33 __main__             INFO     🔄 Loading: plugins.start_plugin
2025.03.30 12:57:33 __main__             INFO     ✅ Loaded (async): plugins.start_plugin
2025.03.30 12:57:33 __main__             INFO     🔄 Loading: plugins.dir_plugin
2025.03.30 12:57:33 __main__             INFO     ✅ Loaded (sync): plugins.dir_plugin
2025.03.30 12:57:33 __main__             INFO     🔄 Loading: plugins.broadcast_plugin
2025.03.30 12:57:33 __main__             INFO     ✅ Loaded (sync): plugins.broadcast_plugin
2025.03.30 12:57:33 __main__             INFO     🔄 Loading: plugins.speedtest_plugin
2025.03.30 12:57:33 __main__             INFO     ✅ Loaded (sync): plugins.speedtest_plugin
2025.03.30 12:57:33 __main__             INFO     🔄 Loading: plugins.bot_logs
2025.03.30 12:57:33 __main__             INFO     ✅ Loaded (async): plugins.bot_logs
2025.03.30 12:57:33 __main__             INFO     🚀 Starting polling...
2025.03.30 12:57:33 aiogram.dispatcher   INFO     Start polling
2025.03.30 12:57:33 aiogram.dispatcher   INFO     Run polling for bot @dllmasterbot id=8095621527 - 'DLLMaster for Music'
2025.03.30 12:58:07 aiogram.event        INFO     Update id=511589110 is not handled. Duration 1 ms by bot id=8095621527
2025.03.30 12:58:57 aiogram.event        INFO     Update id=511589111 is handled. Duration 1018 ms by bot id=8095621527
2025.03.30 12:59:07 aiogram.event        INFO     Update id=511589112 is handled. Duration 198 ms by bot id=8095621527
2025.03.30 12:59:39 aiogram.dispatcher   WARNING  Received SIGINT signal
2025.03.30 12:59:39 aiogram.dispatcher   INFO     Polling stopped for bot @dllmasterbot id=8095621527 - 'DLLMaster for Music'
2025.03.30 12:59:39 aiogram.dispatcher   INFO     Polling stopped
2025.03.30 12:59:39 __main__             INFO     🛑 Polling stopped
2025.03.30 12:59:39 __main__             INFO     🔴 Bot stopped
2025.03.30 12:59:48 __main__             INFO     🤖 Starting bot...
2025.03.30 12:59:48 __main__             INFO     🚀 Starting bot initialization...
2025.03.30 12:59:48 __main__             INFO     ✅ Database initialized successfully
2025.03.30 12:59:48 core.spotify_handler INFO     Spotify API ilə əlaqə quruldu.
2025.03.30 12:59:48 __main__             INFO     ✅ Spotify service initialized
2025.03.30 12:59:48 core.webprofile      INFO     Seçilmiş User-Agent: Mozilla/5.0 (X11; Ubuntu; Linux x86_64; rv:120.0) Gecko/20100101 Firefox/120.0
2025.03.30 12:59:48 core.youtube_handler INFO     firefox brauzerindən cookies istifadə edilir.
2025.03.30 12:59:48 __main__             INFO     ✅ YouTube services initialized (firefox)
2025.03.30 12:59:48 __main__             INFO     🔌 Loading plugins...
2025.03.30 12:59:48 __main__             INFO     🔍 Scanning plugins in: plugins
2025.03.30 12:59:48 __main__             INFO     🔄 Loading: plugins.spotify_plugin
2025.03.30 12:59:48 __main__             INFO     ✅ Loaded (sync): plugins.spotify_plugin
2025.03.30 12:59:48 __main__             INFO     🔄 Loading: plugins.menu_plugin
2025.03.30 12:59:48 __main__             INFO     ✅ Loaded (sync): plugins.menu_plugin
2025.03.30 12:59:48 __main__             INFO     🔄 Loading: plugins.sudo_plugin
2025.03.30 12:59:48 __main__             INFO     ✅ Loaded (sync): plugins.sudo_plugin
2025.03.30 12:59:48 __main__             INFO     🔄 Loading: plugins.youtube_plugin
2025.03.30 12:59:48 __main__             INFO     ✅ Loaded (sync): plugins.youtube_plugin
2025.03.30 12:59:48 __main__             INFO     🔄 Loading: plugins.neofetch_plugin
2025.03.30 12:59:48 __main__             INFO     ✅ Loaded (sync): plugins.neofetch_plugin
2025.03.30 12:59:48 __main__             INFO     🔄 Loading: plugins.report_plugin
2025.03.30 12:59:48 __main__             INFO     ✅ Loaded (async): plugins.report_plugin
2025.03.30 12:59:48 __main__             INFO     🔄 Loading: plugins.del_plugin
2025.03.30 12:59:48 __main__             INFO     ✅ Loaded (sync): plugins.del_plugin
2025.03.30 12:59:48 __main__             INFO     🔄 Loading: plugins.music_plugin
2025.03.30 12:59:48 __main__             INFO     ✅ Loaded (sync): plugins.music_plugin
2025.03.30 12:59:48 __main__             INFO     🔄 Loading: plugins.start_plugin
2025.03.30 12:59:48 __main__             INFO     ✅ Loaded (async): plugins.start_plugin
2025.03.30 12:59:48 __main__             INFO     🔄 Loading: plugins.dir_plugin
2025.03.30 12:59:48 __main__             INFO     ✅ Loaded (sync): plugins.dir_plugin
2025.03.30 12:59:48 __main__             INFO     🔄 Loading: plugins.broadcast_plugin
2025.03.30 12:59:48 __main__             INFO     ✅ Loaded (sync): plugins.broadcast_plugin
2025.03.30 12:59:48 __main__             INFO     🔄 Loading: plugins.speedtest_plugin
2025.03.30 12:59:48 __main__             INFO     ✅ Loaded (sync): plugins.speedtest_plugin
2025.03.30 12:59:48 __main__             INFO     🔄 Loading: plugins.bot_logs
2025.03.30 12:59:48 __main__             INFO     ✅ Loaded (async): plugins.bot_logs
2025.03.30 12:59:48 __main__             INFO     🚀 Starting polling...
2025.03.30 12:59:48 aiogram.dispatcher   INFO     Start polling
2025.03.30 12:59:48 aiogram.dispatcher   INFO     Run polling for bot @dllmasterbot id=8095621527 - 'DLLMaster for Music'
2025.03.30 12:59:56 aiogram.event        INFO     Update id=511589113 is not handled. Duration 6 ms by bot id=8095621527
2025.03.30 12:59:56 aiogram.event        INFO     Update id=511589114 is not handled. Duration 6 ms by bot id=8095621527
2025.03.30 12:59:56 aiogram.event        INFO     Update id=511589115 is not handled. Duration 6 ms by bot id=8095621527
2025.03.30 13:00:01 aiogram.event        INFO     Update id=511589116 is handled. Duration 150 ms by bot id=8095621527
2025.03.30 13:00:04 aiogram.event        INFO     Update id=511589117 is handled. Duration 332 ms by bot id=8095621527
2025.03.30 13:00:06 aiogram.event        INFO     Update id=511589118 is handled. Duration 6 ms by bot id=8095621527
2025.03.30 13:00:09 aiogram.event        INFO     Update id=511589119 is handled. Duration 7 ms by bot id=8095621527
2025.03.30 13:00:10 aiogram.event        INFO     Update id=511589120 is handled. Duration 14 ms by bot id=8095621527
2025.03.30 13:00:14 aiogram.event        INFO     Update id=511589121 is handled. Duration 5 ms by bot id=8095621527
2025.03.30 13:00:15 aiogram.event        INFO     Update id=511589122 is handled. Duration 5 ms by bot id=8095621527
2025.03.30 13:00:15 aiogram.event        INFO     Update id=511589123 is handled. Duration 5 ms by bot id=8095621527
2025.03.30 13:00:15 aiogram.event        INFO     Update id=511589124 is handled. Duration 2 ms by bot id=8095621527
2025.03.30 13:01:03 aiogram.event        INFO     Update id=511589125 is handled. Duration 40 ms by bot id=8095621527
2025.03.30 13:01:48 aiogram.event        INFO     Update id=511589126 is not handled. Duration 1 ms by bot id=8095621527
2025.03.30 13:02:34 aiogram.event        INFO     Update id=511589127 is not handled. Duration 1 ms by bot id=8095621527
2025.03.30 13:02:58 aiogram.event        INFO     Update id=511589128 is not handled. Duration 1 ms by bot id=8095621527
2025.03.30 13:03:14 aiogram.dispatcher   WARNING  Received SIGINT signal
2025.03.30 13:03:14 aiogram.dispatcher   INFO     Polling stopped for bot @dllmasterbot id=8095621527 - 'DLLMaster for Music'
2025.03.30 13:03:14 aiogram.dispatcher   INFO     Polling stopped
2025.03.30 13:03:15 __main__             INFO     🛑 Polling stopped
2025.03.30 13:03:15 __main__             INFO     🔴 Bot stopped
2025.03.30 13:03:21 __main__             INFO     🤖 Starting bot...
2025.03.30 13:03:21 __main__             INFO     🚀 Starting bot initialization...
2025.03.30 13:03:21 __main__             INFO     ✅ Database initialized successfully
2025.03.30 13:03:21 core.spotify_handler INFO     Spotify API ilə əlaqə quruldu.
2025.03.30 13:03:21 __main__             INFO     ✅ Spotify service initialized
2025.03.30 13:03:21 core.webprofile      INFO     Seçilmiş User-Agent: Mozilla/5.0 (Windows NT 10.0; Win64; x64) AppleWebKit/537.36 (KHTML, like Gecko) Chrome/122.0.0.0 Safari/537.36
2025.03.30 13:03:21 core.youtube_handler INFO     firefox brauzerindən cookies istifadə edilir.
2025.03.30 13:03:21 __main__             INFO     ✅ YouTube services initialized (firefox)
2025.03.30 13:03:21 __main__             INFO     🔌 Loading plugins...
2025.03.30 13:03:21 __main__             INFO     🔍 Scanning plugins in: plugins
2025.03.30 13:03:21 __main__             INFO     🔄 Loading: plugins.spotify_plugin
2025.03.30 13:03:21 __main__             INFO     ✅ Loaded (sync): plugins.spotify_plugin
2025.03.30 13:03:21 __main__             INFO     🔄 Loading: plugins.menu_plugin
2025.03.30 13:03:21 __main__             INFO     ✅ Loaded (sync): plugins.menu_plugin
2025.03.30 13:03:21 __main__             INFO     🔄 Loading: plugins.sudo_plugin
2025.03.30 13:03:21 __main__             INFO     ✅ Loaded (sync): plugins.sudo_plugin
2025.03.30 13:03:21 __main__             INFO     🔄 Loading: plugins.youtube_plugin
2025.03.30 13:03:21 __main__             INFO     ✅ Loaded (sync): plugins.youtube_plugin
2025.03.30 13:03:21 __main__             INFO     🔄 Loading: plugins.neofetch_plugin
2025.03.30 13:03:21 __main__             INFO     ✅ Loaded (sync): plugins.neofetch_plugin
2025.03.30 13:03:21 __main__             INFO     🔄 Loading: plugins.report_plugin
2025.03.30 13:03:21 __main__             INFO     ✅ Loaded (async): plugins.report_plugin
2025.03.30 13:03:21 __main__             INFO     🔄 Loading: plugins.del_plugin
2025.03.30 13:03:21 __main__             INFO     ✅ Loaded (sync): plugins.del_plugin
2025.03.30 13:03:21 __main__             INFO     🔄 Loading: plugins.music_plugin
2025.03.30 13:03:21 __main__             INFO     ✅ Loaded (sync): plugins.music_plugin
2025.03.30 13:03:21 __main__             INFO     🔄 Loading: plugins.start_plugin
2025.03.30 13:03:21 __main__             INFO     ✅ Loaded (async): plugins.start_plugin
2025.03.30 13:03:21 __main__             INFO     🔄 Loading: plugins.dir_plugin
2025.03.30 13:03:21 __main__             INFO     ✅ Loaded (sync): plugins.dir_plugin
2025.03.30 13:03:21 __main__             INFO     🔄 Loading: plugins.broadcast_plugin
2025.03.30 13:03:21 __main__             INFO     ✅ Loaded (sync): plugins.broadcast_plugin
2025.03.30 13:03:21 __main__             INFO     🔄 Loading: plugins.speedtest_plugin
2025.03.30 13:03:21 __main__             INFO     ✅ Loaded (sync): plugins.speedtest_plugin
2025.03.30 13:03:21 __main__             INFO     🔄 Loading: plugins.bot_logs
2025.03.30 13:03:21 __main__             INFO     ✅ Loaded (async): plugins.bot_logs
2025.03.30 13:03:21 __main__             INFO     🚀 Starting polling...
2025.03.30 13:03:21 aiogram.dispatcher   INFO     Start polling
2025.03.30 13:03:21 aiogram.dispatcher   INFO     Run polling for bot @dllmasterbot id=8095621527 - 'DLLMaster for Music'
2025.03.30 13:03:27 aiogram.event        INFO     Update id=511589129 is handled. Duration 78 ms by bot id=8095621527
2025.03.30 13:03:29 aiogram.event        INFO     Update id=511589130 is handled. Duration 167 ms by bot id=8095621527
2025.03.30 13:03:30 aiogram.event        INFO     Update id=511589131 is handled. Duration 0 ms by bot id=8095621527
2025.03.30 13:03:33 aiogram.event        INFO     Update id=511589132 is handled. Duration 0 ms by bot id=8095621527
2025.03.30 13:03:34 aiogram.event        INFO     Update id=511589133 is handled. Duration 0 ms by bot id=8095621527
2025.03.30 13:03:34 aiogram.event        INFO     Update id=511589134 is handled. Duration 0 ms by bot id=8095621527
2025.03.30 13:03:35 aiogram.event        INFO     Update id=511589135 is handled. Duration 0 ms by bot id=8095621527
2025.03.30 13:03:35 aiogram.event        INFO     Update id=511589136 is handled. Duration 0 ms by bot id=8095621527
2025.03.30 13:03:35 aiogram.event        INFO     Update id=511589137 is handled. Duration 0 ms by bot id=8095621527
2025.03.30 13:03:40 aiogram.event        INFO     Update id=511589138 is handled. Duration 0 ms by bot id=8095621527
2025.03.30 13:04:52 aiogram.event        INFO     Update id=511589139 is not handled. Duration 1 ms by bot id=8095621527
2025.03.30 13:05:07 aiogram.event        INFO     Update id=511589140 is not handled. Duration 0 ms by bot id=8095621527
2025.03.30 13:06:05 aiogram.event        INFO     Update id=511589141 is not handled. Duration 1 ms by bot id=8095621527
2025.03.30 13:06:17 aiogram.event        INFO     Update id=511589142 is not handled. Duration 1 ms by bot id=8095621527
2025.03.30 13:06:26 aiogram.event        INFO     Update id=511589143 is not handled. Duration 1 ms by bot id=8095621527
2025.03.30 13:06:31 aiogram.event        INFO     Update id=511589144 is handled. Duration 0 ms by bot id=8095621527
2025.03.30 13:06:31 aiogram.event        INFO     Update id=511589145 is handled. Duration 0 ms by bot id=8095621527
2025.03.30 13:06:31 aiogram.event        INFO     Update id=511589146 is handled. Duration 0 ms by bot id=8095621527
2025.03.30 13:06:33 aiogram.event        INFO     Update id=511589147 is not handled. Duration 0 ms by bot id=8095621527
2025.03.30 13:06:52 aiogram.event        INFO     Update id=511589148 is not handled. Duration 3 ms by bot id=8095621527
2025.03.30 13:08:09 aiogram.event        INFO     Update id=511589149 is handled. Duration 0 ms by bot id=8095621527
2025.03.30 13:08:11 aiogram.event        INFO     Update id=511589150 is handled. Duration 44 ms by bot id=8095621527
2025.03.30 13:09:18 aiogram.event        INFO     Update id=511589151 is handled. Duration 92 ms by bot id=8095621527
2025.03.30 13:09:20 aiogram.event        INFO     Update id=511589152 is handled. Duration 132 ms by bot id=8095621527
2025.03.30 13:09:21 aiogram.event        INFO     Update id=511589153 is handled. Duration 0 ms by bot id=8095621527
2025.03.30 13:09:22 aiogram.event        INFO     Update id=511589154 is handled. Duration 0 ms by bot id=8095621527
2025.03.30 13:09:23 aiogram.event        INFO     Update id=511589155 is handled. Duration 0 ms by bot id=8095621527
2025.03.30 13:09:23 aiogram.event        INFO     Update id=511589156 is handled. Duration 0 ms by bot id=8095621527
2025.03.30 13:09:25 aiogram.event        INFO     Update id=511589157 is handled. Duration 0 ms by bot id=8095621527
2025.03.30 13:09:26 aiogram.event        INFO     Update id=511589158 is handled. Duration 39 ms by bot id=8095621527
2025.03.30 13:09:28 aiogram.event        INFO     Update id=511589159 is not handled. Duration 0 ms by bot id=8095621527
2025.03.30 13:09:38 aiogram.event        INFO     Update id=511589160 is not handled. Duration 1 ms by bot id=8095621527
2025.03.30 13:09:48 aiogram.event        INFO     Update id=511589161 is not handled. Duration 1 ms by bot id=8095621527
2025.03.30 13:09:49 aiogram.event        INFO     Update id=511589162 is not handled. Duration 0 ms by bot id=8095621527
2025.03.30 13:09:52 aiogram.event        INFO     Update id=511589163 is not handled. Duration 1 ms by bot id=8095621527
2025.03.30 13:09:56 aiogram.event        INFO     Update id=511589164 is not handled. Duration 1 ms by bot id=8095621527
2025.03.30 13:10:15 aiogram.event        INFO     Update id=511589165 is not handled. Duration 1 ms by bot id=8095621527
2025.03.30 13:10:18 aiogram.event        INFO     Update id=511589166 is not handled. Duration 0 ms by bot id=8095621527
2025.03.30 13:10:26 aiogram.event        INFO     Update id=511589167 is not handled. Duration 0 ms by bot id=8095621527
2025.03.30 13:10:40 aiogram.event        INFO     Update id=511589168 is not handled. Duration 3 ms by bot id=8095621527
2025.03.30 13:10:43 aiogram.event        INFO     Update id=511589169 is not handled. Duration 0 ms by bot id=8095621527
2025.03.30 13:10:57 aiogram.event        INFO     Update id=511589170 is not handled. Duration 1 ms by bot id=8095621527
2025.03.30 13:10:59 aiogram.event        INFO     Update id=511589171 is not handled. Duration 1 ms by bot id=8095621527
2025.03.30 13:11:07 aiogram.event        INFO     Update id=511589172 is not handled. Duration 1 ms by bot id=8095621527
2025.03.30 13:11:11 aiogram.event        INFO     Update id=511589173 is not handled. Duration 1 ms by bot id=8095621527
2025.03.30 13:11:12 aiogram.event        INFO     Update id=511589174 is not handled. Duration 2 ms by bot id=8095621527
2025.03.30 13:11:17 aiogram.event        INFO     Update id=511589175 is not handled. Duration 1 ms by bot id=8095621527
2025.03.30 13:11:22 aiogram.event        INFO     Update id=511589176 is not handled. Duration 0 ms by bot id=8095621527
2025.03.30 13:11:34 core.webprofile      INFO     firefox brauzerindən cookies istifadə edilir.
2025.03.30 13:11:34 core.webprofile      INFO     Seçilmiş User-Agent: Mozilla/5.0 (iPhone; CPU iPhone OS 17_2 like Mac OS X) AppleWebKit/605.1.15 (KHTML, like Gecko) Version/17.2 Mobile/15E148 Safari/604.1
2025.03.30 13:11:34 aiogram.event        INFO     Update id=511589178 is not handled. Duration 73 ms by bot id=8095621527
2025.03.30 13:11:37 aiogram.event        INFO     Update id=511589177 is handled. Duration 3344 ms by bot id=8095621527
2025.03.30 13:12:33 aiogram.event        INFO     Update id=511589179 is not handled. Duration 1 ms by bot id=8095621527
2025.03.30 13:12:49 aiogram.event        INFO     Update id=511589180 is not handled. Duration 1 ms by bot id=8095621527
2025.03.30 13:12:53 aiogram.event        INFO     Update id=511589181 is not handled. Duration 1 ms by bot id=8095621527
2025.03.30 13:13:06 aiogram.event        INFO     Update id=511589182 is not handled. Duration 1 ms by bot id=8095621527
2025.03.30 13:13:23 aiogram.event        INFO     Update id=511589183 is not handled. Duration 1 ms by bot id=8095621527
2025.03.30 13:13:59 aiogram.dispatcher   WARNING  Received SIGINT signal
2025.03.30 13:13:59 aiogram.dispatcher   INFO     Polling stopped for bot @dllmasterbot id=8095621527 - 'DLLMaster for Music'
2025.03.30 13:13:59 aiogram.dispatcher   INFO     Polling stopped
2025.03.30 13:13:59 __main__             INFO     🛑 Polling stopped
2025.03.30 13:13:59 __main__             INFO     🔴 Bot stopped
2025.03.30 13:14:06 __main__             INFO     🤖 Starting bot...
2025.03.30 13:14:06 __main__             INFO     🚀 Starting bot initialization...
2025.03.30 13:14:06 __main__             INFO     ✅ Database initialized successfully
2025.03.30 13:14:06 core.spotify_handler INFO     Spotify API ilə əlaqə quruldu.
2025.03.30 13:14:06 __main__             INFO     ✅ Spotify service initialized
2025.03.30 13:14:06 core.webprofile      INFO     Seçilmiş User-Agent: Mozilla/5.0 (iPhone; CPU iPhone OS 17_2 like Mac OS X) AppleWebKit/605.1.15 (KHTML, like Gecko) Version/17.2 Mobile/15E148 Safari/604.1
2025.03.30 13:14:06 core.youtube_handler INFO     firefox brauzerindən cookies istifadə edilir.
2025.03.30 13:14:06 __main__             INFO     ✅ YouTube services initialized (firefox)
2025.03.30 13:14:06 __main__             INFO     🔌 Loading plugins...
2025.03.30 13:14:06 __main__             INFO     🔍 Scanning plugins in: plugins
2025.03.30 13:14:06 __main__             INFO     🔄 Loading: plugins.spotify_plugin
2025.03.30 13:14:06 __main__             INFO     ✅ Loaded (sync): plugins.spotify_plugin
2025.03.30 13:14:06 __main__             INFO     🔄 Loading: plugins.menu_plugin
2025.03.30 13:14:06 __main__             INFO     ✅ Loaded (sync): plugins.menu_plugin
2025.03.30 13:14:06 __main__             INFO     🔄 Loading: plugins.sudo_plugin
2025.03.30 13:14:06 __main__             INFO     ✅ Loaded (sync): plugins.sudo_plugin
2025.03.30 13:14:06 __main__             INFO     🔄 Loading: plugins.youtube_plugin
2025.03.30 13:14:06 __main__             INFO     ✅ Loaded (sync): plugins.youtube_plugin
2025.03.30 13:14:06 __main__             INFO     🔄 Loading: plugins.neofetch_plugin
2025.03.30 13:14:06 __main__             INFO     ✅ Loaded (sync): plugins.neofetch_plugin
2025.03.30 13:14:06 __main__             INFO     🔄 Loading: plugins.report_plugin
2025.03.30 13:14:06 __main__             INFO     ✅ Loaded (async): plugins.report_plugin
2025.03.30 13:14:06 __main__             INFO     🔄 Loading: plugins.del_plugin
2025.03.30 13:14:06 __main__             INFO     ✅ Loaded (sync): plugins.del_plugin
2025.03.30 13:14:06 __main__             INFO     🔄 Loading: plugins.music_plugin
2025.03.30 13:14:06 __main__             INFO     ✅ Loaded (sync): plugins.music_plugin
2025.03.30 13:14:06 __main__             INFO     🔄 Loading: plugins.start_plugin
2025.03.30 13:14:06 __main__             INFO     ✅ Loaded (async): plugins.start_plugin
2025.03.30 13:14:06 __main__             INFO     🔄 Loading: plugins.dir_plugin
2025.03.30 13:14:06 __main__             INFO     ✅ Loaded (sync): plugins.dir_plugin
2025.03.30 13:14:06 __main__             INFO     🔄 Loading: plugins.broadcast_plugin
2025.03.30 13:14:06 __main__             INFO     ✅ Loaded (sync): plugins.broadcast_plugin
2025.03.30 13:14:06 __main__             INFO     🔄 Loading: plugins.speedtest_plugin
2025.03.30 13:14:06 __main__             INFO     ✅ Loaded (sync): plugins.speedtest_plugin
2025.03.30 13:14:06 __main__             INFO     🔄 Loading: plugins.bot_logs
2025.03.30 13:14:06 __main__             INFO     ✅ Loaded (async): plugins.bot_logs
2025.03.30 13:14:06 __main__             INFO     🚀 Starting polling...
2025.03.30 13:14:06 aiogram.dispatcher   INFO     Start polling
2025.03.30 13:14:07 aiogram.dispatcher   INFO     Run polling for bot @dllmasterbot id=8095621527 - 'DLLMaster for Music'
2025.03.30 13:14:18 aiogram.event        INFO     Update id=511589184 is handled. Duration 191 ms by bot id=8095621527
2025.03.30 13:14:20 aiogram.event        INFO     Update id=511589185 is handled. Duration 153 ms by bot id=8095621527
2025.03.30 13:14:21 aiogram.event        INFO     Update id=511589186 is not handled. Duration 1 ms by bot id=8095621527
2025.03.30 13:14:21 aiogram.event        INFO     Update id=511589187 is handled. Duration 0 ms by bot id=8095621527
2025.03.30 13:16:31 core.webprofile      INFO     firefox brauzerindən cookies istifadə edilir.
2025.03.30 13:16:31 core.webprofile      INFO     Seçilmiş User-Agent: Mozilla/5.0 (Linux; Android 14; SM-G998B) AppleWebKit/537.36 (KHTML, like Gecko) Chrome/122.0.0.0 Mobile Safari/537.36
2025.03.30 13:16:34 aiogram.event        INFO     Update id=511589188 is handled. Duration 3661 ms by bot id=8095621527
2025.03.30 13:17:54 aiogram.event        INFO     Update id=511589189 is not handled. Duration 1 ms by bot id=8095621527
2025.03.30 13:18:27 aiogram.dispatcher   WARNING  Received SIGINT signal
2025.03.30 13:18:27 aiogram.dispatcher   INFO     Polling stopped for bot @dllmasterbot id=8095621527 - 'DLLMaster for Music'
2025.03.30 13:18:27 aiogram.dispatcher   INFO     Polling stopped
2025.03.30 13:18:27 __main__             INFO     🛑 Polling stopped
2025.03.30 13:18:27 __main__             INFO     🔴 Bot stopped
2025.03.30 13:18:33 __main__             INFO     🤖 Starting bot...
2025.03.30 13:18:33 __main__             INFO     🚀 Starting bot initialization...
2025.03.30 13:18:33 __main__             INFO     ✅ Database initialized successfully
2025.03.30 13:18:33 core.spotify_handler INFO     Spotify API ilə əlaqə quruldu.
2025.03.30 13:18:33 __main__             INFO     ✅ Spotify service initialized
2025.03.30 13:18:33 core.webprofile      INFO     Seçilmiş User-Agent: Mozilla/5.0 (Macintosh; Intel Mac OS X 10_15_7) AppleWebKit/537.36 (KHTML, like Gecko) Chrome/122.0.0.0 Safari/537.36
2025.03.30 13:18:33 core.youtube_handler INFO     firefox brauzerindən cookies istifadə edilir.
2025.03.30 13:18:33 __main__             INFO     ✅ YouTube services initialized (firefox)
2025.03.30 13:18:33 __main__             INFO     🔌 Loading plugins...
2025.03.30 13:18:33 __main__             INFO     🔍 Scanning plugins in: plugins
2025.03.30 13:18:33 __main__             INFO     🔄 Loading: plugins.spotify_plugin
2025.03.30 13:18:33 __main__             INFO     ✅ Loaded (sync): plugins.spotify_plugin
2025.03.30 13:18:33 __main__             INFO     🔄 Loading: plugins.menu_plugin
2025.03.30 13:18:33 __main__             INFO     ✅ Loaded (sync): plugins.menu_plugin
2025.03.30 13:18:33 __main__             INFO     🔄 Loading: plugins.sudo_plugin
2025.03.30 13:18:33 __main__             INFO     ✅ Loaded (sync): plugins.sudo_plugin
2025.03.30 13:18:33 __main__             INFO     🔄 Loading: plugins.youtube_plugin
2025.03.30 13:18:33 __main__             INFO     ✅ Loaded (sync): plugins.youtube_plugin
2025.03.30 13:18:33 __main__             INFO     🔄 Loading: plugins.neofetch_plugin
2025.03.30 13:18:33 __main__             INFO     ✅ Loaded (sync): plugins.neofetch_plugin
2025.03.30 13:18:33 __main__             INFO     🔄 Loading: plugins.report_plugin
2025.03.30 13:18:33 __main__             INFO     ✅ Loaded (async): plugins.report_plugin
2025.03.30 13:18:33 __main__             INFO     🔄 Loading: plugins.del_plugin
2025.03.30 13:18:33 __main__             INFO     ✅ Loaded (sync): plugins.del_plugin
2025.03.30 13:18:33 __main__             INFO     🔄 Loading: plugins.music_plugin
2025.03.30 13:18:33 __main__             INFO     ✅ Loaded (sync): plugins.music_plugin
2025.03.30 13:18:33 __main__             INFO     🔄 Loading: plugins.start_plugin
2025.03.30 13:18:33 __main__             INFO     ✅ Loaded (async): plugins.start_plugin
2025.03.30 13:18:33 __main__             INFO     🔄 Loading: plugins.dir_plugin
2025.03.30 13:18:33 __main__             INFO     ✅ Loaded (sync): plugins.dir_plugin
2025.03.30 13:18:33 __main__             INFO     🔄 Loading: plugins.broadcast_plugin
2025.03.30 13:18:33 __main__             INFO     ✅ Loaded (sync): plugins.broadcast_plugin
2025.03.30 13:18:33 __main__             INFO     🔄 Loading: plugins.speedtest_plugin
2025.03.30 13:18:33 __main__             INFO     ✅ Loaded (sync): plugins.speedtest_plugin
2025.03.30 13:18:33 __main__             INFO     🔄 Loading: plugins.bot_logs
2025.03.30 13:18:33 __main__             INFO     ✅ Loaded (async): plugins.bot_logs
2025.03.30 13:18:33 __main__             INFO     🚀 Starting polling...
2025.03.30 13:18:33 aiogram.dispatcher   INFO     Start polling
2025.03.30 13:18:33 aiogram.dispatcher   INFO     Run polling for bot @dllmasterbot id=8095621527 - 'DLLMaster for Music'
2025.03.30 13:18:33 aiogram.event        INFO     Update id=511589190 is not handled. Duration 1 ms by bot id=8095621527
2025.03.30 13:18:41 aiogram.event        INFO     Update id=511589191 is not handled. Duration 1 ms by bot id=8095621527
2025.03.30 13:18:42 aiogram.event        INFO     Update id=511589192 is handled. Duration 109 ms by bot id=8095621527
2025.03.30 13:18:47 aiogram.event        INFO     Update id=511589193 is handled. Duration 78 ms by bot id=8095621527
2025.03.30 13:18:52 aiogram.event        INFO     Update id=511589194 is not handled. Duration 0 ms by bot id=8095621527
2025.03.30 13:19:17 aiogram.event        INFO     Update id=511589195 is not handled. Duration 1 ms by bot id=8095621527
2025.03.30 13:19:26 aiogram.event        INFO     Update id=511589196 is not handled. Duration 3 ms by bot id=8095621527
2025.03.30 13:19:49 core.webprofile      INFO     firefox brauzerindən cookies istifadə edilir.
2025.03.30 13:19:49 core.webprofile      INFO     Seçilmiş User-Agent: Mozilla/5.0 (iPhone; CPU iPhone OS 17_2 like Mac OS X) AppleWebKit/605.1.15 (KHTML, like Gecko) Version/17.2 Mobile/15E148 Safari/604.1
2025.03.30 13:19:53 aiogram.event        INFO     Update id=511589197 is handled. Duration 4241 ms by bot id=8095621527
2025.03.30 13:19:55 aiogram.event        INFO     Update id=511589198 is not handled. Duration 2 ms by bot id=8095621527
2025.03.30 13:20:12 aiogram.event        INFO     Update id=511589199 is not handled. Duration 1 ms by bot id=8095621527
2025.03.30 13:20:30 aiogram.event        INFO     Update id=511589200 is not handled. Duration 0 ms by bot id=8095621527
2025.03.30 13:23:48 aiogram.dispatcher   WARNING  Received SIGINT signal
2025.03.30 13:23:48 aiogram.dispatcher   INFO     Polling stopped for bot @dllmasterbot id=8095621527 - 'DLLMaster for Music'
2025.03.30 13:23:48 aiogram.dispatcher   INFO     Polling stopped
2025.03.30 13:23:48 __main__             INFO     🛑 Polling stopped
2025.03.30 13:23:48 __main__             INFO     🔴 Bot stopped
2025.03.30 13:23:54 __main__             INFO     🤖 Starting bot...
2025.03.30 13:23:54 __main__             INFO     🚀 Starting bot initialization...
2025.03.30 13:23:54 __main__             INFO     ✅ Database initialized successfully
2025.03.30 13:23:54 core.spotify_handler INFO     Spotify API ilə əlaqə quruldu.
2025.03.30 13:23:54 __main__             INFO     ✅ Spotify service initialized
2025.03.30 13:23:54 core.webprofile      INFO     Seçilmiş User-Agent: Mozilla/5.0 (Windows NT 10.0; Win64; x64; rv:120.0) Gecko/20100101 Firefox/120.0
2025.03.30 13:23:54 core.youtube_handler INFO     firefox brauzerindən cookies istifadə edilir.
2025.03.30 13:23:54 __main__             INFO     ✅ YouTube services initialized (firefox)
2025.03.30 13:23:54 __main__             INFO     🔌 Loading plugins...
2025.03.30 13:23:54 __main__             INFO     🔍 Scanning plugins in: plugins
2025.03.30 13:23:54 __main__             INFO     🔄 Loading: plugins.spotify_plugin
2025.03.30 13:23:54 __main__             INFO     ✅ Loaded (sync): plugins.spotify_plugin
2025.03.30 13:23:54 __main__             INFO     🔄 Loading: plugins.menu_plugin
2025.03.30 13:23:54 __main__             INFO     ✅ Loaded (sync): plugins.menu_plugin
2025.03.30 13:23:54 __main__             INFO     🔄 Loading: plugins.sudo_plugin
2025.03.30 13:23:54 __main__             INFO     ✅ Loaded (sync): plugins.sudo_plugin
2025.03.30 13:23:54 __main__             INFO     🔄 Loading: plugins.youtube_plugin
2025.03.30 13:23:54 __main__             INFO     ✅ Loaded (sync): plugins.youtube_plugin
2025.03.30 13:23:54 __main__             INFO     🔄 Loading: plugins.neofetch_plugin
2025.03.30 13:23:54 __main__             INFO     ✅ Loaded (sync): plugins.neofetch_plugin
2025.03.30 13:23:54 __main__             INFO     🔄 Loading: plugins.report_plugin
2025.03.30 13:23:54 __main__             INFO     ✅ Loaded (async): plugins.report_plugin
2025.03.30 13:23:54 __main__             INFO     🔄 Loading: plugins.del_plugin
2025.03.30 13:23:54 __main__             INFO     ✅ Loaded (sync): plugins.del_plugin
2025.03.30 13:23:54 __main__             INFO     🔄 Loading: plugins.music_plugin
2025.03.30 13:23:54 __main__             INFO     ✅ Loaded (sync): plugins.music_plugin
2025.03.30 13:23:54 __main__             INFO     🔄 Loading: plugins.start_plugin
2025.03.30 13:23:54 __main__             INFO     ✅ Loaded (async): plugins.start_plugin
2025.03.30 13:23:54 __main__             INFO     🔄 Loading: plugins.dir_plugin
2025.03.30 13:23:54 __main__             INFO     ✅ Loaded (sync): plugins.dir_plugin
2025.03.30 13:23:54 __main__             INFO     🔄 Loading: plugins.broadcast_plugin
2025.03.30 13:23:54 __main__             INFO     ✅ Loaded (sync): plugins.broadcast_plugin
2025.03.30 13:23:54 __main__             INFO     🔄 Loading: plugins.speedtest_plugin
2025.03.30 13:23:54 __main__             INFO     ✅ Loaded (sync): plugins.speedtest_plugin
2025.03.30 13:23:54 __main__             INFO     🔄 Loading: plugins.bot_logs
2025.03.30 13:23:54 __main__             INFO     ✅ Loaded (async): plugins.bot_logs
2025.03.30 13:23:54 __main__             INFO     🚀 Starting polling...
2025.03.30 13:23:54 aiogram.dispatcher   INFO     Start polling
2025.03.30 13:23:54 aiogram.dispatcher   INFO     Run polling for bot @dllmasterbot id=8095621527 - 'DLLMaster for Music'
2025.03.30 13:23:59 aiogram.event        INFO     Update id=511589201 is handled. Duration 140 ms by bot id=8095621527
2025.03.30 13:24:00 aiogram.event        INFO     Update id=511589202 is not handled. Duration 4 ms by bot id=8095621527
2025.03.30 13:27:40 aiogram.event        INFO     Update id=511589203 is not handled. Duration 1 ms by bot id=8095621527
2025.03.30 13:27:40 aiogram.event        ERROR    Cause exception while process update id=511589203 by bot id=8095621527
AttributeError: 'AppContext' object has no attribute 'user_data'
Traceback (most recent call last):
  File "/home/admin/.local/lib/python3.11/site-packages/aiogram/dispatcher/dispatcher.py", line 309, in _process_update
    response = await self.feed_update(bot, update, **kwargs)
               ^^^^^^^^^^^^^^^^^^^^^^^^^^^^^^^^^^^^^^^^^^^^^
  File "/home/admin/.local/lib/python3.11/site-packages/aiogram/dispatcher/dispatcher.py", line 158, in feed_update
    response = await self.update.wrap_outer_middleware(
               ^^^^^^^^^^^^^^^^^^^^^^^^^^^^^^^^^^^^^^^^
  File "/home/admin/.local/lib/python3.11/site-packages/aiogram/dispatcher/middlewares/error.py", line 25, in __call__
    return await handler(event, data)
           ^^^^^^^^^^^^^^^^^^^^^^^^^^
  File "/home/admin/.local/lib/python3.11/site-packages/aiogram/dispatcher/middlewares/user_context.py", line 56, in __call__
    return await handler(event, data)
           ^^^^^^^^^^^^^^^^^^^^^^^^^^
  File "/home/admin/.local/lib/python3.11/site-packages/aiogram/fsm/middleware.py", line 42, in __call__
    return await handler(event, data)
           ^^^^^^^^^^^^^^^^^^^^^^^^^^
  File "/home/admin/.local/lib/python3.11/site-packages/aiogram/dispatcher/event/telegram.py", line 121, in trigger
    return await wrapped_inner(event, kwargs)
           ^^^^^^^^^^^^^^^^^^^^^^^^^^^^^^^^^^
  File "/home/admin/.local/lib/python3.11/site-packages/aiogram/dispatcher/event/handler.py", line 43, in call
    return await wrapped()
           ^^^^^^^^^^^^^^^
  File "/home/admin/.local/lib/python3.11/site-packages/aiogram/dispatcher/dispatcher.py", line 276, in _listen_update
    return await self.propagate_event(update_type=update_type, event=event, **kwargs)
           ^^^^^^^^^^^^^^^^^^^^^^^^^^^^^^^^^^^^^^^^^^^^^^^^^^^^^^^^^^^^^^^^^^^^^^^^^^
  File "/home/admin/.local/lib/python3.11/site-packages/aiogram/dispatcher/router.py", line 146, in propagate_event
    return await observer.wrap_outer_middleware(_wrapped, event=event, data=kwargs)
           ^^^^^^^^^^^^^^^^^^^^^^^^^^^^^^^^^^^^^^^^^^^^^^^^^^^^^^^^^^^^^^^^^^^^^^^^
  File "/home/admin/.local/lib/python3.11/site-packages/aiogram/dispatcher/router.py", line 141, in _wrapped
    return await self._propagate_event(
           ^^^^^^^^^^^^^^^^^^^^^^^^^^^^
  File "/home/admin/.local/lib/python3.11/site-packages/aiogram/dispatcher/router.py", line 166, in _propagate_event
    response = await observer.trigger(event, **kwargs)
               ^^^^^^^^^^^^^^^^^^^^^^^^^^^^^^^^^^^^^^^
  File "/home/admin/.local/lib/python3.11/site-packages/aiogram/dispatcher/event/telegram.py", line 121, in trigger
    return await wrapped_inner(event, kwargs)
           ^^^^^^^^^^^^^^^^^^^^^^^^^^^^^^^^^^
  File "/home/admin/.local/lib/python3.11/site-packages/aiogram/dispatcher/event/handler.py", line 43, in call
    return await wrapped()
           ^^^^^^^^^^^^^^^
  File "/home/admin/DLMaster/plugins/dir_plugin.py", line 126, in handle_rename
    if "rename_target" not in context.user_data:
                              ^^^^^^^^^^^^^^^^^
AttributeError: 'AppContext' object has no attribute 'user_data'
2025.03.30 13:27:45 aiogram.event        INFO     Update id=511589204 is not handled. Duration 1 ms by bot id=8095621527
2025.03.30 13:27:45 aiogram.event        ERROR    Cause exception while process update id=511589204 by bot id=8095621527
AttributeError: 'AppContext' object has no attribute 'user_data'
Traceback (most recent call last):
  File "/home/admin/.local/lib/python3.11/site-packages/aiogram/dispatcher/dispatcher.py", line 309, in _process_update
    response = await self.feed_update(bot, update, **kwargs)
               ^^^^^^^^^^^^^^^^^^^^^^^^^^^^^^^^^^^^^^^^^^^^^
  File "/home/admin/.local/lib/python3.11/site-packages/aiogram/dispatcher/dispatcher.py", line 158, in feed_update
    response = await self.update.wrap_outer_middleware(
               ^^^^^^^^^^^^^^^^^^^^^^^^^^^^^^^^^^^^^^^^
  File "/home/admin/.local/lib/python3.11/site-packages/aiogram/dispatcher/middlewares/error.py", line 25, in __call__
    return await handler(event, data)
           ^^^^^^^^^^^^^^^^^^^^^^^^^^
  File "/home/admin/.local/lib/python3.11/site-packages/aiogram/dispatcher/middlewares/user_context.py", line 56, in __call__
    return await handler(event, data)
           ^^^^^^^^^^^^^^^^^^^^^^^^^^
  File "/home/admin/.local/lib/python3.11/site-packages/aiogram/fsm/middleware.py", line 42, in __call__
    return await handler(event, data)
           ^^^^^^^^^^^^^^^^^^^^^^^^^^
  File "/home/admin/.local/lib/python3.11/site-packages/aiogram/dispatcher/event/telegram.py", line 121, in trigger
    return await wrapped_inner(event, kwargs)
           ^^^^^^^^^^^^^^^^^^^^^^^^^^^^^^^^^^
  File "/home/admin/.local/lib/python3.11/site-packages/aiogram/dispatcher/event/handler.py", line 43, in call
    return await wrapped()
           ^^^^^^^^^^^^^^^
  File "/home/admin/.local/lib/python3.11/site-packages/aiogram/dispatcher/dispatcher.py", line 276, in _listen_update
    return await self.propagate_event(update_type=update_type, event=event, **kwargs)
           ^^^^^^^^^^^^^^^^^^^^^^^^^^^^^^^^^^^^^^^^^^^^^^^^^^^^^^^^^^^^^^^^^^^^^^^^^^
  File "/home/admin/.local/lib/python3.11/site-packages/aiogram/dispatcher/router.py", line 146, in propagate_event
    return await observer.wrap_outer_middleware(_wrapped, event=event, data=kwargs)
           ^^^^^^^^^^^^^^^^^^^^^^^^^^^^^^^^^^^^^^^^^^^^^^^^^^^^^^^^^^^^^^^^^^^^^^^^
  File "/home/admin/.local/lib/python3.11/site-packages/aiogram/dispatcher/router.py", line 141, in _wrapped
    return await self._propagate_event(
           ^^^^^^^^^^^^^^^^^^^^^^^^^^^^
  File "/home/admin/.local/lib/python3.11/site-packages/aiogram/dispatcher/router.py", line 166, in _propagate_event
    response = await observer.trigger(event, **kwargs)
               ^^^^^^^^^^^^^^^^^^^^^^^^^^^^^^^^^^^^^^^
  File "/home/admin/.local/lib/python3.11/site-packages/aiogram/dispatcher/event/telegram.py", line 121, in trigger
    return await wrapped_inner(event, kwargs)
           ^^^^^^^^^^^^^^^^^^^^^^^^^^^^^^^^^^
  File "/home/admin/.local/lib/python3.11/site-packages/aiogram/dispatcher/event/handler.py", line 43, in call
    return await wrapped()
           ^^^^^^^^^^^^^^^
  File "/home/admin/DLMaster/plugins/dir_plugin.py", line 126, in handle_rename
    if "rename_target" not in context.user_data:
                              ^^^^^^^^^^^^^^^^^
AttributeError: 'AppContext' object has no attribute 'user_data'
2025.03.30 13:28:08 aiogram.dispatcher   WARNING  Received SIGINT signal
2025.03.30 13:28:08 aiogram.dispatcher   INFO     Polling stopped for bot @dllmasterbot id=8095621527 - 'DLLMaster for Music'
2025.03.30 13:28:08 aiogram.dispatcher   INFO     Polling stopped
2025.03.30 13:28:08 __main__             INFO     🛑 Polling stopped
2025.03.30 13:28:08 __main__             INFO     🔴 Bot stopped
2025.03.30 13:28:30 __main__             INFO     🤖 Starting bot...
2025.03.30 13:28:30 __main__             INFO     🚀 Starting bot initialization...
2025.03.30 13:28:30 __main__             INFO     ✅ Database initialized successfully
2025.03.30 13:28:30 core.spotify_handler INFO     Spotify API ilə əlaqə quruldu.
2025.03.30 13:28:30 __main__             INFO     ✅ Spotify service initialized
2025.03.30 13:28:30 core.webprofile      INFO     Seçilmiş User-Agent: Mozilla/5.0 (Linux; Android 14; Pixel 8 Pro) AppleWebKit/537.36 (KHTML, like Gecko) Chrome/122.0.0.0 Mobile Safari/537.36
2025.03.30 13:28:30 core.youtube_handler INFO     firefox brauzerindən cookies istifadə edilir.
2025.03.30 13:28:30 __main__             INFO     ✅ YouTube services initialized (firefox)
2025.03.30 13:28:30 __main__             INFO     🔌 Loading plugins...
2025.03.30 13:28:30 __main__             INFO     🔍 Scanning plugins in: plugins
2025.03.30 13:28:30 __main__             INFO     🔄 Loading: plugins.spotify_plugin
2025.03.30 13:28:30 __main__             INFO     ✅ Loaded (sync): plugins.spotify_plugin
2025.03.30 13:28:30 __main__             INFO     🔄 Loading: plugins.menu_plugin
2025.03.30 13:28:30 __main__             INFO     ✅ Loaded (sync): plugins.menu_plugin
2025.03.30 13:28:31 __main__             INFO     🔄 Loading: plugins.sudo_plugin
2025.03.30 13:28:31 __main__             INFO     ✅ Loaded (sync): plugins.sudo_plugin
2025.03.30 13:28:31 __main__             INFO     🔄 Loading: plugins.youtube_plugin
2025.03.30 13:28:31 __main__             INFO     ✅ Loaded (sync): plugins.youtube_plugin
2025.03.30 13:28:31 __main__             INFO     🔄 Loading: plugins.neofetch_plugin
2025.03.30 13:28:31 __main__             INFO     ✅ Loaded (sync): plugins.neofetch_plugin
2025.03.30 13:28:31 __main__             INFO     🔄 Loading: plugins.report_plugin
2025.03.30 13:28:31 __main__             INFO     ✅ Loaded (async): plugins.report_plugin
2025.03.30 13:28:31 __main__             INFO     🔄 Loading: plugins.del_plugin
2025.03.30 13:28:31 __main__             INFO     ✅ Loaded (sync): plugins.del_plugin
2025.03.30 13:28:31 __main__             INFO     🔄 Loading: plugins.music_plugin
2025.03.30 13:28:31 __main__             INFO     ✅ Loaded (sync): plugins.music_plugin
2025.03.30 13:28:31 __main__             INFO     🔄 Loading: plugins.start_plugin
2025.03.30 13:28:31 __main__             INFO     ✅ Loaded (async): plugins.start_plugin
2025.03.30 13:28:31 __main__             INFO     🔄 Loading: plugins.dir_plugin
2025.03.30 13:28:31 __main__             ERROR    ❌ Failed to load plugins.dir_plugin: invalid syntax (dir_plugin.py, line 73)
Traceback (most recent call last):
  File "/home/admin/DLMaster/app.py", line 179, in load_plugins
    module = importlib.import_module(module_name)
             ^^^^^^^^^^^^^^^^^^^^^^^^^^^^^^^^^^^^
  File "/usr/lib/python3.11/importlib/__init__.py", line 126, in import_module
    return _bootstrap._gcd_import(name[level:], package, level)
           ^^^^^^^^^^^^^^^^^^^^^^^^^^^^^^^^^^^^^^^^^^^^^^^^^^^^
  File "<frozen importlib._bootstrap>", line 1206, in _gcd_import
  File "<frozen importlib._bootstrap>", line 1178, in _find_and_load
  File "<frozen importlib._bootstrap>", line 1149, in _find_and_load_unlocked
  File "<frozen importlib._bootstrap>", line 690, in _load_unlocked
  File "<frozen importlib._bootstrap_external>", line 936, in exec_module
  File "<frozen importlib._bootstrap_external>", line 1074, in get_code
  File "<frozen importlib._bootstrap_external>", line 1004, in source_to_code
  File "<frozen importlib._bootstrap>", line 241, in _call_with_frames_removed
  File "/home/admin/DLMaster/plugins/dir_plugin.py", line 73
    return "\n".join(response), builder.as_markup()
    ^^^^^^
SyntaxError: invalid syntax
2025.03.30 13:28:31 __main__             INFO     🔄 Loading: plugins.broadcast_plugin
2025.03.30 13:28:31 __main__             INFO     ✅ Loaded (sync): plugins.broadcast_plugin
2025.03.30 13:28:31 __main__             INFO     🔄 Loading: plugins.speedtest_plugin
2025.03.30 13:28:31 __main__             INFO     ✅ Loaded (sync): plugins.speedtest_plugin
2025.03.30 13:28:31 __main__             INFO     🔄 Loading: plugins.bot_logs
2025.03.30 13:28:31 __main__             INFO     ✅ Loaded (async): plugins.bot_logs
2025.03.30 13:28:31 __main__             INFO     🚀 Starting polling...
2025.03.30 13:28:31 aiogram.dispatcher   INFO     Start polling
2025.03.30 13:28:31 aiogram.dispatcher   INFO     Run polling for bot @dllmasterbot id=8095621527 - 'DLLMaster for Music'
2025.03.30 13:31:07 aiogram.dispatcher   WARNING  Received SIGINT signal
2025.03.30 13:31:07 aiogram.dispatcher   INFO     Polling stopped for bot @dllmasterbot id=8095621527 - 'DLLMaster for Music'
2025.03.30 13:31:07 aiogram.dispatcher   INFO     Polling stopped
2025.03.30 13:31:07 __main__             INFO     🛑 Polling stopped
2025.03.30 13:31:07 __main__             INFO     🔴 Bot stopped
2025.03.30 13:31:14 __main__             INFO     🤖 Starting bot...
2025.03.30 13:31:14 __main__             INFO     🚀 Starting bot initialization...
2025.03.30 13:31:14 __main__             INFO     ✅ Database initialized successfully
2025.03.30 13:31:14 core.spotify_handler INFO     Spotify API ilə əlaqə quruldu.
2025.03.30 13:31:14 __main__             INFO     ✅ Spotify service initialized
2025.03.30 13:31:14 core.webprofile      INFO     Seçilmiş User-Agent: Mozilla/5.0 (Linux; Android 14; Pixel 8 Pro) AppleWebKit/537.36 (KHTML, like Gecko) Chrome/122.0.0.0 Mobile Safari/537.36
2025.03.30 13:31:14 core.youtube_handler INFO     firefox brauzerindən cookies istifadə edilir.
2025.03.30 13:31:14 __main__             INFO     ✅ YouTube services initialized (firefox)
2025.03.30 13:31:14 __main__             INFO     🔌 Loading plugins...
2025.03.30 13:31:14 __main__             INFO     🔍 Scanning plugins in: plugins
2025.03.30 13:31:14 __main__             INFO     🔄 Loading: plugins.spotify_plugin
2025.03.30 13:31:14 __main__             INFO     ✅ Loaded (sync): plugins.spotify_plugin
2025.03.30 13:31:14 __main__             INFO     🔄 Loading: plugins.menu_plugin
2025.03.30 13:31:14 __main__             INFO     ✅ Loaded (sync): plugins.menu_plugin
2025.03.30 13:31:14 __main__             INFO     🔄 Loading: plugins.sudo_plugin
2025.03.30 13:31:14 __main__             INFO     ✅ Loaded (sync): plugins.sudo_plugin
2025.03.30 13:31:14 __main__             INFO     🔄 Loading: plugins.youtube_plugin
2025.03.30 13:31:14 __main__             INFO     ✅ Loaded (sync): plugins.youtube_plugin
2025.03.30 13:31:14 __main__             INFO     🔄 Loading: plugins.neofetch_plugin
2025.03.30 13:31:14 __main__             INFO     ✅ Loaded (sync): plugins.neofetch_plugin
2025.03.30 13:31:14 __main__             INFO     🔄 Loading: plugins.report_plugin
2025.03.30 13:31:14 __main__             INFO     ✅ Loaded (async): plugins.report_plugin
2025.03.30 13:31:14 __main__             INFO     🔄 Loading: plugins.del_plugin
2025.03.30 13:31:14 __main__             INFO     ✅ Loaded (sync): plugins.del_plugin
2025.03.30 13:31:14 __main__             INFO     🔄 Loading: plugins.music_plugin
2025.03.30 13:31:14 __main__             INFO     ✅ Loaded (sync): plugins.music_plugin
2025.03.30 13:31:14 __main__             INFO     🔄 Loading: plugins.start_plugin
2025.03.30 13:31:14 __main__             INFO     ✅ Loaded (async): plugins.start_plugin
2025.03.30 13:31:14 __main__             INFO     🔄 Loading: plugins.dir_plugin
2025.03.30 13:31:14 __main__             INFO     ✅ Loaded (sync): plugins.dir_plugin
2025.03.30 13:31:14 __main__             INFO     🔄 Loading: plugins.broadcast_plugin
2025.03.30 13:31:14 __main__             INFO     ✅ Loaded (sync): plugins.broadcast_plugin
2025.03.30 13:31:14 __main__             INFO     🔄 Loading: plugins.speedtest_plugin
2025.03.30 13:31:14 __main__             INFO     ✅ Loaded (sync): plugins.speedtest_plugin
2025.03.30 13:31:14 __main__             INFO     🔄 Loading: plugins.bot_logs
2025.03.30 13:31:14 __main__             INFO     ✅ Loaded (async): plugins.bot_logs
2025.03.30 13:31:14 __main__             INFO     🚀 Starting polling...
2025.03.30 13:31:14 aiogram.dispatcher   INFO     Start polling
2025.03.30 13:31:14 aiogram.dispatcher   INFO     Run polling for bot @dllmasterbot id=8095621527 - 'DLLMaster for Music'
2025.03.30 13:31:19 aiogram.event        INFO     Update id=511589205 is handled. Duration 217 ms by bot id=8095621527
2025.03.30 13:31:25 aiogram.event        INFO     Update id=511589206 is handled. Duration 56 ms by bot id=8095621527
2025.03.30 13:31:30 aiogram.event        INFO     Update id=511589207 is not handled. Duration 4 ms by bot id=8095621527
2025.03.30 13:31:30 aiogram.event        ERROR    Cause exception while process update id=511589207 by bot id=8095621527
AttributeError: 'AppContext' object has no attribute 'user_data'
Traceback (most recent call last):
  File "/home/admin/.local/lib/python3.11/site-packages/aiogram/dispatcher/dispatcher.py", line 309, in _process_update
    response = await self.feed_update(bot, update, **kwargs)
               ^^^^^^^^^^^^^^^^^^^^^^^^^^^^^^^^^^^^^^^^^^^^^
  File "/home/admin/.local/lib/python3.11/site-packages/aiogram/dispatcher/dispatcher.py", line 158, in feed_update
    response = await self.update.wrap_outer_middleware(
               ^^^^^^^^^^^^^^^^^^^^^^^^^^^^^^^^^^^^^^^^
  File "/home/admin/.local/lib/python3.11/site-packages/aiogram/dispatcher/middlewares/error.py", line 25, in __call__
    return await handler(event, data)
           ^^^^^^^^^^^^^^^^^^^^^^^^^^
  File "/home/admin/.local/lib/python3.11/site-packages/aiogram/dispatcher/middlewares/user_context.py", line 56, in __call__
    return await handler(event, data)
           ^^^^^^^^^^^^^^^^^^^^^^^^^^
  File "/home/admin/.local/lib/python3.11/site-packages/aiogram/fsm/middleware.py", line 42, in __call__
    return await handler(event, data)
           ^^^^^^^^^^^^^^^^^^^^^^^^^^
  File "/home/admin/.local/lib/python3.11/site-packages/aiogram/dispatcher/event/telegram.py", line 121, in trigger
    return await wrapped_inner(event, kwargs)
           ^^^^^^^^^^^^^^^^^^^^^^^^^^^^^^^^^^
  File "/home/admin/.local/lib/python3.11/site-packages/aiogram/dispatcher/event/handler.py", line 43, in call
    return await wrapped()
           ^^^^^^^^^^^^^^^
  File "/home/admin/.local/lib/python3.11/site-packages/aiogram/dispatcher/dispatcher.py", line 276, in _listen_update
    return await self.propagate_event(update_type=update_type, event=event, **kwargs)
           ^^^^^^^^^^^^^^^^^^^^^^^^^^^^^^^^^^^^^^^^^^^^^^^^^^^^^^^^^^^^^^^^^^^^^^^^^^
  File "/home/admin/.local/lib/python3.11/site-packages/aiogram/dispatcher/router.py", line 146, in propagate_event
    return await observer.wrap_outer_middleware(_wrapped, event=event, data=kwargs)
           ^^^^^^^^^^^^^^^^^^^^^^^^^^^^^^^^^^^^^^^^^^^^^^^^^^^^^^^^^^^^^^^^^^^^^^^^
  File "/home/admin/.local/lib/python3.11/site-packages/aiogram/dispatcher/router.py", line 141, in _wrapped
    return await self._propagate_event(
           ^^^^^^^^^^^^^^^^^^^^^^^^^^^^
  File "/home/admin/.local/lib/python3.11/site-packages/aiogram/dispatcher/router.py", line 166, in _propagate_event
    response = await observer.trigger(event, **kwargs)
               ^^^^^^^^^^^^^^^^^^^^^^^^^^^^^^^^^^^^^^^
  File "/home/admin/.local/lib/python3.11/site-packages/aiogram/dispatcher/event/telegram.py", line 121, in trigger
    return await wrapped_inner(event, kwargs)
           ^^^^^^^^^^^^^^^^^^^^^^^^^^^^^^^^^^
  File "/home/admin/.local/lib/python3.11/site-packages/aiogram/dispatcher/event/handler.py", line 43, in call
    return await wrapped()
           ^^^^^^^^^^^^^^^
  File "/home/admin/DLMaster/plugins/dir_plugin.py", line 190, in rename_item
    context.user_data["rename_target"] = path
    ^^^^^^^^^^^^^^^^^
AttributeError: 'AppContext' object has no attribute 'user_data'
2025.03.30 13:31:42 aiogram.event        INFO     Update id=511589208 is handled. Duration 0 ms by bot id=8095621527
2025.03.30 13:31:54 aiogram.event        INFO     Update id=511589209 is handled. Duration 88 ms by bot id=8095621527
2025.03.30 13:31:58 aiogram.event        INFO     Update id=511589210 is handled. Duration 58 ms by bot id=8095621527
2025.03.30 13:31:59 plugins.dir_plugin   ERROR    Download error: Telegram server says - Bad Request: file must be non-empty
2025.03.30 13:31:59 aiogram.event        INFO     Update id=511589211 is handled. Duration 86 ms by bot id=8095621527
2025.03.30 13:32:05 plugins.dir_plugin   ERROR    Directory error: [Errno 2] No such file or directory: '/home/admin/DLMaster/cookies.txt'
2025.03.30 13:32:05 aiogram.event        INFO     Update id=511589212 is handled. Duration 42 ms by bot id=8095621527
2025.03.30 13:32:07 aiogram.event        INFO     Update id=511589213 is handled. Duration 76 ms by bot id=8095621527
2025.03.30 13:32:11 aiogram.event        INFO     Update id=511589214 is handled. Duration 337 ms by bot id=8095621527
2025.03.30 13:32:12 aiogram.event        INFO     Update id=511589215 is handled. Duration 97 ms by bot id=8095621527
2025.03.30 13:32:19 aiogram.event        INFO     Update id=511589216 is not handled. Duration 4 ms by bot id=8095621527
2025.03.30 13:32:19 aiogram.event        ERROR    Cause exception while process update id=511589216 by bot id=8095621527
AttributeError: 'AppContext' object has no attribute 'user_data'
Traceback (most recent call last):
  File "/home/admin/.local/lib/python3.11/site-packages/aiogram/dispatcher/dispatcher.py", line 309, in _process_update
    response = await self.feed_update(bot, update, **kwargs)
               ^^^^^^^^^^^^^^^^^^^^^^^^^^^^^^^^^^^^^^^^^^^^^
  File "/home/admin/.local/lib/python3.11/site-packages/aiogram/dispatcher/dispatcher.py", line 158, in feed_update
    response = await self.update.wrap_outer_middleware(
               ^^^^^^^^^^^^^^^^^^^^^^^^^^^^^^^^^^^^^^^^
  File "/home/admin/.local/lib/python3.11/site-packages/aiogram/dispatcher/middlewares/error.py", line 25, in __call__
    return await handler(event, data)
           ^^^^^^^^^^^^^^^^^^^^^^^^^^
  File "/home/admin/.local/lib/python3.11/site-packages/aiogram/dispatcher/middlewares/user_context.py", line 56, in __call__
    return await handler(event, data)
           ^^^^^^^^^^^^^^^^^^^^^^^^^^
  File "/home/admin/.local/lib/python3.11/site-packages/aiogram/fsm/middleware.py", line 42, in __call__
    return await handler(event, data)
           ^^^^^^^^^^^^^^^^^^^^^^^^^^
  File "/home/admin/.local/lib/python3.11/site-packages/aiogram/dispatcher/event/telegram.py", line 121, in trigger
    return await wrapped_inner(event, kwargs)
           ^^^^^^^^^^^^^^^^^^^^^^^^^^^^^^^^^^
  File "/home/admin/.local/lib/python3.11/site-packages/aiogram/dispatcher/event/handler.py", line 43, in call
    return await wrapped()
           ^^^^^^^^^^^^^^^
  File "/home/admin/.local/lib/python3.11/site-packages/aiogram/dispatcher/dispatcher.py", line 276, in _listen_update
    return await self.propagate_event(update_type=update_type, event=event, **kwargs)
           ^^^^^^^^^^^^^^^^^^^^^^^^^^^^^^^^^^^^^^^^^^^^^^^^^^^^^^^^^^^^^^^^^^^^^^^^^^
  File "/home/admin/.local/lib/python3.11/site-packages/aiogram/dispatcher/router.py", line 146, in propagate_event
    return await observer.wrap_outer_middleware(_wrapped, event=event, data=kwargs)
           ^^^^^^^^^^^^^^^^^^^^^^^^^^^^^^^^^^^^^^^^^^^^^^^^^^^^^^^^^^^^^^^^^^^^^^^^
  File "/home/admin/.local/lib/python3.11/site-packages/aiogram/dispatcher/router.py", line 141, in _wrapped
    return await self._propagate_event(
           ^^^^^^^^^^^^^^^^^^^^^^^^^^^^
  File "/home/admin/.local/lib/python3.11/site-packages/aiogram/dispatcher/router.py", line 166, in _propagate_event
    response = await observer.trigger(event, **kwargs)
               ^^^^^^^^^^^^^^^^^^^^^^^^^^^^^^^^^^^^^^^
  File "/home/admin/.local/lib/python3.11/site-packages/aiogram/dispatcher/event/telegram.py", line 121, in trigger
    return await wrapped_inner(event, kwargs)
           ^^^^^^^^^^^^^^^^^^^^^^^^^^^^^^^^^^
  File "/home/admin/.local/lib/python3.11/site-packages/aiogram/dispatcher/event/handler.py", line 43, in call
    return await wrapped()
           ^^^^^^^^^^^^^^^
  File "/home/admin/DLMaster/plugins/dir_plugin.py", line 190, in rename_item
    context.user_data["rename_target"] = path
    ^^^^^^^^^^^^^^^^^
AttributeError: 'AppContext' object has no attribute 'user_data'
2025.03.30 13:32:48 aiogram.event        INFO     Update id=511589217 is handled. Duration 0 ms by bot id=8095621527
2025.03.30 13:33:04 aiogram.event        INFO     Update id=511589218 is not handled. Duration 3 ms by bot id=8095621527
2025.03.30 13:33:04 aiogram.event        ERROR    Cause exception while process update id=511589218 by bot id=8095621527
AttributeError: 'AppContext' object has no attribute 'user_data'
Traceback (most recent call last):
  File "/home/admin/.local/lib/python3.11/site-packages/aiogram/dispatcher/dispatcher.py", line 309, in _process_update
    response = await self.feed_update(bot, update, **kwargs)
               ^^^^^^^^^^^^^^^^^^^^^^^^^^^^^^^^^^^^^^^^^^^^^
  File "/home/admin/.local/lib/python3.11/site-packages/aiogram/dispatcher/dispatcher.py", line 158, in feed_update
    response = await self.update.wrap_outer_middleware(
               ^^^^^^^^^^^^^^^^^^^^^^^^^^^^^^^^^^^^^^^^
  File "/home/admin/.local/lib/python3.11/site-packages/aiogram/dispatcher/middlewares/error.py", line 25, in __call__
    return await handler(event, data)
           ^^^^^^^^^^^^^^^^^^^^^^^^^^
  File "/home/admin/.local/lib/python3.11/site-packages/aiogram/dispatcher/middlewares/user_context.py", line 56, in __call__
    return await handler(event, data)
           ^^^^^^^^^^^^^^^^^^^^^^^^^^
  File "/home/admin/.local/lib/python3.11/site-packages/aiogram/fsm/middleware.py", line 42, in __call__
    return await handler(event, data)
           ^^^^^^^^^^^^^^^^^^^^^^^^^^
  File "/home/admin/.local/lib/python3.11/site-packages/aiogram/dispatcher/event/telegram.py", line 121, in trigger
    return await wrapped_inner(event, kwargs)
           ^^^^^^^^^^^^^^^^^^^^^^^^^^^^^^^^^^
  File "/home/admin/.local/lib/python3.11/site-packages/aiogram/dispatcher/event/handler.py", line 43, in call
    return await wrapped()
           ^^^^^^^^^^^^^^^
  File "/home/admin/.local/lib/python3.11/site-packages/aiogram/dispatcher/dispatcher.py", line 276, in _listen_update
    return await self.propagate_event(update_type=update_type, event=event, **kwargs)
           ^^^^^^^^^^^^^^^^^^^^^^^^^^^^^^^^^^^^^^^^^^^^^^^^^^^^^^^^^^^^^^^^^^^^^^^^^^
  File "/home/admin/.local/lib/python3.11/site-packages/aiogram/dispatcher/router.py", line 146, in propagate_event
    return await observer.wrap_outer_middleware(_wrapped, event=event, data=kwargs)
           ^^^^^^^^^^^^^^^^^^^^^^^^^^^^^^^^^^^^^^^^^^^^^^^^^^^^^^^^^^^^^^^^^^^^^^^^
  File "/home/admin/.local/lib/python3.11/site-packages/aiogram/dispatcher/router.py", line 141, in _wrapped
    return await self._propagate_event(
           ^^^^^^^^^^^^^^^^^^^^^^^^^^^^
  File "/home/admin/.local/lib/python3.11/site-packages/aiogram/dispatcher/router.py", line 166, in _propagate_event
    response = await observer.trigger(event, **kwargs)
               ^^^^^^^^^^^^^^^^^^^^^^^^^^^^^^^^^^^^^^^
  File "/home/admin/.local/lib/python3.11/site-packages/aiogram/dispatcher/event/telegram.py", line 121, in trigger
    return await wrapped_inner(event, kwargs)
           ^^^^^^^^^^^^^^^^^^^^^^^^^^^^^^^^^^
  File "/home/admin/.local/lib/python3.11/site-packages/aiogram/dispatcher/event/handler.py", line 43, in call
    return await wrapped()
           ^^^^^^^^^^^^^^^
  File "/home/admin/DLMaster/plugins/dir_plugin.py", line 203, in handle_rename
    if "rename_target" not in context.user_data:
                              ^^^^^^^^^^^^^^^^^
AttributeError: 'AppContext' object has no attribute 'user_data'
2025.03.30 13:33:21 aiogram.event        INFO     Update id=511589219 is handled. Duration 86 ms by bot id=8095621527
2025.03.30 13:33:52 aiogram.event        INFO     Update id=511589220 is handled. Duration 0 ms by bot id=8095621527
2025.03.30 13:34:03 aiogram.event        INFO     Update id=511589221 is handled. Duration 0 ms by bot id=8095621527
2025.03.30 13:34:21 aiogram.event        INFO     Update id=511589222 is not handled. Duration 1 ms by bot id=8095621527
2025.03.30 13:37:45 aiogram.event        INFO     Update id=511589223 is not handled. Duration 2 ms by bot id=8095621527
2025.03.30 13:37:45 aiogram.event        ERROR    Cause exception while process update id=511589223 by bot id=8095621527
AttributeError: 'AppContext' object has no attribute 'user_data'
Traceback (most recent call last):
  File "/home/admin/.local/lib/python3.11/site-packages/aiogram/dispatcher/dispatcher.py", line 309, in _process_update
    response = await self.feed_update(bot, update, **kwargs)
               ^^^^^^^^^^^^^^^^^^^^^^^^^^^^^^^^^^^^^^^^^^^^^
  File "/home/admin/.local/lib/python3.11/site-packages/aiogram/dispatcher/dispatcher.py", line 158, in feed_update
    response = await self.update.wrap_outer_middleware(
               ^^^^^^^^^^^^^^^^^^^^^^^^^^^^^^^^^^^^^^^^
  File "/home/admin/.local/lib/python3.11/site-packages/aiogram/dispatcher/middlewares/error.py", line 25, in __call__
    return await handler(event, data)
           ^^^^^^^^^^^^^^^^^^^^^^^^^^
  File "/home/admin/.local/lib/python3.11/site-packages/aiogram/dispatcher/middlewares/user_context.py", line 56, in __call__
    return await handler(event, data)
           ^^^^^^^^^^^^^^^^^^^^^^^^^^
  File "/home/admin/.local/lib/python3.11/site-packages/aiogram/fsm/middleware.py", line 42, in __call__
    return await handler(event, data)
           ^^^^^^^^^^^^^^^^^^^^^^^^^^
  File "/home/admin/.local/lib/python3.11/site-packages/aiogram/dispatcher/event/telegram.py", line 121, in trigger
    return await wrapped_inner(event, kwargs)
           ^^^^^^^^^^^^^^^^^^^^^^^^^^^^^^^^^^
  File "/home/admin/.local/lib/python3.11/site-packages/aiogram/dispatcher/event/handler.py", line 43, in call
    return await wrapped()
           ^^^^^^^^^^^^^^^
  File "/home/admin/.local/lib/python3.11/site-packages/aiogram/dispatcher/dispatcher.py", line 276, in _listen_update
    return await self.propagate_event(update_type=update_type, event=event, **kwargs)
           ^^^^^^^^^^^^^^^^^^^^^^^^^^^^^^^^^^^^^^^^^^^^^^^^^^^^^^^^^^^^^^^^^^^^^^^^^^
  File "/home/admin/.local/lib/python3.11/site-packages/aiogram/dispatcher/router.py", line 146, in propagate_event
    return await observer.wrap_outer_middleware(_wrapped, event=event, data=kwargs)
           ^^^^^^^^^^^^^^^^^^^^^^^^^^^^^^^^^^^^^^^^^^^^^^^^^^^^^^^^^^^^^^^^^^^^^^^^
  File "/home/admin/.local/lib/python3.11/site-packages/aiogram/dispatcher/router.py", line 141, in _wrapped
    return await self._propagate_event(
           ^^^^^^^^^^^^^^^^^^^^^^^^^^^^
  File "/home/admin/.local/lib/python3.11/site-packages/aiogram/dispatcher/router.py", line 166, in _propagate_event
    response = await observer.trigger(event, **kwargs)
               ^^^^^^^^^^^^^^^^^^^^^^^^^^^^^^^^^^^^^^^
  File "/home/admin/.local/lib/python3.11/site-packages/aiogram/dispatcher/event/telegram.py", line 121, in trigger
    return await wrapped_inner(event, kwargs)
           ^^^^^^^^^^^^^^^^^^^^^^^^^^^^^^^^^^
  File "/home/admin/.local/lib/python3.11/site-packages/aiogram/dispatcher/event/handler.py", line 43, in call
    return await wrapped()
           ^^^^^^^^^^^^^^^
  File "/home/admin/DLMaster/plugins/dir_plugin.py", line 203, in handle_rename
    if "rename_target" not in context.user_data:
                              ^^^^^^^^^^^^^^^^^
AttributeError: 'AppContext' object has no attribute 'user_data'
2025.03.30 13:38:00 aiogram.event        INFO     Update id=511589224 is not handled. Duration 2 ms by bot id=8095621527
2025.03.30 13:38:00 aiogram.event        ERROR    Cause exception while process update id=511589224 by bot id=8095621527
AttributeError: 'AppContext' object has no attribute 'user_data'
Traceback (most recent call last):
  File "/home/admin/.local/lib/python3.11/site-packages/aiogram/dispatcher/dispatcher.py", line 309, in _process_update
    response = await self.feed_update(bot, update, **kwargs)
               ^^^^^^^^^^^^^^^^^^^^^^^^^^^^^^^^^^^^^^^^^^^^^
  File "/home/admin/.local/lib/python3.11/site-packages/aiogram/dispatcher/dispatcher.py", line 158, in feed_update
    response = await self.update.wrap_outer_middleware(
               ^^^^^^^^^^^^^^^^^^^^^^^^^^^^^^^^^^^^^^^^
  File "/home/admin/.local/lib/python3.11/site-packages/aiogram/dispatcher/middlewares/error.py", line 25, in __call__
    return await handler(event, data)
           ^^^^^^^^^^^^^^^^^^^^^^^^^^
  File "/home/admin/.local/lib/python3.11/site-packages/aiogram/dispatcher/middlewares/user_context.py", line 56, in __call__
    return await handler(event, data)
           ^^^^^^^^^^^^^^^^^^^^^^^^^^
  File "/home/admin/.local/lib/python3.11/site-packages/aiogram/fsm/middleware.py", line 42, in __call__
    return await handler(event, data)
           ^^^^^^^^^^^^^^^^^^^^^^^^^^
  File "/home/admin/.local/lib/python3.11/site-packages/aiogram/dispatcher/event/telegram.py", line 121, in trigger
    return await wrapped_inner(event, kwargs)
           ^^^^^^^^^^^^^^^^^^^^^^^^^^^^^^^^^^
  File "/home/admin/.local/lib/python3.11/site-packages/aiogram/dispatcher/event/handler.py", line 43, in call
    return await wrapped()
           ^^^^^^^^^^^^^^^
  File "/home/admin/.local/lib/python3.11/site-packages/aiogram/dispatcher/dispatcher.py", line 276, in _listen_update
    return await self.propagate_event(update_type=update_type, event=event, **kwargs)
           ^^^^^^^^^^^^^^^^^^^^^^^^^^^^^^^^^^^^^^^^^^^^^^^^^^^^^^^^^^^^^^^^^^^^^^^^^^
  File "/home/admin/.local/lib/python3.11/site-packages/aiogram/dispatcher/router.py", line 146, in propagate_event
    return await observer.wrap_outer_middleware(_wrapped, event=event, data=kwargs)
           ^^^^^^^^^^^^^^^^^^^^^^^^^^^^^^^^^^^^^^^^^^^^^^^^^^^^^^^^^^^^^^^^^^^^^^^^
  File "/home/admin/.local/lib/python3.11/site-packages/aiogram/dispatcher/router.py", line 141, in _wrapped
    return await self._propagate_event(
           ^^^^^^^^^^^^^^^^^^^^^^^^^^^^
  File "/home/admin/.local/lib/python3.11/site-packages/aiogram/dispatcher/router.py", line 166, in _propagate_event
    response = await observer.trigger(event, **kwargs)
               ^^^^^^^^^^^^^^^^^^^^^^^^^^^^^^^^^^^^^^^
  File "/home/admin/.local/lib/python3.11/site-packages/aiogram/dispatcher/event/telegram.py", line 121, in trigger
    return await wrapped_inner(event, kwargs)
           ^^^^^^^^^^^^^^^^^^^^^^^^^^^^^^^^^^
  File "/home/admin/.local/lib/python3.11/site-packages/aiogram/dispatcher/event/handler.py", line 43, in call
    return await wrapped()
           ^^^^^^^^^^^^^^^
  File "/home/admin/DLMaster/plugins/dir_plugin.py", line 203, in handle_rename
    if "rename_target" not in context.user_data:
                              ^^^^^^^^^^^^^^^^^
AttributeError: 'AppContext' object has no attribute 'user_data'
2025.03.30 13:41:30 aiogram.event        INFO     Update id=511589225 is not handled. Duration 1 ms by bot id=8095621527
2025.03.30 13:42:52 aiogram.event        INFO     Update id=511589226 is not handled. Duration 1 ms by bot id=8095621527
2025.03.30 13:42:52 aiogram.event        ERROR    Cause exception while process update id=511589226 by bot id=8095621527
AttributeError: 'AppContext' object has no attribute 'user_data'
Traceback (most recent call last):
  File "/home/admin/.local/lib/python3.11/site-packages/aiogram/dispatcher/dispatcher.py", line 309, in _process_update
    response = await self.feed_update(bot, update, **kwargs)
               ^^^^^^^^^^^^^^^^^^^^^^^^^^^^^^^^^^^^^^^^^^^^^
  File "/home/admin/.local/lib/python3.11/site-packages/aiogram/dispatcher/dispatcher.py", line 158, in feed_update
    response = await self.update.wrap_outer_middleware(
               ^^^^^^^^^^^^^^^^^^^^^^^^^^^^^^^^^^^^^^^^
  File "/home/admin/.local/lib/python3.11/site-packages/aiogram/dispatcher/middlewares/error.py", line 25, in __call__
    return await handler(event, data)
           ^^^^^^^^^^^^^^^^^^^^^^^^^^
  File "/home/admin/.local/lib/python3.11/site-packages/aiogram/dispatcher/middlewares/user_context.py", line 56, in __call__
    return await handler(event, data)
           ^^^^^^^^^^^^^^^^^^^^^^^^^^
  File "/home/admin/.local/lib/python3.11/site-packages/aiogram/fsm/middleware.py", line 42, in __call__
    return await handler(event, data)
           ^^^^^^^^^^^^^^^^^^^^^^^^^^
  File "/home/admin/.local/lib/python3.11/site-packages/aiogram/dispatcher/event/telegram.py", line 121, in trigger
    return await wrapped_inner(event, kwargs)
           ^^^^^^^^^^^^^^^^^^^^^^^^^^^^^^^^^^
  File "/home/admin/.local/lib/python3.11/site-packages/aiogram/dispatcher/event/handler.py", line 43, in call
    return await wrapped()
           ^^^^^^^^^^^^^^^
  File "/home/admin/.local/lib/python3.11/site-packages/aiogram/dispatcher/dispatcher.py", line 276, in _listen_update
    return await self.propagate_event(update_type=update_type, event=event, **kwargs)
           ^^^^^^^^^^^^^^^^^^^^^^^^^^^^^^^^^^^^^^^^^^^^^^^^^^^^^^^^^^^^^^^^^^^^^^^^^^
  File "/home/admin/.local/lib/python3.11/site-packages/aiogram/dispatcher/router.py", line 146, in propagate_event
    return await observer.wrap_outer_middleware(_wrapped, event=event, data=kwargs)
           ^^^^^^^^^^^^^^^^^^^^^^^^^^^^^^^^^^^^^^^^^^^^^^^^^^^^^^^^^^^^^^^^^^^^^^^^
  File "/home/admin/.local/lib/python3.11/site-packages/aiogram/dispatcher/router.py", line 141, in _wrapped
    return await self._propagate_event(
           ^^^^^^^^^^^^^^^^^^^^^^^^^^^^
  File "/home/admin/.local/lib/python3.11/site-packages/aiogram/dispatcher/router.py", line 166, in _propagate_event
    response = await observer.trigger(event, **kwargs)
               ^^^^^^^^^^^^^^^^^^^^^^^^^^^^^^^^^^^^^^^
  File "/home/admin/.local/lib/python3.11/site-packages/aiogram/dispatcher/event/telegram.py", line 121, in trigger
    return await wrapped_inner(event, kwargs)
           ^^^^^^^^^^^^^^^^^^^^^^^^^^^^^^^^^^
  File "/home/admin/.local/lib/python3.11/site-packages/aiogram/dispatcher/event/handler.py", line 43, in call
    return await wrapped()
           ^^^^^^^^^^^^^^^
  File "/home/admin/DLMaster/plugins/dir_plugin.py", line 203, in handle_rename
    if "rename_target" not in context.user_data:
                              ^^^^^^^^^^^^^^^^^
AttributeError: 'AppContext' object has no attribute 'user_data'
2025.03.30 13:42:56 aiogram.event        INFO     Update id=511589227 is not handled. Duration 1 ms by bot id=8095621527
2025.03.30 13:42:56 aiogram.event        ERROR    Cause exception while process update id=511589227 by bot id=8095621527
AttributeError: 'AppContext' object has no attribute 'user_data'
Traceback (most recent call last):
  File "/home/admin/.local/lib/python3.11/site-packages/aiogram/dispatcher/dispatcher.py", line 309, in _process_update
    response = await self.feed_update(bot, update, **kwargs)
               ^^^^^^^^^^^^^^^^^^^^^^^^^^^^^^^^^^^^^^^^^^^^^
  File "/home/admin/.local/lib/python3.11/site-packages/aiogram/dispatcher/dispatcher.py", line 158, in feed_update
    response = await self.update.wrap_outer_middleware(
               ^^^^^^^^^^^^^^^^^^^^^^^^^^^^^^^^^^^^^^^^
  File "/home/admin/.local/lib/python3.11/site-packages/aiogram/dispatcher/middlewares/error.py", line 25, in __call__
    return await handler(event, data)
           ^^^^^^^^^^^^^^^^^^^^^^^^^^
  File "/home/admin/.local/lib/python3.11/site-packages/aiogram/dispatcher/middlewares/user_context.py", line 56, in __call__
    return await handler(event, data)
           ^^^^^^^^^^^^^^^^^^^^^^^^^^
  File "/home/admin/.local/lib/python3.11/site-packages/aiogram/fsm/middleware.py", line 42, in __call__
    return await handler(event, data)
           ^^^^^^^^^^^^^^^^^^^^^^^^^^
  File "/home/admin/.local/lib/python3.11/site-packages/aiogram/dispatcher/event/telegram.py", line 121, in trigger
    return await wrapped_inner(event, kwargs)
           ^^^^^^^^^^^^^^^^^^^^^^^^^^^^^^^^^^
  File "/home/admin/.local/lib/python3.11/site-packages/aiogram/dispatcher/event/handler.py", line 43, in call
    return await wrapped()
           ^^^^^^^^^^^^^^^
  File "/home/admin/.local/lib/python3.11/site-packages/aiogram/dispatcher/dispatcher.py", line 276, in _listen_update
    return await self.propagate_event(update_type=update_type, event=event, **kwargs)
           ^^^^^^^^^^^^^^^^^^^^^^^^^^^^^^^^^^^^^^^^^^^^^^^^^^^^^^^^^^^^^^^^^^^^^^^^^^
  File "/home/admin/.local/lib/python3.11/site-packages/aiogram/dispatcher/router.py", line 146, in propagate_event
    return await observer.wrap_outer_middleware(_wrapped, event=event, data=kwargs)
           ^^^^^^^^^^^^^^^^^^^^^^^^^^^^^^^^^^^^^^^^^^^^^^^^^^^^^^^^^^^^^^^^^^^^^^^^
  File "/home/admin/.local/lib/python3.11/site-packages/aiogram/dispatcher/router.py", line 141, in _wrapped
    return await self._propagate_event(
           ^^^^^^^^^^^^^^^^^^^^^^^^^^^^
  File "/home/admin/.local/lib/python3.11/site-packages/aiogram/dispatcher/router.py", line 166, in _propagate_event
    response = await observer.trigger(event, **kwargs)
               ^^^^^^^^^^^^^^^^^^^^^^^^^^^^^^^^^^^^^^^
  File "/home/admin/.local/lib/python3.11/site-packages/aiogram/dispatcher/event/telegram.py", line 121, in trigger
    return await wrapped_inner(event, kwargs)
           ^^^^^^^^^^^^^^^^^^^^^^^^^^^^^^^^^^
  File "/home/admin/.local/lib/python3.11/site-packages/aiogram/dispatcher/event/handler.py", line 43, in call
    return await wrapped()
           ^^^^^^^^^^^^^^^
  File "/home/admin/DLMaster/plugins/dir_plugin.py", line 203, in handle_rename
    if "rename_target" not in context.user_data:
                              ^^^^^^^^^^^^^^^^^
AttributeError: 'AppContext' object has no attribute 'user_data'
2025.03.30 13:43:23 aiogram.dispatcher   WARNING  Received SIGINT signal
2025.03.30 13:43:23 aiogram.dispatcher   INFO     Polling stopped for bot @dllmasterbot id=8095621527 - 'DLLMaster for Music'
2025.03.30 13:43:23 aiogram.dispatcher   INFO     Polling stopped
2025.03.30 13:43:23 __main__             INFO     🛑 Polling stopped
2025.03.30 13:43:23 __main__             INFO     🔴 Bot stopped
2025.03.30 13:43:29 __main__             INFO     🤖 Starting bot...
2025.03.30 13:43:29 __main__             INFO     🚀 Starting bot initialization...
2025.03.30 13:43:29 __main__             INFO     ✅ Database initialized successfully
2025.03.30 13:43:29 core.spotify_handler INFO     Spotify API ilə əlaqə quruldu.
2025.03.30 13:43:29 __main__             INFO     ✅ Spotify service initialized
2025.03.30 13:43:29 core.webprofile      INFO     Seçilmiş User-Agent: Mozilla/5.0 (iPhone; CPU iPhone OS 17_2 like Mac OS X) AppleWebKit/605.1.15 (KHTML, like Gecko) Version/17.2 Mobile/15E148 Safari/604.1
2025.03.30 13:43:29 core.youtube_handler INFO     firefox brauzerindən cookies istifadə edilir.
2025.03.30 13:43:29 __main__             INFO     ✅ YouTube services initialized (firefox)
2025.03.30 13:43:29 __main__             INFO     🔌 Loading plugins...
2025.03.30 13:43:29 __main__             INFO     🔍 Scanning plugins in: plugins
2025.03.30 13:43:29 __main__             INFO     🔄 Loading: plugins.spotify_plugin
2025.03.30 13:43:29 __main__             INFO     ✅ Loaded (sync): plugins.spotify_plugin
2025.03.30 13:43:29 __main__             INFO     🔄 Loading: plugins.menu_plugin
2025.03.30 13:43:29 __main__             INFO     ✅ Loaded (sync): plugins.menu_plugin
2025.03.30 13:43:29 __main__             INFO     🔄 Loading: plugins.sudo_plugin
2025.03.30 13:43:29 __main__             INFO     ✅ Loaded (sync): plugins.sudo_plugin
2025.03.30 13:43:29 __main__             INFO     🔄 Loading: plugins.youtube_plugin
2025.03.30 13:43:29 __main__             INFO     ✅ Loaded (sync): plugins.youtube_plugin
2025.03.30 13:43:29 __main__             INFO     🔄 Loading: plugins.neofetch_plugin
2025.03.30 13:43:29 __main__             INFO     ✅ Loaded (sync): plugins.neofetch_plugin
2025.03.30 13:43:29 __main__             INFO     🔄 Loading: plugins.report_plugin
2025.03.30 13:43:29 __main__             INFO     ✅ Loaded (async): plugins.report_plugin
2025.03.30 13:43:29 __main__             INFO     🔄 Loading: plugins.del_plugin
2025.03.30 13:43:29 __main__             INFO     ✅ Loaded (sync): plugins.del_plugin
2025.03.30 13:43:29 __main__             INFO     🔄 Loading: plugins.music_plugin
2025.03.30 13:43:29 __main__             INFO     ✅ Loaded (sync): plugins.music_plugin
2025.03.30 13:43:29 __main__             INFO     🔄 Loading: plugins.start_plugin
2025.03.30 13:43:29 __main__             INFO     ✅ Loaded (async): plugins.start_plugin
2025.03.30 13:43:29 __main__             INFO     🔄 Loading: plugins.dir_plugin
2025.03.30 13:43:29 __main__             INFO     ✅ Loaded (sync): plugins.dir_plugin
2025.03.30 13:43:29 __main__             INFO     🔄 Loading: plugins.broadcast_plugin
2025.03.30 13:43:29 __main__             INFO     ✅ Loaded (sync): plugins.broadcast_plugin
2025.03.30 13:43:29 __main__             INFO     🔄 Loading: plugins.speedtest_plugin
2025.03.30 13:43:29 __main__             INFO     ✅ Loaded (sync): plugins.speedtest_plugin
2025.03.30 13:43:29 __main__             INFO     🔄 Loading: plugins.bot_logs
2025.03.30 13:43:29 __main__             INFO     ✅ Loaded (async): plugins.bot_logs
2025.03.30 13:43:29 __main__             INFO     🚀 Starting polling...
2025.03.30 13:43:29 aiogram.dispatcher   INFO     Start polling
2025.03.30 13:43:29 aiogram.dispatcher   INFO     Run polling for bot @dllmasterbot id=8095621527 - 'DLLMaster for Music'
2025.03.30 13:43:36 aiogram.event        INFO     Update id=511589228 is not handled. Duration 149 ms by bot id=8095621527
2025.03.30 13:43:36 aiogram.event        ERROR    Cause exception while process update id=511589228 by bot id=8095621527
TelegramBadRequest: Telegram server says - Bad Request: message is not modified: specified new message content and reply markup are exactly the same as a current content and reply markup of the message
Traceback (most recent call last):
  File "/home/admin/.local/lib/python3.11/site-packages/aiogram/dispatcher/dispatcher.py", line 309, in _process_update
    response = await self.feed_update(bot, update, **kwargs)
               ^^^^^^^^^^^^^^^^^^^^^^^^^^^^^^^^^^^^^^^^^^^^^
  File "/home/admin/.local/lib/python3.11/site-packages/aiogram/dispatcher/dispatcher.py", line 158, in feed_update
    response = await self.update.wrap_outer_middleware(
               ^^^^^^^^^^^^^^^^^^^^^^^^^^^^^^^^^^^^^^^^
  File "/home/admin/.local/lib/python3.11/site-packages/aiogram/dispatcher/middlewares/error.py", line 25, in __call__
    return await handler(event, data)
           ^^^^^^^^^^^^^^^^^^^^^^^^^^
  File "/home/admin/.local/lib/python3.11/site-packages/aiogram/dispatcher/middlewares/user_context.py", line 56, in __call__
    return await handler(event, data)
           ^^^^^^^^^^^^^^^^^^^^^^^^^^
  File "/home/admin/.local/lib/python3.11/site-packages/aiogram/fsm/middleware.py", line 42, in __call__
    return await handler(event, data)
           ^^^^^^^^^^^^^^^^^^^^^^^^^^
  File "/home/admin/.local/lib/python3.11/site-packages/aiogram/dispatcher/event/telegram.py", line 121, in trigger
    return await wrapped_inner(event, kwargs)
           ^^^^^^^^^^^^^^^^^^^^^^^^^^^^^^^^^^
  File "/home/admin/.local/lib/python3.11/site-packages/aiogram/dispatcher/event/handler.py", line 43, in call
    return await wrapped()
           ^^^^^^^^^^^^^^^
  File "/home/admin/.local/lib/python3.11/site-packages/aiogram/dispatcher/dispatcher.py", line 276, in _listen_update
    return await self.propagate_event(update_type=update_type, event=event, **kwargs)
           ^^^^^^^^^^^^^^^^^^^^^^^^^^^^^^^^^^^^^^^^^^^^^^^^^^^^^^^^^^^^^^^^^^^^^^^^^^
  File "/home/admin/.local/lib/python3.11/site-packages/aiogram/dispatcher/router.py", line 146, in propagate_event
    return await observer.wrap_outer_middleware(_wrapped, event=event, data=kwargs)
           ^^^^^^^^^^^^^^^^^^^^^^^^^^^^^^^^^^^^^^^^^^^^^^^^^^^^^^^^^^^^^^^^^^^^^^^^
  File "/home/admin/.local/lib/python3.11/site-packages/aiogram/dispatcher/router.py", line 141, in _wrapped
    return await self._propagate_event(
           ^^^^^^^^^^^^^^^^^^^^^^^^^^^^
  File "/home/admin/.local/lib/python3.11/site-packages/aiogram/dispatcher/router.py", line 166, in _propagate_event
    response = await observer.trigger(event, **kwargs)
               ^^^^^^^^^^^^^^^^^^^^^^^^^^^^^^^^^^^^^^^
  File "/home/admin/.local/lib/python3.11/site-packages/aiogram/dispatcher/event/telegram.py", line 121, in trigger
    return await wrapped_inner(event, kwargs)
           ^^^^^^^^^^^^^^^^^^^^^^^^^^^^^^^^^^
  File "/home/admin/.local/lib/python3.11/site-packages/aiogram/dispatcher/event/handler.py", line 43, in call
    return await wrapped()
           ^^^^^^^^^^^^^^^
  File "/home/admin/DLMaster/plugins/dir_plugin.py", line 92, in handle_directory
    await callback.message.edit_text(response, parse_mode="HTML", reply_markup=keyboard)
  File "/home/admin/.local/lib/python3.11/site-packages/aiogram/methods/base.py", line 84, in emit
    return await bot(self)
           ^^^^^^^^^^^^^^^
  File "/home/admin/.local/lib/python3.11/site-packages/aiogram/client/bot.py", line 453, in __call__
    return await self.session(self, method, timeout=request_timeout)
           ^^^^^^^^^^^^^^^^^^^^^^^^^^^^^^^^^^^^^^^^^^^^^^^^^^^^^^^^^
  File "/home/admin/.local/lib/python3.11/site-packages/aiogram/client/session/base.py", line 254, in __call__
    return cast(TelegramType, await middleware(bot, method))
                              ^^^^^^^^^^^^^^^^^^^^^^^^^^^^^
  File "/home/admin/.local/lib/python3.11/site-packages/aiogram/client/session/aiohttp.py", line 185, in make_request
    response = self.check_response(
               ^^^^^^^^^^^^^^^^^^^^
  File "/home/admin/.local/lib/python3.11/site-packages/aiogram/client/session/base.py", line 120, in check_response
    raise TelegramBadRequest(method=method, message=description)
aiogram.exceptions.TelegramBadRequest: Telegram server says - Bad Request: message is not modified: specified new message content and reply markup are exactly the same as a current content and reply markup of the message
2025.03.30 13:43:38 aiogram.event        INFO     Update id=511589229 is handled. Duration 62 ms by bot id=8095621527
2025.03.30 13:43:40 aiogram.event        INFO     Update id=511589230 is handled. Duration 96 ms by bot id=8095621527
2025.03.30 13:43:44 aiogram.event        INFO     Update id=511589231 is handled. Duration 103 ms by bot id=8095621527
2025.03.30 13:43:49 aiogram.event        INFO     Update id=511589232 is handled. Duration 241 ms by bot id=8095621527
2025.03.30 13:43:51 aiogram.event        INFO     Update id=511589233 is handled. Duration 196 ms by bot id=8095621527
2025.03.30 13:44:00 aiogram.event        INFO     Update id=511589234 is handled. Duration 187 ms by bot id=8095621527
2025.03.30 13:44:11 aiogram.event        INFO     Update id=511589235 is handled. Duration 87 ms by bot id=8095621527
2025.03.30 13:44:14 plugins.dir_plugin   ERROR    Directory error: [Errno 2] No such file or directory: '/home/admin/DLMaster/cachedide'
2025.03.30 13:44:14 aiogram.event        INFO     Update id=511589236 is handled. Duration 234 ms by bot id=8095621527
2025.03.30 13:44:19 plugins.dir_plugin   ERROR    Delete error: [Errno 2] No such file or directory: '/home/admin/DLMaster/cachedide'
2025.03.30 13:44:19 aiogram.event        INFO     Update id=511589237 is handled. Duration 30 ms by bot id=8095621527
2025.03.30 13:44:21 aiogram.event        INFO     Update id=511589238 is handled. Duration 96 ms by bot id=8095621527
2025.03.30 13:44:29 aiogram.event        INFO     Update id=511589239 is handled. Duration 136 ms by bot id=8095621527
2025.03.30 13:44:33 aiogram.event        INFO     Update id=511589240 is handled. Duration 2112 ms by bot id=8095621527
2025.03.30 13:45:20 aiogram.event        INFO     Update id=511589241 is handled. Duration 299 ms by bot id=8095621527
2025.03.30 13:45:22 aiogram.event        INFO     Update id=511589242 is handled. Duration 48 ms by bot id=8095621527
2025.03.30 13:45:24 aiogram.event        INFO     Update id=511589243 is handled. Duration 96 ms by bot id=8095621527
2025.03.30 13:45:29 aiogram.event        INFO     Update id=511589244 is not handled. Duration 80 ms by bot id=8095621527
2025.03.30 13:45:29 aiogram.event        ERROR    Cause exception while process update id=511589244 by bot id=8095621527
TelegramBadRequest: Telegram server says - Bad Request: message is not modified: specified new message content and reply markup are exactly the same as a current content and reply markup of the message
Traceback (most recent call last):
  File "/home/admin/.local/lib/python3.11/site-packages/aiogram/dispatcher/dispatcher.py", line 309, in _process_update
    response = await self.feed_update(bot, update, **kwargs)
               ^^^^^^^^^^^^^^^^^^^^^^^^^^^^^^^^^^^^^^^^^^^^^
  File "/home/admin/.local/lib/python3.11/site-packages/aiogram/dispatcher/dispatcher.py", line 158, in feed_update
    response = await self.update.wrap_outer_middleware(
               ^^^^^^^^^^^^^^^^^^^^^^^^^^^^^^^^^^^^^^^^
  File "/home/admin/.local/lib/python3.11/site-packages/aiogram/dispatcher/middlewares/error.py", line 25, in __call__
    return await handler(event, data)
           ^^^^^^^^^^^^^^^^^^^^^^^^^^
  File "/home/admin/.local/lib/python3.11/site-packages/aiogram/dispatcher/middlewares/user_context.py", line 56, in __call__
    return await handler(event, data)
           ^^^^^^^^^^^^^^^^^^^^^^^^^^
  File "/home/admin/.local/lib/python3.11/site-packages/aiogram/fsm/middleware.py", line 42, in __call__
    return await handler(event, data)
           ^^^^^^^^^^^^^^^^^^^^^^^^^^
  File "/home/admin/.local/lib/python3.11/site-packages/aiogram/dispatcher/event/telegram.py", line 121, in trigger
    return await wrapped_inner(event, kwargs)
           ^^^^^^^^^^^^^^^^^^^^^^^^^^^^^^^^^^
  File "/home/admin/.local/lib/python3.11/site-packages/aiogram/dispatcher/event/handler.py", line 43, in call
    return await wrapped()
           ^^^^^^^^^^^^^^^
  File "/home/admin/.local/lib/python3.11/site-packages/aiogram/dispatcher/dispatcher.py", line 276, in _listen_update
    return await self.propagate_event(update_type=update_type, event=event, **kwargs)
           ^^^^^^^^^^^^^^^^^^^^^^^^^^^^^^^^^^^^^^^^^^^^^^^^^^^^^^^^^^^^^^^^^^^^^^^^^^
  File "/home/admin/.local/lib/python3.11/site-packages/aiogram/dispatcher/router.py", line 146, in propagate_event
    return await observer.wrap_outer_middleware(_wrapped, event=event, data=kwargs)
           ^^^^^^^^^^^^^^^^^^^^^^^^^^^^^^^^^^^^^^^^^^^^^^^^^^^^^^^^^^^^^^^^^^^^^^^^
  File "/home/admin/.local/lib/python3.11/site-packages/aiogram/dispatcher/router.py", line 141, in _wrapped
    return await self._propagate_event(
           ^^^^^^^^^^^^^^^^^^^^^^^^^^^^
  File "/home/admin/.local/lib/python3.11/site-packages/aiogram/dispatcher/router.py", line 166, in _propagate_event
    response = await observer.trigger(event, **kwargs)
               ^^^^^^^^^^^^^^^^^^^^^^^^^^^^^^^^^^^^^^^
  File "/home/admin/.local/lib/python3.11/site-packages/aiogram/dispatcher/event/telegram.py", line 121, in trigger
    return await wrapped_inner(event, kwargs)
           ^^^^^^^^^^^^^^^^^^^^^^^^^^^^^^^^^^
  File "/home/admin/.local/lib/python3.11/site-packages/aiogram/dispatcher/event/handler.py", line 43, in call
    return await wrapped()
           ^^^^^^^^^^^^^^^
  File "/home/admin/DLMaster/plugins/dir_plugin.py", line 92, in handle_directory
    await callback.message.edit_text(response, parse_mode="HTML", reply_markup=keyboard)
  File "/home/admin/.local/lib/python3.11/site-packages/aiogram/methods/base.py", line 84, in emit
    return await bot(self)
           ^^^^^^^^^^^^^^^
  File "/home/admin/.local/lib/python3.11/site-packages/aiogram/client/bot.py", line 453, in __call__
    return await self.session(self, method, timeout=request_timeout)
           ^^^^^^^^^^^^^^^^^^^^^^^^^^^^^^^^^^^^^^^^^^^^^^^^^^^^^^^^^
  File "/home/admin/.local/lib/python3.11/site-packages/aiogram/client/session/base.py", line 254, in __call__
    return cast(TelegramType, await middleware(bot, method))
                              ^^^^^^^^^^^^^^^^^^^^^^^^^^^^^
  File "/home/admin/.local/lib/python3.11/site-packages/aiogram/client/session/aiohttp.py", line 185, in make_request
    response = self.check_response(
               ^^^^^^^^^^^^^^^^^^^^
  File "/home/admin/.local/lib/python3.11/site-packages/aiogram/client/session/base.py", line 120, in check_response
    raise TelegramBadRequest(method=method, message=description)
aiogram.exceptions.TelegramBadRequest: Telegram server says - Bad Request: message is not modified: specified new message content and reply markup are exactly the same as a current content and reply markup of the message
2025.03.30 13:45:48 aiogram.event        INFO     Update id=511589245 is handled. Duration 96 ms by bot id=8095621527
2025.03.30 13:45:53 aiogram.event        INFO     Update id=511589246 is handled. Duration 86 ms by bot id=8095621527
2025.03.30 13:45:55 aiogram.event        INFO     Update id=511589247 is handled. Duration 80 ms by bot id=8095621527
2025.03.30 13:46:00 aiogram.event        INFO     Update id=511589248 is handled. Duration 40 ms by bot id=8095621527
2025.03.30 13:46:04 aiogram.event        INFO     Update id=511589249 is handled. Duration 288 ms by bot id=8095621527
2025.03.30 13:46:06 aiogram.event        INFO     Update id=511589250 is handled. Duration 88 ms by bot id=8095621527
2025.03.30 13:46:11 aiogram.event        INFO     Update id=511589251 is handled. Duration 62 ms by bot id=8095621527
2025.03.30 13:46:13 aiogram.event        INFO     Update id=511589252 is handled. Duration 158 ms by bot id=8095621527
2025.03.30 13:46:40 aiogram.event        INFO     Update id=511589253 is not handled. Duration 2 ms by bot id=8095621527
2025.03.30 13:46:41 aiogram.event        INFO     Update id=511589254 is not handled. Duration 3 ms by bot id=8095621527
2025.03.30 13:47:19 aiogram.event        INFO     Update id=511589255 is handled. Duration 49 ms by bot id=8095621527
2025.03.30 13:48:51 aiogram.event        INFO     Update id=511589256 is handled. Duration 51 ms by bot id=8095621527
2025.03.30 13:49:24 aiogram.event        INFO     Update id=511589257 is handled. Duration 63 ms by bot id=8095621527
2025.03.30 13:49:28 aiogram.event        INFO     Update id=511589258 is handled. Duration 112 ms by bot id=8095621527
2025.03.30 13:49:40 aiogram.event        INFO     Update id=511589259 is handled. Duration 63 ms by bot id=8095621527
2025.03.30 13:49:44 aiogram.event        INFO     Update id=511589260 is handled. Duration 203 ms by bot id=8095621527
2025.03.30 13:49:54 aiogram.event        INFO     Update id=511589261 is handled. Duration 51 ms by bot id=8095621527
2025.03.30 13:50:00 aiogram.event        INFO     Update id=511589262 is handled. Duration 64 ms by bot id=8095621527
2025.03.30 13:50:03 aiogram.event        INFO     Update id=511589263 is handled. Duration 48 ms by bot id=8095621527
2025.03.30 13:50:05 aiogram.event        INFO     Update id=511589264 is handled. Duration 259 ms by bot id=8095621527
2025.03.30 13:50:07 aiogram.event        INFO     Update id=511589265 is handled. Duration 95 ms by bot id=8095621527
2025.03.30 13:50:10 aiogram.event        INFO     Update id=511589266 is handled. Duration 50 ms by bot id=8095621527
2025.03.30 13:50:20 aiogram.event        INFO     Update id=511589267 is handled. Duration 74 ms by bot id=8095621527
2025.03.30 13:50:27 aiogram.event        INFO     Update id=511589268 is handled. Duration 61 ms by bot id=8095621527
2025.03.30 13:50:31 aiogram.event        INFO     Update id=511589269 is handled. Duration 55 ms by bot id=8095621527
2025.03.30 13:50:31 aiogram.event        INFO     Update id=511589270 is handled. Duration 50 ms by bot id=8095621527
2025.03.30 13:50:38 aiogram.event        INFO     Update id=511589271 is handled. Duration 82 ms by bot id=8095621527
2025.03.30 13:50:42 aiogram.event        INFO     Update id=511589272 is handled. Duration 93 ms by bot id=8095621527
2025.03.30 13:50:49 aiogram.event        INFO     Update id=511589273 is handled. Duration 112 ms by bot id=8095621527
2025.03.30 13:51:07 aiogram.event        INFO     Update id=511589274 is handled. Duration 101 ms by bot id=8095621527
2025.03.30 13:51:25 aiogram.event        INFO     Update id=511589275 is handled. Duration 70 ms by bot id=8095621527
2025.03.30 13:52:09 aiogram.event        INFO     Update id=511589276 is not handled. Duration 6 ms by bot id=8095621527
2025.03.30 13:52:09 aiogram.event        INFO     Update id=511589277 is handled. Duration 0 ms by bot id=8095621527
2025.03.30 13:52:09 aiogram.event        INFO     Update id=511589278 is handled. Duration 56 ms by bot id=8095621527
2025.03.30 13:52:15 aiogram.event        INFO     Update id=511589279 is handled. Duration 167 ms by bot id=8095621527
2025.03.30 13:52:15 aiogram.event        INFO     Update id=511589280 is handled. Duration 203 ms by bot id=8095621527
2025.03.30 13:52:17 aiogram.event        INFO     Update id=511589281 is handled. Duration 52 ms by bot id=8095621527
2025.03.30 13:52:19 aiogram.event        INFO     Update id=511589282 is handled. Duration 86 ms by bot id=8095621527
2025.03.30 13:52:22 aiogram.event        INFO     Update id=511589283 is handled. Duration 89 ms by bot id=8095621527
2025.03.30 13:52:25 aiogram.event        INFO     Update id=511589284 is handled. Duration 67 ms by bot id=8095621527
2025.03.30 13:52:29 aiogram.event        INFO     Update id=511589285 is handled. Duration 2419 ms by bot id=8095621527
2025.03.30 13:52:34 aiogram.event        INFO     Update id=511589286 is handled. Duration 203 ms by bot id=8095621527
2025.03.30 13:52:42 aiogram.event        INFO     Update id=511589287 is handled. Duration 87 ms by bot id=8095621527
2025.03.30 13:53:08 aiogram.event        INFO     Update id=511589288 is not handled. Duration 1 ms by bot id=8095621527
2025.03.30 13:53:14 aiogram.event        INFO     Update id=511589289 is not handled. Duration 17 ms by bot id=8095621527
2025.03.30 13:53:14 aiogram.event        ERROR    Cause exception while process update id=511589289 by bot id=8095621527
TelegramBadRequest: Telegram server says - Bad Request: not enough rights to send text messages to the chat
Traceback (most recent call last):
  File "/home/admin/.local/lib/python3.11/site-packages/aiogram/dispatcher/dispatcher.py", line 309, in _process_update
    response = await self.feed_update(bot, update, **kwargs)
               ^^^^^^^^^^^^^^^^^^^^^^^^^^^^^^^^^^^^^^^^^^^^^
  File "/home/admin/.local/lib/python3.11/site-packages/aiogram/dispatcher/dispatcher.py", line 158, in feed_update
    response = await self.update.wrap_outer_middleware(
               ^^^^^^^^^^^^^^^^^^^^^^^^^^^^^^^^^^^^^^^^
  File "/home/admin/.local/lib/python3.11/site-packages/aiogram/dispatcher/middlewares/error.py", line 25, in __call__
    return await handler(event, data)
           ^^^^^^^^^^^^^^^^^^^^^^^^^^
  File "/home/admin/.local/lib/python3.11/site-packages/aiogram/dispatcher/middlewares/user_context.py", line 56, in __call__
    return await handler(event, data)
           ^^^^^^^^^^^^^^^^^^^^^^^^^^
  File "/home/admin/.local/lib/python3.11/site-packages/aiogram/fsm/middleware.py", line 42, in __call__
    return await handler(event, data)
           ^^^^^^^^^^^^^^^^^^^^^^^^^^
  File "/home/admin/.local/lib/python3.11/site-packages/aiogram/dispatcher/event/telegram.py", line 121, in trigger
    return await wrapped_inner(event, kwargs)
           ^^^^^^^^^^^^^^^^^^^^^^^^^^^^^^^^^^
  File "/home/admin/.local/lib/python3.11/site-packages/aiogram/dispatcher/event/handler.py", line 43, in call
    return await wrapped()
           ^^^^^^^^^^^^^^^
  File "/home/admin/.local/lib/python3.11/site-packages/aiogram/dispatcher/dispatcher.py", line 276, in _listen_update
    return await self.propagate_event(update_type=update_type, event=event, **kwargs)
           ^^^^^^^^^^^^^^^^^^^^^^^^^^^^^^^^^^^^^^^^^^^^^^^^^^^^^^^^^^^^^^^^^^^^^^^^^^
  File "/home/admin/.local/lib/python3.11/site-packages/aiogram/dispatcher/router.py", line 146, in propagate_event
    return await observer.wrap_outer_middleware(_wrapped, event=event, data=kwargs)
           ^^^^^^^^^^^^^^^^^^^^^^^^^^^^^^^^^^^^^^^^^^^^^^^^^^^^^^^^^^^^^^^^^^^^^^^^
  File "/home/admin/.local/lib/python3.11/site-packages/aiogram/dispatcher/router.py", line 141, in _wrapped
    return await self._propagate_event(
           ^^^^^^^^^^^^^^^^^^^^^^^^^^^^
  File "/home/admin/.local/lib/python3.11/site-packages/aiogram/dispatcher/router.py", line 166, in _propagate_event
    response = await observer.trigger(event, **kwargs)
               ^^^^^^^^^^^^^^^^^^^^^^^^^^^^^^^^^^^^^^^
  File "/home/admin/.local/lib/python3.11/site-packages/aiogram/dispatcher/event/telegram.py", line 121, in trigger
    return await wrapped_inner(event, kwargs)
           ^^^^^^^^^^^^^^^^^^^^^^^^^^^^^^^^^^
  File "/home/admin/.local/lib/python3.11/site-packages/aiogram/dispatcher/event/handler.py", line 43, in call
    return await wrapped()
           ^^^^^^^^^^^^^^^
  File "/home/admin/DLMaster/plugins/dir_plugin.py", line 208, in handle_rename
    await message.answer("❌ Yetkiniz yoxdur!")
  File "/home/admin/.local/lib/python3.11/site-packages/aiogram/methods/base.py", line 84, in emit
    return await bot(self)
           ^^^^^^^^^^^^^^^
  File "/home/admin/.local/lib/python3.11/site-packages/aiogram/client/bot.py", line 453, in __call__
    return await self.session(self, method, timeout=request_timeout)
           ^^^^^^^^^^^^^^^^^^^^^^^^^^^^^^^^^^^^^^^^^^^^^^^^^^^^^^^^^
  File "/home/admin/.local/lib/python3.11/site-packages/aiogram/client/session/base.py", line 254, in __call__
    return cast(TelegramType, await middleware(bot, method))
                              ^^^^^^^^^^^^^^^^^^^^^^^^^^^^^
  File "/home/admin/.local/lib/python3.11/site-packages/aiogram/client/session/aiohttp.py", line 185, in make_request
    response = self.check_response(
               ^^^^^^^^^^^^^^^^^^^^
  File "/home/admin/.local/lib/python3.11/site-packages/aiogram/client/session/base.py", line 120, in check_response
    raise TelegramBadRequest(method=method, message=description)
aiogram.exceptions.TelegramBadRequest: Telegram server says - Bad Request: not enough rights to send text messages to the chat
2025.03.30 13:53:29 aiogram.event        INFO     Update id=511589290 is not handled. Duration 20 ms by bot id=8095621527
2025.03.30 13:53:29 aiogram.event        ERROR    Cause exception while process update id=511589290 by bot id=8095621527
TelegramBadRequest: Telegram server says - Bad Request: not enough rights to send text messages to the chat
Traceback (most recent call last):
  File "/home/admin/.local/lib/python3.11/site-packages/aiogram/dispatcher/dispatcher.py", line 309, in _process_update
    response = await self.feed_update(bot, update, **kwargs)
               ^^^^^^^^^^^^^^^^^^^^^^^^^^^^^^^^^^^^^^^^^^^^^
  File "/home/admin/.local/lib/python3.11/site-packages/aiogram/dispatcher/dispatcher.py", line 158, in feed_update
    response = await self.update.wrap_outer_middleware(
               ^^^^^^^^^^^^^^^^^^^^^^^^^^^^^^^^^^^^^^^^
  File "/home/admin/.local/lib/python3.11/site-packages/aiogram/dispatcher/middlewares/error.py", line 25, in __call__
    return await handler(event, data)
           ^^^^^^^^^^^^^^^^^^^^^^^^^^
  File "/home/admin/.local/lib/python3.11/site-packages/aiogram/dispatcher/middlewares/user_context.py", line 56, in __call__
    return await handler(event, data)
           ^^^^^^^^^^^^^^^^^^^^^^^^^^
  File "/home/admin/.local/lib/python3.11/site-packages/aiogram/fsm/middleware.py", line 42, in __call__
    return await handler(event, data)
           ^^^^^^^^^^^^^^^^^^^^^^^^^^
  File "/home/admin/.local/lib/python3.11/site-packages/aiogram/dispatcher/event/telegram.py", line 121, in trigger
    return await wrapped_inner(event, kwargs)
           ^^^^^^^^^^^^^^^^^^^^^^^^^^^^^^^^^^
  File "/home/admin/.local/lib/python3.11/site-packages/aiogram/dispatcher/event/handler.py", line 43, in call
    return await wrapped()
           ^^^^^^^^^^^^^^^
  File "/home/admin/.local/lib/python3.11/site-packages/aiogram/dispatcher/dispatcher.py", line 276, in _listen_update
    return await self.propagate_event(update_type=update_type, event=event, **kwargs)
           ^^^^^^^^^^^^^^^^^^^^^^^^^^^^^^^^^^^^^^^^^^^^^^^^^^^^^^^^^^^^^^^^^^^^^^^^^^
  File "/home/admin/.local/lib/python3.11/site-packages/aiogram/dispatcher/router.py", line 146, in propagate_event
    return await observer.wrap_outer_middleware(_wrapped, event=event, data=kwargs)
           ^^^^^^^^^^^^^^^^^^^^^^^^^^^^^^^^^^^^^^^^^^^^^^^^^^^^^^^^^^^^^^^^^^^^^^^^
  File "/home/admin/.local/lib/python3.11/site-packages/aiogram/dispatcher/router.py", line 141, in _wrapped
    return await self._propagate_event(
           ^^^^^^^^^^^^^^^^^^^^^^^^^^^^
  File "/home/admin/.local/lib/python3.11/site-packages/aiogram/dispatcher/router.py", line 166, in _propagate_event
    response = await observer.trigger(event, **kwargs)
               ^^^^^^^^^^^^^^^^^^^^^^^^^^^^^^^^^^^^^^^
  File "/home/admin/.local/lib/python3.11/site-packages/aiogram/dispatcher/event/telegram.py", line 121, in trigger
    return await wrapped_inner(event, kwargs)
           ^^^^^^^^^^^^^^^^^^^^^^^^^^^^^^^^^^
  File "/home/admin/.local/lib/python3.11/site-packages/aiogram/dispatcher/event/handler.py", line 43, in call
    return await wrapped()
           ^^^^^^^^^^^^^^^
  File "/home/admin/DLMaster/plugins/dir_plugin.py", line 208, in handle_rename
    await message.answer("❌ Yetkiniz yoxdur!")
  File "/home/admin/.local/lib/python3.11/site-packages/aiogram/methods/base.py", line 84, in emit
    return await bot(self)
           ^^^^^^^^^^^^^^^
  File "/home/admin/.local/lib/python3.11/site-packages/aiogram/client/bot.py", line 453, in __call__
    return await self.session(self, method, timeout=request_timeout)
           ^^^^^^^^^^^^^^^^^^^^^^^^^^^^^^^^^^^^^^^^^^^^^^^^^^^^^^^^^
  File "/home/admin/.local/lib/python3.11/site-packages/aiogram/client/session/base.py", line 254, in __call__
    return cast(TelegramType, await middleware(bot, method))
                              ^^^^^^^^^^^^^^^^^^^^^^^^^^^^^
  File "/home/admin/.local/lib/python3.11/site-packages/aiogram/client/session/aiohttp.py", line 185, in make_request
    response = self.check_response(
               ^^^^^^^^^^^^^^^^^^^^
  File "/home/admin/.local/lib/python3.11/site-packages/aiogram/client/session/base.py", line 120, in check_response
    raise TelegramBadRequest(method=method, message=description)
aiogram.exceptions.TelegramBadRequest: Telegram server says - Bad Request: not enough rights to send text messages to the chat
2025.03.30 13:53:31 aiogram.event        INFO     Update id=511589291 is not handled. Duration 10 ms by bot id=8095621527
2025.03.30 13:53:31 aiogram.event        ERROR    Cause exception while process update id=511589291 by bot id=8095621527
TelegramBadRequest: Telegram server says - Bad Request: not enough rights to send text messages to the chat
Traceback (most recent call last):
  File "/home/admin/.local/lib/python3.11/site-packages/aiogram/dispatcher/dispatcher.py", line 309, in _process_update
    response = await self.feed_update(bot, update, **kwargs)
               ^^^^^^^^^^^^^^^^^^^^^^^^^^^^^^^^^^^^^^^^^^^^^
  File "/home/admin/.local/lib/python3.11/site-packages/aiogram/dispatcher/dispatcher.py", line 158, in feed_update
    response = await self.update.wrap_outer_middleware(
               ^^^^^^^^^^^^^^^^^^^^^^^^^^^^^^^^^^^^^^^^
  File "/home/admin/.local/lib/python3.11/site-packages/aiogram/dispatcher/middlewares/error.py", line 25, in __call__
    return await handler(event, data)
           ^^^^^^^^^^^^^^^^^^^^^^^^^^
  File "/home/admin/.local/lib/python3.11/site-packages/aiogram/dispatcher/middlewares/user_context.py", line 56, in __call__
    return await handler(event, data)
           ^^^^^^^^^^^^^^^^^^^^^^^^^^
  File "/home/admin/.local/lib/python3.11/site-packages/aiogram/fsm/middleware.py", line 42, in __call__
    return await handler(event, data)
           ^^^^^^^^^^^^^^^^^^^^^^^^^^
  File "/home/admin/.local/lib/python3.11/site-packages/aiogram/dispatcher/event/telegram.py", line 121, in trigger
    return await wrapped_inner(event, kwargs)
           ^^^^^^^^^^^^^^^^^^^^^^^^^^^^^^^^^^
  File "/home/admin/.local/lib/python3.11/site-packages/aiogram/dispatcher/event/handler.py", line 43, in call
    return await wrapped()
           ^^^^^^^^^^^^^^^
  File "/home/admin/.local/lib/python3.11/site-packages/aiogram/dispatcher/dispatcher.py", line 276, in _listen_update
    return await self.propagate_event(update_type=update_type, event=event, **kwargs)
           ^^^^^^^^^^^^^^^^^^^^^^^^^^^^^^^^^^^^^^^^^^^^^^^^^^^^^^^^^^^^^^^^^^^^^^^^^^
  File "/home/admin/.local/lib/python3.11/site-packages/aiogram/dispatcher/router.py", line 146, in propagate_event
    return await observer.wrap_outer_middleware(_wrapped, event=event, data=kwargs)
           ^^^^^^^^^^^^^^^^^^^^^^^^^^^^^^^^^^^^^^^^^^^^^^^^^^^^^^^^^^^^^^^^^^^^^^^^
  File "/home/admin/.local/lib/python3.11/site-packages/aiogram/dispatcher/router.py", line 141, in _wrapped
    return await self._propagate_event(
           ^^^^^^^^^^^^^^^^^^^^^^^^^^^^
  File "/home/admin/.local/lib/python3.11/site-packages/aiogram/dispatcher/router.py", line 166, in _propagate_event
    response = await observer.trigger(event, **kwargs)
               ^^^^^^^^^^^^^^^^^^^^^^^^^^^^^^^^^^^^^^^
  File "/home/admin/.local/lib/python3.11/site-packages/aiogram/dispatcher/event/telegram.py", line 121, in trigger
    return await wrapped_inner(event, kwargs)
           ^^^^^^^^^^^^^^^^^^^^^^^^^^^^^^^^^^
  File "/home/admin/.local/lib/python3.11/site-packages/aiogram/dispatcher/event/handler.py", line 43, in call
    return await wrapped()
           ^^^^^^^^^^^^^^^
  File "/home/admin/DLMaster/plugins/dir_plugin.py", line 208, in handle_rename
    await message.answer("❌ Yetkiniz yoxdur!")
  File "/home/admin/.local/lib/python3.11/site-packages/aiogram/methods/base.py", line 84, in emit
    return await bot(self)
           ^^^^^^^^^^^^^^^
  File "/home/admin/.local/lib/python3.11/site-packages/aiogram/client/bot.py", line 453, in __call__
    return await self.session(self, method, timeout=request_timeout)
           ^^^^^^^^^^^^^^^^^^^^^^^^^^^^^^^^^^^^^^^^^^^^^^^^^^^^^^^^^
  File "/home/admin/.local/lib/python3.11/site-packages/aiogram/client/session/base.py", line 254, in __call__
    return cast(TelegramType, await middleware(bot, method))
                              ^^^^^^^^^^^^^^^^^^^^^^^^^^^^^
  File "/home/admin/.local/lib/python3.11/site-packages/aiogram/client/session/aiohttp.py", line 185, in make_request
    response = self.check_response(
               ^^^^^^^^^^^^^^^^^^^^
  File "/home/admin/.local/lib/python3.11/site-packages/aiogram/client/session/base.py", line 120, in check_response
    raise TelegramBadRequest(method=method, message=description)
aiogram.exceptions.TelegramBadRequest: Telegram server says - Bad Request: not enough rights to send text messages to the chat
2025.03.30 13:53:34 aiogram.event        INFO     Update id=511589292 is not handled. Duration 17 ms by bot id=8095621527
2025.03.30 13:53:34 aiogram.event        ERROR    Cause exception while process update id=511589292 by bot id=8095621527
TelegramBadRequest: Telegram server says - Bad Request: not enough rights to send text messages to the chat
Traceback (most recent call last):
  File "/home/admin/.local/lib/python3.11/site-packages/aiogram/dispatcher/dispatcher.py", line 309, in _process_update
    response = await self.feed_update(bot, update, **kwargs)
               ^^^^^^^^^^^^^^^^^^^^^^^^^^^^^^^^^^^^^^^^^^^^^
  File "/home/admin/.local/lib/python3.11/site-packages/aiogram/dispatcher/dispatcher.py", line 158, in feed_update
    response = await self.update.wrap_outer_middleware(
               ^^^^^^^^^^^^^^^^^^^^^^^^^^^^^^^^^^^^^^^^
  File "/home/admin/.local/lib/python3.11/site-packages/aiogram/dispatcher/middlewares/error.py", line 25, in __call__
    return await handler(event, data)
           ^^^^^^^^^^^^^^^^^^^^^^^^^^
  File "/home/admin/.local/lib/python3.11/site-packages/aiogram/dispatcher/middlewares/user_context.py", line 56, in __call__
    return await handler(event, data)
           ^^^^^^^^^^^^^^^^^^^^^^^^^^
  File "/home/admin/.local/lib/python3.11/site-packages/aiogram/fsm/middleware.py", line 42, in __call__
    return await handler(event, data)
           ^^^^^^^^^^^^^^^^^^^^^^^^^^
  File "/home/admin/.local/lib/python3.11/site-packages/aiogram/dispatcher/event/telegram.py", line 121, in trigger
    return await wrapped_inner(event, kwargs)
           ^^^^^^^^^^^^^^^^^^^^^^^^^^^^^^^^^^
  File "/home/admin/.local/lib/python3.11/site-packages/aiogram/dispatcher/event/handler.py", line 43, in call
    return await wrapped()
           ^^^^^^^^^^^^^^^
  File "/home/admin/.local/lib/python3.11/site-packages/aiogram/dispatcher/dispatcher.py", line 276, in _listen_update
    return await self.propagate_event(update_type=update_type, event=event, **kwargs)
           ^^^^^^^^^^^^^^^^^^^^^^^^^^^^^^^^^^^^^^^^^^^^^^^^^^^^^^^^^^^^^^^^^^^^^^^^^^
  File "/home/admin/.local/lib/python3.11/site-packages/aiogram/dispatcher/router.py", line 146, in propagate_event
    return await observer.wrap_outer_middleware(_wrapped, event=event, data=kwargs)
           ^^^^^^^^^^^^^^^^^^^^^^^^^^^^^^^^^^^^^^^^^^^^^^^^^^^^^^^^^^^^^^^^^^^^^^^^
  File "/home/admin/.local/lib/python3.11/site-packages/aiogram/dispatcher/router.py", line 141, in _wrapped
    return await self._propagate_event(
           ^^^^^^^^^^^^^^^^^^^^^^^^^^^^
  File "/home/admin/.local/lib/python3.11/site-packages/aiogram/dispatcher/router.py", line 166, in _propagate_event
    response = await observer.trigger(event, **kwargs)
               ^^^^^^^^^^^^^^^^^^^^^^^^^^^^^^^^^^^^^^^
  File "/home/admin/.local/lib/python3.11/site-packages/aiogram/dispatcher/event/telegram.py", line 121, in trigger
    return await wrapped_inner(event, kwargs)
           ^^^^^^^^^^^^^^^^^^^^^^^^^^^^^^^^^^
  File "/home/admin/.local/lib/python3.11/site-packages/aiogram/dispatcher/event/handler.py", line 43, in call
    return await wrapped()
           ^^^^^^^^^^^^^^^
  File "/home/admin/DLMaster/plugins/dir_plugin.py", line 208, in handle_rename
    await message.answer("❌ Yetkiniz yoxdur!")
  File "/home/admin/.local/lib/python3.11/site-packages/aiogram/methods/base.py", line 84, in emit
    return await bot(self)
           ^^^^^^^^^^^^^^^
  File "/home/admin/.local/lib/python3.11/site-packages/aiogram/client/bot.py", line 453, in __call__
    return await self.session(self, method, timeout=request_timeout)
           ^^^^^^^^^^^^^^^^^^^^^^^^^^^^^^^^^^^^^^^^^^^^^^^^^^^^^^^^^
  File "/home/admin/.local/lib/python3.11/site-packages/aiogram/client/session/base.py", line 254, in __call__
    return cast(TelegramType, await middleware(bot, method))
                              ^^^^^^^^^^^^^^^^^^^^^^^^^^^^^
  File "/home/admin/.local/lib/python3.11/site-packages/aiogram/client/session/aiohttp.py", line 185, in make_request
    response = self.check_response(
               ^^^^^^^^^^^^^^^^^^^^
  File "/home/admin/.local/lib/python3.11/site-packages/aiogram/client/session/base.py", line 120, in check_response
    raise TelegramBadRequest(method=method, message=description)
aiogram.exceptions.TelegramBadRequest: Telegram server says - Bad Request: not enough rights to send text messages to the chat
2025.03.30 13:53:35 aiogram.event        INFO     Update id=511589293 is not handled. Duration 10 ms by bot id=8095621527
2025.03.30 13:53:35 aiogram.event        ERROR    Cause exception while process update id=511589293 by bot id=8095621527
TelegramBadRequest: Telegram server says - Bad Request: not enough rights to send text messages to the chat
Traceback (most recent call last):
  File "/home/admin/.local/lib/python3.11/site-packages/aiogram/dispatcher/dispatcher.py", line 309, in _process_update
    response = await self.feed_update(bot, update, **kwargs)
               ^^^^^^^^^^^^^^^^^^^^^^^^^^^^^^^^^^^^^^^^^^^^^
  File "/home/admin/.local/lib/python3.11/site-packages/aiogram/dispatcher/dispatcher.py", line 158, in feed_update
    response = await self.update.wrap_outer_middleware(
               ^^^^^^^^^^^^^^^^^^^^^^^^^^^^^^^^^^^^^^^^
  File "/home/admin/.local/lib/python3.11/site-packages/aiogram/dispatcher/middlewares/error.py", line 25, in __call__
    return await handler(event, data)
           ^^^^^^^^^^^^^^^^^^^^^^^^^^
  File "/home/admin/.local/lib/python3.11/site-packages/aiogram/dispatcher/middlewares/user_context.py", line 56, in __call__
    return await handler(event, data)
           ^^^^^^^^^^^^^^^^^^^^^^^^^^
  File "/home/admin/.local/lib/python3.11/site-packages/aiogram/fsm/middleware.py", line 42, in __call__
    return await handler(event, data)
           ^^^^^^^^^^^^^^^^^^^^^^^^^^
  File "/home/admin/.local/lib/python3.11/site-packages/aiogram/dispatcher/event/telegram.py", line 121, in trigger
    return await wrapped_inner(event, kwargs)
           ^^^^^^^^^^^^^^^^^^^^^^^^^^^^^^^^^^
  File "/home/admin/.local/lib/python3.11/site-packages/aiogram/dispatcher/event/handler.py", line 43, in call
    return await wrapped()
           ^^^^^^^^^^^^^^^
  File "/home/admin/.local/lib/python3.11/site-packages/aiogram/dispatcher/dispatcher.py", line 276, in _listen_update
    return await self.propagate_event(update_type=update_type, event=event, **kwargs)
           ^^^^^^^^^^^^^^^^^^^^^^^^^^^^^^^^^^^^^^^^^^^^^^^^^^^^^^^^^^^^^^^^^^^^^^^^^^
  File "/home/admin/.local/lib/python3.11/site-packages/aiogram/dispatcher/router.py", line 146, in propagate_event
    return await observer.wrap_outer_middleware(_wrapped, event=event, data=kwargs)
           ^^^^^^^^^^^^^^^^^^^^^^^^^^^^^^^^^^^^^^^^^^^^^^^^^^^^^^^^^^^^^^^^^^^^^^^^
  File "/home/admin/.local/lib/python3.11/site-packages/aiogram/dispatcher/router.py", line 141, in _wrapped
    return await self._propagate_event(
           ^^^^^^^^^^^^^^^^^^^^^^^^^^^^
  File "/home/admin/.local/lib/python3.11/site-packages/aiogram/dispatcher/router.py", line 166, in _propagate_event
    response = await observer.trigger(event, **kwargs)
               ^^^^^^^^^^^^^^^^^^^^^^^^^^^^^^^^^^^^^^^
  File "/home/admin/.local/lib/python3.11/site-packages/aiogram/dispatcher/event/telegram.py", line 121, in trigger
    return await wrapped_inner(event, kwargs)
           ^^^^^^^^^^^^^^^^^^^^^^^^^^^^^^^^^^
  File "/home/admin/.local/lib/python3.11/site-packages/aiogram/dispatcher/event/handler.py", line 43, in call
    return await wrapped()
           ^^^^^^^^^^^^^^^
  File "/home/admin/DLMaster/plugins/dir_plugin.py", line 208, in handle_rename
    await message.answer("❌ Yetkiniz yoxdur!")
  File "/home/admin/.local/lib/python3.11/site-packages/aiogram/methods/base.py", line 84, in emit
    return await bot(self)
           ^^^^^^^^^^^^^^^
  File "/home/admin/.local/lib/python3.11/site-packages/aiogram/client/bot.py", line 453, in __call__
    return await self.session(self, method, timeout=request_timeout)
           ^^^^^^^^^^^^^^^^^^^^^^^^^^^^^^^^^^^^^^^^^^^^^^^^^^^^^^^^^
  File "/home/admin/.local/lib/python3.11/site-packages/aiogram/client/session/base.py", line 254, in __call__
    return cast(TelegramType, await middleware(bot, method))
                              ^^^^^^^^^^^^^^^^^^^^^^^^^^^^^
  File "/home/admin/.local/lib/python3.11/site-packages/aiogram/client/session/aiohttp.py", line 185, in make_request
    response = self.check_response(
               ^^^^^^^^^^^^^^^^^^^^
  File "/home/admin/.local/lib/python3.11/site-packages/aiogram/client/session/base.py", line 120, in check_response
    raise TelegramBadRequest(method=method, message=description)
aiogram.exceptions.TelegramBadRequest: Telegram server says - Bad Request: not enough rights to send text messages to the chat
2025.03.30 13:53:39 aiogram.event        INFO     Update id=511589294 is not handled. Duration 16 ms by bot id=8095621527
2025.03.30 13:53:39 aiogram.event        ERROR    Cause exception while process update id=511589294 by bot id=8095621527
TelegramBadRequest: Telegram server says - Bad Request: not enough rights to send text messages to the chat
Traceback (most recent call last):
  File "/home/admin/.local/lib/python3.11/site-packages/aiogram/dispatcher/dispatcher.py", line 309, in _process_update
    response = await self.feed_update(bot, update, **kwargs)
               ^^^^^^^^^^^^^^^^^^^^^^^^^^^^^^^^^^^^^^^^^^^^^
  File "/home/admin/.local/lib/python3.11/site-packages/aiogram/dispatcher/dispatcher.py", line 158, in feed_update
    response = await self.update.wrap_outer_middleware(
               ^^^^^^^^^^^^^^^^^^^^^^^^^^^^^^^^^^^^^^^^
  File "/home/admin/.local/lib/python3.11/site-packages/aiogram/dispatcher/middlewares/error.py", line 25, in __call__
    return await handler(event, data)
           ^^^^^^^^^^^^^^^^^^^^^^^^^^
  File "/home/admin/.local/lib/python3.11/site-packages/aiogram/dispatcher/middlewares/user_context.py", line 56, in __call__
    return await handler(event, data)
           ^^^^^^^^^^^^^^^^^^^^^^^^^^
  File "/home/admin/.local/lib/python3.11/site-packages/aiogram/fsm/middleware.py", line 42, in __call__
    return await handler(event, data)
           ^^^^^^^^^^^^^^^^^^^^^^^^^^
  File "/home/admin/.local/lib/python3.11/site-packages/aiogram/dispatcher/event/telegram.py", line 121, in trigger
    return await wrapped_inner(event, kwargs)
           ^^^^^^^^^^^^^^^^^^^^^^^^^^^^^^^^^^
  File "/home/admin/.local/lib/python3.11/site-packages/aiogram/dispatcher/event/handler.py", line 43, in call
    return await wrapped()
           ^^^^^^^^^^^^^^^
  File "/home/admin/.local/lib/python3.11/site-packages/aiogram/dispatcher/dispatcher.py", line 276, in _listen_update
    return await self.propagate_event(update_type=update_type, event=event, **kwargs)
           ^^^^^^^^^^^^^^^^^^^^^^^^^^^^^^^^^^^^^^^^^^^^^^^^^^^^^^^^^^^^^^^^^^^^^^^^^^
  File "/home/admin/.local/lib/python3.11/site-packages/aiogram/dispatcher/router.py", line 146, in propagate_event
    return await observer.wrap_outer_middleware(_wrapped, event=event, data=kwargs)
           ^^^^^^^^^^^^^^^^^^^^^^^^^^^^^^^^^^^^^^^^^^^^^^^^^^^^^^^^^^^^^^^^^^^^^^^^
  File "/home/admin/.local/lib/python3.11/site-packages/aiogram/dispatcher/router.py", line 141, in _wrapped
    return await self._propagate_event(
           ^^^^^^^^^^^^^^^^^^^^^^^^^^^^
  File "/home/admin/.local/lib/python3.11/site-packages/aiogram/dispatcher/router.py", line 166, in _propagate_event
    response = await observer.trigger(event, **kwargs)
               ^^^^^^^^^^^^^^^^^^^^^^^^^^^^^^^^^^^^^^^
  File "/home/admin/.local/lib/python3.11/site-packages/aiogram/dispatcher/event/telegram.py", line 121, in trigger
    return await wrapped_inner(event, kwargs)
           ^^^^^^^^^^^^^^^^^^^^^^^^^^^^^^^^^^
  File "/home/admin/.local/lib/python3.11/site-packages/aiogram/dispatcher/event/handler.py", line 43, in call
    return await wrapped()
           ^^^^^^^^^^^^^^^
  File "/home/admin/DLMaster/plugins/dir_plugin.py", line 208, in handle_rename
    await message.answer("❌ Yetkiniz yoxdur!")
  File "/home/admin/.local/lib/python3.11/site-packages/aiogram/methods/base.py", line 84, in emit
    return await bot(self)
           ^^^^^^^^^^^^^^^
  File "/home/admin/.local/lib/python3.11/site-packages/aiogram/client/bot.py", line 453, in __call__
    return await self.session(self, method, timeout=request_timeout)
           ^^^^^^^^^^^^^^^^^^^^^^^^^^^^^^^^^^^^^^^^^^^^^^^^^^^^^^^^^
  File "/home/admin/.local/lib/python3.11/site-packages/aiogram/client/session/base.py", line 254, in __call__
    return cast(TelegramType, await middleware(bot, method))
                              ^^^^^^^^^^^^^^^^^^^^^^^^^^^^^
  File "/home/admin/.local/lib/python3.11/site-packages/aiogram/client/session/aiohttp.py", line 185, in make_request
    response = self.check_response(
               ^^^^^^^^^^^^^^^^^^^^
  File "/home/admin/.local/lib/python3.11/site-packages/aiogram/client/session/base.py", line 120, in check_response
    raise TelegramBadRequest(method=method, message=description)
aiogram.exceptions.TelegramBadRequest: Telegram server says - Bad Request: not enough rights to send text messages to the chat
2025.03.30 13:53:42 aiogram.event        INFO     Update id=511589295 is handled. Duration 68 ms by bot id=8095621527
2025.03.30 13:53:50 aiogram.event        INFO     Update id=511589296 is not handled. Duration 18 ms by bot id=8095621527
2025.03.30 13:53:50 aiogram.event        ERROR    Cause exception while process update id=511589296 by bot id=8095621527
TelegramBadRequest: Telegram server says - Bad Request: not enough rights to send text messages to the chat
Traceback (most recent call last):
  File "/home/admin/.local/lib/python3.11/site-packages/aiogram/dispatcher/dispatcher.py", line 309, in _process_update
    response = await self.feed_update(bot, update, **kwargs)
               ^^^^^^^^^^^^^^^^^^^^^^^^^^^^^^^^^^^^^^^^^^^^^
  File "/home/admin/.local/lib/python3.11/site-packages/aiogram/dispatcher/dispatcher.py", line 158, in feed_update
    response = await self.update.wrap_outer_middleware(
               ^^^^^^^^^^^^^^^^^^^^^^^^^^^^^^^^^^^^^^^^
  File "/home/admin/.local/lib/python3.11/site-packages/aiogram/dispatcher/middlewares/error.py", line 25, in __call__
    return await handler(event, data)
           ^^^^^^^^^^^^^^^^^^^^^^^^^^
  File "/home/admin/.local/lib/python3.11/site-packages/aiogram/dispatcher/middlewares/user_context.py", line 56, in __call__
    return await handler(event, data)
           ^^^^^^^^^^^^^^^^^^^^^^^^^^
  File "/home/admin/.local/lib/python3.11/site-packages/aiogram/fsm/middleware.py", line 42, in __call__
    return await handler(event, data)
           ^^^^^^^^^^^^^^^^^^^^^^^^^^
  File "/home/admin/.local/lib/python3.11/site-packages/aiogram/dispatcher/event/telegram.py", line 121, in trigger
    return await wrapped_inner(event, kwargs)
           ^^^^^^^^^^^^^^^^^^^^^^^^^^^^^^^^^^
  File "/home/admin/.local/lib/python3.11/site-packages/aiogram/dispatcher/event/handler.py", line 43, in call
    return await wrapped()
           ^^^^^^^^^^^^^^^
  File "/home/admin/.local/lib/python3.11/site-packages/aiogram/dispatcher/dispatcher.py", line 276, in _listen_update
    return await self.propagate_event(update_type=update_type, event=event, **kwargs)
           ^^^^^^^^^^^^^^^^^^^^^^^^^^^^^^^^^^^^^^^^^^^^^^^^^^^^^^^^^^^^^^^^^^^^^^^^^^
  File "/home/admin/.local/lib/python3.11/site-packages/aiogram/dispatcher/router.py", line 146, in propagate_event
    return await observer.wrap_outer_middleware(_wrapped, event=event, data=kwargs)
           ^^^^^^^^^^^^^^^^^^^^^^^^^^^^^^^^^^^^^^^^^^^^^^^^^^^^^^^^^^^^^^^^^^^^^^^^
  File "/home/admin/.local/lib/python3.11/site-packages/aiogram/dispatcher/router.py", line 141, in _wrapped
    return await self._propagate_event(
           ^^^^^^^^^^^^^^^^^^^^^^^^^^^^
  File "/home/admin/.local/lib/python3.11/site-packages/aiogram/dispatcher/router.py", line 166, in _propagate_event
    response = await observer.trigger(event, **kwargs)
               ^^^^^^^^^^^^^^^^^^^^^^^^^^^^^^^^^^^^^^^
  File "/home/admin/.local/lib/python3.11/site-packages/aiogram/dispatcher/event/telegram.py", line 121, in trigger
    return await wrapped_inner(event, kwargs)
           ^^^^^^^^^^^^^^^^^^^^^^^^^^^^^^^^^^
  File "/home/admin/.local/lib/python3.11/site-packages/aiogram/dispatcher/event/handler.py", line 43, in call
    return await wrapped()
           ^^^^^^^^^^^^^^^
  File "/home/admin/DLMaster/plugins/dir_plugin.py", line 208, in handle_rename
    await message.answer("❌ Yetkiniz yoxdur!")
  File "/home/admin/.local/lib/python3.11/site-packages/aiogram/methods/base.py", line 84, in emit
    return await bot(self)
           ^^^^^^^^^^^^^^^
  File "/home/admin/.local/lib/python3.11/site-packages/aiogram/client/bot.py", line 453, in __call__
    return await self.session(self, method, timeout=request_timeout)
           ^^^^^^^^^^^^^^^^^^^^^^^^^^^^^^^^^^^^^^^^^^^^^^^^^^^^^^^^^
  File "/home/admin/.local/lib/python3.11/site-packages/aiogram/client/session/base.py", line 254, in __call__
    return cast(TelegramType, await middleware(bot, method))
                              ^^^^^^^^^^^^^^^^^^^^^^^^^^^^^
  File "/home/admin/.local/lib/python3.11/site-packages/aiogram/client/session/aiohttp.py", line 185, in make_request
    response = self.check_response(
               ^^^^^^^^^^^^^^^^^^^^
  File "/home/admin/.local/lib/python3.11/site-packages/aiogram/client/session/base.py", line 120, in check_response
    raise TelegramBadRequest(method=method, message=description)
aiogram.exceptions.TelegramBadRequest: Telegram server says - Bad Request: not enough rights to send text messages to the chat
2025.03.30 13:53:59 aiogram.event        INFO     Update id=511589297 is not handled. Duration 29 ms by bot id=8095621527
2025.03.30 13:53:59 aiogram.event        ERROR    Cause exception while process update id=511589297 by bot id=8095621527
TelegramBadRequest: Telegram server says - Bad Request: not enough rights to send text messages to the chat
Traceback (most recent call last):
  File "/home/admin/.local/lib/python3.11/site-packages/aiogram/dispatcher/dispatcher.py", line 309, in _process_update
    response = await self.feed_update(bot, update, **kwargs)
               ^^^^^^^^^^^^^^^^^^^^^^^^^^^^^^^^^^^^^^^^^^^^^
  File "/home/admin/.local/lib/python3.11/site-packages/aiogram/dispatcher/dispatcher.py", line 158, in feed_update
    response = await self.update.wrap_outer_middleware(
               ^^^^^^^^^^^^^^^^^^^^^^^^^^^^^^^^^^^^^^^^
  File "/home/admin/.local/lib/python3.11/site-packages/aiogram/dispatcher/middlewares/error.py", line 25, in __call__
    return await handler(event, data)
           ^^^^^^^^^^^^^^^^^^^^^^^^^^
  File "/home/admin/.local/lib/python3.11/site-packages/aiogram/dispatcher/middlewares/user_context.py", line 56, in __call__
    return await handler(event, data)
           ^^^^^^^^^^^^^^^^^^^^^^^^^^
  File "/home/admin/.local/lib/python3.11/site-packages/aiogram/fsm/middleware.py", line 42, in __call__
    return await handler(event, data)
           ^^^^^^^^^^^^^^^^^^^^^^^^^^
  File "/home/admin/.local/lib/python3.11/site-packages/aiogram/dispatcher/event/telegram.py", line 121, in trigger
    return await wrapped_inner(event, kwargs)
           ^^^^^^^^^^^^^^^^^^^^^^^^^^^^^^^^^^
  File "/home/admin/.local/lib/python3.11/site-packages/aiogram/dispatcher/event/handler.py", line 43, in call
    return await wrapped()
           ^^^^^^^^^^^^^^^
  File "/home/admin/.local/lib/python3.11/site-packages/aiogram/dispatcher/dispatcher.py", line 276, in _listen_update
    return await self.propagate_event(update_type=update_type, event=event, **kwargs)
           ^^^^^^^^^^^^^^^^^^^^^^^^^^^^^^^^^^^^^^^^^^^^^^^^^^^^^^^^^^^^^^^^^^^^^^^^^^
  File "/home/admin/.local/lib/python3.11/site-packages/aiogram/dispatcher/router.py", line 146, in propagate_event
    return await observer.wrap_outer_middleware(_wrapped, event=event, data=kwargs)
           ^^^^^^^^^^^^^^^^^^^^^^^^^^^^^^^^^^^^^^^^^^^^^^^^^^^^^^^^^^^^^^^^^^^^^^^^
  File "/home/admin/.local/lib/python3.11/site-packages/aiogram/dispatcher/router.py", line 141, in _wrapped
    return await self._propagate_event(
           ^^^^^^^^^^^^^^^^^^^^^^^^^^^^
  File "/home/admin/.local/lib/python3.11/site-packages/aiogram/dispatcher/router.py", line 166, in _propagate_event
    response = await observer.trigger(event, **kwargs)
               ^^^^^^^^^^^^^^^^^^^^^^^^^^^^^^^^^^^^^^^
  File "/home/admin/.local/lib/python3.11/site-packages/aiogram/dispatcher/event/telegram.py", line 121, in trigger
    return await wrapped_inner(event, kwargs)
           ^^^^^^^^^^^^^^^^^^^^^^^^^^^^^^^^^^
  File "/home/admin/.local/lib/python3.11/site-packages/aiogram/dispatcher/event/handler.py", line 43, in call
    return await wrapped()
           ^^^^^^^^^^^^^^^
  File "/home/admin/DLMaster/plugins/dir_plugin.py", line 208, in handle_rename
    await message.answer("❌ Yetkiniz yoxdur!")
  File "/home/admin/.local/lib/python3.11/site-packages/aiogram/methods/base.py", line 84, in emit
    return await bot(self)
           ^^^^^^^^^^^^^^^
  File "/home/admin/.local/lib/python3.11/site-packages/aiogram/client/bot.py", line 453, in __call__
    return await self.session(self, method, timeout=request_timeout)
           ^^^^^^^^^^^^^^^^^^^^^^^^^^^^^^^^^^^^^^^^^^^^^^^^^^^^^^^^^
  File "/home/admin/.local/lib/python3.11/site-packages/aiogram/client/session/base.py", line 254, in __call__
    return cast(TelegramType, await middleware(bot, method))
                              ^^^^^^^^^^^^^^^^^^^^^^^^^^^^^
  File "/home/admin/.local/lib/python3.11/site-packages/aiogram/client/session/aiohttp.py", line 185, in make_request
    response = self.check_response(
               ^^^^^^^^^^^^^^^^^^^^
  File "/home/admin/.local/lib/python3.11/site-packages/aiogram/client/session/base.py", line 120, in check_response
    raise TelegramBadRequest(method=method, message=description)
aiogram.exceptions.TelegramBadRequest: Telegram server says - Bad Request: not enough rights to send text messages to the chat
2025.03.30 13:55:35 aiogram.event        INFO     Update id=511589298 is handled. Duration 159 ms by bot id=8095621527
2025.03.30 13:55:42 aiogram.event        INFO     Update id=511589299 is handled. Duration 108 ms by bot id=8095621527
2025.03.30 13:56:05 aiogram.event        INFO     Update id=511589300 is handled. Duration 227 ms by bot id=8095621527
2025.03.30 13:56:14 aiogram.event        INFO     Update id=511589301 is handled. Duration 195 ms by bot id=8095621527
2025.03.30 13:56:28 aiogram.event        INFO     Update id=511589302 is handled. Duration 88 ms by bot id=8095621527
2025.03.30 13:56:38 aiogram.event        INFO     Update id=511589303 is handled. Duration 90 ms by bot id=8095621527
2025.03.30 13:56:49 aiogram.event        INFO     Update id=511589304 is handled. Duration 70 ms by bot id=8095621527
2025.03.30 13:57:11 aiogram.event        INFO     Update id=511589305 is handled. Duration 69 ms by bot id=8095621527
2025.03.30 13:57:19 aiogram.event        INFO     Update id=511589306 is handled. Duration 55 ms by bot id=8095621527
2025.03.30 13:57:38 aiogram.event        INFO     Update id=511589307 is handled. Duration 61 ms by bot id=8095621527
2025.03.30 13:57:49 aiogram.event        INFO     Update id=511589308 is handled. Duration 154 ms by bot id=8095621527
2025.03.30 13:59:35 aiogram.event        INFO     Update id=511589309 is handled. Duration 2 ms by bot id=8095621527
2025.03.30 13:59:36 aiogram.event        INFO     Update id=511589310 is handled. Duration 152 ms by bot id=8095621527
2025.03.30 13:59:45 aiogram.event        INFO     Update id=511589311 is handled. Duration 92 ms by bot id=8095621527
2025.03.30 13:59:51 root                 INFO     Revoked sudo from user ID: 7019239126
2025.03.30 13:59:51 aiogram.event        INFO     Update id=511589312 is handled. Duration 155 ms by bot id=8095621527
2025.03.30 13:59:54 aiogram.event        INFO     Update id=511589313 is handled. Duration 78 ms by bot id=8095621527
2025.03.30 13:59:56 aiogram.event        INFO     Update id=511589314 is handled. Duration 112 ms by bot id=8095621527
2025.03.30 14:00:21 aiogram.event        INFO     Update id=511589315 is handled. Duration 1 ms by bot id=8095621527
2025.03.30 14:00:40 aiogram.event        INFO     Update id=511589316 is handled. Duration 2410 ms by bot id=8095621527
2025.03.30 14:00:41 aiogram.event        INFO     Update id=511589317 is handled. Duration 95 ms by bot id=8095621527
2025.03.30 14:01:11 aiogram.event        INFO     Update id=511589318 is not handled. Duration 5 ms by bot id=8095621527
2025.03.30 14:01:11 aiogram.event        INFO     Update id=511589319 is not handled. Duration 5 ms by bot id=8095621527
2025.03.30 14:01:11 aiogram.event        INFO     Update id=511589320 is not handled. Duration 6 ms by bot id=8095621527
2025.03.30 14:01:11 aiogram.event        INFO     Update id=511589321 is not handled. Duration 6 ms by bot id=8095621527
2025.03.30 14:01:11 aiogram.event        INFO     Update id=511589322 is not handled. Duration 6 ms by bot id=8095621527
2025.03.30 14:01:28 aiogram.event        INFO     Update id=511589323 is not handled. Duration 1 ms by bot id=8095621527
2025.03.30 14:01:33 aiogram.event        INFO     Update id=511589324 is handled. Duration 2 ms by bot id=8095621527
2025.03.30 14:01:49 core.webprofile      INFO     firefox brauzerindən cookies istifadə edilir.
2025.03.30 14:01:49 core.webprofile      INFO     Seçilmiş User-Agent: Mozilla/5.0 (iPad; CPU OS 17_2 like Mac OS X) AppleWebKit/605.1.15 (KHTML, like Gecko) Version/17.2 Mobile/15E148 Safari/604.1
2025.03.30 14:01:53 aiogram.event        INFO     Update id=511589325 is handled. Duration 3865 ms by bot id=8095621527
2025.03.30 14:01:55 core.webprofile      INFO     firefox brauzerindən cookies istifadə edilir.
2025.03.30 14:01:55 core.webprofile      INFO     Seçilmiş User-Agent: Mozilla/5.0 (Windows NT 10.0; Win64; x64) AppleWebKit/537.36 (KHTML, like Gecko) Chrome/122.0.0.0 Safari/537.36
2025.03.30 14:02:00 aiogram.event        INFO     Update id=511589326 is handled. Duration 4866 ms by bot id=8095621527
2025.03.30 14:03:42 core.webprofile      INFO     firefox brauzerindən cookies istifadə edilir.
2025.03.30 14:03:42 core.webprofile      INFO     Seçilmiş User-Agent: Mozilla/5.0 (iPad; CPU OS 17_2 like Mac OS X) AppleWebKit/605.1.15 (KHTML, like Gecko) Version/17.2 Mobile/15E148 Safari/604.1
2025.03.30 14:03:45 aiogram.event        INFO     Update id=511589327 is handled. Duration 2466 ms by bot id=8095621527
2025.03.30 14:03:48 core.webprofile      INFO     firefox brauzerindən cookies istifadə edilir.
2025.03.30 14:03:48 core.webprofile      INFO     Seçilmiş User-Agent: Mozilla/5.0 (Linux; Android 14; Pixel 8 Pro) AppleWebKit/537.36 (KHTML, like Gecko) Chrome/122.0.0.0 Mobile Safari/537.36
2025.03.30 14:03:53 aiogram.event        INFO     Update id=511589328 is handled. Duration 5101 ms by bot id=8095621527
2025.03.30 14:04:26 aiogram.event        INFO     Update id=511589329 is handled. Duration 123 ms by bot id=8095621527
2025.03.30 14:04:29 aiogram.event        INFO     Update id=511589330 is handled. Duration 88 ms by bot id=8095621527
2025.03.30 14:04:59 aiogram.event        INFO     Update id=511589331 is handled. Duration 100 ms by bot id=8095621527
2025.03.30 14:05:06 aiogram.event        INFO     Update id=511589332 is handled. Duration 133 ms by bot id=8095621527
2025.03.30 14:05:09 aiogram.event        INFO     Update id=511589333 is handled. Duration 1 ms by bot id=8095621527
2025.03.30 14:05:12 aiogram.event        INFO     Update id=511589334 is handled. Duration 151 ms by bot id=8095621527
2025.03.30 14:05:14 aiogram.event        INFO     Update id=511589335 is handled. Duration 71 ms by bot id=8095621527
2025.03.30 14:05:22 aiogram.dispatcher   WARNING  Received SIGINT signal
2025.03.30 14:05:22 aiogram.dispatcher   INFO     Polling stopped for bot @dllmasterbot id=8095621527 - 'DLLMaster for Music'
2025.03.30 14:05:22 aiogram.dispatcher   INFO     Polling stopped
2025.03.30 14:05:22 __main__             INFO     🛑 Polling stopped
2025.03.30 14:05:22 __main__             INFO     🔴 Bot stopped
2025.03.30 14:12:27 __main__             INFO     🤖 Starting bot...
2025.03.30 14:12:27 __main__             INFO     🚀 Starting bot initialization...
2025.03.30 14:12:27 __main__             INFO     ✅ Database initialized successfully
2025.03.30 14:12:27 core.spotify_handler INFO     Spotify API ilə əlaqə quruldu.
2025.03.30 14:12:27 __main__             INFO     ✅ Spotify service initialized
2025.03.30 14:12:27 core.webprofile      INFO     Seçilmiş User-Agent: Mozilla/5.0 (Windows NT 10.0; Win64; x64) AppleWebKit/537.36 (KHTML, like Gecko) Edge/120.0.0.0 Safari/537.36
2025.03.30 14:12:27 core.youtube_handler INFO     firefox brauzerindən cookies istifadə edilir.
2025.03.30 14:12:27 __main__             INFO     ✅ YouTube services initialized (firefox)
2025.03.30 14:12:27 __main__             INFO     🔌 Loading plugins...
2025.03.30 14:12:27 __main__             INFO     🔍 Scanning plugins in: plugins
2025.03.30 14:12:27 __main__             INFO     🔄 Loading: plugins.spotify_plugin
2025.03.30 14:12:27 __main__             INFO     ✅ Loaded (sync): plugins.spotify_plugin
2025.03.30 14:12:27 __main__             INFO     🔄 Loading: plugins.menu_plugin
2025.03.30 14:12:27 __main__             INFO     ✅ Loaded (sync): plugins.menu_plugin
2025.03.30 14:12:27 __main__             INFO     🔄 Loading: plugins.sudo_plugin
2025.03.30 14:12:27 __main__             INFO     ✅ Loaded (sync): plugins.sudo_plugin
2025.03.30 14:12:27 __main__             INFO     🔄 Loading: plugins.youtube_plugin
2025.03.30 14:12:27 __main__             INFO     ✅ Loaded (sync): plugins.youtube_plugin
2025.03.30 14:12:27 __main__             INFO     🔄 Loading: plugins.neofetch_plugin
2025.03.30 14:12:27 __main__             INFO     ✅ Loaded (sync): plugins.neofetch_plugin
2025.03.30 14:12:27 __main__             INFO     🔄 Loading: plugins.report_plugin
2025.03.30 14:12:27 __main__             INFO     ✅ Loaded (async): plugins.report_plugin
2025.03.30 14:12:27 __main__             INFO     🔄 Loading: plugins.del_plugin
2025.03.30 14:12:27 __main__             INFO     ✅ Loaded (sync): plugins.del_plugin
2025.03.30 14:12:27 __main__             INFO     🔄 Loading: plugins.music_plugin
2025.03.30 14:12:27 __main__             INFO     ✅ Loaded (sync): plugins.music_plugin
2025.03.30 14:12:27 __main__             INFO     🔄 Loading: plugins.start_plugin
2025.03.30 14:12:27 __main__             INFO     ✅ Loaded (async): plugins.start_plugin
2025.03.30 14:12:27 __main__             INFO     🔄 Loading: plugins.stats_plugin
2025.03.30 14:12:27 __main__             INFO     ✅ Loaded (sync): plugins.stats_plugin
2025.03.30 14:12:27 __main__             INFO     🔄 Loading: plugins.dir_plugin
2025.03.30 14:12:27 __main__             INFO     ✅ Loaded (sync): plugins.dir_plugin
2025.03.30 14:12:27 __main__             INFO     🔄 Loading: plugins.broadcast_plugin
2025.03.30 14:12:27 __main__             INFO     ✅ Loaded (sync): plugins.broadcast_plugin
2025.03.30 14:12:27 __main__             INFO     🔄 Loading: plugins.speedtest_plugin
2025.03.30 14:12:28 __main__             INFO     ✅ Loaded (sync): plugins.speedtest_plugin
2025.03.30 14:12:28 __main__             INFO     🔄 Loading: plugins.bot_logs
2025.03.30 14:12:28 __main__             INFO     ✅ Loaded (async): plugins.bot_logs
2025.03.30 14:12:28 __main__             INFO     🚀 Starting polling...
2025.03.30 14:12:28 aiogram.dispatcher   INFO     Start polling
2025.03.30 14:12:28 aiogram.dispatcher   INFO     Run polling for bot @dllmasterbot id=8095621527 - 'DLLMaster for Music'
2025.03.30 14:12:28 aiogram.event        INFO     Update id=511589336 is handled. Duration 0 ms by bot id=8095621527
2025.03.30 14:12:28 aiogram.event        INFO     Update id=511589337 is handled. Duration 0 ms by bot id=8095621527
2025.03.30 14:12:28 aiogram.event        INFO     Update id=511589354 is handled. Duration 0 ms by bot id=8095621527
2025.03.30 14:12:28 aiogram.event        INFO     Update id=511589355 is handled. Duration 0 ms by bot id=8095621527
2025.03.30 14:12:28 aiogram.event        INFO     Update id=511589338 is handled. Duration 12 ms by bot id=8095621527
2025.03.30 14:12:28 aiogram.event        INFO     Update id=511589339 is handled. Duration 12 ms by bot id=8095621527
2025.03.30 14:12:28 aiogram.event        INFO     Update id=511589340 is handled. Duration 12 ms by bot id=8095621527
2025.03.30 14:12:28 aiogram.event        INFO     Update id=511589342 is handled. Duration 13 ms by bot id=8095621527
2025.03.30 14:12:28 aiogram.event        INFO     Update id=511589343 is handled. Duration 12 ms by bot id=8095621527
2025.03.30 14:12:28 aiogram.event        INFO     Update id=511589346 is handled. Duration 13 ms by bot id=8095621527
2025.03.30 14:12:28 aiogram.event        INFO     Update id=511589347 is handled. Duration 13 ms by bot id=8095621527
2025.03.30 14:12:28 aiogram.event        INFO     Update id=511589352 is not handled. Duration 14 ms by bot id=8095621527
2025.03.30 14:12:28 aiogram.event        INFO     Update id=511589358 is handled. Duration 14 ms by bot id=8095621527
2025.03.30 14:12:28 aiogram.event        INFO     Update id=511589359 is handled. Duration 14 ms by bot id=8095621527
2025.03.30 14:12:28 aiogram.event        INFO     Update id=511589360 is handled. Duration 14 ms by bot id=8095621527
2025.03.30 14:12:28 aiogram.event        INFO     Update id=511589362 is not handled. Duration 14 ms by bot id=8095621527
2025.03.30 14:12:28 aiogram.event        INFO     Update id=511589363 is handled. Duration 14 ms by bot id=8095621527
2025.03.30 14:12:28 aiogram.event        INFO     Update id=511589341 is handled. Duration 327 ms by bot id=8095621527
2025.03.30 14:12:28 aiogram.event        INFO     Update id=511589350 is handled. Duration 389 ms by bot id=8095621527
2025.03.30 14:12:28 aiogram.event        INFO     Update id=511589348 is handled. Duration 451 ms by bot id=8095621527
2025.03.30 14:12:28 aiogram.event        INFO     Update id=511589344 is handled. Duration 521 ms by bot id=8095621527
2025.03.30 14:12:28 aiogram.event        INFO     Update id=511589357 is handled. Duration 589 ms by bot id=8095621527
2025.03.30 14:12:28 aiogram.event        INFO     Update id=511589353 is handled. Duration 661 ms by bot id=8095621527
2025.03.30 14:12:33 aiogram.event        INFO     Update id=511589351 is handled. Duration 5769 ms by bot id=8095621527
2025.03.30 14:12:33 aiogram.event        INFO     Update id=511589345 is handled. Duration 5890 ms by bot id=8095621527
2025.03.30 14:12:34 aiogram.event        INFO     Update id=511589361 is handled. Duration 5962 ms by bot id=8095621527
2025.03.30 14:12:34 aiogram.event        INFO     Update id=511589356 is handled. Duration 6015 ms by bot id=8095621527
2025.03.30 14:12:34 aiogram.event        INFO     Update id=511589349 is handled. Duration 6089 ms by bot id=8095621527
2025.03.30 14:12:39 aiogram.dispatcher   WARNING  Received SIGINT signal
2025.03.30 14:12:39 aiogram.dispatcher   INFO     Polling stopped for bot @dllmasterbot id=8095621527 - 'DLLMaster for Music'
2025.03.30 14:12:39 aiogram.dispatcher   INFO     Polling stopped
2025.03.30 14:12:39 __main__             INFO     🛑 Polling stopped
2025.03.30 14:12:39 __main__             INFO     🔴 Bot stopped
2025.03.30 14:15:51 __main__             INFO     🤖 Starting bot...
2025.03.30 14:15:51 __main__             INFO     🚀 Starting bot initialization...
2025.03.30 14:15:51 __main__             INFO     ✅ Database initialized successfully
2025.03.30 14:15:51 core.spotify_handler INFO     Spotify API ilə əlaqə quruldu.
2025.03.30 14:15:51 __main__             INFO     ✅ Spotify service initialized
2025.03.30 14:15:51 core.webprofile      INFO     Seçilmiş User-Agent: Mozilla/5.0 (X11; Ubuntu; Linux x86_64; rv:120.0) Gecko/20100101 Firefox/120.0
2025.03.30 14:15:51 core.youtube_handler INFO     firefox brauzerindən cookies istifadə edilir.
2025.03.30 14:15:51 __main__             INFO     ✅ YouTube services initialized (firefox)
2025.03.30 14:15:51 __main__             INFO     🔌 Loading plugins...
2025.03.30 14:15:51 __main__             INFO     🔍 Scanning plugins in: plugins
2025.03.30 14:15:51 __main__             INFO     🔄 Loading: plugins.spotify_plugin
2025.03.30 14:15:51 __main__             INFO     ✅ Loaded (sync): plugins.spotify_plugin
2025.03.30 14:15:51 __main__             INFO     🔄 Loading: plugins.menu_plugin
2025.03.30 14:15:51 __main__             INFO     ✅ Loaded (sync): plugins.menu_plugin
2025.03.30 14:15:51 __main__             INFO     🔄 Loading: plugins.sudo_plugin
2025.03.30 14:15:51 __main__             INFO     ✅ Loaded (sync): plugins.sudo_plugin
2025.03.30 14:15:51 __main__             INFO     🔄 Loading: plugins.youtube_plugin
2025.03.30 14:15:51 __main__             INFO     ✅ Loaded (sync): plugins.youtube_plugin
2025.03.30 14:15:51 __main__             INFO     🔄 Loading: plugins.neofetch_plugin
2025.03.30 14:15:51 __main__             INFO     ✅ Loaded (sync): plugins.neofetch_plugin
2025.03.30 14:15:51 __main__             INFO     🔄 Loading: plugins.report_plugin
2025.03.30 14:15:51 __main__             INFO     ✅ Loaded (async): plugins.report_plugin
2025.03.30 14:15:51 __main__             INFO     🔄 Loading: plugins.del_plugin
2025.03.30 14:15:51 __main__             INFO     ✅ Loaded (sync): plugins.del_plugin
2025.03.30 14:15:51 __main__             INFO     🔄 Loading: plugins.music_plugin
2025.03.30 14:15:51 __main__             INFO     ✅ Loaded (sync): plugins.music_plugin
2025.03.30 14:15:51 __main__             INFO     🔄 Loading: plugins.start_plugin
2025.03.30 14:15:51 __main__             INFO     ✅ Loaded (async): plugins.start_plugin
2025.03.30 14:15:51 __main__             INFO     🔄 Loading: plugins.stats_plugin
2025.03.30 14:15:51 __main__             INFO     ✅ Loaded (sync): plugins.stats_plugin
2025.03.30 14:15:51 __main__             INFO     🔄 Loading: plugins.dir_plugin
2025.03.30 14:15:51 __main__             INFO     ✅ Loaded (sync): plugins.dir_plugin
2025.03.30 14:15:51 __main__             INFO     🔄 Loading: plugins.broadcast_plugin
2025.03.30 14:15:51 __main__             INFO     ✅ Loaded (sync): plugins.broadcast_plugin
2025.03.30 14:15:51 __main__             INFO     🔄 Loading: plugins.speedtest_plugin
2025.03.30 14:15:51 __main__             INFO     ✅ Loaded (sync): plugins.speedtest_plugin
2025.03.30 14:15:51 __main__             INFO     🔄 Loading: plugins.bot_logs
2025.03.30 14:15:51 __main__             INFO     ✅ Loaded (async): plugins.bot_logs
2025.03.30 14:15:51 __main__             INFO     🚀 Starting polling...
2025.03.30 14:15:51 aiogram.dispatcher   INFO     Start polling
2025.03.30 14:15:51 aiogram.dispatcher   INFO     Run polling for bot @dllmasterbot id=8095621527 - 'DLLMaster for Music'
2025.03.30 14:15:51 aiogram.event        INFO     Update id=511589364 is not handled. Duration 10 ms by bot id=8095621527
2025.03.30 14:15:51 aiogram.event        INFO     Update id=511589367 is handled. Duration 11 ms by bot id=8095621527
2025.03.30 14:15:51 aiogram.event        INFO     Update id=511589368 is handled. Duration 9 ms by bot id=8095621527
2025.03.30 14:15:51 aiogram.event        INFO     Update id=511589369 is not handled. Duration 6 ms by bot id=8095621527
2025.03.30 14:15:51 aiogram.event        INFO     Update id=511589370 is not handled. Duration 6 ms by bot id=8095621527
2025.03.30 14:15:51 aiogram.event        INFO     Update id=511589365 is handled. Duration 134 ms by bot id=8095621527
2025.03.30 14:15:51 aiogram.event        INFO     Update id=511589366 is handled. Duration 177 ms by bot id=8095621527
2025.03.30 14:15:56 aiogram.event        INFO     Update id=511589371 is handled. Duration 1 ms by bot id=8095621527
2025.03.30 14:16:33 aiogram.event        INFO     Update id=511589372 is handled. Duration 5 ms by bot id=8095621527
2025.03.30 14:16:41 aiogram.event        INFO     Update id=511589373 is handled. Duration 1 ms by bot id=8095621527
2025.03.30 14:18:00 aiogram.event        INFO     Update id=511589374 is handled. Duration 0 ms by bot id=8095621527
2025.03.30 14:18:25 aiogram.event        INFO     Update id=511589375 is handled. Duration 0 ms by bot id=8095621527
2025.03.30 14:18:29 aiogram.event        INFO     Update id=511589376 is handled. Duration 1 ms by bot id=8095621527
2025.03.30 14:18:33 aiogram.event        INFO     Update id=511589377 is handled. Duration 3 ms by bot id=8095621527
2025.03.30 14:20:00 aiogram.event        INFO     Update id=511589378 is handled. Duration 144 ms by bot id=8095621527
2025.03.30 14:20:13 aiogram.event        INFO     Update id=511589379 is handled. Duration 181 ms by bot id=8095621527
2025.03.30 14:20:15 aiogram.event        INFO     Update id=511589380 is handled. Duration 20 ms by bot id=8095621527
2025.03.30 14:20:17 aiogram.event        INFO     Update id=511589381 is handled. Duration 16 ms by bot id=8095621527
2025.03.30 14:20:20 aiogram.event        INFO     Update id=511589382 is handled. Duration 15 ms by bot id=8095621527
2025.03.30 14:20:22 aiogram.event        INFO     Update id=511589383 is handled. Duration 20 ms by bot id=8095621527
2025.03.30 14:20:23 aiogram.event        INFO     Update id=511589384 is handled. Duration 16 ms by bot id=8095621527
2025.03.30 14:20:30 aiogram.event        INFO     Update id=511589385 is handled. Duration 67 ms by bot id=8095621527
2025.03.30 14:20:48 aiogram.event        INFO     Update id=511589386 is handled. Duration 52 ms by bot id=8095621527
2025.03.30 14:20:52 aiogram.event        INFO     Update id=511589387 is handled. Duration 67 ms by bot id=8095621527
2025.03.30 14:21:00 aiogram.event        INFO     Update id=511589388 is handled. Duration 225 ms by bot id=8095621527
2025.03.30 14:21:16 aiogram.event        INFO     Update id=511589389 is handled. Duration 94 ms by bot id=8095621527
2025.03.30 14:21:16 aiogram.event        INFO     Update id=511589390 is handled. Duration 66 ms by bot id=8095621527
2025.03.30 14:21:17 aiogram.event        INFO     Update id=511589391 is handled. Duration 167 ms by bot id=8095621527
2025.03.30 14:21:19 aiogram.event        INFO     Update id=511589392 is handled. Duration 76 ms by bot id=8095621527
2025.03.30 14:21:21 aiogram.event        INFO     Update id=511589393 is handled. Duration 0 ms by bot id=8095621527
2025.03.30 14:21:31 aiogram.dispatcher   WARNING  Received SIGINT signal
2025.03.30 14:21:31 aiogram.dispatcher   INFO     Polling stopped for bot @dllmasterbot id=8095621527 - 'DLLMaster for Music'
2025.03.30 14:21:31 aiogram.dispatcher   INFO     Polling stopped
2025.03.30 14:21:31 __main__             INFO     🛑 Polling stopped
2025.03.30 14:21:31 __main__             INFO     🔴 Bot stopped
2025.03.30 14:30:38 __main__             INFO     🤖 Starting bot...
2025.03.30 14:30:38 __main__             INFO     🚀 Starting bot initialization...
2025.03.30 14:30:38 __main__             INFO     ✅ Database initialized successfully
2025.03.30 14:30:38 core.spotify_handler INFO     Spotify API ilə əlaqə quruldu.
2025.03.30 14:30:38 __main__             INFO     ✅ Spotify service initialized
2025.03.30 14:30:38 core.webprofile      INFO     Seçilmiş User-Agent: Mozilla/5.0 (iPad; CPU OS 17_2 like Mac OS X) AppleWebKit/605.1.15 (KHTML, like Gecko) Version/17.2 Mobile/15E148 Safari/604.1
2025.03.30 14:30:38 core.youtube_handler INFO     firefox brauzerindən cookies istifadə edilir.
2025.03.30 14:30:38 __main__             INFO     ✅ YouTube services initialized (firefox)
2025.03.30 14:30:38 __main__             INFO     🔌 Loading plugins...
2025.03.30 14:30:38 __main__             INFO     🔍 Scanning plugins in: plugins
2025.03.30 14:30:38 __main__             INFO     🔄 Loading: plugins.spotify_plugin
2025.03.30 14:30:38 __main__             INFO     ✅ Loaded (sync): plugins.spotify_plugin
2025.03.30 14:30:38 __main__             INFO     🔄 Loading: plugins.menu_plugin
2025.03.30 14:30:38 __main__             INFO     ✅ Loaded (sync): plugins.menu_plugin
2025.03.30 14:30:38 __main__             INFO     🔄 Loading: plugins.sudo_plugin
2025.03.30 14:30:38 __main__             INFO     ✅ Loaded (sync): plugins.sudo_plugin
2025.03.30 14:30:38 __main__             INFO     🔄 Loading: plugins.youtube_plugin
2025.03.30 14:30:38 __main__             INFO     ✅ Loaded (sync): plugins.youtube_plugin
2025.03.30 14:30:38 __main__             INFO     🔄 Loading: plugins.neofetch_plugin
2025.03.30 14:30:38 __main__             INFO     ✅ Loaded (sync): plugins.neofetch_plugin
2025.03.30 14:30:38 __main__             INFO     🔄 Loading: plugins.report_plugin
2025.03.30 14:30:38 __main__             INFO     ✅ Loaded (async): plugins.report_plugin
2025.03.30 14:30:38 __main__             INFO     🔄 Loading: plugins.del_plugin
2025.03.30 14:30:38 __main__             INFO     ✅ Loaded (sync): plugins.del_plugin
2025.03.30 14:30:38 __main__             INFO     🔄 Loading: plugins.music_plugin
2025.03.30 14:30:38 __main__             INFO     ✅ Loaded (sync): plugins.music_plugin
2025.03.30 14:30:38 __main__             INFO     🔄 Loading: plugins.start_plugin
2025.03.30 14:30:38 __main__             INFO     ✅ Loaded (async): plugins.start_plugin
2025.03.30 14:30:38 __main__             INFO     🔄 Loading: plugins.stats_plugin
2025.03.30 14:30:38 __main__             INFO     ✅ Loaded (sync): plugins.stats_plugin
2025.03.30 14:30:38 __main__             INFO     🔄 Loading: plugins.dir_plugin
2025.03.30 14:30:38 __main__             ERROR    ❌ Failed to load plugins.dir_plugin: '(' was never closed (dir_plugin.py, line 134)
Traceback (most recent call last):
  File "/home/admin/DLMaster/app.py", line 179, in load_plugins
    module = importlib.import_module(module_name)
             ^^^^^^^^^^^^^^^^^^^^^^^^^^^^^^^^^^^^
  File "/usr/lib/python3.11/importlib/__init__.py", line 126, in import_module
    return _bootstrap._gcd_import(name[level:], package, level)
           ^^^^^^^^^^^^^^^^^^^^^^^^^^^^^^^^^^^^^^^^^^^^^^^^^^^^
  File "<frozen importlib._bootstrap>", line 1206, in _gcd_import
  File "<frozen importlib._bootstrap>", line 1178, in _find_and_load
  File "<frozen importlib._bootstrap>", line 1149, in _find_and_load_unlocked
  File "<frozen importlib._bootstrap>", line 690, in _load_unlocked
  File "<frozen importlib._bootstrap_external>", line 936, in exec_module
  File "<frozen importlib._bootstrap_external>", line 1074, in get_code
  File "<frozen importlib._bootstrap_external>", line 1004, in source_to_code
  File "<frozen importlib._bootstrap>", line 241, in _call_with_frames_removed
  File "/home/admin/DLMaster/plugins/dir_plugin.py", line 134
    await callback.message.answer_document(
                                          ^
SyntaxError: '(' was never closed
2025.03.30 14:30:38 __main__             INFO     🔄 Loading: plugins.broadcast_plugin
2025.03.30 14:30:38 __main__             INFO     ✅ Loaded (sync): plugins.broadcast_plugin
2025.03.30 14:30:38 __main__             INFO     🔄 Loading: plugins.speedtest_plugin
2025.03.30 14:30:38 __main__             INFO     ✅ Loaded (sync): plugins.speedtest_plugin
2025.03.30 14:30:38 __main__             INFO     🔄 Loading: plugins.bot_logs
2025.03.30 14:30:38 __main__             INFO     ✅ Loaded (async): plugins.bot_logs
2025.03.30 14:30:38 __main__             INFO     🚀 Starting polling...
2025.03.30 14:30:38 aiogram.dispatcher   INFO     Start polling
2025.03.30 14:30:38 aiogram.dispatcher   INFO     Run polling for bot @dllmasterbot id=8095621527 - 'DLLMaster for Music'
2025.03.30 14:30:38 aiogram.event        INFO     Update id=511589394 is not handled. Duration 9 ms by bot id=8095621527
2025.03.30 14:30:38 aiogram.event        INFO     Update id=511589395 is not handled. Duration 9 ms by bot id=8095621527
2025.03.30 14:30:38 aiogram.event        INFO     Update id=511589396 is not handled. Duration 8 ms by bot id=8095621527
2025.03.30 14:30:38 aiogram.event        INFO     Update id=511589397 is not handled. Duration 9 ms by bot id=8095621527
2025.03.30 14:30:38 aiogram.event        INFO     Update id=511589398 is not handled. Duration 9 ms by bot id=8095621527
2025.03.30 14:30:38 aiogram.event        INFO     Update id=511589399 is not handled. Duration 6 ms by bot id=8095621527
2025.03.30 14:30:38 aiogram.event        INFO     Update id=511589400 is not handled. Duration 6 ms by bot id=8095621527
2025.03.30 14:30:38 aiogram.event        INFO     Update id=511589401 is not handled. Duration 7 ms by bot id=8095621527
2025.03.30 14:30:38 aiogram.event        INFO     Update id=511589402 is not handled. Duration 7 ms by bot id=8095621527
2025.03.30 14:31:07 aiogram.dispatcher   WARNING  Received SIGINT signal
2025.03.30 14:31:07 aiogram.dispatcher   INFO     Polling stopped for bot @dllmasterbot id=8095621527 - 'DLLMaster for Music'
2025.03.30 14:31:07 aiogram.dispatcher   INFO     Polling stopped
2025.03.30 14:31:08 __main__             INFO     🛑 Polling stopped
2025.03.30 14:31:08 __main__             INFO     🔴 Bot stopped
2025.03.30 14:31:13 __main__             INFO     🤖 Starting bot...
2025.03.30 14:31:13 __main__             INFO     🚀 Starting bot initialization...
2025.03.30 14:31:13 __main__             INFO     ✅ Database initialized successfully
2025.03.30 14:31:13 core.spotify_handler INFO     Spotify API ilə əlaqə quruldu.
2025.03.30 14:31:13 __main__             INFO     ✅ Spotify service initialized
2025.03.30 14:31:13 core.webprofile      INFO     Seçilmiş User-Agent: Mozilla/5.0 (X11; Linux x86_64) AppleWebKit/537.36 (KHTML, like Gecko) Chrome/122.0.0.0 Safari/537.36
2025.03.30 14:31:13 core.youtube_handler INFO     firefox brauzerindən cookies istifadə edilir.
2025.03.30 14:31:13 __main__             INFO     ✅ YouTube services initialized (firefox)
2025.03.30 14:31:13 __main__             INFO     🔌 Loading plugins...
2025.03.30 14:31:13 __main__             INFO     🔍 Scanning plugins in: plugins
2025.03.30 14:31:13 __main__             INFO     🔄 Loading: plugins.spotify_plugin
2025.03.30 14:31:13 __main__             INFO     ✅ Loaded (sync): plugins.spotify_plugin
2025.03.30 14:31:13 __main__             INFO     🔄 Loading: plugins.menu_plugin
2025.03.30 14:31:13 __main__             INFO     ✅ Loaded (sync): plugins.menu_plugin
2025.03.30 14:31:13 __main__             INFO     🔄 Loading: plugins.sudo_plugin
2025.03.30 14:31:13 __main__             INFO     ✅ Loaded (sync): plugins.sudo_plugin
2025.03.30 14:31:13 __main__             INFO     🔄 Loading: plugins.youtube_plugin
2025.03.30 14:31:13 __main__             INFO     ✅ Loaded (sync): plugins.youtube_plugin
2025.03.30 14:31:13 __main__             INFO     🔄 Loading: plugins.neofetch_plugin
2025.03.30 14:31:13 __main__             INFO     ✅ Loaded (sync): plugins.neofetch_plugin
2025.03.30 14:31:13 __main__             INFO     🔄 Loading: plugins.report_plugin
2025.03.30 14:31:13 __main__             INFO     ✅ Loaded (async): plugins.report_plugin
2025.03.30 14:31:13 __main__             INFO     🔄 Loading: plugins.del_plugin
2025.03.30 14:31:13 __main__             INFO     ✅ Loaded (sync): plugins.del_plugin
2025.03.30 14:31:13 __main__             INFO     🔄 Loading: plugins.music_plugin
2025.03.30 14:31:13 __main__             INFO     ✅ Loaded (sync): plugins.music_plugin
2025.03.30 14:31:13 __main__             INFO     🔄 Loading: plugins.start_plugin
2025.03.30 14:31:13 __main__             INFO     ✅ Loaded (async): plugins.start_plugin
2025.03.30 14:31:13 __main__             INFO     🔄 Loading: plugins.stats_plugin
2025.03.30 14:31:13 __main__             INFO     ✅ Loaded (sync): plugins.stats_plugin
2025.03.30 14:31:13 __main__             INFO     🔄 Loading: plugins.dir_plugin
2025.03.30 14:31:13 __main__             INFO     ✅ Loaded (sync): plugins.dir_plugin
2025.03.30 14:31:13 __main__             INFO     🔄 Loading: plugins.broadcast_plugin
2025.03.30 14:31:13 __main__             INFO     ✅ Loaded (sync): plugins.broadcast_plugin
2025.03.30 14:31:13 __main__             INFO     🔄 Loading: plugins.speedtest_plugin
2025.03.30 14:31:13 __main__             INFO     ✅ Loaded (sync): plugins.speedtest_plugin
2025.03.30 14:31:13 __main__             INFO     🔄 Loading: plugins.bot_logs
2025.03.30 14:31:13 __main__             INFO     ✅ Loaded (async): plugins.bot_logs
2025.03.30 14:31:13 __main__             INFO     🚀 Starting polling...
2025.03.30 14:31:13 aiogram.dispatcher   INFO     Start polling
2025.03.30 14:31:13 aiogram.dispatcher   INFO     Run polling for bot @dllmasterbot id=8095621527 - 'DLLMaster for Music'
2025.03.30 14:31:51 aiogram.event        INFO     Update id=511589403 is handled. Duration 82 ms by bot id=8095621527
2025.03.30 14:31:52 aiogram.event        INFO     Update id=511589404 is handled. Duration 146 ms by bot id=8095621527
2025.03.30 14:31:54 aiogram.event        INFO     Update id=511589405 is handled. Duration 22 ms by bot id=8095621527
2025.03.30 14:31:56 aiogram.event        INFO     Update id=511589406 is handled. Duration 120 ms by bot id=8095621527
2025.03.30 14:31:57 aiogram.event        INFO     Update id=511589407 is handled. Duration 33 ms by bot id=8095621527
2025.03.30 14:31:58 aiogram.event        INFO     Update id=511589408 is handled. Duration 47 ms by bot id=8095621527
2025.03.30 14:31:58 aiogram.event        INFO     Update id=511589409 is handled. Duration 101 ms by bot id=8095621527
2025.03.30 14:32:02 aiogram.event        INFO     Update id=511589410 is not handled. Duration 171 ms by bot id=8095621527
2025.03.30 14:32:02 aiogram.event        ERROR    Cause exception while process update id=511589410 by bot id=8095621527
ConfigRetrievalError: HTTP Error 403: Forbidden
Traceback (most recent call last):
  File "/home/admin/.local/lib/python3.11/site-packages/aiogram/dispatcher/dispatcher.py", line 309, in _process_update
    response = await self.feed_update(bot, update, **kwargs)
               ^^^^^^^^^^^^^^^^^^^^^^^^^^^^^^^^^^^^^^^^^^^^^
  File "/home/admin/.local/lib/python3.11/site-packages/aiogram/dispatcher/dispatcher.py", line 158, in feed_update
    response = await self.update.wrap_outer_middleware(
               ^^^^^^^^^^^^^^^^^^^^^^^^^^^^^^^^^^^^^^^^
  File "/home/admin/.local/lib/python3.11/site-packages/aiogram/dispatcher/middlewares/error.py", line 25, in __call__
    return await handler(event, data)
           ^^^^^^^^^^^^^^^^^^^^^^^^^^
  File "/home/admin/.local/lib/python3.11/site-packages/aiogram/dispatcher/middlewares/user_context.py", line 56, in __call__
    return await handler(event, data)
           ^^^^^^^^^^^^^^^^^^^^^^^^^^
  File "/home/admin/.local/lib/python3.11/site-packages/aiogram/fsm/middleware.py", line 42, in __call__
    return await handler(event, data)
           ^^^^^^^^^^^^^^^^^^^^^^^^^^
  File "/home/admin/.local/lib/python3.11/site-packages/aiogram/dispatcher/event/telegram.py", line 121, in trigger
    return await wrapped_inner(event, kwargs)
           ^^^^^^^^^^^^^^^^^^^^^^^^^^^^^^^^^^
  File "/home/admin/.local/lib/python3.11/site-packages/aiogram/dispatcher/event/handler.py", line 43, in call
    return await wrapped()
           ^^^^^^^^^^^^^^^
  File "/home/admin/.local/lib/python3.11/site-packages/aiogram/dispatcher/dispatcher.py", line 276, in _listen_update
    return await self.propagate_event(update_type=update_type, event=event, **kwargs)
           ^^^^^^^^^^^^^^^^^^^^^^^^^^^^^^^^^^^^^^^^^^^^^^^^^^^^^^^^^^^^^^^^^^^^^^^^^^
  File "/home/admin/.local/lib/python3.11/site-packages/aiogram/dispatcher/router.py", line 146, in propagate_event
    return await observer.wrap_outer_middleware(_wrapped, event=event, data=kwargs)
           ^^^^^^^^^^^^^^^^^^^^^^^^^^^^^^^^^^^^^^^^^^^^^^^^^^^^^^^^^^^^^^^^^^^^^^^^
  File "/home/admin/.local/lib/python3.11/site-packages/aiogram/dispatcher/router.py", line 141, in _wrapped
    return await self._propagate_event(
           ^^^^^^^^^^^^^^^^^^^^^^^^^^^^
  File "/home/admin/.local/lib/python3.11/site-packages/aiogram/dispatcher/router.py", line 166, in _propagate_event
    response = await observer.trigger(event, **kwargs)
               ^^^^^^^^^^^^^^^^^^^^^^^^^^^^^^^^^^^^^^^
  File "/home/admin/.local/lib/python3.11/site-packages/aiogram/dispatcher/event/telegram.py", line 121, in trigger
    return await wrapped_inner(event, kwargs)
           ^^^^^^^^^^^^^^^^^^^^^^^^^^^^^^^^^^
  File "/home/admin/.local/lib/python3.11/site-packages/aiogram/dispatcher/event/handler.py", line 43, in call
    return await wrapped()
           ^^^^^^^^^^^^^^^
  File "/home/admin/DLMaster/plugins/speedtest_plugin.py", line 26, in speedtest_cmd_callback
    st = speedtest.Speedtest()
         ^^^^^^^^^^^^^^^^^^^^^
  File "/home/admin/.local/lib/python3.11/site-packages/speedtest.py", line 1095, in __init__
    self.get_config()
  File "/home/admin/.local/lib/python3.11/site-packages/speedtest.py", line 1127, in get_config
    raise ConfigRetrievalError(e)
speedtest.ConfigRetrievalError: HTTP Error 403: Forbidden
2025.03.30 14:32:31 aiogram.event        INFO     Update id=511589411 is handled. Duration 196 ms by bot id=8095621527
2025.03.30 14:32:32 aiogram.event        INFO     Update id=511589412 is not handled. Duration 107 ms by bot id=8095621527
2025.03.30 14:32:32 aiogram.event        ERROR    Cause exception while process update id=511589412 by bot id=8095621527
ConfigRetrievalError: HTTP Error 403: Forbidden
Traceback (most recent call last):
  File "/home/admin/.local/lib/python3.11/site-packages/aiogram/dispatcher/dispatcher.py", line 309, in _process_update
    response = await self.feed_update(bot, update, **kwargs)
               ^^^^^^^^^^^^^^^^^^^^^^^^^^^^^^^^^^^^^^^^^^^^^
  File "/home/admin/.local/lib/python3.11/site-packages/aiogram/dispatcher/dispatcher.py", line 158, in feed_update
    response = await self.update.wrap_outer_middleware(
               ^^^^^^^^^^^^^^^^^^^^^^^^^^^^^^^^^^^^^^^^
  File "/home/admin/.local/lib/python3.11/site-packages/aiogram/dispatcher/middlewares/error.py", line 25, in __call__
    return await handler(event, data)
           ^^^^^^^^^^^^^^^^^^^^^^^^^^
  File "/home/admin/.local/lib/python3.11/site-packages/aiogram/dispatcher/middlewares/user_context.py", line 56, in __call__
    return await handler(event, data)
           ^^^^^^^^^^^^^^^^^^^^^^^^^^
  File "/home/admin/.local/lib/python3.11/site-packages/aiogram/fsm/middleware.py", line 42, in __call__
    return await handler(event, data)
           ^^^^^^^^^^^^^^^^^^^^^^^^^^
  File "/home/admin/.local/lib/python3.11/site-packages/aiogram/dispatcher/event/telegram.py", line 121, in trigger
    return await wrapped_inner(event, kwargs)
           ^^^^^^^^^^^^^^^^^^^^^^^^^^^^^^^^^^
  File "/home/admin/.local/lib/python3.11/site-packages/aiogram/dispatcher/event/handler.py", line 43, in call
    return await wrapped()
           ^^^^^^^^^^^^^^^
  File "/home/admin/.local/lib/python3.11/site-packages/aiogram/dispatcher/dispatcher.py", line 276, in _listen_update
    return await self.propagate_event(update_type=update_type, event=event, **kwargs)
           ^^^^^^^^^^^^^^^^^^^^^^^^^^^^^^^^^^^^^^^^^^^^^^^^^^^^^^^^^^^^^^^^^^^^^^^^^^
  File "/home/admin/.local/lib/python3.11/site-packages/aiogram/dispatcher/router.py", line 146, in propagate_event
    return await observer.wrap_outer_middleware(_wrapped, event=event, data=kwargs)
           ^^^^^^^^^^^^^^^^^^^^^^^^^^^^^^^^^^^^^^^^^^^^^^^^^^^^^^^^^^^^^^^^^^^^^^^^
  File "/home/admin/.local/lib/python3.11/site-packages/aiogram/dispatcher/router.py", line 141, in _wrapped
    return await self._propagate_event(
           ^^^^^^^^^^^^^^^^^^^^^^^^^^^^
  File "/home/admin/.local/lib/python3.11/site-packages/aiogram/dispatcher/router.py", line 166, in _propagate_event
    response = await observer.trigger(event, **kwargs)
               ^^^^^^^^^^^^^^^^^^^^^^^^^^^^^^^^^^^^^^^
  File "/home/admin/.local/lib/python3.11/site-packages/aiogram/dispatcher/event/telegram.py", line 121, in trigger
    return await wrapped_inner(event, kwargs)
           ^^^^^^^^^^^^^^^^^^^^^^^^^^^^^^^^^^
  File "/home/admin/.local/lib/python3.11/site-packages/aiogram/dispatcher/event/handler.py", line 43, in call
    return await wrapped()
           ^^^^^^^^^^^^^^^
  File "/home/admin/DLMaster/plugins/speedtest_plugin.py", line 26, in speedtest_cmd_callback
    st = speedtest.Speedtest()
         ^^^^^^^^^^^^^^^^^^^^^
  File "/home/admin/.local/lib/python3.11/site-packages/speedtest.py", line 1095, in __init__
    self.get_config()
  File "/home/admin/.local/lib/python3.11/site-packages/speedtest.py", line 1127, in get_config
    raise ConfigRetrievalError(e)
speedtest.ConfigRetrievalError: HTTP Error 403: Forbidden
2025.03.30 14:32:38 aiogram.event        INFO     Update id=511589413 is handled. Duration 96 ms by bot id=8095621527
2025.03.30 14:32:41 aiogram.event        INFO     Update id=511589414 is handled. Duration 1169 ms by bot id=8095621527
2025.03.30 14:32:58 aiogram.event        INFO     Update id=511589415 is handled. Duration 40 ms by bot id=8095621527
2025.03.30 14:33:00 aiogram.event        INFO     Update id=511589416 is handled. Duration 16 ms by bot id=8095621527
2025.03.30 14:34:04 aiogram.dispatcher   WARNING  Received SIGINT signal
2025.03.30 14:34:04 aiogram.dispatcher   INFO     Polling stopped for bot @dllmasterbot id=8095621527 - 'DLLMaster for Music'
2025.03.30 14:34:04 aiogram.dispatcher   INFO     Polling stopped
2025.03.30 14:34:05 __main__             INFO     🛑 Polling stopped
2025.03.30 14:34:05 __main__             INFO     🔴 Bot stopped
2025.03.30 14:34:10 __main__             INFO     🤖 Starting bot...
2025.03.30 14:34:10 __main__             INFO     🚀 Starting bot initialization...
2025.03.30 14:34:10 __main__             INFO     ✅ Database initialized successfully
2025.03.30 14:34:10 core.spotify_handler INFO     Spotify API ilə əlaqə quruldu.
2025.03.30 14:34:10 __main__             INFO     ✅ Spotify service initialized
2025.03.30 14:34:10 core.webprofile      INFO     Seçilmiş User-Agent: Mozilla/5.0 (Macintosh; Intel Mac OS X 10_15_7) AppleWebKit/537.36 (KHTML, like Gecko) Chrome/122.0.0.0 Safari/537.36
2025.03.30 14:34:10 core.youtube_handler INFO     firefox brauzerindən cookies istifadə edilir.
2025.03.30 14:34:10 __main__             INFO     ✅ YouTube services initialized (firefox)
2025.03.30 14:34:10 __main__             INFO     🔌 Loading plugins...
2025.03.30 14:34:10 __main__             INFO     🔍 Scanning plugins in: plugins
2025.03.30 14:34:10 __main__             INFO     🔄 Loading: plugins.spotify_plugin
2025.03.30 14:34:10 __main__             INFO     ✅ Loaded (sync): plugins.spotify_plugin
2025.03.30 14:34:10 __main__             INFO     🔄 Loading: plugins.menu_plugin
2025.03.30 14:34:10 __main__             INFO     ✅ Loaded (sync): plugins.menu_plugin
2025.03.30 14:34:10 __main__             INFO     🔄 Loading: plugins.sudo_plugin
2025.03.30 14:34:10 __main__             INFO     ✅ Loaded (sync): plugins.sudo_plugin
2025.03.30 14:34:10 __main__             INFO     🔄 Loading: plugins.youtube_plugin
2025.03.30 14:34:10 __main__             INFO     ✅ Loaded (sync): plugins.youtube_plugin
2025.03.30 14:34:10 __main__             INFO     🔄 Loading: plugins.neofetch_plugin
2025.03.30 14:34:10 __main__             INFO     ✅ Loaded (sync): plugins.neofetch_plugin
2025.03.30 14:34:10 __main__             INFO     🔄 Loading: plugins.report_plugin
2025.03.30 14:34:10 __main__             INFO     ✅ Loaded (async): plugins.report_plugin
2025.03.30 14:34:10 __main__             INFO     🔄 Loading: plugins.del_plugin
2025.03.30 14:34:10 __main__             INFO     ✅ Loaded (sync): plugins.del_plugin
2025.03.30 14:34:10 __main__             INFO     🔄 Loading: plugins.music_plugin
2025.03.30 14:34:10 __main__             INFO     ✅ Loaded (sync): plugins.music_plugin
2025.03.30 14:34:10 __main__             INFO     🔄 Loading: plugins.start_plugin
2025.03.30 14:34:10 __main__             INFO     ✅ Loaded (async): plugins.start_plugin
2025.03.30 14:34:10 __main__             INFO     🔄 Loading: plugins.stats_plugin
2025.03.30 14:34:10 __main__             INFO     ✅ Loaded (sync): plugins.stats_plugin
2025.03.30 14:34:10 __main__             INFO     🔄 Loading: plugins.dir_plugin
2025.03.30 14:34:10 __main__             INFO     ✅ Loaded (sync): plugins.dir_plugin
2025.03.30 14:34:10 __main__             INFO     🔄 Loading: plugins.broadcast_plugin
2025.03.30 14:34:10 __main__             INFO     ✅ Loaded (sync): plugins.broadcast_plugin
2025.03.30 14:34:10 __main__             INFO     🔄 Loading: plugins.speedtest_plugin
2025.03.30 14:34:10 __main__             INFO     ✅ Loaded (sync): plugins.speedtest_plugin
2025.03.30 14:34:10 __main__             INFO     🔄 Loading: plugins.bot_logs
2025.03.30 14:34:10 __main__             INFO     ✅ Loaded (async): plugins.bot_logs
2025.03.30 14:34:10 __main__             INFO     🚀 Starting polling...
2025.03.30 14:34:10 aiogram.dispatcher   INFO     Start polling
2025.03.30 14:34:10 aiogram.dispatcher   INFO     Run polling for bot @dllmasterbot id=8095621527 - 'DLLMaster for Music'
2025.03.30 14:34:16 aiogram.event        INFO     Update id=511589417 is not handled. Duration 1 ms by bot id=8095621527
2025.03.30 14:34:22 aiogram.event        INFO     Update id=511589418 is not handled. Duration 1 ms by bot id=8095621527
2025.03.30 14:34:23 aiogram.event        INFO     Update id=511589419 is handled. Duration 132 ms by bot id=8095621527
2025.03.30 14:34:24 aiogram.event        INFO     Update id=511589420 is handled. Duration 119 ms by bot id=8095621527
2025.03.30 14:34:25 aiogram.event        INFO     Update id=511589421 is not handled. Duration 2 ms by bot id=8095621527
2025.03.30 14:34:34 aiogram.event        INFO     Update id=511589422 is handled. Duration 1 ms by bot id=8095621527
2025.03.30 14:34:43 aiogram.event        INFO     Update id=511589423 is handled. Duration 70 ms by bot id=8095621527
2025.03.30 14:34:49 aiogram.event        INFO     Update id=511589424 is handled. Duration 202 ms by bot id=8095621527
2025.03.30 14:34:54 aiogram.event        INFO     Update id=511589425 is handled. Duration 140 ms by bot id=8095621527
2025.03.30 14:34:59 aiogram.event        INFO     Update id=511589426 is handled. Duration 328 ms by bot id=8095621527
2025.03.30 14:35:00 aiogram.event        INFO     Update id=511589427 is handled. Duration 0 ms by bot id=8095621527
2025.03.30 14:35:00 aiogram.event        INFO     Update id=511589428 is not handled. Duration 2 ms by bot id=8095621527
2025.03.30 14:35:03 aiogram.event        INFO     Update id=511589429 is handled. Duration 194 ms by bot id=8095621527
2025.03.30 14:35:07 aiogram.event        INFO     Update id=511589430 is handled. Duration 65 ms by bot id=8095621527
2025.03.30 14:36:22 aiogram.event        INFO     Update id=511589431 is handled. Duration 92 ms by bot id=8095621527
2025.03.30 14:36:24 aiogram.event        INFO     Update id=511589432 is handled. Duration 167 ms by bot id=8095621527
2025.03.30 14:36:27 aiogram.event        INFO     Update id=511589433 is handled. Duration 1 ms by bot id=8095621527
2025.03.30 14:36:27 aiogram.event        INFO     Update id=511589434 is handled. Duration 495 ms by bot id=8095621527
2025.03.30 14:36:30 aiogram.event        INFO     Update id=511589435 is handled. Duration 132 ms by bot id=8095621527
2025.03.30 14:37:02 aiogram.event        INFO     Update id=511589436 is handled. Duration 2 ms by bot id=8095621527
2025.03.30 14:37:19 aiogram.event        INFO     Update id=511589437 is handled. Duration 0 ms by bot id=8095621527
2025.03.30 14:37:19 aiogram.event        INFO     Update id=511589438 is not handled. Duration 1 ms by bot id=8095621527
2025.03.30 14:37:33 aiogram.event        INFO     Update id=511589439 is handled. Duration 1 ms by bot id=8095621527
2025.03.30 14:39:00 aiogram.event        INFO     Update id=511589440 is handled. Duration 1 ms by bot id=8095621527
2025.03.30 14:39:36 aiogram.event        INFO     Update id=511589441 is handled. Duration 1 ms by bot id=8095621527
2025.03.30 14:41:29 aiogram.event        INFO     Update id=511589442 is handled. Duration 7 ms by bot id=8095621527
2025.03.30 14:41:29 aiogram.event        INFO     Update id=511589443 is handled. Duration 5 ms by bot id=8095621527
2025.03.30 14:41:29 aiogram.event        INFO     Update id=511589444 is handled. Duration 3 ms by bot id=8095621527
2025.03.30 14:41:46 aiogram.event        INFO     Update id=511589445 is handled. Duration 2 ms by bot id=8095621527
2025.03.30 14:41:46 aiogram.event        INFO     Update id=511589446 is handled. Duration 2 ms by bot id=8095621527
2025.03.30 14:41:46 aiogram.event        INFO     Update id=511589447 is handled. Duration 2 ms by bot id=8095621527
2025.03.30 14:42:17 aiogram.event        INFO     Update id=511589448 is handled. Duration 1 ms by bot id=8095621527
2025.03.30 14:42:23 aiogram.event        INFO     Update id=511589449 is handled. Duration 1 ms by bot id=8095621527
2025.03.30 14:43:25 aiogram.event        INFO     Update id=511589450 is handled. Duration 1 ms by bot id=8095621527
2025.03.30 14:43:26 aiogram.event        INFO     Update id=511589451 is handled. Duration 2 ms by bot id=8095621527
2025.03.30 14:44:08 aiogram.dispatcher   WARNING  Received SIGINT signal
2025.03.30 14:44:08 aiogram.dispatcher   INFO     Polling stopped for bot @dllmasterbot id=8095621527 - 'DLLMaster for Music'
2025.03.30 14:44:08 aiogram.dispatcher   INFO     Polling stopped
2025.03.30 14:44:09 __main__             INFO     🛑 Polling stopped
2025.03.30 14:44:09 __main__             INFO     🔴 Bot stopped
2025.03.30 14:44:15 __main__             INFO     🤖 Starting bot...
2025.03.30 14:44:15 __main__             INFO     🚀 Starting bot initialization...
2025.03.30 14:44:15 __main__             INFO     ✅ Database initialized successfully
2025.03.30 14:44:15 core.spotify_handler INFO     Spotify API ilə əlaqə quruldu.
2025.03.30 14:44:15 __main__             INFO     ✅ Spotify service initialized
2025.03.30 14:44:15 core.webprofile      INFO     Seçilmiş User-Agent: Mozilla/5.0 (X11; Linux x86_64) AppleWebKit/537.36 (KHTML, like Gecko) Chrome/122.0.0.0 Safari/537.36
2025.03.30 14:44:15 core.youtube_handler INFO     firefox brauzerindən cookies istifadə edilir.
2025.03.30 14:44:15 __main__             INFO     ✅ YouTube services initialized (firefox)
2025.03.30 14:44:15 __main__             INFO     🔌 Loading plugins...
2025.03.30 14:44:15 __main__             INFO     🔍 Scanning plugins in: plugins
2025.03.30 14:44:15 __main__             INFO     🔄 Loading: plugins.spotify_plugin
2025.03.30 14:44:15 __main__             INFO     ✅ Loaded (sync): plugins.spotify_plugin
2025.03.30 14:44:15 __main__             INFO     🔄 Loading: plugins.menu_plugin
2025.03.30 14:44:15 __main__             INFO     ✅ Loaded (sync): plugins.menu_plugin
2025.03.30 14:44:15 __main__             INFO     🔄 Loading: plugins.sudo_plugin
2025.03.30 14:44:15 __main__             INFO     ✅ Loaded (sync): plugins.sudo_plugin
2025.03.30 14:44:15 __main__             INFO     🔄 Loading: plugins.youtube_plugin
2025.03.30 14:44:15 __main__             INFO     ✅ Loaded (sync): plugins.youtube_plugin
2025.03.30 14:44:15 __main__             INFO     🔄 Loading: plugins.neofetch_plugin
2025.03.30 14:44:15 __main__             INFO     ✅ Loaded (sync): plugins.neofetch_plugin
2025.03.30 14:44:15 __main__             INFO     🔄 Loading: plugins.report_plugin
2025.03.30 14:44:15 __main__             INFO     ✅ Loaded (async): plugins.report_plugin
2025.03.30 14:44:15 __main__             INFO     🔄 Loading: plugins.del_plugin
2025.03.30 14:44:15 __main__             INFO     ✅ Loaded (sync): plugins.del_plugin
2025.03.30 14:44:15 __main__             INFO     🔄 Loading: plugins.music_plugin
2025.03.30 14:44:15 __main__             INFO     ✅ Loaded (sync): plugins.music_plugin
2025.03.30 14:44:15 __main__             INFO     🔄 Loading: plugins.start_plugin
2025.03.30 14:44:15 __main__             INFO     ✅ Loaded (async): plugins.start_plugin
2025.03.30 14:44:15 __main__             INFO     🔄 Loading: plugins.stats_plugin
2025.03.30 14:44:15 __main__             INFO     ✅ Loaded (sync): plugins.stats_plugin
2025.03.30 14:44:15 __main__             INFO     🔄 Loading: plugins.dir_plugin
2025.03.30 14:44:15 __main__             INFO     ✅ Loaded (sync): plugins.dir_plugin
2025.03.30 14:44:15 __main__             INFO     🔄 Loading: plugins.broadcast_plugin
2025.03.30 14:44:15 __main__             INFO     ✅ Loaded (sync): plugins.broadcast_plugin
2025.03.30 14:44:15 __main__             INFO     🔄 Loading: plugins.speedtest_plugin
2025.03.30 14:44:15 __main__             INFO     ✅ Loaded (sync): plugins.speedtest_plugin
2025.03.30 14:44:15 __main__             INFO     🔄 Loading: plugins.bot_logs
2025.03.30 14:44:15 __main__             INFO     ✅ Loaded (async): plugins.bot_logs
2025.03.30 14:44:15 __main__             INFO     🚀 Starting polling...
2025.03.30 14:44:15 aiogram.dispatcher   INFO     Start polling
2025.03.30 14:44:15 aiogram.dispatcher   INFO     Run polling for bot @dllmasterbot id=8095621527 - 'DLLMaster for Music'
2025.03.30 14:44:34 aiogram.event        INFO     Update id=511589452 is handled. Duration 1 ms by bot id=8095621527
2025.03.30 14:44:36 aiogram.event        INFO     Update id=511589453 is handled. Duration 69 ms by bot id=8095621527
2025.03.30 14:44:37 aiogram.event        INFO     Update id=511589454 is handled. Duration 148 ms by bot id=8095621527
2025.03.30 14:44:42 aiogram.event        INFO     Update id=511589455 is handled. Duration 142 ms by bot id=8095621527
2025.03.30 14:44:46 aiogram.event        INFO     Update id=511589456 is handled. Duration 48 ms by bot id=8095621527
2025.03.30 14:44:48 aiogram.event        INFO     Update id=511589457 is handled. Duration 33 ms by bot id=8095621527
2025.03.30 14:45:08 aiogram.event        INFO     Update id=511589458 is handled. Duration 5 ms by bot id=8095621527
2025.03.30 14:45:12 aiogram.dispatcher   WARNING  Received SIGINT signal
2025.03.30 14:45:12 aiogram.dispatcher   INFO     Polling stopped for bot @dllmasterbot id=8095621527 - 'DLLMaster for Music'
2025.03.30 14:45:12 aiogram.dispatcher   INFO     Polling stopped
2025.03.30 14:45:12 __main__             INFO     🛑 Polling stopped
2025.03.30 14:45:12 __main__             INFO     🔴 Bot stopped
2025.03.30 14:45:18 __main__             INFO     🤖 Starting bot...
2025.03.30 14:45:18 __main__             INFO     🚀 Starting bot initialization...
2025.03.30 14:45:18 __main__             INFO     ✅ Database initialized successfully
2025.03.30 14:45:18 core.spotify_handler INFO     Spotify API ilə əlaqə quruldu.
2025.03.30 14:45:18 __main__             INFO     ✅ Spotify service initialized
2025.03.30 14:45:18 core.webprofile      INFO     Seçilmiş User-Agent: Mozilla/5.0 (Windows NT 10.0; Win64; x64) AppleWebKit/537.36 (KHTML, like Gecko) Edge/120.0.0.0 Safari/537.36
2025.03.30 14:45:18 core.youtube_handler INFO     firefox brauzerindən cookies istifadə edilir.
2025.03.30 14:45:18 __main__             INFO     ✅ YouTube services initialized (firefox)
2025.03.30 14:45:18 __main__             INFO     🔌 Loading plugins...
2025.03.30 14:45:18 __main__             INFO     🔍 Scanning plugins in: plugins
2025.03.30 14:45:18 __main__             INFO     🔄 Loading: plugins.spotify_plugin
2025.03.30 14:45:18 __main__             INFO     ✅ Loaded (sync): plugins.spotify_plugin
2025.03.30 14:45:18 __main__             INFO     🔄 Loading: plugins.menu_plugin
2025.03.30 14:45:18 __main__             INFO     ✅ Loaded (sync): plugins.menu_plugin
2025.03.30 14:45:18 __main__             INFO     🔄 Loading: plugins.sudo_plugin
2025.03.30 14:45:18 __main__             INFO     ✅ Loaded (sync): plugins.sudo_plugin
2025.03.30 14:45:18 __main__             INFO     🔄 Loading: plugins.youtube_plugin
2025.03.30 14:45:18 __main__             INFO     ✅ Loaded (sync): plugins.youtube_plugin
2025.03.30 14:45:18 __main__             INFO     🔄 Loading: plugins.neofetch_plugin
2025.03.30 14:45:18 __main__             INFO     ✅ Loaded (sync): plugins.neofetch_plugin
2025.03.30 14:45:18 __main__             INFO     🔄 Loading: plugins.report_plugin
2025.03.30 14:45:18 __main__             INFO     ✅ Loaded (async): plugins.report_plugin
2025.03.30 14:45:18 __main__             INFO     🔄 Loading: plugins.del_plugin
2025.03.30 14:45:18 __main__             INFO     ✅ Loaded (sync): plugins.del_plugin
2025.03.30 14:45:18 __main__             INFO     🔄 Loading: plugins.music_plugin
2025.03.30 14:45:18 __main__             INFO     ✅ Loaded (sync): plugins.music_plugin
2025.03.30 14:45:18 __main__             INFO     🔄 Loading: plugins.start_plugin
2025.03.30 14:45:18 __main__             INFO     ✅ Loaded (async): plugins.start_plugin
2025.03.30 14:45:18 __main__             INFO     🔄 Loading: plugins.stats_plugin
2025.03.30 14:45:18 __main__             INFO     ✅ Loaded (sync): plugins.stats_plugin
2025.03.30 14:45:18 __main__             INFO     🔄 Loading: plugins.dir_plugin
2025.03.30 14:45:18 __main__             ERROR    ❌ Failed to load plugins.dir_plugin: invalid syntax (dir_plugin.py, line 18)
Traceback (most recent call last):
  File "/home/admin/DLMaster/app.py", line 179, in load_plugins
    module = importlib.import_module(module_name)
             ^^^^^^^^^^^^^^^^^^^^^^^^^^^^^^^^^^^^
  File "/usr/lib/python3.11/importlib/__init__.py", line 126, in import_module
    return _bootstrap._gcd_import(name[level:], package, level)
           ^^^^^^^^^^^^^^^^^^^^^^^^^^^^^^^^^^^^^^^^^^^^^^^^^^^^
  File "<frozen importlib._bootstrap>", line 1206, in _gcd_import
  File "<frozen importlib._bootstrap>", line 1178, in _find_and_load
  File "<frozen importlib._bootstrap>", line 1149, in _find_and_load_unlocked
  File "<frozen importlib._bootstrap>", line 690, in _load_unlocked
  File "<frozen importlib._bootstrap_external>", line 936, in exec_module
  File "<frozen importlib._bootstrap_external>", line 1074, in get_code
  File "<frozen importlib._bootstrap_external>", line 1004, in source_to_code
  File "<frozen importlib._bootstrap>", line 241, in _call_with_frames_removed
  File "/home/admin/DLMaster/plugins/dir_plugin.py", line 18
    return user_id == creator_id """and chat_type == "private" """
                                 ^^^^^^^^^^^^^^^^^^^^^^^^^^^^^^^^^
SyntaxError: invalid syntax
2025.03.30 14:45:18 __main__             INFO     🔄 Loading: plugins.broadcast_plugin
2025.03.30 14:45:18 __main__             INFO     ✅ Loaded (sync): plugins.broadcast_plugin
2025.03.30 14:45:18 __main__             INFO     🔄 Loading: plugins.speedtest_plugin
2025.03.30 14:45:18 __main__             INFO     ✅ Loaded (sync): plugins.speedtest_plugin
2025.03.30 14:45:18 __main__             INFO     🔄 Loading: plugins.bot_logs
2025.03.30 14:45:18 __main__             INFO     ✅ Loaded (async): plugins.bot_logs
2025.03.30 14:45:18 __main__             INFO     🚀 Starting polling...
2025.03.30 14:45:18 aiogram.dispatcher   INFO     Start polling
2025.03.30 14:45:18 aiogram.dispatcher   INFO     Run polling for bot @dllmasterbot id=8095621527 - 'DLLMaster for Music'
2025.03.30 14:45:40 aiogram.dispatcher   WARNING  Received SIGINT signal
2025.03.30 14:45:40 aiogram.dispatcher   INFO     Polling stopped for bot @dllmasterbot id=8095621527 - 'DLLMaster for Music'
2025.03.30 14:45:40 aiogram.dispatcher   INFO     Polling stopped
2025.03.30 14:45:40 __main__             INFO     🛑 Polling stopped
2025.03.30 14:45:40 __main__             INFO     🔴 Bot stopped
2025.03.30 14:45:46 __main__             INFO     🤖 Starting bot...
2025.03.30 14:45:46 __main__             INFO     🚀 Starting bot initialization...
2025.03.30 14:45:46 __main__             INFO     ✅ Database initialized successfully
2025.03.30 14:45:46 core.spotify_handler INFO     Spotify API ilə əlaqə quruldu.
2025.03.30 14:45:46 __main__             INFO     ✅ Spotify service initialized
2025.03.30 14:45:46 core.webprofile      INFO     Seçilmiş User-Agent: Mozilla/5.0 (Macintosh; Intel Mac OS X 10_15_7) AppleWebKit/537.36 (KHTML, like Gecko) Chrome/122.0.0.0 Safari/537.36
2025.03.30 14:45:46 core.youtube_handler INFO     firefox brauzerindən cookies istifadə edilir.
2025.03.30 14:45:46 __main__             INFO     ✅ YouTube services initialized (firefox)
2025.03.30 14:45:46 __main__             INFO     🔌 Loading plugins...
2025.03.30 14:45:46 __main__             INFO     🔍 Scanning plugins in: plugins
2025.03.30 14:45:46 __main__             INFO     🔄 Loading: plugins.spotify_plugin
2025.03.30 14:45:46 __main__             INFO     ✅ Loaded (sync): plugins.spotify_plugin
2025.03.30 14:45:46 __main__             INFO     🔄 Loading: plugins.menu_plugin
2025.03.30 14:45:46 __main__             INFO     ✅ Loaded (sync): plugins.menu_plugin
2025.03.30 14:45:46 __main__             INFO     🔄 Loading: plugins.sudo_plugin
2025.03.30 14:45:46 __main__             INFO     ✅ Loaded (sync): plugins.sudo_plugin
2025.03.30 14:45:46 __main__             INFO     🔄 Loading: plugins.youtube_plugin
2025.03.30 14:45:46 __main__             INFO     ✅ Loaded (sync): plugins.youtube_plugin
2025.03.30 14:45:46 __main__             INFO     🔄 Loading: plugins.neofetch_plugin
2025.03.30 14:45:46 __main__             INFO     ✅ Loaded (sync): plugins.neofetch_plugin
2025.03.30 14:45:46 __main__             INFO     🔄 Loading: plugins.report_plugin
2025.03.30 14:45:46 __main__             INFO     ✅ Loaded (async): plugins.report_plugin
2025.03.30 14:45:46 __main__             INFO     🔄 Loading: plugins.del_plugin
2025.03.30 14:45:46 __main__             INFO     ✅ Loaded (sync): plugins.del_plugin
2025.03.30 14:45:46 __main__             INFO     🔄 Loading: plugins.music_plugin
2025.03.30 14:45:46 __main__             INFO     ✅ Loaded (sync): plugins.music_plugin
2025.03.30 14:45:46 __main__             INFO     🔄 Loading: plugins.start_plugin
2025.03.30 14:45:46 __main__             INFO     ✅ Loaded (async): plugins.start_plugin
2025.03.30 14:45:46 __main__             INFO     🔄 Loading: plugins.stats_plugin
2025.03.30 14:45:46 __main__             INFO     ✅ Loaded (sync): plugins.stats_plugin
2025.03.30 14:45:46 __main__             INFO     🔄 Loading: plugins.dir_plugin
2025.03.30 14:45:46 __main__             ERROR    ❌ Failed to load plugins.dir_plugin: invalid syntax (dir_plugin.py, line 18)
Traceback (most recent call last):
  File "/home/admin/DLMaster/app.py", line 179, in load_plugins
    module = importlib.import_module(module_name)
             ^^^^^^^^^^^^^^^^^^^^^^^^^^^^^^^^^^^^
  File "/usr/lib/python3.11/importlib/__init__.py", line 126, in import_module
    return _bootstrap._gcd_import(name[level:], package, level)
           ^^^^^^^^^^^^^^^^^^^^^^^^^^^^^^^^^^^^^^^^^^^^^^^^^^^^
  File "<frozen importlib._bootstrap>", line 1206, in _gcd_import
  File "<frozen importlib._bootstrap>", line 1178, in _find_and_load
  File "<frozen importlib._bootstrap>", line 1149, in _find_and_load_unlocked
  File "<frozen importlib._bootstrap>", line 690, in _load_unlocked
  File "<frozen importlib._bootstrap_external>", line 936, in exec_module
  File "<frozen importlib._bootstrap_external>", line 1074, in get_code
  File "<frozen importlib._bootstrap_external>", line 1004, in source_to_code
  File "<frozen importlib._bootstrap>", line 241, in _call_with_frames_removed
  File "/home/admin/DLMaster/plugins/dir_plugin.py", line 18
    return user_id == creator_id """ and chat_type == "private" """
                                 ^^^^^^^^^^^^^^^^^^^^^^^^^^^^^^^^^^
SyntaxError: invalid syntax
2025.03.30 14:45:46 __main__             INFO     🔄 Loading: plugins.broadcast_plugin
2025.03.30 14:45:46 __main__             INFO     ✅ Loaded (sync): plugins.broadcast_plugin
2025.03.30 14:45:46 __main__             INFO     🔄 Loading: plugins.speedtest_plugin
2025.03.30 14:45:46 __main__             INFO     ✅ Loaded (sync): plugins.speedtest_plugin
2025.03.30 14:45:46 __main__             INFO     🔄 Loading: plugins.bot_logs
2025.03.30 14:45:46 __main__             INFO     ✅ Loaded (async): plugins.bot_logs
2025.03.30 14:45:46 __main__             INFO     🚀 Starting polling...
2025.03.30 14:45:46 aiogram.dispatcher   INFO     Start polling
2025.03.30 14:45:46 aiogram.dispatcher   INFO     Run polling for bot @dllmasterbot id=8095621527 - 'DLLMaster for Music'
2025.03.30 14:46:03 aiogram.dispatcher   WARNING  Received SIGINT signal
2025.03.30 14:46:03 aiogram.dispatcher   INFO     Polling stopped for bot @dllmasterbot id=8095621527 - 'DLLMaster for Music'
2025.03.30 14:46:03 aiogram.dispatcher   INFO     Polling stopped
2025.03.30 14:46:03 __main__             INFO     🛑 Polling stopped
2025.03.30 14:46:03 __main__             INFO     🔴 Bot stopped
2025.03.30 14:46:11 __main__             INFO     🤖 Starting bot...
2025.03.30 14:46:11 __main__             INFO     🚀 Starting bot initialization...
2025.03.30 14:46:11 __main__             INFO     ✅ Database initialized successfully
2025.03.30 14:46:11 core.spotify_handler INFO     Spotify API ilə əlaqə quruldu.
2025.03.30 14:46:11 __main__             INFO     ✅ Spotify service initialized
2025.03.30 14:46:11 core.webprofile      INFO     Seçilmiş User-Agent: Mozilla/5.0 (X11; Linux x86_64) AppleWebKit/537.36 (KHTML, like Gecko) Chrome/122.0.0.0 Safari/537.36
2025.03.30 14:46:11 core.youtube_handler INFO     firefox brauzerindən cookies istifadə edilir.
2025.03.30 14:46:11 __main__             INFO     ✅ YouTube services initialized (firefox)
2025.03.30 14:46:11 __main__             INFO     🔌 Loading plugins...
2025.03.30 14:46:11 __main__             INFO     🔍 Scanning plugins in: plugins
2025.03.30 14:46:11 __main__             INFO     🔄 Loading: plugins.spotify_plugin
2025.03.30 14:46:11 __main__             INFO     ✅ Loaded (sync): plugins.spotify_plugin
2025.03.30 14:46:11 __main__             INFO     🔄 Loading: plugins.menu_plugin
2025.03.30 14:46:11 __main__             INFO     ✅ Loaded (sync): plugins.menu_plugin
2025.03.30 14:46:11 __main__             INFO     🔄 Loading: plugins.sudo_plugin
2025.03.30 14:46:11 __main__             INFO     ✅ Loaded (sync): plugins.sudo_plugin
2025.03.30 14:46:11 __main__             INFO     🔄 Loading: plugins.youtube_plugin
2025.03.30 14:46:11 __main__             INFO     ✅ Loaded (sync): plugins.youtube_plugin
2025.03.30 14:46:11 __main__             INFO     🔄 Loading: plugins.neofetch_plugin
2025.03.30 14:46:11 __main__             INFO     ✅ Loaded (sync): plugins.neofetch_plugin
2025.03.30 14:46:11 __main__             INFO     🔄 Loading: plugins.report_plugin
2025.03.30 14:46:11 __main__             INFO     ✅ Loaded (async): plugins.report_plugin
2025.03.30 14:46:11 __main__             INFO     🔄 Loading: plugins.del_plugin
2025.03.30 14:46:11 __main__             INFO     ✅ Loaded (sync): plugins.del_plugin
2025.03.30 14:46:11 __main__             INFO     🔄 Loading: plugins.music_plugin
2025.03.30 14:46:11 __main__             INFO     ✅ Loaded (sync): plugins.music_plugin
2025.03.30 14:46:11 __main__             INFO     🔄 Loading: plugins.start_plugin
2025.03.30 14:46:11 __main__             INFO     ✅ Loaded (async): plugins.start_plugin
2025.03.30 14:46:11 __main__             INFO     🔄 Loading: plugins.stats_plugin
2025.03.30 14:46:11 __main__             INFO     ✅ Loaded (sync): plugins.stats_plugin
2025.03.30 14:46:11 __main__             INFO     🔄 Loading: plugins.dir_plugin
2025.03.30 14:46:11 __main__             INFO     ✅ Loaded (sync): plugins.dir_plugin
2025.03.30 14:46:11 __main__             INFO     🔄 Loading: plugins.broadcast_plugin
2025.03.30 14:46:11 __main__             INFO     ✅ Loaded (sync): plugins.broadcast_plugin
2025.03.30 14:46:11 __main__             INFO     🔄 Loading: plugins.speedtest_plugin
2025.03.30 14:46:11 __main__             INFO     ✅ Loaded (sync): plugins.speedtest_plugin
2025.03.30 14:46:11 __main__             INFO     🔄 Loading: plugins.bot_logs
2025.03.30 14:46:11 __main__             INFO     ✅ Loaded (async): plugins.bot_logs
2025.03.30 14:46:11 __main__             INFO     🚀 Starting polling...
2025.03.30 14:46:11 aiogram.dispatcher   INFO     Start polling
2025.03.30 14:46:11 aiogram.dispatcher   INFO     Run polling for bot @dllmasterbot id=8095621527 - 'DLLMaster for Music'
2025.03.30 14:46:11 aiogram.event        INFO     Update id=511589459 is handled. Duration 1 ms by bot id=8095621527
2025.03.30 14:46:14 aiogram.event        INFO     Update id=511589460 is handled. Duration 174 ms by bot id=8095621527
2025.03.30 14:46:16 aiogram.event        INFO     Update id=511589461 is handled. Duration 77 ms by bot id=8095621527
2025.03.30 14:46:18 aiogram.event        INFO     Update id=511589462 is handled. Duration 126 ms by bot id=8095621527
2025.03.30 14:46:20 aiogram.event        INFO     Update id=511589463 is handled. Duration 140 ms by bot id=8095621527
2025.03.30 14:46:24 aiogram.event        INFO     Update id=511589464 is not handled. Duration 86 ms by bot id=8095621527
2025.03.30 14:46:24 aiogram.event        ERROR    Cause exception while process update id=511589464 by bot id=8095621527
TelegramBadRequest: Telegram server says - Bad Request: message is not modified: specified new message content and reply markup are exactly the same as a current content and reply markup of the message
Traceback (most recent call last):
  File "/home/admin/.local/lib/python3.11/site-packages/aiogram/dispatcher/dispatcher.py", line 309, in _process_update
    response = await self.feed_update(bot, update, **kwargs)
               ^^^^^^^^^^^^^^^^^^^^^^^^^^^^^^^^^^^^^^^^^^^^^
  File "/home/admin/.local/lib/python3.11/site-packages/aiogram/dispatcher/dispatcher.py", line 158, in feed_update
    response = await self.update.wrap_outer_middleware(
               ^^^^^^^^^^^^^^^^^^^^^^^^^^^^^^^^^^^^^^^^
  File "/home/admin/.local/lib/python3.11/site-packages/aiogram/dispatcher/middlewares/error.py", line 25, in __call__
    return await handler(event, data)
           ^^^^^^^^^^^^^^^^^^^^^^^^^^
  File "/home/admin/.local/lib/python3.11/site-packages/aiogram/dispatcher/middlewares/user_context.py", line 56, in __call__
    return await handler(event, data)
           ^^^^^^^^^^^^^^^^^^^^^^^^^^
  File "/home/admin/.local/lib/python3.11/site-packages/aiogram/fsm/middleware.py", line 42, in __call__
    return await handler(event, data)
           ^^^^^^^^^^^^^^^^^^^^^^^^^^
  File "/home/admin/.local/lib/python3.11/site-packages/aiogram/dispatcher/event/telegram.py", line 121, in trigger
    return await wrapped_inner(event, kwargs)
           ^^^^^^^^^^^^^^^^^^^^^^^^^^^^^^^^^^
  File "/home/admin/.local/lib/python3.11/site-packages/aiogram/dispatcher/event/handler.py", line 43, in call
    return await wrapped()
           ^^^^^^^^^^^^^^^
  File "/home/admin/.local/lib/python3.11/site-packages/aiogram/dispatcher/dispatcher.py", line 276, in _listen_update
    return await self.propagate_event(update_type=update_type, event=event, **kwargs)
           ^^^^^^^^^^^^^^^^^^^^^^^^^^^^^^^^^^^^^^^^^^^^^^^^^^^^^^^^^^^^^^^^^^^^^^^^^^
  File "/home/admin/.local/lib/python3.11/site-packages/aiogram/dispatcher/router.py", line 146, in propagate_event
    return await observer.wrap_outer_middleware(_wrapped, event=event, data=kwargs)
           ^^^^^^^^^^^^^^^^^^^^^^^^^^^^^^^^^^^^^^^^^^^^^^^^^^^^^^^^^^^^^^^^^^^^^^^^
  File "/home/admin/.local/lib/python3.11/site-packages/aiogram/dispatcher/router.py", line 141, in _wrapped
    return await self._propagate_event(
           ^^^^^^^^^^^^^^^^^^^^^^^^^^^^
  File "/home/admin/.local/lib/python3.11/site-packages/aiogram/dispatcher/router.py", line 166, in _propagate_event
    response = await observer.trigger(event, **kwargs)
               ^^^^^^^^^^^^^^^^^^^^^^^^^^^^^^^^^^^^^^^
  File "/home/admin/.local/lib/python3.11/site-packages/aiogram/dispatcher/event/telegram.py", line 121, in trigger
    return await wrapped_inner(event, kwargs)
           ^^^^^^^^^^^^^^^^^^^^^^^^^^^^^^^^^^
  File "/home/admin/.local/lib/python3.11/site-packages/aiogram/dispatcher/event/handler.py", line 43, in call
    return await wrapped()
           ^^^^^^^^^^^^^^^
  File "/home/admin/DLMaster/plugins/dir_plugin.py", line 98, in handle_directory
    await callback.message.edit_text(response, parse_mode="HTML", reply_markup=keyboard)
  File "/home/admin/.local/lib/python3.11/site-packages/aiogram/methods/base.py", line 84, in emit
    return await bot(self)
           ^^^^^^^^^^^^^^^
  File "/home/admin/.local/lib/python3.11/site-packages/aiogram/client/bot.py", line 453, in __call__
    return await self.session(self, method, timeout=request_timeout)
           ^^^^^^^^^^^^^^^^^^^^^^^^^^^^^^^^^^^^^^^^^^^^^^^^^^^^^^^^^
  File "/home/admin/.local/lib/python3.11/site-packages/aiogram/client/session/base.py", line 254, in __call__
    return cast(TelegramType, await middleware(bot, method))
                              ^^^^^^^^^^^^^^^^^^^^^^^^^^^^^
  File "/home/admin/.local/lib/python3.11/site-packages/aiogram/client/session/aiohttp.py", line 185, in make_request
    response = self.check_response(
               ^^^^^^^^^^^^^^^^^^^^
  File "/home/admin/.local/lib/python3.11/site-packages/aiogram/client/session/base.py", line 120, in check_response
    raise TelegramBadRequest(method=method, message=description)
aiogram.exceptions.TelegramBadRequest: Telegram server says - Bad Request: message is not modified: specified new message content and reply markup are exactly the same as a current content and reply markup of the message
2025.03.30 14:46:26 aiogram.event        INFO     Update id=511589465 is not handled. Duration 95 ms by bot id=8095621527
2025.03.30 14:46:26 aiogram.event        ERROR    Cause exception while process update id=511589465 by bot id=8095621527
TelegramBadRequest: Telegram server says - Bad Request: message is not modified: specified new message content and reply markup are exactly the same as a current content and reply markup of the message
Traceback (most recent call last):
  File "/home/admin/.local/lib/python3.11/site-packages/aiogram/dispatcher/dispatcher.py", line 309, in _process_update
    response = await self.feed_update(bot, update, **kwargs)
               ^^^^^^^^^^^^^^^^^^^^^^^^^^^^^^^^^^^^^^^^^^^^^
  File "/home/admin/.local/lib/python3.11/site-packages/aiogram/dispatcher/dispatcher.py", line 158, in feed_update
    response = await self.update.wrap_outer_middleware(
               ^^^^^^^^^^^^^^^^^^^^^^^^^^^^^^^^^^^^^^^^
  File "/home/admin/.local/lib/python3.11/site-packages/aiogram/dispatcher/middlewares/error.py", line 25, in __call__
    return await handler(event, data)
           ^^^^^^^^^^^^^^^^^^^^^^^^^^
  File "/home/admin/.local/lib/python3.11/site-packages/aiogram/dispatcher/middlewares/user_context.py", line 56, in __call__
    return await handler(event, data)
           ^^^^^^^^^^^^^^^^^^^^^^^^^^
  File "/home/admin/.local/lib/python3.11/site-packages/aiogram/fsm/middleware.py", line 42, in __call__
    return await handler(event, data)
           ^^^^^^^^^^^^^^^^^^^^^^^^^^
  File "/home/admin/.local/lib/python3.11/site-packages/aiogram/dispatcher/event/telegram.py", line 121, in trigger
    return await wrapped_inner(event, kwargs)
           ^^^^^^^^^^^^^^^^^^^^^^^^^^^^^^^^^^
  File "/home/admin/.local/lib/python3.11/site-packages/aiogram/dispatcher/event/handler.py", line 43, in call
    return await wrapped()
           ^^^^^^^^^^^^^^^
  File "/home/admin/.local/lib/python3.11/site-packages/aiogram/dispatcher/dispatcher.py", line 276, in _listen_update
    return await self.propagate_event(update_type=update_type, event=event, **kwargs)
           ^^^^^^^^^^^^^^^^^^^^^^^^^^^^^^^^^^^^^^^^^^^^^^^^^^^^^^^^^^^^^^^^^^^^^^^^^^
  File "/home/admin/.local/lib/python3.11/site-packages/aiogram/dispatcher/router.py", line 146, in propagate_event
    return await observer.wrap_outer_middleware(_wrapped, event=event, data=kwargs)
           ^^^^^^^^^^^^^^^^^^^^^^^^^^^^^^^^^^^^^^^^^^^^^^^^^^^^^^^^^^^^^^^^^^^^^^^^
  File "/home/admin/.local/lib/python3.11/site-packages/aiogram/dispatcher/router.py", line 141, in _wrapped
    return await self._propagate_event(
           ^^^^^^^^^^^^^^^^^^^^^^^^^^^^
  File "/home/admin/.local/lib/python3.11/site-packages/aiogram/dispatcher/router.py", line 166, in _propagate_event
    response = await observer.trigger(event, **kwargs)
               ^^^^^^^^^^^^^^^^^^^^^^^^^^^^^^^^^^^^^^^
  File "/home/admin/.local/lib/python3.11/site-packages/aiogram/dispatcher/event/telegram.py", line 121, in trigger
    return await wrapped_inner(event, kwargs)
           ^^^^^^^^^^^^^^^^^^^^^^^^^^^^^^^^^^
  File "/home/admin/.local/lib/python3.11/site-packages/aiogram/dispatcher/event/handler.py", line 43, in call
    return await wrapped()
           ^^^^^^^^^^^^^^^
  File "/home/admin/DLMaster/plugins/dir_plugin.py", line 98, in handle_directory
    await callback.message.edit_text(response, parse_mode="HTML", reply_markup=keyboard)
  File "/home/admin/.local/lib/python3.11/site-packages/aiogram/methods/base.py", line 84, in emit
    return await bot(self)
           ^^^^^^^^^^^^^^^
  File "/home/admin/.local/lib/python3.11/site-packages/aiogram/client/bot.py", line 453, in __call__
    return await self.session(self, method, timeout=request_timeout)
           ^^^^^^^^^^^^^^^^^^^^^^^^^^^^^^^^^^^^^^^^^^^^^^^^^^^^^^^^^
  File "/home/admin/.local/lib/python3.11/site-packages/aiogram/client/session/base.py", line 254, in __call__
    return cast(TelegramType, await middleware(bot, method))
                              ^^^^^^^^^^^^^^^^^^^^^^^^^^^^^
  File "/home/admin/.local/lib/python3.11/site-packages/aiogram/client/session/aiohttp.py", line 185, in make_request
    response = self.check_response(
               ^^^^^^^^^^^^^^^^^^^^
  File "/home/admin/.local/lib/python3.11/site-packages/aiogram/client/session/base.py", line 120, in check_response
    raise TelegramBadRequest(method=method, message=description)
aiogram.exceptions.TelegramBadRequest: Telegram server says - Bad Request: message is not modified: specified new message content and reply markup are exactly the same as a current content and reply markup of the message
2025.03.30 14:46:27 aiogram.event        INFO     Update id=511589466 is not handled. Duration 101 ms by bot id=8095621527
2025.03.30 14:46:27 aiogram.event        ERROR    Cause exception while process update id=511589466 by bot id=8095621527
TelegramBadRequest: Telegram server says - Bad Request: message is not modified: specified new message content and reply markup are exactly the same as a current content and reply markup of the message
Traceback (most recent call last):
  File "/home/admin/.local/lib/python3.11/site-packages/aiogram/dispatcher/dispatcher.py", line 309, in _process_update
    response = await self.feed_update(bot, update, **kwargs)
               ^^^^^^^^^^^^^^^^^^^^^^^^^^^^^^^^^^^^^^^^^^^^^
  File "/home/admin/.local/lib/python3.11/site-packages/aiogram/dispatcher/dispatcher.py", line 158, in feed_update
    response = await self.update.wrap_outer_middleware(
               ^^^^^^^^^^^^^^^^^^^^^^^^^^^^^^^^^^^^^^^^
  File "/home/admin/.local/lib/python3.11/site-packages/aiogram/dispatcher/middlewares/error.py", line 25, in __call__
    return await handler(event, data)
           ^^^^^^^^^^^^^^^^^^^^^^^^^^
  File "/home/admin/.local/lib/python3.11/site-packages/aiogram/dispatcher/middlewares/user_context.py", line 56, in __call__
    return await handler(event, data)
           ^^^^^^^^^^^^^^^^^^^^^^^^^^
  File "/home/admin/.local/lib/python3.11/site-packages/aiogram/fsm/middleware.py", line 42, in __call__
    return await handler(event, data)
           ^^^^^^^^^^^^^^^^^^^^^^^^^^
  File "/home/admin/.local/lib/python3.11/site-packages/aiogram/dispatcher/event/telegram.py", line 121, in trigger
    return await wrapped_inner(event, kwargs)
           ^^^^^^^^^^^^^^^^^^^^^^^^^^^^^^^^^^
  File "/home/admin/.local/lib/python3.11/site-packages/aiogram/dispatcher/event/handler.py", line 43, in call
    return await wrapped()
           ^^^^^^^^^^^^^^^
  File "/home/admin/.local/lib/python3.11/site-packages/aiogram/dispatcher/dispatcher.py", line 276, in _listen_update
    return await self.propagate_event(update_type=update_type, event=event, **kwargs)
           ^^^^^^^^^^^^^^^^^^^^^^^^^^^^^^^^^^^^^^^^^^^^^^^^^^^^^^^^^^^^^^^^^^^^^^^^^^
  File "/home/admin/.local/lib/python3.11/site-packages/aiogram/dispatcher/router.py", line 146, in propagate_event
    return await observer.wrap_outer_middleware(_wrapped, event=event, data=kwargs)
           ^^^^^^^^^^^^^^^^^^^^^^^^^^^^^^^^^^^^^^^^^^^^^^^^^^^^^^^^^^^^^^^^^^^^^^^^
  File "/home/admin/.local/lib/python3.11/site-packages/aiogram/dispatcher/router.py", line 141, in _wrapped
    return await self._propagate_event(
           ^^^^^^^^^^^^^^^^^^^^^^^^^^^^
  File "/home/admin/.local/lib/python3.11/site-packages/aiogram/dispatcher/router.py", line 166, in _propagate_event
    response = await observer.trigger(event, **kwargs)
               ^^^^^^^^^^^^^^^^^^^^^^^^^^^^^^^^^^^^^^^
  File "/home/admin/.local/lib/python3.11/site-packages/aiogram/dispatcher/event/telegram.py", line 121, in trigger
    return await wrapped_inner(event, kwargs)
           ^^^^^^^^^^^^^^^^^^^^^^^^^^^^^^^^^^
  File "/home/admin/.local/lib/python3.11/site-packages/aiogram/dispatcher/event/handler.py", line 43, in call
    return await wrapped()
           ^^^^^^^^^^^^^^^
  File "/home/admin/DLMaster/plugins/dir_plugin.py", line 98, in handle_directory
    await callback.message.edit_text(response, parse_mode="HTML", reply_markup=keyboard)
  File "/home/admin/.local/lib/python3.11/site-packages/aiogram/methods/base.py", line 84, in emit
    return await bot(self)
           ^^^^^^^^^^^^^^^
  File "/home/admin/.local/lib/python3.11/site-packages/aiogram/client/bot.py", line 453, in __call__
    return await self.session(self, method, timeout=request_timeout)
           ^^^^^^^^^^^^^^^^^^^^^^^^^^^^^^^^^^^^^^^^^^^^^^^^^^^^^^^^^
  File "/home/admin/.local/lib/python3.11/site-packages/aiogram/client/session/base.py", line 254, in __call__
    return cast(TelegramType, await middleware(bot, method))
                              ^^^^^^^^^^^^^^^^^^^^^^^^^^^^^
  File "/home/admin/.local/lib/python3.11/site-packages/aiogram/client/session/aiohttp.py", line 185, in make_request
    response = self.check_response(
               ^^^^^^^^^^^^^^^^^^^^
  File "/home/admin/.local/lib/python3.11/site-packages/aiogram/client/session/base.py", line 120, in check_response
    raise TelegramBadRequest(method=method, message=description)
aiogram.exceptions.TelegramBadRequest: Telegram server says - Bad Request: message is not modified: specified new message content and reply markup are exactly the same as a current content and reply markup of the message
2025.03.30 14:46:28 aiogram.event        INFO     Update id=511589467 is handled. Duration 120 ms by bot id=8095621527
2025.03.30 14:46:34 aiogram.event        INFO     Update id=511589468 is handled. Duration 1 ms by bot id=8095621527
2025.03.30 14:46:38 aiogram.event        INFO     Update id=511589469 is handled. Duration 1 ms by bot id=8095621527
2025.03.30 14:46:46 aiogram.event        INFO     Update id=511589470 is handled. Duration 1 ms by bot id=8095621527
2025.03.30 14:47:08 aiogram.event        INFO     Update id=511589471 is handled. Duration 1 ms by bot id=8095621527
2025.03.30 14:47:24 aiogram.event        INFO     Update id=511589472 is not handled. Duration 1 ms by bot id=8095621527
2025.03.30 14:47:36 aiogram.event        INFO     Update id=511589473 is handled. Duration 1 ms by bot id=8095621527
2025.03.30 14:47:42 aiogram.event        INFO     Update id=511589474 is handled. Duration 1 ms by bot id=8095621527
2025.03.30 14:48:08 aiogram.event        INFO     Update id=511589475 is handled. Duration 1 ms by bot id=8095621527
2025.03.30 14:48:17 aiogram.event        INFO     Update id=511589476 is handled. Duration 1 ms by bot id=8095621527
2025.03.30 14:48:32 aiogram.event        INFO     Update id=511589477 is handled. Duration 1 ms by bot id=8095621527
2025.03.30 14:50:13 aiogram.event        INFO     Update id=511589478 is handled. Duration 1 ms by bot id=8095621527
2025.03.30 14:50:22 aiogram.event        INFO     Update id=511589479 is handled. Duration 1 ms by bot id=8095621527
2025.03.30 14:50:31 aiogram.event        INFO     Update id=511589480 is handled. Duration 41 ms by bot id=8095621527
2025.03.30 14:50:33 aiogram.event        INFO     Update id=511589481 is handled. Duration 74 ms by bot id=8095621527
2025.03.30 14:51:07 aiogram.event        INFO     Update id=511589482 is handled. Duration 99 ms by bot id=8095621527
2025.03.30 14:51:11 aiogram.event        INFO     Update id=511589483 is handled. Duration 87 ms by bot id=8095621527
2025.03.30 14:51:14 aiogram.event        INFO     Update id=511589484 is handled. Duration 45 ms by bot id=8095621527
2025.03.30 14:51:20 aiogram.event        INFO     Update id=511589485 is handled. Duration 53 ms by bot id=8095621527
2025.03.30 14:58:31 aiogram.event        INFO     Update id=511589486 is handled. Duration 18 ms by bot id=8095621527
2025.03.30 14:58:31 aiogram.event        INFO     Update id=511589487 is handled. Duration 18 ms by bot id=8095621527
2025.03.30 14:58:31 aiogram.event        INFO     Update id=511589488 is handled. Duration 19 ms by bot id=8095621527
2025.03.30 14:58:31 aiogram.event        INFO     Update id=511589489 is handled. Duration 19 ms by bot id=8095621527
2025.03.30 14:58:31 aiogram.event        INFO     Update id=511589490 is handled. Duration 19 ms by bot id=8095621527
2025.03.30 15:02:02 aiogram.dispatcher   WARNING  Received SIGINT signal
2025.03.30 15:02:02 aiogram.dispatcher   INFO     Polling stopped for bot @dllmasterbot id=8095621527 - 'DLLMaster for Music'
2025.03.30 15:02:02 aiogram.dispatcher   INFO     Polling stopped
2025.03.30 15:02:02 __main__             INFO     🛑 Polling stopped
2025.03.30 15:02:02 __main__             INFO     🔴 Bot stopped
2025.03.30 15:02:08 __main__             INFO     🤖 Starting bot...
2025.03.30 15:02:08 __main__             INFO     🚀 Starting bot initialization...
2025.03.30 15:02:08 __main__             INFO     ✅ Database initialized successfully
2025.03.30 15:02:08 core.spotify_handler INFO     Spotify API ilə əlaqə quruldu.
2025.03.30 15:02:08 __main__             INFO     ✅ Spotify service initialized
2025.03.30 15:02:08 core.webprofile      INFO     Seçilmiş User-Agent: Mozilla/5.0 (X11; Linux x86_64) AppleWebKit/537.36 (KHTML, like Gecko) Chrome/122.0.0.0 Safari/537.36
2025.03.30 15:02:08 core.youtube_handler INFO     firefox brauzerindən cookies istifadə edilir.
2025.03.30 15:02:08 __main__             INFO     ✅ YouTube services initialized (firefox)
2025.03.30 15:02:08 __main__             INFO     🔌 Loading plugins...
2025.03.30 15:02:08 __main__             INFO     🔍 Scanning plugins in: plugins
2025.03.30 15:02:08 __main__             INFO     🔄 Loading: plugins.spotify_plugin
2025.03.30 15:02:08 __main__             INFO     ✅ Loaded (sync): plugins.spotify_plugin
2025.03.30 15:02:08 __main__             INFO     🔄 Loading: plugins.menu_plugin
2025.03.30 15:02:08 __main__             INFO     ✅ Loaded (sync): plugins.menu_plugin
2025.03.30 15:02:08 __main__             INFO     🔄 Loading: plugins.sudo_plugin
2025.03.30 15:02:08 __main__             INFO     ✅ Loaded (sync): plugins.sudo_plugin
2025.03.30 15:02:08 __main__             INFO     🔄 Loading: plugins.youtube_plugin
2025.03.30 15:02:08 __main__             INFO     ✅ Loaded (sync): plugins.youtube_plugin
2025.03.30 15:02:08 __main__             INFO     🔄 Loading: plugins.neofetch_plugin
2025.03.30 15:02:08 __main__             INFO     ✅ Loaded (sync): plugins.neofetch_plugin
2025.03.30 15:02:08 __main__             INFO     🔄 Loading: plugins.report_plugin
2025.03.30 15:02:08 __main__             INFO     ✅ Loaded (async): plugins.report_plugin
2025.03.30 15:02:08 __main__             INFO     🔄 Loading: plugins.del_plugin
2025.03.30 15:02:08 __main__             INFO     ✅ Loaded (sync): plugins.del_plugin
2025.03.30 15:02:08 __main__             INFO     🔄 Loading: plugins.music_plugin
2025.03.30 15:02:08 __main__             INFO     ✅ Loaded (sync): plugins.music_plugin
2025.03.30 15:02:08 __main__             INFO     🔄 Loading: plugins.start_plugin
2025.03.30 15:02:08 __main__             INFO     ✅ Loaded (async): plugins.start_plugin
2025.03.30 15:02:08 __main__             INFO     🔄 Loading: plugins.stats_plugin
2025.03.30 15:02:08 __main__             INFO     ✅ Loaded (sync): plugins.stats_plugin
2025.03.30 15:02:08 __main__             INFO     🔄 Loading: plugins.dir_plugin
2025.03.30 15:02:08 __main__             INFO     ✅ Loaded (sync): plugins.dir_plugin
2025.03.30 15:02:08 __main__             INFO     🔄 Loading: plugins.broadcast_plugin
2025.03.30 15:02:08 __main__             INFO     ✅ Loaded (sync): plugins.broadcast_plugin
2025.03.30 15:02:08 __main__             INFO     🔄 Loading: plugins.speedtest_plugin
2025.03.30 15:02:08 __main__             INFO     ✅ Loaded (sync): plugins.speedtest_plugin
2025.03.30 15:02:08 __main__             INFO     🔄 Loading: plugins.bot_logs
2025.03.30 15:02:08 __main__             INFO     ✅ Loaded (async): plugins.bot_logs
2025.03.30 15:02:08 __main__             INFO     🚀 Starting polling...
2025.03.30 15:02:08 aiogram.dispatcher   INFO     Start polling
2025.03.30 15:02:08 aiogram.dispatcher   INFO     Run polling for bot @dllmasterbot id=8095621527 - 'DLLMaster for Music'
2025.03.30 15:02:17 aiogram.event        INFO     Update id=511589491 is handled. Duration 162 ms by bot id=8095621527
2025.03.30 15:02:19 aiogram.event        INFO     Update id=511589492 is handled. Duration 183 ms by bot id=8095621527
2025.03.30 15:02:49 aiogram.event        INFO     Update id=511589493 is handled. Duration 31 ms by bot id=8095621527
2025.03.30 15:03:36 aiogram.event        INFO     Update id=511589494 is handled. Duration 295 ms by bot id=8095621527
2025.03.30 15:03:42 aiogram.event        INFO     Update id=511589495 is handled. Duration 358 ms by bot id=8095621527
2025.03.30 15:03:51 aiogram.event        INFO     Update id=511589496 is handled. Duration 5 ms by bot id=8095621527
2025.03.30 15:04:02 aiogram.event        INFO     Update id=511589497 is handled. Duration 1 ms by bot id=8095621527
2025.03.30 15:04:09 aiogram.event        INFO     Update id=511589498 is not handled. Duration 2 ms by bot id=8095621527
2025.03.30 15:04:41 aiogram.event        INFO     Update id=511589499 is handled. Duration 1 ms by bot id=8095621527
2025.03.30 15:04:51 aiogram.event        INFO     Update id=511589500 is handled. Duration 1 ms by bot id=8095621527
2025.03.30 15:05:06 aiogram.event        INFO     Update id=511589501 is not handled. Duration 97 ms by bot id=8095621527
2025.03.30 15:05:06 aiogram.event        ERROR    Cause exception while process update id=511589501 by bot id=8095621527
TelegramBadRequest: Telegram server says - Bad Request: message is not modified: specified new message content and reply markup are exactly the same as a current content and reply markup of the message
Traceback (most recent call last):
  File "/home/admin/.local/lib/python3.11/site-packages/aiogram/dispatcher/dispatcher.py", line 309, in _process_update
    response = await self.feed_update(bot, update, **kwargs)
               ^^^^^^^^^^^^^^^^^^^^^^^^^^^^^^^^^^^^^^^^^^^^^
  File "/home/admin/.local/lib/python3.11/site-packages/aiogram/dispatcher/dispatcher.py", line 158, in feed_update
    response = await self.update.wrap_outer_middleware(
               ^^^^^^^^^^^^^^^^^^^^^^^^^^^^^^^^^^^^^^^^
  File "/home/admin/.local/lib/python3.11/site-packages/aiogram/dispatcher/middlewares/error.py", line 25, in __call__
    return await handler(event, data)
           ^^^^^^^^^^^^^^^^^^^^^^^^^^
  File "/home/admin/.local/lib/python3.11/site-packages/aiogram/dispatcher/middlewares/user_context.py", line 56, in __call__
    return await handler(event, data)
           ^^^^^^^^^^^^^^^^^^^^^^^^^^
  File "/home/admin/.local/lib/python3.11/site-packages/aiogram/fsm/middleware.py", line 42, in __call__
    return await handler(event, data)
           ^^^^^^^^^^^^^^^^^^^^^^^^^^
  File "/home/admin/.local/lib/python3.11/site-packages/aiogram/dispatcher/event/telegram.py", line 121, in trigger
    return await wrapped_inner(event, kwargs)
           ^^^^^^^^^^^^^^^^^^^^^^^^^^^^^^^^^^
  File "/home/admin/.local/lib/python3.11/site-packages/aiogram/dispatcher/event/handler.py", line 43, in call
    return await wrapped()
           ^^^^^^^^^^^^^^^
  File "/home/admin/.local/lib/python3.11/site-packages/aiogram/dispatcher/dispatcher.py", line 276, in _listen_update
    return await self.propagate_event(update_type=update_type, event=event, **kwargs)
           ^^^^^^^^^^^^^^^^^^^^^^^^^^^^^^^^^^^^^^^^^^^^^^^^^^^^^^^^^^^^^^^^^^^^^^^^^^
  File "/home/admin/.local/lib/python3.11/site-packages/aiogram/dispatcher/router.py", line 146, in propagate_event
    return await observer.wrap_outer_middleware(_wrapped, event=event, data=kwargs)
           ^^^^^^^^^^^^^^^^^^^^^^^^^^^^^^^^^^^^^^^^^^^^^^^^^^^^^^^^^^^^^^^^^^^^^^^^
  File "/home/admin/.local/lib/python3.11/site-packages/aiogram/dispatcher/router.py", line 141, in _wrapped
    return await self._propagate_event(
           ^^^^^^^^^^^^^^^^^^^^^^^^^^^^
  File "/home/admin/.local/lib/python3.11/site-packages/aiogram/dispatcher/router.py", line 166, in _propagate_event
    response = await observer.trigger(event, **kwargs)
               ^^^^^^^^^^^^^^^^^^^^^^^^^^^^^^^^^^^^^^^
  File "/home/admin/.local/lib/python3.11/site-packages/aiogram/dispatcher/event/telegram.py", line 121, in trigger
    return await wrapped_inner(event, kwargs)
           ^^^^^^^^^^^^^^^^^^^^^^^^^^^^^^^^^^
  File "/home/admin/.local/lib/python3.11/site-packages/aiogram/dispatcher/event/handler.py", line 43, in call
    return await wrapped()
           ^^^^^^^^^^^^^^^
  File "/home/admin/DLMaster/plugins/dir_plugin.py", line 109, in handle_directory
    await callback.message.edit_text(response, parse_mode="HTML", reply_markup=keyboard)
  File "/home/admin/.local/lib/python3.11/site-packages/aiogram/methods/base.py", line 84, in emit
    return await bot(self)
           ^^^^^^^^^^^^^^^
  File "/home/admin/.local/lib/python3.11/site-packages/aiogram/client/bot.py", line 453, in __call__
    return await self.session(self, method, timeout=request_timeout)
           ^^^^^^^^^^^^^^^^^^^^^^^^^^^^^^^^^^^^^^^^^^^^^^^^^^^^^^^^^
  File "/home/admin/.local/lib/python3.11/site-packages/aiogram/client/session/base.py", line 254, in __call__
    return cast(TelegramType, await middleware(bot, method))
                              ^^^^^^^^^^^^^^^^^^^^^^^^^^^^^
  File "/home/admin/.local/lib/python3.11/site-packages/aiogram/client/session/aiohttp.py", line 185, in make_request
    response = self.check_response(
               ^^^^^^^^^^^^^^^^^^^^
  File "/home/admin/.local/lib/python3.11/site-packages/aiogram/client/session/base.py", line 120, in check_response
    raise TelegramBadRequest(method=method, message=description)
aiogram.exceptions.TelegramBadRequest: Telegram server says - Bad Request: message is not modified: specified new message content and reply markup are exactly the same as a current content and reply markup of the message
2025.03.30 15:05:52 aiogram.event        INFO     Update id=511589502 is handled. Duration 1 ms by bot id=8095621527
2025.03.30 15:07:25 aiogram.dispatcher   WARNING  Received SIGINT signal
2025.03.30 15:07:25 aiogram.dispatcher   INFO     Polling stopped for bot @dllmasterbot id=8095621527 - 'DLLMaster for Music'
2025.03.30 15:07:25 aiogram.dispatcher   INFO     Polling stopped
2025.03.30 15:07:25 __main__             INFO     🛑 Polling stopped
2025.03.30 15:07:25 __main__             INFO     🔴 Bot stopped
2025.03.30 15:07:30 __main__             INFO     🤖 Starting bot...
2025.03.30 15:07:30 __main__             INFO     🚀 Starting bot initialization...
2025.03.30 15:07:30 __main__             INFO     ✅ Database initialized successfully
2025.03.30 15:07:31 core.spotify_handler INFO     Spotify API ilə əlaqə quruldu.
2025.03.30 15:07:31 __main__             INFO     ✅ Spotify service initialized
2025.03.30 15:07:31 core.webprofile      INFO     Seçilmiş User-Agent: Mozilla/5.0 (Windows NT 10.0; Win64; x64) AppleWebKit/537.36 (KHTML, like Gecko) Edge/120.0.0.0 Safari/537.36
2025.03.30 15:07:31 core.youtube_handler INFO     firefox brauzerindən cookies istifadə edilir.
2025.03.30 15:07:31 __main__             INFO     ✅ YouTube services initialized (firefox)
2025.03.30 15:07:31 __main__             INFO     🔌 Loading plugins...
2025.03.30 15:07:31 __main__             INFO     🔍 Scanning plugins in: plugins
2025.03.30 15:07:31 __main__             INFO     🔄 Loading: plugins.spotify_plugin
2025.03.30 15:07:31 __main__             INFO     ✅ Loaded (sync): plugins.spotify_plugin
2025.03.30 15:07:31 __main__             INFO     🔄 Loading: plugins.menu_plugin
2025.03.30 15:07:31 __main__             INFO     ✅ Loaded (sync): plugins.menu_plugin
2025.03.30 15:07:31 __main__             INFO     🔄 Loading: plugins.sudo_plugin
2025.03.30 15:07:31 __main__             INFO     ✅ Loaded (sync): plugins.sudo_plugin
2025.03.30 15:07:31 __main__             INFO     🔄 Loading: plugins.youtube_plugin
2025.03.30 15:07:31 __main__             INFO     ✅ Loaded (sync): plugins.youtube_plugin
2025.03.30 15:07:31 __main__             INFO     🔄 Loading: plugins.neofetch_plugin
2025.03.30 15:07:31 __main__             INFO     ✅ Loaded (sync): plugins.neofetch_plugin
2025.03.30 15:07:31 __main__             INFO     🔄 Loading: plugins.report_plugin
2025.03.30 15:07:31 __main__             INFO     ✅ Loaded (async): plugins.report_plugin
2025.03.30 15:07:31 __main__             INFO     🔄 Loading: plugins.del_plugin
2025.03.30 15:07:31 __main__             INFO     ✅ Loaded (sync): plugins.del_plugin
2025.03.30 15:07:31 __main__             INFO     🔄 Loading: plugins.music_plugin
2025.03.30 15:07:31 __main__             INFO     ✅ Loaded (sync): plugins.music_plugin
2025.03.30 15:07:31 __main__             INFO     🔄 Loading: plugins.start_plugin
2025.03.30 15:07:31 __main__             INFO     ✅ Loaded (async): plugins.start_plugin
2025.03.30 15:07:31 __main__             INFO     🔄 Loading: plugins.stats_plugin
2025.03.30 15:07:31 __main__             INFO     ✅ Loaded (sync): plugins.stats_plugin
2025.03.30 15:07:31 __main__             INFO     🔄 Loading: plugins.dir_plugin
2025.03.30 15:07:31 __main__             INFO     ✅ Loaded (sync): plugins.dir_plugin
2025.03.30 15:07:31 __main__             INFO     🔄 Loading: plugins.broadcast_plugin
2025.03.30 15:07:31 __main__             INFO     ✅ Loaded (sync): plugins.broadcast_plugin
2025.03.30 15:07:31 __main__             INFO     🔄 Loading: plugins.speedtest_plugin
2025.03.30 15:07:31 __main__             INFO     ✅ Loaded (sync): plugins.speedtest_plugin
2025.03.30 15:07:31 __main__             INFO     🔄 Loading: plugins.bot_logs
2025.03.30 15:07:31 __main__             INFO     ✅ Loaded (async): plugins.bot_logs
2025.03.30 15:07:31 __main__             INFO     🚀 Starting polling...
2025.03.30 15:07:31 aiogram.dispatcher   INFO     Start polling
2025.03.30 15:07:31 aiogram.dispatcher   INFO     Run polling for bot @dllmasterbot id=8095621527 - 'DLLMaster for Music'
2025.03.30 15:07:35 aiogram.event        INFO     Update id=511589503 is not handled. Duration 150 ms by bot id=8095621527
2025.03.30 15:07:35 aiogram.event        ERROR    Cause exception while process update id=511589503 by bot id=8095621527
TelegramBadRequest: Telegram server says - Bad Request: message is not modified: specified new message content and reply markup are exactly the same as a current content and reply markup of the message
Traceback (most recent call last):
  File "/home/admin/.local/lib/python3.11/site-packages/aiogram/dispatcher/dispatcher.py", line 309, in _process_update
    response = await self.feed_update(bot, update, **kwargs)
               ^^^^^^^^^^^^^^^^^^^^^^^^^^^^^^^^^^^^^^^^^^^^^
  File "/home/admin/.local/lib/python3.11/site-packages/aiogram/dispatcher/dispatcher.py", line 158, in feed_update
    response = await self.update.wrap_outer_middleware(
               ^^^^^^^^^^^^^^^^^^^^^^^^^^^^^^^^^^^^^^^^
  File "/home/admin/.local/lib/python3.11/site-packages/aiogram/dispatcher/middlewares/error.py", line 25, in __call__
    return await handler(event, data)
           ^^^^^^^^^^^^^^^^^^^^^^^^^^
  File "/home/admin/.local/lib/python3.11/site-packages/aiogram/dispatcher/middlewares/user_context.py", line 56, in __call__
    return await handler(event, data)
           ^^^^^^^^^^^^^^^^^^^^^^^^^^
  File "/home/admin/.local/lib/python3.11/site-packages/aiogram/fsm/middleware.py", line 42, in __call__
    return await handler(event, data)
           ^^^^^^^^^^^^^^^^^^^^^^^^^^
  File "/home/admin/.local/lib/python3.11/site-packages/aiogram/dispatcher/event/telegram.py", line 121, in trigger
    return await wrapped_inner(event, kwargs)
           ^^^^^^^^^^^^^^^^^^^^^^^^^^^^^^^^^^
  File "/home/admin/.local/lib/python3.11/site-packages/aiogram/dispatcher/event/handler.py", line 43, in call
    return await wrapped()
           ^^^^^^^^^^^^^^^
  File "/home/admin/.local/lib/python3.11/site-packages/aiogram/dispatcher/dispatcher.py", line 276, in _listen_update
    return await self.propagate_event(update_type=update_type, event=event, **kwargs)
           ^^^^^^^^^^^^^^^^^^^^^^^^^^^^^^^^^^^^^^^^^^^^^^^^^^^^^^^^^^^^^^^^^^^^^^^^^^
  File "/home/admin/.local/lib/python3.11/site-packages/aiogram/dispatcher/router.py", line 146, in propagate_event
    return await observer.wrap_outer_middleware(_wrapped, event=event, data=kwargs)
           ^^^^^^^^^^^^^^^^^^^^^^^^^^^^^^^^^^^^^^^^^^^^^^^^^^^^^^^^^^^^^^^^^^^^^^^^
  File "/home/admin/.local/lib/python3.11/site-packages/aiogram/dispatcher/router.py", line 141, in _wrapped
    return await self._propagate_event(
           ^^^^^^^^^^^^^^^^^^^^^^^^^^^^
  File "/home/admin/.local/lib/python3.11/site-packages/aiogram/dispatcher/router.py", line 166, in _propagate_event
    response = await observer.trigger(event, **kwargs)
               ^^^^^^^^^^^^^^^^^^^^^^^^^^^^^^^^^^^^^^^
  File "/home/admin/.local/lib/python3.11/site-packages/aiogram/dispatcher/event/telegram.py", line 121, in trigger
    return await wrapped_inner(event, kwargs)
           ^^^^^^^^^^^^^^^^^^^^^^^^^^^^^^^^^^
  File "/home/admin/.local/lib/python3.11/site-packages/aiogram/dispatcher/event/handler.py", line 43, in call
    return await wrapped()
           ^^^^^^^^^^^^^^^
  File "/home/admin/DLMaster/plugins/dir_plugin.py", line 122, in handle_directory
    await callback.message.edit_text(response, parse_mode="HTML", reply_markup=keyboard)
  File "/home/admin/.local/lib/python3.11/site-packages/aiogram/methods/base.py", line 84, in emit
    return await bot(self)
           ^^^^^^^^^^^^^^^
  File "/home/admin/.local/lib/python3.11/site-packages/aiogram/client/bot.py", line 453, in __call__
    return await self.session(self, method, timeout=request_timeout)
           ^^^^^^^^^^^^^^^^^^^^^^^^^^^^^^^^^^^^^^^^^^^^^^^^^^^^^^^^^
  File "/home/admin/.local/lib/python3.11/site-packages/aiogram/client/session/base.py", line 254, in __call__
    return cast(TelegramType, await middleware(bot, method))
                              ^^^^^^^^^^^^^^^^^^^^^^^^^^^^^
  File "/home/admin/.local/lib/python3.11/site-packages/aiogram/client/session/aiohttp.py", line 185, in make_request
    response = self.check_response(
               ^^^^^^^^^^^^^^^^^^^^
  File "/home/admin/.local/lib/python3.11/site-packages/aiogram/client/session/base.py", line 120, in check_response
    raise TelegramBadRequest(method=method, message=description)
aiogram.exceptions.TelegramBadRequest: Telegram server says - Bad Request: message is not modified: specified new message content and reply markup are exactly the same as a current content and reply markup of the message
2025.03.30 15:07:38 aiogram.event        INFO     Update id=511589504 is handled. Duration 68 ms by bot id=8095621527
2025.03.30 15:07:39 aiogram.event        INFO     Update id=511589505 is handled. Duration 147 ms by bot id=8095621527
2025.03.30 15:07:41 aiogram.event        INFO     Update id=511589506 is handled. Duration 181 ms by bot id=8095621527
2025.03.30 15:07:46 aiogram.event        INFO     Update id=511589507 is handled. Duration 100 ms by bot id=8095621527
2025.03.30 15:07:48 aiogram.event        INFO     Update id=511589508 is handled. Duration 129 ms by bot id=8095621527
2025.03.30 15:07:50 aiogram.event        INFO     Update id=511589509 is handled. Duration 133 ms by bot id=8095621527
2025.03.30 15:08:38 aiogram.event        INFO     Update id=511589510 is handled. Duration 125 ms by bot id=8095621527
2025.03.30 15:09:15 aiogram.event        INFO     Update id=511589511 is handled. Duration 1 ms by bot id=8095621527
2025.03.30 15:09:15 aiogram.event        INFO     Update id=511589512 is handled. Duration 4 ms by bot id=8095621527
2025.03.30 15:09:16 aiogram.event        INFO     Update id=511589513 is handled. Duration 1 ms by bot id=8095621527
2025.03.30 15:09:19 aiogram.event        INFO     Update id=511589514 is not handled. Duration 2 ms by bot id=8095621527
2025.03.30 15:09:32 aiogram.event        INFO     Update id=511589515 is handled. Duration 1 ms by bot id=8095621527
2025.03.30 15:09:44 aiogram.event        INFO     Update id=511589516 is handled. Duration 5 ms by bot id=8095621527
2025.03.30 15:10:03 aiogram.event        INFO     Update id=511589517 is handled. Duration 204 ms by bot id=8095621527
2025.03.30 15:12:16 aiogram.event        INFO     Update id=511589518 is handled. Duration 1 ms by bot id=8095621527
2025.03.30 15:12:26 aiogram.event        INFO     Update id=511589519 is handled. Duration 3 ms by bot id=8095621527
2025.03.30 15:14:03 aiogram.event        INFO     Update id=511589520 is handled. Duration 0 ms by bot id=8095621527
2025.03.30 15:15:09 aiogram.event        INFO     Update id=511589521 is handled. Duration 1 ms by bot id=8095621527
2025.03.30 15:15:52 aiogram.event        INFO     Update id=511589522 is handled. Duration 1 ms by bot id=8095621527
2025.03.30 15:19:26 aiogram.event        INFO     Update id=511589523 is handled. Duration 1 ms by bot id=8095621527
2025.03.30 15:20:22 aiogram.event        INFO     Update id=511589524 is handled. Duration 1 ms by bot id=8095621527
2025.03.30 15:20:36 aiogram.event        INFO     Update id=511589525 is handled. Duration 2 ms by bot id=8095621527
2025.03.30 15:21:59 aiogram.event        INFO     Update id=511589526 is handled. Duration 3 ms by bot id=8095621527
2025.03.30 15:22:05 aiogram.event        INFO     Update id=511589527 is handled. Duration 2 ms by bot id=8095621527
2025.03.30 15:23:15 aiogram.dispatcher   WARNING  Received SIGINT signal
2025.03.30 15:23:15 aiogram.dispatcher   INFO     Polling stopped for bot @dllmasterbot id=8095621527 - 'DLLMaster for Music'
2025.03.30 15:23:15 aiogram.dispatcher   INFO     Polling stopped
2025.03.30 15:23:16 __main__             INFO     🛑 Polling stopped
2025.03.30 15:23:16 __main__             INFO     🔴 Bot stopped
2025.03.30 15:23:33 __main__             INFO     🤖 Starting bot...
2025.03.30 15:23:33 __main__             INFO     🚀 Starting bot initialization...
2025.03.30 15:23:33 __main__             INFO     ✅ Database initialized successfully
2025.03.30 15:23:33 core.spotify_handler INFO     Spotify API ilə əlaqə quruldu.
2025.03.30 15:23:33 __main__             INFO     ✅ Spotify service initialized
2025.03.30 15:23:33 core.webprofile      INFO     Seçilmiş User-Agent: Mozilla/5.0 (Linux; Android 14; Pixel 8 Pro) AppleWebKit/537.36 (KHTML, like Gecko) Chrome/122.0.0.0 Mobile Safari/537.36
2025.03.30 15:23:33 core.youtube_handler INFO     firefox brauzerindən cookies istifadə edilir.
2025.03.30 15:23:33 __main__             INFO     ✅ YouTube services initialized (firefox)
2025.03.30 15:23:33 __main__             INFO     🔌 Loading plugins...
2025.03.30 15:23:33 __main__             INFO     🔍 Scanning plugins in: plugins
2025.03.30 15:23:33 __main__             INFO     🔄 Loading: plugins.spotify_plugin
2025.03.30 15:23:33 __main__             INFO     ✅ Loaded (sync): plugins.spotify_plugin
2025.03.30 15:23:33 __main__             INFO     🔄 Loading: plugins.menu_plugin
2025.03.30 15:23:33 __main__             INFO     ✅ Loaded (sync): plugins.menu_plugin
2025.03.30 15:23:33 __main__             INFO     🔄 Loading: plugins.sudo_plugin
2025.03.30 15:23:33 __main__             INFO     ✅ Loaded (sync): plugins.sudo_plugin
2025.03.30 15:23:33 __main__             INFO     🔄 Loading: plugins.youtube_plugin
2025.03.30 15:23:33 __main__             INFO     ✅ Loaded (sync): plugins.youtube_plugin
2025.03.30 15:23:33 __main__             INFO     🔄 Loading: plugins.neofetch_plugin
2025.03.30 15:23:33 __main__             INFO     ✅ Loaded (sync): plugins.neofetch_plugin
2025.03.30 15:23:33 __main__             INFO     🔄 Loading: plugins.report_plugin
2025.03.30 15:23:33 __main__             INFO     ✅ Loaded (async): plugins.report_plugin
2025.03.30 15:23:33 __main__             INFO     🔄 Loading: plugins.del_plugin
2025.03.30 15:23:33 __main__             INFO     ✅ Loaded (sync): plugins.del_plugin
2025.03.30 15:23:33 __main__             INFO     🔄 Loading: plugins.music_plugin
2025.03.30 15:23:33 __main__             INFO     ✅ Loaded (sync): plugins.music_plugin
2025.03.30 15:23:33 __main__             INFO     🔄 Loading: plugins.start_plugin
2025.03.30 15:23:33 __main__             INFO     ✅ Loaded (async): plugins.start_plugin
2025.03.30 15:23:33 __main__             INFO     🔄 Loading: plugins.stats_plugin
2025.03.30 15:23:33 __main__             INFO     ✅ Loaded (sync): plugins.stats_plugin
2025.03.30 15:23:33 __main__             INFO     🔄 Loading: plugins.dir_plugin
2025.03.30 15:23:33 __main__             INFO     ✅ Loaded (sync): plugins.dir_plugin
2025.03.30 15:23:33 __main__             INFO     🔄 Loading: plugins.broadcast_plugin
2025.03.30 15:23:33 __main__             INFO     ✅ Loaded (sync): plugins.broadcast_plugin
2025.03.30 15:23:33 __main__             INFO     🔄 Loading: plugins.speedtest_plugin
2025.03.30 15:23:33 __main__             INFO     ✅ Loaded (sync): plugins.speedtest_plugin
2025.03.30 15:23:33 __main__             INFO     🔄 Loading: plugins.bot_logs
2025.03.30 15:23:33 __main__             INFO     ✅ Loaded (async): plugins.bot_logs
2025.03.30 15:23:33 __main__             INFO     🚀 Starting polling...
2025.03.30 15:23:33 aiogram.dispatcher   INFO     Start polling
2025.03.30 15:23:33 aiogram.dispatcher   INFO     Run polling for bot @dllmasterbot id=8095621527 - 'DLLMaster for Music'
2025.03.30 15:24:08 aiogram.event        INFO     Update id=511589528 is handled. Duration 167 ms by bot id=8095621527
2025.03.30 15:24:09 aiogram.event        INFO     Update id=511589529 is handled. Duration 284 ms by bot id=8095621527
2025.03.30 15:24:14 aiogram.event        INFO     Update id=511589530 is handled. Duration 125 ms by bot id=8095621527
2025.03.30 15:24:20 aiogram.event        INFO     Update id=511589531 is handled. Duration 183 ms by bot id=8095621527
2025.03.30 15:24:23 aiogram.event        INFO     Update id=511589532 is handled. Duration 283 ms by bot id=8095621527
2025.03.30 15:24:25 aiogram.event        INFO     Update id=511589533 is handled. Duration 1 ms by bot id=8095621527
2025.03.30 15:24:28 aiogram.event        INFO     Update id=511589534 is handled. Duration 264 ms by bot id=8095621527
2025.03.30 15:24:37 aiogram.event        INFO     Update id=511589535 is handled. Duration 64 ms by bot id=8095621527
2025.03.30 15:24:42 aiogram.event        INFO     Update id=511589536 is handled. Duration 168 ms by bot id=8095621527
2025.03.30 15:24:43 aiogram.event        INFO     Update id=511589537 is handled. Duration 272 ms by bot id=8095621527
2025.03.30 15:24:51 core.webprofile      INFO     firefox brauzerindən cookies istifadə edilir.
2025.03.30 15:24:51 core.webprofile      INFO     Seçilmiş User-Agent: Mozilla/5.0 (Windows NT 10.0; Win64; x64; rv:120.0) Gecko/20100101 Firefox/120.0
2025.03.30 15:24:52 aiogram.event        INFO     Update id=511589539 is handled. Duration 180 ms by bot id=8095621527
2025.03.30 15:24:55 aiogram.event        INFO     Update id=511589538 is handled. Duration 3995 ms by bot id=8095621527
2025.03.30 15:25:47 aiogram.event        INFO     Update id=511589540 is handled. Duration 1 ms by bot id=8095621527
2025.03.30 15:25:55 core.webprofile      INFO     firefox brauzerindən cookies istifadə edilir.
2025.03.30 15:25:55 core.webprofile      INFO     Seçilmiş User-Agent: Mozilla/5.0 (Linux; Android 14; Pixel 8 Pro) AppleWebKit/537.36 (KHTML, like Gecko) Chrome/122.0.0.0 Mobile Safari/537.36
2025.03.30 15:25:58 aiogram.event        INFO     Update id=511589541 is handled. Duration 2771 ms by bot id=8095621527
2025.03.30 15:26:00 aiogram.event        INFO     Update id=511589542 is handled. Duration 3 ms by bot id=8095621527
2025.03.30 15:26:06 aiogram.event        INFO     Update id=511589543 is handled. Duration 1 ms by bot id=8095621527
2025.03.30 15:26:16 aiogram.event        INFO     Update id=511589544 is handled. Duration 1 ms by bot id=8095621527
2025.03.30 15:26:31 aiogram.event        INFO     Update id=511589545 is handled. Duration 3 ms by bot id=8095621527
2025.03.30 15:26:31 aiogram.event        INFO     Update id=511589546 is handled. Duration 3 ms by bot id=8095621527
2025.03.30 15:26:31 aiogram.event        INFO     Update id=511589547 is handled. Duration 3 ms by bot id=8095621527
2025.03.30 15:28:24 aiogram.event        INFO     Update id=511589548 is handled. Duration 1 ms by bot id=8095621527
2025.03.30 15:29:40 core.webprofile      INFO     firefox brauzerindən cookies istifadə edilir.
2025.03.30 15:29:40 core.webprofile      INFO     Seçilmiş User-Agent: Mozilla/5.0 (Linux; Android 14; Pixel 8 Pro) AppleWebKit/537.36 (KHTML, like Gecko) Chrome/122.0.0.0 Mobile Safari/537.36
2025.03.30 15:29:42 aiogram.event        INFO     Update id=511589549 is handled. Duration 2530 ms by bot id=8095621527
2025.03.30 15:30:09 aiogram.dispatcher   WARNING  Received SIGINT signal
2025.03.30 15:30:09 aiogram.dispatcher   INFO     Polling stopped for bot @dllmasterbot id=8095621527 - 'DLLMaster for Music'
2025.03.30 15:30:09 aiogram.dispatcher   INFO     Polling stopped
2025.03.30 15:30:10 __main__             INFO     🛑 Polling stopped
2025.03.30 15:30:10 __main__             INFO     🔴 Bot stopped
2025.03.30 15:30:16 __main__             INFO     🤖 Starting bot...
2025.03.30 15:30:16 __main__             INFO     🚀 Starting bot initialization...
2025.03.30 15:30:16 __main__             INFO     ✅ Database initialized successfully
2025.03.30 15:30:16 core.spotify_handler INFO     Spotify API ilə əlaqə quruldu.
2025.03.30 15:30:16 __main__             INFO     ✅ Spotify service initialized
2025.03.30 15:30:16 core.webprofile      INFO     Seçilmiş User-Agent: Mozilla/5.0 (Linux; Android 14; SM-G998B) AppleWebKit/537.36 (KHTML, like Gecko) Chrome/122.0.0.0 Mobile Safari/537.36
2025.03.30 15:30:16 core.youtube_handler INFO     firefox brauzerindən cookies istifadə edilir.
2025.03.30 15:30:16 __main__             INFO     ✅ YouTube services initialized (firefox)
2025.03.30 15:30:16 __main__             INFO     🔌 Loading plugins...
2025.03.30 15:30:16 __main__             INFO     🔍 Scanning plugins in: plugins
2025.03.30 15:30:16 __main__             INFO     🔄 Loading: plugins.spotify_plugin
2025.03.30 15:30:16 __main__             INFO     ✅ Loaded (sync): plugins.spotify_plugin
2025.03.30 15:30:16 __main__             INFO     🔄 Loading: plugins.menu_plugin
2025.03.30 15:30:16 __main__             INFO     ✅ Loaded (sync): plugins.menu_plugin
2025.03.30 15:30:16 __main__             INFO     🔄 Loading: plugins.sudo_plugin
2025.03.30 15:30:16 __main__             INFO     ✅ Loaded (sync): plugins.sudo_plugin
2025.03.30 15:30:16 __main__             INFO     🔄 Loading: plugins.youtube_plugin
2025.03.30 15:30:16 __main__             INFO     ✅ Loaded (sync): plugins.youtube_plugin
2025.03.30 15:30:16 __main__             INFO     🔄 Loading: plugins.neofetch_plugin
2025.03.30 15:30:16 __main__             INFO     ✅ Loaded (sync): plugins.neofetch_plugin
2025.03.30 15:30:16 __main__             INFO     🔄 Loading: plugins.report_plugin
2025.03.30 15:30:16 __main__             INFO     ✅ Loaded (async): plugins.report_plugin
2025.03.30 15:30:16 __main__             INFO     🔄 Loading: plugins.del_plugin
2025.03.30 15:30:16 __main__             INFO     ✅ Loaded (sync): plugins.del_plugin
2025.03.30 15:30:16 __main__             INFO     🔄 Loading: plugins.music_plugin
2025.03.30 15:30:16 __main__             INFO     ✅ Loaded (sync): plugins.music_plugin
2025.03.30 15:30:16 __main__             INFO     🔄 Loading: plugins.start_plugin
2025.03.30 15:30:16 __main__             INFO     ✅ Loaded (async): plugins.start_plugin
2025.03.30 15:30:16 __main__             INFO     🔄 Loading: plugins.stats_plugin
2025.03.30 15:30:16 __main__             INFO     ✅ Loaded (sync): plugins.stats_plugin
2025.03.30 15:30:16 __main__             INFO     🔄 Loading: plugins.dir_plugin
2025.03.30 15:30:16 __main__             INFO     ✅ Loaded (sync): plugins.dir_plugin
2025.03.30 15:30:16 __main__             INFO     🔄 Loading: plugins.broadcast_plugin
2025.03.30 15:30:16 __main__             INFO     ✅ Loaded (sync): plugins.broadcast_plugin
2025.03.30 15:30:16 __main__             INFO     🔄 Loading: plugins.speedtest_plugin
2025.03.30 15:30:16 __main__             INFO     ✅ Loaded (sync): plugins.speedtest_plugin
2025.03.30 15:30:16 __main__             INFO     🔄 Loading: plugins.bot_logs
2025.03.30 15:30:16 __main__             INFO     ✅ Loaded (async): plugins.bot_logs
2025.03.30 15:30:16 __main__             INFO     🚀 Starting polling...
2025.03.30 15:30:16 aiogram.dispatcher   INFO     Start polling
2025.03.30 15:30:16 aiogram.dispatcher   INFO     Run polling for bot @dllmasterbot id=8095621527 - 'DLLMaster for Music'
2025.03.30 15:30:20 aiogram.event        INFO     Update id=511589550 is handled. Duration 151 ms by bot id=8095621527
2025.03.30 15:30:22 aiogram.event        INFO     Update id=511589551 is handled. Duration 229 ms by bot id=8095621527
2025.03.30 15:30:34 aiogram.event        INFO     Update id=511589552 is handled. Duration 4 ms by bot id=8095621527
2025.03.30 15:30:35 aiogram.event        INFO     Update id=511589553 is handled. Duration 5 ms by bot id=8095621527
2025.03.30 15:30:35 aiogram.event        INFO     Update id=511589554 is handled. Duration 4 ms by bot id=8095621527
2025.03.30 15:30:47 aiogram.event        INFO     Update id=511589555 is handled. Duration 11 ms by bot id=8095621527
2025.03.30 15:30:47 aiogram.event        INFO     Update id=511589556 is handled. Duration 10 ms by bot id=8095621527
2025.03.30 15:30:47 aiogram.event        INFO     Update id=511589557 is handled. Duration 10 ms by bot id=8095621527
2025.03.30 15:31:50 aiogram.event        INFO     Update id=511589558 is handled. Duration 1 ms by bot id=8095621527
2025.03.30 15:32:23 aiogram.event        INFO     Update id=511589559 is handled. Duration 1 ms by bot id=8095621527
2025.03.30 15:33:06 aiogram.event        INFO     Update id=511589560 is handled. Duration 40 ms by bot id=8095621527
2025.03.30 15:34:14 aiogram.event        INFO     Update id=511589561 is handled. Duration 66 ms by bot id=8095621527
2025.03.30 15:34:16 aiogram.event        INFO     Update id=511589562 is handled. Duration 0 ms by bot id=8095621527
2025.03.30 15:34:20 aiogram.event        INFO     Update id=511589563 is handled. Duration 52 ms by bot id=8095621527
2025.03.30 15:34:20 aiogram.event        INFO     Update id=511589564 is handled. Duration 29 ms by bot id=8095621527
2025.03.30 15:34:22 aiogram.event        INFO     Update id=511589565 is handled. Duration 41 ms by bot id=8095621527
2025.03.30 15:34:22 aiogram.event        INFO     Update id=511589566 is handled. Duration 32 ms by bot id=8095621527
2025.03.30 15:34:22 aiogram.event        INFO     Update id=511589567 is handled. Duration 32 ms by bot id=8095621527
2025.03.30 15:34:52 aiogram.dispatcher   WARNING  Received SIGINT signal
2025.03.30 15:34:52 aiogram.dispatcher   INFO     Polling stopped for bot @dllmasterbot id=8095621527 - 'DLLMaster for Music'
2025.03.30 15:34:52 aiogram.dispatcher   INFO     Polling stopped
2025.03.30 15:34:53 __main__             INFO     🛑 Polling stopped
2025.03.30 15:34:53 __main__             INFO     🔴 Bot stopped
2025.03.30 15:34:58 __main__             INFO     🤖 Starting bot...
2025.03.30 15:34:58 __main__             INFO     🚀 Starting bot initialization...
2025.03.30 15:34:59 __main__             INFO     ✅ Database initialized successfully
2025.03.30 15:34:59 core.spotify_handler INFO     Spotify API ilə əlaqə quruldu.
2025.03.30 15:34:59 __main__             INFO     ✅ Spotify service initialized
2025.03.30 15:34:59 core.webprofile      INFO     Seçilmiş User-Agent: Mozilla/5.0 (Macintosh; Intel Mac OS X 10_15_7) AppleWebKit/537.36 (KHTML, like Gecko) Chrome/122.0.0.0 Safari/537.36
2025.03.30 15:34:59 core.youtube_handler INFO     firefox brauzerindən cookies istifadə edilir.
2025.03.30 15:34:59 __main__             INFO     ✅ YouTube services initialized (firefox)
2025.03.30 15:34:59 __main__             INFO     🔌 Loading plugins...
2025.03.30 15:34:59 __main__             INFO     🔍 Scanning plugins in: plugins
2025.03.30 15:34:59 __main__             INFO     🔄 Loading: plugins.spotify_plugin
2025.03.30 15:34:59 __main__             INFO     ✅ Loaded (sync): plugins.spotify_plugin
2025.03.30 15:34:59 __main__             INFO     🔄 Loading: plugins.menu_plugin
2025.03.30 15:34:59 __main__             INFO     ✅ Loaded (sync): plugins.menu_plugin
2025.03.30 15:34:59 __main__             INFO     🔄 Loading: plugins.sudo_plugin
2025.03.30 15:34:59 __main__             INFO     ✅ Loaded (sync): plugins.sudo_plugin
2025.03.30 15:34:59 __main__             INFO     🔄 Loading: plugins.youtube_plugin
2025.03.30 15:34:59 __main__             INFO     ✅ Loaded (sync): plugins.youtube_plugin
2025.03.30 15:34:59 __main__             INFO     🔄 Loading: plugins.neofetch_plugin
2025.03.30 15:34:59 __main__             INFO     ✅ Loaded (sync): plugins.neofetch_plugin
2025.03.30 15:34:59 __main__             INFO     🔄 Loading: plugins.report_plugin
2025.03.30 15:34:59 __main__             INFO     ✅ Loaded (async): plugins.report_plugin
2025.03.30 15:34:59 __main__             INFO     🔄 Loading: plugins.del_plugin
2025.03.30 15:34:59 __main__             INFO     ✅ Loaded (sync): plugins.del_plugin
2025.03.30 15:34:59 __main__             INFO     🔄 Loading: plugins.music_plugin
2025.03.30 15:34:59 __main__             INFO     ✅ Loaded (sync): plugins.music_plugin
2025.03.30 15:34:59 __main__             INFO     🔄 Loading: plugins.start_plugin
2025.03.30 15:34:59 __main__             INFO     ✅ Loaded (async): plugins.start_plugin
2025.03.30 15:34:59 __main__             INFO     🔄 Loading: plugins.stats_plugin
2025.03.30 15:34:59 __main__             INFO     ✅ Loaded (sync): plugins.stats_plugin
2025.03.30 15:34:59 __main__             INFO     🔄 Loading: plugins.dir_plugin
2025.03.30 15:34:59 __main__             INFO     ✅ Loaded (sync): plugins.dir_plugin
2025.03.30 15:34:59 __main__             INFO     🔄 Loading: plugins.broadcast_plugin
2025.03.30 15:34:59 __main__             INFO     ✅ Loaded (sync): plugins.broadcast_plugin
2025.03.30 15:34:59 __main__             INFO     🔄 Loading: plugins.speedtest_plugin
2025.03.30 15:34:59 __main__             INFO     ✅ Loaded (sync): plugins.speedtest_plugin
2025.03.30 15:34:59 __main__             INFO     🔄 Loading: plugins.bot_logs
2025.03.30 15:34:59 __main__             INFO     ✅ Loaded (async): plugins.bot_logs
2025.03.30 15:34:59 __main__             INFO     🚀 Starting polling...
2025.03.30 15:34:59 aiogram.dispatcher   INFO     Start polling
2025.03.30 15:34:59 aiogram.dispatcher   INFO     Run polling for bot @dllmasterbot id=8095621527 - 'DLLMaster for Music'
2025.03.30 15:35:00 core.webprofile      INFO     firefox brauzerindən cookies istifadə edilir.
2025.03.30 15:35:00 core.webprofile      INFO     Seçilmiş User-Agent: Mozilla/5.0 (X11; Linux x86_64) AppleWebKit/537.36 (KHTML, like Gecko) Chrome/122.0.0.0 Safari/537.36
2025.03.30 15:35:04 aiogram.event        INFO     Update id=511589568 is handled. Duration 4032 ms by bot id=8095621527
2025.03.30 15:35:04 aiogram.event        INFO     Update id=511589569 is handled. Duration 140 ms by bot id=8095621527
2025.03.30 15:35:15 aiogram.event        INFO     Update id=511589570 is not handled. Duration 211 ms by bot id=8095621527
2025.03.30 15:35:15 aiogram.event        ERROR    Cause exception while process update id=511589570 by bot id=8095621527
TelegramBadRequest: Telegram server says - Bad Request: message is not modified: specified new message content and reply markup are exactly the same as a current content and reply markup of the message
Traceback (most recent call last):
  File "/home/admin/.local/lib/python3.11/site-packages/aiogram/dispatcher/dispatcher.py", line 309, in _process_update
    response = await self.feed_update(bot, update, **kwargs)
               ^^^^^^^^^^^^^^^^^^^^^^^^^^^^^^^^^^^^^^^^^^^^^
  File "/home/admin/.local/lib/python3.11/site-packages/aiogram/dispatcher/dispatcher.py", line 158, in feed_update
    response = await self.update.wrap_outer_middleware(
               ^^^^^^^^^^^^^^^^^^^^^^^^^^^^^^^^^^^^^^^^
  File "/home/admin/.local/lib/python3.11/site-packages/aiogram/dispatcher/middlewares/error.py", line 25, in __call__
    return await handler(event, data)
           ^^^^^^^^^^^^^^^^^^^^^^^^^^
  File "/home/admin/.local/lib/python3.11/site-packages/aiogram/dispatcher/middlewares/user_context.py", line 56, in __call__
    return await handler(event, data)
           ^^^^^^^^^^^^^^^^^^^^^^^^^^
  File "/home/admin/.local/lib/python3.11/site-packages/aiogram/fsm/middleware.py", line 42, in __call__
    return await handler(event, data)
           ^^^^^^^^^^^^^^^^^^^^^^^^^^
  File "/home/admin/.local/lib/python3.11/site-packages/aiogram/dispatcher/event/telegram.py", line 121, in trigger
    return await wrapped_inner(event, kwargs)
           ^^^^^^^^^^^^^^^^^^^^^^^^^^^^^^^^^^
  File "/home/admin/.local/lib/python3.11/site-packages/aiogram/dispatcher/event/handler.py", line 43, in call
    return await wrapped()
           ^^^^^^^^^^^^^^^
  File "/home/admin/.local/lib/python3.11/site-packages/aiogram/dispatcher/dispatcher.py", line 276, in _listen_update
    return await self.propagate_event(update_type=update_type, event=event, **kwargs)
           ^^^^^^^^^^^^^^^^^^^^^^^^^^^^^^^^^^^^^^^^^^^^^^^^^^^^^^^^^^^^^^^^^^^^^^^^^^
  File "/home/admin/.local/lib/python3.11/site-packages/aiogram/dispatcher/router.py", line 146, in propagate_event
    return await observer.wrap_outer_middleware(_wrapped, event=event, data=kwargs)
           ^^^^^^^^^^^^^^^^^^^^^^^^^^^^^^^^^^^^^^^^^^^^^^^^^^^^^^^^^^^^^^^^^^^^^^^^
  File "/home/admin/.local/lib/python3.11/site-packages/aiogram/dispatcher/router.py", line 141, in _wrapped
    return await self._propagate_event(
           ^^^^^^^^^^^^^^^^^^^^^^^^^^^^
  File "/home/admin/.local/lib/python3.11/site-packages/aiogram/dispatcher/router.py", line 166, in _propagate_event
    response = await observer.trigger(event, **kwargs)
               ^^^^^^^^^^^^^^^^^^^^^^^^^^^^^^^^^^^^^^^
  File "/home/admin/.local/lib/python3.11/site-packages/aiogram/dispatcher/event/telegram.py", line 121, in trigger
    return await wrapped_inner(event, kwargs)
           ^^^^^^^^^^^^^^^^^^^^^^^^^^^^^^^^^^
  File "/home/admin/.local/lib/python3.11/site-packages/aiogram/dispatcher/event/handler.py", line 43, in call
    return await wrapped()
           ^^^^^^^^^^^^^^^
  File "/home/admin/DLMaster/plugins/dir_plugin.py", line 138, in handle_directory
    await callback.message.edit_text(response, parse_mode="HTML", reply_markup=keyboard)
  File "/home/admin/.local/lib/python3.11/site-packages/aiogram/methods/base.py", line 84, in emit
    return await bot(self)
           ^^^^^^^^^^^^^^^
  File "/home/admin/.local/lib/python3.11/site-packages/aiogram/client/bot.py", line 453, in __call__
    return await self.session(self, method, timeout=request_timeout)
           ^^^^^^^^^^^^^^^^^^^^^^^^^^^^^^^^^^^^^^^^^^^^^^^^^^^^^^^^^
  File "/home/admin/.local/lib/python3.11/site-packages/aiogram/client/session/base.py", line 254, in __call__
    return cast(TelegramType, await middleware(bot, method))
                              ^^^^^^^^^^^^^^^^^^^^^^^^^^^^^
  File "/home/admin/.local/lib/python3.11/site-packages/aiogram/client/session/aiohttp.py", line 185, in make_request
    response = self.check_response(
               ^^^^^^^^^^^^^^^^^^^^
  File "/home/admin/.local/lib/python3.11/site-packages/aiogram/client/session/base.py", line 120, in check_response
    raise TelegramBadRequest(method=method, message=description)
aiogram.exceptions.TelegramBadRequest: Telegram server says - Bad Request: message is not modified: specified new message content and reply markup are exactly the same as a current content and reply markup of the message
2025.03.30 15:35:17 aiogram.event        INFO     Update id=511589571 is not handled. Duration 49 ms by bot id=8095621527
2025.03.30 15:35:17 aiogram.event        ERROR    Cause exception while process update id=511589571 by bot id=8095621527
TelegramBadRequest: Telegram server says - Bad Request: message is not modified: specified new message content and reply markup are exactly the same as a current content and reply markup of the message
Traceback (most recent call last):
  File "/home/admin/.local/lib/python3.11/site-packages/aiogram/dispatcher/dispatcher.py", line 309, in _process_update
    response = await self.feed_update(bot, update, **kwargs)
               ^^^^^^^^^^^^^^^^^^^^^^^^^^^^^^^^^^^^^^^^^^^^^
  File "/home/admin/.local/lib/python3.11/site-packages/aiogram/dispatcher/dispatcher.py", line 158, in feed_update
    response = await self.update.wrap_outer_middleware(
               ^^^^^^^^^^^^^^^^^^^^^^^^^^^^^^^^^^^^^^^^
  File "/home/admin/.local/lib/python3.11/site-packages/aiogram/dispatcher/middlewares/error.py", line 25, in __call__
    return await handler(event, data)
           ^^^^^^^^^^^^^^^^^^^^^^^^^^
  File "/home/admin/.local/lib/python3.11/site-packages/aiogram/dispatcher/middlewares/user_context.py", line 56, in __call__
    return await handler(event, data)
           ^^^^^^^^^^^^^^^^^^^^^^^^^^
  File "/home/admin/.local/lib/python3.11/site-packages/aiogram/fsm/middleware.py", line 42, in __call__
    return await handler(event, data)
           ^^^^^^^^^^^^^^^^^^^^^^^^^^
  File "/home/admin/.local/lib/python3.11/site-packages/aiogram/dispatcher/event/telegram.py", line 121, in trigger
    return await wrapped_inner(event, kwargs)
           ^^^^^^^^^^^^^^^^^^^^^^^^^^^^^^^^^^
  File "/home/admin/.local/lib/python3.11/site-packages/aiogram/dispatcher/event/handler.py", line 43, in call
    return await wrapped()
           ^^^^^^^^^^^^^^^
  File "/home/admin/.local/lib/python3.11/site-packages/aiogram/dispatcher/dispatcher.py", line 276, in _listen_update
    return await self.propagate_event(update_type=update_type, event=event, **kwargs)
           ^^^^^^^^^^^^^^^^^^^^^^^^^^^^^^^^^^^^^^^^^^^^^^^^^^^^^^^^^^^^^^^^^^^^^^^^^^
  File "/home/admin/.local/lib/python3.11/site-packages/aiogram/dispatcher/router.py", line 146, in propagate_event
    return await observer.wrap_outer_middleware(_wrapped, event=event, data=kwargs)
           ^^^^^^^^^^^^^^^^^^^^^^^^^^^^^^^^^^^^^^^^^^^^^^^^^^^^^^^^^^^^^^^^^^^^^^^^
  File "/home/admin/.local/lib/python3.11/site-packages/aiogram/dispatcher/router.py", line 141, in _wrapped
    return await self._propagate_event(
           ^^^^^^^^^^^^^^^^^^^^^^^^^^^^
  File "/home/admin/.local/lib/python3.11/site-packages/aiogram/dispatcher/router.py", line 166, in _propagate_event
    response = await observer.trigger(event, **kwargs)
               ^^^^^^^^^^^^^^^^^^^^^^^^^^^^^^^^^^^^^^^
  File "/home/admin/.local/lib/python3.11/site-packages/aiogram/dispatcher/event/telegram.py", line 121, in trigger
    return await wrapped_inner(event, kwargs)
           ^^^^^^^^^^^^^^^^^^^^^^^^^^^^^^^^^^
  File "/home/admin/.local/lib/python3.11/site-packages/aiogram/dispatcher/event/handler.py", line 43, in call
    return await wrapped()
           ^^^^^^^^^^^^^^^
  File "/home/admin/DLMaster/plugins/dir_plugin.py", line 138, in handle_directory
    await callback.message.edit_text(response, parse_mode="HTML", reply_markup=keyboard)
  File "/home/admin/.local/lib/python3.11/site-packages/aiogram/methods/base.py", line 84, in emit
    return await bot(self)
           ^^^^^^^^^^^^^^^
  File "/home/admin/.local/lib/python3.11/site-packages/aiogram/client/bot.py", line 453, in __call__
    return await self.session(self, method, timeout=request_timeout)
           ^^^^^^^^^^^^^^^^^^^^^^^^^^^^^^^^^^^^^^^^^^^^^^^^^^^^^^^^^
  File "/home/admin/.local/lib/python3.11/site-packages/aiogram/client/session/base.py", line 254, in __call__
    return cast(TelegramType, await middleware(bot, method))
                              ^^^^^^^^^^^^^^^^^^^^^^^^^^^^^
  File "/home/admin/.local/lib/python3.11/site-packages/aiogram/client/session/aiohttp.py", line 185, in make_request
    response = self.check_response(
               ^^^^^^^^^^^^^^^^^^^^
  File "/home/admin/.local/lib/python3.11/site-packages/aiogram/client/session/base.py", line 120, in check_response
    raise TelegramBadRequest(method=method, message=description)
aiogram.exceptions.TelegramBadRequest: Telegram server says - Bad Request: message is not modified: specified new message content and reply markup are exactly the same as a current content and reply markup of the message
2025.03.30 15:35:18 aiogram.event        INFO     Update id=511589572 is handled. Duration 153 ms by bot id=8095621527
2025.03.30 15:35:20 aiogram.event        INFO     Update id=511589573 is handled. Duration 136 ms by bot id=8095621527
2025.03.30 15:35:21 aiogram.event        INFO     Update id=511589574 is handled. Duration 126 ms by bot id=8095621527
2025.03.30 15:35:25 aiogram.event        INFO     Update id=511589575 is not handled. Duration 147 ms by bot id=8095621527
2025.03.30 15:35:25 aiogram.event        ERROR    Cause exception while process update id=511589575 by bot id=8095621527
TelegramBadRequest: Telegram server says - Bad Request: message is not modified: specified new message content and reply markup are exactly the same as a current content and reply markup of the message
Traceback (most recent call last):
  File "/home/admin/.local/lib/python3.11/site-packages/aiogram/dispatcher/dispatcher.py", line 309, in _process_update
    response = await self.feed_update(bot, update, **kwargs)
               ^^^^^^^^^^^^^^^^^^^^^^^^^^^^^^^^^^^^^^^^^^^^^
  File "/home/admin/.local/lib/python3.11/site-packages/aiogram/dispatcher/dispatcher.py", line 158, in feed_update
    response = await self.update.wrap_outer_middleware(
               ^^^^^^^^^^^^^^^^^^^^^^^^^^^^^^^^^^^^^^^^
  File "/home/admin/.local/lib/python3.11/site-packages/aiogram/dispatcher/middlewares/error.py", line 25, in __call__
    return await handler(event, data)
           ^^^^^^^^^^^^^^^^^^^^^^^^^^
  File "/home/admin/.local/lib/python3.11/site-packages/aiogram/dispatcher/middlewares/user_context.py", line 56, in __call__
    return await handler(event, data)
           ^^^^^^^^^^^^^^^^^^^^^^^^^^
  File "/home/admin/.local/lib/python3.11/site-packages/aiogram/fsm/middleware.py", line 42, in __call__
    return await handler(event, data)
           ^^^^^^^^^^^^^^^^^^^^^^^^^^
  File "/home/admin/.local/lib/python3.11/site-packages/aiogram/dispatcher/event/telegram.py", line 121, in trigger
    return await wrapped_inner(event, kwargs)
           ^^^^^^^^^^^^^^^^^^^^^^^^^^^^^^^^^^
  File "/home/admin/.local/lib/python3.11/site-packages/aiogram/dispatcher/event/handler.py", line 43, in call
    return await wrapped()
           ^^^^^^^^^^^^^^^
  File "/home/admin/.local/lib/python3.11/site-packages/aiogram/dispatcher/dispatcher.py", line 276, in _listen_update
    return await self.propagate_event(update_type=update_type, event=event, **kwargs)
           ^^^^^^^^^^^^^^^^^^^^^^^^^^^^^^^^^^^^^^^^^^^^^^^^^^^^^^^^^^^^^^^^^^^^^^^^^^
  File "/home/admin/.local/lib/python3.11/site-packages/aiogram/dispatcher/router.py", line 146, in propagate_event
    return await observer.wrap_outer_middleware(_wrapped, event=event, data=kwargs)
           ^^^^^^^^^^^^^^^^^^^^^^^^^^^^^^^^^^^^^^^^^^^^^^^^^^^^^^^^^^^^^^^^^^^^^^^^
  File "/home/admin/.local/lib/python3.11/site-packages/aiogram/dispatcher/router.py", line 141, in _wrapped
    return await self._propagate_event(
           ^^^^^^^^^^^^^^^^^^^^^^^^^^^^
  File "/home/admin/.local/lib/python3.11/site-packages/aiogram/dispatcher/router.py", line 166, in _propagate_event
    response = await observer.trigger(event, **kwargs)
               ^^^^^^^^^^^^^^^^^^^^^^^^^^^^^^^^^^^^^^^
  File "/home/admin/.local/lib/python3.11/site-packages/aiogram/dispatcher/event/telegram.py", line 121, in trigger
    return await wrapped_inner(event, kwargs)
           ^^^^^^^^^^^^^^^^^^^^^^^^^^^^^^^^^^
  File "/home/admin/.local/lib/python3.11/site-packages/aiogram/dispatcher/event/handler.py", line 43, in call
    return await wrapped()
           ^^^^^^^^^^^^^^^
  File "/home/admin/DLMaster/plugins/dir_plugin.py", line 138, in handle_directory
    await callback.message.edit_text(response, parse_mode="HTML", reply_markup=keyboard)
  File "/home/admin/.local/lib/python3.11/site-packages/aiogram/methods/base.py", line 84, in emit
    return await bot(self)
           ^^^^^^^^^^^^^^^
  File "/home/admin/.local/lib/python3.11/site-packages/aiogram/client/bot.py", line 453, in __call__
    return await self.session(self, method, timeout=request_timeout)
           ^^^^^^^^^^^^^^^^^^^^^^^^^^^^^^^^^^^^^^^^^^^^^^^^^^^^^^^^^
  File "/home/admin/.local/lib/python3.11/site-packages/aiogram/client/session/base.py", line 254, in __call__
    return cast(TelegramType, await middleware(bot, method))
                              ^^^^^^^^^^^^^^^^^^^^^^^^^^^^^
  File "/home/admin/.local/lib/python3.11/site-packages/aiogram/client/session/aiohttp.py", line 185, in make_request
    response = self.check_response(
               ^^^^^^^^^^^^^^^^^^^^
  File "/home/admin/.local/lib/python3.11/site-packages/aiogram/client/session/base.py", line 120, in check_response
    raise TelegramBadRequest(method=method, message=description)
aiogram.exceptions.TelegramBadRequest: Telegram server says - Bad Request: message is not modified: specified new message content and reply markup are exactly the same as a current content and reply markup of the message
2025.03.30 15:35:25 aiogram.event        INFO     Update id=511589576 is handled. Duration 166 ms by bot id=8095621527
2025.03.30 15:35:27 aiogram.event        INFO     Update id=511589577 is handled. Duration 207 ms by bot id=8095621527
2025.03.30 15:35:29 aiogram.event        INFO     Update id=511589578 is handled. Duration 152 ms by bot id=8095621527
2025.03.30 15:35:32 aiogram.event        INFO     Update id=511589579 is not handled. Duration 117 ms by bot id=8095621527
2025.03.30 15:35:32 aiogram.event        ERROR    Cause exception while process update id=511589579 by bot id=8095621527
TelegramBadRequest: Telegram server says - Bad Request: message is not modified: specified new message content and reply markup are exactly the same as a current content and reply markup of the message
Traceback (most recent call last):
  File "/home/admin/.local/lib/python3.11/site-packages/aiogram/dispatcher/dispatcher.py", line 309, in _process_update
    response = await self.feed_update(bot, update, **kwargs)
               ^^^^^^^^^^^^^^^^^^^^^^^^^^^^^^^^^^^^^^^^^^^^^
  File "/home/admin/.local/lib/python3.11/site-packages/aiogram/dispatcher/dispatcher.py", line 158, in feed_update
    response = await self.update.wrap_outer_middleware(
               ^^^^^^^^^^^^^^^^^^^^^^^^^^^^^^^^^^^^^^^^
  File "/home/admin/.local/lib/python3.11/site-packages/aiogram/dispatcher/middlewares/error.py", line 25, in __call__
    return await handler(event, data)
           ^^^^^^^^^^^^^^^^^^^^^^^^^^
  File "/home/admin/.local/lib/python3.11/site-packages/aiogram/dispatcher/middlewares/user_context.py", line 56, in __call__
    return await handler(event, data)
           ^^^^^^^^^^^^^^^^^^^^^^^^^^
  File "/home/admin/.local/lib/python3.11/site-packages/aiogram/fsm/middleware.py", line 42, in __call__
    return await handler(event, data)
           ^^^^^^^^^^^^^^^^^^^^^^^^^^
  File "/home/admin/.local/lib/python3.11/site-packages/aiogram/dispatcher/event/telegram.py", line 121, in trigger
    return await wrapped_inner(event, kwargs)
           ^^^^^^^^^^^^^^^^^^^^^^^^^^^^^^^^^^
  File "/home/admin/.local/lib/python3.11/site-packages/aiogram/dispatcher/event/handler.py", line 43, in call
    return await wrapped()
           ^^^^^^^^^^^^^^^
  File "/home/admin/.local/lib/python3.11/site-packages/aiogram/dispatcher/dispatcher.py", line 276, in _listen_update
    return await self.propagate_event(update_type=update_type, event=event, **kwargs)
           ^^^^^^^^^^^^^^^^^^^^^^^^^^^^^^^^^^^^^^^^^^^^^^^^^^^^^^^^^^^^^^^^^^^^^^^^^^
  File "/home/admin/.local/lib/python3.11/site-packages/aiogram/dispatcher/router.py", line 146, in propagate_event
    return await observer.wrap_outer_middleware(_wrapped, event=event, data=kwargs)
           ^^^^^^^^^^^^^^^^^^^^^^^^^^^^^^^^^^^^^^^^^^^^^^^^^^^^^^^^^^^^^^^^^^^^^^^^
  File "/home/admin/.local/lib/python3.11/site-packages/aiogram/dispatcher/router.py", line 141, in _wrapped
    return await self._propagate_event(
           ^^^^^^^^^^^^^^^^^^^^^^^^^^^^
  File "/home/admin/.local/lib/python3.11/site-packages/aiogram/dispatcher/router.py", line 166, in _propagate_event
    response = await observer.trigger(event, **kwargs)
               ^^^^^^^^^^^^^^^^^^^^^^^^^^^^^^^^^^^^^^^
  File "/home/admin/.local/lib/python3.11/site-packages/aiogram/dispatcher/event/telegram.py", line 121, in trigger
    return await wrapped_inner(event, kwargs)
           ^^^^^^^^^^^^^^^^^^^^^^^^^^^^^^^^^^
  File "/home/admin/.local/lib/python3.11/site-packages/aiogram/dispatcher/event/handler.py", line 43, in call
    return await wrapped()
           ^^^^^^^^^^^^^^^
  File "/home/admin/DLMaster/plugins/dir_plugin.py", line 138, in handle_directory
    await callback.message.edit_text(response, parse_mode="HTML", reply_markup=keyboard)
  File "/home/admin/.local/lib/python3.11/site-packages/aiogram/methods/base.py", line 84, in emit
    return await bot(self)
           ^^^^^^^^^^^^^^^
  File "/home/admin/.local/lib/python3.11/site-packages/aiogram/client/bot.py", line 453, in __call__
    return await self.session(self, method, timeout=request_timeout)
           ^^^^^^^^^^^^^^^^^^^^^^^^^^^^^^^^^^^^^^^^^^^^^^^^^^^^^^^^^
  File "/home/admin/.local/lib/python3.11/site-packages/aiogram/client/session/base.py", line 254, in __call__
    return cast(TelegramType, await middleware(bot, method))
                              ^^^^^^^^^^^^^^^^^^^^^^^^^^^^^
  File "/home/admin/.local/lib/python3.11/site-packages/aiogram/client/session/aiohttp.py", line 185, in make_request
    response = self.check_response(
               ^^^^^^^^^^^^^^^^^^^^
  File "/home/admin/.local/lib/python3.11/site-packages/aiogram/client/session/base.py", line 120, in check_response
    raise TelegramBadRequest(method=method, message=description)
aiogram.exceptions.TelegramBadRequest: Telegram server says - Bad Request: message is not modified: specified new message content and reply markup are exactly the same as a current content and reply markup of the message
2025.03.30 15:35:33 aiogram.event        INFO     Update id=511589580 is not handled. Duration 103 ms by bot id=8095621527
2025.03.30 15:35:33 aiogram.event        ERROR    Cause exception while process update id=511589580 by bot id=8095621527
TelegramBadRequest: Telegram server says - Bad Request: message is not modified: specified new message content and reply markup are exactly the same as a current content and reply markup of the message
Traceback (most recent call last):
  File "/home/admin/.local/lib/python3.11/site-packages/aiogram/dispatcher/dispatcher.py", line 309, in _process_update
    response = await self.feed_update(bot, update, **kwargs)
               ^^^^^^^^^^^^^^^^^^^^^^^^^^^^^^^^^^^^^^^^^^^^^
  File "/home/admin/.local/lib/python3.11/site-packages/aiogram/dispatcher/dispatcher.py", line 158, in feed_update
    response = await self.update.wrap_outer_middleware(
               ^^^^^^^^^^^^^^^^^^^^^^^^^^^^^^^^^^^^^^^^
  File "/home/admin/.local/lib/python3.11/site-packages/aiogram/dispatcher/middlewares/error.py", line 25, in __call__
    return await handler(event, data)
           ^^^^^^^^^^^^^^^^^^^^^^^^^^
  File "/home/admin/.local/lib/python3.11/site-packages/aiogram/dispatcher/middlewares/user_context.py", line 56, in __call__
    return await handler(event, data)
           ^^^^^^^^^^^^^^^^^^^^^^^^^^
  File "/home/admin/.local/lib/python3.11/site-packages/aiogram/fsm/middleware.py", line 42, in __call__
    return await handler(event, data)
           ^^^^^^^^^^^^^^^^^^^^^^^^^^
  File "/home/admin/.local/lib/python3.11/site-packages/aiogram/dispatcher/event/telegram.py", line 121, in trigger
    return await wrapped_inner(event, kwargs)
           ^^^^^^^^^^^^^^^^^^^^^^^^^^^^^^^^^^
  File "/home/admin/.local/lib/python3.11/site-packages/aiogram/dispatcher/event/handler.py", line 43, in call
    return await wrapped()
           ^^^^^^^^^^^^^^^
  File "/home/admin/.local/lib/python3.11/site-packages/aiogram/dispatcher/dispatcher.py", line 276, in _listen_update
    return await self.propagate_event(update_type=update_type, event=event, **kwargs)
           ^^^^^^^^^^^^^^^^^^^^^^^^^^^^^^^^^^^^^^^^^^^^^^^^^^^^^^^^^^^^^^^^^^^^^^^^^^
  File "/home/admin/.local/lib/python3.11/site-packages/aiogram/dispatcher/router.py", line 146, in propagate_event
    return await observer.wrap_outer_middleware(_wrapped, event=event, data=kwargs)
           ^^^^^^^^^^^^^^^^^^^^^^^^^^^^^^^^^^^^^^^^^^^^^^^^^^^^^^^^^^^^^^^^^^^^^^^^
  File "/home/admin/.local/lib/python3.11/site-packages/aiogram/dispatcher/router.py", line 141, in _wrapped
    return await self._propagate_event(
           ^^^^^^^^^^^^^^^^^^^^^^^^^^^^
  File "/home/admin/.local/lib/python3.11/site-packages/aiogram/dispatcher/router.py", line 166, in _propagate_event
    response = await observer.trigger(event, **kwargs)
               ^^^^^^^^^^^^^^^^^^^^^^^^^^^^^^^^^^^^^^^
  File "/home/admin/.local/lib/python3.11/site-packages/aiogram/dispatcher/event/telegram.py", line 121, in trigger
    return await wrapped_inner(event, kwargs)
           ^^^^^^^^^^^^^^^^^^^^^^^^^^^^^^^^^^
  File "/home/admin/.local/lib/python3.11/site-packages/aiogram/dispatcher/event/handler.py", line 43, in call
    return await wrapped()
           ^^^^^^^^^^^^^^^
  File "/home/admin/DLMaster/plugins/dir_plugin.py", line 138, in handle_directory
    await callback.message.edit_text(response, parse_mode="HTML", reply_markup=keyboard)
  File "/home/admin/.local/lib/python3.11/site-packages/aiogram/methods/base.py", line 84, in emit
    return await bot(self)
           ^^^^^^^^^^^^^^^
  File "/home/admin/.local/lib/python3.11/site-packages/aiogram/client/bot.py", line 453, in __call__
    return await self.session(self, method, timeout=request_timeout)
           ^^^^^^^^^^^^^^^^^^^^^^^^^^^^^^^^^^^^^^^^^^^^^^^^^^^^^^^^^
  File "/home/admin/.local/lib/python3.11/site-packages/aiogram/client/session/base.py", line 254, in __call__
    return cast(TelegramType, await middleware(bot, method))
                              ^^^^^^^^^^^^^^^^^^^^^^^^^^^^^
  File "/home/admin/.local/lib/python3.11/site-packages/aiogram/client/session/aiohttp.py", line 185, in make_request
    response = self.check_response(
               ^^^^^^^^^^^^^^^^^^^^
  File "/home/admin/.local/lib/python3.11/site-packages/aiogram/client/session/base.py", line 120, in check_response
    raise TelegramBadRequest(method=method, message=description)
aiogram.exceptions.TelegramBadRequest: Telegram server says - Bad Request: message is not modified: specified new message content and reply markup are exactly the same as a current content and reply markup of the message
2025.03.30 15:35:34 aiogram.event        INFO     Update id=511589581 is not handled. Duration 46 ms by bot id=8095621527
2025.03.30 15:35:34 aiogram.event        ERROR    Cause exception while process update id=511589581 by bot id=8095621527
TelegramBadRequest: Telegram server says - Bad Request: message is not modified: specified new message content and reply markup are exactly the same as a current content and reply markup of the message
Traceback (most recent call last):
  File "/home/admin/.local/lib/python3.11/site-packages/aiogram/dispatcher/dispatcher.py", line 309, in _process_update
    response = await self.feed_update(bot, update, **kwargs)
               ^^^^^^^^^^^^^^^^^^^^^^^^^^^^^^^^^^^^^^^^^^^^^
  File "/home/admin/.local/lib/python3.11/site-packages/aiogram/dispatcher/dispatcher.py", line 158, in feed_update
    response = await self.update.wrap_outer_middleware(
               ^^^^^^^^^^^^^^^^^^^^^^^^^^^^^^^^^^^^^^^^
  File "/home/admin/.local/lib/python3.11/site-packages/aiogram/dispatcher/middlewares/error.py", line 25, in __call__
    return await handler(event, data)
           ^^^^^^^^^^^^^^^^^^^^^^^^^^
  File "/home/admin/.local/lib/python3.11/site-packages/aiogram/dispatcher/middlewares/user_context.py", line 56, in __call__
    return await handler(event, data)
           ^^^^^^^^^^^^^^^^^^^^^^^^^^
  File "/home/admin/.local/lib/python3.11/site-packages/aiogram/fsm/middleware.py", line 42, in __call__
    return await handler(event, data)
           ^^^^^^^^^^^^^^^^^^^^^^^^^^
  File "/home/admin/.local/lib/python3.11/site-packages/aiogram/dispatcher/event/telegram.py", line 121, in trigger
    return await wrapped_inner(event, kwargs)
           ^^^^^^^^^^^^^^^^^^^^^^^^^^^^^^^^^^
  File "/home/admin/.local/lib/python3.11/site-packages/aiogram/dispatcher/event/handler.py", line 43, in call
    return await wrapped()
           ^^^^^^^^^^^^^^^
  File "/home/admin/.local/lib/python3.11/site-packages/aiogram/dispatcher/dispatcher.py", line 276, in _listen_update
    return await self.propagate_event(update_type=update_type, event=event, **kwargs)
           ^^^^^^^^^^^^^^^^^^^^^^^^^^^^^^^^^^^^^^^^^^^^^^^^^^^^^^^^^^^^^^^^^^^^^^^^^^
  File "/home/admin/.local/lib/python3.11/site-packages/aiogram/dispatcher/router.py", line 146, in propagate_event
    return await observer.wrap_outer_middleware(_wrapped, event=event, data=kwargs)
           ^^^^^^^^^^^^^^^^^^^^^^^^^^^^^^^^^^^^^^^^^^^^^^^^^^^^^^^^^^^^^^^^^^^^^^^^
  File "/home/admin/.local/lib/python3.11/site-packages/aiogram/dispatcher/router.py", line 141, in _wrapped
    return await self._propagate_event(
           ^^^^^^^^^^^^^^^^^^^^^^^^^^^^
  File "/home/admin/.local/lib/python3.11/site-packages/aiogram/dispatcher/router.py", line 166, in _propagate_event
    response = await observer.trigger(event, **kwargs)
               ^^^^^^^^^^^^^^^^^^^^^^^^^^^^^^^^^^^^^^^
  File "/home/admin/.local/lib/python3.11/site-packages/aiogram/dispatcher/event/telegram.py", line 121, in trigger
    return await wrapped_inner(event, kwargs)
           ^^^^^^^^^^^^^^^^^^^^^^^^^^^^^^^^^^
  File "/home/admin/.local/lib/python3.11/site-packages/aiogram/dispatcher/event/handler.py", line 43, in call
    return await wrapped()
           ^^^^^^^^^^^^^^^
  File "/home/admin/DLMaster/plugins/dir_plugin.py", line 138, in handle_directory
    await callback.message.edit_text(response, parse_mode="HTML", reply_markup=keyboard)
  File "/home/admin/.local/lib/python3.11/site-packages/aiogram/methods/base.py", line 84, in emit
    return await bot(self)
           ^^^^^^^^^^^^^^^
  File "/home/admin/.local/lib/python3.11/site-packages/aiogram/client/bot.py", line 453, in __call__
    return await self.session(self, method, timeout=request_timeout)
           ^^^^^^^^^^^^^^^^^^^^^^^^^^^^^^^^^^^^^^^^^^^^^^^^^^^^^^^^^
  File "/home/admin/.local/lib/python3.11/site-packages/aiogram/client/session/base.py", line 254, in __call__
    return cast(TelegramType, await middleware(bot, method))
                              ^^^^^^^^^^^^^^^^^^^^^^^^^^^^^
  File "/home/admin/.local/lib/python3.11/site-packages/aiogram/client/session/aiohttp.py", line 185, in make_request
    response = self.check_response(
               ^^^^^^^^^^^^^^^^^^^^
  File "/home/admin/.local/lib/python3.11/site-packages/aiogram/client/session/base.py", line 120, in check_response
    raise TelegramBadRequest(method=method, message=description)
aiogram.exceptions.TelegramBadRequest: Telegram server says - Bad Request: message is not modified: specified new message content and reply markup are exactly the same as a current content and reply markup of the message
2025.03.30 15:35:35 aiogram.event        INFO     Update id=511589582 is not handled. Duration 79 ms by bot id=8095621527
2025.03.30 15:35:35 aiogram.event        ERROR    Cause exception while process update id=511589582 by bot id=8095621527
TelegramBadRequest: Telegram server says - Bad Request: message is not modified: specified new message content and reply markup are exactly the same as a current content and reply markup of the message
Traceback (most recent call last):
  File "/home/admin/.local/lib/python3.11/site-packages/aiogram/dispatcher/dispatcher.py", line 309, in _process_update
    response = await self.feed_update(bot, update, **kwargs)
               ^^^^^^^^^^^^^^^^^^^^^^^^^^^^^^^^^^^^^^^^^^^^^
  File "/home/admin/.local/lib/python3.11/site-packages/aiogram/dispatcher/dispatcher.py", line 158, in feed_update
    response = await self.update.wrap_outer_middleware(
               ^^^^^^^^^^^^^^^^^^^^^^^^^^^^^^^^^^^^^^^^
  File "/home/admin/.local/lib/python3.11/site-packages/aiogram/dispatcher/middlewares/error.py", line 25, in __call__
    return await handler(event, data)
           ^^^^^^^^^^^^^^^^^^^^^^^^^^
  File "/home/admin/.local/lib/python3.11/site-packages/aiogram/dispatcher/middlewares/user_context.py", line 56, in __call__
    return await handler(event, data)
           ^^^^^^^^^^^^^^^^^^^^^^^^^^
  File "/home/admin/.local/lib/python3.11/site-packages/aiogram/fsm/middleware.py", line 42, in __call__
    return await handler(event, data)
           ^^^^^^^^^^^^^^^^^^^^^^^^^^
  File "/home/admin/.local/lib/python3.11/site-packages/aiogram/dispatcher/event/telegram.py", line 121, in trigger
    return await wrapped_inner(event, kwargs)
           ^^^^^^^^^^^^^^^^^^^^^^^^^^^^^^^^^^
  File "/home/admin/.local/lib/python3.11/site-packages/aiogram/dispatcher/event/handler.py", line 43, in call
    return await wrapped()
           ^^^^^^^^^^^^^^^
  File "/home/admin/.local/lib/python3.11/site-packages/aiogram/dispatcher/dispatcher.py", line 276, in _listen_update
    return await self.propagate_event(update_type=update_type, event=event, **kwargs)
           ^^^^^^^^^^^^^^^^^^^^^^^^^^^^^^^^^^^^^^^^^^^^^^^^^^^^^^^^^^^^^^^^^^^^^^^^^^
  File "/home/admin/.local/lib/python3.11/site-packages/aiogram/dispatcher/router.py", line 146, in propagate_event
    return await observer.wrap_outer_middleware(_wrapped, event=event, data=kwargs)
           ^^^^^^^^^^^^^^^^^^^^^^^^^^^^^^^^^^^^^^^^^^^^^^^^^^^^^^^^^^^^^^^^^^^^^^^^
  File "/home/admin/.local/lib/python3.11/site-packages/aiogram/dispatcher/router.py", line 141, in _wrapped
    return await self._propagate_event(
           ^^^^^^^^^^^^^^^^^^^^^^^^^^^^
  File "/home/admin/.local/lib/python3.11/site-packages/aiogram/dispatcher/router.py", line 166, in _propagate_event
    response = await observer.trigger(event, **kwargs)
               ^^^^^^^^^^^^^^^^^^^^^^^^^^^^^^^^^^^^^^^
  File "/home/admin/.local/lib/python3.11/site-packages/aiogram/dispatcher/event/telegram.py", line 121, in trigger
    return await wrapped_inner(event, kwargs)
           ^^^^^^^^^^^^^^^^^^^^^^^^^^^^^^^^^^
  File "/home/admin/.local/lib/python3.11/site-packages/aiogram/dispatcher/event/handler.py", line 43, in call
    return await wrapped()
           ^^^^^^^^^^^^^^^
  File "/home/admin/DLMaster/plugins/dir_plugin.py", line 138, in handle_directory
    await callback.message.edit_text(response, parse_mode="HTML", reply_markup=keyboard)
  File "/home/admin/.local/lib/python3.11/site-packages/aiogram/methods/base.py", line 84, in emit
    return await bot(self)
           ^^^^^^^^^^^^^^^
  File "/home/admin/.local/lib/python3.11/site-packages/aiogram/client/bot.py", line 453, in __call__
    return await self.session(self, method, timeout=request_timeout)
           ^^^^^^^^^^^^^^^^^^^^^^^^^^^^^^^^^^^^^^^^^^^^^^^^^^^^^^^^^
  File "/home/admin/.local/lib/python3.11/site-packages/aiogram/client/session/base.py", line 254, in __call__
    return cast(TelegramType, await middleware(bot, method))
                              ^^^^^^^^^^^^^^^^^^^^^^^^^^^^^
  File "/home/admin/.local/lib/python3.11/site-packages/aiogram/client/session/aiohttp.py", line 185, in make_request
    response = self.check_response(
               ^^^^^^^^^^^^^^^^^^^^
  File "/home/admin/.local/lib/python3.11/site-packages/aiogram/client/session/base.py", line 120, in check_response
    raise TelegramBadRequest(method=method, message=description)
aiogram.exceptions.TelegramBadRequest: Telegram server says - Bad Request: message is not modified: specified new message content and reply markup are exactly the same as a current content and reply markup of the message
2025.03.30 15:35:37 aiogram.event        INFO     Update id=511589583 is not handled. Duration 50 ms by bot id=8095621527
2025.03.30 15:35:37 aiogram.event        ERROR    Cause exception while process update id=511589583 by bot id=8095621527
TelegramBadRequest: Telegram server says - Bad Request: message is not modified: specified new message content and reply markup are exactly the same as a current content and reply markup of the message
Traceback (most recent call last):
  File "/home/admin/.local/lib/python3.11/site-packages/aiogram/dispatcher/dispatcher.py", line 309, in _process_update
    response = await self.feed_update(bot, update, **kwargs)
               ^^^^^^^^^^^^^^^^^^^^^^^^^^^^^^^^^^^^^^^^^^^^^
  File "/home/admin/.local/lib/python3.11/site-packages/aiogram/dispatcher/dispatcher.py", line 158, in feed_update
    response = await self.update.wrap_outer_middleware(
               ^^^^^^^^^^^^^^^^^^^^^^^^^^^^^^^^^^^^^^^^
  File "/home/admin/.local/lib/python3.11/site-packages/aiogram/dispatcher/middlewares/error.py", line 25, in __call__
    return await handler(event, data)
           ^^^^^^^^^^^^^^^^^^^^^^^^^^
  File "/home/admin/.local/lib/python3.11/site-packages/aiogram/dispatcher/middlewares/user_context.py", line 56, in __call__
    return await handler(event, data)
           ^^^^^^^^^^^^^^^^^^^^^^^^^^
  File "/home/admin/.local/lib/python3.11/site-packages/aiogram/fsm/middleware.py", line 42, in __call__
    return await handler(event, data)
           ^^^^^^^^^^^^^^^^^^^^^^^^^^
  File "/home/admin/.local/lib/python3.11/site-packages/aiogram/dispatcher/event/telegram.py", line 121, in trigger
    return await wrapped_inner(event, kwargs)
           ^^^^^^^^^^^^^^^^^^^^^^^^^^^^^^^^^^
  File "/home/admin/.local/lib/python3.11/site-packages/aiogram/dispatcher/event/handler.py", line 43, in call
    return await wrapped()
           ^^^^^^^^^^^^^^^
  File "/home/admin/.local/lib/python3.11/site-packages/aiogram/dispatcher/dispatcher.py", line 276, in _listen_update
    return await self.propagate_event(update_type=update_type, event=event, **kwargs)
           ^^^^^^^^^^^^^^^^^^^^^^^^^^^^^^^^^^^^^^^^^^^^^^^^^^^^^^^^^^^^^^^^^^^^^^^^^^
  File "/home/admin/.local/lib/python3.11/site-packages/aiogram/dispatcher/router.py", line 146, in propagate_event
    return await observer.wrap_outer_middleware(_wrapped, event=event, data=kwargs)
           ^^^^^^^^^^^^^^^^^^^^^^^^^^^^^^^^^^^^^^^^^^^^^^^^^^^^^^^^^^^^^^^^^^^^^^^^
  File "/home/admin/.local/lib/python3.11/site-packages/aiogram/dispatcher/router.py", line 141, in _wrapped
    return await self._propagate_event(
           ^^^^^^^^^^^^^^^^^^^^^^^^^^^^
  File "/home/admin/.local/lib/python3.11/site-packages/aiogram/dispatcher/router.py", line 166, in _propagate_event
    response = await observer.trigger(event, **kwargs)
               ^^^^^^^^^^^^^^^^^^^^^^^^^^^^^^^^^^^^^^^
  File "/home/admin/.local/lib/python3.11/site-packages/aiogram/dispatcher/event/telegram.py", line 121, in trigger
    return await wrapped_inner(event, kwargs)
           ^^^^^^^^^^^^^^^^^^^^^^^^^^^^^^^^^^
  File "/home/admin/.local/lib/python3.11/site-packages/aiogram/dispatcher/event/handler.py", line 43, in call
    return await wrapped()
           ^^^^^^^^^^^^^^^
  File "/home/admin/DLMaster/plugins/dir_plugin.py", line 138, in handle_directory
    await callback.message.edit_text(response, parse_mode="HTML", reply_markup=keyboard)
  File "/home/admin/.local/lib/python3.11/site-packages/aiogram/methods/base.py", line 84, in emit
    return await bot(self)
           ^^^^^^^^^^^^^^^
  File "/home/admin/.local/lib/python3.11/site-packages/aiogram/client/bot.py", line 453, in __call__
    return await self.session(self, method, timeout=request_timeout)
           ^^^^^^^^^^^^^^^^^^^^^^^^^^^^^^^^^^^^^^^^^^^^^^^^^^^^^^^^^
  File "/home/admin/.local/lib/python3.11/site-packages/aiogram/client/session/base.py", line 254, in __call__
    return cast(TelegramType, await middleware(bot, method))
                              ^^^^^^^^^^^^^^^^^^^^^^^^^^^^^
  File "/home/admin/.local/lib/python3.11/site-packages/aiogram/client/session/aiohttp.py", line 185, in make_request
    response = self.check_response(
               ^^^^^^^^^^^^^^^^^^^^
  File "/home/admin/.local/lib/python3.11/site-packages/aiogram/client/session/base.py", line 120, in check_response
    raise TelegramBadRequest(method=method, message=description)
aiogram.exceptions.TelegramBadRequest: Telegram server says - Bad Request: message is not modified: specified new message content and reply markup are exactly the same as a current content and reply markup of the message
2025.03.30 15:35:43 aiogram.event        INFO     Update id=511589584 is handled. Duration 3 ms by bot id=8095621527
2025.03.30 15:35:46 aiogram.event        INFO     Update id=511589585 is handled. Duration 1 ms by bot id=8095621527
2025.03.30 15:37:06 aiogram.dispatcher   WARNING  Received SIGINT signal
2025.03.30 15:37:06 aiogram.dispatcher   INFO     Polling stopped for bot @dllmasterbot id=8095621527 - 'DLLMaster for Music'
2025.03.30 15:37:06 aiogram.dispatcher   INFO     Polling stopped
2025.03.30 15:37:07 __main__             INFO     🛑 Polling stopped
2025.03.30 15:37:07 __main__             INFO     🔴 Bot stopped
2025.03.30 15:37:12 __main__             INFO     🤖 Starting bot...
2025.03.30 15:37:12 __main__             INFO     🚀 Starting bot initialization...
2025.03.30 15:37:12 __main__             INFO     ✅ Database initialized successfully
2025.03.30 15:37:13 core.spotify_handler INFO     Spotify API ilə əlaqə quruldu.
2025.03.30 15:37:13 __main__             INFO     ✅ Spotify service initialized
2025.03.30 15:37:13 core.webprofile      INFO     Seçilmiş User-Agent: Mozilla/5.0 (Macintosh; Intel Mac OS X 10_15_7) AppleWebKit/537.36 (KHTML, like Gecko) Chrome/122.0.0.0 Safari/537.36
2025.03.30 15:37:13 core.youtube_handler INFO     firefox brauzerindən cookies istifadə edilir.
2025.03.30 15:37:13 __main__             INFO     ✅ YouTube services initialized (firefox)
2025.03.30 15:37:13 __main__             INFO     🔌 Loading plugins...
2025.03.30 15:37:13 __main__             INFO     🔍 Scanning plugins in: plugins
2025.03.30 15:37:13 __main__             INFO     🔄 Loading: plugins.spotify_plugin
2025.03.30 15:37:13 __main__             INFO     ✅ Loaded (sync): plugins.spotify_plugin
2025.03.30 15:37:13 __main__             INFO     🔄 Loading: plugins.menu_plugin
2025.03.30 15:37:13 __main__             INFO     ✅ Loaded (sync): plugins.menu_plugin
2025.03.30 15:37:13 __main__             INFO     🔄 Loading: plugins.sudo_plugin
2025.03.30 15:37:13 __main__             INFO     ✅ Loaded (sync): plugins.sudo_plugin
2025.03.30 15:37:13 __main__             INFO     🔄 Loading: plugins.youtube_plugin
2025.03.30 15:37:13 __main__             INFO     ✅ Loaded (sync): plugins.youtube_plugin
2025.03.30 15:37:13 __main__             INFO     🔄 Loading: plugins.neofetch_plugin
2025.03.30 15:37:13 __main__             INFO     ✅ Loaded (sync): plugins.neofetch_plugin
2025.03.30 15:37:13 __main__             INFO     🔄 Loading: plugins.report_plugin
2025.03.30 15:37:13 __main__             INFO     ✅ Loaded (async): plugins.report_plugin
2025.03.30 15:37:13 __main__             INFO     🔄 Loading: plugins.del_plugin
2025.03.30 15:37:13 __main__             INFO     ✅ Loaded (sync): plugins.del_plugin
2025.03.30 15:37:13 __main__             INFO     🔄 Loading: plugins.music_plugin
2025.03.30 15:37:13 __main__             INFO     ✅ Loaded (sync): plugins.music_plugin
2025.03.30 15:37:13 __main__             INFO     🔄 Loading: plugins.start_plugin
2025.03.30 15:37:13 __main__             INFO     ✅ Loaded (async): plugins.start_plugin
2025.03.30 15:37:13 __main__             INFO     🔄 Loading: plugins.stats_plugin
2025.03.30 15:37:13 __main__             INFO     ✅ Loaded (sync): plugins.stats_plugin
2025.03.30 15:37:13 __main__             INFO     🔄 Loading: plugins.dir_plugin
2025.03.30 15:37:13 __main__             INFO     ✅ Loaded (sync): plugins.dir_plugin
2025.03.30 15:37:13 __main__             INFO     🔄 Loading: plugins.broadcast_plugin
2025.03.30 15:37:13 __main__             INFO     ✅ Loaded (sync): plugins.broadcast_plugin
2025.03.30 15:37:13 __main__             INFO     🔄 Loading: plugins.speedtest_plugin
2025.03.30 15:37:13 __main__             INFO     ✅ Loaded (sync): plugins.speedtest_plugin
2025.03.30 15:37:13 __main__             INFO     🔄 Loading: plugins.bot_logs
2025.03.30 15:37:13 __main__             INFO     ✅ Loaded (async): plugins.bot_logs
2025.03.30 15:37:13 __main__             INFO     🚀 Starting polling...
2025.03.30 15:37:13 aiogram.dispatcher   INFO     Start polling
2025.03.30 15:37:13 aiogram.dispatcher   INFO     Run polling for bot @dllmasterbot id=8095621527 - 'DLLMaster for Music'
2025.03.30 15:37:18 aiogram.event        INFO     Update id=511589586 is handled. Duration 233 ms by bot id=8095621527
2025.03.30 15:37:20 aiogram.event        INFO     Update id=511589587 is handled. Duration 112 ms by bot id=8095621527
2025.03.30 15:37:22 aiogram.event        INFO     Update id=511589588 is handled. Duration 118 ms by bot id=8095621527
2025.03.30 15:37:26 aiogram.event        INFO     Update id=511589589 is handled. Duration 137 ms by bot id=8095621527
2025.03.30 15:37:31 aiogram.event        INFO     Update id=511589590 is handled. Duration 134 ms by bot id=8095621527
2025.03.30 15:37:39 aiogram.event        INFO     Update id=511589591 is handled. Duration 281 ms by bot id=8095621527
2025.03.30 15:37:49 aiogram.event        INFO     Update id=511589592 is handled. Duration 1223 ms by bot id=8095621527
2025.03.30 15:37:57 aiogram.event        INFO     Update id=511589593 is handled. Duration 96 ms by bot id=8095621527
2025.03.30 15:38:03 aiogram.event        INFO     Update id=511589594 is handled. Duration 4214 ms by bot id=8095621527
2025.03.30 15:38:06 aiogram.event        INFO     Update id=511589595 is handled. Duration 165 ms by bot id=8095621527
2025.03.30 15:39:10 aiogram.event        INFO     Update id=511589596 is handled. Duration 1 ms by bot id=8095621527
2025.03.30 15:39:16 aiogram.event        INFO     Update id=511589597 is handled. Duration 6 ms by bot id=8095621527
2025.03.30 15:39:25 aiogram.event        INFO     Update id=511589598 is handled. Duration 1 ms by bot id=8095621527
2025.03.30 15:41:40 aiogram.dispatcher   WARNING  Received SIGINT signal
2025.03.30 15:41:40 aiogram.dispatcher   INFO     Polling stopped for bot @dllmasterbot id=8095621527 - 'DLLMaster for Music'
2025.03.30 15:41:40 aiogram.dispatcher   INFO     Polling stopped
2025.03.30 15:41:40 __main__             INFO     🛑 Polling stopped
2025.03.30 15:41:40 __main__             INFO     🔴 Bot stopped
2025.03.30 15:41:45 __main__             INFO     🤖 Starting bot...
2025.03.30 15:41:45 __main__             INFO     🚀 Starting bot initialization...
2025.03.30 15:41:46 __main__             INFO     ✅ Database initialized successfully
2025.03.30 15:41:46 core.spotify_handler INFO     Spotify API ilə əlaqə quruldu.
2025.03.30 15:41:46 __main__             INFO     ✅ Spotify service initialized
2025.03.30 15:41:46 core.webprofile      INFO     Seçilmiş User-Agent: Mozilla/5.0 (Macintosh; Intel Mac OS X 10_15_7) AppleWebKit/537.36 (KHTML, like Gecko) Chrome/122.0.0.0 Safari/537.36
2025.03.30 15:41:46 core.youtube_handler INFO     firefox brauzerindən cookies istifadə edilir.
2025.03.30 15:41:46 __main__             INFO     ✅ YouTube services initialized (firefox)
2025.03.30 15:41:46 __main__             INFO     🔌 Loading plugins...
2025.03.30 15:41:46 __main__             INFO     🔍 Scanning plugins in: plugins
2025.03.30 15:41:46 __main__             INFO     🔄 Loading: plugins.spotify_plugin
2025.03.30 15:41:46 __main__             INFO     ✅ Loaded (sync): plugins.spotify_plugin
2025.03.30 15:41:46 __main__             INFO     🔄 Loading: plugins.menu_plugin
2025.03.30 15:41:46 __main__             INFO     ✅ Loaded (sync): plugins.menu_plugin
2025.03.30 15:41:46 __main__             INFO     🔄 Loading: plugins.sudo_plugin
2025.03.30 15:41:46 __main__             INFO     ✅ Loaded (sync): plugins.sudo_plugin
2025.03.30 15:41:46 __main__             INFO     🔄 Loading: plugins.youtube_plugin
2025.03.30 15:41:46 __main__             INFO     ✅ Loaded (sync): plugins.youtube_plugin
2025.03.30 15:41:46 __main__             INFO     🔄 Loading: plugins.neofetch_plugin
2025.03.30 15:41:46 __main__             INFO     ✅ Loaded (sync): plugins.neofetch_plugin
2025.03.30 15:41:46 __main__             INFO     🔄 Loading: plugins.report_plugin
2025.03.30 15:41:46 __main__             INFO     ✅ Loaded (async): plugins.report_plugin
2025.03.30 15:41:46 __main__             INFO     🔄 Loading: plugins.del_plugin
2025.03.30 15:41:46 __main__             INFO     ✅ Loaded (sync): plugins.del_plugin
2025.03.30 15:41:46 __main__             INFO     🔄 Loading: plugins.music_plugin
2025.03.30 15:41:46 __main__             INFO     ✅ Loaded (sync): plugins.music_plugin
2025.03.30 15:41:46 __main__             INFO     🔄 Loading: plugins.start_plugin
2025.03.30 15:41:46 __main__             INFO     ✅ Loaded (async): plugins.start_plugin
2025.03.30 15:41:46 __main__             INFO     🔄 Loading: plugins.stats_plugin
2025.03.30 15:41:46 __main__             INFO     ✅ Loaded (sync): plugins.stats_plugin
2025.03.30 15:41:46 __main__             INFO     🔄 Loading: plugins.dir_plugin
2025.03.30 15:41:46 __main__             INFO     ✅ Loaded (sync): plugins.dir_plugin
2025.03.30 15:41:46 __main__             INFO     🔄 Loading: plugins.broadcast_plugin
2025.03.30 15:41:46 __main__             INFO     ✅ Loaded (sync): plugins.broadcast_plugin
2025.03.30 15:41:46 __main__             INFO     🔄 Loading: plugins.speedtest_plugin
2025.03.30 15:41:46 __main__             INFO     ✅ Loaded (sync): plugins.speedtest_plugin
2025.03.30 15:41:46 __main__             INFO     🔄 Loading: plugins.bot_logs
2025.03.30 15:41:46 __main__             INFO     ✅ Loaded (async): plugins.bot_logs
2025.03.30 15:41:46 __main__             INFO     🚀 Starting polling...
2025.03.30 15:41:46 aiogram.dispatcher   INFO     Start polling
2025.03.30 15:41:46 aiogram.dispatcher   INFO     Run polling for bot @dllmasterbot id=8095621527 - 'DLLMaster for Music'
2025.03.30 15:41:57 aiogram.event        INFO     Update id=511589599 is handled. Duration 1 ms by bot id=8095621527
2025.03.30 15:42:03 aiogram.event        INFO     Update id=511589600 is handled. Duration 105 ms by bot id=8095621527
2025.03.30 15:42:04 aiogram.event        INFO     Update id=511589601 is not handled. Duration 2 ms by bot id=8095621527
2025.03.30 15:42:04 aiogram.event        ERROR    Cause exception while process update id=511589601 by bot id=8095621527
NameError: name 'check_user_permission' is not defined
Traceback (most recent call last):
  File "/home/admin/.local/lib/python3.11/site-packages/aiogram/dispatcher/dispatcher.py", line 309, in _process_update
    response = await self.feed_update(bot, update, **kwargs)
               ^^^^^^^^^^^^^^^^^^^^^^^^^^^^^^^^^^^^^^^^^^^^^
  File "/home/admin/.local/lib/python3.11/site-packages/aiogram/dispatcher/dispatcher.py", line 158, in feed_update
    response = await self.update.wrap_outer_middleware(
               ^^^^^^^^^^^^^^^^^^^^^^^^^^^^^^^^^^^^^^^^
  File "/home/admin/.local/lib/python3.11/site-packages/aiogram/dispatcher/middlewares/error.py", line 25, in __call__
    return await handler(event, data)
           ^^^^^^^^^^^^^^^^^^^^^^^^^^
  File "/home/admin/.local/lib/python3.11/site-packages/aiogram/dispatcher/middlewares/user_context.py", line 56, in __call__
    return await handler(event, data)
           ^^^^^^^^^^^^^^^^^^^^^^^^^^
  File "/home/admin/.local/lib/python3.11/site-packages/aiogram/fsm/middleware.py", line 42, in __call__
    return await handler(event, data)
           ^^^^^^^^^^^^^^^^^^^^^^^^^^
  File "/home/admin/.local/lib/python3.11/site-packages/aiogram/dispatcher/event/telegram.py", line 121, in trigger
    return await wrapped_inner(event, kwargs)
           ^^^^^^^^^^^^^^^^^^^^^^^^^^^^^^^^^^
  File "/home/admin/.local/lib/python3.11/site-packages/aiogram/dispatcher/event/handler.py", line 43, in call
    return await wrapped()
           ^^^^^^^^^^^^^^^
  File "/home/admin/.local/lib/python3.11/site-packages/aiogram/dispatcher/dispatcher.py", line 276, in _listen_update
    return await self.propagate_event(update_type=update_type, event=event, **kwargs)
           ^^^^^^^^^^^^^^^^^^^^^^^^^^^^^^^^^^^^^^^^^^^^^^^^^^^^^^^^^^^^^^^^^^^^^^^^^^
  File "/home/admin/.local/lib/python3.11/site-packages/aiogram/dispatcher/router.py", line 146, in propagate_event
    return await observer.wrap_outer_middleware(_wrapped, event=event, data=kwargs)
           ^^^^^^^^^^^^^^^^^^^^^^^^^^^^^^^^^^^^^^^^^^^^^^^^^^^^^^^^^^^^^^^^^^^^^^^^
  File "/home/admin/.local/lib/python3.11/site-packages/aiogram/dispatcher/router.py", line 141, in _wrapped
    return await self._propagate_event(
           ^^^^^^^^^^^^^^^^^^^^^^^^^^^^
  File "/home/admin/.local/lib/python3.11/site-packages/aiogram/dispatcher/router.py", line 166, in _propagate_event
    response = await observer.trigger(event, **kwargs)
               ^^^^^^^^^^^^^^^^^^^^^^^^^^^^^^^^^^^^^^^
  File "/home/admin/.local/lib/python3.11/site-packages/aiogram/dispatcher/event/telegram.py", line 121, in trigger
    return await wrapped_inner(event, kwargs)
           ^^^^^^^^^^^^^^^^^^^^^^^^^^^^^^^^^^
  File "/home/admin/.local/lib/python3.11/site-packages/aiogram/dispatcher/event/handler.py", line 43, in call
    return await wrapped()
           ^^^^^^^^^^^^^^^
  File "/home/admin/DLMaster/plugins/stats_plugin.py", line 25, in show_stats_callback
    if not await check_user_permission(user_id):
                 ^^^^^^^^^^^^^^^^^^^^^
NameError: name 'check_user_permission' is not defined
2025.03.30 15:42:22 aiogram.event        INFO     Update id=511589602 is handled. Duration 98 ms by bot id=8095621527
2025.03.30 15:42:24 aiogram.event        INFO     Update id=511589603 is handled. Duration 47 ms by bot id=8095621527
2025.03.30 15:42:26 aiogram.event        INFO     Update id=511589604 is handled. Duration 1140 ms by bot id=8095621527
2025.03.30 15:42:27 aiogram.event        INFO     Update id=511589605 is handled. Duration 44 ms by bot id=8095621527
2025.03.30 15:42:29 aiogram.event        INFO     Update id=511589606 is not handled. Duration 5 ms by bot id=8095621527
2025.03.30 15:42:29 aiogram.event        ERROR    Cause exception while process update id=511589606 by bot id=8095621527
NameError: name 'check_user_permission' is not defined
Traceback (most recent call last):
  File "/home/admin/.local/lib/python3.11/site-packages/aiogram/dispatcher/dispatcher.py", line 309, in _process_update
    response = await self.feed_update(bot, update, **kwargs)
               ^^^^^^^^^^^^^^^^^^^^^^^^^^^^^^^^^^^^^^^^^^^^^
  File "/home/admin/.local/lib/python3.11/site-packages/aiogram/dispatcher/dispatcher.py", line 158, in feed_update
    response = await self.update.wrap_outer_middleware(
               ^^^^^^^^^^^^^^^^^^^^^^^^^^^^^^^^^^^^^^^^
  File "/home/admin/.local/lib/python3.11/site-packages/aiogram/dispatcher/middlewares/error.py", line 25, in __call__
    return await handler(event, data)
           ^^^^^^^^^^^^^^^^^^^^^^^^^^
  File "/home/admin/.local/lib/python3.11/site-packages/aiogram/dispatcher/middlewares/user_context.py", line 56, in __call__
    return await handler(event, data)
           ^^^^^^^^^^^^^^^^^^^^^^^^^^
  File "/home/admin/.local/lib/python3.11/site-packages/aiogram/fsm/middleware.py", line 42, in __call__
    return await handler(event, data)
           ^^^^^^^^^^^^^^^^^^^^^^^^^^
  File "/home/admin/.local/lib/python3.11/site-packages/aiogram/dispatcher/event/telegram.py", line 121, in trigger
    return await wrapped_inner(event, kwargs)
           ^^^^^^^^^^^^^^^^^^^^^^^^^^^^^^^^^^
  File "/home/admin/.local/lib/python3.11/site-packages/aiogram/dispatcher/event/handler.py", line 43, in call
    return await wrapped()
           ^^^^^^^^^^^^^^^
  File "/home/admin/.local/lib/python3.11/site-packages/aiogram/dispatcher/dispatcher.py", line 276, in _listen_update
    return await self.propagate_event(update_type=update_type, event=event, **kwargs)
           ^^^^^^^^^^^^^^^^^^^^^^^^^^^^^^^^^^^^^^^^^^^^^^^^^^^^^^^^^^^^^^^^^^^^^^^^^^
  File "/home/admin/.local/lib/python3.11/site-packages/aiogram/dispatcher/router.py", line 146, in propagate_event
    return await observer.wrap_outer_middleware(_wrapped, event=event, data=kwargs)
           ^^^^^^^^^^^^^^^^^^^^^^^^^^^^^^^^^^^^^^^^^^^^^^^^^^^^^^^^^^^^^^^^^^^^^^^^
  File "/home/admin/.local/lib/python3.11/site-packages/aiogram/dispatcher/router.py", line 141, in _wrapped
    return await self._propagate_event(
           ^^^^^^^^^^^^^^^^^^^^^^^^^^^^
  File "/home/admin/.local/lib/python3.11/site-packages/aiogram/dispatcher/router.py", line 166, in _propagate_event
    response = await observer.trigger(event, **kwargs)
               ^^^^^^^^^^^^^^^^^^^^^^^^^^^^^^^^^^^^^^^
  File "/home/admin/.local/lib/python3.11/site-packages/aiogram/dispatcher/event/telegram.py", line 121, in trigger
    return await wrapped_inner(event, kwargs)
           ^^^^^^^^^^^^^^^^^^^^^^^^^^^^^^^^^^
  File "/home/admin/.local/lib/python3.11/site-packages/aiogram/dispatcher/event/handler.py", line 43, in call
    return await wrapped()
           ^^^^^^^^^^^^^^^
  File "/home/admin/DLMaster/plugins/stats_plugin.py", line 142, in show_song_history
    if not await check_user_permission(user_id):
                 ^^^^^^^^^^^^^^^^^^^^^
NameError: name 'check_user_permission' is not defined
2025.03.30 15:42:32 aiogram.event        INFO     Update id=511589607 is not handled. Duration 6 ms by bot id=8095621527
2025.03.30 15:42:32 aiogram.event        ERROR    Cause exception while process update id=511589607 by bot id=8095621527
NameError: name 'check_user_permission' is not defined
Traceback (most recent call last):
  File "/home/admin/.local/lib/python3.11/site-packages/aiogram/dispatcher/dispatcher.py", line 309, in _process_update
    response = await self.feed_update(bot, update, **kwargs)
               ^^^^^^^^^^^^^^^^^^^^^^^^^^^^^^^^^^^^^^^^^^^^^
  File "/home/admin/.local/lib/python3.11/site-packages/aiogram/dispatcher/dispatcher.py", line 158, in feed_update
    response = await self.update.wrap_outer_middleware(
               ^^^^^^^^^^^^^^^^^^^^^^^^^^^^^^^^^^^^^^^^
  File "/home/admin/.local/lib/python3.11/site-packages/aiogram/dispatcher/middlewares/error.py", line 25, in __call__
    return await handler(event, data)
           ^^^^^^^^^^^^^^^^^^^^^^^^^^
  File "/home/admin/.local/lib/python3.11/site-packages/aiogram/dispatcher/middlewares/user_context.py", line 56, in __call__
    return await handler(event, data)
           ^^^^^^^^^^^^^^^^^^^^^^^^^^
  File "/home/admin/.local/lib/python3.11/site-packages/aiogram/fsm/middleware.py", line 42, in __call__
    return await handler(event, data)
           ^^^^^^^^^^^^^^^^^^^^^^^^^^
  File "/home/admin/.local/lib/python3.11/site-packages/aiogram/dispatcher/event/telegram.py", line 121, in trigger
    return await wrapped_inner(event, kwargs)
           ^^^^^^^^^^^^^^^^^^^^^^^^^^^^^^^^^^
  File "/home/admin/.local/lib/python3.11/site-packages/aiogram/dispatcher/event/handler.py", line 43, in call
    return await wrapped()
           ^^^^^^^^^^^^^^^
  File "/home/admin/.local/lib/python3.11/site-packages/aiogram/dispatcher/dispatcher.py", line 276, in _listen_update
    return await self.propagate_event(update_type=update_type, event=event, **kwargs)
           ^^^^^^^^^^^^^^^^^^^^^^^^^^^^^^^^^^^^^^^^^^^^^^^^^^^^^^^^^^^^^^^^^^^^^^^^^^
  File "/home/admin/.local/lib/python3.11/site-packages/aiogram/dispatcher/router.py", line 146, in propagate_event
    return await observer.wrap_outer_middleware(_wrapped, event=event, data=kwargs)
           ^^^^^^^^^^^^^^^^^^^^^^^^^^^^^^^^^^^^^^^^^^^^^^^^^^^^^^^^^^^^^^^^^^^^^^^^
  File "/home/admin/.local/lib/python3.11/site-packages/aiogram/dispatcher/router.py", line 141, in _wrapped
    return await self._propagate_event(
           ^^^^^^^^^^^^^^^^^^^^^^^^^^^^
  File "/home/admin/.local/lib/python3.11/site-packages/aiogram/dispatcher/router.py", line 166, in _propagate_event
    response = await observer.trigger(event, **kwargs)
               ^^^^^^^^^^^^^^^^^^^^^^^^^^^^^^^^^^^^^^^
  File "/home/admin/.local/lib/python3.11/site-packages/aiogram/dispatcher/event/telegram.py", line 121, in trigger
    return await wrapped_inner(event, kwargs)
           ^^^^^^^^^^^^^^^^^^^^^^^^^^^^^^^^^^
  File "/home/admin/.local/lib/python3.11/site-packages/aiogram/dispatcher/event/handler.py", line 43, in call
    return await wrapped()
           ^^^^^^^^^^^^^^^
  File "/home/admin/DLMaster/plugins/stats_plugin.py", line 142, in show_song_history
    if not await check_user_permission(user_id):
                 ^^^^^^^^^^^^^^^^^^^^^
NameError: name 'check_user_permission' is not defined
2025.03.30 15:42:33 aiogram.event        INFO     Update id=511589608 is not handled. Duration 8 ms by bot id=8095621527
2025.03.30 15:42:33 aiogram.event        ERROR    Cause exception while process update id=511589608 by bot id=8095621527
NameError: name 'check_user_permission' is not defined
Traceback (most recent call last):
  File "/home/admin/.local/lib/python3.11/site-packages/aiogram/dispatcher/dispatcher.py", line 309, in _process_update
    response = await self.feed_update(bot, update, **kwargs)
               ^^^^^^^^^^^^^^^^^^^^^^^^^^^^^^^^^^^^^^^^^^^^^
  File "/home/admin/.local/lib/python3.11/site-packages/aiogram/dispatcher/dispatcher.py", line 158, in feed_update
    response = await self.update.wrap_outer_middleware(
               ^^^^^^^^^^^^^^^^^^^^^^^^^^^^^^^^^^^^^^^^
  File "/home/admin/.local/lib/python3.11/site-packages/aiogram/dispatcher/middlewares/error.py", line 25, in __call__
    return await handler(event, data)
           ^^^^^^^^^^^^^^^^^^^^^^^^^^
  File "/home/admin/.local/lib/python3.11/site-packages/aiogram/dispatcher/middlewares/user_context.py", line 56, in __call__
    return await handler(event, data)
           ^^^^^^^^^^^^^^^^^^^^^^^^^^
  File "/home/admin/.local/lib/python3.11/site-packages/aiogram/fsm/middleware.py", line 42, in __call__
    return await handler(event, data)
           ^^^^^^^^^^^^^^^^^^^^^^^^^^
  File "/home/admin/.local/lib/python3.11/site-packages/aiogram/dispatcher/event/telegram.py", line 121, in trigger
    return await wrapped_inner(event, kwargs)
           ^^^^^^^^^^^^^^^^^^^^^^^^^^^^^^^^^^
  File "/home/admin/.local/lib/python3.11/site-packages/aiogram/dispatcher/event/handler.py", line 43, in call
    return await wrapped()
           ^^^^^^^^^^^^^^^
  File "/home/admin/.local/lib/python3.11/site-packages/aiogram/dispatcher/dispatcher.py", line 276, in _listen_update
    return await self.propagate_event(update_type=update_type, event=event, **kwargs)
           ^^^^^^^^^^^^^^^^^^^^^^^^^^^^^^^^^^^^^^^^^^^^^^^^^^^^^^^^^^^^^^^^^^^^^^^^^^
  File "/home/admin/.local/lib/python3.11/site-packages/aiogram/dispatcher/router.py", line 146, in propagate_event
    return await observer.wrap_outer_middleware(_wrapped, event=event, data=kwargs)
           ^^^^^^^^^^^^^^^^^^^^^^^^^^^^^^^^^^^^^^^^^^^^^^^^^^^^^^^^^^^^^^^^^^^^^^^^
  File "/home/admin/.local/lib/python3.11/site-packages/aiogram/dispatcher/router.py", line 141, in _wrapped
    return await self._propagate_event(
           ^^^^^^^^^^^^^^^^^^^^^^^^^^^^
  File "/home/admin/.local/lib/python3.11/site-packages/aiogram/dispatcher/router.py", line 166, in _propagate_event
    response = await observer.trigger(event, **kwargs)
               ^^^^^^^^^^^^^^^^^^^^^^^^^^^^^^^^^^^^^^^
  File "/home/admin/.local/lib/python3.11/site-packages/aiogram/dispatcher/event/telegram.py", line 121, in trigger
    return await wrapped_inner(event, kwargs)
           ^^^^^^^^^^^^^^^^^^^^^^^^^^^^^^^^^^
  File "/home/admin/.local/lib/python3.11/site-packages/aiogram/dispatcher/event/handler.py", line 43, in call
    return await wrapped()
           ^^^^^^^^^^^^^^^
  File "/home/admin/DLMaster/plugins/stats_plugin.py", line 142, in show_song_history
    if not await check_user_permission(user_id):
                 ^^^^^^^^^^^^^^^^^^^^^
NameError: name 'check_user_permission' is not defined
2025.03.30 15:44:12 aiogram.event        INFO     Update id=511589609 is handled. Duration 1 ms by bot id=8095621527
2025.03.30 15:46:20 aiogram.event        INFO     Update id=511589610 is handled. Duration 3 ms by bot id=8095621527
2025.03.30 15:46:24 aiogram.event        INFO     Update id=511589611 is handled. Duration 1 ms by bot id=8095621527
2025.03.30 15:48:32 aiogram.event        INFO     Update id=511589612 is handled. Duration 1 ms by bot id=8095621527
2025.03.30 15:48:55 aiogram.event        INFO     Update id=511589613 is handled. Duration 2 ms by bot id=8095621527
2025.03.30 15:49:42 aiogram.dispatcher   WARNING  Received SIGINT signal
2025.03.30 15:49:42 aiogram.dispatcher   INFO     Polling stopped for bot @dllmasterbot id=8095621527 - 'DLLMaster for Music'
2025.03.30 15:49:42 aiogram.dispatcher   INFO     Polling stopped
2025.03.30 15:49:42 __main__             INFO     🛑 Polling stopped
2025.03.30 15:49:42 __main__             INFO     🔴 Bot stopped
2025.03.30 15:49:48 __main__             INFO     🤖 Starting bot...
2025.03.30 15:49:48 __main__             INFO     🚀 Starting bot initialization...
2025.03.30 15:49:48 __main__             INFO     ✅ Database initialized successfully
2025.03.30 15:49:48 core.spotify_handler INFO     Spotify API ilə əlaqə quruldu.
2025.03.30 15:49:48 __main__             INFO     ✅ Spotify service initialized
2025.03.30 15:49:48 core.webprofile      INFO     Seçilmiş User-Agent: Mozilla/5.0 (Windows NT 10.0; Win64; x64) AppleWebKit/537.36 (KHTML, like Gecko) Chrome/122.0.0.0 Safari/537.36
2025.03.30 15:49:48 core.youtube_handler INFO     firefox brauzerindən cookies istifadə edilir.
2025.03.30 15:49:48 __main__             INFO     ✅ YouTube services initialized (firefox)
2025.03.30 15:49:48 __main__             INFO     🔌 Loading plugins...
2025.03.30 15:49:48 __main__             INFO     🔍 Scanning plugins in: plugins
2025.03.30 15:49:48 __main__             INFO     🔄 Loading: plugins.spotify_plugin
2025.03.30 15:49:48 __main__             INFO     ✅ Loaded (sync): plugins.spotify_plugin
2025.03.30 15:49:48 __main__             INFO     🔄 Loading: plugins.menu_plugin
2025.03.30 15:49:48 __main__             INFO     ✅ Loaded (sync): plugins.menu_plugin
2025.03.30 15:49:48 __main__             INFO     🔄 Loading: plugins.sudo_plugin
2025.03.30 15:49:48 __main__             INFO     ✅ Loaded (sync): plugins.sudo_plugin
2025.03.30 15:49:48 __main__             INFO     🔄 Loading: plugins.youtube_plugin
2025.03.30 15:49:48 __main__             INFO     ✅ Loaded (sync): plugins.youtube_plugin
2025.03.30 15:49:48 __main__             INFO     🔄 Loading: plugins.neofetch_plugin
2025.03.30 15:49:48 __main__             INFO     ✅ Loaded (sync): plugins.neofetch_plugin
2025.03.30 15:49:48 __main__             INFO     🔄 Loading: plugins.report_plugin
2025.03.30 15:49:48 __main__             INFO     ✅ Loaded (async): plugins.report_plugin
2025.03.30 15:49:48 __main__             INFO     🔄 Loading: plugins.del_plugin
2025.03.30 15:49:48 __main__             INFO     ✅ Loaded (sync): plugins.del_plugin
2025.03.30 15:49:48 __main__             INFO     🔄 Loading: plugins.music_plugin
2025.03.30 15:49:48 __main__             INFO     ✅ Loaded (sync): plugins.music_plugin
2025.03.30 15:49:48 __main__             INFO     🔄 Loading: plugins.start_plugin
2025.03.30 15:49:48 __main__             INFO     ✅ Loaded (async): plugins.start_plugin
2025.03.30 15:49:48 __main__             INFO     🔄 Loading: plugins.stats_plugin
2025.03.30 15:49:48 __main__             INFO     ✅ Loaded (sync): plugins.stats_plugin
2025.03.30 15:49:48 __main__             INFO     🔄 Loading: plugins.dir_plugin
2025.03.30 15:49:48 __main__             INFO     ✅ Loaded (sync): plugins.dir_plugin
2025.03.30 15:49:48 __main__             INFO     🔄 Loading: plugins.broadcast_plugin
2025.03.30 15:49:48 __main__             INFO     ✅ Loaded (sync): plugins.broadcast_plugin
2025.03.30 15:49:48 __main__             INFO     🔄 Loading: plugins.speedtest_plugin
2025.03.30 15:49:48 __main__             INFO     ✅ Loaded (sync): plugins.speedtest_plugin
2025.03.30 15:49:48 __main__             INFO     🔄 Loading: plugins.bot_logs
2025.03.30 15:49:48 __main__             INFO     ✅ Loaded (async): plugins.bot_logs
2025.03.30 15:49:48 __main__             INFO     🚀 Starting polling...
2025.03.30 15:49:48 aiogram.dispatcher   INFO     Start polling
2025.03.30 15:49:48 aiogram.dispatcher   INFO     Run polling for bot @dllmasterbot id=8095621527 - 'DLLMaster for Music'
2025.03.30 15:49:52 aiogram.event        INFO     Update id=511589614 is handled. Duration 106 ms by bot id=8095621527
2025.03.30 15:49:55 aiogram.event        INFO     Update id=511589615 is handled. Duration 250 ms by bot id=8095621527
2025.03.30 15:50:01 aiogram.event        INFO     Update id=511589616 is handled. Duration 263 ms by bot id=8095621527
2025.03.30 15:50:20 aiogram.event        INFO     Update id=511589617 is handled. Duration 1 ms by bot id=8095621527
2025.03.30 15:50:29 aiogram.event        INFO     Update id=511589618 is handled. Duration 142 ms by bot id=8095621527
2025.03.30 15:50:36 aiogram.event        INFO     Update id=511589619 is handled. Duration 102 ms by bot id=8095621527
2025.03.30 15:50:39 aiogram.event        INFO     Update id=511589620 is handled. Duration 187 ms by bot id=8095621527
2025.03.30 15:50:40 aiogram.event        INFO     Update id=511589621 is handled. Duration 179 ms by bot id=8095621527
2025.03.30 15:50:44 aiogram.event        INFO     Update id=511589622 is handled. Duration 58 ms by bot id=8095621527
2025.03.30 15:52:01 aiogram.event        INFO     Update id=511589623 is not handled. Duration 1 ms by bot id=8095621527
2025.03.30 15:52:13 aiogram.event        INFO     Update id=511589624 is handled. Duration 1 ms by bot id=8095621527
2025.03.30 15:52:15 aiogram.event        INFO     Update id=511589625 is not handled. Duration 2 ms by bot id=8095621527
2025.03.30 15:52:30 aiogram.event        INFO     Update id=511589626 is not handled. Duration 1 ms by bot id=8095621527
2025.03.30 15:52:41 aiogram.event        INFO     Update id=511589627 is handled. Duration 1 ms by bot id=8095621527
2025.03.30 15:55:22 aiogram.event        INFO     Update id=511589628 is handled. Duration 0 ms by bot id=8095621527
2025.03.30 15:58:59 aiogram.event        INFO     Update id=511589629 is handled. Duration 2 ms by bot id=8095621527
2025.03.30 15:59:47 aiogram.event        INFO     Update id=511589630 is handled. Duration 0 ms by bot id=8095621527
2025.03.30 16:01:04 aiogram.event        INFO     Update id=511589631 is handled. Duration 1 ms by bot id=8095621527
2025.03.30 16:01:24 aiogram.event        INFO     Update id=511589632 is handled. Duration 5 ms by bot id=8095621527
2025.03.30 16:01:31 aiogram.event        INFO     Update id=511589633 is handled. Duration 2 ms by bot id=8095621527
2025.03.30 16:01:36 aiogram.event        INFO     Update id=511589634 is handled. Duration 0 ms by bot id=8095621527
2025.03.30 16:01:41 aiogram.event        INFO     Update id=511589635 is handled. Duration 1 ms by bot id=8095621527
2025.03.30 16:01:44 aiogram.event        INFO     Update id=511589636 is handled. Duration 1 ms by bot id=8095621527
2025.03.30 16:01:49 core.webprofile      INFO     firefox brauzerindən cookies istifadə edilir.
2025.03.30 16:01:49 core.webprofile      INFO     Seçilmiş User-Agent: Mozilla/5.0 (Linux; Android 14; Pixel 8 Pro) AppleWebKit/537.36 (KHTML, like Gecko) Chrome/122.0.0.0 Mobile Safari/537.36
2025.03.30 16:01:53 aiogram.event        INFO     Update id=511589637 is handled. Duration 4082 ms by bot id=8095621527
2025.03.30 16:01:53 aiogram.event        INFO     Update id=511589638 is handled. Duration 1 ms by bot id=8095621527
2025.03.30 16:01:56 core.webprofile      INFO     firefox brauzerindən cookies istifadə edilir.
2025.03.30 16:01:56 core.webprofile      INFO     Seçilmiş User-Agent: Mozilla/5.0 (Windows NT 10.0; Win64; x64) AppleWebKit/537.36 (KHTML, like Gecko) Chrome/122.0.0.0 Safari/537.36
2025.03.30 16:02:01 aiogram.event        INFO     Update id=511589639 is handled. Duration 5260 ms by bot id=8095621527
2025.03.30 16:03:22 aiogram.event        INFO     Update id=511589640 is handled. Duration 1 ms by bot id=8095621527
2025.03.30 16:06:47 aiogram.event        INFO     Update id=511589641 is not handled. Duration 1 ms by bot id=8095621527
2025.03.30 16:08:24 aiogram.event        INFO     Update id=511589642 is handled. Duration 1 ms by bot id=8095621527
2025.03.30 16:10:34 aiogram.event        INFO     Update id=511589643 is handled. Duration 1 ms by bot id=8095621527
2025.03.30 16:10:50 aiogram.event        INFO     Update id=511589644 is handled. Duration 1 ms by bot id=8095621527
2025.03.30 16:12:00 aiogram.event        INFO     Update id=511589645 is handled. Duration 7 ms by bot id=8095621527
2025.03.30 16:12:20 aiogram.event        INFO     Update id=511589646 is handled. Duration 1 ms by bot id=8095621527
2025.03.30 16:12:42 aiogram.event        INFO     Update id=511589647 is handled. Duration 1 ms by bot id=8095621527
2025.03.30 16:12:51 aiogram.event        INFO     Update id=511589648 is handled. Duration 0 ms by bot id=8095621527
2025.03.30 16:13:34 aiogram.event        INFO     Update id=511589649 is handled. Duration 1 ms by bot id=8095621527
2025.03.30 16:13:35 aiogram.event        INFO     Update id=511589650 is handled. Duration 1 ms by bot id=8095621527
2025.03.30 16:13:42 aiogram.event        INFO     Update id=511589651 is handled. Duration 0 ms by bot id=8095621527
2025.03.30 16:14:02 aiogram.event        INFO     Update id=511589652 is handled. Duration 2 ms by bot id=8095621527
2025.03.30 16:14:33 aiogram.event        INFO     Update id=511589653 is handled. Duration 1 ms by bot id=8095621527
2025.03.30 16:14:42 aiogram.event        INFO     Update id=511589654 is handled. Duration 2 ms by bot id=8095621527
2025.03.30 16:14:48 aiogram.event        INFO     Update id=511589655 is handled. Duration 1 ms by bot id=8095621527
2025.03.30 16:15:00 aiogram.event        INFO     Update id=511589656 is handled. Duration 6 ms by bot id=8095621527
2025.03.30 16:15:08 aiogram.event        INFO     Update id=511589657 is handled. Duration 1 ms by bot id=8095621527
2025.03.30 16:16:09 aiogram.event        INFO     Update id=511589658 is handled. Duration 1 ms by bot id=8095621527
2025.03.30 16:17:21 aiogram.event        INFO     Update id=511589659 is handled. Duration 1 ms by bot id=8095621527
2025.03.30 16:17:54 aiogram.event        INFO     Update id=511589660 is handled. Duration 1 ms by bot id=8095621527
2025.03.30 16:20:22 aiogram.event        INFO     Update id=511589661 is handled. Duration 1 ms by bot id=8095621527
2025.03.30 16:20:25 aiogram.event        INFO     Update id=511589662 is not handled. Duration 1 ms by bot id=8095621527
2025.03.30 16:21:03 aiogram.event        INFO     Update id=511589663 is handled. Duration 0 ms by bot id=8095621527
2025.03.30 16:21:39 aiogram.dispatcher   WARNING  Received SIGINT signal
2025.03.30 16:21:39 aiogram.dispatcher   INFO     Polling stopped for bot @dllmasterbot id=8095621527 - 'DLLMaster for Music'
2025.03.30 16:21:39 aiogram.dispatcher   INFO     Polling stopped
2025.03.30 16:21:40 __main__             INFO     🛑 Polling stopped
2025.03.30 16:21:40 __main__             INFO     🔴 Bot stopped
2025.03.30 16:22:31 __main__             INFO     🤖 Starting bot...
2025.03.30 16:22:31 __main__             INFO     🚀 Starting bot initialization...
2025.03.30 16:22:31 __main__             INFO     ✅ Database initialized successfully
2025.03.30 16:22:31 core.spotify_handler INFO     Spotify API ilə əlaqə quruldu.
2025.03.30 16:22:31 __main__             INFO     ✅ Spotify service initialized
2025.03.30 16:22:31 core.webprofile      INFO     Seçilmiş User-Agent: Mozilla/5.0 (X11; Linux x86_64) AppleWebKit/537.36 (KHTML, like Gecko) Chrome/122.0.0.0 Safari/537.36
2025.03.30 16:22:31 core.youtube_handler INFO     firefox brauzerindən cookies istifadə edilir.
2025.03.30 16:22:31 __main__             INFO     ✅ YouTube services initialized (firefox)
2025.03.30 16:22:31 __main__             INFO     🔌 Loading plugins...
2025.03.30 16:22:31 __main__             INFO     🔍 Scanning plugins in: plugins
2025.03.30 16:22:31 __main__             INFO     🔄 Loading: plugins.spotify_plugin
2025.03.30 16:22:31 __main__             INFO     ✅ Loaded (sync): plugins.spotify_plugin
2025.03.30 16:22:31 __main__             INFO     🔄 Loading: plugins.menu_plugin
2025.03.30 16:22:31 __main__             INFO     ✅ Loaded (sync): plugins.menu_plugin
2025.03.30 16:22:31 __main__             INFO     🔄 Loading: plugins.sudo_plugin
2025.03.30 16:22:31 __main__             INFO     ✅ Loaded (sync): plugins.sudo_plugin
2025.03.30 16:22:31 __main__             INFO     🔄 Loading: plugins.youtube_plugin
2025.03.30 16:22:31 __main__             INFO     ✅ Loaded (sync): plugins.youtube_plugin
2025.03.30 16:22:31 __main__             INFO     🔄 Loading: plugins.neofetch_plugin
2025.03.30 16:22:31 __main__             INFO     ✅ Loaded (sync): plugins.neofetch_plugin
2025.03.30 16:22:31 __main__             INFO     🔄 Loading: plugins.report_plugin
2025.03.30 16:22:31 __main__             INFO     ✅ Loaded (async): plugins.report_plugin
2025.03.30 16:22:31 __main__             INFO     🔄 Loading: plugins.del_plugin
2025.03.30 16:22:31 __main__             INFO     ✅ Loaded (sync): plugins.del_plugin
2025.03.30 16:22:31 __main__             INFO     🔄 Loading: plugins.music_plugin
2025.03.30 16:22:31 __main__             INFO     ✅ Loaded (sync): plugins.music_plugin
2025.03.30 16:22:31 __main__             INFO     🔄 Loading: plugins.start_plugin
2025.03.30 16:22:31 __main__             INFO     ✅ Loaded (async): plugins.start_plugin
2025.03.30 16:22:31 __main__             INFO     🔄 Loading: plugins.stats_plugin
2025.03.30 16:22:31 __main__             INFO     ✅ Loaded (sync): plugins.stats_plugin
2025.03.30 16:22:31 __main__             INFO     🔄 Loading: plugins.dir_plugin
2025.03.30 16:22:31 __main__             INFO     ✅ Loaded (sync): plugins.dir_plugin
2025.03.30 16:22:31 __main__             INFO     🔄 Loading: plugins.broadcast_plugin
2025.03.30 16:22:31 __main__             INFO     ✅ Loaded (sync): plugins.broadcast_plugin
2025.03.30 16:22:31 __main__             INFO     🔄 Loading: plugins.speedtest_plugin
2025.03.30 16:22:31 __main__             INFO     ✅ Loaded (sync): plugins.speedtest_plugin
2025.03.30 16:22:31 __main__             INFO     🔄 Loading: plugins.bot_logs
2025.03.30 16:22:31 __main__             INFO     ✅ Loaded (async): plugins.bot_logs
2025.03.30 16:22:31 __main__             INFO     🚀 Starting polling...
2025.03.30 16:22:31 aiogram.dispatcher   INFO     Start polling
2025.03.30 16:22:31 aiogram.dispatcher   INFO     Run polling for bot @dllmasterbot id=8095621527 - 'DLLMaster for Music'
2025.03.30 16:23:37 aiogram.event        INFO     Update id=511589664 is handled. Duration 1 ms by bot id=8095621527
2025.03.30 16:25:32 aiogram.event        INFO     Update id=511589665 is handled. Duration 1 ms by bot id=8095621527
2025.03.30 16:26:11 aiogram.event        INFO     Update id=511589666 is handled. Duration 1 ms by bot id=8095621527
2025.03.30 16:26:20 aiogram.event        INFO     Update id=511589667 is handled. Duration 2 ms by bot id=8095621527
2025.03.30 16:31:20 aiogram.event        INFO     Update id=511589668 is handled. Duration 1 ms by bot id=8095621527
2025.03.30 16:32:02 aiogram.event        INFO     Update id=511589669 is handled. Duration 2 ms by bot id=8095621527
2025.03.30 16:32:05 aiogram.event        INFO     Update id=511589670 is handled. Duration 1 ms by bot id=8095621527
2025.03.30 16:32:06 aiogram.event        INFO     Update id=511589671 is handled. Duration 1 ms by bot id=8095621527
2025.03.30 16:32:38 aiogram.event        INFO     Update id=511589672 is handled. Duration 4 ms by bot id=8095621527
2025.03.30 16:32:50 aiogram.event        INFO     Update id=511589673 is handled. Duration 1 ms by bot id=8095621527
2025.03.30 16:35:00 aiogram.event        INFO     Update id=511589674 is handled. Duration 1 ms by bot id=8095621527
2025.03.30 16:35:05 aiogram.event        INFO     Update id=511589675 is not handled. Duration 1 ms by bot id=8095621527
2025.03.30 16:35:09 aiogram.event        INFO     Update id=511589676 is handled. Duration 1 ms by bot id=8095621527
2025.03.30 16:35:14 aiogram.event        INFO     Update id=511589677 is not handled. Duration 13 ms by bot id=8095621527
2025.03.30 16:35:31 aiogram.event        INFO     Update id=511589678 is handled. Duration 1 ms by bot id=8095621527
2025.03.30 16:36:48 aiogram.event        INFO     Update id=511589679 is handled. Duration 1 ms by bot id=8095621527
2025.03.30 16:37:33 aiogram.event        INFO     Update id=511589680 is handled. Duration 1 ms by bot id=8095621527
2025.03.30 16:37:49 aiogram.event        INFO     Update id=511589681 is handled. Duration 1 ms by bot id=8095621527
2025.03.30 16:37:52 aiogram.event        INFO     Update id=511589682 is handled. Duration 1 ms by bot id=8095621527
2025.03.30 16:38:07 aiogram.event        INFO     Update id=511589683 is handled. Duration 1 ms by bot id=8095621527
2025.03.30 16:38:14 aiogram.event        INFO     Update id=511589684 is handled. Duration 1 ms by bot id=8095621527
2025.03.30 16:38:15 aiogram.event        INFO     Update id=511589685 is handled. Duration 1 ms by bot id=8095621527
2025.03.30 16:38:17 aiogram.event        INFO     Update id=511589686 is handled. Duration 1 ms by bot id=8095621527
2025.03.30 16:38:20 aiogram.event        INFO     Update id=511589687 is handled. Duration 1 ms by bot id=8095621527
2025.03.30 16:38:35 aiogram.event        INFO     Update id=511589688 is handled. Duration 1 ms by bot id=8095621527
2025.03.30 16:38:39 aiogram.event        INFO     Update id=511589689 is handled. Duration 1 ms by bot id=8095621527
2025.03.30 16:38:40 aiogram.event        INFO     Update id=511589690 is handled. Duration 1 ms by bot id=8095621527
2025.03.30 16:38:44 aiogram.event        INFO     Update id=511589691 is handled. Duration 1 ms by bot id=8095621527
2025.03.30 16:38:47 aiogram.event        INFO     Update id=511589692 is handled. Duration 1 ms by bot id=8095621527
2025.03.30 16:38:49 aiogram.event        INFO     Update id=511589693 is handled. Duration 2 ms by bot id=8095621527
2025.03.30 16:38:59 aiogram.event        INFO     Update id=511589694 is handled. Duration 1 ms by bot id=8095621527
2025.03.30 16:39:00 aiogram.event        INFO     Update id=511589695 is handled. Duration 1 ms by bot id=8095621527
2025.03.30 16:39:06 aiogram.event        INFO     Update id=511589696 is handled. Duration 1 ms by bot id=8095621527
2025.03.30 16:39:08 aiogram.event        INFO     Update id=511589697 is handled. Duration 4 ms by bot id=8095621527
2025.03.30 16:39:18 aiogram.event        INFO     Update id=511589698 is handled. Duration 1 ms by bot id=8095621527
2025.03.30 16:39:21 aiogram.event        INFO     Update id=511589699 is handled. Duration 1 ms by bot id=8095621527
2025.03.30 16:39:22 aiogram.event        INFO     Update id=511589700 is handled. Duration 1 ms by bot id=8095621527
2025.03.30 16:39:28 aiogram.event        INFO     Update id=511589701 is handled. Duration 1 ms by bot id=8095621527
2025.03.30 16:39:28 aiogram.event        INFO     Update id=511589702 is handled. Duration 1 ms by bot id=8095621527
2025.03.30 16:39:33 aiogram.event        INFO     Update id=511589703 is handled. Duration 1 ms by bot id=8095621527
2025.03.30 16:39:39 aiogram.event        INFO     Update id=511589704 is handled. Duration 1 ms by bot id=8095621527
2025.03.30 16:39:41 aiogram.event        INFO     Update id=511589705 is handled. Duration 1 ms by bot id=8095621527
2025.03.30 16:39:43 aiogram.event        INFO     Update id=511589706 is handled. Duration 1 ms by bot id=8095621527
2025.03.30 16:39:49 aiogram.event        INFO     Update id=511589707 is handled. Duration 2 ms by bot id=8095621527
2025.03.30 16:39:51 aiogram.event        INFO     Update id=511589708 is handled. Duration 3 ms by bot id=8095621527
2025.03.30 16:39:59 aiogram.event        INFO     Update id=511589709 is handled. Duration 1 ms by bot id=8095621527
2025.03.30 16:40:02 aiogram.event        INFO     Update id=511589710 is handled. Duration 1 ms by bot id=8095621527
2025.03.30 16:40:16 aiogram.event        INFO     Update id=511589711 is handled. Duration 1 ms by bot id=8095621527
2025.03.30 16:40:21 aiogram.event        INFO     Update id=511589712 is handled. Duration 2 ms by bot id=8095621527
2025.03.30 16:40:24 aiogram.event        INFO     Update id=511589713 is handled. Duration 2 ms by bot id=8095621527
2025.03.30 16:40:32 aiogram.event        INFO     Update id=511589714 is handled. Duration 1 ms by bot id=8095621527
2025.03.30 16:40:33 aiogram.event        INFO     Update id=511589715 is handled. Duration 1 ms by bot id=8095621527
2025.03.30 16:40:40 aiogram.event        INFO     Update id=511589716 is handled. Duration 5 ms by bot id=8095621527
2025.03.30 16:40:48 aiogram.event        INFO     Update id=511589717 is handled. Duration 2 ms by bot id=8095621527
2025.03.30 16:41:00 aiogram.event        INFO     Update id=511589718 is handled. Duration 2 ms by bot id=8095621527
2025.03.30 16:41:00 aiogram.event        INFO     Update id=511589719 is handled. Duration 1 ms by bot id=8095621527
2025.03.30 16:41:05 aiogram.event        INFO     Update id=511589720 is handled. Duration 1 ms by bot id=8095621527
2025.03.30 16:41:11 aiogram.event        INFO     Update id=511589721 is handled. Duration 1 ms by bot id=8095621527
2025.03.30 16:41:11 aiogram.event        INFO     Update id=511589722 is handled. Duration 2 ms by bot id=8095621527
2025.03.30 16:41:13 aiogram.event        INFO     Update id=511589723 is handled. Duration 5 ms by bot id=8095621527
2025.03.30 16:41:19 aiogram.event        INFO     Update id=511589724 is handled. Duration 1 ms by bot id=8095621527
2025.03.30 16:41:19 aiogram.event        INFO     Update id=511589725 is handled. Duration 2 ms by bot id=8095621527
2025.03.30 16:41:21 aiogram.event        INFO     Update id=511589726 is handled. Duration 2 ms by bot id=8095621527
2025.03.30 16:41:22 aiogram.event        INFO     Update id=511589727 is handled. Duration 1 ms by bot id=8095621527
2025.03.30 16:41:23 aiogram.event        INFO     Update id=511589728 is handled. Duration 1 ms by bot id=8095621527
2025.03.30 16:41:23 aiogram.event        INFO     Update id=511589729 is handled. Duration 1 ms by bot id=8095621527
2025.03.30 16:41:23 aiogram.event        INFO     Update id=511589730 is handled. Duration 2 ms by bot id=8095621527
2025.03.30 16:41:24 aiogram.event        INFO     Update id=511589731 is handled. Duration 2 ms by bot id=8095621527
2025.03.30 16:41:27 aiogram.event        INFO     Update id=511589732 is not handled. Duration 2 ms by bot id=8095621527
2025.03.30 16:41:28 aiogram.event        INFO     Update id=511589733 is handled. Duration 1 ms by bot id=8095621527
2025.03.30 16:41:29 aiogram.event        INFO     Update id=511589734 is handled. Duration 5 ms by bot id=8095621527
2025.03.30 16:41:32 aiogram.event        INFO     Update id=511589735 is handled. Duration 1 ms by bot id=8095621527
2025.03.30 16:41:32 aiogram.event        INFO     Update id=511589736 is handled. Duration 1 ms by bot id=8095621527
2025.03.30 16:41:33 aiogram.event        INFO     Update id=511589737 is handled. Duration 1 ms by bot id=8095621527
2025.03.30 16:41:38 aiogram.event        INFO     Update id=511589738 is handled. Duration 1 ms by bot id=8095621527
2025.03.30 16:41:45 aiogram.event        INFO     Update id=511589739 is handled. Duration 1 ms by bot id=8095621527
2025.03.30 16:41:45 aiogram.event        INFO     Update id=511589740 is handled. Duration 2 ms by bot id=8095621527
2025.03.30 16:41:47 aiogram.event        INFO     Update id=511589741 is handled. Duration 1 ms by bot id=8095621527
2025.03.30 16:41:51 aiogram.event        INFO     Update id=511589742 is handled. Duration 1 ms by bot id=8095621527
2025.03.30 16:41:55 aiogram.event        INFO     Update id=511589743 is handled. Duration 1 ms by bot id=8095621527
2025.03.30 16:42:02 aiogram.event        INFO     Update id=511589744 is handled. Duration 1 ms by bot id=8095621527
2025.03.30 16:42:07 aiogram.event        INFO     Update id=511589745 is handled. Duration 1 ms by bot id=8095621527
2025.03.30 16:42:08 aiogram.event        INFO     Update id=511589746 is handled. Duration 1 ms by bot id=8095621527
2025.03.30 16:42:09 aiogram.event        INFO     Update id=511589747 is handled. Duration 1 ms by bot id=8095621527
2025.03.30 16:42:15 aiogram.event        INFO     Update id=511589748 is handled. Duration 1 ms by bot id=8095621527
2025.03.30 16:42:15 aiogram.event        INFO     Update id=511589749 is handled. Duration 1 ms by bot id=8095621527
2025.03.30 16:42:15 aiogram.event        INFO     Update id=511589750 is handled. Duration 1 ms by bot id=8095621527
2025.03.30 16:42:16 aiogram.event        INFO     Update id=511589751 is handled. Duration 1 ms by bot id=8095621527
2025.03.30 16:42:16 aiogram.event        INFO     Update id=511589752 is handled. Duration 1 ms by bot id=8095621527
2025.03.30 16:42:24 aiogram.event        INFO     Update id=511589753 is handled. Duration 1 ms by bot id=8095621527
2025.03.30 16:42:25 aiogram.event        INFO     Update id=511589754 is handled. Duration 1 ms by bot id=8095621527
2025.03.30 16:42:27 aiogram.event        INFO     Update id=511589755 is handled. Duration 1 ms by bot id=8095621527
2025.03.30 16:42:31 aiogram.event        INFO     Update id=511589756 is handled. Duration 1 ms by bot id=8095621527
2025.03.30 16:42:31 aiogram.event        INFO     Update id=511589757 is handled. Duration 1 ms by bot id=8095621527
2025.03.30 16:42:32 aiogram.event        INFO     Update id=511589758 is handled. Duration 1 ms by bot id=8095621527
2025.03.30 16:42:41 aiogram.event        INFO     Update id=511589759 is handled. Duration 1 ms by bot id=8095621527
2025.03.30 16:42:43 aiogram.event        INFO     Update id=511589760 is handled. Duration 1 ms by bot id=8095621527
2025.03.30 16:42:45 aiogram.event        INFO     Update id=511589761 is handled. Duration 1 ms by bot id=8095621527
2025.03.30 16:42:45 aiogram.event        INFO     Update id=511589762 is handled. Duration 1 ms by bot id=8095621527
2025.03.30 16:42:48 aiogram.event        INFO     Update id=511589763 is handled. Duration 1 ms by bot id=8095621527
2025.03.30 16:42:50 aiogram.event        INFO     Update id=511589764 is handled. Duration 1 ms by bot id=8095621527
2025.03.30 16:42:50 aiogram.event        INFO     Update id=511589765 is handled. Duration 1 ms by bot id=8095621527
2025.03.30 16:42:52 aiogram.event        INFO     Update id=511589766 is handled. Duration 1 ms by bot id=8095621527
2025.03.30 16:42:52 aiogram.event        INFO     Update id=511589767 is handled. Duration 1 ms by bot id=8095621527
2025.03.30 16:43:04 aiogram.event        INFO     Update id=511589768 is handled. Duration 7 ms by bot id=8095621527
2025.03.30 16:43:11 aiogram.event        INFO     Update id=511589769 is handled. Duration 1 ms by bot id=8095621527
2025.03.30 16:43:11 aiogram.event        INFO     Update id=511589770 is handled. Duration 1 ms by bot id=8095621527
2025.03.30 16:43:11 aiogram.event        INFO     Update id=511589771 is handled. Duration 1 ms by bot id=8095621527
2025.03.30 16:43:17 aiogram.event        INFO     Update id=511589772 is handled. Duration 1 ms by bot id=8095621527
2025.03.30 16:43:18 aiogram.event        INFO     Update id=511589773 is handled. Duration 1 ms by bot id=8095621527
2025.03.30 16:43:29 aiogram.event        INFO     Update id=511589774 is handled. Duration 3 ms by bot id=8095621527
2025.03.30 16:43:34 aiogram.event        INFO     Update id=511589775 is handled. Duration 9 ms by bot id=8095621527
2025.03.30 16:43:36 aiogram.event        INFO     Update id=511589776 is handled. Duration 1 ms by bot id=8095621527
2025.03.30 16:43:43 aiogram.event        INFO     Update id=511589777 is handled. Duration 1 ms by bot id=8095621527
2025.03.30 16:43:46 aiogram.event        INFO     Update id=511589778 is handled. Duration 1 ms by bot id=8095621527
2025.03.30 16:43:54 aiogram.event        INFO     Update id=511589779 is handled. Duration 1 ms by bot id=8095621527
2025.03.30 16:43:56 aiogram.event        INFO     Update id=511589780 is handled. Duration 1 ms by bot id=8095621527
2025.03.30 16:44:05 aiogram.event        INFO     Update id=511589781 is handled. Duration 1 ms by bot id=8095621527
2025.03.30 16:44:09 aiogram.event        INFO     Update id=511589782 is handled. Duration 1 ms by bot id=8095621527
2025.03.30 16:44:11 aiogram.event        INFO     Update id=511589783 is handled. Duration 1 ms by bot id=8095621527
2025.03.30 16:44:18 aiogram.event        INFO     Update id=511589784 is handled. Duration 1 ms by bot id=8095621527
2025.03.30 16:44:19 aiogram.event        INFO     Update id=511589785 is handled. Duration 2 ms by bot id=8095621527
2025.03.30 16:44:23 aiogram.event        INFO     Update id=511589786 is handled. Duration 1 ms by bot id=8095621527
2025.03.30 16:44:25 aiogram.event        INFO     Update id=511589787 is handled. Duration 1 ms by bot id=8095621527
2025.03.30 16:44:26 aiogram.event        INFO     Update id=511589788 is handled. Duration 1 ms by bot id=8095621527
2025.03.30 16:44:27 aiogram.event        INFO     Update id=511589789 is handled. Duration 1 ms by bot id=8095621527
2025.03.30 16:44:29 aiogram.event        INFO     Update id=511589790 is handled. Duration 1 ms by bot id=8095621527
2025.03.30 16:44:36 aiogram.event        INFO     Update id=511589791 is handled. Duration 1 ms by bot id=8095621527
2025.03.30 16:44:37 aiogram.event        INFO     Update id=511589792 is handled. Duration 3 ms by bot id=8095621527
2025.03.30 16:44:47 aiogram.event        INFO     Update id=511589793 is handled. Duration 1 ms by bot id=8095621527
2025.03.30 16:44:51 aiogram.event        INFO     Update id=511589794 is handled. Duration 2 ms by bot id=8095621527
2025.03.30 16:44:55 aiogram.event        INFO     Update id=511589795 is handled. Duration 1 ms by bot id=8095621527
2025.03.30 16:45:03 aiogram.event        INFO     Update id=511589796 is handled. Duration 6 ms by bot id=8095621527
2025.03.30 16:45:13 aiogram.event        INFO     Update id=511589797 is handled. Duration 6 ms by bot id=8095621527
2025.03.30 16:45:20 aiogram.event        INFO     Update id=511589798 is handled. Duration 1 ms by bot id=8095621527
2025.03.30 16:45:24 aiogram.event        INFO     Update id=511589799 is handled. Duration 1 ms by bot id=8095621527
2025.03.30 16:45:28 aiogram.event        INFO     Update id=511589800 is handled. Duration 1 ms by bot id=8095621527
2025.03.30 16:45:42 aiogram.event        INFO     Update id=511589801 is handled. Duration 1 ms by bot id=8095621527
2025.03.30 16:45:46 aiogram.event        INFO     Update id=511589802 is handled. Duration 1 ms by bot id=8095621527
2025.03.30 16:45:49 aiogram.event        INFO     Update id=511589803 is handled. Duration 1 ms by bot id=8095621527
2025.03.30 16:45:55 aiogram.event        INFO     Update id=511589804 is handled. Duration 1 ms by bot id=8095621527
2025.03.30 16:46:01 aiogram.event        INFO     Update id=511589805 is handled. Duration 2 ms by bot id=8095621527
2025.03.30 16:46:02 aiogram.event        INFO     Update id=511589806 is handled. Duration 1 ms by bot id=8095621527
2025.03.30 16:46:04 aiogram.event        INFO     Update id=511589807 is handled. Duration 1 ms by bot id=8095621527
2025.03.30 16:46:04 aiogram.event        INFO     Update id=511589808 is handled. Duration 1 ms by bot id=8095621527
2025.03.30 16:46:08 aiogram.event        INFO     Update id=511589809 is handled. Duration 3 ms by bot id=8095621527
2025.03.30 16:46:12 aiogram.event        INFO     Update id=511589810 is handled. Duration 1 ms by bot id=8095621527
2025.03.30 16:46:13 aiogram.event        INFO     Update id=511589811 is handled. Duration 1 ms by bot id=8095621527
2025.03.30 16:46:14 aiogram.event        INFO     Update id=511589812 is handled. Duration 1 ms by bot id=8095621527
2025.03.30 16:46:15 aiogram.event        INFO     Update id=511589813 is handled. Duration 1 ms by bot id=8095621527
2025.03.30 16:46:22 aiogram.event        INFO     Update id=511589814 is handled. Duration 1 ms by bot id=8095621527
2025.03.30 16:46:25 aiogram.event        INFO     Update id=511589815 is handled. Duration 1 ms by bot id=8095621527
2025.03.30 16:46:28 aiogram.event        INFO     Update id=511589816 is handled. Duration 1 ms by bot id=8095621527
2025.03.30 16:46:31 aiogram.event        INFO     Update id=511589817 is handled. Duration 2 ms by bot id=8095621527
2025.03.30 16:46:31 aiogram.event        INFO     Update id=511589818 is handled. Duration 2 ms by bot id=8095621527
2025.03.30 16:46:31 aiogram.event        INFO     Update id=511589819 is handled. Duration 2 ms by bot id=8095621527
2025.03.30 16:46:35 aiogram.event        INFO     Update id=511589820 is handled. Duration 3 ms by bot id=8095621527
2025.03.30 16:46:36 aiogram.event        INFO     Update id=511589821 is handled. Duration 1 ms by bot id=8095621527
2025.03.30 16:46:41 aiogram.event        INFO     Update id=511589822 is handled. Duration 1 ms by bot id=8095621527
2025.03.30 16:46:52 aiogram.event        INFO     Update id=511589823 is handled. Duration 1 ms by bot id=8095621527
2025.03.30 16:46:55 aiogram.event        INFO     Update id=511589824 is handled. Duration 1 ms by bot id=8095621527
2025.03.30 16:46:56 aiogram.event        INFO     Update id=511589825 is handled. Duration 2 ms by bot id=8095621527
2025.03.30 16:46:59 aiogram.event        INFO     Update id=511589826 is handled. Duration 1 ms by bot id=8095621527
2025.03.30 16:47:06 aiogram.event        INFO     Update id=511589827 is handled. Duration 1 ms by bot id=8095621527
2025.03.30 16:47:10 aiogram.event        INFO     Update id=511589828 is handled. Duration 1 ms by bot id=8095621527
2025.03.30 16:47:11 aiogram.event        INFO     Update id=511589829 is handled. Duration 1 ms by bot id=8095621527
2025.03.30 16:47:17 aiogram.event        INFO     Update id=511589830 is handled. Duration 1 ms by bot id=8095621527
2025.03.30 16:47:22 aiogram.event        INFO     Update id=511589831 is handled. Duration 1 ms by bot id=8095621527
2025.03.30 16:47:35 aiogram.event        INFO     Update id=511589832 is handled. Duration 0 ms by bot id=8095621527
2025.03.30 16:47:44 aiogram.event        INFO     Update id=511589833 is handled. Duration 1 ms by bot id=8095621527
2025.03.30 16:47:46 aiogram.event        INFO     Update id=511589834 is handled. Duration 1 ms by bot id=8095621527
2025.03.30 16:47:52 aiogram.event        INFO     Update id=511589835 is handled. Duration 1 ms by bot id=8095621527
2025.03.30 16:47:55 aiogram.event        INFO     Update id=511589836 is handled. Duration 1 ms by bot id=8095621527
2025.03.30 16:48:00 aiogram.event        INFO     Update id=511589837 is handled. Duration 1 ms by bot id=8095621527
2025.03.30 16:48:02 aiogram.event        INFO     Update id=511589838 is handled. Duration 1 ms by bot id=8095621527
2025.03.30 16:48:04 aiogram.event        INFO     Update id=511589839 is handled. Duration 2 ms by bot id=8095621527
2025.03.30 16:48:07 aiogram.event        INFO     Update id=511589840 is handled. Duration 2 ms by bot id=8095621527
2025.03.30 16:48:15 aiogram.event        INFO     Update id=511589841 is handled. Duration 1 ms by bot id=8095621527
2025.03.30 16:48:15 aiogram.event        INFO     Update id=511589842 is handled. Duration 1 ms by bot id=8095621527
2025.03.30 16:48:23 aiogram.event        INFO     Update id=511589843 is handled. Duration 1 ms by bot id=8095621527
2025.03.30 16:48:27 aiogram.event        INFO     Update id=511589844 is handled. Duration 0 ms by bot id=8095621527
2025.03.30 16:48:28 aiogram.event        INFO     Update id=511589845 is handled. Duration 4 ms by bot id=8095621527
2025.03.30 16:48:30 aiogram.event        INFO     Update id=511589846 is handled. Duration 1 ms by bot id=8095621527
2025.03.30 16:48:37 aiogram.event        INFO     Update id=511589847 is handled. Duration 1 ms by bot id=8095621527
2025.03.30 16:48:37 aiogram.event        INFO     Update id=511589848 is handled. Duration 1 ms by bot id=8095621527
2025.03.30 16:48:38 aiogram.event        INFO     Update id=511589849 is handled. Duration 1 ms by bot id=8095621527
2025.03.30 16:48:47 aiogram.event        INFO     Update id=511589850 is handled. Duration 1 ms by bot id=8095621527
2025.03.30 16:48:53 aiogram.event        INFO     Update id=511589851 is handled. Duration 1 ms by bot id=8095621527
2025.03.30 16:48:56 aiogram.event        INFO     Update id=511589852 is handled. Duration 1 ms by bot id=8095621527
2025.03.30 16:49:01 aiogram.event        INFO     Update id=511589853 is handled. Duration 2 ms by bot id=8095621527
2025.03.30 16:49:06 aiogram.event        INFO     Update id=511589854 is handled. Duration 1 ms by bot id=8095621527
2025.03.30 16:49:08 aiogram.event        INFO     Update id=511589855 is handled. Duration 1 ms by bot id=8095621527
2025.03.30 16:49:16 aiogram.event        INFO     Update id=511589856 is handled. Duration 4 ms by bot id=8095621527
2025.03.30 16:49:19 core.webprofile      INFO     firefox brauzerindən cookies istifadə edilir.
2025.03.30 16:49:19 core.webprofile      INFO     Seçilmiş User-Agent: Mozilla/5.0 (iPad; CPU OS 17_2 like Mac OS X) AppleWebKit/605.1.15 (KHTML, like Gecko) Version/17.2 Mobile/15E148 Safari/604.1
2025.03.30 16:49:23 aiogram.event        INFO     Update id=511589857 is handled. Duration 4121 ms by bot id=8095621527
2025.03.30 16:49:24 aiogram.event        INFO     Update id=511589858 is handled. Duration 1 ms by bot id=8095621527
2025.03.30 16:49:28 aiogram.event        INFO     Update id=511589859 is handled. Duration 2 ms by bot id=8095621527
2025.03.30 16:49:29 aiogram.event        INFO     Update id=511589860 is handled. Duration 2 ms by bot id=8095621527
2025.03.30 16:49:29 aiogram.event        INFO     Update id=511589861 is handled. Duration 1 ms by bot id=8095621527
2025.03.30 16:49:33 aiogram.event        INFO     Update id=511589862 is handled. Duration 124 ms by bot id=8095621527
2025.03.30 16:49:35 aiogram.event        INFO     Update id=511589863 is handled. Duration 1 ms by bot id=8095621527
2025.03.30 16:49:37 aiogram.event        INFO     Update id=511589864 is handled. Duration 212 ms by bot id=8095621527
2025.03.30 16:49:39 aiogram.event        INFO     Update id=511589865 is handled. Duration 1 ms by bot id=8095621527
2025.03.30 16:49:40 aiogram.event        INFO     Update id=511589866 is handled. Duration 95 ms by bot id=8095621527
2025.03.30 16:49:42 aiogram.event        INFO     Update id=511589867 is handled. Duration 2 ms by bot id=8095621527
2025.03.30 16:49:43 aiogram.event        INFO     Update id=511589868 is handled. Duration 225 ms by bot id=8095621527
2025.03.30 16:49:50 aiogram.event        INFO     Update id=511589869 is handled. Duration 5206 ms by bot id=8095621527
2025.03.30 16:49:52 aiogram.event        INFO     Update id=511589870 is handled. Duration 1 ms by bot id=8095621527
2025.03.30 16:49:53 aiogram.event        INFO     Update id=511589871 is handled. Duration 1 ms by bot id=8095621527
2025.03.30 16:50:00 aiogram.event        INFO     Update id=511589872 is handled. Duration 1 ms by bot id=8095621527
2025.03.30 16:50:03 aiogram.event        INFO     Update id=511589873 is handled. Duration 0 ms by bot id=8095621527
2025.03.30 16:50:04 aiogram.event        INFO     Update id=511589874 is handled. Duration 1 ms by bot id=8095621527
2025.03.30 16:50:09 aiogram.event        INFO     Update id=511589875 is handled. Duration 1 ms by bot id=8095621527
2025.03.30 16:50:14 aiogram.event        INFO     Update id=511589876 is handled. Duration 1 ms by bot id=8095621527
2025.03.30 16:50:20 aiogram.event        INFO     Update id=511589877 is handled. Duration 1 ms by bot id=8095621527
2025.03.30 16:50:24 aiogram.event        INFO     Update id=511589878 is handled. Duration 1 ms by bot id=8095621527
2025.03.30 16:50:30 aiogram.event        INFO     Update id=511589879 is handled. Duration 1 ms by bot id=8095621527
2025.03.30 16:50:33 aiogram.event        INFO     Update id=511589880 is handled. Duration 1 ms by bot id=8095621527
2025.03.30 16:50:39 aiogram.event        INFO     Update id=511589881 is handled. Duration 1 ms by bot id=8095621527
2025.03.30 16:50:47 aiogram.event        INFO     Update id=511589882 is handled. Duration 1 ms by bot id=8095621527
2025.03.30 16:50:48 aiogram.event        INFO     Update id=511589883 is handled. Duration 1 ms by bot id=8095621527
2025.03.30 16:50:53 aiogram.event        INFO     Update id=511589884 is handled. Duration 1 ms by bot id=8095621527
2025.03.30 16:50:59 aiogram.event        INFO     Update id=511589885 is handled. Duration 1 ms by bot id=8095621527
2025.03.30 16:51:01 aiogram.event        INFO     Update id=511589886 is handled. Duration 2 ms by bot id=8095621527
2025.03.30 16:51:07 aiogram.event        INFO     Update id=511589887 is handled. Duration 1 ms by bot id=8095621527
2025.03.30 16:51:08 aiogram.event        INFO     Update id=511589888 is handled. Duration 1 ms by bot id=8095621527
2025.03.30 16:51:11 aiogram.event        INFO     Update id=511589889 is handled. Duration 1 ms by bot id=8095621527
2025.03.30 16:51:15 aiogram.event        INFO     Update id=511589890 is handled. Duration 1 ms by bot id=8095621527
2025.03.30 16:51:23 aiogram.event        INFO     Update id=511589891 is handled. Duration 1 ms by bot id=8095621527
2025.03.30 16:51:26 aiogram.event        INFO     Update id=511589892 is handled. Duration 1 ms by bot id=8095621527
2025.03.30 16:51:26 aiogram.event        INFO     Update id=511589893 is handled. Duration 1 ms by bot id=8095621527
2025.03.30 16:51:27 aiogram.event        INFO     Update id=511589894 is handled. Duration 2 ms by bot id=8095621527
2025.03.30 16:51:29 aiogram.event        INFO     Update id=511589895 is handled. Duration 1 ms by bot id=8095621527
2025.03.30 16:51:31 aiogram.event        INFO     Update id=511589896 is handled. Duration 1 ms by bot id=8095621527
2025.03.30 16:51:35 aiogram.event        INFO     Update id=511589897 is handled. Duration 1 ms by bot id=8095621527
2025.03.30 16:51:38 aiogram.event        INFO     Update id=511589898 is handled. Duration 1 ms by bot id=8095621527
2025.03.30 16:51:41 aiogram.event        INFO     Update id=511589899 is handled. Duration 1 ms by bot id=8095621527
2025.03.30 16:51:41 aiogram.event        INFO     Update id=511589900 is handled. Duration 1 ms by bot id=8095621527
2025.03.30 16:51:42 aiogram.event        INFO     Update id=511589901 is handled. Duration 1 ms by bot id=8095621527
2025.03.30 16:51:52 aiogram.event        INFO     Update id=511589902 is handled. Duration 1 ms by bot id=8095621527
2025.03.30 16:51:55 aiogram.event        INFO     Update id=511589903 is handled. Duration 1 ms by bot id=8095621527
2025.03.30 16:51:56 aiogram.event        INFO     Update id=511589904 is not handled. Duration 1 ms by bot id=8095621527
2025.03.30 16:51:57 aiogram.event        INFO     Update id=511589905 is handled. Duration 1 ms by bot id=8095621527
2025.03.30 16:51:59 aiogram.event        INFO     Update id=511589906 is handled. Duration 1 ms by bot id=8095621527
2025.03.30 16:52:01 aiogram.event        INFO     Update id=511589907 is not handled. Duration 2 ms by bot id=8095621527
2025.03.30 16:52:05 aiogram.event        INFO     Update id=511589908 is handled. Duration 1 ms by bot id=8095621527
2025.03.30 16:52:06 aiogram.event        INFO     Update id=511589909 is not handled. Duration 1 ms by bot id=8095621527
2025.03.30 16:52:06 aiogram.event        INFO     Update id=511589910 is handled. Duration 1 ms by bot id=8095621527
2025.03.30 16:52:08 aiogram.event        INFO     Update id=511589911 is handled. Duration 1 ms by bot id=8095621527
2025.03.30 16:52:08 aiogram.event        INFO     Update id=511589912 is handled. Duration 1 ms by bot id=8095621527
2025.03.30 16:52:12 aiogram.event        INFO     Update id=511589913 is handled. Duration 1 ms by bot id=8095621527
2025.03.30 16:52:13 aiogram.event        INFO     Update id=511589914 is handled. Duration 1 ms by bot id=8095621527
2025.03.30 16:52:17 aiogram.event        INFO     Update id=511589915 is handled. Duration 1 ms by bot id=8095621527
2025.03.30 16:52:18 aiogram.event        INFO     Update id=511589916 is handled. Duration 1 ms by bot id=8095621527
2025.03.30 16:52:23 aiogram.event        INFO     Update id=511589917 is handled. Duration 1 ms by bot id=8095621527
2025.03.30 16:52:24 aiogram.event        INFO     Update id=511589918 is handled. Duration 1 ms by bot id=8095621527
2025.03.30 16:52:27 aiogram.event        INFO     Update id=511589919 is handled. Duration 1 ms by bot id=8095621527
2025.03.30 16:52:27 aiogram.event        INFO     Update id=511589920 is not handled. Duration 1 ms by bot id=8095621527
2025.03.30 16:52:27 aiogram.event        INFO     Update id=511589921 is handled. Duration 1 ms by bot id=8095621527
2025.03.30 16:52:30 aiogram.event        INFO     Update id=511589922 is not handled. Duration 1 ms by bot id=8095621527
2025.03.30 16:52:33 aiogram.event        INFO     Update id=511589923 is handled. Duration 1 ms by bot id=8095621527
2025.03.30 16:52:33 aiogram.event        INFO     Update id=511589924 is handled. Duration 1 ms by bot id=8095621527
2025.03.30 16:52:39 aiogram.event        INFO     Update id=511589925 is handled. Duration 1 ms by bot id=8095621527
2025.03.30 16:52:46 aiogram.event        INFO     Update id=511589926 is handled. Duration 1 ms by bot id=8095621527
2025.03.30 16:52:47 aiogram.event        INFO     Update id=511589927 is handled. Duration 1 ms by bot id=8095621527
2025.03.30 16:52:56 aiogram.event        INFO     Update id=511589928 is handled. Duration 1 ms by bot id=8095621527
2025.03.30 16:52:57 aiogram.event        INFO     Update id=511589929 is not handled. Duration 2 ms by bot id=8095621527
2025.03.30 16:53:09 aiogram.event        INFO     Update id=511589930 is handled. Duration 1 ms by bot id=8095621527
2025.03.30 16:53:18 aiogram.event        INFO     Update id=511589931 is handled. Duration 1 ms by bot id=8095621527
2025.03.30 16:53:20 aiogram.event        INFO     Update id=511589932 is handled. Duration 1 ms by bot id=8095621527
2025.03.30 16:53:22 aiogram.event        INFO     Update id=511589933 is handled. Duration 2 ms by bot id=8095621527
2025.03.30 16:53:22 aiogram.event        INFO     Update id=511589934 is handled. Duration 1 ms by bot id=8095621527
2025.03.30 16:53:23 aiogram.event        INFO     Update id=511589935 is handled. Duration 1 ms by bot id=8095621527
2025.03.30 16:53:35 aiogram.event        INFO     Update id=511589936 is handled. Duration 1 ms by bot id=8095621527
2025.03.30 16:53:37 aiogram.event        INFO     Update id=511589937 is handled. Duration 1 ms by bot id=8095621527
2025.03.30 16:53:37 aiogram.event        INFO     Update id=511589938 is handled. Duration 1 ms by bot id=8095621527
2025.03.30 16:53:37 aiogram.event        INFO     Update id=511589939 is handled. Duration 1 ms by bot id=8095621527
2025.03.30 16:53:42 aiogram.event        INFO     Update id=511589940 is handled. Duration 1 ms by bot id=8095621527
2025.03.30 16:53:47 aiogram.event        INFO     Update id=511589941 is handled. Duration 1 ms by bot id=8095621527
2025.03.30 16:53:53 aiogram.event        INFO     Update id=511589942 is handled. Duration 1 ms by bot id=8095621527
2025.03.30 16:53:55 aiogram.event        INFO     Update id=511589943 is handled. Duration 2 ms by bot id=8095621527
2025.03.30 16:53:55 aiogram.event        INFO     Update id=511589944 is handled. Duration 1 ms by bot id=8095621527
2025.03.30 16:54:00 aiogram.event        INFO     Update id=511589945 is handled. Duration 1 ms by bot id=8095621527
2025.03.30 16:54:02 aiogram.event        INFO     Update id=511589946 is handled. Duration 1 ms by bot id=8095621527
2025.03.30 16:54:06 aiogram.event        INFO     Update id=511589947 is handled. Duration 1 ms by bot id=8095621527
2025.03.30 16:54:07 aiogram.event        INFO     Update id=511589948 is handled. Duration 1 ms by bot id=8095621527
2025.03.30 16:54:08 aiogram.event        INFO     Update id=511589949 is not handled. Duration 1 ms by bot id=8095621527
2025.03.30 16:54:09 aiogram.event        INFO     Update id=511589950 is handled. Duration 3 ms by bot id=8095621527
2025.03.30 16:54:11 aiogram.event        INFO     Update id=511589951 is handled. Duration 2 ms by bot id=8095621527
2025.03.30 16:54:16 aiogram.event        INFO     Update id=511589952 is handled. Duration 1 ms by bot id=8095621527
2025.03.30 16:54:18 aiogram.event        INFO     Update id=511589953 is handled. Duration 1 ms by bot id=8095621527
2025.03.30 16:54:22 aiogram.event        INFO     Update id=511589954 is handled. Duration 2 ms by bot id=8095621527
2025.03.30 16:54:24 aiogram.event        INFO     Update id=511589955 is handled. Duration 1 ms by bot id=8095621527
2025.03.30 16:54:25 aiogram.event        INFO     Update id=511589956 is handled. Duration 1 ms by bot id=8095621527
2025.03.30 16:54:27 aiogram.event        INFO     Update id=511589957 is handled. Duration 2 ms by bot id=8095621527
2025.03.30 16:54:28 aiogram.event        INFO     Update id=511589958 is handled. Duration 1 ms by bot id=8095621527
2025.03.30 16:54:31 aiogram.event        INFO     Update id=511589959 is handled. Duration 1 ms by bot id=8095621527
2025.03.30 16:54:35 aiogram.event        INFO     Update id=511589960 is handled. Duration 1 ms by bot id=8095621527
2025.03.30 16:54:38 aiogram.event        INFO     Update id=511589961 is handled. Duration 1 ms by bot id=8095621527
2025.03.30 16:54:40 aiogram.event        INFO     Update id=511589962 is handled. Duration 1 ms by bot id=8095621527
2025.03.30 16:54:46 aiogram.event        INFO     Update id=511589963 is handled. Duration 3 ms by bot id=8095621527
2025.03.30 16:54:47 aiogram.event        INFO     Update id=511589964 is handled. Duration 1 ms by bot id=8095621527
2025.03.30 16:54:51 aiogram.event        INFO     Update id=511589965 is handled. Duration 1 ms by bot id=8095621527
2025.03.30 16:54:51 aiogram.event        INFO     Update id=511589966 is handled. Duration 1 ms by bot id=8095621527
2025.03.30 16:54:52 aiogram.event        INFO     Update id=511589967 is handled. Duration 1 ms by bot id=8095621527
2025.03.30 16:54:58 aiogram.event        INFO     Update id=511589968 is handled. Duration 1 ms by bot id=8095621527
2025.03.30 16:55:03 aiogram.event        INFO     Update id=511589969 is handled. Duration 1 ms by bot id=8095621527
2025.03.30 16:55:05 aiogram.event        INFO     Update id=511589970 is handled. Duration 1 ms by bot id=8095621527
2025.03.30 16:55:13 aiogram.event        INFO     Update id=511589971 is handled. Duration 1 ms by bot id=8095621527
2025.03.30 16:55:18 aiogram.event        INFO     Update id=511589972 is handled. Duration 1 ms by bot id=8095621527
2025.03.30 16:55:19 aiogram.event        INFO     Update id=511589973 is handled. Duration 2 ms by bot id=8095621527
2025.03.30 16:55:26 aiogram.event        INFO     Update id=511589974 is handled. Duration 1 ms by bot id=8095621527
2025.03.30 16:55:26 aiogram.event        INFO     Update id=511589975 is handled. Duration 2 ms by bot id=8095621527
2025.03.30 16:55:32 aiogram.event        INFO     Update id=511589976 is handled. Duration 1 ms by bot id=8095621527
2025.03.30 16:55:33 aiogram.event        INFO     Update id=511589977 is handled. Duration 1 ms by bot id=8095621527
2025.03.30 16:55:38 aiogram.event        INFO     Update id=511589978 is handled. Duration 1 ms by bot id=8095621527
2025.03.30 16:55:43 aiogram.event        INFO     Update id=511589979 is handled. Duration 4 ms by bot id=8095621527
2025.03.30 16:55:49 aiogram.event        INFO     Update id=511589980 is handled. Duration 1 ms by bot id=8095621527
2025.03.30 16:55:50 aiogram.event        INFO     Update id=511589981 is handled. Duration 1 ms by bot id=8095621527
2025.03.30 16:55:52 aiogram.event        INFO     Update id=511589982 is handled. Duration 1 ms by bot id=8095621527
2025.03.30 16:55:52 aiogram.event        INFO     Update id=511589983 is handled. Duration 3 ms by bot id=8095621527
2025.03.30 16:56:04 aiogram.event        INFO     Update id=511589984 is handled. Duration 1 ms by bot id=8095621527
2025.03.30 16:56:09 aiogram.event        INFO     Update id=511589985 is handled. Duration 1 ms by bot id=8095621527
2025.03.30 16:56:11 aiogram.event        INFO     Update id=511589986 is handled. Duration 1 ms by bot id=8095621527
2025.03.30 16:56:14 aiogram.event        INFO     Update id=511589987 is handled. Duration 1 ms by bot id=8095621527
2025.03.30 16:56:16 aiogram.event        INFO     Update id=511589988 is handled. Duration 7 ms by bot id=8095621527
2025.03.30 16:56:16 aiogram.event        INFO     Update id=511589989 is handled. Duration 7 ms by bot id=8095621527
2025.03.30 16:56:16 aiogram.event        INFO     Update id=511589990 is handled. Duration 7 ms by bot id=8095621527
2025.03.30 16:56:16 aiogram.event        INFO     Update id=511589991 is handled. Duration 7 ms by bot id=8095621527
2025.03.30 16:56:16 aiogram.event        INFO     Update id=511589992 is handled. Duration 4 ms by bot id=8095621527
2025.03.30 16:56:16 aiogram.event        INFO     Update id=511589993 is handled. Duration 1 ms by bot id=8095621527
2025.03.30 16:56:22 aiogram.event        INFO     Update id=511589994 is handled. Duration 1 ms by bot id=8095621527
2025.03.30 16:56:24 aiogram.event        INFO     Update id=511589995 is handled. Duration 1 ms by bot id=8095621527
2025.03.30 16:56:29 aiogram.event        INFO     Update id=511589996 is handled. Duration 1 ms by bot id=8095621527
2025.03.30 16:56:30 aiogram.event        INFO     Update id=511589997 is handled. Duration 1 ms by bot id=8095621527
2025.03.30 16:56:31 aiogram.event        INFO     Update id=511589998 is handled. Duration 2 ms by bot id=8095621527
2025.03.30 16:56:33 aiogram.event        INFO     Update id=511589999 is handled. Duration 2 ms by bot id=8095621527
2025.03.30 16:56:35 aiogram.event        INFO     Update id=511590000 is handled. Duration 2 ms by bot id=8095621527
2025.03.30 16:56:35 aiogram.event        INFO     Update id=511590001 is handled. Duration 1 ms by bot id=8095621527
2025.03.30 16:56:37 aiogram.event        INFO     Update id=511590002 is handled. Duration 1 ms by bot id=8095621527
2025.03.30 16:56:43 aiogram.event        INFO     Update id=511590003 is handled. Duration 2 ms by bot id=8095621527
2025.03.30 16:56:48 aiogram.event        INFO     Update id=511590004 is handled. Duration 4 ms by bot id=8095621527
2025.03.30 16:56:49 aiogram.event        INFO     Update id=511590005 is handled. Duration 1 ms by bot id=8095621527
2025.03.30 16:56:50 aiogram.event        INFO     Update id=511590006 is handled. Duration 4 ms by bot id=8095621527
2025.03.30 16:56:53 aiogram.event        INFO     Update id=511590007 is not handled. Duration 1 ms by bot id=8095621527
2025.03.30 16:56:58 aiogram.event        INFO     Update id=511590008 is handled. Duration 3 ms by bot id=8095621527
2025.03.30 16:56:59 aiogram.event        INFO     Update id=511590009 is handled. Duration 4 ms by bot id=8095621527
2025.03.30 16:57:05 aiogram.event        INFO     Update id=511590010 is handled. Duration 1 ms by bot id=8095621527
2025.03.30 16:57:10 aiogram.event        INFO     Update id=511590011 is handled. Duration 1 ms by bot id=8095621527
2025.03.30 16:57:11 aiogram.event        INFO     Update id=511590012 is handled. Duration 1 ms by bot id=8095621527
2025.03.30 16:57:18 aiogram.event        INFO     Update id=511590013 is handled. Duration 1 ms by bot id=8095621527
2025.03.30 16:57:18 aiogram.event        INFO     Update id=511590014 is handled. Duration 1 ms by bot id=8095621527
2025.03.30 16:57:20 aiogram.event        INFO     Update id=511590015 is handled. Duration 1 ms by bot id=8095621527
2025.03.30 16:57:23 aiogram.event        INFO     Update id=511590016 is handled. Duration 1 ms by bot id=8095621527
2025.03.30 16:57:26 aiogram.event        INFO     Update id=511590017 is handled. Duration 2 ms by bot id=8095621527
2025.03.30 16:57:27 aiogram.event        INFO     Update id=511590018 is handled. Duration 1 ms by bot id=8095621527
2025.03.30 16:57:29 aiogram.event        INFO     Update id=511590019 is handled. Duration 1 ms by bot id=8095621527
2025.03.30 16:57:30 aiogram.event        INFO     Update id=511590020 is handled. Duration 0 ms by bot id=8095621527
2025.03.30 16:57:33 aiogram.event        INFO     Update id=511590021 is handled. Duration 3 ms by bot id=8095621527
2025.03.30 16:57:37 aiogram.event        INFO     Update id=511590022 is handled. Duration 1 ms by bot id=8095621527
2025.03.30 16:57:41 aiogram.event        INFO     Update id=511590023 is handled. Duration 1 ms by bot id=8095621527
2025.03.30 16:57:45 aiogram.event        INFO     Update id=511590024 is handled. Duration 5 ms by bot id=8095621527
2025.03.30 16:57:51 aiogram.event        INFO     Update id=511590025 is handled. Duration 1 ms by bot id=8095621527
2025.03.30 16:57:55 aiogram.event        INFO     Update id=511590026 is handled. Duration 7 ms by bot id=8095621527
2025.03.30 16:58:00 aiogram.event        INFO     Update id=511590027 is handled. Duration 0 ms by bot id=8095621527
2025.03.30 16:58:01 aiogram.event        INFO     Update id=511590028 is handled. Duration 1 ms by bot id=8095621527
2025.03.30 16:58:03 aiogram.event        INFO     Update id=511590029 is handled. Duration 2 ms by bot id=8095621527
2025.03.30 16:58:08 aiogram.event        INFO     Update id=511590030 is handled. Duration 1 ms by bot id=8095621527
2025.03.30 16:58:10 aiogram.event        INFO     Update id=511590031 is handled. Duration 1 ms by bot id=8095621527
2025.03.30 16:58:11 aiogram.event        INFO     Update id=511590032 is handled. Duration 1 ms by bot id=8095621527
2025.03.30 16:58:12 aiogram.event        INFO     Update id=511590033 is handled. Duration 1 ms by bot id=8095621527
2025.03.30 16:58:13 aiogram.event        INFO     Update id=511590034 is handled. Duration 1 ms by bot id=8095621527
2025.03.30 16:58:16 aiogram.event        INFO     Update id=511590035 is handled. Duration 1 ms by bot id=8095621527
2025.03.30 16:58:23 aiogram.event        INFO     Update id=511590036 is handled. Duration 1 ms by bot id=8095621527
2025.03.30 16:58:23 aiogram.event        INFO     Update id=511590037 is handled. Duration 1 ms by bot id=8095621527
2025.03.30 16:58:29 aiogram.event        INFO     Update id=511590038 is handled. Duration 1 ms by bot id=8095621527
2025.03.30 16:58:35 aiogram.event        INFO     Update id=511590039 is handled. Duration 1 ms by bot id=8095621527
2025.03.30 16:58:39 aiogram.event        INFO     Update id=511590040 is handled. Duration 1 ms by bot id=8095621527
2025.03.30 16:58:40 aiogram.event        INFO     Update id=511590041 is handled. Duration 1 ms by bot id=8095621527
2025.03.30 16:58:43 aiogram.event        INFO     Update id=511590042 is handled. Duration 1 ms by bot id=8095621527
2025.03.30 16:58:47 aiogram.event        INFO     Update id=511590043 is handled. Duration 1 ms by bot id=8095621527
2025.03.30 16:58:50 aiogram.event        INFO     Update id=511590044 is handled. Duration 1 ms by bot id=8095621527
2025.03.30 16:58:55 aiogram.event        INFO     Update id=511590045 is handled. Duration 2 ms by bot id=8095621527
2025.03.30 16:58:57 aiogram.event        INFO     Update id=511590046 is handled. Duration 1 ms by bot id=8095621527
2025.03.30 16:59:01 aiogram.event        INFO     Update id=511590047 is handled. Duration 1 ms by bot id=8095621527
2025.03.30 16:59:05 aiogram.event        INFO     Update id=511590048 is handled. Duration 1 ms by bot id=8095621527
2025.03.30 16:59:08 aiogram.event        INFO     Update id=511590049 is handled. Duration 1 ms by bot id=8095621527
2025.03.30 16:59:10 aiogram.event        INFO     Update id=511590050 is handled. Duration 1 ms by bot id=8095621527
2025.03.30 16:59:17 aiogram.event        INFO     Update id=511590051 is handled. Duration 1 ms by bot id=8095621527
2025.03.30 16:59:19 aiogram.event        INFO     Update id=511590052 is handled. Duration 1 ms by bot id=8095621527
2025.03.30 16:59:22 aiogram.event        INFO     Update id=511590053 is handled. Duration 1 ms by bot id=8095621527
2025.03.30 16:59:26 aiogram.event        INFO     Update id=511590054 is handled. Duration 1 ms by bot id=8095621527
2025.03.30 16:59:28 aiogram.event        INFO     Update id=511590055 is handled. Duration 2 ms by bot id=8095621527
2025.03.30 16:59:32 aiogram.event        INFO     Update id=511590056 is handled. Duration 0 ms by bot id=8095621527
2025.03.30 16:59:36 aiogram.event        INFO     Update id=511590057 is handled. Duration 1 ms by bot id=8095621527
2025.03.30 16:59:42 aiogram.event        INFO     Update id=511590058 is handled. Duration 1 ms by bot id=8095621527
2025.03.30 16:59:44 aiogram.event        INFO     Update id=511590059 is handled. Duration 1 ms by bot id=8095621527
2025.03.30 17:00:02 aiogram.event        INFO     Update id=511590060 is handled. Duration 1 ms by bot id=8095621527
2025.03.30 17:00:04 aiogram.event        INFO     Update id=511590061 is handled. Duration 1 ms by bot id=8095621527
2025.03.30 17:00:04 aiogram.event        INFO     Update id=511590062 is handled. Duration 1 ms by bot id=8095621527
2025.03.30 17:00:06 aiogram.event        INFO     Update id=511590063 is handled. Duration 1 ms by bot id=8095621527
2025.03.30 17:00:07 aiogram.event        INFO     Update id=511590064 is handled. Duration 1 ms by bot id=8095621527
2025.03.30 17:00:14 aiogram.event        INFO     Update id=511590065 is handled. Duration 1 ms by bot id=8095621527
2025.03.30 17:00:16 aiogram.event        INFO     Update id=511590066 is handled. Duration 1 ms by bot id=8095621527
2025.03.30 17:00:21 aiogram.event        INFO     Update id=511590067 is handled. Duration 2 ms by bot id=8095621527
2025.03.30 17:00:25 aiogram.event        INFO     Update id=511590068 is handled. Duration 1 ms by bot id=8095621527
2025.03.30 17:00:27 aiogram.event        INFO     Update id=511590069 is handled. Duration 3 ms by bot id=8095621527
2025.03.30 17:00:28 aiogram.event        INFO     Update id=511590070 is handled. Duration 3 ms by bot id=8095621527
2025.03.30 17:00:33 aiogram.event        INFO     Update id=511590071 is handled. Duration 7 ms by bot id=8095621527
2025.03.30 17:00:38 aiogram.event        INFO     Update id=511590072 is handled. Duration 2 ms by bot id=8095621527
2025.03.30 17:00:40 aiogram.event        INFO     Update id=511590073 is handled. Duration 1 ms by bot id=8095621527
2025.03.30 17:00:44 aiogram.event        INFO     Update id=511590074 is handled. Duration 1 ms by bot id=8095621527
2025.03.30 17:00:48 aiogram.event        INFO     Update id=511590075 is handled. Duration 1 ms by bot id=8095621527
2025.03.30 17:00:48 aiogram.event        INFO     Update id=511590076 is handled. Duration 1 ms by bot id=8095621527
2025.03.30 17:00:50 aiogram.event        INFO     Update id=511590077 is handled. Duration 1 ms by bot id=8095621527
2025.03.30 17:00:53 aiogram.event        INFO     Update id=511590078 is handled. Duration 1 ms by bot id=8095621527
2025.03.30 17:00:56 aiogram.event        INFO     Update id=511590079 is handled. Duration 12 ms by bot id=8095621527
2025.03.30 17:00:58 aiogram.event        INFO     Update id=511590080 is handled. Duration 1 ms by bot id=8095621527
2025.03.30 17:00:58 aiogram.event        INFO     Update id=511590081 is handled. Duration 1 ms by bot id=8095621527
2025.03.30 17:01:04 aiogram.event        INFO     Update id=511590082 is handled. Duration 1 ms by bot id=8095621527
2025.03.30 17:01:05 aiogram.event        INFO     Update id=511590083 is handled. Duration 4 ms by bot id=8095621527
2025.03.30 17:01:07 aiogram.event        INFO     Update id=511590084 is handled. Duration 1 ms by bot id=8095621527
2025.03.30 17:01:12 aiogram.event        INFO     Update id=511590085 is handled. Duration 1 ms by bot id=8095621527
2025.03.30 17:01:22 aiogram.event        INFO     Update id=511590086 is handled. Duration 2 ms by bot id=8095621527
2025.03.30 17:01:29 aiogram.event        INFO     Update id=511590087 is handled. Duration 1 ms by bot id=8095621527
2025.03.30 17:01:32 aiogram.event        INFO     Update id=511590088 is handled. Duration 1 ms by bot id=8095621527
2025.03.30 17:01:34 aiogram.event        INFO     Update id=511590089 is handled. Duration 2 ms by bot id=8095621527
2025.03.30 17:01:39 aiogram.event        INFO     Update id=511590090 is handled. Duration 2 ms by bot id=8095621527
2025.03.30 17:01:40 aiogram.event        INFO     Update id=511590091 is handled. Duration 1 ms by bot id=8095621527
2025.03.30 17:01:42 aiogram.event        INFO     Update id=511590092 is handled. Duration 1 ms by bot id=8095621527
2025.03.30 17:01:44 aiogram.event        INFO     Update id=511590093 is handled. Duration 1 ms by bot id=8095621527
2025.03.30 17:01:47 aiogram.event        INFO     Update id=511590094 is handled. Duration 1 ms by bot id=8095621527
2025.03.30 17:01:48 aiogram.event        INFO     Update id=511590095 is handled. Duration 1 ms by bot id=8095621527
2025.03.30 17:01:50 aiogram.event        INFO     Update id=511590096 is handled. Duration 1 ms by bot id=8095621527
2025.03.30 17:02:01 aiogram.event        INFO     Update id=511590097 is handled. Duration 1 ms by bot id=8095621527
2025.03.30 17:02:01 aiogram.event        INFO     Update id=511590098 is handled. Duration 2 ms by bot id=8095621527
2025.03.30 17:02:03 aiogram.event        INFO     Update id=511590099 is handled. Duration 1 ms by bot id=8095621527
2025.03.30 17:02:05 aiogram.event        INFO     Update id=511590100 is handled. Duration 1 ms by bot id=8095621527
2025.03.30 17:02:07 aiogram.event        INFO     Update id=511590101 is handled. Duration 6 ms by bot id=8095621527
2025.03.30 17:02:08 aiogram.event        INFO     Update id=511590102 is handled. Duration 1 ms by bot id=8095621527
2025.03.30 17:02:09 aiogram.event        INFO     Update id=511590103 is handled. Duration 1 ms by bot id=8095621527
2025.03.30 17:02:11 aiogram.event        INFO     Update id=511590104 is handled. Duration 1 ms by bot id=8095621527
2025.03.30 17:02:13 aiogram.event        INFO     Update id=511590105 is handled. Duration 1 ms by bot id=8095621527
2025.03.30 17:02:14 aiogram.event        INFO     Update id=511590106 is handled. Duration 1 ms by bot id=8095621527
2025.03.30 17:02:15 aiogram.event        INFO     Update id=511590107 is handled. Duration 1 ms by bot id=8095621527
2025.03.30 17:02:20 aiogram.event        INFO     Update id=511590108 is handled. Duration 1 ms by bot id=8095621527
2025.03.30 17:02:20 aiogram.event        INFO     Update id=511590109 is handled. Duration 1 ms by bot id=8095621527
2025.03.30 17:02:27 aiogram.event        INFO     Update id=511590110 is handled. Duration 1 ms by bot id=8095621527
2025.03.30 17:02:29 aiogram.event        INFO     Update id=511590111 is handled. Duration 1 ms by bot id=8095621527
2025.03.30 17:02:33 aiogram.event        INFO     Update id=511590112 is handled. Duration 1 ms by bot id=8095621527
2025.03.30 17:02:34 aiogram.event        INFO     Update id=511590113 is handled. Duration 1 ms by bot id=8095621527
2025.03.30 17:02:36 aiogram.event        INFO     Update id=511590114 is handled. Duration 2 ms by bot id=8095621527
2025.03.30 17:02:39 aiogram.event        INFO     Update id=511590115 is handled. Duration 3 ms by bot id=8095621527
2025.03.30 17:02:39 aiogram.event        INFO     Update id=511590116 is handled. Duration 1 ms by bot id=8095621527
2025.03.30 17:02:41 aiogram.event        INFO     Update id=511590117 is handled. Duration 1 ms by bot id=8095621527
2025.03.30 17:02:41 aiogram.event        INFO     Update id=511590118 is handled. Duration 1 ms by bot id=8095621527
2025.03.30 17:02:43 aiogram.event        INFO     Update id=511590119 is handled. Duration 1 ms by bot id=8095621527
2025.03.30 17:02:44 aiogram.event        INFO     Update id=511590120 is handled. Duration 1 ms by bot id=8095621527
2025.03.30 17:02:44 aiogram.event        INFO     Update id=511590121 is handled. Duration 1 ms by bot id=8095621527
2025.03.30 17:02:49 aiogram.event        INFO     Update id=511590122 is handled. Duration 2 ms by bot id=8095621527
2025.03.30 17:02:50 aiogram.event        INFO     Update id=511590123 is handled. Duration 1 ms by bot id=8095621527
2025.03.30 17:02:50 aiogram.event        INFO     Update id=511590124 is handled. Duration 1 ms by bot id=8095621527
2025.03.30 17:02:56 aiogram.event        INFO     Update id=511590125 is handled. Duration 1 ms by bot id=8095621527
2025.03.30 17:02:57 aiogram.event        INFO     Update id=511590126 is handled. Duration 1 ms by bot id=8095621527
2025.03.30 17:03:02 aiogram.event        INFO     Update id=511590127 is handled. Duration 4 ms by bot id=8095621527
2025.03.30 17:03:06 aiogram.event        INFO     Update id=511590128 is handled. Duration 1 ms by bot id=8095621527
2025.03.30 17:03:06 aiogram.event        INFO     Update id=511590129 is handled. Duration 1 ms by bot id=8095621527
2025.03.30 17:03:09 aiogram.event        INFO     Update id=511590130 is handled. Duration 1 ms by bot id=8095621527
2025.03.30 17:03:11 aiogram.event        INFO     Update id=511590131 is handled. Duration 1 ms by bot id=8095621527
2025.03.30 17:03:18 aiogram.event        INFO     Update id=511590132 is handled. Duration 1 ms by bot id=8095621527
2025.03.30 17:03:19 aiogram.event        INFO     Update id=511590133 is handled. Duration 1 ms by bot id=8095621527
2025.03.30 17:03:22 aiogram.event        INFO     Update id=511590134 is handled. Duration 1 ms by bot id=8095621527
2025.03.30 17:03:25 aiogram.event        INFO     Update id=511590135 is handled. Duration 0 ms by bot id=8095621527
2025.03.30 17:03:44 aiogram.event        INFO     Update id=511590136 is handled. Duration 1 ms by bot id=8095621527
2025.03.30 17:03:45 aiogram.event        INFO     Update id=511590137 is handled. Duration 2 ms by bot id=8095621527
2025.03.30 17:03:57 aiogram.event        INFO     Update id=511590138 is handled. Duration 1 ms by bot id=8095621527
2025.03.30 17:04:00 aiogram.event        INFO     Update id=511590139 is handled. Duration 1 ms by bot id=8095621527
2025.03.30 17:04:02 aiogram.event        INFO     Update id=511590140 is handled. Duration 1 ms by bot id=8095621527
2025.03.30 17:04:04 aiogram.event        INFO     Update id=511590141 is handled. Duration 1 ms by bot id=8095621527
2025.03.30 17:04:12 aiogram.event        INFO     Update id=511590142 is handled. Duration 1 ms by bot id=8095621527
2025.03.30 17:04:12 aiogram.event        INFO     Update id=511590143 is handled. Duration 0 ms by bot id=8095621527
2025.03.30 17:04:12 aiogram.event        INFO     Update id=511590144 is handled. Duration 0 ms by bot id=8095621527
2025.03.30 17:04:18 aiogram.event        INFO     Update id=511590145 is handled. Duration 1 ms by bot id=8095621527
2025.03.30 17:04:20 aiogram.event        INFO     Update id=511590146 is handled. Duration 1 ms by bot id=8095621527
2025.03.30 17:04:21 aiogram.event        INFO     Update id=511590147 is handled. Duration 3 ms by bot id=8095621527
2025.03.30 17:04:22 aiogram.event        INFO     Update id=511590148 is handled. Duration 0 ms by bot id=8095621527
2025.03.30 17:04:23 aiogram.event        INFO     Update id=511590149 is handled. Duration 1 ms by bot id=8095621527
2025.03.30 17:04:24 aiogram.event        INFO     Update id=511590150 is handled. Duration 1 ms by bot id=8095621527
2025.03.30 17:04:26 aiogram.event        INFO     Update id=511590151 is handled. Duration 1 ms by bot id=8095621527
2025.03.30 17:04:28 aiogram.event        INFO     Update id=511590152 is handled. Duration 1 ms by bot id=8095621527
2025.03.30 17:04:28 aiogram.event        INFO     Update id=511590153 is handled. Duration 1 ms by bot id=8095621527
2025.03.30 17:04:31 aiogram.event        INFO     Update id=511590154 is handled. Duration 1 ms by bot id=8095621527
2025.03.30 17:04:31 aiogram.event        INFO     Update id=511590155 is handled. Duration 2 ms by bot id=8095621527
2025.03.30 17:04:38 aiogram.event        INFO     Update id=511590156 is handled. Duration 1 ms by bot id=8095621527
2025.03.30 17:04:42 aiogram.event        INFO     Update id=511590157 is handled. Duration 2 ms by bot id=8095621527
2025.03.30 17:04:46 aiogram.event        INFO     Update id=511590158 is handled. Duration 1 ms by bot id=8095621527
2025.03.30 17:04:51 aiogram.event        INFO     Update id=511590159 is not handled. Duration 1 ms by bot id=8095621527
2025.03.30 17:04:54 aiogram.event        INFO     Update id=511590160 is handled. Duration 1 ms by bot id=8095621527
2025.03.30 17:04:55 aiogram.event        INFO     Update id=511590161 is handled. Duration 1 ms by bot id=8095621527
2025.03.30 17:04:55 aiogram.event        INFO     Update id=511590162 is handled. Duration 5 ms by bot id=8095621527
2025.03.30 17:04:56 aiogram.event        INFO     Update id=511590163 is handled. Duration 1 ms by bot id=8095621527
2025.03.30 17:05:00 aiogram.event        INFO     Update id=511590164 is handled. Duration 1 ms by bot id=8095621527
2025.03.30 17:05:02 aiogram.event        INFO     Update id=511590165 is handled. Duration 1 ms by bot id=8095621527
2025.03.30 17:05:07 aiogram.event        INFO     Update id=511590166 is handled. Duration 1 ms by bot id=8095621527
2025.03.30 17:05:07 aiogram.event        INFO     Update id=511590167 is handled. Duration 1 ms by bot id=8095621527
2025.03.30 17:05:14 aiogram.event        INFO     Update id=511590168 is handled. Duration 1 ms by bot id=8095621527
2025.03.30 17:05:15 aiogram.event        INFO     Update id=511590169 is handled. Duration 2 ms by bot id=8095621527
2025.03.30 17:05:20 aiogram.event        INFO     Update id=511590170 is handled. Duration 1 ms by bot id=8095621527
2025.03.30 17:05:24 aiogram.event        INFO     Update id=511590171 is handled. Duration 1 ms by bot id=8095621527
2025.03.30 17:05:25 aiogram.event        INFO     Update id=511590172 is handled. Duration 1 ms by bot id=8095621527
2025.03.30 17:05:26 aiogram.event        INFO     Update id=511590173 is handled. Duration 2 ms by bot id=8095621527
2025.03.30 17:05:33 aiogram.event        INFO     Update id=511590174 is handled. Duration 1 ms by bot id=8095621527
2025.03.30 17:05:35 aiogram.event        INFO     Update id=511590175 is handled. Duration 1 ms by bot id=8095621527
2025.03.30 17:05:38 aiogram.event        INFO     Update id=511590176 is handled. Duration 1 ms by bot id=8095621527
2025.03.30 17:05:44 aiogram.event        INFO     Update id=511590177 is handled. Duration 1 ms by bot id=8095621527
2025.03.30 17:05:50 aiogram.event        INFO     Update id=511590178 is handled. Duration 2 ms by bot id=8095621527
2025.03.30 17:05:58 aiogram.event        INFO     Update id=511590179 is not handled. Duration 1 ms by bot id=8095621527
2025.03.30 17:06:12 aiogram.event        INFO     Update id=511590180 is handled. Duration 3 ms by bot id=8095621527
2025.03.30 17:06:15 aiogram.event        INFO     Update id=511590181 is handled. Duration 3 ms by bot id=8095621527
2025.03.30 17:06:15 aiogram.event        INFO     Update id=511590182 is not handled. Duration 1 ms by bot id=8095621527
2025.03.30 17:06:18 aiogram.event        INFO     Update id=511590183 is handled. Duration 1 ms by bot id=8095621527
2025.03.30 17:06:20 aiogram.event        INFO     Update id=511590184 is handled. Duration 1 ms by bot id=8095621527
2025.03.30 17:06:20 aiogram.event        INFO     Update id=511590185 is handled. Duration 1 ms by bot id=8095621527
2025.03.30 17:06:25 aiogram.event        INFO     Update id=511590186 is handled. Duration 2 ms by bot id=8095621527
2025.03.30 17:06:25 aiogram.event        INFO     Update id=511590187 is handled. Duration 2 ms by bot id=8095621527
2025.03.30 17:06:27 aiogram.event        INFO     Update id=511590188 is handled. Duration 1 ms by bot id=8095621527
2025.03.30 17:06:29 aiogram.event        INFO     Update id=511590189 is handled. Duration 1 ms by bot id=8095621527
2025.03.30 17:06:31 aiogram.event        INFO     Update id=511590190 is handled. Duration 1 ms by bot id=8095621527
2025.03.30 17:06:36 aiogram.event        INFO     Update id=511590191 is handled. Duration 1 ms by bot id=8095621527
2025.03.30 17:06:39 aiogram.event        INFO     Update id=511590192 is handled. Duration 1 ms by bot id=8095621527
2025.03.30 17:06:47 aiogram.event        INFO     Update id=511590193 is handled. Duration 1 ms by bot id=8095621527
2025.03.30 17:06:49 aiogram.event        INFO     Update id=511590194 is handled. Duration 1 ms by bot id=8095621527
2025.03.30 17:06:49 aiogram.event        INFO     Update id=511590195 is handled. Duration 1 ms by bot id=8095621527
2025.03.30 17:06:52 aiogram.event        INFO     Update id=511590196 is handled. Duration 1 ms by bot id=8095621527
2025.03.30 17:06:54 aiogram.event        INFO     Update id=511590197 is handled. Duration 1 ms by bot id=8095621527
2025.03.30 17:06:54 aiogram.event        INFO     Update id=511590198 is handled. Duration 1 ms by bot id=8095621527
2025.03.30 17:06:57 aiogram.event        INFO     Update id=511590199 is handled. Duration 1 ms by bot id=8095621527
2025.03.30 17:07:05 aiogram.event        INFO     Update id=511590200 is handled. Duration 1 ms by bot id=8095621527
2025.03.30 17:07:07 aiogram.event        INFO     Update id=511590201 is handled. Duration 1 ms by bot id=8095621527
2025.03.30 17:07:07 aiogram.event        INFO     Update id=511590202 is handled. Duration 1 ms by bot id=8095621527
2025.03.30 17:07:10 aiogram.event        INFO     Update id=511590203 is handled. Duration 1 ms by bot id=8095621527
2025.03.30 17:07:12 aiogram.event        INFO     Update id=511590204 is handled. Duration 1 ms by bot id=8095621527
2025.03.30 17:07:14 aiogram.event        INFO     Update id=511590205 is handled. Duration 1 ms by bot id=8095621527
2025.03.30 17:07:15 aiogram.event        INFO     Update id=511590206 is handled. Duration 1 ms by bot id=8095621527
2025.03.30 17:07:16 aiogram.event        INFO     Update id=511590207 is handled. Duration 1 ms by bot id=8095621527
2025.03.30 17:07:17 aiogram.event        INFO     Update id=511590208 is handled. Duration 1 ms by bot id=8095621527
2025.03.30 17:07:20 aiogram.event        INFO     Update id=511590209 is handled. Duration 1 ms by bot id=8095621527
2025.03.30 17:07:22 aiogram.event        INFO     Update id=511590210 is handled. Duration 1 ms by bot id=8095621527
2025.03.30 17:07:27 aiogram.event        INFO     Update id=511590211 is handled. Duration 1 ms by bot id=8095621527
2025.03.30 17:07:28 aiogram.event        INFO     Update id=511590212 is handled. Duration 1 ms by bot id=8095621527
2025.03.30 17:07:31 aiogram.event        INFO     Update id=511590213 is handled. Duration 1 ms by bot id=8095621527
2025.03.30 17:07:39 aiogram.event        INFO     Update id=511590214 is handled. Duration 1 ms by bot id=8095621527
2025.03.30 17:07:50 aiogram.event        INFO     Update id=511590215 is handled. Duration 1 ms by bot id=8095621527
2025.03.30 17:07:56 aiogram.event        INFO     Update id=511590216 is handled. Duration 1 ms by bot id=8095621527
2025.03.30 17:08:02 aiogram.event        INFO     Update id=511590217 is handled. Duration 3 ms by bot id=8095621527
2025.03.30 17:08:04 aiogram.event        INFO     Update id=511590218 is handled. Duration 1 ms by bot id=8095621527
2025.03.30 17:08:05 aiogram.event        INFO     Update id=511590219 is handled. Duration 1 ms by bot id=8095621527
2025.03.30 17:08:15 aiogram.event        INFO     Update id=511590220 is handled. Duration 1 ms by bot id=8095621527
2025.03.30 17:08:19 aiogram.event        INFO     Update id=511590221 is handled. Duration 0 ms by bot id=8095621527
2025.03.30 17:08:20 aiogram.event        INFO     Update id=511590222 is handled. Duration 1 ms by bot id=8095621527
2025.03.30 17:08:22 aiogram.event        INFO     Update id=511590223 is handled. Duration 3 ms by bot id=8095621527
2025.03.30 17:08:22 aiogram.event        INFO     Update id=511590224 is handled. Duration 1 ms by bot id=8095621527
2025.03.30 17:08:27 aiogram.event        INFO     Update id=511590225 is handled. Duration 1 ms by bot id=8095621527
2025.03.30 17:08:32 aiogram.event        INFO     Update id=511590226 is handled. Duration 1 ms by bot id=8095621527
2025.03.30 17:08:35 aiogram.event        INFO     Update id=511590227 is handled. Duration 0 ms by bot id=8095621527
2025.03.30 17:08:36 aiogram.event        INFO     Update id=511590228 is handled. Duration 1 ms by bot id=8095621527
2025.03.30 17:08:40 aiogram.event        INFO     Update id=511590229 is handled. Duration 2 ms by bot id=8095621527
2025.03.30 17:08:42 aiogram.event        INFO     Update id=511590230 is handled. Duration 1 ms by bot id=8095621527
2025.03.30 17:08:50 aiogram.event        INFO     Update id=511590231 is handled. Duration 1 ms by bot id=8095621527
2025.03.30 17:08:50 aiogram.event        INFO     Update id=511590232 is handled. Duration 1 ms by bot id=8095621527
2025.03.30 17:08:52 aiogram.event        INFO     Update id=511590233 is handled. Duration 1 ms by bot id=8095621527
2025.03.30 17:08:53 aiogram.event        INFO     Update id=511590234 is handled. Duration 2 ms by bot id=8095621527
2025.03.30 17:08:54 aiogram.event        INFO     Update id=511590235 is handled. Duration 0 ms by bot id=8095621527
2025.03.30 17:08:55 aiogram.event        INFO     Update id=511590236 is handled. Duration 1 ms by bot id=8095621527
2025.03.30 17:08:56 aiogram.event        INFO     Update id=511590237 is handled. Duration 2 ms by bot id=8095621527
2025.03.30 17:08:57 aiogram.event        INFO     Update id=511590238 is handled. Duration 1 ms by bot id=8095621527
2025.03.30 17:08:58 aiogram.event        INFO     Update id=511590239 is handled. Duration 1 ms by bot id=8095621527
2025.03.30 17:08:59 aiogram.event        INFO     Update id=511590240 is handled. Duration 2 ms by bot id=8095621527
2025.03.30 17:08:59 aiogram.event        INFO     Update id=511590241 is handled. Duration 1 ms by bot id=8095621527
2025.03.30 17:09:03 aiogram.event        INFO     Update id=511590242 is handled. Duration 1 ms by bot id=8095621527
2025.03.30 17:09:03 aiogram.event        INFO     Update id=511590243 is handled. Duration 1 ms by bot id=8095621527
2025.03.30 17:09:05 aiogram.event        INFO     Update id=511590244 is handled. Duration 1 ms by bot id=8095621527
2025.03.30 17:09:07 aiogram.event        INFO     Update id=511590245 is handled. Duration 1 ms by bot id=8095621527
2025.03.30 17:09:07 aiogram.event        INFO     Update id=511590246 is handled. Duration 1 ms by bot id=8095621527
2025.03.30 17:09:11 aiogram.event        INFO     Update id=511590247 is handled. Duration 1 ms by bot id=8095621527
2025.03.30 17:09:14 aiogram.event        INFO     Update id=511590248 is handled. Duration 1 ms by bot id=8095621527
2025.03.30 17:09:15 aiogram.event        INFO     Update id=511590249 is handled. Duration 1 ms by bot id=8095621527
2025.03.30 17:09:20 aiogram.event        INFO     Update id=511590250 is handled. Duration 1 ms by bot id=8095621527
2025.03.30 17:09:25 aiogram.event        INFO     Update id=511590251 is handled. Duration 2 ms by bot id=8095621527
2025.03.30 17:09:25 aiogram.event        INFO     Update id=511590252 is handled. Duration 1 ms by bot id=8095621527
2025.03.30 17:09:28 aiogram.event        INFO     Update id=511590253 is handled. Duration 3 ms by bot id=8095621527
2025.03.30 17:09:29 aiogram.event        INFO     Update id=511590254 is handled. Duration 1 ms by bot id=8095621527
2025.03.30 17:09:32 aiogram.event        INFO     Update id=511590255 is handled. Duration 1 ms by bot id=8095621527
2025.03.30 17:09:33 aiogram.event        INFO     Update id=511590256 is handled. Duration 0 ms by bot id=8095621527
2025.03.30 17:09:35 aiogram.event        INFO     Update id=511590257 is handled. Duration 1 ms by bot id=8095621527
2025.03.30 17:09:37 aiogram.event        INFO     Update id=511590258 is handled. Duration 1 ms by bot id=8095621527
2025.03.30 17:09:38 aiogram.event        INFO     Update id=511590259 is handled. Duration 2 ms by bot id=8095621527
2025.03.30 17:09:44 aiogram.event        INFO     Update id=511590260 is handled. Duration 2 ms by bot id=8095621527
2025.03.30 17:09:44 aiogram.event        INFO     Update id=511590261 is handled. Duration 1 ms by bot id=8095621527
2025.03.30 17:09:46 aiogram.event        INFO     Update id=511590262 is handled. Duration 1 ms by bot id=8095621527
2025.03.30 17:09:48 aiogram.event        INFO     Update id=511590263 is handled. Duration 1 ms by bot id=8095621527
2025.03.30 17:09:50 aiogram.event        INFO     Update id=511590264 is handled. Duration 0 ms by bot id=8095621527
2025.03.30 17:10:07 aiogram.event        INFO     Update id=511590265 is handled. Duration 1 ms by bot id=8095621527
2025.03.30 17:10:14 aiogram.event        INFO     Update id=511590266 is handled. Duration 1 ms by bot id=8095621527
2025.03.30 17:10:18 aiogram.event        INFO     Update id=511590267 is handled. Duration 1 ms by bot id=8095621527
2025.03.30 17:10:22 aiogram.event        INFO     Update id=511590268 is handled. Duration 5 ms by bot id=8095621527
2025.03.30 17:10:23 aiogram.event        INFO     Update id=511590269 is handled. Duration 2 ms by bot id=8095621527
2025.03.30 17:10:23 aiogram.event        INFO     Update id=511590270 is handled. Duration 1 ms by bot id=8095621527
2025.03.30 17:10:28 aiogram.event        INFO     Update id=511590271 is handled. Duration 2 ms by bot id=8095621527
2025.03.30 17:10:32 aiogram.event        INFO     Update id=511590272 is handled. Duration 1 ms by bot id=8095621527
2025.03.30 17:10:32 aiogram.event        INFO     Update id=511590273 is handled. Duration 2 ms by bot id=8095621527
2025.03.30 17:10:36 aiogram.event        INFO     Update id=511590274 is handled. Duration 0 ms by bot id=8095621527
2025.03.30 17:10:42 aiogram.event        INFO     Update id=511590275 is handled. Duration 0 ms by bot id=8095621527
2025.03.30 17:10:45 aiogram.event        INFO     Update id=511590276 is handled. Duration 2 ms by bot id=8095621527
2025.03.30 17:10:56 aiogram.event        INFO     Update id=511590277 is not handled. Duration 1 ms by bot id=8095621527
2025.03.30 17:10:58 aiogram.event        INFO     Update id=511590278 is handled. Duration 1 ms by bot id=8095621527
2025.03.30 17:10:58 aiogram.event        INFO     Update id=511590279 is handled. Duration 1 ms by bot id=8095621527
2025.03.30 17:10:59 aiogram.event        INFO     Update id=511590280 is handled. Duration 1 ms by bot id=8095621527
2025.03.30 17:11:00 aiogram.event        INFO     Update id=511590281 is handled. Duration 2 ms by bot id=8095621527
2025.03.30 17:11:02 aiogram.event        INFO     Update id=511590282 is handled. Duration 2 ms by bot id=8095621527
2025.03.30 17:11:08 aiogram.event        INFO     Update id=511590283 is handled. Duration 2 ms by bot id=8095621527
2025.03.30 17:11:14 aiogram.event        INFO     Update id=511590284 is handled. Duration 1 ms by bot id=8095621527
2025.03.30 17:11:16 aiogram.event        INFO     Update id=511590285 is handled. Duration 0 ms by bot id=8095621527
2025.03.30 17:11:17 aiogram.event        INFO     Update id=511590286 is handled. Duration 1 ms by bot id=8095621527
2025.03.30 17:11:22 aiogram.event        INFO     Update id=511590287 is handled. Duration 1 ms by bot id=8095621527
2025.03.30 17:11:24 aiogram.event        INFO     Update id=511590288 is handled. Duration 1 ms by bot id=8095621527
2025.03.30 17:11:29 aiogram.event        INFO     Update id=511590289 is handled. Duration 2 ms by bot id=8095621527
2025.03.30 17:11:32 aiogram.event        INFO     Update id=511590290 is handled. Duration 1 ms by bot id=8095621527
2025.03.30 17:11:35 aiogram.event        INFO     Update id=511590291 is handled. Duration 3 ms by bot id=8095621527
2025.03.30 17:11:35 aiogram.event        INFO     Update id=511590292 is handled. Duration 1 ms by bot id=8095621527
2025.03.30 17:11:37 aiogram.event        INFO     Update id=511590293 is not handled. Duration 1 ms by bot id=8095621527
2025.03.30 17:12:00 aiogram.event        INFO     Update id=511590294 is handled. Duration 1 ms by bot id=8095621527
2025.03.30 17:12:04 aiogram.event        INFO     Update id=511590295 is handled. Duration 1 ms by bot id=8095621527
2025.03.30 17:12:05 aiogram.event        INFO     Update id=511590296 is not handled. Duration 2 ms by bot id=8095621527
2025.03.30 17:12:05 aiogram.event        INFO     Update id=511590297 is handled. Duration 0 ms by bot id=8095621527
2025.03.30 17:12:07 aiogram.event        INFO     Update id=511590298 is handled. Duration 0 ms by bot id=8095621527
2025.03.30 17:12:08 aiogram.event        INFO     Update id=511590299 is handled. Duration 1 ms by bot id=8095621527
2025.03.30 17:12:12 aiogram.event        INFO     Update id=511590300 is handled. Duration 1 ms by bot id=8095621527
2025.03.30 17:12:13 aiogram.event        INFO     Update id=511590301 is handled. Duration 1 ms by bot id=8095621527
2025.03.30 17:12:14 aiogram.event        INFO     Update id=511590302 is handled. Duration 1 ms by bot id=8095621527
2025.03.30 17:12:15 aiogram.event        INFO     Update id=511590303 is handled. Duration 1 ms by bot id=8095621527
2025.03.30 17:12:16 aiogram.event        INFO     Update id=511590304 is handled. Duration 1 ms by bot id=8095621527
2025.03.30 17:12:16 aiogram.event        INFO     Update id=511590305 is handled. Duration 1 ms by bot id=8095621527
2025.03.30 17:12:21 aiogram.event        INFO     Update id=511590306 is handled. Duration 1 ms by bot id=8095621527
2025.03.30 17:12:22 aiogram.event        INFO     Update id=511590307 is handled. Duration 1 ms by bot id=8095621527
2025.03.30 17:12:25 aiogram.event        INFO     Update id=511590308 is handled. Duration 1 ms by bot id=8095621527
2025.03.30 17:12:27 aiogram.event        INFO     Update id=511590309 is handled. Duration 1 ms by bot id=8095621527
2025.03.30 17:12:36 aiogram.event        INFO     Update id=511590310 is handled. Duration 1 ms by bot id=8095621527
2025.03.30 17:12:46 aiogram.event        INFO     Update id=511590311 is handled. Duration 1 ms by bot id=8095621527
2025.03.30 17:12:49 aiogram.event        INFO     Update id=511590312 is handled. Duration 1 ms by bot id=8095621527
